Attribute,Index,Clean Value,Cleaned Value
beer_name,1,Pub Beer,pub beer
beer_name,2,Devil's Cup,devil's cup
beer_name,3,Rise of the Phoenix,rise of the phoenix
beer_name,4,Sinister,sinister
beer_name,5,Sex and Candy,sex and candy
beer_name,6,Black Exodus,black exodus
beer_name,7,Lake Street Express,lake street express
beer_name,8,Foreman,foreman
beer_name,9,Jade,jade
beer_name,10,Cone Crusher,cone crusher
beer_name,11,Sophomoric Saison,sophomoric saison
beer_name,12,Regional Ring Of Fire,regional ring of fire
beer_name,13,Garce Selé,garce selé
beer_name,14,Troll Destroyer,troll destroyer
beer_name,15,Bitter Bitch,bitter bitch
beer_name,16,Ginja Ninja,ginja ninja
beer_name,17,Cherried Away,cherried away
beer_name,18,Rhubarbarian,rhubarbarian
beer_name,19,BrightCider,brightcider
beer_name,20,He Said Baltic-Style Porter,he said baltic-style porter
beer_name,21,He Said Belgian-Style Tripel,he said belgian-style tripel
beer_name,22,Lower De Boom,lower de boom
beer_name,23,Fireside Chat,fireside chat
beer_name,24,Marooned On Hog Island,marooned on hog island
beer_name,25,Bitter American,bitter american
beer_name,26,Hell or High Watermelon Wheat (2009),hell or high watermelon wheat (2009)
beer_name,27,Hell or High Watermelon Wheat (2009),hell or high watermelon wheat (2009)
beer_name,28,21st Amendment Watermelon Wheat Beer (2006),21st amendment watermelon wheat beer (2006)
beer_name,29,21st Amendment IPA (2006),21st amendment ipa (2006)
beer_name,30,Brew Free! or Die IPA (2008),brew free! or die ipa (2008)
beer_name,31,Brew Free! or Die IPA (2009),brew free! or die ipa (2009)
beer_name,32,Special Edition: Allies Win The War!,special edition: allies win the war!
beer_name,33,Hop Crisis,hop crisis
beer_name,34,Bitter American (2011),bitter american (2011)
beer_name,35,Fireside Chat (2010),fireside chat (2010)
beer_name,36,Back in Black,back in black
beer_name,37,Monk's Blood,monk's blood
beer_name,38,Brew Free! or Die IPA,brew free! or die ipa
beer_name,39,Hell or High Watermelon Wheat,hell or high watermelon wheat
beer_name,40,Bimini Twist,bimini twist
beer_name,41,Beach Blonde,beach blonde
beer_name,42,Rod Bender Red,rod bender red
beer_name,43,Passion Fruit Prussia,passion fruit prussia
beer_name,44,Send Help,send help
beer_name,45,Cast Iron Oatmeal Brown,cast iron oatmeal brown
beer_name,46,Reprise Centennial Red,reprise centennial red
beer_name,47,Alter Ego,alter ego
beer_name,48,Divided Sky,divided sky
beer_name,49,Resurrected,resurrected
beer_name,50,Contact High,contact high
beer_name,51,Galaxyfest,galaxyfest
beer_name,52,Citrafest,citrafest
beer_name,53,Barn Yeti,barn yeti
beer_name,54,Scarecrow,scarecrow
beer_name,55,Ironman,ironman
beer_name,56,Honey Kolsch,honey kolsch
beer_name,57,Copperhead Amber,copperhead amber
beer_name,58,Rude Parrot IPA,rude parrot ipa
beer_name,59,British Pale Ale (2010),british pale ale (2010)
beer_name,60,British Pale Ale,british pale ale
beer_name,61,Ballz Deep Double IPA,ballz deep double ipa
beer_name,62,Wolfman's Berliner,wolfman's berliner
beer_name,63,Colorado Native,colorado native
beer_name,64,Colorado Native (2011),colorado native (2011)
beer_name,65,Jockamo IPA,jockamo ipa
beer_name,66,Purple Haze,purple haze
beer_name,67,Abita Amber,abita amber
beer_name,68,Citra Ass Down,citra ass down
beer_name,69,The Brown Note,the brown note
beer_name,70,Citra Ass Down,citra ass down
beer_name,71,London Balling,london balling
beer_name,72,35 K,35 k
beer_name,73,A Beer,a beer
beer_name,74,Rules are Rules,rules are rules
beer_name,75,Flesh Gourd'n,flesh gourd'n
beer_name,76,Sho'nuff,sho'nuff
beer_name,77,Bloody Show,bloody show
beer_name,78,Rico Sauvin,rico sauvin
beer_name,79,Coq de la Marche,coq de la marche
beer_name,80,Kamen Knuddeln,kamen knuddeln
beer_name,81,Pile of Face,pile of face
beer_name,82,The Brown Note,the brown note
beer_name,83,Maylani's Coconut Stout,maylani's coconut stout
beer_name,84,Oatmeal PSA,oatmeal psa
beer_name,85,Pre Flight Pilsner,pre flight pilsner
beer_name,86,P-Town Pilsner,p-town pilsner
beer_name,87,Klickitat Pale Ale,klickitat pale ale
beer_name,88,Yellow Wolf Imperial IPA,yellow wolf imperial ipa
beer_name,89,Freeride APA,freeride apa
beer_name,90,Alaskan Amber,alaskan amber
beer_name,91,Hopalicious,hopalicious
beer_name,92,Kentucky K?lsch,kentucky k?lsch
beer_name,93,Kentucky IPA,kentucky ipa
beer_name,94,Dusty Trail Pale Ale,dusty trail pale ale
beer_name,95,Damnesia,damnesia
beer_name,96,Desolation IPA,desolation ipa
beer_name,97,Liberty Ale,liberty ale
beer_name,98,IPA,ipa
beer_name,99,Summer Wheat,summer wheat
beer_name,100,California Lager,california lager
beer_name,101,Brotherhood Steam,brotherhood steam
beer_name,102,Blood Orange Gose,blood orange gose
beer_name,103,Keebarlin' Pale Ale,keebarlin' pale ale
beer_name,104,"the Kimmie, the Yink and the Holy Gose","the kimmie, the yink and the holy gose"
beer_name,105,Fall Hornin',fall hornin'
beer_name,106,Barney Flats Oatmeal Stout,barney flats oatmeal stout
beer_name,107,Summer Solstice,summer solstice
beer_name,108,Hop Ottin' IPA,hop ottin' ipa
beer_name,109,Boont Amber Ale,boont amber ale
beer_name,110,Barney Flats Oatmeal Stout,barney flats oatmeal stout
beer_name,111,El Steinber Dark Lager,el steinber dark lager
beer_name,112,Boont Amber Ale (2010),boont amber ale (2010)
beer_name,113,Summer Solstice Cerveza Crema (2009),summer solstice cerveza crema (2009)
beer_name,114,Barney Flats Oatmeal Stout (2012),barney flats oatmeal stout (2012)
beer_name,115,Winter Solstice,winter solstice
beer_name,116,Hop Ottin' IPA (2011),hop ottin' ipa (2011)
beer_name,117,Boont Amber Ale (2011),boont amber ale (2011)
beer_name,118,Summer Solstice (2011),summer solstice (2011)
beer_name,119,Poleeko Gold Pale Ale (2009),poleeko gold pale ale (2009)
beer_name,120,Charlie's Rye IPA,charlie's rye ipa
beer_name,121,River Pig Pale Ale,river pig pale ale
beer_name,122,Oaky's Oatmeal Stout,oaky's oatmeal stout
beer_name,123,Angry Orchard Apple Ginger,angry orchard apple ginger
beer_name,124,Angry Orchard Crisp Apple,angry orchard crisp apple
beer_name,125,Angry Orchard Crisp Apple,angry orchard crisp apple
beer_name,126,Golden One,golden one
beer_name,127,Arjuna,arjuna
beer_name,128,Uroboros,uroboros
beer_name,129,Long Leaf,long leaf
beer_name,130,Honey Badger Blonde,honey badger blonde
beer_name,131,Porter (a/k/a Black Gold Porter),porter (a/k/a black gold porter)
beer_name,132,Sky High Rye,sky high rye
beer_name,133,Whitsun,whitsun
beer_name,134,On-On Ale (2008),on-on ale (2008)
beer_name,135,Quakertown Stout,quakertown stout
beer_name,136,Greenbelt Farmhouse Ale,greenbelt farmhouse ale
beer_name,137,Mo's Gose,mo's gose
beer_name,138,Green Bullet Organic India Pale Ale,green bullet organic india pale ale
beer_name,139,Rocket Girl,rocket girl
beer_name,140,Ninja Porter,ninja porter
beer_name,141,Shiva IPA,shiva ipa
beer_name,142,Aslan K?lsch,aslan k?lsch
beer_name,143,Aslan IPA,aslan ipa
beer_name,144,Aslan Amber,aslan amber
beer_name,145,This Season's Blonde,this season's blonde
beer_name,146,Independence Pass Ale,independence pass ale
beer_name,147,Trolley Stop Stout,trolley stop stout
beer_name,148,Bitter Bitch Imperial IPA,bitter bitch imperial ipa
beer_name,149,Poop Deck Porter,poop deck porter
beer_name,150,Old Red Beard Amber Ale,old red beard amber ale
beer_name,151,Hop A-Peel,hop a-peel
beer_name,152,Vanilla Java Porter,vanilla java porter
beer_name,153,Michelada,michelada
beer_name,154,Dirty Blonde Ale,dirty blonde ale
beer_name,155,Grand Circus IPA,grand circus ipa
beer_name,156,Atwater's Lager,atwater's lager
beer_name,157,Heavy Machinery IPA Series #1: Heavy Fist,heavy machinery ipa series #1: heavy fist
beer_name,158,Fire Eagle IPA,fire eagle ipa
beer_name,159,Peacemaker,peacemaker
beer_name,160,Pearl-Snap,pearl-snap
beer_name,161,Black Thunder,black thunder
beer_name,162,Raja,raja
beer_name,163,Perzik Saison,perzik saison
beer_name,164,Avery Joe’s Premium American Pilsner,avery joe’s premium american pilsner
beer_name,165,White Rascal,white rascal
beer_name,166,Avery India Pale Ale,avery india pale ale
beer_name,167,Ellie’s Brown Ale,ellie’s brown ale
beer_name,168,Pumpkin Beast,pumpkin beast
beer_name,169,OktoberBeast,oktoberbeast
beer_name,170,Mad Beach,mad beach
beer_name,171,Hog Wild India Pale Ale,hog wild india pale ale
beer_name,172,Devils Tramping Ground Tripel,devils tramping ground tripel
beer_name,173,Hot Rod Red,hot rod red
beer_name,174,Palate Mallet,palate mallet
beer_name,175,Back East Porter,back east porter
beer_name,176,Back East Golden Ale,back east golden ale
beer_name,177,Misty Mountain IPA,misty mountain ipa
beer_name,178,Back East Ale,back east ale
beer_name,179,Truck Stop Honey Brown Ale,truck stop honey brown ale
beer_name,180,Naked Pig Pale Ale,naked pig pale ale
beer_name,181,Topcutter India Pale Ale,topcutter india pale ale
beer_name,182,Field 41 Pale Ale,field 41 pale ale
beer_name,183,Grapefruit Sculpin,grapefruit sculpin
beer_name,184,Even Keel,even keel
beer_name,185,Ballast Point Pale Ale,ballast point pale ale
beer_name,186,Big Eye India Pale Ale,big eye india pale ale
beer_name,187,Longfin Lager,longfin lager
beer_name,188,Sculpin IPA,sculpin ipa
beer_name,189,All Nighter Ale,all nighter ale
beer_name,190,Banner American Rye,banner american rye
beer_name,191,Banner American Ale,banner american ale
beer_name,192,Thai.p.a,thai.p.a
beer_name,193,Barrio Blanco,barrio blanco
beer_name,194,Barrio Tucson Blonde,barrio tucson blonde
beer_name,195,Hop in the ‘Pool Helles,hop in the ‘pool helles
beer_name,196,Ultra Gnar Gnar IPA,ultra gnar gnar ipa
beer_name,197,In-Tents India Pale Lager,in-tents india pale lager
beer_name,198,Lost Meridian Wit,lost meridian wit
beer_name,199,Celestial Meridian Cascadian Dark Lager,celestial meridian cascadian dark lager
beer_name,200,Wagon Party,wagon party
beer_name,201,Sky-Five,sky-five
beer_name,202,Stargrazer,stargrazer
beer_name,203,Wonderstuff,wonderstuff
beer_name,204,Tarnation California-Style Lager,tarnation california-style lager
beer_name,205,On the Count of 3 (2015),on the count of 3 (2015)
beer_name,206,Summer Swelter,summer swelter
beer_name,207,Phantom Punch Winter Stout,phantom punch winter stout
beer_name,208,Hayride Autumn Ale,hayride autumn ale
beer_name,209,Celsius Summer Ale (2012),celsius summer ale (2012)
beer_name,210,Amber Road,amber road
beer_name,211,Pamola Xtra Pale Ale,pamola xtra pale ale
beer_name,212,Stowaway IPA,stowaway ipa
beer_name,213,Hoptopus Double IPA,hoptopus double ipa
beer_name,214,Watermelon Ale,watermelon ale
beer_name,215,Fenway American Pale Ale,fenway american pale ale
beer_name,216,Back Bay IPA,back bay ipa
beer_name,217,Bunker Hill Blueberry Ale,bunker hill blueberry ale
beer_name,218,Oberon,oberon
beer_name,219,Smitten,smitten
beer_name,220,Winter White,winter white
beer_name,221,Oberon,oberon
beer_name,222,Two Hearted,two hearted
beer_name,223,Best Brown,best brown
beer_name,224,Moar,moar
beer_name,225,Uber Lupin Schwarz IPA,uber lupin schwarz ipa
beer_name,226,Nordic Blonde,nordic blonde
beer_name,227,Cold Press,cold press
beer_name,228,Harness the Winter,harness the winter
beer_name,229,14° ESB,14° esb
beer_name,230,Bent Hop Golden IPA,bent hop golden ipa
beer_name,231,Bent Paddle Black Ale,bent paddle black ale
beer_name,232,Venture Pils,venture pils
beer_name,233,Lost Sailor IPA,lost sailor ipa
beer_name,234,Steel Rail Extra Pale Ale,steel rail extra pale ale
beer_name,235,La Frontera Premium IPA,la frontera premium ipa
beer_name,236,Tejas Lager,tejas lager
beer_name,237,Number 22 Porter,number 22 porter
beer_name,238,Big Bend Hefeweizen,big bend hefeweizen
beer_name,239,Terlingua Gold,terlingua gold
beer_name,240,Aprè Shred,aprè shred
beer_name,241,Hemlock Double IPA,hemlock double ipa
beer_name,242,West Portal Colorado Common Summer Ale,west portal colorado common summer ale
beer_name,243,Disconnected Red,disconnected red
beer_name,244,Big Elm IPA,big elm ipa
beer_name,245,Gerry Dog Stout,gerry dog stout
beer_name,246,413 Farmhouse Ale,413 farmhouse ale
beer_name,247,Dark Star,dark star
beer_name,248,Ryecoe,ryecoe
beer_name,249,Blueberry Blonde,blueberry blonde
beer_name,250,Galaxy IPA,galaxy ipa
beer_name,251,Big River Pilsner,big river pilsner
beer_name,252,House Brand IPA,house brand ipa
beer_name,253,Big Sky IPA,big sky ipa
beer_name,254,Scape Goat Pale Ale,scape goat pale ale
beer_name,255,Montana Trout Slayer Ale,montana trout slayer ale
beer_name,256,Moose Drool Brown Ale,moose drool brown ale
beer_name,257,Powder Hound Winter Ale,powder hound winter ale
beer_name,258,Moose Drool Brown Ale (2011),moose drool brown ale (2011)
beer_name,259,Montana Trout Slayer Ale (2012),montana trout slayer ale (2012)
beer_name,260,Big Sky IPA (2012),big sky ipa (2012)
beer_name,261,Summer Honey,summer honey
beer_name,262,Scape Goat Pale Ale (2010),scape goat pale ale (2010)
beer_name,263,Montana Trout Slayer Ale (2009),montana trout slayer ale (2009)
beer_name,264,Moose Drool Brown Ale (2009),moose drool brown ale (2009)
beer_name,265,Arcus IPA,arcus ipa
beer_name,266,Wavemaker,wavemaker
beer_name,267,Jack Pine Savage,jack pine savage
beer_name,268,Forest Fire Imperial Smoked Rye,forest fire imperial smoked rye
beer_name,269,Bad Axe Imperial IPA,bad axe imperial ipa
beer_name,270,Morning Wood,morning wood
beer_name,271,Bark Bite IPA,bark bite ipa
beer_name,272,Jalapeno Pale Ale,jalapeno pale ale
beer_name,273,Blown Out Brown,blown out brown
beer_name,274,Single Hop Ale,single hop ale
beer_name,275,Sawtooth Ale,sawtooth ale
beer_name,276,Saucy Intruder,saucy intruder
beer_name,277,Deception,deception
beer_name,278,Blackmarket Rye IPA,blackmarket rye ipa
beer_name,279,Black Market Hefeweizen,black market hefeweizen
beer_name,280,Aftermath Pale Ale,aftermath pale ale
beer_name,281,American India Red Ale,american india red ale
beer_name,282,American Red Porter,american red porter
beer_name,283,American Red Saison,american red saison
beer_name,284,Colorado Red Ale,colorado red ale
beer_name,285,Saddle Bronc Brown Ale,saddle bronc brown ale
beer_name,286,Bomber Mountain Amber Ale,bomber mountain amber ale
beer_name,287,Flying Sailor,flying sailor
beer_name,288,Nordskye,nordskye
beer_name,289,North Third Stout,north third stout
beer_name,290,Honey Lav,honey lav
beer_name,291,Coconut Brown Ale,coconut brown ale
beer_name,292,51K IPA,51k ipa
beer_name,293,Grand Rabbits,grand rabbits
beer_name,294,1800 Big Log Wheat (2012),1800 big log wheat (2012)
beer_name,295,Double Play Pilsner,double play pilsner
beer_name,296,Brewerhood Brown Ale,brewerhood brown ale
beer_name,297,Last Call Imperial Amber Ale,last call imperial amber ale
beer_name,298,Pernicious Double IPA,pernicious double ipa
beer_name,299,6-4-3 Double Play Pilsner,6-4-3 double play pilsner
beer_name,300,N Street Drive-In 50th Anniversary IPA,n street drive-in 50th anniversary ipa
beer_name,301,467 Ethan's Stout,467 ethan's stout
beer_name,302,1335 Wicked Snout,1335 wicked snout
beer_name,303,543 Skull Creek Fresh Hopped Pale Ale,543 skull creek fresh hopped pale ale
beer_name,304,1327 Pod's ESB,1327 pod's esb
beer_name,305,1327 Pod's ESB,1327 pod's esb
beer_name,306,1327 Pod's ESB,1327 pod's esb
beer_name,307,834 Happy As Ale,834 happy as ale
beer_name,308,Yellow Collar,yellow collar
beer_name,309,Green Collar,green collar
beer_name,310,Quarter Mile Double IPA,quarter mile double ipa
beer_name,311,Full Nelson Pale Ale,full nelson pale ale
beer_name,312,Steel Wheels ESB,steel wheels esb
beer_name,313,Blue Mountain Classic Lager,blue mountain classic lager
beer_name,314,Full Nelson Pale Ale (2010),full nelson pale ale (2010)
beer_name,315,K?lsch 151,k?lsch 151
beer_name,316,Professor Black,professor black
beer_name,317,Little Boss,little boss
beer_name,318,Van Dayum!,van dayum!
beer_name,319,Spirit Animal,spirit animal
beer_name,320,Toxic Sludge,toxic sludge
beer_name,321,Blue Point White IPA,blue point white ipa
beer_name,322,Blue Point Summer Ale,blue point summer ale
beer_name,323,Toasted Lager,toasted lager
beer_name,324,Bohemian Export Lager,bohemian export lager
beer_name,325,Altus Bohemes Altbier,altus bohemes altbier
beer_name,326,Cherny Bock,cherny bock
beer_name,327,Czech Pilsner,czech pilsner
beer_name,328,Viennese Lager,viennese lager
beer_name,329,Mad Manatee IPA,mad manatee ipa
beer_name,330,Killer Whale Cream Ale,killer whale cream ale
beer_name,331,Duke's Cold Nose Brown Ale,duke's cold nose brown ale
beer_name,332,Longhop IPA,longhop ipa
beer_name,333,Lucky Buck,lucky buck
beer_name,334,Bomb Lager (New Recipe),bomb lager (new recipe)
beer_name,335,Bomb Lager (Old Recipe),bomb lager (old recipe)
beer_name,336,Firestarter India Pale Ale,firestarter india pale ale
beer_name,337,Kilt Dropper Scotch Ale,kilt dropper scotch ale
beer_name,338,Wood Splitter Pilsner,wood splitter pilsner
beer_name,339,Gyptoberfest,gyptoberfest
beer_name,340,Farmer Wirtz India Pale Ale,farmer wirtz india pale ale
beer_name,341,Slow & Steady Golden Ale,slow & steady golden ale
beer_name,342,Pink-I Raspberry IPA,pink-i raspberry ipa
beer_name,343,Moe's Original Bar B Que 'Bama Brew Golden Ale,moe's original bar b que 'bama brew golden ale
beer_name,344,Live Local Golden Ale,live local golden ale
beer_name,345,Screaming Eagle Special Ale ESB,screaming eagle special ale esb
beer_name,346,Dirtbag Dunkel,dirtbag dunkel
beer_name,347,Kindler Pale Ale,kindler pale ale
beer_name,348,Mistress Winter Wheat,mistress winter wheat
beer_name,349,Tent Pole Vanilla Porter,tent pole vanilla porter
beer_name,350,Awry Rye Pale Ale,awry rye pale ale
beer_name,351,Demshitz Brown Ale,demshitz brown ale
beer_name,352,Wood Splitter Pilsner (2012),wood splitter pilsner (2012)
beer_name,353,Brush Creek Blonde,brush creek blonde
beer_name,354,Firestarter India Pale Ale,firestarter india pale ale
beer_name,355,Noche Dulce,noche dulce
beer_name,356,Porch Rocker,porch rocker
beer_name,357,Rebel IPA,rebel ipa
beer_name,358,Cold Snap,cold snap
beer_name,359,Samuel Adams Winter Lager,samuel adams winter lager
beer_name,360,Boston Lager,boston lager
beer_name,361,Boston Lager,boston lager
beer_name,362,Samuel Adams Octoberfest,samuel adams octoberfest
beer_name,363,Samuel Adams Summer Ale,samuel adams summer ale
beer_name,364,Boston Lager,boston lager
beer_name,365,Hazed & Infused,hazed & infused
beer_name,366,Hoopla Pale Ale,hoopla pale ale
beer_name,367,Hazed & Infused (2010),hazed & infused (2010)
beer_name,368,Heavy Lifting,heavy lifting
beer_name,370,Mango Ginger,mango ginger
beer_name,371,Passenger,passenger
beer_name,372,Plum St. Porter,plum st. porter
beer_name,373,Plum St. Porter,plum st. porter
beer_name,374,Bozone HopZone IPA,bozone hopzone ipa
beer_name,375,Bozone Hefe Weizen,bozone hefe weizen
beer_name,376,Bozone Select Amber Ale,bozone select amber ale
beer_name,377,Evil Owl,evil owl
beer_name,378,Post Time K?lsch,post time k?lsch
beer_name,379,Agave Wheat,agave wheat
beer_name,380,SummerBright Ale,summerbright ale
beer_name,381,Lucky U IPA,lucky u ipa
beer_name,382,Avalanche Ale,avalanche ale
beer_name,383,"You're My Boy, Blue","you're my boy, blue"
beer_name,384,Last Stop IPA,last stop ipa
beer_name,385,Rollin Dirty Red Ale,rollin dirty red ale
beer_name,386,Are Wheat There Yet?,are wheat there yet?
beer_name,387,Insert Hop Reference,insert hop reference
beer_name,388,Manitou Amber,manitou amber
beer_name,389,Belfort,belfort
beer_name,390,Star Runner,star runner
beer_name,391,Tart Side of the Barrel,tart side of the barrel
beer_name,392,Linnaeus Mango IPA,linnaeus mango ipa
beer_name,393,Beasts A'Burnin',beasts a'burnin'
beer_name,394,Verdun,verdun
beer_name,395,Barrel Aged Triomphe,barrel aged triomphe
beer_name,396,Cherry Doppelbock,cherry doppelbock
beer_name,397,Tropical Saison,tropical saison
beer_name,398,Beach Patrol,beach patrol
beer_name,399,Nuit Serpent,nuit serpent
beer_name,400,Paris,paris
beer_name,401,The Grand Army,the grand army
beer_name,402,Acidulated Trip,acidulated trip
beer_name,403,Root Stock,root stock
beer_name,404,Mind Games,mind games
beer_name,405,Sous Chef,sous chef
beer_name,406,Dubbelicious,dubbelicious
beer_name,407,Psychopomp,psychopomp
beer_name,408,Fat Paczki,fat paczki
beer_name,409,Earth-Like Planets,earth-like planets
beer_name,410,Ski Patrol,ski patrol
beer_name,411,Viking Ice Hole,viking ice hole
beer_name,412,Rye Porter,rye porter
beer_name,413,Wizard Burial Ground,wizard burial ground
beer_name,414,Smoky Wheat,smoky wheat
beer_name,415,BRIPA,bripa
beer_name,416,Mela,mela
beer_name,417,W.I.P.A Snappa,w.i.p.a snappa
beer_name,418,Pepper in the Rye,pepper in the rye
beer_name,419,Moe Lasses',moe lasses'
beer_name,420,Pumpkin Tart,pumpkin tart
beer_name,421,Undertaker,undertaker
beer_name,422,Undertaker (2014),undertaker (2014)
beer_name,423,Coq D'Or,coq d'or
beer_name,424,North French,north french
beer_name,425,Agent a Deux,agent a deux
beer_name,426,Belgian Wit,belgian wit
beer_name,427,Pothole Stout,pothole stout
beer_name,428,Tree Bucket,tree bucket
beer_name,429,Le Flaneur Ale,le flaneur ale
beer_name,430,Maize & Blueberry,maize & blueberry
beer_name,431,Trebuchet Double IPA,trebuchet double ipa
beer_name,432,Contemplation,contemplation
beer_name,433,Black Rabbit,black rabbit
beer_name,434,Zaison,zaison
beer_name,435,Vivant Tripel,vivant tripel
beer_name,436,Tart Side of the Moon,tart side of the moon
beer_name,437,Big Red Coq,big red coq
beer_name,438,Hubris Quadrupel Anniversary Ale,hubris quadrupel anniversary ale
beer_name,439,Plow Horse Belgian Style Imperial Stout,plow horse belgian style imperial stout
beer_name,440,Escoffier Bretta Ale,escoffier bretta ale
beer_name,441,Contemplation (2012),contemplation (2012)
beer_name,442,Vivant Belgian Style Imperial Stout (2012),vivant belgian style imperial stout (2012)
beer_name,443,Big Red Coq (2012),big red coq (2012)
beer_name,444,Zaison (2012),zaison (2012)
beer_name,445,Vivant Tripel (2012),vivant tripel (2012)
beer_name,446,Trebuchet Double IPA (2012),trebuchet double ipa (2012)
beer_name,447,Kludde,kludde
beer_name,448,Farm Hand,farm hand
beer_name,449,Solitude,solitude
beer_name,450,Triomphe,triomphe
beer_name,451,Tampa Pale Ale,tampa pale ale
beer_name,452,Orange Grove Wheat Ale,orange grove wheat ale
beer_name,453,Broad Brook Ale,broad brook ale
beer_name,454,Northern Lights Amber Ale,northern lights amber ale
beer_name,455,Polar Pale Ale,polar pale ale
beer_name,456,Chugach Session Ale,chugach session ale
beer_name,457,Fairweather IPA,fairweather ipa
beer_name,458,East India Pale Ale,east india pale ale
beer_name,459,Brooklyn Summer Ale,brooklyn summer ale
beer_name,460,East India Pale Ale,east india pale ale
beer_name,461,Brooklyn Summer Ale (2011),brooklyn summer ale (2011)
beer_name,462,Brooklyn Lager (16 oz.),brooklyn lager (16 oz.)
beer_name,463,Brooklyn Lager (12 oz.),brooklyn lager (12 oz.)
beer_name,464,Tour de Nez Belgian IPA (Current),tour de nez belgian ipa (current)
beer_name,465,Roler Bock (Current),roler bock (current)
beer_name,466,Black Adder IBA (Current),black adder iba (current)
beer_name,467,Very Noddy Lager (Current),very noddy lager (current)
beer_name,468,Tule Duck Red Ale (Current),tule duck red ale (current)
beer_name,469,Original Orange Blossom Ale (Current),original orange blossom ale (current)
beer_name,470,Black Noddy Lager (Current),black noddy lager (current)
beer_name,471,Cleveland Beer Week 2013,cleveland beer week 2013
beer_name,472,Painted Turtle,painted turtle
beer_name,474,Summer's Wit,summer's wit
beer_name,475,More Cowbell,more cowbell
beer_name,476,Wrath of Pele,wrath of pele
beer_name,477,Black Beer'd,black beer'd
beer_name,478,Mr. Tea,mr. tea
beer_name,479,Pale Alement,pale alement
beer_name,480,Hopkick Dropkick,hopkick dropkick
beer_name,481,Kreamed Corn,kreamed corn
beer_name,482,Coconoats,coconoats
beer_name,483,Joey Wheat,joey wheat
beer_name,484,3:33 Black IPA,3:33 black ipa
beer_name,485,MCA,mca
beer_name,486,Pale Alement,pale alement
beer_name,487,Couch Select Lager,couch select lager
beer_name,488,Mucho Aloha Hawaiian Pale Ale,mucho aloha hawaiian pale ale
beer_name,489,Heinnieweisse Weissebier,heinnieweisse weissebier
beer_name,490,Snapperhead IPA,snapperhead ipa
beer_name,491,Moo Thunder Stout,moo thunder stout
beer_name,492,Porkslap Pale Ale,porkslap pale ale
beer_name,493,Blackbeard,blackbeard
beer_name,494,Rye Knot,rye knot
beer_name,495,Dead Arm,dead arm
beer_name,496,32°/50° K?lsch,32°/50° k?lsch
beer_name,497,HopArt,hopart
beer_name,498,Boy King,boy king
beer_name,499,Gran Sport,gran sport
beer_name,500,Horny Toad Cerveza,horny toad cerveza
beer_name,501,Native Amber,native amber
beer_name,502,F5 IPA,f5 ipa
beer_name,503,Native Amber (2013),native amber (2013)
beer_name,504,Horny Toad Cerveza (2013),horny toad cerveza (2013)
beer_name,505,Hopportunity Knocks IPA,hopportunity knocks ipa
beer_name,506,Pilot Rock Porter,pilot rock porter
beer_name,507,Caldera Pale Ale,caldera pale ale
beer_name,508,Lawnmower Lager,lawnmower lager
beer_name,509,Ashland Amber Ale (2009),ashland amber ale (2009)
beer_name,510,Caldera IPA (2009),caldera ipa (2009)
beer_name,511,Caldera IPA (2007),caldera ipa (2007)
beer_name,512,Caldera Pale Ale (2010),caldera pale ale (2010)
beer_name,513,Caldera Pale Ale (2009),caldera pale ale (2009)
beer_name,514,Caldera Pale Ale (2005),caldera pale ale (2005)
beer_name,515,Caldera Pale Ale (2007),caldera pale ale (2007)
beer_name,516,Caldera Pale Ale (2011),caldera pale ale (2011)
beer_name,517,Ashland Amber Ale,ashland amber ale
beer_name,518,Caldera IPA,caldera ipa
beer_name,519,Remain in Light,remain in light
beer_name,520,Flower Child (2014),flower child (2014)
beer_name,521,THP White (2006),thp white (2006)
beer_name,522,THP Amber (2006),thp amber (2006)
beer_name,523,THP Light (2006),thp light (2006)
beer_name,524,THP Dark (2006),thp dark (2006)
beer_name,525,Imperial Pumpkin Stout,imperial pumpkin stout
beer_name,526,Dead-Eye DIPA,dead-eye dipa
beer_name,527,Fisherman's IPA,fisherman's ipa
beer_name,528,Fisherman's Pils,fisherman's pils
beer_name,529,Fisherman's Brew,fisherman's brew
beer_name,530,Cape Cod Red,cape cod red
beer_name,531,Beach Blonde,beach blonde
beer_name,532,Dark Voyage Black IPA (2013),dark voyage black ipa (2013)
beer_name,533,Wisconsin Amber,wisconsin amber
beer_name,534,Lake House,lake house
beer_name,535,Ghost Ship White IPA,ghost ship white ipa
beer_name,536,Lake House,lake house
beer_name,537,Mutiny IPA,mutiny ipa
beer_name,538,Wisconsin Amber (1998),wisconsin amber (1998)
beer_name,539,Island Wheat,island wheat
beer_name,540,Wisconsin Amber (2013),wisconsin amber (2013)
beer_name,541,U.S. Pale Ale,u.s. pale ale
beer_name,542,Supper Club Lager,supper club lager
beer_name,543,Carolina Lighthouse (2007),carolina lighthouse (2007)
beer_name,544,Carolina Blonde (2006),carolina blonde (2006)
beer_name,545,Carolina Blonde Light (2005),carolina blonde light (2005)
beer_name,546,Santa's Secret,santa's secret
beer_name,547,Flagship IPA,flagship ipa
beer_name,548,Sky Blue Golden Ale,sky blue golden ale
beer_name,549,Epitome,epitome
beer_name,550,Monkey Chased the Weasel,monkey chased the weasel
beer_name,551,077XX,077xx
beer_name,552,Boat Beer,boat beer
beer_name,553,Granny Smith Hard Apple Cider,granny smith hard apple cider
beer_name,554,Dry Hard Apple Cider,dry hard apple cider
beer_name,555,Farmer Ted's Cream Ale,farmer ted's cream ale
beer_name,556,Firewater India Pale Ale,firewater india pale ale
beer_name,557,White Zombie Ale,white zombie ale
beer_name,558,King Winterbolt Winter Ale,king winterbolt winter ale
beer_name,559,White Zombie Ale,white zombie ale
beer_name,560,Firewater India Pale Ale,firewater india pale ale
beer_name,561,Farmer Ted's Farmhouse Cream Ale,farmer ted's farmhouse cream ale
beer_name,562,Whitecap Wit,whitecap wit
beer_name,563,Seiche Scottish Ale,seiche scottish ale
beer_name,564,Peanut Butter Jelly Time,peanut butter jelly time
beer_name,565,King Coconut,king coconut
beer_name,566,Gone A-Rye,gone a-rye
beer_name,567,Special Release,special release
beer_name,568,Dankosaurus,dankosaurus
beer_name,569,Scruffy's Smoked Alt,scruffy's smoked alt
beer_name,570,Elliott's Phoned Home Pale Ale,elliott's phoned home pale ale
beer_name,571,The Lawn Ranger,the lawn ranger
beer_name,572,All American Blonde Ale,all american blonde ale
beer_name,573,All American Red Ale,all american red ale
beer_name,574,Main St. Virginia Ale,main st. virginia ale
beer_name,575,Chin Music Amber Lager,chin music amber lager
beer_name,576,Main St. Virginia Ale,main st. virginia ale
beer_name,577,Ray Ray’s Pale Ale,ray ray’s pale ale
beer_name,578,Chai Ale,chai ale
beer_name,579,Lucky Day IPA,lucky day ipa
beer_name,580,Terrace Hill Double IPA,terrace hill double ipa
beer_name,581,Catch 23,catch 23
beer_name,582,Stickin' In My Rye,stickin' in my rye
beer_name,583,Black Me Stout,black me stout
beer_name,584,Killer Kolsch,killer kolsch
beer_name,585,Missile IPA,missile ipa
beer_name,586,Enlighten,enlighten
beer_name,587,Ale Cider,ale cider
beer_name,588,Pail Ale,pail ale
beer_name,589,Englishman,englishman
beer_name,590,8 Barrel,8 barrel
beer_name,591,Oktoberfest,oktoberfest
beer_name,592,IPA #11,ipa #11
beer_name,593,Blood Orange Honey,blood orange honey
beer_name,594,Lighthouse Amber,lighthouse amber
beer_name,595,Bay of Bengal Double IPA (2014),bay of bengal double ipa (2014)
beer_name,596,Churchkey Pilsner Style Beer,churchkey pilsner style beer
beer_name,597,First Press,first press
beer_name,598,Magic Apple,magic apple
beer_name,599,Cubano Espresso,cubano espresso
beer_name,600,Operation Homefront,operation homefront
beer_name,601,Wandering Pelican,wandering pelican
beer_name,602,Sugar Plum,sugar plum
beer_name,603,Oktoberfest,oktoberfest
beer_name,604,Puppy's Breath Porter,puppy's breath porter
beer_name,605,Happening Now,happening now
beer_name,606,Hopped on the High Seas (Hop #529),hopped on the high seas (hop #529)
beer_name,607,Hopped on the High Seas (Calypso),hopped on the high seas (calypso)
beer_name,608,Wiregrass Post-Prohibition Ale,wiregrass post-prohibition ale
beer_name,609,Dry-Hopped On The High Seas Caribbean-Style IPA,dry-hopped on the high seas caribbean-style ipa
beer_name,610,Hopped on the High Seas (Citra),hopped on the high seas (citra)
beer_name,611,Hopped on the High Seas (Ahtanum),hopped on the high seas (ahtanum)
beer_name,612,Gwar Beer,gwar beer
beer_name,613,Tropical Heatwave,tropical heatwave
beer_name,614,Humidor Series India Pale Ale,humidor series india pale ale
beer_name,615,Jai Alai IPA Aged on White Oak,jai alai ipa aged on white oak
beer_name,616,José Martí American Porter,josé martí american porter
beer_name,617,Invasion Pale Ale,invasion pale ale
beer_name,618,Maduro Brown Ale,maduro brown ale
beer_name,619,Maduro Brown Ale,maduro brown ale
beer_name,620,Hotter Than Helles Lager,hotter than helles lager
beer_name,621,Tocobaga Red Ale,tocobaga red ale
beer_name,622,Jai Alai IPA,jai alai ipa
beer_name,623,Florida Cracker Belgian Wit,florida cracker belgian wit
beer_name,624,Shark Tracker Light lager,shark tracker light lager
beer_name,625,Pumple Drumkin,pumple drumkin
beer_name,626,Grey Lady,grey lady
beer_name,627,Summer of Lager,summer of lager
beer_name,628,Indie Pale Ale,indie pale ale
beer_name,629,Sankaty Light Lager,sankaty light lager
beer_name,630,Whale's Tale Pale Ale,whale's tale pale ale
beer_name,631,Jacaranada Rye IPA,jacaranada rye ipa
beer_name,632,Cascadian Dark Ale,cascadian dark ale
beer_name,633,Wheat the People,wheat the people
beer_name,634,Tybee Island Blonde,tybee island blonde
beer_name,635,Savannah Brown Ale,savannah brown ale
beer_name,636,Rhode Island Blueberry,rhode island blueberry
beer_name,637,Newport Storm IPA,newport storm ipa
beer_name,638,Hurricane Amber Ale (2004),hurricane amber ale (2004)
beer_name,639,Hurricane Amber Ale,hurricane amber ale
beer_name,640,Big Blue Van,big blue van
beer_name,641,Des Moines IPA,des moines ipa
beer_name,642,Capital Gold Golden Lager,capital gold golden lager
beer_name,643,Farmer John's Multi-Grain Ale,farmer john's multi-grain ale
beer_name,644,Behemoth,behemoth
beer_name,645,Arkansas Red,arkansas red
beer_name,646,Core Oatmeal Stout,core oatmeal stout
beer_name,647,Core ESB,core esb
beer_name,648,Chester's Beer (2005),chester's beer (2005)
beer_name,649,Heiner Brau K?lsch,heiner brau k?lsch
beer_name,650,Trigger Blonde Ale,trigger blonde ale
beer_name,651,Crabtree Oatmeal Stout,crabtree oatmeal stout
beer_name,652,Eclipse Black IPA,eclipse black ipa
beer_name,653,Neomexicanus Native,neomexicanus native
beer_name,654,Old Soul,old soul
beer_name,655,Snowcat Coffee Stout,snowcat coffee stout
beer_name,656,WinterWonderGrass Festival Ale,winterwondergrass festival ale
beer_name,657,Boohai Red Ale,boohai red ale
beer_name,658,Lava Lake Wit,lava lake wit
beer_name,659,Mountain Livin' Pale Ale,mountain livin' pale ale
beer_name,660,Crazy Mountain Amber Ale,crazy mountain amber ale
beer_name,661,Tropicalia,tropicalia
beer_name,662,Athena,athena
beer_name,663,Aviator Raspberry Blonde,aviator raspberry blonde
beer_name,664,3 Picket Porter,3 picket porter
beer_name,665,Rusty Nail Pale Ale,rusty nail pale ale
beer_name,666,Red Water Irish Style Red,red water irish style red
beer_name,667,Mj?llnir,mj?llnir
beer_name,668,Bear Butte Nut Brown Ale,bear butte nut brown ale
beer_name,669,Easy Livin' Summer Ale,easy livin' summer ale
beer_name,670,Canyon Cream Ale,canyon cream ale
beer_name,671,Pile O'Dirt Porter,pile o'dirt porter
beer_name,672,11th Hour IPA,11th hour ipa
beer_name,673,South Ridge Amber Ale,south ridge amber ale
beer_name,674,Summertime Ale,summertime ale
beer_name,675,Lost River Blonde Ale,lost river blonde ale
beer_name,676,Monon Wheat,monon wheat
beer_name,677,Floyd's Folly,floyd's folly
beer_name,678,Half Court IPA,half court ipa
beer_name,679,Geary's Pale Ale,geary's pale ale
beer_name,680,Geary's Summer Ale,geary's summer ale
beer_name,681,Stone of Arbroath,stone of arbroath
beer_name,682,The Tradition,the tradition
beer_name,683,El Hefe Speaks,el hefe speaks
beer_name,684,Penn Quarter Porter,penn quarter porter
beer_name,685,On the Wings of Armageddon,on the wings of armageddon
beer_name,686,The Corruption,the corruption
beer_name,687,The Citizen,the citizen
beer_name,688,The Public,the public
beer_name,689,Dank IPA,dank ipa
beer_name,690,Dank IPA (2012),dank ipa (2012)
beer_name,691,Lift Off IPA,lift off ipa
beer_name,692,BrewFarm Select Golden Lager,brewfarm select golden lager
beer_name,693,Sprocket Blonde Ale (2006),sprocket blonde ale (2006)
beer_name,694,Sprocket Pale Ale (2006),sprocket pale ale (2006)
beer_name,695,Dead Armadillo Amber Ale,dead armadillo amber ale
beer_name,696,Neato Bandito,neato bandito
beer_name,697,Oak Cliff Coffee Ale,oak cliff coffee ale
beer_name,698,Dream Crusher Double IPA,dream crusher double ipa
beer_name,699,Deep Ellum Pale Ale,deep ellum pale ale
beer_name,700,Double Brown Stout,double brown stout
beer_name,701,Farmhouse Wit,farmhouse wit
beer_name,702,Rye Pils Session Lager,rye pils session lager
beer_name,703,Dallas Blonde,dallas blonde
beer_name,704,Deep Ellum IPA,deep ellum ipa
beer_name,705,Thrasher Session India Pale Ale,thrasher session india pale ale
beer_name,706,Gutch English Style Mild Ale,gutch english style mild ale
beer_name,707,Chuli Stout,chuli stout
beer_name,708,Mother Ale,mother ale
beer_name,709,Twister Creek India Pale Ale,twister creek india pale ale
beer_name,710,Single Engine Red,single engine red
beer_name,711,Incredible Pedal IPA,incredible pedal ipa
beer_name,712,Graham Cracker Porter,graham cracker porter
beer_name,713,Mirror Pond Pale Ale,mirror pond pale ale
beer_name,714,Weissenheimer,weissenheimer
beer_name,715,Abbey's Single (2015- ),abbey's single (2015- )
beer_name,716,Vertex IPA,vertex ipa
beer_name,717,Here Gose Nothin',here gose nothin'
beer_name,718,Strawberry Blonde,strawberry blonde
beer_name,719,Hoperation Overload,hoperation overload
beer_name,720,Abbey's Single Ale (Current),abbey's single ale (current)
beer_name,721,Bravo Four Point,bravo four point
beer_name,722,Striped Bass Pale Ale,striped bass pale ale
beer_name,723,Deadicated Amber,deadicated amber
beer_name,724,Kaleidoscope Collaboration 2012,kaleidoscope collaboration 2012
beer_name,725,California Sunshine Rye IPA,california sunshine rye ipa
beer_name,726,Full Boar Scotch Ale,full boar scotch ale
beer_name,727,12 Man Pale Ale,12 man pale ale
beer_name,728,Filthy Hoppin' IPA,filthy hoppin' ipa
beer_name,729,Dock Street Amber Beer (1992),dock street amber beer (1992)
beer_name,730,Dolores River Hefeweizen,dolores river hefeweizen
beer_name,731,Dolores River ESB,dolores river esb
beer_name,732,Snaggletooth Double Pale Ale,snaggletooth double pale ale
beer_name,733,Dolores River Pale Ale,dolores river pale ale
beer_name,734,Dolores River Dry Stout,dolores river dry stout
beer_name,735,Dolores River Mild,dolores river mild
beer_name,736,Cranberry Blend,cranberry blend
beer_name,737,Orignal Blend,orignal blend
beer_name,738,Hop Abomination,hop abomination
beer_name,739,Apricot Blonde,apricot blonde
beer_name,740,Dry Dock Hefeweizen,dry dock hefeweizen
beer_name,741,Dry Dock Amber Ale,dry dock amber ale
beer_name,742,Category 3 IPA,category 3 ipa
beer_name,743,Dundee Summer Wheat Beer,dundee summer wheat beer
beer_name,744,Pumpkin Patch Ale,pumpkin patch ale
beer_name,745,Crank Yanker IPA,crank yanker ipa
beer_name,746,River Runners Pale Ale,river runners pale ale
beer_name,747,Pumpkin Patch Ale (2012),pumpkin patch ale (2012)
beer_name,748,Mountain Fairy Raspberry Wheat,mountain fairy raspberry wheat
beer_name,749,Boater Beer,boater beer
beer_name,750,Crank Yanker IPA (2011),crank yanker ipa (2011)
beer_name,751,Bleeding Buckeye Red Ale,bleeding buckeye red ale
beer_name,752,Dottie Seattle Lager,dottie seattle lager
beer_name,753,Nut Sack Imperial Brown Ale,nut sack imperial brown ale
beer_name,754,Underachiever,underachiever
beer_name,755,Lil' Brainless Raspberries,lil' brainless raspberries
beer_name,756,Element 29,element 29
beer_name,757,Hop Syndrome,hop syndrome
beer_name,758,Escape to Colorado,escape to colorado
beer_name,759,Little Sister India Style Session Ale,little sister india style session ale
beer_name,760,Country Boy IPA,country boy ipa
beer_name,761,Blonde Czich,blonde czich
beer_name,762,White Reaper,white reaper
beer_name,763,Bobblehead,bobblehead
beer_name,764,Lucky Dog,lucky dog
beer_name,765,Voodoo,voodoo
beer_name,766,General George Patton Pilsner,general george patton pilsner
beer_name,767,Nomader Weiss,nomader weiss
beer_name,768,Molotov Lite,molotov lite
beer_name,769,Hipster Ale (Two Roads Brewing),hipster ale (two roads brewing)
beer_name,770,Bikini Beer,bikini beer
beer_name,771,Hipster Ale (Westbrook Brewing),hipster ale (westbrook brewing)
beer_name,772,Iron Horse Pale Ale,iron horse pale ale
beer_name,773,Stone's Throw IPA,stone's throw ipa
beer_name,774,Wood Chipper India Pale Ale,wood chipper india pale ale
beer_name,775,Trail Head,trail head
beer_name,776,Hop Stalker Fresh Hop IPA,hop stalker fresh hop ipa
beer_name,777,Sudice American Stout,sudice american stout
beer_name,778,Parcae Belgian Style Pale Ale,parcae belgian style pale ale
beer_name,779,Norns Roggenbier,norns roggenbier
beer_name,780,Laimas K?lsch Style Ale,laimas k?lsch style ale
beer_name,781,Moirai India Pale Ale,moirai india pale ale
beer_name,782,Loki Red Ale,loki red ale
beer_name,783,Peaches & Cream,peaches & cream
beer_name,784,Quaff India Style Session Ale,quaff india style session ale
beer_name,785,Loki Red Ale (2013),loki red ale (2013)
beer_name,786,Mjolnir Imperial IPA,mjolnir imperial ipa
beer_name,787,Fearless Scottish Ale,fearless scottish ale
beer_name,788,Mastermind,mastermind
beer_name,789,Hyzer Flip,hyzer flip
beer_name,790,Second Fiddle,second fiddle
beer_name,791,Hodad Porter,hodad porter
beer_name,792,Weiss Weiss Baby,weiss weiss baby
beer_name,793,Czech Yo Self,czech yo self
beer_name,794,FMB 101,fmb 101
beer_name,795,Hardcore Chimera,hardcore chimera
beer_name,796,Sobek & Set,sobek & set
beer_name,797,Nuclear Winter,nuclear winter
beer_name,798,Wet Hot American Wheat Ale,wet hot american wheat ale
beer_name,799,Secret Stache Stout,secret stache stout
beer_name,800,Fascist Pig Ale,fascist pig ale
beer_name,801,Cut Throat Pale Ale,cut throat pale ale
beer_name,802,Threadless IPA,threadless ipa
beer_name,803,Cut Throat Pale Ale (2011),cut throat pale ale (2011)
beer_name,804,Golden Wing Blonde Ale,golden wing blonde ale
beer_name,805,Easy Jack,easy jack
beer_name,806,Union Jack,union jack
beer_name,807,Pivo Pils,pivo pils
beer_name,808,805 Blonde Ale,805 blonde ale
beer_name,810,Deflator,deflator
beer_name,811,Hinchtown Hammer Down,hinchtown hammer down
beer_name,812,Half Cycle IPA,half cycle ipa
beer_name,813,Inclined Plane Ale,inclined plane ale
beer_name,814,Moped Traveler,moped traveler
beer_name,815,Snake Dog IPA,snake dog ipa
beer_name,816,Underdog Atlantic Lager,underdog atlantic lager
beer_name,817,Flying Mouse 8,flying mouse 8
beer_name,818,Flying Mouse 4,flying mouse 4
beer_name,819,La Ferme Urbaine Farmhouse Ale,la ferme urbaine farmhouse ale
beer_name,820,Backyahd IPA,backyahd ipa
beer_name,821,Raincloud Robust Porter,raincloud robust porter
beer_name,822,Barstool American Golden Ale,barstool american golden ale
beer_name,823,What the Butler Saw,what the butler saw
beer_name,824,1916 Shore Shiver,1916 shore shiver
beer_name,825,Quick WIT,quick wit
beer_name,826,The Optimist,the optimist
beer_name,827,Suicide Squeeze IPA,suicide squeeze ipa
beer_name,828,Java the Hop,java the hop
beer_name,829,Next Adventure Black IPA,next adventure black ipa
beer_name,830,3-Way IPA (2013),3-way ipa (2013)
beer_name,831,Tender Loving Empire NWPA,tender loving empire nwpa
beer_name,832,Quick Wit Belgianesque Ale,quick wit belgianesque ale
beer_name,833,Sunrise Oatmeal Pale Ale,sunrise oatmeal pale ale
beer_name,834,Cavatica Stout,cavatica stout
beer_name,835,1811 Lager,1811 lager
beer_name,836,Vortex IPA,vortex ipa
beer_name,837,Fort Pitt Ale,fort pitt ale
beer_name,838,Park,park
beer_name,839,Westfalia,westfalia
beer_name,840,KSA,ksa
beer_name,841,Villager,villager
beer_name,842,Dirty Bastard,dirty bastard
beer_name,843,Centennial IPA,centennial ipa
beer_name,844,All Day IPA,all day ipa
beer_name,845,El Chingon IPA,el chingon ipa
beer_name,846,Block Party Robust Porter,block party robust porter
beer_name,847,Local Buzz,local buzz
beer_name,848,Feel Like Maplin' Love,feel like maplin' love
beer_name,849,Father's Beer,father's beer
beer_name,850,The 26th,the 26th
beer_name,851,The Gadget,the gadget
beer_name,852,Leprechaun Lager,leprechaun lager
beer_name,853,Sunbru K?lsch,sunbru k?lsch
beer_name,854,Kilt Lifter Scottish-Style Ale,kilt lifter scottish-style ale
beer_name,855,Pumpkin Porter,pumpkin porter
beer_name,856,Four Peaks Peach Ale,four peaks peach ale
beer_name,857,Hop Knot IPA,hop knot ipa
beer_name,858,Kilt Lifter Scottish-Style Ale (2009),kilt lifter scottish-style ale (2009)
beer_name,859,Sunbru K?lsch,sunbru k?lsch
beer_name,860,Four String Vanilla Porter,four string vanilla porter
beer_name,861,Suncaster Summer Wheat,suncaster summer wheat
beer_name,862,Brass Knuckle Pale Ale,brass knuckle pale ale
beer_name,863,Big Star White IPA,big star white ipa
beer_name,864,Old Detroit,old detroit
beer_name,865,Batch 69 IPA,batch 69 ipa
beer_name,866,Twisted Helles Summer Lager,twisted helles summer lager
beer_name,867,OktoberFiesta,oktoberfiesta
beer_name,868,Texicali,texicali
beer_name,869,Pinata Protest,pinata protest
beer_name,870,Bat Outta Helles,bat outta helles
beer_name,871,Original,original
beer_name,872,Rye Wit,rye wit
beer_name,873,Soul Doubt,soul doubt
beer_name,874,Yo Soy Un Berliner,yo soy un berliner
beer_name,875,77 Fremont Select Spring Session IPA,77 fremont select spring session ipa
beer_name,876,Fremont Organic Pale Ale,fremont organic pale ale
beer_name,877,Abominable Ale,abominable ale
beer_name,878,Harvest Ale,harvest ale
beer_name,879,Fremont Summer Ale,fremont summer ale
beer_name,880,Universale Pale Ale,universale pale ale
beer_name,881,Interurban IPA,interurban ipa
beer_name,882,Gateway Kolsch Style Ale,gateway kolsch style ale
beer_name,883,Wee-Heavy-Er Scotch Ale,wee-heavy-er scotch ale
beer_name,884,13 Rebels ESB,13 rebels esb
beer_name,885,Salamander Slam,salamander slam
beer_name,886,Cack-A-Lacky,cack-a-lacky
beer_name,887,No Wake IPA,no wake ipa
beer_name,888,Boathouse Blonde,boathouse blonde
beer_name,889,Cedar Point,cedar point
beer_name,890,Clean Shave IPA,clean shave ipa
beer_name,891,Might As Well IPL,might as well ipl
beer_name,892,Saison Pamplemousse,saison pamplemousse
beer_name,893,2020 IPA,2020 ipa
beer_name,894,Wolf Among Weeds IPA,wolf among weeds ipa
beer_name,895,Better Weather IPA,better weather ipa
beer_name,896,Point the Way IPA,point the way ipa
beer_name,897,Golden Road Hefeweizen,golden road hefeweizen
beer_name,898,Heal the Bay IPA,heal the bay ipa
beer_name,899,Point the Way IPA,point the way ipa
beer_name,900,Cabrillo K?lsch,cabrillo k?lsch
beer_name,901,Get Up Offa That Brown,get up offa that brown
beer_name,902,Burning Bush Smoked IPA,burning bush smoked ipa
beer_name,903,Wolf Among Weeds IPA (2012),wolf among weeds ipa (2012)
beer_name,904,Point the Way IPA (2012),point the way ipa (2012)
beer_name,905,Golden Road Hefeweizen (2012),golden road hefeweizen (2012)
beer_name,906,Vanilla Porter,vanilla porter
beer_name,907,Descender IPA,descender ipa
beer_name,908,Sweet As Pacific Ale,sweet as pacific ale
beer_name,909,Good People Pale Ale,good people pale ale
beer_name,910,Snake Handler Double IPA,snake handler double ipa
beer_name,911,Coffee Oatmeal Stout,coffee oatmeal stout
beer_name,912,Good People IPA,good people ipa
beer_name,913,Good People American Brown Ale,good people american brown ale
beer_name,914,Mountain Rescue Pale Ale,mountain rescue pale ale
beer_name,915,Goose Island India Pale Ale,goose island india pale ale
beer_name,916,312 Urban Pale Ale,312 urban pale ale
beer_name,917,312 Urban Pale Ale,312 urban pale ale
beer_name,918,312 Urban Wheat Ale,312 urban wheat ale
beer_name,919,312 Urban Wheat Ale,312 urban wheat ale
beer_name,920,312 Urban Wheat Ale (2012),312 urban wheat ale (2012)
beer_name,921,Beaver Logger,beaver logger
beer_name,922,White Water Wheat,white water wheat
beer_name,923,Grand Canyon American Pilsner,grand canyon american pilsner
beer_name,924,Grand Canyon Sunset Amber Ale,grand canyon sunset amber ale
beer_name,925,Black Iron India Pale Ale,black iron india pale ale
beer_name,926,Monarch Classic American Wheat,monarch classic american wheat
beer_name,927,Sir William's English Brown Ale,sir william's english brown ale
beer_name,928,Lakefire Rye Pale Ale,lakefire rye pale ale
beer_name,929,Beer Agent Re-Ignition,beer agent re-ignition
beer_name,930,Cherry Ale,cherry ale
beer_name,931,Bourbon Barrel Aged Coconut Porter,bourbon barrel aged coconut porter
beer_name,932,Great Crescent IPA,great crescent ipa
beer_name,933,Aurora Lager,aurora lager
beer_name,934,Great Crescent Blonde Ale,great crescent blonde ale
beer_name,935,Great Crescent Coconut Porter,great crescent coconut porter
beer_name,936,Great Crescent Oktoberfest Lager,great crescent oktoberfest lager
beer_name,937,Great Crescent Brown Ale,great crescent brown ale
beer_name,938,Cherry Ale (1),cherry ale (1)
beer_name,939,Aurora Lager (2011),aurora lager (2011)
beer_name,940,Frosted Fields Winter Wheat,frosted fields winter wheat
beer_name,941,Great Crescent Belgian Style Wit,great crescent belgian style wit
beer_name,942,Bourbon's Barrel Stout,bourbon's barrel stout
beer_name,943,Great Crescent Stout,great crescent stout
beer_name,944,Great Crescent Coconut Porter (2012),great crescent coconut porter (2012)
beer_name,945,Great Crescent Dark Lager,great crescent dark lager
beer_name,946,Great Crescent Mild Ale,great crescent mild ale
beer_name,947,Great Crescent IPA (2011),great crescent ipa (2011)
beer_name,948,Great Crescent Blonde Ale (2011),great crescent blonde ale (2011)
beer_name,949,Denver Pale Ale (Artist Series No. 1),denver pale ale (artist series no. 1)
beer_name,950,Hibernation Ale,hibernation ale
beer_name,951,Whitewater,whitewater
beer_name,952,Rumble,rumble
beer_name,953,Orabelle,orabelle
beer_name,954,Lasso,lasso
beer_name,955,Yeti  Imperial Stout,yeti  imperial stout
beer_name,956,Colette,colette
beer_name,957,Titan IPA,titan ipa
beer_name,958,Black Star Double Hopped Golden Lager (24 oz.),black star double hopped golden lager (24 oz.)
beer_name,959,Black Star Double Hopped Golden Lager (12 oz.),black star double hopped golden lager (12 oz.)
beer_name,960,Commotion APA,commotion apa
beer_name,961,Southern Drawl Pale Lager,southern drawl pale lager
beer_name,962,Chickawawa Lemonale,chickawawa lemonale
beer_name,963,Barrel Aged Farmer,barrel aged farmer
beer_name,964,Great River Golden Ale,great river golden ale
beer_name,965,Dirty Blonde Chocolate Ale,dirty blonde chocolate ale
beer_name,966,Dos Pistolas,dos pistolas
beer_name,967,Owney Irish Style Red Ale,owney irish style red ale
beer_name,968,Aaah Bock Lager,aaah bock lager
beer_name,969,Widespread Wit,widespread wit
beer_name,970,Roller Dam Red Ale,roller dam red ale
beer_name,971,483 Pale Ale,483 pale ale
beer_name,972,Hop A Potamus Double Dark Rye Pale Ale,hop a potamus double dark rye pale ale
beer_name,973,Farmer Brown Ale,farmer brown ale
beer_name,974,Big Cock IPA,big cock ipa
beer_name,975,Oktoberfest,oktoberfest
beer_name,976,40th Annual Bix Street Fest Copper Ale (Current),40th annual bix street fest copper ale (current)
beer_name,977,Redband Stout,redband stout
beer_name,978,483 Pale Ale (2010),483 pale ale (2010)
beer_name,979,Roller Dam Red Ale (2010),roller dam red ale (2010)
beer_name,980,Pablo Beach Pale Ale,pablo beach pale ale
beer_name,981,Wild Trail Pale Ale,wild trail pale ale
beer_name,982,Mothman Black IPA,mothman black ipa
beer_name,983,Autumn Winds Fest Beer,autumn winds fest beer
beer_name,984,Captain's Daughter,captain's daughter
beer_name,985,Autumn Winds,autumn winds
beer_name,986,Flying Jenny Extra Pale Ale,flying jenny extra pale ale
beer_name,987,Hazy Day Belgian-Style Wit,hazy day belgian-style wit
beer_name,988,Bring Back the Beach Blonde Ale,bring back the beach blonde ale
beer_name,989,Leaning Chimney Smoked Porter,leaning chimney smoked porter
beer_name,990,Flying Jenny Extra Pale Ale (2012),flying jenny extra pale ale (2012)
beer_name,991,Flagship Ale,flagship ale
beer_name,992,Mr. Blue Sky,mr. blue sky
beer_name,993,3 Scrooges,3 scrooges
beer_name,994,Screamin??Pumpkin,screamin??pumpkin
beer_name,995,Grand Trunk Bohemian Pils,grand trunk bohemian pils
beer_name,996,El Rojo,el rojo
beer_name,997,Norm's Raggedy Ass IPA,norm's raggedy ass ipa
beer_name,998,Grind Line,grind line
beer_name,999,Norm's Gateway IPA,norm's gateway ipa
beer_name,1000,Lemon Shandy Tripel,lemon shandy tripel
beer_name,1001,Little Red Cap,little red cap
beer_name,1002,Supergoose IPA,supergoose ipa
beer_name,1003,Hale's Pale American Ale,hale's pale american ale
beer_name,1004,Heyoka IPA,heyoka ipa
beer_name,1005,Guest Lager,guest lager
beer_name,1006,Pony Pilsner,pony pilsner
beer_name,1007,Akari Shogun American Wheat Ale,akari shogun american wheat ale
beer_name,1008,Meat Wave,meat wave
beer_name,1009,Over Ale,over ale
beer_name,1010,Gossamer Golden Ale,gossamer golden ale
beer_name,1011,Daisy Cutter Pale Ale,daisy cutter pale ale
beer_name,1012,Pursuit,pursuit
beer_name,1013,Half Full Bright Ale,half full bright ale
beer_name,1014,Orange Wheat,orange wheat
beer_name,1015,Hangar 24 Helles Lager,hangar 24 helles lager
beer_name,1016,The Great Return,the great return
beer_name,1017,Hardywood Cream Ale,hardywood cream ale
beer_name,1018,Capital Trail Pale Ale,capital trail pale ale
beer_name,1019,UFO Gingerland,ufo gingerland
beer_name,1020,The Long Thaw White IPA,the long thaw white ipa
beer_name,1021,Honey Cider,honey cider
beer_name,1022,Harpoon Summer Beer,harpoon summer beer
beer_name,1023,Harpoon IPA,harpoon ipa
beer_name,1024,UFO Pumpkin,ufo pumpkin
beer_name,1025,Harpoon Octoberfest,harpoon octoberfest
beer_name,1026,Harpoon IPA (2012),harpoon ipa (2012)
beer_name,1027,Harpoon Summer Beer (2012),harpoon summer beer (2012)
beer_name,1028,UFO White,ufo white
beer_name,1029,Harpoon Summer Beer (2010),harpoon summer beer (2010)
beer_name,1030,Harpoon IPA (2010),harpoon ipa (2010)
beer_name,1031,Great Falls Select Pale Ale,great falls select pale ale
beer_name,1032,Beltian White,beltian white
beer_name,1033,Kaua'i Golden Ale,kaua'i golden ale
beer_name,1034,Sunset Amber,sunset amber
beer_name,1035,Hapa Brown Ale,hapa brown ale
beer_name,1036,Hapa Brown Ale,hapa brown ale
beer_name,1037,Southern Cross,southern cross
beer_name,1038,Groupe G,groupe g
beer_name,1039,Pt. Bonita Rustic Lager,pt. bonita rustic lager
beer_name,1040,Hill 88 Double IPA,hill 88 double ipa
beer_name,1041,Loose Cannon,loose cannon
beer_name,1042,AARGHtoberfest!,aarghtoberfest!
beer_name,1043,Davy Jones Lager,davy jones lager
beer_name,1044,Grazias,grazias
beer_name,1045,Habitus IPA,habitus ipa
beer_name,1046,Ex Umbris Rye Imperial Stout,ex umbris rye imperial stout
beer_name,1047,The Golden One,the golden one
beer_name,1048,The Power of Zeus,the power of zeus
beer_name,1049,Tonganoxie Honey Wheat,tonganoxie honey wheat
beer_name,1050,Oregon Trail Unfiltered Raspberry Wheat,oregon trail unfiltered raspberry wheat
beer_name,1051,Annie's Amber Ale,annie's amber ale
beer_name,1052,The 12th Can??American Pale Ale (APA),the 12th can??american pale ale (apa)
beer_name,1053,Hilliard's Pils,hilliard's pils
beer_name,1054,Hilliard's Blonde,hilliard's blonde
beer_name,1055,Hilliard's Amber Ale,hilliard's amber ale
beer_name,1056,Hilliard's Saison,hilliard's saison
beer_name,1057,White Cap White IPA,white cap white ipa
beer_name,1058,Provision,provision
beer_name,1059,One Nut Brown,one nut brown
beer_name,1060,Hop Farm IPA,hop farm ipa
beer_name,1061,Double D Blonde,double d blonde
beer_name,1062,Festeroo Winter Ale,festeroo winter ale
beer_name,1063,Proxima IPA,proxima ipa
beer_name,1064,Double D Blonde (2013),double d blonde (2013)
beer_name,1065,541 American Lager,541 american lager
beer_name,1066,Alphadelic IPA,alphadelic ipa
beer_name,1067,Alphadelic IPA (2011),alphadelic ipa (2011)
beer_name,1068,Double D Blonde (2011),double d blonde (2011)
beer_name,1069,Green House India Pale Ale,green house india pale ale
beer_name,1070,The One They Call Zoe,the one they call zoe
beer_name,1071,Alteration,alteration
beer_name,1072,Pale Dog,pale dog
beer_name,1073,Porter Culture,porter culture
beer_name,1074,Hard Cider,hard cider
beer_name,1075,Totally Radler,totally radler
beer_name,1076,Nonstop Hef Hop,nonstop hef hop
beer_name,1077,Nonstop Hef Hop,nonstop hef hop
beer_name,1078,Nonstop Hef Hop,nonstop hef hop
beer_name,1079,Nonstop Hef Hop,nonstop hef hop
beer_name,1080,Nonstop Hef Hop,nonstop hef hop
beer_name,1081,Nonstop Hef Hop,nonstop hef hop
beer_name,1082,Nonstop Hef Hop,nonstop hef hop
beer_name,1083,Nonstop Hef Hop,nonstop hef hop
beer_name,1084,Nonstop Hef Hop,nonstop hef hop
beer_name,1085,Nonstop Hef Hop,nonstop hef hop
beer_name,1086,Nonstop Hef Hop,nonstop hef hop
beer_name,1087,Nonstop Hef Hop,nonstop hef hop
beer_name,1088,Rise Up Red,rise up red
beer_name,1089,Survival Stout,survival stout
beer_name,1090,Hopworks IPA,hopworks ipa
beer_name,1091,Abominable Winter Ale,abominable winter ale
beer_name,1092,Pigwar White India Pale Ale,pigwar white india pale ale
beer_name,1093,Rise-Up Red (2014),rise-up red (2014)
beer_name,1094,Abominable Winter Ale (2012),abominable winter ale (2012)
beer_name,1095,HUB Lager,hub lager
beer_name,1096,Hopworks IPA (2012),hopworks ipa (2012)
beer_name,1097,Watermelon Wheat,watermelon wheat
beer_name,1098,Laka Laka Pineapple,laka laka pineapple
beer_name,1099,Oktoberfest,oktoberfest
beer_name,1100,Trail Maker Pale Ale,trail maker pale ale
beer_name,1101,Action Man Lager,action man lager
beer_name,1102,Let It Ride IPA,let it ride ipa
beer_name,1103,Stir Crazy Winter Ale,stir crazy winter ale
beer_name,1104,Sweet Yamma Jamma Ale,sweet yamma jamma ale
beer_name,1105,Shenanigans Summer Ale,shenanigans summer ale
beer_name,1106,Midnight Ryder,midnight ryder
beer_name,1107,Day Tripper Pale Ale,day tripper pale ale
beer_name,1108,Oklahoma Suks,oklahoma suks
beer_name,1109,Power & Light,power & light
beer_name,1110,White Rabbit,white rabbit
beer_name,1111,Tribute,tribute
beer_name,1112,Infamous IPA,infamous ipa
beer_name,1113,Hijack,hijack
beer_name,1114,Jon Boat Coastal Ale,jon boat coastal ale
beer_name,1115,I-10 IPA,i-10 ipa
beer_name,1116,People's Pale Ale,people's pale ale
beer_name,1117,Summer Ale,summer ale
beer_name,1118,Appreciation Ale,appreciation ale
beer_name,1119,House Lager,house lager
beer_name,1120,Leisure Time,leisure time
beer_name,1121,Excess IPL,excess ipl
beer_name,1122,Hoponius Union,hoponius union
beer_name,1123,Calyptra,calyptra
beer_name,1124,Helen's Blend,helen's blend
beer_name,1125,Jack's Hard Cider,jack's hard cider
beer_name,1126,Thunder Ann,thunder ann
beer_name,1127,Razz Wheat,razz wheat
beer_name,1128,Hop Ryot,hop ryot
beer_name,1129,Mystic Mama IPA,mystic mama ipa
beer_name,1130,Firefly Amber Ale,firefly amber ale
beer_name,1131,Chomolungma Honey Nut Brown Ale,chomolungma honey nut brown ale
beer_name,1132,Welcome to Scoville,welcome to scoville
beer_name,1133,Bastian,bastian
beer_name,1134,Healani,healani
beer_name,1135,Yabba Dhaba Chai Tea Porter,yabba dhaba chai tea porter
beer_name,1136,A Capella Gluten Free Pale Ale,a capella gluten free pale ale
beer_name,1137,Casper White Stout,casper white stout
beer_name,1138,JP's Ould Sod Irish Red IPA,jp's ould sod irish red ipa
beer_name,1139,Weize Guy,weize guy
beer_name,1140,Fox Tail Gluten Free Ale,fox tail gluten free ale
beer_name,1141,Hop Box Imperial IPA,hop box imperial ipa
beer_name,1142,Joseph James American Lager,joseph james american lager
beer_name,1143,Sucha Much IPA,sucha much ipa
beer_name,1144,Lewbricator Wheat Dopplebock,lewbricator wheat dopplebock
beer_name,1145,Weisse Versa (2012),weisse versa (2012)
beer_name,1146,Mother in Lager,mother in lager
beer_name,1147,Weekend Warrior Pale Ale,weekend warrior pale ale
beer_name,1148,Karbachtoberfest,karbachtoberfest
beer_name,1149,Love Street Summer Seasonal (2014),love street summer seasonal (2014)
beer_name,1150,Barn Burner Saison,barn burner saison
beer_name,1151,Rodeo Clown Double IPA,rodeo clown double ipa
beer_name,1152,Sympathy for the Lager,sympathy for the lager
beer_name,1153,Weisse Versa,weisse versa
beer_name,1154,Hopadillo India Pale Ale,hopadillo india pale ale
beer_name,1155,KelSo Nut Brown Lager,kelso nut brown lager
beer_name,1156,KelSo India Pale Ale,kelso india pale ale
beer_name,1157,KelSo Pilsner,kelso pilsner
beer_name,1158,Skilak Scottish Ale,skilak scottish ale
beer_name,1159,Peninsula Brewers Reserve (PBR),peninsula brewers reserve (pbr)
beer_name,1160,Sunken Island IPA,sunken island ipa
beer_name,1161,Skilak Scottish Ale (2011),skilak scottish ale (2011)
beer_name,1162,Cold Smoke Scotch Ale (2007),cold smoke scotch ale (2007)
beer_name,1163,Double Haul IPA (2009),double haul ipa (2009)
beer_name,1164,Double Haul IPA (2006),double haul ipa (2006)
beer_name,1165,Eddy Out Pale Ale,eddy out pale ale
beer_name,1166,Double Haul IPA,double haul ipa
beer_name,1167,Cold Smoke Scotch Ale,cold smoke scotch ale
beer_name,1168,U. P. Witbier,u. p. witbier
beer_name,1169,November Gale Pale Ale,november gale pale ale
beer_name,1170,Olde Ore Dock Scottish Ale,olde ore dock scottish ale
beer_name,1171,Widow Maker Black Ale,widow maker black ale
beer_name,1172,Lift Bridge Brown Ale,lift bridge brown ale
beer_name,1173,Pick Axe Blonde Ale,pick axe blonde ale
beer_name,1174,Red Jacket Amber Ale,red jacket amber ale
beer_name,1175,Amber Ale,amber ale
beer_name,1176,King Street Pilsner,king street pilsner
beer_name,1177,King Street IPA,king street ipa
beer_name,1178,King Street Hefeweizen,king street hefeweizen
beer_name,1179,King Street Blonde Ale,king street blonde ale
beer_name,1180,India Pale Ale,india pale ale
beer_name,1181,Blackberry Wheat,blackberry wheat
beer_name,1182,Longboard Island Lager,longboard island lager
beer_name,1183,Longboard Island Lager,longboard island lager
beer_name,1184,Longboard Island Lager,longboard island lager
beer_name,1185,Longboard Island Lager,longboard island lager
beer_name,1186,Choc Beer (2003),choc beer (2003)
beer_name,1187,Bellingham Beer Week 2013 Collaboration,bellingham beer week 2013 collaboration
beer_name,1188,A Slice of Hefen,a slice of hefen
beer_name,1189,Elevated IPA,elevated ipa
beer_name,1190,Rumspringa Golden Bock,rumspringa golden bock
beer_name,1191,Lancaster German Style K?lsch,lancaster german style k?lsch
beer_name,1192,Beach Cruiser,beach cruiser
beer_name,1193,I.P. Eh!,i.p. eh!
beer_name,1194,Schoolhouse Honey,schoolhouse honey
beer_name,1195,10 Degrees of Separation,10 degrees of separation
beer_name,1196,Laughing Dog Cream Ale,laughing dog cream ale
beer_name,1197,Two-One Niner,two-one niner
beer_name,1198,Laughing Dog IPA,laughing dog ipa
beer_name,1199,Madra Allta,madra allta
beer_name,1200,Duluchan India Pale Ale,duluchan india pale ale
beer_name,1201,Lazy Monk Bohemian Pilsner,lazy monk bohemian pilsner
beer_name,1202,Yellowstone Golden Ale,yellowstone golden ale
beer_name,1203,Tumbleweed IPA,tumbleweed ipa
beer_name,1204,Lewis & Clark Amber Ale,lewis & clark amber ale
beer_name,1205,Miner's Gold Hefeweizen,miner's gold hefeweizen
beer_name,1206,Back Country Scottish Ale,back country scottish ale
beer_name,1207,Getaway,getaway
beer_name,1208,Farm Girl Saison,farm girl saison
beer_name,1209,Adam's Stout,adam's stout
beer_name,1210,American Hero,american hero
beer_name,1211,Schweet Ale,schweet ale
beer_name,1212,Irregardless IPA,irregardless ipa
beer_name,1213,Peach Pale Ale,peach pale ale
beer_name,1214,Deadeye Jack,deadeye jack
beer_name,1215,Pistols at Dawn,pistols at dawn
beer_name,1216,Peacemaker Pale Ale,peacemaker pale ale
beer_name,1217,Shotgun Betty,shotgun betty
beer_name,1218,Sweet Josie,sweet josie
beer_name,1219,Long Trail IPA,long trail ipa
beer_name,1220,Long Trail Ale,long trail ale
beer_name,1221,Double Bag,double bag
beer_name,1222,Blackbeary Wheat,blackbeary wheat
beer_name,1223,Long Trail Ale (1),long trail ale (1)
beer_name,1224,Gose,gose
beer_name,1225,Vermont Pilsner,vermont pilsner
beer_name,1226,Mosaic Single Hop IPA,mosaic single hop ipa
beer_name,1227,Lost Galaxy,lost galaxy
beer_name,1228,Face Plant IPA,face plant ipa
beer_name,1229,Rhino Chasers Pilsner,rhino chasers pilsner
beer_name,1230,Slow Hand Stout,slow hand stout
beer_name,1231,Hips Don't Lie,hips don't lie
beer_name,1232,Ride Again Pale Ale,ride again pale ale
beer_name,1233,The Farmer's Daughter,the farmer's daughter
beer_name,1234,Pub Ale,pub ale
beer_name,1235,Ballistic Blonde,ballistic blonde
beer_name,1236,Knotty Pine,knotty pine
beer_name,1237,Lumberyard Pilsner,lumberyard pilsner
beer_name,1238,Lumberyard IPA,lumberyard ipa
beer_name,1239,Lumberyard Red Ale,lumberyard red ale
beer_name,1240,Mac's Highlander Pale Ale (2000),mac's highlander pale ale (2000)
beer_name,1241,Mac's Scottish Style Amber Ale (2000),mac's scottish style amber ale (2000)
beer_name,1242,Macon Progress Ale,macon progress ale
beer_name,1243,Macon History Ale,macon history ale
beer_name,1244,Galaxy High,galaxy high
beer_name,1245,Sol Drifter,sol drifter
beer_name,1246,Thunder Snow,thunder snow
beer_name,1247,The Great Pumpcan,the great pumpcan
beer_name,1248,LIFT,lift
beer_name,1249,SPRYE,sprye
beer_name,1250,Psychopathy,psychopathy
beer_name,1251,Gnarly Brown,gnarly brown
beer_name,1252,Happy Amber,happy amber
beer_name,1254,Elder Betty,elder betty
beer_name,1256,High Country Pilsner (Current),high country pilsner (current)
beer_name,1257,Epic IPA,epic ipa
beer_name,1258,Golden Trout Pilsner,golden trout pilsner
beer_name,1259,Real McCoy Amber Ale (Current),real mccoy amber ale (current)
beer_name,1260,Festivus (1),festivus (1)
beer_name,1261,Manayunk Oktoberfest,manayunk oktoberfest
beer_name,1262,Belgian Style Session Ale,belgian style session ale
beer_name,1263,Manayunk IPA,manayunk ipa
beer_name,1264,Yunkin' Punkin',yunkin' punkin'
beer_name,1265,Summer Paradise,summer paradise
beer_name,1266,Monk from the 'Yunk,monk from the 'yunk
beer_name,1267,Schuylkill Punch,schuylkill punch
beer_name,1268,Dreamin' Double IPA,dreamin' double ipa
beer_name,1269,Chaotic Double IPA,chaotic double ipa
beer_name,1270,Manzanita IPA,manzanita ipa
beer_name,1271,Riverwalk Blonde Ale,riverwalk blonde ale
beer_name,1272,Gillespie Brown Ale,gillespie brown ale
beer_name,1273,Manzanita Pale Ale,manzanita pale ale
beer_name,1274,Marble Pilsner,marble pilsner
beer_name,1275,Marble India Pale Ale,marble india pale ale
beer_name,1276,Toughcats IPA,toughcats ipa
beer_name,1277,Tug Pale Ale,tug pale ale
beer_name,1278,Sexy Chaos,sexy chaos
beer_name,1279,Ace Hole American Pale Ale,ace hole american pale ale
beer_name,1280,Cant Dog Imperial Pale Ale,cant dog imperial pale ale
beer_name,1281,River House,river house
beer_name,1282,Pretzel Stout,pretzel stout
beer_name,1283,Rubberneck Red,rubberneck red
beer_name,1284,The Imperial Texan,the imperial texan
beer_name,1285,The Imperial Texan,the imperial texan
beer_name,1286,Day Break 4-Grain Breakfast Beer,day break 4-grain breakfast beer
beer_name,1287,River House Saison,river house saison
beer_name,1288,There Will Be Stout,there will be stout
beer_name,1289,Our Legacy IPA,our legacy ipa
beer_name,1290,Saranac Shandy,saranac shandy
beer_name,1291,Our Legacy IPA,our legacy ipa
beer_name,1292,Saranac Golden Pilsener (2003),saranac golden pilsener (2003)
beer_name,1293,Saranac Adirondack Light (2002),saranac adirondack light (2002)
beer_name,1294,DAX Light (1998),dax light (1998)
beer_name,1295,Saranac Traditional Lager (2000),saranac traditional lager (2000)
beer_name,1296,Pomegranate Wheat (2008),pomegranate wheat (2008)
beer_name,1297,Blueberry Blonde Ale,blueberry blonde ale
beer_name,1298,Saranac White IPA,saranac white ipa
beer_name,1299,Saranac Summer Ale (2011),saranac summer ale (2011)
beer_name,1300,Saranac Pale Ale (12 oz.),saranac pale ale (12 oz.)
beer_name,1301,Saranac Pale Ale (16 oz.),saranac pale ale (16 oz.)
beer_name,1302,Lahaina Town Brown,lahaina town brown
beer_name,1303,Pau Hana Pilsner,pau hana pilsner
beer_name,1304,Lemongrass Saison,lemongrass saison
beer_name,1305,Aloha B’ak’tun,aloha b’ak’tun
beer_name,1306,Liquid Breadfruit,liquid breadfruit
beer_name,1307,Sobrehumano Palena'ole,sobrehumano palena'ole
beer_name,1308,La Perouse White,la perouse white
beer_name,1309,Flyin' HI.P.Hay,flyin' hi.p.hay
beer_name,1310,Mana Wheat,mana wheat
beer_name,1311,Bikini Blonde Lager,bikini blonde lager
beer_name,1312,CoCoNut Porter,coconut porter
beer_name,1313,Big Swell IPA,big swell ipa
beer_name,1314,Pit Stop Chocolate Porter,pit stop chocolate porter
beer_name,1315,Pace Setter Belgian Style Wit,pace setter belgian style wit
beer_name,1316,Back in the Saddle Rye Pale Ale,back in the saddle rye pale ale
beer_name,1317,Bushwhacker Cider,bushwhacker cider
beer_name,1318,Weim-R-Iner,weim-r-iner
beer_name,1319,Cherry Bomb,cherry bomb
beer_name,1320,Tsunami IPA,tsunami ipa
beer_name,1321,Tsunami IPA,tsunami ipa
beer_name,1322,Humpback Blonde Ale,humpback blonde ale
beer_name,1323,Hawaiian Crow Porter,hawaiian crow porter
beer_name,1324,Volcano Red Ale,volcano red ale
beer_name,1325,Mauna Kea Pale Ale,mauna kea pale ale
beer_name,1326,Shark Bait,shark bait
beer_name,1327,Gator Tail Brown Ale,gator tail brown ale
beer_name,1328,Miami Vice IPA,miami vice ipa
beer_name,1329,Big Rod Coconut Ale,big rod coconut ale
beer_name,1330,Mickey Finn's Amber Ale,mickey finn's amber ale
beer_name,1331,Pleasure Town,pleasure town
beer_name,1332,Pleasure Town IPA,pleasure town ipa
beer_name,1333,Snowshoe White Ale,snowshoe white ale
beer_name,1334,Kodiak Brown Ale,kodiak brown ale
beer_name,1335,Sockeye Red IPA,sockeye red ipa
beer_name,1336,Habitus (2014),habitus (2014)
beer_name,1337,Solis,solis
beer_name,1338,Jucundus,jucundus
beer_name,1339,Habitus,habitus
beer_name,1340,Grazias,grazias
beer_name,1341,Claritas,claritas
beer_name,1342,Vinyl Frontier,vinyl frontier
beer_name,1343,Disco Superfly,disco superfly
beer_name,1344,Misty Mountain Hop,misty mountain hop
beer_name,1345,One-Hit Wonderful,one-hit wonderful
beer_name,1346,En Parfaite Harmonie,en parfaite harmonie
beer_name,1347,Daft Funk,daft funk
beer_name,1348,Love In An Ellavator,love in an ellavator
beer_name,1349,Spin Doctor,spin doctor
beer_name,1350,Keeper (Current),keeper (current)
beer_name,1351,Better Half,better half
beer_name,1352,SNO White Ale,sno white ale
beer_name,1353,BRIK Irish Red Ale,brik irish red ale
beer_name,1354,AXL Pale Ale,axl pale ale
beer_name,1355,Hop Freak,hop freak
beer_name,1356,Louie's Demise Amber Ale,louie's demise amber ale
beer_name,1357,Hop Happy,hop happy
beer_name,1358,Booyah Farmhouse Ale,booyah farmhouse ale
beer_name,1359,O-Gii,o-gii
beer_name,1360,Flaming Damsel Lager (2010),flaming damsel lager (2010)
beer_name,1361,Louie’s Demise Immort-Ale (2010),louie’s demise immort-ale (2010)
beer_name,1362,Axe Head Malt Liquor,axe head malt liquor
beer_name,1363,Huber Bock (2014),huber bock (2014)
beer_name,1364,Minhas Light (2012),minhas light (2012)
beer_name,1365,Huber,huber
beer_name,1366,Clear Creek Ice,clear creek ice
beer_name,1367,Clear Creek Ice,clear creek ice
beer_name,1368,Mountain Crest,mountain crest
beer_name,1369,Mountain Crest,mountain crest
beer_name,1370,Mountain Creek (2013),mountain creek (2013)
beer_name,1371,Boxer,boxer
beer_name,1372,Boxer Light,boxer light
beer_name,1373,Boxer Ice,boxer ice
beer_name,1374,Boxer,boxer
beer_name,1375,Cortez Gold,cortez gold
beer_name,1376,Mission IPA,mission ipa
beer_name,1377,El Conquistador Extra Pale Ale,el conquistador extra pale ale
beer_name,1378,Shipwrecked Double IPA,shipwrecked double ipa
beer_name,1379,Squeaky Bike Nut Brown Ale,squeaky bike nut brown ale
beer_name,1380,Dead Horse Amber,dead horse amber
beer_name,1381,Rocket Bike American Lager,rocket bike american lager
beer_name,1382,Johnny's American IPA,johnny's american ipa
beer_name,1383,Boneshaker Brown Ale,boneshaker brown ale
beer_name,1384,Iron Mike Pale Ale,iron mike pale ale
beer_name,1385,Monkadelic,monkadelic
beer_name,1386,City of the Sun,city of the sun
beer_name,1387,Booming Rollers,booming rollers
beer_name,1388,Oneida,oneida
beer_name,1389,Aurora,aurora
beer_name,1390,Lomaland,lomaland
beer_name,1391,Fortunate Islands,fortunate islands
beer_name,1392,Black House,black house
beer_name,1393,Blazing World,blazing world
beer_name,1394,Wapiti Amber Ale,wapiti amber ale
beer_name,1395,Sweet Georgia Brown,sweet georgia brown
beer_name,1396,Rich Man's IIPA,rich man's iipa
beer_name,1397,Monkey Paw Oatmeal Pale Ale,monkey paw oatmeal pale ale
beer_name,1398,Montauk Summer Ale,montauk summer ale
beer_name,1399,Driftwood Ale,driftwood ale
beer_name,1400,When Helles Freezes Over,when helles freezes over
beer_name,1401,Morgan Street Oktoberfest,morgan street oktoberfest
beer_name,1402,Honey Wheat,honey wheat
beer_name,1403,Black Bear Dark Lager,black bear dark lager
beer_name,1404,Golden Pilsner,golden pilsner
beer_name,1405,Cali Creamin',cali creamin'
beer_name,1406,Second Wind Pale Ale,second wind pale ale
beer_name,1407,Sunny Haze,sunny haze
beer_name,1408,Towhead,towhead
beer_name,1409,Lil' Helper,lil' helper
beer_name,1410,Train Wreck,train wreck
beer_name,1411,Full Moon Belgian White Ale,full moon belgian white ale
beer_name,1412,Desert Magic IPA,desert magic ipa
beer_name,1413,Up River Light,up river light
beer_name,1414,Full Moon Belgian White Ale (2007),full moon belgian white ale (2007)
beer_name,1415,Dry Heat Hefeweizen (2006),dry heat hefeweizen (2006)
beer_name,1416,Mustang Sixty-Six,mustang sixty-six
beer_name,1417,Mustang '33,mustang '33
beer_name,1418,Session '33 (2011),session '33 (2011)
beer_name,1419,Mustang Golden Ale,mustang golden ale
beer_name,1420,Washita Wheat,washita wheat
beer_name,1421,Gansett Light,gansett light
beer_name,1422,Bohemian Pils,bohemian pils
beer_name,1423,Autocrat Coffee Milk Stout,autocrat coffee milk stout
beer_name,1424,Narragansett Bohemian Pilsner,narragansett bohemian pilsner
beer_name,1425,Narragansett Summer Ale,narragansett summer ale
beer_name,1426,Narragansett Cream Ale,narragansett cream ale
beer_name,1427,Narragansett Summer Ale,narragansett summer ale
beer_name,1428,Narragansett Porter,narragansett porter
beer_name,1429,Narragansett Bock,narragansett bock
beer_name,1430,Narragansett Fest Lager,narragansett fest lager
beer_name,1431,Undun Blonde Ale,undun blonde ale
beer_name,1432,CuDa Cascadian Dark Ale,cuda cascadian dark ale
beer_name,1433,Old Grogham Imperial India Pale Ale,old grogham imperial india pale ale
beer_name,1434,Old Grogham Imperial India Pale Ale (2012),old grogham imperial india pale ale (2012)
beer_name,1435,CuDa Cascadian Dark Ale (2012),cuda cascadian dark ale (2012)
beer_name,1436,Undun Blonde Ale (2012),undun blonde ale (2012)
beer_name,1437,Wick For Brains,wick for brains
beer_name,1438,Nebraska India Pale Ale,nebraska india pale ale
beer_name,1439,EOS Hefeweizen,eos hefeweizen
beer_name,1440,Brunette Nut Brown Ale,brunette nut brown ale
beer_name,1441,Cardinal Pale Ale,cardinal pale ale
beer_name,1442,County Line IPA,county line ipa
beer_name,1443,Trauger Pilsner,trauger pilsner
beer_name,1444,Slow Ride,slow ride
beer_name,1445,Ranger IPA,ranger ipa
beer_name,1446,Shift,shift
beer_name,1447,1554 Black Lager,1554 black lager
beer_name,1448,Blue Paddle,blue paddle
beer_name,1449,California Route,california route
beer_name,1450,Snapshot,snapshot
beer_name,1451,Sunshine Wheat Beer,sunshine wheat beer
beer_name,1452,Fat Tire Amber Ale,fat tire amber ale
beer_name,1453,Shift (1),shift (1)
beer_name,1454,Fat Tire Amber Ale (2011),fat tire amber ale (2011)
beer_name,1455,Shift,shift
beer_name,1456,Ranger IPA,ranger ipa
beer_name,1457,Fat Tire Amber Ale,fat tire amber ale
beer_name,1458,Ranger IPA (Current),ranger ipa (current)
beer_name,1459,Sunshine Wheat Beer (2009),sunshine wheat beer (2009)
beer_name,1460,Fat Tire Amber Ale (2008),fat tire amber ale (2008)
beer_name,1461,Weiss Trash Culture,weiss trash culture
beer_name,1462,Sea Hag IPA,sea hag ipa
beer_name,1463,Elm City Pilsner,elm city pilsner
beer_name,1464,Atlantic Amber Ale (2004),atlantic amber ale (2004)
beer_name,1465,668 Neighbor of the Beast12 oz.,668 neighbor of the beast12 oz.
beer_name,1466,Gandhi-Bot Double IPA (12 oz.),gandhi-bot double ipa (12 oz.)
beer_name,1467,668 Neighbor of the Beast (16 oz.) (2010),668 neighbor of the beast (16 oz.) (2010)
beer_name,1468,Gandhi-Bot Double IPA (16 oz.) (2010),gandhi-bot double ipa (16 oz.) (2010)
beer_name,1469,Elm City Lager (2007),elm city lager (2007)
beer_name,1470,Atlantic Amber Ale (2007),atlantic amber ale (2007)
beer_name,1471,Sea Hag IPA (Current),sea hag ipa (current)
beer_name,1472,Rebirth Pale Ale,rebirth pale ale
beer_name,1473,Irish Channel Stout,irish channel stout
beer_name,1474,MechaHopzilla,mechahopzilla
beer_name,1475,Hopitoulas IPA,hopitoulas ipa
beer_name,1476,NOLA Brown Ale,nola brown ale
beer_name,1477,NOLA Blonde Ale,nola blonde ale
beer_name,1478,Skylight,skylight
beer_name,1479,Kadigan,kadigan
beer_name,1480,Dammit Jim!,dammit jim!
beer_name,1481,Nut Brown Ale,nut brown ale
beer_name,1482,White Ale,white ale
beer_name,1483,Cream Ale,cream ale
beer_name,1484,Green Head IPA,green head ipa
beer_name,1485,Plum Island Belgian White,plum island belgian white
beer_name,1486,Newburyport Pale Ale,newburyport pale ale
beer_name,1487,Marblehead,marblehead
beer_name,1488,Jam Session,jam session
beer_name,1489,Hop Drop 'N Roll IPA,hop drop 'n roll ipa
beer_name,1490,Paleo IPA,paleo ipa
beer_name,1491,Buck Snort Stout,buck snort stout
beer_name,1492,Station 33 Firehouse Red,station 33 firehouse red
beer_name,1493,Slimy Pebble Pils,slimy pebble pils
beer_name,1494,Get Together,get together
beer_name,1495,Maggie's Leap,maggie's leap
beer_name,1496,Wall's End,wall's end
beer_name,1497,Pumpion,pumpion
beer_name,1498,Stronghold,stronghold
beer_name,1499,Parapet ESB,parapet esb
beer_name,1500,Blue Boots IPA,blue boots ipa
beer_name,1501,Hoppy Bitch IPA,hoppy bitch ipa
beer_name,1502,Three Skulls Ale Pale Ale,three skulls ale pale ale
beer_name,1503,Walter's Premium Pilsener Beer,walter's premium pilsener beer
beer_name,1504,Floppin' Crappie,floppin' crappie
beer_name,1505,Left of the Dial IPA,left of the dial ipa
beer_name,1506,Notch Session Pils,notch session pils
beer_name,1507,O'Fallon Pumpkin Beer,o'fallon pumpkin beer
beer_name,1508,5 Day IPA,5 day ipa
beer_name,1509,O'Fallon Wheach,o'fallon wheach
beer_name,1510,Watershed IPA,watershed ipa
beer_name,1511,Oakshire Amber Ale,oakshire amber ale
beer_name,1512,Overcast Espresso Stout,overcast espresso stout
beer_name,1513,Watershed IPA (2013),watershed ipa (2013)
beer_name,1514,Lake Monster,lake monster
beer_name,1515,London Homesick Ale,london homesick ale
beer_name,1516,Luchesa Lager,luchesa lager
beer_name,1517,Slow Ride,slow ride
beer_name,1518,Occidental Hefeweizen,occidental hefeweizen
beer_name,1519,Occidental Dunkel,occidental dunkel
beer_name,1520,Occidental Altbier,occidental altbier
beer_name,1521,Occidental K?lsch,occidental k?lsch
beer_name,1522,Perpetual Darkness,perpetual darkness
beer_name,1523,Clan Warrior,clan warrior
beer_name,1524,Psycho Penguin Vanilla Porter,psycho penguin vanilla porter
beer_name,1525,Heliocentric Hefeweizen,heliocentric hefeweizen
beer_name,1526,Ghose Drifter Pale Ale,ghose drifter pale ale
beer_name,1527,Ghost Rider Pale Ale (2013),ghost rider pale ale (2013)
beer_name,1528,Helios Hefeweizen (2013),helios hefeweizen (2013)
beer_name,1529,The Hole in Hadrian's Wall,the hole in hadrian's wall
beer_name,1530,33 Select Brown Ale,33 select brown ale
beer_name,1531,Midwest Charm Farmhouse Ale,midwest charm farmhouse ale
beer_name,1532,Boji Blue Pale Ale,boji blue pale ale
beer_name,1533,Winter Games Select #32 Stout,winter games select #32 stout
beer_name,1534,Boji Beach Golden Rye Ale,boji beach golden rye ale
beer_name,1535,Hopsmith Pale Lager,hopsmith pale lager
beer_name,1536,Falling Down Brown Ale,falling down brown ale
beer_name,1537,Resolution Rye Stout,resolution rye stout
beer_name,1538,Plowshare Porter,plowshare porter
beer_name,1539,Old Forge Pumpkin Ale,old forge pumpkin ale
beer_name,1540,Endless Sun Ale,endless sun ale
beer_name,1541,Celestial Blonde Ale,celestial blonde ale
beer_name,1542,Overbite IPA,overbite ipa
beer_name,1543,T-Rail Pale Ale,t-rail pale ale
beer_name,1544,Endless Summer Ale (2011),endless summer ale (2011)
beer_name,1545,Clem's Gold,clem's gold
beer_name,1546,Lizzy's Red,lizzy's red
beer_name,1547,Orlison India Pale Lager,orlison india pale lager
beer_name,1548,Brünette,brünette
beer_name,1549,Havanüther,havanüther
beer_name,1550,Lyric Ale,lyric ale
beer_name,1551,Atalanta,atalanta
beer_name,1552,Pinner Throwback IPA,pinner throwback ipa
beer_name,1553,Centennial State Pale Ale,centennial state pale ale
beer_name,1554,Old Chub NITRO,old chub nitro
beer_name,1555,The CROWLER??,the crowler??
beer_name,1556,CAN'D AID Foundation,can'd aid foundation
beer_name,1557,Icey.P.A.,icey.p.a.
beer_name,1558,One Nut Brown,one nut brown
beer_name,1559,Birth IPA,birth ipa
beer_name,1560,Dale's Pale Ale,dale's pale ale
beer_name,1561,Dale's Pale Ale,dale's pale ale
beer_name,1562,Mama's Little Yella Pils,mama's little yella pils
beer_name,1563,oSKAr the G'Rauch,oskar the g'rauch
beer_name,1564,oSKAr the G'Rauch,oskar the g'rauch
beer_name,1565,Dale's Pale Ale,dale's pale ale
beer_name,1566,The Deuce,the deuce
beer_name,1567,Dale's Pale Ale (10 Year Anniversary),dale's pale ale (10 year anniversary)
beer_name,1568,Dale's Pale Ale (2012),dale's pale ale (2012)
beer_name,1569,Gordon Imperial Red (2010),gordon imperial red (2010)
beer_name,1570,Dale's Pale Ale (2011),dale's pale ale (2011)
beer_name,1571,Dale's Pale Ale (2010),dale's pale ale (2010)
beer_name,1572,G'KNIGHT (16 oz.),g'knight (16 oz.)
beer_name,1573,15th Anniversary Abbey Ale (2012),15th anniversary abbey ale (2012)
beer_name,1574,Chaka,chaka
beer_name,1575,HGH (Home Grown Hops): Part Duh,hgh (home grown hops): part duh
beer_name,1576,Deviant Dale's IPA,deviant dale's ipa
beer_name,1577,One Hit Wonder,one hit wonder
beer_name,1578,G'KNIGHT (12 oz.),g'knight (12 oz.)
beer_name,1579,Ten Fidy Imperial Stout,ten fidy imperial stout
beer_name,1580,Mama's Little Yella Pils,mama's little yella pils
beer_name,1581,GUBNA Imperial IPA,gubna imperial ipa
beer_name,1582,Old Chub,old chub
beer_name,1583,Gordon Ale (2009),gordon ale (2009)
beer_name,1584,Dale's Pale Ale,dale's pale ale
beer_name,1585,Gordon (2005),gordon (2005)
beer_name,1586,Ten Fidy Imperial Stout (2008),ten fidy imperial stout (2008)
beer_name,1587,Ten Fidy Imperial Stout (2007),ten fidy imperial stout (2007)
beer_name,1588,Old Chub (2008),old chub (2008)
beer_name,1589,Old Chub (2004),old chub (2004)
beer_name,1590,Old Chub (2003),old chub (2003)
beer_name,1591,Dale's Pale Ale (2008),dale's pale ale (2008)
beer_name,1592,Dale's Pale Ale (2006),dale's pale ale (2006)
beer_name,1593,Dale's Pale Ale (2004),dale's pale ale (2004)
beer_name,1594,Dale's Pale Ale (2003),dale's pale ale (2003)
beer_name,1595,Dale's Pale Ale (2002),dale's pale ale (2002)
beer_name,1596,Leroy (2005),leroy (2005)
beer_name,1597,Gordon Beer (2006),gordon beer (2006)
beer_name,1598,G'KNIGHT,g'knight
beer_name,1599,Ten Fidy,ten fidy
beer_name,1600,Deviant Dale's IPA,deviant dale's ipa
beer_name,1601,Old Chub,old chub
beer_name,1602,Dale's Pale Ale,dale's pale ale
beer_name,1603,Dale's Pale Ale,dale's pale ale
beer_name,1604,Fresh Slice White IPA,fresh slice white ipa
beer_name,1605,Overgrown American Pale Ale,overgrown american pale ale
beer_name,1606,Ozark American Pale Ale,ozark american pale ale
beer_name,1607,Hula Hoppie Session IPA,hula hoppie session ipa
beer_name,1608,Dirty Hippie Dark Wheat,dirty hippie dark wheat
beer_name,1609,Rustic Red,rustic red
beer_name,1610,Stimulator Pale Ale,stimulator pale ale
beer_name,1611,Old Town Ale,old town ale
beer_name,1612,Car 21,car 21
beer_name,1613,Cache La Porter,cache la porter
beer_name,1614,Rodeo Rye Pale Ale,rodeo rye pale ale
beer_name,1615,Outlaw IPA,outlaw ipa
beer_name,1616,North Fork Lager,north fork lager
beer_name,1617,Payette Pale Ale,payette pale ale
beer_name,1618,Mutton Buster,mutton buster
beer_name,1619,Side Kick K?lsch,side kick k?lsch
beer_name,1620,Fresh Cut Pilsner,fresh cut pilsner
beer_name,1621,Summer Session Ale,summer session ale
beer_name,1622,Lobo Lito,lobo lito
beer_name,1623,Robert Earl Keen Honey Pils,robert earl keen honey pils
beer_name,1624,Mound Builder IPA,mound builder ipa
beer_name,1625,Amazon Princess IPA,amazon princess ipa
beer_name,1626,Farmer's Daughter Wheat,farmer's daughter wheat
beer_name,1627,People's Pilsner,people's pilsner
beer_name,1628,Hotbox Brown,hotbox brown
beer_name,1629,Gold,gold
beer_name,1630,Black,black
beer_name,1631,98 Problems (Cuz A Hop Ain't One),98 problems (cuz a hop ain't one)
beer_name,1632,Veteran’s Pale Ale (VPA),veteran’s pale ale (vpa)
beer_name,1633,Grapefruit IPA,grapefruit ipa
beer_name,1634,Pete's ESP Lager (1998),pete's esp lager (1998)
beer_name,1635,Pete's Wicked Summer Brew (1995),pete's wicked summer brew (1995)
beer_name,1636,Pete's Wicked Bohemian Pilsner (1997),pete's wicked bohemian pilsner (1997)
beer_name,1637,Pete's Wicked Pale Ale (1997),pete's wicked pale ale (1997)
beer_name,1638,Pete's Wicked Summer Brew (2002),pete's wicked summer brew (2002)
beer_name,1639,Pete's Wicked Summer Brew (1997),pete's wicked summer brew (1997)
beer_name,1640,Pete's Wicked Summer Brew (1996),pete's wicked summer brew (1996)
beer_name,1641,Sparkle,sparkle
beer_name,1642,North 45 Amber Ale,north 45 amber ale
beer_name,1643,Horny Monk,horny monk
beer_name,1644,Mind's Eye PA,mind's eye pa
beer_name,1645,Camelback,camelback
beer_name,1646,Local 5 Pale Ale,local 5 pale ale
beer_name,1647,Devils Head Red Ale,devils head red ale
beer_name,1648,Elephant Rock IPA,elephant rock ipa
beer_name,1649,Black Bay Milk Stout,black bay milk stout
beer_name,1650,Atom Splitter Pale Ale,atom splitter pale ale
beer_name,1651,Hot Date Ale,hot date ale
beer_name,1652,Masked Bandit IPA,masked bandit ipa
beer_name,1653,Sweet Potato Ale,sweet potato ale
beer_name,1654,Float Trip Ale,float trip ale
beer_name,1655,Old Tom Porter,old tom porter
beer_name,1656,Black Walnut Wheat,black walnut wheat
beer_name,1657,McKinney Eddy Amber Ale,mckinney eddy amber ale
beer_name,1658,Missouri Mule India Pale Ale,missouri mule india pale ale
beer_name,1659,Blood of the Unicorn,blood of the unicorn
beer_name,1660,GreyBeard??IPA,greybeard??ipa
beer_name,1661,Pisgah Pale Ale,pisgah pale ale
beer_name,1662,PONTO S.I.P.A.,ponto s.i.p.a.
beer_name,1663,Chronic Ale,chronic ale
beer_name,1664,Swami's India Pale Ale,swami's india pale ale
beer_name,1665,New Cleveland Palesner,new cleveland palesner
beer_name,1666,Mazzie,mazzie
beer_name,1667,Big Chuck Barleywine,big chuck barleywine
beer_name,1668,Ponderosa IPA,ponderosa ipa
beer_name,1669,Liquid Amber Ale,liquid amber ale
beer_name,1670,Morning Wood Wheat (Current),morning wood wheat (current)
beer_name,1671,Hideout Helles,hideout helles
beer_name,1672,Dead Eye Dunkel,dead eye dunkel
beer_name,1673,Peacemaker Pilsner,peacemaker pilsner
beer_name,1674,Over the Rail Pale Ale,over the rail pale ale
beer_name,1675,Pallavicini Pilsner (2009),pallavicini pilsner (2009)
beer_name,1676,Morning Wood Wheat (Current),morning wood wheat (current)
beer_name,1677,Pyramid Hefeweizen (2011),pyramid hefeweizen (2011)
beer_name,1678,Haywire Hefeweizen (2010),haywire hefeweizen (2010)
beer_name,1679,Golden Fleece,golden fleece
beer_name,1680,Smoking Mirror,smoking mirror
beer_name,1681,Rahr's Blonde,rahr's blonde
beer_name,1682,Pride of Texas Pale Ale,pride of texas pale ale
beer_name,1683,18th Anniversary Gose,18th anniversary gose
beer_name,1684,White (2015),white (2015)
beer_name,1685,BLAKKR,blakkr
beer_name,1686,Firemans #4 Blonde Ale (2013),firemans #4 blonde ale (2013)
beer_name,1687,The Sword Iron Swan Ale,the sword iron swan ale
beer_name,1688,Hans' Pils (2015),hans' pils (2015)
beer_name,1689,Four Squared (2015),four squared (2015)
beer_name,1690,Firemans #4 Blonde Ale (2015),firemans #4 blonde ale (2015)
beer_name,1691,Watership Brown Ale,watership brown ale
beer_name,1692,Gangway IPA,gangway ipa
beer_name,1693,Long Day Lager,long day lager
beer_name,1694,Farmer's Daughter Blonde,farmer's daughter blonde
beer_name,1695,Pump House IPA,pump house ipa
beer_name,1696,Suicide Blonde IPA,suicide blonde ipa
beer_name,1697,Vanilla Porter,vanilla porter
beer_name,1698,Honey Rye,honey rye
beer_name,1699,Happy Cider,happy cider
beer_name,1700,Long Hammer IPA,long hammer ipa
beer_name,1701,Long Hammer IPA,long hammer ipa
beer_name,1702,Copper Hook (2011),copper hook (2011)
beer_name,1703,Nectar of the Hops,nectar of the hops
beer_name,1704,Sunshine Nectar,sunshine nectar
beer_name,1705,Black Raspberry Nectar,black raspberry nectar
beer_name,1706,Blood Orange Wit,blood orange wit
beer_name,1707,Consilium,consilium
beer_name,1708,Hammer & Sickle,hammer & sickle
beer_name,1709,Redacted Rye IPA,redacted rye ipa
beer_name,1710,Elevation Triple India Pale Ale,elevation triple india pale ale
beer_name,1711,5:00 O'Clock Afternoon Ale,5:00 o'clock afternoon ale
beer_name,1712,Ryeteous Rye IPA (2012),ryeteous rye ipa (2012)
beer_name,1713,Stout Ol' Friend,stout ol' friend
beer_name,1714,Stout Ol' Friend (2012),stout ol' friend (2012)
beer_name,1715,Rye Porter,rye porter
beer_name,1716,Miner's Gold,miner's gold
beer_name,1717,Vienna Lager,vienna lager
beer_name,1718,Jessie's Garage,jessie's garage
beer_name,1719,Colorado Red Ale,colorado red ale
beer_name,1720,Miner's Gold,miner's gold
beer_name,1721,Fist City,fist city
beer_name,1722,A Little Crazy,a little crazy
beer_name,1723,Rosa Hibiscus Ale,rosa hibiscus ale
beer_name,1724,Fistmas Ale,fistmas ale
beer_name,1725,Oktoberfest Revolution,oktoberfest revolution
beer_name,1726,Eugene Porter,eugene porter
beer_name,1727,Anti-Hero IPA,anti-hero ipa
beer_name,1728,Bottom Up Belgian Wit,bottom up belgian wit
beer_name,1729,Hustle,hustle
beer_name,1730,Pure Fury,pure fury
beer_name,1731,Dad,dad
beer_name,1732,Panther,panther
beer_name,1733,Franz,franz
beer_name,1734,Zen,zen
beer_name,1735,Truth,truth
beer_name,1736,Cougar,cougar
beer_name,1737,Smooth Operator,smooth operator
beer_name,1738,Gose,gose
beer_name,1739,Maine Island Trail Ale,maine island trail ale
beer_name,1740,River North White Ale,river north white ale
beer_name,1741,River North Ale,river north ale
beer_name,1742,Lil SIPA,lil sipa
beer_name,1743,Hop Bomber Rye Pale Ale,hop bomber rye pale ale
beer_name,1744,Jah Mon,jah mon
beer_name,1745,Oktoberfest,oktoberfest
beer_name,1746,Headless Wylie,headless wylie
beer_name,1747,Dayman IPA,dayman ipa
beer_name,1748,All Aboard! Anniversary Stout,all aboard! anniversary stout
beer_name,1749,Hop Lace,hop lace
beer_name,1750,OH-PA Session Pale Ale,oh-pa session pale ale
beer_name,1751,Patrick's Poison,patrick's poison
beer_name,1752,Rudolph's Red,rudolph's red
beer_name,1753,Babbling Blonde,babbling blonde
beer_name,1754,Maxwell's Scottish Ale,maxwell's scottish ale
beer_name,1755,Grateful White,grateful white
beer_name,1756,RT Lager,rt lager
beer_name,1757,Old Wylie's IPA,old wylie's ipa
beer_name,1758,Hala Kahiki Pineapple Beer,hala kahiki pineapple beer
beer_name,1759,Track 1 Amber Lager,track 1 amber lager
beer_name,1760,Pine Knob Pilsner,pine knob pilsner
beer_name,1761,Cal and Co. Black Cherry Porter,cal and co. black cherry porter
beer_name,1762,Lazy Daze Lager,lazy daze lager
beer_name,1763,Rochester Red Ale,rochester red ale
beer_name,1764,Milkshake Stout,milkshake stout
beer_name,1765,Cornerstone IPA,cornerstone ipa
beer_name,1766,Lazy Daze Lager,lazy daze lager
beer_name,1767,Rogue American Amber Ale,rogue american amber ale
beer_name,1768,12th Round,12th round
beer_name,1769,RoughTail IPA,roughtail ipa
beer_name,1770,Polar Night Stout,polar night stout
beer_name,1771,Sundown,sundown
beer_name,1772,Sanctified,sanctified
beer_name,1773,Fear of a Brett Planet,fear of a brett planet
beer_name,1774,Original Slacker Ale,original slacker ale
beer_name,1775,Alpha Blackback,alpha blackback
beer_name,1776,Kiss Off IPA,kiss off ipa
beer_name,1777,Dog Days Summer Ale,dog days summer ale
beer_name,1778,1881 California Red,1881 california red
beer_name,1779,CAPT Black IPA,capt black ipa
beer_name,1780,Ruhstaller's Gilt Edge Lager Beer,ruhstaller's gilt edge lager beer
beer_name,1781,CAPT Black IPA,capt black ipa
beer_name,1782,1881 California Red Ale,1881 california red ale
beer_name,1783,Saint Archer White Ale,saint archer white ale
beer_name,1784,Saint Archer IPA,saint archer ipa
beer_name,1785,Saint Archer Pale Ale,saint archer pale ale
beer_name,1786,Saint Archer Blonde,saint archer blonde
beer_name,1787,Sex Panther,sex panther
beer_name,1788,Winter Warmer (Vault Series),winter warmer (vault series)
beer_name,1789,Count Hopula (Vault Series),count hopula (vault series)
beer_name,1790,Oktoberfest,oktoberfest
beer_name,1791,SunSpot Golden Ale,sunspot golden ale
beer_name,1792,I.W.A. (2011),i.w.a. (2011)
beer_name,1793,Supermonk I.P.A.,supermonk i.p.a.
beer_name,1794,Epicenter Amber Ale,epicenter amber ale
beer_name,1795,SanTan HefeWeizen,santan hefeweizen
beer_name,1796,Hop Shock IPA,hop shock ipa
beer_name,1797,Sex Panther (2014),sex panther (2014)
beer_name,1798,Devil’s Ale,devil’s ale
beer_name,1799,Rail Slide Imperial Spiced Ale,rail slide imperial spiced ale
beer_name,1800,Mr. Pineapple,mr. pineapple
beer_name,1801,American Idiot Ale (2012),american idiot ale (2012)
beer_name,1802,Hop Shock IPA (2010),hop shock ipa (2010)
beer_name,1803,SanTan HefeWeizen (2010),santan hefeweizen (2010)
beer_name,1804,Devil’s Ale (2010),devil’s ale (2010)
beer_name,1805,Epicenter Amber Ale (2010),epicenter amber ale (2010)
beer_name,1806,Sanitas Saison Ale,sanitas saison ale
beer_name,1807,Sanitas Black IPA,sanitas black ipa
beer_name,1808,Giant DIPA,giant dipa
beer_name,1809,Dread Brown Ale,dread brown ale
beer_name,1810,Casinos IPA,casinos ipa
beer_name,1811,Saison 88,saison 88
beer_name,1812,Black IPA,black ipa
beer_name,1813,Santa Fe Irish Red Ale,santa fe irish red ale
beer_name,1814,Santa Fe Oktoberfest,santa fe oktoberfest
beer_name,1815,Imperial Java Stout,imperial java stout
beer_name,1816,Freestyle Pilsner,freestyle pilsner
beer_name,1817,Happy Camper IPA,happy camper ipa
beer_name,1818,Oval Beach Blonde Ale,oval beach blonde ale
beer_name,1819,Oak Aged Cider,oak aged cider
beer_name,1820,Ginger Cider,ginger cider
beer_name,1821,Schilling Hard Cider,schilling hard cider
beer_name,1822,Schlafly Yakima Wheat Ale,schlafly yakima wheat ale
beer_name,1823,Schlafly Black Lager,schlafly black lager
beer_name,1824,Schlafly IPA,schlafly ipa
beer_name,1825,Schlafly American Brown Ale,schlafly american brown ale
beer_name,1826,Schlafly Hefeweizen,schlafly hefeweizen
beer_name,1827,Schlafly Summer Lager,schlafly summer lager
beer_name,1828,Sea Dog Wild Blueberry Wheat Ale,sea dog wild blueberry wheat ale
beer_name,1829,Blur India Pale Ale,blur india pale ale
beer_name,1830,Dry Cider,dry cider
beer_name,1831,Dry Hard Cider,dry hard cider
beer_name,1832,Frankenlou's IPA,frankenlou's ipa
beer_name,1833,Becky's Black Cat Porter,becky's black cat porter
beer_name,1834,Seventh Son of a Seventh Son,seventh son of a seventh son
beer_name,1835,Stone Fort Brown Ale,stone fort brown ale
beer_name,1836,Seventh Son Hopped Red Ale,seventh son hopped red ale
beer_name,1837,Humulus Nimbus Super Pale Ale,humulus nimbus super pale ale
beer_name,1838,Golden Ratio IPA,golden ratio ipa
beer_name,1839,Black Hop IPA,black hop ipa
beer_name,1840,Archer's Ale (2004),archer's ale (2004)
beer_name,1841,Monkey Fist IPA,monkey fist ipa
beer_name,1842,Shipyard Summer Ale,shipyard summer ale
beer_name,1843,Pumpkinhead Ale,pumpkinhead ale
beer_name,1844,Shipyard Export,shipyard export
beer_name,1845,Nooner,nooner
beer_name,1846,Torpedo,torpedo
beer_name,1847,Yonder Bock,yonder bock
beer_name,1848,CANfusion Rye Bock,canfusion rye bock
beer_name,1849,Sierra Nevada Pale Ale,sierra nevada pale ale
beer_name,1850,Old Chico Crystal Wheat,old chico crystal wheat
beer_name,1851,Summerfest,summerfest
beer_name,1852,Torpedo,torpedo
beer_name,1853,Sierra Nevada Pale Ale,sierra nevada pale ale
beer_name,1854,Sietsema Red Label,sietsema red label
beer_name,1855,Bear Ass Brown,bear ass brown
beer_name,1856,Red Mountain Ale,red mountain ale
beer_name,1857,Ice Pick Ale,ice pick ale
beer_name,1858,4Beans,4beans
beer_name,1859,Jammer,jammer
beer_name,1860,Abigale,abigale
beer_name,1861,Rad,rad
beer_name,1862,Bengali,bengali
beer_name,1863,Sensi Harvest,sensi harvest
beer_name,1864,Hi-Res,hi-res
beer_name,1865,Global Warmer,global warmer
beer_name,1866,Autumnation (2013),autumnation (2013)
beer_name,1867,The Crisp,the crisp
beer_name,1868,Sweet Action,sweet action
beer_name,1869,Righteous Ale,righteous ale
beer_name,1870,Bengali Tiger,bengali tiger
beer_name,1871,3Beans,3beans
beer_name,1872,Brownstone,brownstone
beer_name,1873,Apollo,apollo
beer_name,1874,Harbinger,harbinger
beer_name,1875,Resin,resin
beer_name,1876,Diesel,diesel
beer_name,1877,Autumnation (2011-12) (2011),autumnation (2011-12) (2011)
beer_name,1878,The Crisp (2011),the crisp (2011)
beer_name,1879,Sweet Action (2011),sweet action (2011)
beer_name,1880,Righteous Ale (2011),righteous ale (2011)
beer_name,1881,Bengali Tiger (2011),bengali tiger (2011)
beer_name,1882,Rudie Session IPA,rudie session ipa
beer_name,1883,Taster's Choice,taster's choice
beer_name,1884,Modus Hoperandi,modus hoperandi
beer_name,1885,Estival Cream Stout,estival cream stout
beer_name,1886,Vernal Minthe Stout,vernal minthe stout
beer_name,1887,Hibernal Vinifera Stout,hibernal vinifera stout
beer_name,1888,Autumnal Molé Stout,autumnal molé stout
beer_name,1889,Mexican Logger,mexican logger
beer_name,1890,True Blonde Ale,true blonde ale
beer_name,1891,Euphoria Pale Ale,euphoria pale ale
beer_name,1892,ESB Special Ale,esb special ale
beer_name,1893,Modus Hoperandi,modus hoperandi
beer_name,1894,Iron Butt Red Ale,iron butt red ale
beer_name,1895,Initial Point India Pale Ale,initial point india pale ale
beer_name,1896,Monkey Dancing On A Razor Blade,monkey dancing on a razor blade
beer_name,1897,Tripel Deke,tripel deke
beer_name,1898,Urban Wilderness Pale Ale,urban wilderness pale ale
beer_name,1899,Homefront IPA,homefront ipa
beer_name,1900,Sly Fox Christmas Ale 2013,sly fox christmas ale 2013
beer_name,1901,Grisette,grisette
beer_name,1902,360° India Pale Ale,360° india pale ale
beer_name,1903,Helles Golden Lager,helles golden lager
beer_name,1904,Sly Fox Christmas Ale 2012 (2012),sly fox christmas ale 2012 (2012)
beer_name,1905,Odyssey Imperial IPA,odyssey imperial ipa
beer_name,1906,Oktoberfest Lager,oktoberfest lager
beer_name,1907,113 IPA,113 ipa
beer_name,1908,Dunkel Lager,dunkel lager
beer_name,1909,Royal Weisse Ale,royal weisse ale
beer_name,1910,Pikeland Pils,pikeland pils
beer_name,1911,Phoenix Pale Ale,phoenix pale ale
beer_name,1912,Rule G IPA,rule g ipa
beer_name,1913,Murphy's Law,murphy's law
beer_name,1914,Alter Ego,alter ego
beer_name,1915,Monarch Pilsner,monarch pilsner
beer_name,1916,Snow King Pale Ale,snow king pale ale
beer_name,1917,Zonker Stout,zonker stout
beer_name,1918,OB-1 Organic Ale,ob-1 organic ale
beer_name,1919,Snake River Lager,snake river lager
beer_name,1920,Snake River Pale Ale,snake river pale ale
beer_name,1921,Pako’s EyePA,pako’s eyepa
beer_name,1922,Thanksgiving Ale,thanksgiving ale
beer_name,1923,Double Dagger Imperial IPA,double dagger imperial ipa
beer_name,1924,Dagger Falls IPA,dagger falls ipa
beer_name,1925,Dagger Falls IPA,dagger falls ipa
beer_name,1926,Socktoberfest,socktoberfest
beer_name,1927,Hopnoxious Imperial IPA,hopnoxious imperial ipa
beer_name,1928,Barrel Aged Seven Devils Imperial Stout,barrel aged seven devils imperial stout
beer_name,1929,Boise Co-Op Two Score Ale,boise co-op two score ale
beer_name,1930,Sockeye Belgian Style Summer Ale,sockeye belgian style summer ale
beer_name,1931,Sockeye Maibock,sockeye maibock
beer_name,1932,Old Devil's Tooth,old devil's tooth
beer_name,1933,Galena Golden,galena golden
beer_name,1934,Hell-Diver Pale Ale,hell-diver pale ale
beer_name,1935,Woolybugger Wheat,woolybugger wheat
beer_name,1936,Power House Porter,power house porter
beer_name,1937,Winterfest,winterfest
beer_name,1938,Dagger Falls IPA,dagger falls ipa
beer_name,1939,LuckenBock,luckenbock
beer_name,1940,Texas Pale Ale (TPA),texas pale ale (tpa)
beer_name,1941,6 String Saison,6 string saison
beer_name,1942,Kol' Beer,kol' beer
beer_name,1943,Montauk Light,montauk light
beer_name,1944,Na Zdraví Pilsner,na zdraví pilsner
beer_name,1945,Nice Rack IPA,nice rack ipa
beer_name,1946,2014 IPA Cicada Series,2014 ipa cicada series
beer_name,1947,Sinister Minister Black IPA,sinister minister black ipa
beer_name,1948,Jack the Sipper,jack the sipper
beer_name,1949,Devil's Harvest Extra Pale Ale,devil's harvest extra pale ale
beer_name,1950,Suzy B Dirty Blonde Ale,suzy b dirty blonde ale
beer_name,1951,Mississippi Fire Ant,mississippi fire ant
beer_name,1952,Hipster Breakfast,hipster breakfast
beer_name,1953,Suzy B Dirty Blonde Ale,suzy b dirty blonde ale
beer_name,1954,Devil's Harvest Extra Pale Ale,devil's harvest extra pale ale
beer_name,1955,Pine Belt Pale Ale,pine belt pale ale
beer_name,1956,Walloon,walloon
beer_name,1957,Le Mort Vivant,le mort vivant
beer_name,1958,Red Cockaded Ale,red cockaded ale
beer_name,1959,Valkyrie Double IPA,valkyrie double ipa
beer_name,1960,Red Cockaded Ale (2013),red cockaded ale (2013)
beer_name,1961,Old Potentate,old potentate
beer_name,1962,Bombshell Blonde,bombshell blonde
beer_name,1963,PRO-AM (2012) (2012),pro-am (2012) (2012)
beer_name,1964,Walloon (2014),walloon (2014)
beer_name,1965,Le Mort Vivant (2011),le mort vivant (2011)
beer_name,1966,Buried Hatchet Stout,buried hatchet stout
beer_name,1967,Pine Belt Pale Ale,pine belt pale ale
beer_name,1968,Bombshell Blonde,bombshell blonde
beer_name,1969,Baby Daddy Session IPA,baby daddy session ipa
beer_name,1970,Hopluia (2004),hopluia (2004)
beer_name,1971,Ball & Chain (2014),ball & chain (2014)
beer_name,1972,Bitter Biker Double IPA,bitter biker double ipa
beer_name,1973,God Damn Pigeon Porter,god damn pigeon porter
beer_name,1974,Working for the Weekend,working for the weekend
beer_name,1975,Angry Adam,angry adam
beer_name,1976,Freedom Fries,freedom fries
beer_name,1977,Bitter Biker Double IPA,bitter biker double ipa
beer_name,1978,Ghost Bike Pale Ale,ghost bike pale ale
beer_name,1979,Spiteful IPA,spiteful ipa
beer_name,1980,Alley Time,alley time
beer_name,1981,Fat Badger,fat badger
beer_name,1982,In the Weeds,in the weeds
beer_name,1983,Special Amber,special amber
beer_name,1984,Special Amber,special amber
beer_name,1985,Seven Gates Pale Ale,seven gates pale ale
beer_name,1986,Gunga Din,gunga din
beer_name,1987,Starr Pils,starr pils
beer_name,1988,Northern Lights India Pale Ale,northern lights india pale ale
beer_name,1989,Festie,festie
beer_name,1990,Northern Lights India Pale Ale,northern lights india pale ale
beer_name,1991,Third Eye Enlightened Pale Ale,third eye enlightened pale ale
beer_name,1992,Colorado K?lsch,colorado k?lsch
beer_name,1993,Steam Engine Lager,steam engine lager
beer_name,1994,Third Eye Pale Ale,third eye pale ale
beer_name,1995,Point Special (Current),point special (current)
beer_name,1996,Point Special,point special
beer_name,1997,Point Cascade Pale Ale (2013),point cascade pale ale (2013)
beer_name,1998,Point Special,point special
beer_name,1999,Onyx Black Ale,onyx black ale
beer_name,2000,Beyond The Pale IPA,beyond the pale ipa
beer_name,2001,Point Special (2013),point special (2013)
beer_name,2002,Point Special (2012),point special (2012)
beer_name,2003,Point Special Lager,point special lager
beer_name,2004,St. Benedict's Winter Ale,st. benedict's winter ale
beer_name,2005,Point Oktoberfest,point oktoberfest
beer_name,2006,Point Nude Beach Summer Wheat,point nude beach summer wheat
beer_name,2007,Point Nude Beach Summer Wheat,point nude beach summer wheat
beer_name,2008,Point Nude Beach Summer Wheat (2011),point nude beach summer wheat (2011)
beer_name,2009,Drop Dead Blonde,drop dead blonde
beer_name,2010,Three Kings Ale,three kings ale
beer_name,2011,Point Oktoberfest,point oktoberfest
beer_name,2012,2012 Black Ale,2012 black ale
beer_name,2013,Point Nude Beach Summer Wheat (2010),point nude beach summer wheat (2010)
beer_name,2014,Point Cascade Pale Ale,point cascade pale ale
beer_name,2015,Point Amber Classic,point amber classic
beer_name,2016,Point Special Lager,point special lager
beer_name,2017,Wisco Disco,wisco disco
beer_name,2018,Brontide,brontide
beer_name,2019,Brontide,brontide
beer_name,2020,Classique,classique
beer_name,2021,Sunsplash Golden Ale (2004),sunsplash golden ale (2004)
beer_name,2022,Sand Island Lighthouse,sand island lighthouse
beer_name,2023,Lily Flagg Milk Stout,lily flagg milk stout
beer_name,2024,Monkeynaut IPA,monkeynaut ipa
beer_name,2025,Straub Beer (Current),straub beer (current)
beer_name,2026,American Lager,american lager
beer_name,2027,American Amber,american amber
beer_name,2028,American Light,american light
beer_name,2029,Extra Pale Ale,extra pale ale
beer_name,2030,Make It So,make it so
beer_name,2031,Hopvale Organic Ale,hopvale organic ale
beer_name,2032,Unchained #18 Hop Silo,unchained #18 hop silo
beer_name,2033,Tip Off,tip off
beer_name,2034,Java Mac,java mac
beer_name,2035,Cowbell,cowbell
beer_name,2036,Hop Up Offa That Brett (2014),hop up offa that brett (2014)
beer_name,2037,PV Muckle (2013),pv muckle (2013)
beer_name,2038,Bourbon Barrel Batch 666: Sympathy for the Devil,bourbon barrel batch 666: sympathy for the devil
beer_name,2039,Whip Fight,whip fight
beer_name,2040,Port Barrel Wee Mac,port barrel wee mac
beer_name,2041,Fistful Of Hops Red,fistful of hops red
beer_name,2042,Fistful of Hops Orange,fistful of hops orange
beer_name,2043,Fistful Of Hops Blue,fistful of hops blue
beer_name,2044,Fistful of Hops Green,fistful of hops green
beer_name,2045,30 Min Coma,30 min coma
beer_name,2046,Wee Muckle,wee muckle
beer_name,2047,Royal Brat,royal brat
beer_name,2048,Grapefruit Jungle (GFJ),grapefruit jungle (gfj)
beer_name,2049,Osiris Pale Ale,osiris pale ale
beer_name,2050,Bourbon Barrel Aged Timmie,bourbon barrel aged timmie
beer_name,2051,Stupid Sexy Flanders,stupid sexy flanders
beer_name,2052,Bourbon Barrel Cowbell,bourbon barrel cowbell
beer_name,2053,Popcorn Pilsner,popcorn pilsner
beer_name,2054,Ring of Dingle,ring of dingle
beer_name,2055,Bourbon Barrel Wee Mac,bourbon barrel wee mac
beer_name,2056,Bourbon Barrel Johan,bourbon barrel johan
beer_name,2057,The Deuce,the deuce
beer_name,2058,The Velvet Fog,the velvet fog
beer_name,2059,Sun King Oktoberfest,sun king oktoberfest
beer_name,2060,Indianapolis Indians Lager,indianapolis indians lager
beer_name,2061,Indians Victory Lager (2012),indians victory lager (2012)
beer_name,2062,Chaka,chaka
beer_name,2063,Isis,isis
beer_name,2064,Wee Muckle (2011),wee muckle (2011)
beer_name,2065,Grapefruit Jungle (GFJ) (2011),grapefruit jungle (gfj) (2011)
beer_name,2066,Sun King Oktoberfest (2011),sun king oktoberfest (2011)
beer_name,2067,Johan the Barleywine,johan the barleywine
beer_name,2068,Wee Mac Scottish-Style Ale,wee mac scottish-style ale
beer_name,2069,Sunlight Cream Ale,sunlight cream ale
beer_name,2070,Osiris Pale Ale (2010),osiris pale ale (2010)
beer_name,2071,Dam Lager,dam lager
beer_name,2072,Red Clay IPA,red clay ipa
beer_name,2073,Todd the Axe Man,todd the axe man
beer_name,2074,Doomtree,doomtree
beer_name,2075,BLAKKR,blakkr
beer_name,2076,Overrated! West Coast Style IPA,overrated! west coast style ipa
beer_name,2077,WET,wet
beer_name,2078,Bitter Brewer,bitter brewer
beer_name,2079,SurlyFest,surlyfest
beer_name,2080,Coffee Bender,coffee bender
beer_name,2081,Bender,bender
beer_name,2082,Abrasive Ale,abrasive ale
beer_name,2083,Hell,hell
beer_name,2084,CynicAle,cynicale
beer_name,2085,Furious,furious
beer_name,2086,Big Nose,big nose
beer_name,2087,Cotton Mouth,cotton mouth
beer_name,2088,Stump Knocker Pale Ale,stump knocker pale ale
beer_name,2089,Midnight Oil,midnight oil
beer_name,2090,Wild Night,wild night
beer_name,2091,Bermuda Triangle Ginger Beer,bermuda triangle ginger beer
beer_name,2092,Take Two Pils,take two pils
beer_name,2093,Waterkeeper,waterkeeper
beer_name,2094,SweetWater IPA,sweetwater ipa
beer_name,2095,420 Extra Pale Ale,420 extra pale ale
beer_name,2096,Dodgy Knight Imperial IPA,dodgy knight imperial ipa
beer_name,2097,TailGate Saison,tailgate saison
beer_name,2098,TailGate IPA,tailgate ipa
beer_name,2099,TailGate IPA,tailgate ipa
beer_name,2100,TailGate Hefeweizen,tailgate hefeweizen
beer_name,2101,Blacktop Blonde,blacktop blonde
beer_name,2102,Blacktop Blonde,blacktop blonde
beer_name,2103,TailGate Hefeweizen,tailgate hefeweizen
beer_name,2104,Wooden Rooster,wooden rooster
beer_name,2105,Ginger Peach Saison,ginger peach saison
beer_name,2106,Zombie Monkie,zombie monkie
beer_name,2107,Wild Plum Farmhouse Ale,wild plum farmhouse ale
beer_name,2108,Vanilla Bean Buffalo Sweat,vanilla bean buffalo sweat
beer_name,2109,Ethos IPA,ethos ipa
beer_name,2110,Tallgrass Pub Ale,tallgrass pub ale
beer_name,2111,Oasis,oasis
beer_name,2112,Buffalo Sweat,buffalo sweat
beer_name,2113,Halcyon Unfiltered Wheat,halcyon unfiltered wheat
beer_name,2114,8-Bit Pale Ale,8-bit pale ale
beer_name,2115,Velvet Rooster,velvet rooster
beer_name,2116,Halcyon Unfiltered Wheat,halcyon unfiltered wheat
beer_name,2117,K?ld Lager (2010),k?ld lager (2010)
beer_name,2118,Oasis (2010),oasis (2010)
beer_name,2119,Tallgrass Ale,tallgrass ale
beer_name,2120,Buffalo Sweat (2010),buffalo sweat (2010)
beer_name,2121,Tallgrass IPA,tallgrass ipa
beer_name,2122,Hat Trick Hop IPA,hat trick hop ipa
beer_name,2123,Yard Sale Amber Ale,yard sale amber ale
beer_name,2124,Loafin Br?u,loafin br?u
beer_name,2125,Old Elephant Foot IPA,old elephant foot ipa
beer_name,2126,Peck's Porter,peck's porter
beer_name,2127,Reactor,reactor
beer_name,2128,Mr. Orange,mr. orange
beer_name,2129,Deduction,deduction
beer_name,2130,Face Down Brown Ale,face down brown ale
beer_name,2131,Tempter IPA,tempter ipa
beer_name,2132,Bridal Veil Rye Pale Ale,bridal veil rye pale ale
beer_name,2133,Smittytown,smittytown
beer_name,2134,Greenwood Beach,greenwood beach
beer_name,2135,Gatecrasher,gatecrasher
beer_name,2136,RecreationAle,recreationale
beer_name,2137,First Stand,first stand
beer_name,2138,Battle LIne,battle line
beer_name,2139,Broken Bridge,broken bridge
beer_name,2140,Brutus,brutus
beer_name,2141,Petit Mutant,petit mutant
beer_name,2142,The Crusher,the crusher
beer_name,2143,Beelzebub,beelzebub
beer_name,2144,Focal Banger,focal banger
beer_name,2145,Heady Topper,heady topper
beer_name,2146,Heady Topper,heady topper
beer_name,2147,Bomber Mountain Amber Ale (2013),bomber mountain amber ale (2013)
beer_name,2148,Indian Paintbrush IPA,indian paintbrush ipa
beer_name,2149,Saddle Bronc Brown Ale (2013),saddle bronc brown ale (2013)
beer_name,2150,Wagon Box Wheat Beer,wagon box wheat beer
beer_name,2151,Birdhouse Pale Ale,birdhouse pale ale
beer_name,2152,Ozzy,ozzy
beer_name,2153,Resurrection,resurrection
beer_name,2154,Bronx Summer Pale Ale,bronx summer pale ale
beer_name,2155,Bronx Black Pale Ale,bronx black pale ale
beer_name,2156,Bronx Pale Ale,bronx pale ale
beer_name,2157,Surfrider,surfrider
beer_name,2158,Kolschtal Eddy,kolschtal eddy
beer_name,2159,South Bay Session IPA,south bay session ipa
beer_name,2160,Grandma's Pecan,grandma's pecan
beer_name,2161,Double Trunk,double trunk
beer_name,2162,Just IPA,just ipa
beer_name,2163,Lionshead,lionshead
beer_name,2164,Manhattan Gold Lager (1990),manhattan gold lager (1990)
beer_name,2165,G. B. Russo’s Italian Pistachio Pale Ale,g. b. russo’s italian pistachio pale ale
beer_name,2166,Northern Hawk Owl Amber,northern hawk owl amber
beer_name,2167,CEO Stout,ceo stout
beer_name,2168,Will Power Pale Ale,will power pale ale
beer_name,2169,Curious Traveler Shandy,curious traveler shandy
beer_name,2170,Hunny Do Wheat,hunny do wheat
beer_name,2171,Three Way Pale Ale,three way pale ale
beer_name,2172,Rise to the Top,rise to the top
beer_name,2173,Lost Trout Brown Ale,lost trout brown ale
beer_name,2174,Watermelon Ale,watermelon ale
beer_name,2175,Knotty Blonde Ale,knotty blonde ale
beer_name,2176,Fivepine Chocolate Porter,fivepine chocolate porter
beer_name,2177,Hoodoo Voodoo IPA,hoodoo voodoo ipa
beer_name,2178,Hydraulion Red,hydraulion red
beer_name,2179,40 Mile IPA,40 mile ipa
beer_name,2180,Citra Faced,citra faced
beer_name,2181,Pole Barn Stout,pole barn stout
beer_name,2182,Pale,pale
beer_name,2183,Yoshi's Nectar,yoshi's nectar
beer_name,2184,Leatherhead Red,leatherhead red
beer_name,2185,Cropduster Mid-American IPA,cropduster mid-american ipa
beer_name,2186,Golden Frau Honey Wheat,golden frau honey wheat
beer_name,2187,Cornstalker Dark Wheat,cornstalker dark wheat
beer_name,2188,Cafe Leche,cafe leche
beer_name,2189,Damascene Apricot Sour,damascene apricot sour
beer_name,2190,Csar,csar
beer_name,2191,Klingon Warnog Roggen Dunkel,klingon warnog roggen dunkel
beer_name,2192,Overlord Imperial IPA,overlord imperial ipa
beer_name,2193,Alloy,alloy
beer_name,2194,Rivet Irish Red Ale,rivet irish red ale
beer_name,2195,3 Gear Robust Porter,3 gear robust porter
beer_name,2196,Circuit Bohemian Pilsner,circuit bohemian pilsner
beer_name,2197,Turnrow Harvest Ale,turnrow harvest ale
beer_name,2198,Juke Joint IPA,juke joint ipa
beer_name,2199,Parade Ground Coffee Porter,parade ground coffee porter
beer_name,2200,Tin Roof Watermelon Wheat,tin roof watermelon wheat
beer_name,2201,Tin Roof Blonde Ale,tin roof blonde ale
beer_name,2202,Voodoo Bengal Pale Ale,voodoo bengal pale ale
beer_name,2203,Perfect Tin Amber,perfect tin amber
beer_name,2204,IPA & a Half,ipa & a half
beer_name,2205,Ornery Amber Lager (2003),ornery amber lager (2003)
beer_name,2206,Big Island Shandy,big island shandy
beer_name,2207,Preservation IPA,preservation ipa
beer_name,2208,Almanac IPA,almanac ipa
beer_name,2209,Milk Mustachio Stout,milk mustachio stout
beer_name,2210,Farmer's Tan Red Ale,farmer's tan red ale
beer_name,2211,Triangle India Pale Ale,triangle india pale ale
beer_name,2212,Triangle White Ale,triangle white ale
beer_name,2213,Triangle Belgian Golden Ale,triangle belgian golden ale
beer_name,2214,Troegenator,troegenator
beer_name,2215,Nugget Nectar,nugget nectar
beer_name,2216,Sunshine Pils,sunshine pils
beer_name,2217,Troegenator Doublebock,troegenator doublebock
beer_name,2218,Perpetual IPA,perpetual ipa
beer_name,2219,Greenville Pale Ale,greenville pale ale
beer_name,2220,Hoppy Boy,hoppy boy
beer_name,2221,Cow Creek,cow creek
beer_name,2222,Chupahopra,chupahopra
beer_name,2223,Twisted X,twisted x
beer_name,2224,Day Hike Session,day hike session
beer_name,2225,Trailhead ISA,trailhead isa
beer_name,2226,Immersion Amber,immersion amber
beer_name,2227,Evo IPA,evo ipa
beer_name,2228,Presidential Pils,presidential pils
beer_name,2229,Evolutionary IPA (2012),evolutionary ipa (2012)
beer_name,2230,Persnickety Pale,persnickety pale
beer_name,2231,SoDo Brown Ale,sodo brown ale
beer_name,2232,Immersion Amber Ale (2011),immersion amber ale (2011)
beer_name,2233,Evolutionary IPA (2011),evolutionary ipa (2011)
beer_name,2234,Trailhead India Style Session Ale (2011),trailhead india style session ale (2011)
beer_name,2235,Panorama Wheat Ale,panorama wheat ale
beer_name,2236,Wobble,wobble
beer_name,2237,Night Cat,night cat
beer_name,2238,Night Cat (2014),night cat (2014)
beer_name,2239,Dog Days Lager,dog days lager
beer_name,2240,Sidekick Extra Pale Ale,sidekick extra pale ale
beer_name,2241,Atom Smasher,atom smasher
beer_name,2242,Testudo,testudo
beer_name,2243,Hobnob B & B Pale Ale,hobnob b & b pale ale
beer_name,2244,Cane and Ebel,cane and ebel
beer_name,2245,Outlaw IPA (2015),outlaw ipa (2015)
beer_name,2246,The Gilded Age,the gilded age
beer_name,2247,No Limits Hefeweizen,no limits hefeweizen
beer_name,2248,Honeyspot Road White IPA,honeyspot road white ipa
beer_name,2249,Road 2 Ruin Double IPA,road 2 ruin double ipa
beer_name,2250,Workers Comp Saison,workers comp saison
beer_name,2251,Ol' Factory Pils,ol' factory pils
beer_name,2252,PUNK'N,punk'n
beer_name,2253,Yard Sale Winter Lager,yard sale winter lager
beer_name,2254,Trader Session IPA,trader session ipa
beer_name,2255,Hop Nosh IPA,hop nosh ipa
beer_name,2256,SUM'R,sum'r
beer_name,2257,Organic Baba Black Lager,organic baba black lager
beer_name,2258,Hop Notch IPA (2013),hop notch ipa (2013)
beer_name,2259,Cutthroat Pale Ale,cutthroat pale ale
beer_name,2260,WYLD Extra Pale Ale,wyld extra pale ale
beer_name,2261,Pilsner Ukiah,pilsner ukiah
beer_name,2262,The Green Room,the green room
beer_name,2263,Humbucker Helles,humbucker helles
beer_name,2264,Uncle John's Apple Cherry Cider,uncle john's apple cherry cider
beer_name,2265,Uncle John's Apricot Apple Cider,uncle john's apricot apple cider
beer_name,2266,Draught Hard Apple Cider,draught hard apple cider
beer_name,2267,Scotty K NA,scotty k na
beer_name,2268,Bacon Brown Ale,bacon brown ale
beer_name,2269,Golden State Ale,golden state ale
beer_name,2270,Baltic Porter,baltic porter
beer_name,2271,Siamese twin,siamese twin
beer_name,2272,Double Duckpin,double duckpin
beer_name,2273,Old Pro,old pro
beer_name,2274,Duckpin Pale Ale,duckpin pale ale
beer_name,2275,Balt Altbier,balt altbier
beer_name,2276,Campside Session IPA,campside session ipa
beer_name,2277,Upland Wheat Ale,upland wheat ale
beer_name,2278,Dragonfly IPA,dragonfly ipa
beer_name,2279,Lee Hill Series Vol. 5 - Belgian Style Quadrupel Ale,lee hill series vol. 5 - belgian style quadrupel ale
beer_name,2280,Lee Hill Series Vol. 4 - Manhattan Style Rye Ale,lee hill series vol. 4 - manhattan style rye ale
beer_name,2281,Lee Hill Series Vol. 2 - Wild Saison,lee hill series vol. 2 - wild saison
beer_name,2282,Lee Hill Series Vol. 3 - Barrel Aged Imperial Stout,lee hill series vol. 3 - barrel aged imperial stout
beer_name,2283,Lee Hill Series Vol. 1 - Barrel Aged Brown Ale,lee hill series vol. 1 - barrel aged brown ale
beer_name,2284,Blood Orange Saison,blood orange saison
beer_name,2285,Thai Style White IPA,thai style white ipa
beer_name,2286,Ferus Fluxus Wild Belgian Pale Ale,ferus fluxus wild belgian pale ale
beer_name,2287,Upslope Imperial India Pale Ale,upslope imperial india pale ale
beer_name,2288,Upslope Christmas Ale,upslope christmas ale
beer_name,2289,Upslope Pumpkin Ale,upslope pumpkin ale
beer_name,2290,Upslope Belgian Style Pale Ale,upslope belgian style pale ale
beer_name,2291,Upslope Foreign Style Stout,upslope foreign style stout
beer_name,2292,Top Rope Mexican-style Craft Lager,top rope mexican-style craft lager
beer_name,2293,Upslope Craft Lager,upslope craft lager
beer_name,2294,Upslope Brown Ale,upslope brown ale
beer_name,2295,Upslope Pale Ale,upslope pale ale
beer_name,2296,Upslope India Pale Ale,upslope india pale ale
beer_name,2297,Common Sense Kentucky Common Ale,common sense kentucky common ale
beer_name,2298,Upstate I.P.W.,upstate i.p.w.
beer_name,2299,Squatters Full Suspension Pale Ale,squatters full suspension pale ale
beer_name,2300,Squatters Hop Rising Double IPA,squatters hop rising double ipa
beer_name,2301,Devastator Double Bock,devastator double bock
beer_name,2302,Wasatch Ghostrider White IPA,wasatch ghostrider white ipa
beer_name,2303,Wasatch Ghostrider White IPA (2014),wasatch ghostrider white ipa (2014)
beer_name,2304,Wasatch Apricot Hefeweizen,wasatch apricot hefeweizen
beer_name,2305,Squatters Hop Rising Double IPA (2014),squatters hop rising double ipa (2014)
beer_name,2306,Squatters Full Suspension Pale Ale,squatters full suspension pale ale
beer_name,2307,Nunica Pine,nunica pine
beer_name,2308,Ginger Peach,ginger peach
beer_name,2309,Totally Roasted,totally roasted
beer_name,2310,Blue Gold,blue gold
beer_name,2311,Hard Apple,hard apple
beer_name,2312,Nitro Can Coffee Stout,nitro can coffee stout
beer_name,2313,Voodoo Love Child,voodoo love child
beer_name,2314,White Magick of the Sun,white magick of the sun
beer_name,2315,Wynona's Big Brown Ale,wynona's big brown ale
beer_name,2316,Gran Met,gran met
beer_name,2317,Good Vibes IPA,good vibes ipa
beer_name,2318,Pilzilla,pilzilla
beer_name,2319,Wachusett Light IPA,wachusett light ipa
beer_name,2320,Green Monsta IPA,green monsta ipa
beer_name,2321,Wachusett IPA,wachusett ipa
beer_name,2322,Strawberry White,strawberry white
beer_name,2323,Larry Imperial IPA,larry imperial ipa
beer_name,2324,Wachusett Summer,wachusett summer
beer_name,2325,Country Pale Ale,country pale ale
beer_name,2326,Wachusett Light IPA (2013),wachusett light ipa (2013)
beer_name,2327,Pumpkan,pumpkan
beer_name,2328,Wachusett Blueberry Ale,wachusett blueberry ale
beer_name,2329,Green Monsta IPA,green monsta ipa
beer_name,2330,T-6 Red Ale (2004),t-6 red ale (2004)
beer_name,2331,Self Starter,self starter
beer_name,2332,Ermal's,ermal's
beer_name,2333,10 Ton,10 ton
beer_name,2334,Flyin' Rye,flyin' rye
beer_name,2335,Christmas Ale,christmas ale
beer_name,2336,Pay It Forward Cocoa Porter,pay it forward cocoa porter
beer_name,2337,West Sixth Amber Ale,west sixth amber ale
beer_name,2338,West Sixth IPA,west sixth ipa
beer_name,2339,One Claw,one claw
beer_name,2340,Westbrook Gose,westbrook gose
beer_name,2341,White Thai,white thai
beer_name,2342,Westbrook IPA,westbrook ipa
beer_name,2343,Westfield Octoberfest,westfield octoberfest
beer_name,2344,Pop's Old Fashioned Lager,pop's old fashioned lager
beer_name,2345,Charlie in the Rye,charlie in the rye
beer_name,2346,Royal Lager,royal lager
beer_name,2347,Rip Van Winkle (Current),rip van winkle (current)
beer_name,2348,O’Malley’s Stout,o’malley’s stout
beer_name,2349,O’Malley’s IPA,o’malley’s ipa
beer_name,2350,O’Malley’s Irish Style Cream Ale,o’malley’s irish style cream ale
beer_name,2351,L'il Lucy's Hot Pepper Ale,l'il lucy's hot pepper ale
beer_name,2352,Drop Kick Ale,drop kick ale
beer_name,2353,Raspberry Berliner Weisse,raspberry berliner weisse
beer_name,2354,Hop Session,hop session
beer_name,2355,Blueberry Berliner Weisse,blueberry berliner weisse
beer_name,2356,Berliner Weisse,berliner weisse
beer_name,2357,Super G IPA,super g ipa
beer_name,2358,Hefe Lemon,hefe lemon
beer_name,2359,Hefe Black,hefe black
beer_name,2360,Widmer Brothers Hefeweizen,widmer brothers hefeweizen
beer_name,2361,Hop Slayer Double IPA,hop slayer double ipa
beer_name,2362,Pumpkin Ale,pumpkin ale
beer_name,2363,Big Bowl Blonde Ale,big bowl blonde ale
beer_name,2364,Phat Chance,phat chance
beer_name,2365,Hop Slayer Double IPA (2011),hop slayer double ipa (2011)
beer_name,2366,Hop Slayer Double IPA (2011),hop slayer double ipa (2011)
beer_name,2367,Wild Onion Summer Wit,wild onion summer wit
beer_name,2368,Jack Stout,jack stout
beer_name,2369,Wild Onion Pumpkin Ale (2010),wild onion pumpkin ale (2010)
beer_name,2370,Paddy Pale Ale,paddy pale ale
beer_name,2371,Blonde Hunny,blonde hunny
beer_name,2372,Wild Wolf Wee Heavy Scottish Style Ale,wild wolf wee heavy scottish style ale
beer_name,2373,Wild Wolf American Pilsner,wild wolf american pilsner
beer_name,2374,Alpha Ale,alpha ale
beer_name,2375,Mystical Stout,mystical stout
beer_name,2376,Bodacious Bock,bodacious bock
beer_name,2377,Ambitious Lager,ambitious lager
beer_name,2378,Wyoming Pale Ale,wyoming pale ale
beer_name,2379,Wind River Blonde Ale,wind river blonde ale
beer_name,2380,Ace IPA,ace ipa
beer_name,2381,P-51 Porter,p-51 porter
beer_name,2382,#001 Golden Amber Lager,#001 golden amber lager
beer_name,2383,#002 American I.P.A.,#002 american i.p.a.
beer_name,2384,#003 Brown & Robust Porter,#003 brown & robust porter
beer_name,2385,#004 Session I.P.A.,#004 session i.p.a.
beer_name,2386,Tarasque,tarasque
beer_name,2387,Ananda India Pale Ale,ananda india pale ale
beer_name,2388,Tiny Bomb,tiny bomb
beer_name,2389,Train Hopper,train hopper
beer_name,2390,Edward’s Portly Brown,edward’s portly brown
beer_name,2391,Troopers Alley IPA,troopers alley ipa
beer_name,2392,Wolverine Premium Lager,wolverine premium lager
beer_name,2393,Woodchuck Amber Hard Cider,woodchuck amber hard cider
beer_name,2394,4000 Footer IPA,4000 footer ipa
beer_name,2395,Summer Brew,summer brew
beer_name,2396,Be Hoppy IPA,be hoppy ipa
beer_name,2397,Worthy IPA,worthy ipa
beer_name,2398,Easy Day Kolsch,easy day kolsch
beer_name,2399,Lights Out Vanilla Cream Extra Stout,lights out vanilla cream extra stout
beer_name,2400,Worthy IPA (2013),worthy ipa (2013)
beer_name,2401,Worthy Pale,worthy pale
beer_name,2402,Patty's Chile Beer,patty's chile beer
beer_name,2403,Colorojo Imperial Red Ale,colorojo imperial red ale
beer_name,2404,Wynkoop Pumpkin Ale,wynkoop pumpkin ale
beer_name,2405,Rocky Mountain Oyster Stout,rocky mountain oyster stout
beer_name,2406,Belgorado,belgorado
beer_name,2407,Rail Yard Ale,rail yard ale
beer_name,2408,B3K Black Lager,b3k black lager
beer_name,2409,Silverback Pale Ale,silverback pale ale
beer_name,2410,Rail Yard Ale (2009),rail yard ale (2009)
style,1,American Pale Lager,american pale lager
style,2,American Pale Ale (APA),american pale ale (apa)
style,3,American IPA,american ipa
style,4,American Double / Imperial IPA,american double / imperial ipa
style,5,American IPA,american ipa
style,6,Oatmeal Stout,oatmeal stout
style,7,American Pale Ale (APA),american pale ale (apa)
style,8,American Porter,american porter
style,9,American Pale Ale (APA),american pale ale (apa)
style,10,American Double / Imperial IPA,american double / imperial ipa
style,11,Saison / Farmhouse Ale,saison / farmhouse ale
style,12,Saison / Farmhouse Ale,saison / farmhouse ale
style,13,Saison / Farmhouse Ale,saison / farmhouse ale
style,14,Belgian IPA,belgian ipa
style,15,American Pale Ale (APA),american pale ale (apa)
style,16,Cider,cider
style,17,Cider,cider
style,18,Cider,cider
style,19,Cider,cider
style,20,Baltic Porter,baltic porter
style,21,Tripel,tripel
style,22,American Barleywine,american barleywine
style,23,Winter Warmer,winter warmer
style,24,American Stout,american stout
style,25,American Pale Ale (APA),american pale ale (apa)
style,26,Fruit / Vegetable Beer,fruit / vegetable beer
style,27,Fruit / Vegetable Beer,fruit / vegetable beer
style,28,Fruit / Vegetable Beer,fruit / vegetable beer
style,29,American IPA,american ipa
style,30,American IPA,american ipa
style,31,American IPA,american ipa
style,32,English Strong Ale,english strong ale
style,33,American Double / Imperial IPA,american double / imperial ipa
style,34,American Pale Ale (APA),american pale ale (apa)
style,35,Winter Warmer,winter warmer
style,36,American Black Ale,american black ale
style,37,Belgian Dark Ale,belgian dark ale
style,38,American IPA,american ipa
style,39,Fruit / Vegetable Beer,fruit / vegetable beer
style,40,American IPA,american ipa
style,41,American Blonde Ale,american blonde ale
style,42,American Amber / Red Ale,american amber / red ale
style,43,Berliner Weissbier,berliner weissbier
style,44,American Blonde Ale,american blonde ale
style,45,American Brown Ale,american brown ale
style,46,American Amber / Red Ale,american amber / red ale
style,47,American Black Ale,american black ale
style,48,American IPA,american ipa
style,49,American IPA,american ipa
style,50,American Pale Wheat Ale,american pale wheat ale
style,51,American IPA,american ipa
style,52,American IPA,american ipa
style,53,Belgian Strong Dark Ale,belgian strong dark ale
style,54,American IPA,american ipa
style,55,English Strong Ale,english strong ale
style,56,K?lsch,k?lsch
style,57,Belgian Dark Ale,belgian dark ale
style,58,American IPA,american ipa
style,59,English Pale Ale,english pale ale
style,60,English Pale Ale,english pale ale
style,61,American Double / Imperial IPA,american double / imperial ipa
style,62,Berliner Weissbier,berliner weissbier
style,63,American Amber / Red Lager,american amber / red lager
style,64,American Amber / Red Lager,american amber / red lager
style,65,American IPA,american ipa
style,66,Fruit / Vegetable Beer,fruit / vegetable beer
style,67,American Amber / Red Lager,american amber / red lager
style,68,American IPA,american ipa
style,69,American Brown Ale,american brown ale
style,70,American Double / Imperial IPA,american double / imperial ipa
style,71,English Barleywine,english barleywine
style,72,Milk / Sweet Stout,milk / sweet stout
style,73,American Pale Ale (APA),american pale ale (apa)
style,74,German Pilsener,german pilsener
style,75,Pumpkin Ale,pumpkin ale
style,76,Belgian Pale Ale,belgian pale ale
style,77,American Pilsner,american pilsner
style,78,American Double / Imperial IPA,american double / imperial ipa
style,79,Saison / Farmhouse Ale,saison / farmhouse ale
style,80,American Wild Ale,american wild ale
style,81,American IPA,american ipa
style,82,English Brown Ale,english brown ale
style,83,American Stout,american stout
style,84,American Pale Ale (APA),american pale ale (apa)
style,85,American Pilsner,american pilsner
style,86,American Pilsner,american pilsner
style,87,American Pale Ale (APA),american pale ale (apa)
style,88,American Double / Imperial IPA,american double / imperial ipa
style,89,American Pale Ale (APA),american pale ale (apa)
style,90,Altbier,altbier
style,91,American Pale Ale (APA),american pale ale (apa)
style,92,K?lsch,k?lsch
style,93,American IPA,american ipa
style,94,American Pale Ale (APA),american pale ale (apa)
style,95,American IPA,american ipa
style,96,American IPA,american ipa
style,97,American IPA,american ipa
style,98,American IPA,american ipa
style,99,American Pale Wheat Ale,american pale wheat ale
style,100,American Amber / Red Lager,american amber / red lager
style,101,California Common / Steam Beer,california common / steam beer
style,102,Gose,gose
style,103,American Pale Ale (APA),american pale ale (apa)
style,104,Gose,gose
style,105,Pumpkin Ale,pumpkin ale
style,106,Oatmeal Stout,oatmeal stout
style,107,Cream Ale,cream ale
style,108,American IPA,american ipa
style,109,American Amber / Red Ale,american amber / red ale
style,110,Oatmeal Stout,oatmeal stout
style,111,Vienna Lager,vienna lager
style,112,American Amber / Red Ale,american amber / red ale
style,113,Cream Ale,cream ale
style,114,Oatmeal Stout,oatmeal stout
style,115,Winter Warmer,winter warmer
style,116,American IPA,american ipa
style,117,American Amber / Red Ale,american amber / red ale
style,118,Cream Ale,cream ale
style,119,American Pale Ale (APA),american pale ale (apa)
style,120,American IPA,american ipa
style,121,American Pale Ale (APA),american pale ale (apa)
style,122,Oatmeal Stout,oatmeal stout
style,123,Cider,cider
style,124,Cider,cider
style,125,Cider,cider
style,126,Belgian Pale Ale,belgian pale ale
style,127,Witbier,witbier
style,128,American Stout,american stout
style,129,American IPA,american ipa
style,130,American Blonde Ale,american blonde ale
style,131,American Porter,american porter
style,132,American Pale Ale (APA),american pale ale (apa)
style,133,American Pale Wheat Ale,american pale wheat ale
style,134,American Pale Ale (APA),american pale ale (apa)
style,135,American Double / Imperial Stout,american double / imperial stout
style,136,Saison / Farmhouse Ale,saison / farmhouse ale
style,137,Gose,gose
style,138,American IPA,american ipa
style,139,K?lsch,k?lsch
style,140,American Porter,american porter
style,141,American IPA,american ipa
style,142,K?lsch,k?lsch
style,143,American IPA,american ipa
style,144,American Amber / Red Ale,american amber / red ale
style,145,American Blonde Ale,american blonde ale
style,146,American IPA,american ipa
style,147,American Stout,american stout
style,148,American Double / Imperial IPA,american double / imperial ipa
style,149,American Porter,american porter
style,150,American Amber / Red Ale,american amber / red ale
style,151,American Double / Imperial IPA,american double / imperial ipa
style,152,American Porter,american porter
style,153,Fruit / Vegetable Beer,fruit / vegetable beer
style,154,American Blonde Ale,american blonde ale
style,155,American IPA,american ipa
style,156,Munich Helles Lager,munich helles lager
style,157,American Black Ale,american black ale
style,158,American IPA,american ipa
style,159,American Pale Ale (APA),american pale ale (apa)
style,160,German Pilsener,german pilsener
style,161,Schwarzbier,schwarzbier
style,162,American Double / Imperial IPA,american double / imperial ipa
style,163,Saison / Farmhouse Ale,saison / farmhouse ale
style,164,German Pilsener,german pilsener
style,165,Witbier,witbier
style,166,American IPA,american ipa
style,167,American Brown Ale,american brown ale
style,168,Pumpkin Ale,pumpkin ale
style,169,M?rzen / Oktoberfest,m?rzen / oktoberfest
style,170,American Pale Wheat Ale,american pale wheat ale
style,171,American IPA,american ipa
style,172,Tripel,tripel
style,173,American Amber / Red Ale,american amber / red ale
style,174,American Double / Imperial IPA,american double / imperial ipa
style,175,American Porter,american porter
style,176,American Blonde Ale,american blonde ale
style,177,American IPA,american ipa
style,178,American Amber / Red Ale,american amber / red ale
style,179,English Brown Ale,english brown ale
style,180,American Pale Ale (APA),american pale ale (apa)
style,181,American IPA,american ipa
style,182,American Pale Ale (APA),american pale ale (apa)
style,183,American IPA,american ipa
style,184,American IPA,american ipa
style,185,K?lsch,k?lsch
style,186,American IPA,american ipa
style,187,Munich Helles Lager,munich helles lager
style,188,American IPA,american ipa
style,189,Extra Special / Strong Bitter (ESB),extra special / strong bitter (esb)
style,190,Rye Beer,rye beer
style,191,American Amber / Red Ale,american amber / red ale
style,192,American IPA,american ipa
style,193,American IPA,american ipa
style,194,American Blonde Ale,american blonde ale
style,195,American Pilsner,american pilsner
style,196,American IPA,american ipa
style,197,American Pale Lager,american pale lager
style,198,Witbier,witbier
style,199,Euro Dark Lager,euro dark lager
style,200,California Common / Steam Beer,california common / steam beer
style,201,American IPA,american ipa
style,202,Schwarzbier,schwarzbier
style,203,German Pilsener,german pilsener
style,204,California Common / Steam Beer,california common / steam beer
style,205,Hefeweizen,hefeweizen
style,206,American Pale Wheat Ale,american pale wheat ale
style,207,Foreign / Export Stout,foreign / export stout
style,208,Rye Beer,rye beer
style,209,American Pale Wheat Ale,american pale wheat ale
style,210,American Amber / Red Ale,american amber / red ale
style,211,American Pale Ale (APA),american pale ale (apa)
style,212,American IPA,american ipa
style,213,American Double / Imperial IPA,american double / imperial ipa
style,214,Fruit / Vegetable Beer,fruit / vegetable beer
style,215,American Pale Ale (APA),american pale ale (apa)
style,216,American IPA,american ipa
style,217,Other,other
style,218,American Pale Wheat Ale,american pale wheat ale
style,219,Rye Beer,rye beer
style,220,Witbier,witbier
style,221,American Pale Wheat Ale,american pale wheat ale
style,222,American IPA,american ipa
style,223,American Brown Ale,american brown ale
style,224,English India Pale Ale (IPA),english india pale ale (ipa)
style,225,American Double / Imperial IPA,american double / imperial ipa
style,226,American Blonde Ale,american blonde ale
style,227,American Black Ale,american black ale
style,228,American IPA,american ipa
style,229,Extra Special / Strong Bitter (ESB),extra special / strong bitter (esb)
style,230,American IPA,american ipa
style,231,American Black Ale,american black ale
style,232,German Pilsener,german pilsener
style,233,English India Pale Ale (IPA),english india pale ale (ipa)
style,234,American Pale Ale (APA),american pale ale (apa)
style,235,American IPA,american ipa
style,236,Czech Pilsener,czech pilsener
style,237,American Porter,american porter
style,238,Hefeweizen,hefeweizen
style,239,American Blonde Ale,american blonde ale
style,240,American Strong Ale,american strong ale
style,241,American Double / Imperial IPA,american double / imperial ipa
style,242,California Common / Steam Beer,california common / steam beer
style,243,American Amber / Red Ale,american amber / red ale
style,244,American IPA,american ipa
style,245,American Stout,american stout
style,246,Saison / Farmhouse Ale,saison / farmhouse ale
style,247,American Stout,american stout
style,248,American IPA,american ipa
style,249,Fruit / Vegetable Beer,fruit / vegetable beer
style,250,American IPA,american ipa
style,251,Czech Pilsener,czech pilsener
style,252,American IPA,american ipa
style,253,American IPA,american ipa
style,254,English Pale Ale,english pale ale
style,255,American Pale Wheat Ale,american pale wheat ale
style,256,American Brown Ale,american brown ale
style,257,English Strong Ale,english strong ale
style,258,American Brown Ale,american brown ale
style,259,American Pale Wheat Ale,american pale wheat ale
style,260,American IPA,american ipa
style,261,American Blonde Ale,american blonde ale
style,262,English Pale Ale,english pale ale
style,263,American Pale Wheat Ale,american pale wheat ale
style,264,American Brown Ale,american brown ale
style,265,American IPA,american ipa
style,266,American Amber / Red Ale,american amber / red ale
style,267,American Pale Ale (APA),american pale ale (apa)
style,268,Rye Beer,rye beer
style,269,American Double / Imperial IPA,american double / imperial ipa
style,270,Oatmeal Stout,oatmeal stout
style,271,American IPA,american ipa
style,272,American Pale Ale (APA),american pale ale (apa)
style,273,American Brown Ale,american brown ale
style,274,American Pale Ale (APA),american pale ale (apa)
style,275,American Blonde Ale,american blonde ale
style,276,Rye Beer,rye beer
style,277,American Blonde Ale,american blonde ale
style,278,American IPA,american ipa
style,279,Hefeweizen,hefeweizen
style,280,American Pale Ale (APA),american pale ale (apa)
style,281,American Strong Ale,american strong ale
style,282,American Porter,american porter
style,283,Saison / Farmhouse Ale,saison / farmhouse ale
style,284,American Amber / Red Ale,american amber / red ale
style,285,American Brown Ale,american brown ale
style,286,American Amber / Red Ale,american amber / red ale
style,287,Rye Beer,rye beer
style,288,American IPA,american ipa
style,289,Foreign / Export Stout,foreign / export stout
style,290,American Pale Wheat Ale,american pale wheat ale
style,291,American Brown Ale,american brown ale
style,292,American IPA,american ipa
style,293,Cream Ale,cream ale
style,294,American Pale Wheat Ale,american pale wheat ale
style,295,American Pilsner,american pilsner
style,296,American Brown Ale,american brown ale
style,297,American Amber / Red Ale,american amber / red ale
style,298,American Double / Imperial IPA,american double / imperial ipa
style,299,German Pilsener,german pilsener
style,300,American Double / Imperial IPA,american double / imperial ipa
style,301,American Stout,american stout
style,302,Saison / Farmhouse Ale,saison / farmhouse ale
style,303,American Pale Ale (APA),american pale ale (apa)
style,304,Extra Special / Strong Bitter (ESB),extra special / strong bitter (esb)
style,305,Extra Special / Strong Bitter (ESB),extra special / strong bitter (esb)
style,306,Extra Special / Strong Bitter (ESB),extra special / strong bitter (esb)
style,307,American Pale Ale (APA),american pale ale (apa)
style,308,Mead,mead
style,309,Mead,mead
style,310,American Double / Imperial IPA,american double / imperial ipa
style,311,American Pale Ale (APA),american pale ale (apa)
style,312,Extra Special / Strong Bitter (ESB),extra special / strong bitter (esb)
style,313,Euro Pale Lager,euro pale lager
style,314,American Pale Ale (APA),american pale ale (apa)
style,315,K?lsch,k?lsch
style,316,American Stout,american stout
style,317,American Pale Wheat Ale,american pale wheat ale
style,318,American Amber / Red Ale,american amber / red ale
style,319,American Pale Ale (APA),american pale ale (apa)
style,320,American Black Ale,american black ale
style,321,American White IPA,american white ipa
style,322,American Blonde Ale,american blonde ale
style,323,Vienna Lager,vienna lager
style,324,Dortmunder / Export Lager,dortmunder / export lager
style,325,Altbier,altbier
style,326,Schwarzbier,schwarzbier
style,327,Czech Pilsener,czech pilsener
style,328,Vienna Lager,vienna lager
style,329,American IPA,american ipa
style,330,Cream Ale,cream ale
style,331,American Brown Ale,american brown ale
style,332,American IPA,american ipa
style,333,Irish Dry Stout,irish dry stout
style,334,Munich Helles Lager,munich helles lager
style,335,Munich Helles Lager,munich helles lager
style,336,American IPA,american ipa
style,337,Scotch Ale / Wee Heavy,scotch ale / wee heavy
style,338,Czech Pilsener,czech pilsener
style,339,M?rzen / Oktoberfest,m?rzen / oktoberfest
style,340,English India Pale Ale (IPA),english india pale ale (ipa)
style,341,American Blonde Ale,american blonde ale
style,342,American IPA,american ipa
style,343,American Blonde Ale,american blonde ale
style,344,American Blonde Ale,american blonde ale
style,345,Extra Special / Strong Bitter (ESB),extra special / strong bitter (esb)
style,346,Munich Dunkel Lager,munich dunkel lager
style,347,American Pale Ale (APA),american pale ale (apa)
style,348,Winter Warmer,winter warmer
style,349,American Porter,american porter
style,350,American Pale Ale (APA),american pale ale (apa)
style,351,American Brown Ale,american brown ale
style,352,Czech Pilsener,czech pilsener
style,353,American Blonde Ale,american blonde ale
style,354,American IPA,american ipa
style,355,American Porter,american porter
style,356,Radler,radler
style,357,American IPA,american ipa
style,358,Witbier,witbier
style,359,Bock,bock
style,360,Vienna Lager,vienna lager
style,361,Vienna Lager,vienna lager
style,362,M?rzen / Oktoberfest,m?rzen / oktoberfest
style,363,American Pale Wheat Ale,american pale wheat ale
style,364,Vienna Lager,vienna lager
style,365,American Pale Ale (APA),american pale ale (apa)
style,366,American Pale Ale (APA),american pale ale (apa)
style,367,American Pale Ale (APA),american pale ale (apa)
style,368,American IPA,american ipa
style,369,American Pale Ale (APA),american pale ale (apa)
style,370,American IPA,american ipa
style,371,English Dark Mild Ale,english dark mild ale
style,372,American Porter,american porter
style,373,American Porter,american porter
style,374,American IPA,american ipa
style,375,Hefeweizen,hefeweizen
style,376,American Amber / Red Ale,american amber / red ale
style,377,American Amber / Red Ale,american amber / red ale
style,378,K?lsch,k?lsch
style,379,American Pale Wheat Ale,american pale wheat ale
style,380,American Pale Wheat Ale,american pale wheat ale
style,381,American IPA,american ipa
style,382,American Amber / Red Ale,american amber / red ale
style,383,Fruit / Vegetable Beer,fruit / vegetable beer
style,384,American IPA,american ipa
style,385,Irish Red Ale,irish red ale
style,386,American Pale Wheat Ale,american pale wheat ale
style,387,American Pale Ale (APA),american pale ale (apa)
style,388,American Amber / Red Ale,american amber / red ale
style,389,Saison / Farmhouse Ale,saison / farmhouse ale
style,390,Belgian Pale Ale,belgian pale ale
style,391,American Double / Imperial Stout,american double / imperial stout
style,392,American IPA,american ipa
style,393,Rauchbier,rauchbier
style,394,Bière de Garde,bière de garde
style,395,Belgian IPA,belgian ipa
style,396,Doppelbock,doppelbock
style,397,Saison / Farmhouse Ale,saison / farmhouse ale
style,398,Witbier,witbier
style,399,Belgian IPA,belgian ipa
style,400,Saison / Farmhouse Ale,saison / farmhouse ale
style,401,Belgian IPA,belgian ipa
style,402,Saison / Farmhouse Ale,saison / farmhouse ale
style,403,Rye Beer,rye beer
style,404,Dunkelweizen,dunkelweizen
style,405,Belgian Strong Pale Ale,belgian strong pale ale
style,406,Dubbel,dubbel
style,407,Belgian Dark Ale,belgian dark ale
style,408,Belgian Dark Ale,belgian dark ale
style,409,Belgian Pale Ale,belgian pale ale
style,410,Witbier,witbier
style,411,Oatmeal Stout,oatmeal stout
style,412,American Porter,american porter
style,413,Quadrupel (Quad),quadrupel (quad)
style,414,Rauchbier,rauchbier
style,415,Belgian IPA,belgian ipa
style,416,Belgian Dark Ale,belgian dark ale
style,417,Belgian IPA,belgian ipa
style,418,Rye Beer,rye beer
style,419,American Stout,american stout
style,420,Fruit / Vegetable Beer,fruit / vegetable beer
style,421,Belgian Dark Ale,belgian dark ale
style,422,Belgian Dark Ale,belgian dark ale
style,423,Belgian Pale Ale,belgian pale ale
style,424,Bière de Garde,bière de garde
style,425,Belgian Dark Ale,belgian dark ale
style,426,Witbier,witbier
style,427,American Stout,american stout
style,428,Belgian IPA,belgian ipa
style,429,American Wild Ale,american wild ale
style,430,Fruit / Vegetable Beer,fruit / vegetable beer
style,431,American Double / Imperial IPA,american double / imperial ipa
style,432,Bière de Garde,bière de garde
style,433,American Black Ale,american black ale
style,434,Saison / Farmhouse Ale,saison / farmhouse ale
style,435,Tripel,tripel
style,436,Belgian Dark Ale,belgian dark ale
style,437,American Amber / Red Ale,american amber / red ale
style,438,Quadrupel (Quad),quadrupel (quad)
style,439,American Double / Imperial Stout,american double / imperial stout
style,440,American Wild Ale,american wild ale
style,441,Bière de Garde,bière de garde
style,442,Russian Imperial Stout,russian imperial stout
style,443,American Amber / Red Ale,american amber / red ale
style,444,Saison / Farmhouse Ale,saison / farmhouse ale
style,445,Tripel,tripel
style,446,Belgian IPA,belgian ipa
style,447,Belgian Strong Dark Ale,belgian strong dark ale
style,448,Saison / Farmhouse Ale,saison / farmhouse ale
style,449,Belgian Pale Ale,belgian pale ale
style,450,Belgian IPA,belgian ipa
style,451,American Pale Ale (APA),american pale ale (apa)
style,452,American Pale Wheat Ale,american pale wheat ale
style,453,American Amber / Red Ale,american amber / red ale
style,454,American Amber / Red Ale,american amber / red ale
style,455,American Pale Ale (APA),american pale ale (apa)
style,456,Cream Ale,cream ale
style,457,American IPA,american ipa
style,458,English India Pale Ale (IPA),english india pale ale (ipa)
style,459,English Pale Mild Ale,english pale mild ale
style,460,English India Pale Ale (IPA),english india pale ale (ipa)
style,461,English Pale Mild Ale,english pale mild ale
style,462,American Amber / Red Lager,american amber / red lager
style,463,American Amber / Red Lager,american amber / red lager
style,464,Belgian IPA,belgian ipa
style,465,Maibock / Helles Bock,maibock / helles bock
style,466,American Black Ale,american black ale
style,467,Schwarzbier,schwarzbier
style,468,American Amber / Red Ale,american amber / red ale
style,469,Herbed / Spiced Beer,herbed / spiced beer
style,470,Schwarzbier,schwarzbier
style,471,Munich Helles Lager,munich helles lager
style,472,American Pale Ale (APA),american pale ale (apa)
style,473,American Blonde Ale,american blonde ale
style,474,Witbier,witbier
style,475,American Double / Imperial IPA,american double / imperial ipa
style,476,American Brown Ale,american brown ale
style,477,American Black Ale,american black ale
style,478,Fruit / Vegetable Beer,fruit / vegetable beer
style,479,American Pale Ale (APA),american pale ale (apa)
style,480,American Double / Imperial IPA,american double / imperial ipa
style,481,Cream Ale,cream ale
style,482,American Pale Wheat Ale,american pale wheat ale
style,483,American Pale Wheat Ale,american pale wheat ale
style,484,American IPA,american ipa
style,485,American IPA,american ipa
style,486,American Pale Ale (APA),american pale ale (apa)
style,487,American Pale Lager,american pale lager
style,488,American Pale Ale (APA),american pale ale (apa)
style,489,Hefeweizen,hefeweizen
style,490,American IPA,american ipa
style,491,Milk / Sweet Stout,milk / sweet stout
style,492,American Pale Ale (APA),american pale ale (apa)
style,493,American Double / Imperial Stout,american double / imperial stout
style,494,American Brown Ale,american brown ale
style,495,American Pale Ale (APA),american pale ale (apa)
style,496,K?lsch,k?lsch
style,497,American IPA,american ipa
style,498,American Double / Imperial IPA,american double / imperial ipa
style,499,American Porter,american porter
style,500,American Blonde Ale,american blonde ale
style,501,American Amber / Red Ale,american amber / red ale
style,502,American IPA,american ipa
style,503,American Amber / Red Ale,american amber / red ale
style,504,American Blonde Ale,american blonde ale
style,505,American IPA,american ipa
style,506,American Porter,american porter
style,507,American Pale Ale (APA),american pale ale (apa)
style,508,American Adjunct Lager,american adjunct lager
style,509,American Amber / Red Ale,american amber / red ale
style,510,American IPA,american ipa
style,511,American IPA,american ipa
style,512,American Pale Ale (APA),american pale ale (apa)
style,513,American Pale Ale (APA),american pale ale (apa)
style,514,American Pale Ale (APA),american pale ale (apa)
style,515,American Pale Ale (APA),american pale ale (apa)
style,516,American Pale Ale (APA),american pale ale (apa)
style,517,American Amber / Red Ale,american amber / red ale
style,518,American IPA,american ipa
style,519,American Pilsner,american pilsner
style,520,American IPA,american ipa
style,521,Witbier,witbier
style,522,American Amber / Red Ale,american amber / red ale
style,523,American Blonde Ale,american blonde ale
style,524,English Dark Mild Ale,english dark mild ale
style,525,Pumpkin Ale,pumpkin ale
style,526,American Double / Imperial IPA,american double / imperial ipa
style,527,American IPA,american ipa
style,528,German Pilsener,german pilsener
style,529,American Amber / Red Ale,american amber / red ale
style,530,American Amber / Red Ale,american amber / red ale
style,531,American Blonde Ale,american blonde ale
style,532,American Black Ale,american black ale
style,533,Vienna Lager,vienna lager
style,534,Munich Helles Lager,munich helles lager
style,535,American IPA,american ipa
style,536,Munich Helles Lager,munich helles lager
style,537,American IPA,american ipa
style,538,Vienna Lager,vienna lager
style,539,American Pale Wheat Ale,american pale wheat ale
style,540,Vienna Lager,vienna lager
style,541,American Pale Ale (APA),american pale ale (apa)
style,542,American Pale Lager,american pale lager
style,543,American Blonde Ale,american blonde ale
style,544,American Blonde Ale,american blonde ale
style,545,American Blonde Ale,american blonde ale
style,546,Winter Warmer,winter warmer
style,547,English India Pale Ale (IPA),english india pale ale (ipa)
style,548,K?lsch,k?lsch
style,549,American Black Ale,american black ale
style,550,Berliner Weissbier,berliner weissbier
style,551,American Double / Imperial IPA,american double / imperial ipa
style,552,American IPA,american ipa
style,553,Cider,cider
style,554,Cider,cider
style,555,Cream Ale,cream ale
style,556,American IPA,american ipa
style,557,Witbier,witbier
style,558,Winter Warmer,winter warmer
style,559,Witbier,witbier
style,560,American IPA,american ipa
style,561,Cream Ale,cream ale
style,562,Witbier,witbier
style,563,Scottish Ale,scottish ale
style,564,American Brown Ale,american brown ale
style,565,American Porter,american porter
style,566,American Double / Imperial IPA,american double / imperial ipa
style,567,empty,american ipa
style,568,American IPA,american ipa
style,569,Smoked Beer,smoked beer
style,570,American Pale Ale (APA),american pale ale (apa)
style,571,Cream Ale,cream ale
style,572,American Blonde Ale,american blonde ale
style,573,American Amber / Red Ale,american amber / red ale
style,574,Altbier,altbier
style,575,American Amber / Red Lager,american amber / red lager
style,576,Altbier,altbier
style,577,American Pale Ale (APA),american pale ale (apa)
style,578,Herbed / Spiced Beer,herbed / spiced beer
style,579,American IPA,american ipa
style,580,American Double / Imperial IPA,american double / imperial ipa
style,581,American Black Ale,american black ale
style,582,Rye Beer,rye beer
style,583,American Stout,american stout
style,584,K?lsch,k?lsch
style,585,American IPA,american ipa
style,586,K?lsch,k?lsch
style,587,Fruit / Vegetable Beer,fruit / vegetable beer
style,588,American Pale Ale (APA),american pale ale (apa)
style,589,English Brown Ale,english brown ale
style,590,American Strong Ale,american strong ale
style,591,M?rzen / Oktoberfest,m?rzen / oktoberfest
style,592,American IPA,american ipa
style,593,Fruit / Vegetable Beer,fruit / vegetable beer
style,594,Altbier,altbier
style,595,American Double / Imperial IPA,american double / imperial ipa
style,596,American Pilsner,american pilsner
style,597,Cider,cider
style,598,Cider,cider
style,599,Bock,bock
style,600,American IPA,american ipa
style,601,American Black Ale,american black ale
style,602,American Brown Ale,american brown ale
style,603,M?rzen / Oktoberfest,m?rzen / oktoberfest
style,604,American Porter,american porter
style,605,American IPA,american ipa
style,606,American IPA,american ipa
style,607,American IPA,american ipa
style,608,American Pale Ale (APA),american pale ale (apa)
style,609,American IPA,american ipa
style,610,American IPA,american ipa
style,611,American IPA,american ipa
style,612,American Pale Ale (APA),american pale ale (apa)
style,613,American Pale Wheat Ale,american pale wheat ale
style,614,American IPA,american ipa
style,615,American IPA,american ipa
style,616,American Porter,american porter
style,617,American Pale Ale (APA),american pale ale (apa)
style,618,English Brown Ale,english brown ale
style,619,American Brown Ale,american brown ale
style,620,Munich Helles Lager,munich helles lager
style,621,American Amber / Red Ale,american amber / red ale
style,622,American IPA,american ipa
style,623,Witbier,witbier
style,624,Light Lager,light lager
style,625,Pumpkin Ale,pumpkin ale
style,626,Witbier,witbier
style,627,Munich Helles Lager,munich helles lager
style,628,American IPA,american ipa
style,629,Light Lager,light lager
style,630,English Pale Ale,english pale ale
style,631,American IPA,american ipa
style,632,American Black Ale,american black ale
style,633,American Pale Wheat Ale,american pale wheat ale
style,634,American Blonde Ale,american blonde ale
style,635,American Brown Ale,american brown ale
style,636,K?lsch,k?lsch
style,637,American IPA,american ipa
style,638,American Amber / Red Ale,american amber / red ale
style,639,American Amber / Red Ale,american amber / red ale
style,640,Fruit / Vegetable Beer,fruit / vegetable beer
style,641,American IPA,american ipa
style,642,German Pilsener,german pilsener
style,643,American Blonde Ale,american blonde ale
style,644,American Pilsner,american pilsner
style,645,American Amber / Red Ale,american amber / red ale
style,646,Oatmeal Stout,oatmeal stout
style,647,Extra Special / Strong Bitter (ESB),extra special / strong bitter (esb)
style,648,American Pale Lager,american pale lager
style,649,K?lsch,k?lsch
style,650,American Blonde Ale,american blonde ale
style,651,Oatmeal Stout,oatmeal stout
style,652,American Black Ale,american black ale
style,653,American Pale Ale (APA),american pale ale (apa)
style,654,Belgian Strong Pale Ale,belgian strong pale ale
style,655,American Stout,american stout
style,656,American Amber / Red Ale,american amber / red ale
style,657,American Amber / Red Ale,american amber / red ale
style,658,Witbier,witbier
style,659,American Pale Ale (APA),american pale ale (apa)
style,660,American Amber / Red Ale,american amber / red ale
style,661,American IPA,american ipa
style,662,Berliner Weissbier,berliner weissbier
style,663,American Blonde Ale,american blonde ale
style,664,American Porter,american porter
style,665,American Pale Ale (APA),american pale ale (apa)
style,666,American Amber / Red Ale,american amber / red ale
style,667,Herbed / Spiced Beer,herbed / spiced beer
style,668,American Brown Ale,american brown ale
style,669,American Blonde Ale,american blonde ale
style,670,Cream Ale,cream ale
style,671,American Porter,american porter
style,672,American IPA,american ipa
style,673,American Amber / Red Ale,american amber / red ale
style,674,K?lsch,k?lsch
style,675,American Blonde Ale,american blonde ale
style,676,Witbier,witbier
style,677,Scottish Ale,scottish ale
style,678,American IPA,american ipa
style,679,English Pale Ale,english pale ale
style,680,K?lsch,k?lsch
style,681,Scotch Ale / Wee Heavy,scotch ale / wee heavy
style,682,American Blonde Ale,american blonde ale
style,683,Hefeweizen,hefeweizen
style,684,American Porter,american porter
style,685,American Double / Imperial IPA,american double / imperial ipa
style,686,American IPA,american ipa
style,687,Belgian Pale Ale,belgian pale ale
style,688,American Pale Ale (APA),american pale ale (apa)
style,689,American IPA,american ipa
style,690,American IPA,american ipa
style,691,American IPA,american ipa
style,692,American Pale Lager,american pale lager
style,693,American Blonde Ale,american blonde ale
style,694,American Pale Ale (APA),american pale ale (apa)
style,695,American Amber / Red Ale,american amber / red ale
style,696,Euro Pale Lager,euro pale lager
style,697,American Brown Ale,american brown ale
style,698,American Double / Imperial IPA,american double / imperial ipa
style,699,American Pale Ale (APA),american pale ale (apa)
style,700,Baltic Porter,baltic porter
style,701,Saison / Farmhouse Ale,saison / farmhouse ale
style,702,German Pilsener,german pilsener
style,703,American Blonde Ale,american blonde ale
style,704,American IPA,american ipa
style,705,American IPA,american ipa
style,706,English Pale Mild Ale,english pale mild ale
style,707,Irish Dry Stout,irish dry stout
style,708,American Blonde Ale,american blonde ale
style,709,American IPA,american ipa
style,710,Irish Red Ale,irish red ale
style,711,American IPA,american ipa
style,712,American Porter,american porter
style,713,American Pale Ale (APA),american pale ale (apa)
style,714,Hefeweizen,hefeweizen
style,715,Abbey Single Ale,abbey single ale
style,716,American IPA,american ipa
style,717,Gose,gose
style,718,Fruit / Vegetable Beer,fruit / vegetable beer
style,719,American Double / Imperial IPA,american double / imperial ipa
style,720,Abbey Single Ale,abbey single ale
style,721,American Pale Ale (APA),american pale ale (apa)
style,722,American Pale Ale (APA),american pale ale (apa)
style,723,American Amber / Red Ale,american amber / red ale
style,724,American Black Ale,american black ale
style,725,American IPA,american ipa
style,726,Scotch Ale / Wee Heavy,scotch ale / wee heavy
style,727,American Pale Ale (APA),american pale ale (apa)
style,728,American IPA,american ipa
style,729,American Amber / Red Ale,american amber / red ale
style,730,Hefeweizen,hefeweizen
style,731,Extra Special / Strong Bitter (ESB),extra special / strong bitter (esb)
style,732,American Double / Imperial IPA,american double / imperial ipa
style,733,American Pale Ale (APA),american pale ale (apa)
style,734,Irish Dry Stout,irish dry stout
style,735,English Dark Mild Ale,english dark mild ale
style,736,Cider,cider
style,737,Cider,cider
style,738,American IPA,american ipa
style,739,Fruit / Vegetable Beer,fruit / vegetable beer
style,740,Hefeweizen,hefeweizen
style,741,American Amber / Red Ale,american amber / red ale
style,742,American IPA,american ipa
style,743,American Pale Wheat Ale,american pale wheat ale
style,744,Pumpkin Ale,pumpkin ale
style,745,American IPA,american ipa
style,746,American Pale Ale (APA),american pale ale (apa)
style,747,Pumpkin Ale,pumpkin ale
style,748,Fruit / Vegetable Beer,fruit / vegetable beer
style,749,German Pilsener,german pilsener
style,750,American IPA,american ipa
style,751,Extra Special / Strong Bitter (ESB),extra special / strong bitter (esb)
style,752,American Amber / Red Lager,american amber / red lager
style,753,American Brown Ale,american brown ale
style,754,American Adjunct Lager,american adjunct lager
style,755,Fruit / Vegetable Beer,fruit / vegetable beer
style,756,American Pale Ale (APA),american pale ale (apa)
style,757,American Pale Lager,american pale lager
style,758,American IPA,american ipa
style,759,American IPA,american ipa
style,760,American IPA,american ipa
style,761,American Blonde Ale,american blonde ale
style,762,Belgian IPA,belgian ipa
style,763,American Pale Wheat Ale,american pale wheat ale
style,764,American Pale Ale (APA),american pale ale (apa)
style,765,American Porter,american porter
style,766,Czech Pilsener,czech pilsener
style,767,Berliner Weissbier,berliner weissbier
style,768,American Double / Imperial IPA,american double / imperial ipa
style,769,American Pale Ale (APA),american pale ale (apa)
style,770,American IPA,american ipa
style,771,American Pale Ale (APA),american pale ale (apa)
style,772,American Pale Ale (APA),american pale ale (apa)
style,773,Scottish Ale,scottish ale
style,774,American IPA,american ipa
style,775,American Pale Ale (APA),american pale ale (apa)
style,776,American IPA,american ipa
style,777,American Stout,american stout
style,778,Belgian Pale Ale,belgian pale ale
style,779,Roggenbier,roggenbier
style,780,K?lsch,k?lsch
style,781,American IPA,american ipa
style,782,American Amber / Red Ale,american amber / red ale
style,783,Fruit / Vegetable Beer,fruit / vegetable beer
style,784,American IPA,american ipa
style,785,American Amber / Red Ale,american amber / red ale
style,786,American Double / Imperial IPA,american double / imperial ipa
style,787,Scottish Ale,scottish ale
style,788,American Double / Imperial IPA,american double / imperial ipa
style,789,American Double / Imperial IPA,american double / imperial ipa
style,790,American Double / Imperial IPA,american double / imperial ipa
style,791,American Porter,american porter
style,792,Kristalweizen,kristalweizen
style,793,Czech Pilsener,czech pilsener
style,794,K?lsch,k?lsch
style,795,American Double / Imperial IPA,american double / imperial ipa
style,796,American Black Ale,american black ale
style,797,Belgian Strong Dark Ale,belgian strong dark ale
style,798,American Pale Wheat Ale,american pale wheat ale
style,799,American Stout,american stout
style,800,American Amber / Red Ale,american amber / red ale
style,801,American Pale Ale (APA),american pale ale (apa)
style,802,American IPA,american ipa
style,803,American Pale Ale (APA),american pale ale (apa)
style,804,American Blonde Ale,american blonde ale
style,805,American IPA,american ipa
style,806,American IPA,american ipa
style,807,German Pilsener,german pilsener
style,808,American Blonde Ale,american blonde ale
style,809,American Blonde Ale,american blonde ale
style,810,Doppelbock,doppelbock
style,811,American Blonde Ale,american blonde ale
style,812,American IPA,american ipa
style,813,American IPA,american ipa
style,814,American Pale Ale (APA),american pale ale (apa)
style,815,American IPA,american ipa
style,816,American Pale Lager,american pale lager
style,817,American Porter,american porter
style,818,American IPA,american ipa
style,819,Saison / Farmhouse Ale,saison / farmhouse ale
style,820,American IPA,american ipa
style,821,American Porter,american porter
style,822,American Blonde Ale,american blonde ale
style,823,Witbier,witbier
style,824,American IPA,american ipa
style,825,Belgian Pale Ale,belgian pale ale
style,826,American IPA,american ipa
style,827,American IPA,american ipa
style,828,American IPA,american ipa
style,829,American Black Ale,american black ale
style,830,American IPA,american ipa
style,831,American Pale Ale (APA),american pale ale (apa)
style,832,Witbier,witbier
style,833,American Pale Ale (APA),american pale ale (apa)
style,834,American Double / Imperial Stout,american double / imperial stout
style,835,American Amber / Red Lager,american amber / red lager
style,836,American IPA,american ipa
style,837,American Amber / Red Ale,american amber / red ale
style,838,American Pale Wheat Ale,american pale wheat ale
style,839,American Amber / Red Ale,american amber / red ale
style,840,K?lsch,k?lsch
style,841,American IPA,american ipa
style,842,Scotch Ale / Wee Heavy,scotch ale / wee heavy
style,843,American IPA,american ipa
style,844,American IPA,american ipa
style,845,American IPA,american ipa
style,846,American Porter,american porter
style,847,American Blonde Ale,american blonde ale
style,848,Oatmeal Stout,oatmeal stout
style,849,Belgian Pale Ale,belgian pale ale
style,850,American IPA,american ipa
style,851,American IPA,american ipa
style,852,American Pale Lager,american pale lager
style,853,K?lsch,k?lsch
style,854,empty,k?lsch
style,855,American Porter,american porter
style,856,Fruit / Vegetable Beer,fruit / vegetable beer
style,857,American IPA,american ipa
style,858,Scottish Ale,scottish ale
style,859,K?lsch,k?lsch
style,860,American Porter,american porter
style,861,American Pale Wheat Ale,american pale wheat ale
style,862,American Pale Ale (APA),american pale ale (apa)
style,863,American White IPA,american white ipa
style,864,American Amber / Red Ale,american amber / red ale
style,865,American IPA,american ipa
style,866,Munich Helles Lager,munich helles lager
style,867,empty,witbier
style,868,American Brown Ale,american brown ale
style,869,Witbier,witbier
style,870,Munich Helles Lager,munich helles lager
style,871,American Amber / Red Ale,american amber / red ale
style,872,Witbier,witbier
style,873,American IPA,american ipa
style,874,Berliner Weissbier,berliner weissbier
style,875,American IPA,american ipa
style,876,American Pale Ale (APA),american pale ale (apa)
style,877,English Strong Ale,english strong ale
style,878,Saison / Farmhouse Ale,saison / farmhouse ale
style,879,American Pale Ale (APA),american pale ale (apa)
style,880,American Pale Ale (APA),american pale ale (apa)
style,881,American IPA,american ipa
style,882,K?lsch,k?lsch
style,883,Scotch Ale / Wee Heavy,scotch ale / wee heavy
style,884,Extra Special / Strong Bitter (ESB),extra special / strong bitter (esb)
style,885,American IPA,american ipa
style,886,American Pale Ale (APA),american pale ale (apa)
style,887,American IPA,american ipa
style,888,American Blonde Ale,american blonde ale
style,889,American Amber / Red Ale,american amber / red ale
style,890,American IPA,american ipa
style,891,American Pale Lager,american pale lager
style,892,Saison / Farmhouse Ale,saison / farmhouse ale
style,893,American IPA,american ipa
style,894,American IPA,american ipa
style,895,American IPA,american ipa
style,896,American IPA,american ipa
style,897,Hefeweizen,hefeweizen
style,898,American IPA,american ipa
style,899,American IPA,american ipa
style,900,K?lsch,k?lsch
style,901,American Brown Ale,american brown ale
style,902,American IPA,american ipa
style,903,American IPA,american ipa
style,904,American IPA,american ipa
style,905,Hefeweizen,hefeweizen
style,906,American Porter,american porter
style,907,American IPA,american ipa
style,908,American Pale Wheat Ale,american pale wheat ale
style,909,American Pale Ale (APA),american pale ale (apa)
style,910,American Double / Imperial IPA,american double / imperial ipa
style,911,Oatmeal Stout,oatmeal stout
style,912,American IPA,american ipa
style,913,American Brown Ale,american brown ale
style,914,American Pale Ale (APA),american pale ale (apa)
style,915,American IPA,american ipa
style,916,American Pale Ale (APA),american pale ale (apa)
style,917,American Pale Ale (APA),american pale ale (apa)
style,918,American Pale Wheat Ale,american pale wheat ale
style,919,American Pale Wheat Ale,american pale wheat ale
style,920,American Pale Wheat Ale,american pale wheat ale
style,921,American Pale Lager,american pale lager
style,922,American Pale Wheat Ale,american pale wheat ale
style,923,American Pilsner,american pilsner
style,924,American Amber / Red Ale,american amber / red ale
style,925,American IPA,american ipa
style,926,American Pale Wheat Ale,american pale wheat ale
style,927,English Brown Ale,english brown ale
style,928,American Pale Ale (APA),american pale ale (apa)
style,929,American Blonde Ale,american blonde ale
style,930,Fruit / Vegetable Beer,fruit / vegetable beer
style,931,American Porter,american porter
style,932,American IPA,american ipa
style,933,Dortmunder / Export Lager,dortmunder / export lager
style,934,American Blonde Ale,american blonde ale
style,935,American Porter,american porter
style,936,M?rzen / Oktoberfest,m?rzen / oktoberfest
style,937,American Brown Ale,american brown ale
style,938,Fruit / Vegetable Beer,fruit / vegetable beer
style,939,Dortmunder / Export Lager,dortmunder / export lager
style,940,American Dark Wheat Ale,american dark wheat ale
style,941,Witbier,witbier
style,942,American Stout,american stout
style,943,English Stout,english stout
style,944,American Porter,american porter
style,945,Euro Dark Lager,euro dark lager
style,946,English Dark Mild Ale,english dark mild ale
style,947,American IPA,american ipa
style,948,American Blonde Ale,american blonde ale
style,949,American Pale Ale (APA),american pale ale (apa)
style,950,Old Ale,old ale
style,951,American Pale Wheat Ale,american pale wheat ale
style,952,American IPA,american ipa
style,953,Tripel,tripel
style,954,American IPA,american ipa
style,955,Russian Imperial Stout,russian imperial stout
style,956,Saison / Farmhouse Ale,saison / farmhouse ale
style,957,American IPA,american ipa
style,958,American Pale Lager,american pale lager
style,959,American Pale Lager,american pale lager
style,960,American Pale Ale (APA),american pale ale (apa)
style,961,American Pale Lager,american pale lager
style,962,Fruit / Vegetable Beer,fruit / vegetable beer
style,963,American Brown Ale,american brown ale
style,964,American Blonde Ale,american blonde ale
style,965,American Blonde Ale,american blonde ale
style,966,Vienna Lager,vienna lager
style,967,Irish Red Ale,irish red ale
style,968,Vienna Lager,vienna lager
style,969,Witbier,witbier
style,970,Irish Red Ale,irish red ale
style,971,American Pale Ale (APA),american pale ale (apa)
style,972,Rye Beer,rye beer
style,973,American Brown Ale,american brown ale
style,974,American IPA,american ipa
style,975,M?rzen / Oktoberfest,m?rzen / oktoberfest
style,976,American Amber / Red Ale,american amber / red ale
style,977,American Stout,american stout
style,978,American Pale Ale (APA),american pale ale (apa)
style,979,Irish Red Ale,irish red ale
style,980,American Pale Ale (APA),american pale ale (apa)
style,981,American Pale Ale (APA),american pale ale (apa)
style,982,American Black Ale,american black ale
style,983,M?rzen / Oktoberfest,m?rzen / oktoberfest
style,984,American Double / Imperial IPA,american double / imperial ipa
style,985,M?rzen / Oktoberfest,m?rzen / oktoberfest
style,986,American Pale Ale (APA),american pale ale (apa)
style,987,Witbier,witbier
style,988,American Blonde Ale,american blonde ale
style,989,American Porter,american porter
style,990,American Pale Ale (APA),american pale ale (apa)
style,991,Cream Ale,cream ale
style,992,American Pale Wheat Ale,american pale wheat ale
style,993,Winter Warmer,winter warmer
style,994,Pumpkin Ale,pumpkin ale
style,995,Czech Pilsener,czech pilsener
style,996,American Amber / Red Ale,american amber / red ale
style,997,American IPA,american ipa
style,998,American Pale Ale (APA),american pale ale (apa)
style,999,American IPA,american ipa
style,1000,Tripel,tripel
style,1001,Altbier,altbier
style,1002,American IPA,american ipa
style,1003,American Pale Ale (APA),american pale ale (apa)
style,1004,American IPA,american ipa
style,1005,American Double / Imperial Pilsner,american double / imperial pilsner
style,1006,German Pilsener,german pilsener
style,1007,American Pale Wheat Ale,american pale wheat ale
style,1008,English India Pale Ale (IPA),english india pale ale (ipa)
style,1009,American Brown Ale,american brown ale
style,1010,American Blonde Ale,american blonde ale
style,1011,American Pale Ale (APA),american pale ale (apa)
style,1012,American IPA,american ipa
style,1013,American Blonde Ale,american blonde ale
style,1014,Fruit / Vegetable Beer,fruit / vegetable beer
style,1015,Munich Helles Lager,munich helles lager
style,1016,American IPA,american ipa
style,1017,Cream Ale,cream ale
style,1018,American Pale Ale (APA),american pale ale (apa)
style,1019,Herbed / Spiced Beer,herbed / spiced beer
style,1020,American White IPA,american white ipa
style,1021,Cider,cider
style,1022,K?lsch,k?lsch
style,1023,American IPA,american ipa
style,1024,Pumpkin Ale,pumpkin ale
style,1025,M?rzen / Oktoberfest,m?rzen / oktoberfest
style,1026,American IPA,american ipa
style,1027,K?lsch,k?lsch
style,1028,American Pale Wheat Ale,american pale wheat ale
style,1029,K?lsch,k?lsch
style,1030,American IPA,american ipa
style,1031,American Blonde Ale,american blonde ale
style,1032,Witbier,witbier
style,1033,American Blonde Ale,american blonde ale
style,1034,American Pale Ale (APA),american pale ale (apa)
style,1035,American Brown Ale,american brown ale
style,1036,American Brown Ale,american brown ale
style,1037,Flanders Red Ale,flanders red ale
style,1038,Belgian IPA,belgian ipa
style,1039,American Pale Lager,american pale lager
style,1040,American Double / Imperial IPA,american double / imperial ipa
style,1041,American IPA,american ipa
style,1042,M?rzen / Oktoberfest,m?rzen / oktoberfest
style,1043,Cream Ale,cream ale
style,1044,Cream Ale,cream ale
style,1045,American IPA,american ipa
style,1046,American Double / Imperial Stout,american double / imperial stout
style,1047,American Pilsner,american pilsner
style,1048,American Pale Ale (APA),american pale ale (apa)
style,1049,American Pale Wheat Ale,american pale wheat ale
style,1050,Fruit / Vegetable Beer,fruit / vegetable beer
style,1051,American Amber / Red Ale,american amber / red ale
style,1052,16,16.0 oz. alumi-tek
style,1053,Czech Pilsener,czech pilsener
style,1054,American Blonde Ale,american blonde ale
style,1055,American Amber / Red Ale,american amber / red ale
style,1056,Saison / Farmhouse Ale,saison / farmhouse ale
style,1057,American White IPA,american white ipa
style,1058,Saison / Farmhouse Ale,saison / farmhouse ale
style,1059,American Brown Ale,american brown ale
style,1060,American IPA,american ipa
style,1061,American Blonde Ale,american blonde ale
style,1062,American Strong Ale,american strong ale
style,1063,American IPA,american ipa
style,1064,American Blonde Ale,american blonde ale
style,1065,American Pale Lager,american pale lager
style,1066,American IPA,american ipa
style,1067,American IPA,american ipa
style,1068,American Blonde Ale,american blonde ale
style,1069,American IPA,american ipa
style,1070,American Pale Lager,american pale lager
style,1071,Altbier,altbier
style,1072,American Pale Ale (APA),american pale ale (apa)
style,1073,American Porter,american porter
style,1074,Cider,cider
style,1075,Radler,radler
style,1076,American Pale Wheat Ale,american pale wheat ale
style,1077,American Pale Wheat Ale,american pale wheat ale
style,1078,American Pale Wheat Ale,american pale wheat ale
style,1079,American Pale Wheat Ale,american pale wheat ale
style,1080,American Pale Wheat Ale,american pale wheat ale
style,1081,American Pale Wheat Ale,american pale wheat ale
style,1082,American Pale Wheat Ale,american pale wheat ale
style,1083,American Pale Wheat Ale,american pale wheat ale
style,1084,American Pale Wheat Ale,american pale wheat ale
style,1085,American Pale Wheat Ale,american pale wheat ale
style,1086,American Pale Wheat Ale,american pale wheat ale
style,1087,American Pale Wheat Ale,american pale wheat ale
style,1088,American Amber / Red Ale,american amber / red ale
style,1089,American Stout,american stout
style,1090,American IPA,american ipa
style,1091,American Strong Ale,american strong ale
style,1092,American White IPA,american white ipa
style,1093,American Amber / Red Ale,american amber / red ale
style,1094,American Strong Ale,american strong ale
style,1095,Czech Pilsener,czech pilsener
style,1096,American IPA,american ipa
style,1097,American Pale Wheat Ale,american pale wheat ale
style,1098,Hefeweizen,hefeweizen
style,1099,M?rzen / Oktoberfest,m?rzen / oktoberfest
style,1100,American Pale Ale (APA),american pale ale (apa)
style,1101,Vienna Lager,vienna lager
style,1102,American IPA,american ipa
style,1103,Winter Warmer,winter warmer
style,1104,Fruit / Vegetable Beer,fruit / vegetable beer
style,1105,American Pale Wheat Ale,american pale wheat ale
style,1106,American Black Ale,american black ale
style,1107,American Pale Ale (APA),american pale ale (apa)
style,1108,American Amber / Red Ale,american amber / red ale
style,1109,American Pale Ale (APA),american pale ale (apa)
style,1110,Witbier,witbier
style,1111,American Pale Ale (APA),american pale ale (apa)
style,1112,American IPA,american ipa
style,1113,Cream Ale,cream ale
style,1114,American Blonde Ale,american blonde ale
style,1115,American IPA,american ipa
style,1116,American Pale Ale (APA),american pale ale (apa)
style,1117,American Blonde Ale,american blonde ale
style,1118,American IPA,american ipa
style,1119,Keller Bier / Zwickel Bier,keller bier / zwickel bier
style,1120,American Pale Lager,american pale lager
style,1121,American India Pale Lager,american india pale lager
style,1122,American India Pale Lager,american india pale lager
style,1123,American India Pale Lager,american india pale lager
style,1124,Cider,cider
style,1125,Cider,cider
style,1126,American Pale Ale (APA),american pale ale (apa)
style,1127,Fruit / Vegetable Beer,fruit / vegetable beer
style,1128,American IPA,american ipa
style,1129,American IPA,american ipa
style,1130,American Amber / Red Ale,american amber / red ale
style,1131,English Brown Ale,english brown ale
style,1132,American IPA,american ipa
style,1133,American Strong Ale,american strong ale
style,1134,Hefeweizen,hefeweizen
style,1135,American Porter,american porter
style,1136,American Pale Ale (APA),american pale ale (apa)
style,1137,American Blonde Ale,american blonde ale
style,1138,American IPA,american ipa
style,1139,Hefeweizen,hefeweizen
style,1140,American Pale Ale (APA),american pale ale (apa)
style,1141,American Double / Imperial IPA,american double / imperial ipa
style,1142,American Adjunct Lager,american adjunct lager
style,1143,American IPA,american ipa
style,1144,Doppelbock,doppelbock
style,1145,Hefeweizen,hefeweizen
style,1146,Munich Dunkel Lager,munich dunkel lager
style,1147,American Pale Ale (APA),american pale ale (apa)
style,1148,M?rzen / Oktoberfest,m?rzen / oktoberfest
style,1149,K?lsch,k?lsch
style,1150,Saison / Farmhouse Ale,saison / farmhouse ale
style,1151,American Double / Imperial IPA,american double / imperial ipa
style,1152,American Amber / Red Lager,american amber / red lager
style,1153,Hefeweizen,hefeweizen
style,1154,American IPA,american ipa
style,1155,Euro Dark Lager,euro dark lager
style,1156,American IPA,american ipa
style,1157,Czech Pilsener,czech pilsener
style,1158,Scottish Ale,scottish ale
style,1159,American Blonde Ale,american blonde ale
style,1160,American IPA,american ipa
style,1161,Scottish Ale,scottish ale
style,1162,Scotch Ale / Wee Heavy,scotch ale / wee heavy
style,1163,American IPA,american ipa
style,1164,American IPA,american ipa
style,1165,American Pale Ale (APA),american pale ale (apa)
style,1166,American IPA,american ipa
style,1167,Scotch Ale / Wee Heavy,scotch ale / wee heavy
style,1168,Witbier,witbier
style,1169,American Pale Ale (APA),american pale ale (apa)
style,1170,Scottish Ale,scottish ale
style,1171,American Brown Ale,american brown ale
style,1172,American Brown Ale,american brown ale
style,1173,American Blonde Ale,american blonde ale
style,1174,American Amber / Red Ale,american amber / red ale
style,1175,American Amber / Red Ale,american amber / red ale
style,1176,Czech Pilsener,czech pilsener
style,1177,American IPA,american ipa
style,1178,Hefeweizen,hefeweizen
style,1179,American Blonde Ale,american blonde ale
style,1180,American IPA,american ipa
style,1181,American Pale Wheat Ale,american pale wheat ale
style,1182,American Amber / Red Lager,american amber / red lager
style,1183,American Amber / Red Lager,american amber / red lager
style,1184,American Amber / Red Lager,american amber / red lager
style,1185,American Amber / Red Lager,american amber / red lager
style,1186,American Dark Wheat Ale,american dark wheat ale
style,1187,Belgian Strong Dark Ale,belgian strong dark ale
style,1188,Hefeweizen,hefeweizen
style,1189,American IPA,american ipa
style,1190,Maibock / Helles Bock,maibock / helles bock
style,1191,K?lsch,k?lsch
style,1192,Hefeweizen,hefeweizen
style,1193,American IPA,american ipa
style,1194,American Amber / Red Ale,american amber / red ale
style,1195,English Brown Ale,english brown ale
style,1196,Cream Ale,cream ale
style,1197,American Pilsner,american pilsner
style,1198,American IPA,american ipa
style,1199,American IPA,american ipa
style,1200,American IPA,american ipa
style,1201,Czech Pilsener,czech pilsener
style,1202,K?lsch,k?lsch
style,1203,American IPA,american ipa
style,1204,American Amber / Red Ale,american amber / red ale
style,1205,Hefeweizen,hefeweizen
style,1206,Scottish Ale,scottish ale
style,1207,German Pilsener,german pilsener
style,1208,Saison / Farmhouse Ale,saison / farmhouse ale
style,1209,American Stout,american stout
style,1210,American Amber / Red Ale,american amber / red ale
style,1211,Fruit / Vegetable Beer,fruit / vegetable beer
style,1212,American IPA,american ipa
style,1213,American Pale Ale (APA),american pale ale (apa)
style,1214,American Porter,american porter
style,1215,American Stout,american stout
style,1216,American Pale Ale (APA),american pale ale (apa)
style,1217,Hefeweizen,hefeweizen
style,1218,American Brown Ale,american brown ale
style,1219,English India Pale Ale (IPA),english india pale ale (ipa)
style,1220,American Amber / Red Ale,american amber / red ale
style,1221,Altbier,altbier
style,1222,Fruit / Vegetable Beer,fruit / vegetable beer
style,1223,Altbier,altbier
style,1224,Gose,gose
style,1225,German Pilsener,german pilsener
style,1226,American IPA,american ipa
style,1227,American IPA,american ipa
style,1228,American IPA,american ipa
style,1229,Czech Pilsener,czech pilsener
style,1230,American Stout,american stout
style,1231,Hefeweizen,hefeweizen
style,1232,American Pale Ale (APA),american pale ale (apa)
style,1233,American Blonde Ale,american blonde ale
style,1234,English Dark Mild Ale,english dark mild ale
style,1235,Belgian Pale Ale,belgian pale ale
style,1236,American Pale Ale (APA),american pale ale (apa)
style,1237,American Pilsner,american pilsner
style,1238,American IPA,american ipa
style,1239,American Amber / Red Ale,american amber / red ale
style,1240,American Pale Ale (APA),american pale ale (apa)
style,1241,American Amber / Red Ale,american amber / red ale
style,1242,American Pale Ale (APA),american pale ale (apa)
style,1243,American Brown Ale,american brown ale
style,1244,American Double / Imperial IPA,american double / imperial ipa
style,1245,American Blonde Ale,american blonde ale
style,1246,Winter Warmer,winter warmer
style,1247,Fruit / Vegetable Beer,fruit / vegetable beer
style,1248,K?lsch,k?lsch
style,1249,American Pale Ale (APA),american pale ale (apa)
style,1250,American IPA,american ipa
style,1251,American Brown Ale,american brown ale
style,1252,American Amber / Red Ale,american amber / red ale
style,1253,Fruit / Vegetable Beer,fruit / vegetable beer
style,1254,Hefeweizen,hefeweizen
style,1255,Fruit / Vegetable Beer,fruit / vegetable beer
style,1256,German Pilsener,german pilsener
style,1257,American IPA,american ipa
style,1258,German Pilsener,german pilsener
style,1259,American Amber / Red Ale,american amber / red ale
style,1260,Winter Warmer,winter warmer
style,1261,M?rzen / Oktoberfest,m?rzen / oktoberfest
style,1262,Belgian Pale Ale,belgian pale ale
style,1263,American IPA,american ipa
style,1264,Pumpkin Ale,pumpkin ale
style,1265,American Pale Wheat Ale,american pale wheat ale
style,1266,Tripel,tripel
style,1267,Fruit / Vegetable Beer,fruit / vegetable beer
style,1268,American Double / Imperial IPA,american double / imperial ipa
style,1269,American Double / Imperial IPA,american double / imperial ipa
style,1270,American IPA,american ipa
style,1271,American Blonde Ale,american blonde ale
style,1272,American Brown Ale,american brown ale
style,1273,American Pale Ale (APA),american pale ale (apa)
style,1274,German Pilsener,german pilsener
style,1275,American IPA,american ipa
style,1276,American IPA,american ipa
style,1277,American Pale Ale (APA),american pale ale (apa)
style,1278,Russian Imperial Stout,russian imperial stout
style,1279,American Pale Ale (APA),american pale ale (apa)
style,1280,American Double / Imperial IPA,american double / imperial ipa
style,1281,Saison / Farmhouse Ale,saison / farmhouse ale
style,1282,American Stout,american stout
style,1283,American Amber / Red Ale,american amber / red ale
style,1284,American Double / Imperial IPA,american double / imperial ipa
style,1285,American Double / Imperial IPA,american double / imperial ipa
style,1286,Rye Beer,rye beer
style,1287,Saison / Farmhouse Ale,saison / farmhouse ale
style,1288,American Stout,american stout
style,1289,American IPA,american ipa
style,1290,Shandy,shandy
style,1291,American IPA,american ipa
style,1292,German Pilsener,german pilsener
style,1293,Light Lager,light lager
style,1294,Light Lager,light lager
style,1295,American Pale Lager,american pale lager
style,1296,Fruit / Vegetable Beer,fruit / vegetable beer
style,1297,American Blonde Ale,american blonde ale
style,1298,American IPA,american ipa
style,1299,American Pale Wheat Ale,american pale wheat ale
style,1300,English Pale Ale,english pale ale
style,1301,English Pale Ale,english pale ale
style,1302,American Brown Ale,american brown ale
style,1303,Czech Pilsener,czech pilsener
style,1304,Saison / Farmhouse Ale,saison / farmhouse ale
style,1305,Belgian Strong Dark Ale,belgian strong dark ale
style,1306,Fruit / Vegetable Beer,fruit / vegetable beer
style,1307,American Amber / Red Ale,american amber / red ale
style,1308,Witbier,witbier
style,1309,American IPA,american ipa
style,1310,American Pale Wheat Ale,american pale wheat ale
style,1311,Munich Helles Lager,munich helles lager
style,1312,American Porter,american porter
style,1313,American IPA,american ipa
style,1314,American Porter,american porter
style,1315,Witbier,witbier
style,1316,American Pale Ale (APA),american pale ale (apa)
style,1317,Cider,cider
style,1318,Cider,cider
style,1319,Cider,cider
style,1320,American IPA,american ipa
style,1321,American IPA,american ipa
style,1322,American Blonde Ale,american blonde ale
style,1323,American Porter,american porter
style,1324,American Amber / Red Ale,american amber / red ale
style,1325,American Pale Ale (APA),american pale ale (apa)
style,1326,Fruit / Vegetable Beer,fruit / vegetable beer
style,1327,American Brown Ale,american brown ale
style,1328,American IPA,american ipa
style,1329,American Blonde Ale,american blonde ale
style,1330,American Amber / Red Ale,american amber / red ale
style,1331,American IPA,american ipa
style,1332,American IPA,american ipa
style,1333,Witbier,witbier
style,1334,American Brown Ale,american brown ale
style,1335,American IPA,american ipa
style,1336,American Double / Imperial IPA,american double / imperial ipa
style,1337,American IPA,american ipa
style,1338,Wheat Ale,wheat ale
style,1339,American Double / Imperial IPA,american double / imperial ipa
style,1340,Cream Ale,cream ale
style,1341,K?lsch,k?lsch
style,1342,American Double / Imperial IPA,american double / imperial ipa
style,1343,American IPA,american ipa
style,1344,American IPA,american ipa
style,1345,Belgian IPA,belgian ipa
style,1346,Saison / Farmhouse Ale,saison / farmhouse ale
style,1347,Berliner Weissbier,berliner weissbier
style,1348,American IPA,american ipa
style,1349,American Pale Ale (APA),american pale ale (apa)
style,1350,American Pilsner,american pilsner
style,1351,American IPA,american ipa
style,1352,Witbier,witbier
style,1353,Irish Red Ale,irish red ale
style,1354,American Pale Ale (APA),american pale ale (apa)
style,1355,American Double / Imperial IPA,american double / imperial ipa
style,1356,American Amber / Red Ale,american amber / red ale
style,1357,American IPA,american ipa
style,1358,Saison / Farmhouse Ale,saison / farmhouse ale
style,1359,Witbier,witbier
style,1360,Vienna Lager,vienna lager
style,1361,American Amber / Red Ale,american amber / red ale
style,1362,American Malt Liquor,american malt liquor
style,1363,Bock,bock
style,1364,Light Lager,light lager
style,1365,American Pale Lager,american pale lager
style,1366,American Pale Lager,american pale lager
style,1367,American Pale Lager,american pale lager
style,1368,American Pale Lager,american pale lager
style,1369,American Pale Lager,american pale lager
style,1370,American Pale Lager,american pale lager
style,1371,American Adjunct Lager,american adjunct lager
style,1372,Light Lager,light lager
style,1373,American Adjunct Lager,american adjunct lager
style,1374,American Adjunct Lager,american adjunct lager
style,1375,Belgian Pale Ale,belgian pale ale
style,1376,American IPA,american ipa
style,1377,American Pale Ale (APA),american pale ale (apa)
style,1378,American Double / Imperial IPA,american double / imperial ipa
style,1379,American Brown Ale,american brown ale
style,1380,American Pale Wheat Ale,american pale wheat ale
style,1381,California Common / Steam Beer,california common / steam beer
style,1382,American IPA,american ipa
style,1383,English Brown Ale,english brown ale
style,1384,American Pale Ale (APA),american pale ale (apa)
style,1385,American Pale Ale (APA),american pale ale (apa)
style,1386,American IPA,american ipa
style,1387,American IPA,american ipa
style,1388,American Pale Ale (APA),american pale ale (apa)
style,1389,American Amber / Red Ale,american amber / red ale
style,1390,Saison / Farmhouse Ale,saison / farmhouse ale
style,1391,American Pale Wheat Ale,american pale wheat ale
style,1392,American Stout,american stout
style,1393,American Amber / Red Ale,american amber / red ale
style,1394,American Amber / Red Ale,american amber / red ale
style,1395,American Brown Ale,american brown ale
style,1396,American Double / Imperial IPA,american double / imperial ipa
style,1397,American Pale Ale (APA),american pale ale (apa)
style,1398,American Blonde Ale,american blonde ale
style,1399,Extra Special / Strong Bitter (ESB),extra special / strong bitter (esb)
style,1400,Munich Helles Lager,munich helles lager
style,1401,M?rzen / Oktoberfest,m?rzen / oktoberfest
style,1402,American Pale Wheat Ale,american pale wheat ale
style,1403,Schwarzbier,schwarzbier
style,1404,German Pilsener,german pilsener
style,1405,Cream Ale,cream ale
style,1406,American Pale Ale (APA),american pale ale (apa)
style,1407,Hefeweizen,hefeweizen
style,1408,American Blonde Ale,american blonde ale
style,1409,American IPA,american ipa
style,1410,American Amber / Red Ale,american amber / red ale
style,1411,Witbier,witbier
style,1412,American IPA,american ipa
style,1413,Light Lager,light lager
style,1414,Witbier,witbier
style,1415,Hefeweizen,hefeweizen
style,1416,American Amber / Red Lager,american amber / red lager
style,1417,American Pale Lager,american pale lager
style,1418,American Pale Lager,american pale lager
style,1419,American Blonde Ale,american blonde ale
style,1420,American Pale Wheat Ale,american pale wheat ale
style,1421,Light Lager,light lager
style,1422,American Pilsner,american pilsner
style,1423,Milk / Sweet Stout,milk / sweet stout
style,1424,German Pilsener,german pilsener
style,1425,American Pale Wheat Ale,american pale wheat ale
style,1426,Cream Ale,cream ale
style,1427,American Pale Wheat Ale,american pale wheat ale
style,1428,American Porter,american porter
style,1429,Bock,bock
style,1430,M?rzen / Oktoberfest,m?rzen / oktoberfest
style,1431,American Blonde Ale,american blonde ale
style,1432,American Black Ale,american black ale
style,1433,American Double / Imperial IPA,american double / imperial ipa
style,1434,American Double / Imperial IPA,american double / imperial ipa
style,1435,American Black Ale,american black ale
style,1436,American Blonde Ale,american blonde ale
style,1437,Pumpkin Ale,pumpkin ale
style,1438,American IPA,american ipa
style,1439,Hefeweizen,hefeweizen
style,1440,English Brown Ale,english brown ale
style,1441,American Pale Ale (APA),american pale ale (apa)
style,1442,American IPA,american ipa
style,1443,German Pilsener,german pilsener
style,1444,American IPA,american ipa
style,1445,American IPA,american ipa
style,1446,American Pale Lager,american pale lager
style,1447,Euro Dark Lager,euro dark lager
style,1448,Czech Pilsener,czech pilsener
style,1449,American Amber / Red Lager,american amber / red lager
style,1450,American Pale Wheat Ale,american pale wheat ale
style,1451,American Pale Wheat Ale,american pale wheat ale
style,1452,American Amber / Red Ale,american amber / red ale
style,1453,American Pale Lager,american pale lager
style,1454,American Amber / Red Ale,american amber / red ale
style,1455,American Pale Lager,american pale lager
style,1456,American IPA,american ipa
style,1457,American Amber / Red Ale,american amber / red ale
style,1458,American IPA,american ipa
style,1459,American Pale Wheat Ale,american pale wheat ale
style,1460,American Amber / Red Ale,american amber / red ale
style,1461,Berliner Weissbier,berliner weissbier
style,1462,American IPA,american ipa
style,1463,American Pilsner,american pilsner
style,1464,American Amber / Red Ale,american amber / red ale
style,1465,Belgian Pale Ale,belgian pale ale
style,1466,American Double / Imperial IPA,american double / imperial ipa
style,1467,Belgian Pale Ale,belgian pale ale
style,1468,American Double / Imperial IPA,american double / imperial ipa
style,1469,American Pilsner,american pilsner
style,1470,American Amber / Red Ale,american amber / red ale
style,1471,American IPA,american ipa
style,1472,American Pale Ale (APA),american pale ale (apa)
style,1473,American Stout,american stout
style,1474,American Double / Imperial IPA,american double / imperial ipa
style,1475,American IPA,american ipa
style,1476,English Dark Mild Ale,english dark mild ale
style,1477,American Blonde Ale,american blonde ale
style,1478,Dunkelweizen,dunkelweizen
style,1479,American Blonde Ale,american blonde ale
style,1480,American Amber / Red Ale,american amber / red ale
style,1481,English Brown Ale,english brown ale
style,1482,Witbier,witbier
style,1483,Cream Ale,cream ale
style,1484,American IPA,american ipa
style,1485,Witbier,witbier
style,1486,American Pale Ale (APA),american pale ale (apa)
style,1487,American Amber / Red Ale,american amber / red ale
style,1488,American Pale Ale (APA),american pale ale (apa)
style,1489,American IPA,american ipa
style,1490,English India Pale Ale (IPA),english india pale ale (ipa)
style,1491,American Stout,american stout
style,1492,Irish Red Ale,irish red ale
style,1493,German Pilsener,german pilsener
style,1494,American IPA,american ipa
style,1495,Milk / Sweet Stout,milk / sweet stout
style,1496,English Brown Ale,english brown ale
style,1497,Pumpkin Ale,pumpkin ale
style,1498,American Porter,american porter
style,1499,Extra Special / Strong Bitter (ESB),extra special / strong bitter (esb)
style,1500,American IPA,american ipa
style,1501,American IPA,american ipa
style,1502,American Pale Ale (APA),american pale ale (apa)
style,1503,German Pilsener,german pilsener
style,1504,American Pale Wheat Ale,american pale wheat ale
style,1505,American IPA,american ipa
style,1506,Czech Pilsener,czech pilsener
style,1507,Pumpkin Ale,pumpkin ale
style,1508,American IPA,american ipa
style,1509,Fruit / Vegetable Beer,fruit / vegetable beer
style,1510,American IPA,american ipa
style,1511,American Amber / Red Ale,american amber / red ale
style,1512,American Stout,american stout
style,1513,American IPA,american ipa
style,1514,Baltic Porter,baltic porter
style,1515,English Bitter,english bitter
style,1516,Keller Bier / Zwickel Bier,keller bier / zwickel bier
style,1517,American Pale Ale (APA),american pale ale (apa)
style,1518,American Pale Wheat Ale,american pale wheat ale
style,1519,Dunkelweizen,dunkelweizen
style,1520,Altbier,altbier
style,1521,K?lsch,k?lsch
style,1522,Belgian Strong Dark Ale,belgian strong dark ale
style,1523,Scotch Ale / Wee Heavy,scotch ale / wee heavy
style,1524,American Porter,american porter
style,1525,Hefeweizen,hefeweizen
style,1526,American Pale Ale (APA),american pale ale (apa)
style,1527,American Pale Ale (APA),american pale ale (apa)
style,1528,Hefeweizen,hefeweizen
style,1529,Scottish Ale,scottish ale
style,1530,American Brown Ale,american brown ale
style,1531,Saison / Farmhouse Ale,saison / farmhouse ale
style,1532,American Pale Ale (APA),american pale ale (apa)
style,1533,American Stout,american stout
style,1534,Rye Beer,rye beer
style,1535,American Pale Lager,american pale lager
style,1536,American Brown Ale,american brown ale
style,1537,American Stout,american stout
style,1538,American Porter,american porter
style,1539,Pumpkin Ale,pumpkin ale
style,1540,American Pale Wheat Ale,american pale wheat ale
style,1541,American Blonde Ale,american blonde ale
style,1542,American IPA,american ipa
style,1543,American Pale Ale (APA),american pale ale (apa)
style,1544,American Pale Wheat Ale,american pale wheat ale
style,1545,American Pale Lager,american pale lager
style,1546,American Amber / Red Lager,american amber / red lager
style,1547,American Pale Lager,american pale lager
style,1548,Euro Dark Lager,euro dark lager
style,1549,Light Lager,light lager
style,1550,Saison / Farmhouse Ale,saison / farmhouse ale
style,1551,Saison / Farmhouse Ale,saison / farmhouse ale
style,1552,American IPA,american ipa
style,1553,American Pale Ale (APA),american pale ale (apa)
style,1554,Scotch Ale / Wee Heavy,scotch ale / wee heavy
style,1555,32,32.0 oz.
style,1556,empty,american pale ale (apa)
style,1557,American IPA,american ipa
style,1558,English Brown Ale,english brown ale
style,1559,American IPA,american ipa
style,1560,American Pale Ale (APA),american pale ale (apa)
style,1561,American Pale Ale (APA),american pale ale (apa)
style,1562,Czech Pilsener,czech pilsener
style,1563,American IPA,american ipa
style,1564,American IPA,american ipa
style,1565,American Pale Ale (APA),american pale ale (apa)
style,1566,American Brown Ale,american brown ale
style,1567,American Pale Ale (APA),american pale ale (apa)
style,1568,American Pale Ale (APA),american pale ale (apa)
style,1569,American Double / Imperial IPA,american double / imperial ipa
style,1570,American Pale Ale (APA),american pale ale (apa)
style,1571,American Pale Ale (APA),american pale ale (apa)
style,1572,American Double / Imperial IPA,american double / imperial ipa
style,1573,Belgian Dark Ale,belgian dark ale
style,1574,Belgian Strong Pale Ale,belgian strong pale ale
style,1575,American Strong Ale,american strong ale
style,1576,American Double / Imperial IPA,american double / imperial ipa
style,1577,American Double / Imperial IPA,american double / imperial ipa
style,1578,American Double / Imperial IPA,american double / imperial ipa
style,1579,Russian Imperial Stout,russian imperial stout
style,1580,Czech Pilsener,czech pilsener
style,1581,American Double / Imperial IPA,american double / imperial ipa
style,1582,Scottish Ale,scottish ale
style,1583,American Double / Imperial IPA,american double / imperial ipa
style,1584,American Pale Ale (APA),american pale ale (apa)
style,1585,American Double / Imperial IPA,american double / imperial ipa
style,1586,Russian Imperial Stout,russian imperial stout
style,1587,Russian Imperial Stout,russian imperial stout
style,1588,Scottish Ale,scottish ale
style,1589,Scottish Ale,scottish ale
style,1590,Scottish Ale,scottish ale
style,1591,American Pale Ale (APA),american pale ale (apa)
style,1592,American Pale Ale (APA),american pale ale (apa)
style,1593,American Pale Ale (APA),american pale ale (apa)
style,1594,American Pale Ale (APA),american pale ale (apa)
style,1595,American Pale Ale (APA),american pale ale (apa)
style,1596,American Brown Ale,american brown ale
style,1597,American Double / Imperial IPA,american double / imperial ipa
style,1598,American Double / Imperial IPA,american double / imperial ipa
style,1599,Russian Imperial Stout,russian imperial stout
style,1600,American Double / Imperial IPA,american double / imperial ipa
style,1601,Scottish Ale,scottish ale
style,1602,American Pale Ale (APA),american pale ale (apa)
style,1603,American Pale Ale (APA),american pale ale (apa)
style,1604,American White IPA,american white ipa
style,1605,American Pale Ale (APA),american pale ale (apa)
style,1606,American Pale Ale (APA),american pale ale (apa)
style,1607,American IPA,american ipa
style,1608,American Dark Wheat Ale,american dark wheat ale
style,1609,Irish Red Ale,irish red ale
style,1610,American Pale Ale (APA),american pale ale (apa)
style,1611,K?lsch,k?lsch
style,1612,English Bitter,english bitter
style,1613,American Porter,american porter
style,1614,American Pale Ale (APA),american pale ale (apa)
style,1615,American IPA,american ipa
style,1616,American Pale Lager,american pale lager
style,1617,American Pale Ale (APA),american pale ale (apa)
style,1618,American Brown Ale,american brown ale
style,1619,K?lsch,k?lsch
style,1620,American Pilsner,american pilsner
style,1621,American Pale Wheat Ale,american pale wheat ale
style,1622,Light Lager,light lager
style,1623,American Pilsner,american pilsner
style,1624,American IPA,american ipa
style,1625,American IPA,american ipa
style,1626,American Pale Wheat Ale,american pale wheat ale
style,1627,German Pilsener,german pilsener
style,1628,American Brown Ale,american brown ale
style,1629,American Blonde Ale,american blonde ale
style,1630,American Black Ale,american black ale
style,1631,American IPA,american ipa
style,1632,American Pale Ale (APA),american pale ale (apa)
style,1633,American IPA,american ipa
style,1634,American Pale Lager,american pale lager
style,1635,American Pale Wheat Ale,american pale wheat ale
style,1636,Czech Pilsener,czech pilsener
style,1637,American Pale Ale (APA),american pale ale (apa)
style,1638,American Pale Wheat Ale,american pale wheat ale
style,1639,American Pale Wheat Ale,american pale wheat ale
style,1640,American Pale Wheat Ale,american pale wheat ale
style,1641,American Pale Lager,american pale lager
style,1642,American Amber / Red Ale,american amber / red ale
style,1643,Dubbel,dubbel
style,1644,American IPA,american ipa
style,1645,American IPA,american ipa
style,1646,American Pale Ale (APA),american pale ale (apa)
style,1647,American Amber / Red Ale,american amber / red ale
style,1648,American IPA,american ipa
style,1649,Milk / Sweet Stout,milk / sweet stout
style,1650,American Pale Ale (APA),american pale ale (apa)
style,1651,Chile Beer,chile beer
style,1652,American Black Ale,american black ale
style,1653,Fruit / Vegetable Beer,fruit / vegetable beer
style,1654,American Blonde Ale,american blonde ale
style,1655,American Porter,american porter
style,1656,American Dark Wheat Ale,american dark wheat ale
style,1657,American Amber / Red Ale,american amber / red ale
style,1658,American IPA,american ipa
style,1659,American Amber / Red Ale,american amber / red ale
style,1660,American IPA,american ipa
style,1661,American Pale Ale (APA),american pale ale (apa)
style,1662,American IPA,american ipa
style,1663,American Amber / Red Ale,american amber / red ale
style,1664,American IPA,american ipa
style,1665,American Pilsner,american pilsner
style,1666,American Pale Ale (APA),american pale ale (apa)
style,1667,American Barleywine,american barleywine
style,1668,American IPA,american ipa
style,1669,American Amber / Red Ale,american amber / red ale
style,1670,American Pale Wheat Ale,american pale wheat ale
style,1671,Munich Helles Lager,munich helles lager
style,1672,Munich Dunkel Lager,munich dunkel lager
style,1673,Czech Pilsener,czech pilsener
style,1674,American Pale Ale (APA),american pale ale (apa)
style,1675,Czech Pilsener,czech pilsener
style,1676,American Pale Wheat Ale,american pale wheat ale
style,1677,Hefeweizen,hefeweizen
style,1678,Hefeweizen,hefeweizen
style,1679,Belgian Pale Ale,belgian pale ale
style,1680,American Porter,american porter
style,1681,Munich Helles Lager,munich helles lager
style,1682,American Pale Ale (APA),american pale ale (apa)
style,1683,Gose,gose
style,1684,Witbier,witbier
style,1685,American Black Ale,american black ale
style,1686,American Blonde Ale,american blonde ale
style,1687,English Pale Ale,english pale ale
style,1688,German Pilsener,german pilsener
style,1689,American Blonde Ale,american blonde ale
style,1690,American Blonde Ale,american blonde ale
style,1691,American Brown Ale,american brown ale
style,1692,American IPA,american ipa
style,1693,Czech Pilsener,czech pilsener
style,1694,American Blonde Ale,american blonde ale
style,1695,American IPA,american ipa
style,1696,Belgian IPA,belgian ipa
style,1697,American Porter,american porter
style,1698,Rye Beer,rye beer
style,1699,Cider,cider
style,1700,American IPA,american ipa
style,1701,American IPA,american ipa
style,1702,American Amber / Red Ale,american amber / red ale
style,1703,Mead,mead
style,1704,Mead,mead
style,1705,Mead,mead
style,1706,Witbier,witbier
style,1707,American Pale Ale (APA),american pale ale (apa)
style,1708,Russian Imperial Stout,russian imperial stout
style,1709,American IPA,american ipa
style,1710,American Double / Imperial IPA,american double / imperial ipa
style,1711,American Blonde Ale,american blonde ale
style,1712,American IPA,american ipa
style,1713,American Stout,american stout
style,1714,American Stout,american stout
style,1715,American Porter,american porter
style,1716,American Blonde Ale,american blonde ale
style,1717,Vienna Lager,vienna lager
style,1718,American Pale Ale (APA),american pale ale (apa)
style,1719,American Amber / Red Ale,american amber / red ale
style,1720,American Blonde Ale,american blonde ale
style,1721,American Pale Ale (APA),american pale ale (apa)
style,1722,Belgian Pale Ale,belgian pale ale
style,1723,Herbed / Spiced Beer,herbed / spiced beer
style,1724,Herbed / Spiced Beer,herbed / spiced beer
style,1725,M?rzen / Oktoberfest,m?rzen / oktoberfest
style,1726,American Porter,american porter
style,1727,American IPA,american ipa
style,1728,Witbier,witbier
style,1729,American Amber / Red Ale,american amber / red ale
style,1730,American Pale Ale (APA),american pale ale (apa)
style,1731,American Amber / Red Ale,american amber / red ale
style,1732,American Porter,american porter
style,1733,M?rzen / Oktoberfest,m?rzen / oktoberfest
style,1734,American Pale Ale (APA),american pale ale (apa)
style,1735,American IPA,american ipa
style,1736,American Blonde Ale,american blonde ale
style,1737,Cream Ale,cream ale
style,1738,Gose,gose
style,1739,American Pale Ale (APA),american pale ale (apa)
style,1740,Witbier,witbier
style,1741,American Amber / Red Ale,american amber / red ale
style,1742,American IPA,american ipa
style,1743,American Pale Ale (APA),american pale ale (apa)
style,1744,American IPA,american ipa
style,1745,M?rzen / Oktoberfest,m?rzen / oktoberfest
style,1746,Pumpkin Ale,pumpkin ale
style,1747,American IPA,american ipa
style,1748,Oatmeal Stout,oatmeal stout
style,1749,American White IPA,american white ipa
style,1750,American Pale Ale (APA),american pale ale (apa)
style,1751,American Amber / Red Ale,american amber / red ale
style,1752,American Amber / Red Ale,american amber / red ale
style,1753,American Blonde Ale,american blonde ale
style,1754,Scottish Ale,scottish ale
style,1755,Witbier,witbier
style,1756,American Amber / Red Lager,american amber / red lager
style,1757,American IPA,american ipa
style,1758,Fruit / Vegetable Beer,fruit / vegetable beer
style,1759,American Amber / Red Lager,american amber / red lager
style,1760,Czech Pilsener,czech pilsener
style,1761,American Porter,american porter
style,1762,American Adjunct Lager,american adjunct lager
style,1763,American Amber / Red Ale,american amber / red ale
style,1764,Milk / Sweet Stout,milk / sweet stout
style,1765,American IPA,american ipa
style,1766,American Adjunct Lager,american adjunct lager
style,1767,American Amber / Red Ale,american amber / red ale
style,1768,American Strong Ale,american strong ale
style,1769,American IPA,american ipa
style,1770,American Stout,american stout
style,1771,Saison / Farmhouse Ale,saison / farmhouse ale
style,1772,Belgian Strong Pale Ale,belgian strong pale ale
style,1773,American Pale Ale (APA),american pale ale (apa)
style,1774,English Brown Ale,english brown ale
style,1775,American Black Ale,american black ale
style,1776,American IPA,american ipa
style,1777,K?lsch,k?lsch
style,1778,American Amber / Red Ale,american amber / red ale
style,1779,American Black Ale,american black ale
style,1780,American Amber / Red Lager,american amber / red lager
style,1781,American Black Ale,american black ale
style,1782,American Amber / Red Ale,american amber / red ale
style,1783,Witbier,witbier
style,1784,American IPA,american ipa
style,1785,American Pale Ale (APA),american pale ale (apa)
style,1786,K?lsch,k?lsch
style,1787,American Porter,american porter
style,1788,Winter Warmer,winter warmer
style,1789,American Double / Imperial IPA,american double / imperial ipa
style,1790,M?rzen / Oktoberfest,m?rzen / oktoberfest
style,1791,American Blonde Ale,american blonde ale
style,1792,American Pale Wheat Ale,american pale wheat ale
style,1793,Belgian IPA,belgian ipa
style,1794,American Amber / Red Ale,american amber / red ale
style,1795,Hefeweizen,hefeweizen
style,1796,American IPA,american ipa
style,1797,American Porter,american porter
style,1798,American Pale Ale (APA),american pale ale (apa)
style,1799,Herbed / Spiced Beer,herbed / spiced beer
style,1800,Fruit / Vegetable Beer,fruit / vegetable beer
style,1801,American Pale Ale (APA),american pale ale (apa)
style,1802,American IPA,american ipa
style,1803,Hefeweizen,hefeweizen
style,1804,American Pale Ale (APA),american pale ale (apa)
style,1805,American Amber / Red Ale,american amber / red ale
style,1806,Saison / Farmhouse Ale,saison / farmhouse ale
style,1807,American Black Ale,american black ale
style,1808,American Double / Imperial IPA,american double / imperial ipa
style,1809,American Brown Ale,american brown ale
style,1810,English India Pale Ale (IPA),english india pale ale (ipa)
style,1811,Saison / Farmhouse Ale,saison / farmhouse ale
style,1812,American Black Ale,american black ale
style,1813,Irish Red Ale,irish red ale
style,1814,M?rzen / Oktoberfest,m?rzen / oktoberfest
style,1815,Russian Imperial Stout,russian imperial stout
style,1816,German Pilsener,german pilsener
style,1817,American IPA,american ipa
style,1818,American Blonde Ale,american blonde ale
style,1819,Cider,cider
style,1820,Cider,cider
style,1821,Cider,cider
style,1822,American Pale Wheat Ale,american pale wheat ale
style,1823,Schwarzbier,schwarzbier
style,1824,American IPA,american ipa
style,1825,American Brown Ale,american brown ale
style,1826,Hefeweizen,hefeweizen
style,1827,Munich Helles Lager,munich helles lager
style,1828,Fruit / Vegetable Beer,fruit / vegetable beer
style,1829,American IPA,american ipa
style,1830,Cider,cider
style,1831,Cider,cider
style,1832,American IPA,american ipa
style,1833,American Porter,american porter
style,1834,American Strong Ale,american strong ale
style,1835,English Brown Ale,english brown ale
style,1836,American Amber / Red Ale,american amber / red ale
style,1837,American Pale Ale (APA),american pale ale (apa)
style,1838,American IPA,american ipa
style,1839,American Black Ale,american black ale
style,1840,English Pale Ale,english pale ale
style,1841,American IPA,american ipa
style,1842,American Pale Wheat Ale,american pale wheat ale
style,1843,Pumpkin Ale,pumpkin ale
style,1844,American Blonde Ale,american blonde ale
style,1845,German Pilsener,german pilsener
style,1846,American IPA,american ipa
style,1847,Maibock / Helles Bock,maibock / helles bock
style,1848,Rye Beer,rye beer
style,1849,American Pale Ale (APA),american pale ale (apa)
style,1850,American Pale Wheat Ale,american pale wheat ale
style,1851,Czech Pilsener,czech pilsener
style,1852,American IPA,american ipa
style,1853,American Pale Ale (APA),american pale ale (apa)
style,1854,Cider,cider
style,1855,American Brown Ale,american brown ale
style,1856,American Amber / Red Ale,american amber / red ale
style,1857,American IPA,american ipa
style,1858,Baltic Porter,baltic porter
style,1859,Gose,gose
style,1860,Belgian Pale Ale,belgian pale ale
style,1861,Fruit / Vegetable Beer,fruit / vegetable beer
style,1862,American IPA,american ipa
style,1863,American Pale Ale (APA),american pale ale (apa)
style,1864,American Double / Imperial IPA,american double / imperial ipa
style,1865,American Strong Ale,american strong ale
style,1866,American IPA,american ipa
style,1867,German Pilsener,german pilsener
style,1868,Cream Ale,cream ale
style,1869,Rye Beer,rye beer
style,1870,American IPA,american ipa
style,1871,Baltic Porter,baltic porter
style,1872,American Brown Ale,american brown ale
style,1873,American Pale Wheat Ale,american pale wheat ale
style,1874,Saison / Farmhouse Ale,saison / farmhouse ale
style,1875,American Double / Imperial IPA,american double / imperial ipa
style,1876,American Stout,american stout
style,1877,Pumpkin Ale,pumpkin ale
style,1878,German Pilsener,german pilsener
style,1879,Cream Ale,cream ale
style,1880,Rye Beer,rye beer
style,1881,American IPA,american ipa
style,1882,American IPA,american ipa
style,1883,Doppelbock,doppelbock
style,1884,American IPA,american ipa
style,1885,American Stout,american stout
style,1886,American Stout,american stout
style,1887,Foreign / Export Stout,foreign / export stout
style,1888,American Stout,american stout
style,1889,American Pale Lager,american pale lager
style,1890,American Blonde Ale,american blonde ale
style,1891,American Pale Ale (APA),american pale ale (apa)
style,1892,Extra Special / Strong Bitter (ESB),extra special / strong bitter (esb)
style,1893,American IPA,american ipa
style,1894,American Amber / Red Ale,american amber / red ale
style,1895,American IPA,american ipa
style,1896,Belgian IPA,belgian ipa
style,1897,Tripel,tripel
style,1898,English Pale Ale,english pale ale
style,1899,American IPA,american ipa
style,1900,Winter Warmer,winter warmer
style,1901,Grisette,grisette
style,1902,American IPA,american ipa
style,1903,Munich Helles Lager,munich helles lager
style,1904,Winter Warmer,winter warmer
style,1905,American Double / Imperial IPA,american double / imperial ipa
style,1906,M?rzen / Oktoberfest,m?rzen / oktoberfest
style,1907,American IPA,american ipa
style,1908,Munich Dunkel Lager,munich dunkel lager
style,1909,Hefeweizen,hefeweizen
style,1910,German Pilsener,german pilsener
style,1911,American Pale Ale (APA),american pale ale (apa)
style,1912,American IPA,american ipa
style,1913,American Amber / Red Ale,american amber / red ale
style,1914,Saison / Farmhouse Ale,saison / farmhouse ale
style,1915,American Pilsner,american pilsner
style,1916,American Pale Ale (APA),american pale ale (apa)
style,1917,Foreign / Export Stout,foreign / export stout
style,1918,English Brown Ale,english brown ale
style,1919,Vienna Lager,vienna lager
style,1920,American Pale Ale (APA),american pale ale (apa)
style,1921,American IPA,american ipa
style,1922,K?lsch,k?lsch
style,1923,American Double / Imperial IPA,american double / imperial ipa
style,1924,American IPA,american ipa
style,1925,American IPA,american ipa
style,1926,M?rzen / Oktoberfest,m?rzen / oktoberfest
style,1927,American Double / Imperial IPA,american double / imperial ipa
style,1928,American Double / Imperial Stout,american double / imperial stout
style,1929,Saison / Farmhouse Ale,saison / farmhouse ale
style,1930,Witbier,witbier
style,1931,Maibock / Helles Bock,maibock / helles bock
style,1932,American Barleywine,american barleywine
style,1933,American Blonde Ale,american blonde ale
style,1934,American Pale Ale (APA),american pale ale (apa)
style,1935,American Pale Wheat Ale,american pale wheat ale
style,1936,American Porter,american porter
style,1937,American Strong Ale,american strong ale
style,1938,American IPA,american ipa
style,1939,Bock,bock
style,1940,American IPA,american ipa
style,1941,Saison / Farmhouse Ale,saison / farmhouse ale
style,1942,K?lsch,k?lsch
style,1943,Light Lager,light lager
style,1944,Czech Pilsener,czech pilsener
style,1945,American IPA,american ipa
style,1946,American IPA,american ipa
style,1947,American IPA,american ipa
style,1948,Extra Special / Strong Bitter (ESB),extra special / strong bitter (esb)
style,1949,American Pale Ale (APA),american pale ale (apa)
style,1950,American Blonde Ale,american blonde ale
style,1951,American Amber / Red Ale,american amber / red ale
style,1952,Oatmeal Stout,oatmeal stout
style,1953,American Blonde Ale,american blonde ale
style,1954,American Pale Ale (APA),american pale ale (apa)
style,1955,American Pale Ale (APA),american pale ale (apa)
style,1956,Saison / Farmhouse Ale,saison / farmhouse ale
style,1957,Bière de Garde,bière de garde
style,1958,American Double / Imperial IPA,american double / imperial ipa
style,1959,American Double / Imperial IPA,american double / imperial ipa
style,1960,American Double / Imperial IPA,american double / imperial ipa
style,1961,Old Ale,old ale
style,1962,American Blonde Ale,american blonde ale
style,1963,American Double / Imperial IPA,american double / imperial ipa
style,1964,Saison / Farmhouse Ale,saison / farmhouse ale
style,1965,Bière de Garde,bière de garde
style,1966,Foreign / Export Stout,foreign / export stout
style,1967,American Pale Ale (APA),american pale ale (apa)
style,1968,American Blonde Ale,american blonde ale
style,1969,American IPA,american ipa
style,1970,English India Pale Ale (IPA),english india pale ale (ipa)
style,1971,American Pale Ale (APA),american pale ale (apa)
style,1972,American Double / Imperial IPA,american double / imperial ipa
style,1973,American Porter,american porter
style,1974,American Double / Imperial IPA,american double / imperial ipa
style,1975,American Amber / Red Ale,american amber / red ale
style,1976,American Stout,american stout
style,1977,American Double / Imperial IPA,american double / imperial ipa
style,1978,American Pale Ale (APA),american pale ale (apa)
style,1979,American IPA,american ipa
style,1980,American Pale Ale (APA),american pale ale (apa)
style,1981,Irish Red Ale,irish red ale
style,1982,American Pale Wheat Ale,american pale wheat ale
style,1983,Vienna Lager,vienna lager
style,1984,Vienna Lager,vienna lager
style,1985,American Pale Ale (APA),american pale ale (apa)
style,1986,Cider,cider
style,1987,German Pilsener,german pilsener
style,1988,American IPA,american ipa
style,1989,M?rzen / Oktoberfest,m?rzen / oktoberfest
style,1990,American IPA,american ipa
style,1991,American Pale Ale (APA),american pale ale (apa)
style,1992,K?lsch,k?lsch
style,1993,American Amber / Red Lager,american amber / red lager
style,1994,American IPA,american ipa
style,1995,American Adjunct Lager,american adjunct lager
style,1996,American Adjunct Lager,american adjunct lager
style,1997,American Pale Ale (APA),american pale ale (apa)
style,1998,American Adjunct Lager,american adjunct lager
style,1999,American Black Ale,american black ale
style,2000,American IPA,american ipa
style,2001,American Adjunct Lager,american adjunct lager
style,2002,American Adjunct Lager,american adjunct lager
style,2003,American Adjunct Lager,american adjunct lager
style,2004,Winter Warmer,winter warmer
style,2005,M?rzen / Oktoberfest,m?rzen / oktoberfest
style,2006,American Pale Wheat Ale,american pale wheat ale
style,2007,American Pale Wheat Ale,american pale wheat ale
style,2008,American Pale Wheat Ale,american pale wheat ale
style,2009,American Blonde Ale,american blonde ale
style,2010,K?lsch,k?lsch
style,2011,M?rzen / Oktoberfest,m?rzen / oktoberfest
style,2012,American Brown Ale,american brown ale
style,2013,American Pale Wheat Ale,american pale wheat ale
style,2014,American Pale Ale (APA),american pale ale (apa)
style,2015,American Amber / Red Lager,american amber / red lager
style,2016,American Adjunct Lager,american adjunct lager
style,2017,American Amber / Red Ale,american amber / red ale
style,2018,American Black Ale,american black ale
style,2019,American Black Ale,american black ale
style,2020,Saison / Farmhouse Ale,saison / farmhouse ale
style,2021,American Blonde Ale,american blonde ale
style,2022,K?lsch,k?lsch
style,2023,Milk / Sweet Stout,milk / sweet stout
style,2024,American IPA,american ipa
style,2025,American Adjunct Lager,american adjunct lager
style,2026,American Adjunct Lager,american adjunct lager
style,2027,American Amber / Red Lager,american amber / red lager
style,2028,Light Lager,light lager
style,2029,American Pale Ale (APA),american pale ale (apa)
style,2030,Extra Special / Strong Bitter (ESB),extra special / strong bitter (esb)
style,2031,American Pale Ale (APA),american pale ale (apa)
style,2032,American Double / Imperial IPA,american double / imperial ipa
style,2033,Altbier,altbier
style,2034,Scottish Ale,scottish ale
style,2035,American Porter,american porter
style,2036,Belgian Pale Ale,belgian pale ale
style,2037,Scotch Ale / Wee Heavy,scotch ale / wee heavy
style,2038,Belgian Dark Ale,belgian dark ale
style,2039,Scotch Ale / Wee Heavy,scotch ale / wee heavy
style,2040,Scotch Ale / Wee Heavy,scotch ale / wee heavy
style,2041,American IPA,american ipa
style,2042,American IPA,american ipa
style,2043,American IPA,american ipa
style,2044,American IPA,american ipa
style,2045,Belgian IPA,belgian ipa
style,2046,Scotch Ale / Wee Heavy,scotch ale / wee heavy
style,2047,Extra Special / Strong Bitter (ESB),extra special / strong bitter (esb)
style,2048,American IPA,american ipa
style,2049,American Pale Ale (APA),american pale ale (apa)
style,2050,Russian Imperial Stout,russian imperial stout
style,2051,Flanders Oud Bruin,flanders oud bruin
style,2052,American Porter,american porter
style,2053,German Pilsener,german pilsener
style,2054,Irish Dry Stout,irish dry stout
style,2055,Scottish Ale,scottish ale
style,2056,English Barleywine,english barleywine
style,2057,American Brown Ale,american brown ale
style,2058,Quadrupel (Quad),quadrupel (quad)
style,2059,M?rzen / Oktoberfest,m?rzen / oktoberfest
style,2060,Dortmunder / Export Lager,dortmunder / export lager
style,2061,Dortmunder / Export Lager,dortmunder / export lager
style,2062,Belgian Strong Pale Ale,belgian strong pale ale
style,2063,American Double / Imperial IPA,american double / imperial ipa
style,2064,Scotch Ale / Wee Heavy,scotch ale / wee heavy
style,2065,American IPA,american ipa
style,2066,M?rzen / Oktoberfest,m?rzen / oktoberfest
style,2067,English Barleywine,english barleywine
style,2068,Scottish Ale,scottish ale
style,2069,Cream Ale,cream ale
style,2070,American Pale Ale (APA),american pale ale (apa)
style,2071,American Amber / Red Lager,american amber / red lager
style,2072,American IPA,american ipa
style,2073,American IPA,american ipa
style,2074,Extra Special / Strong Bitter (ESB),extra special / strong bitter (esb)
style,2075,American Black Ale,american black ale
style,2076,American IPA,american ipa
style,2077,American IPA,american ipa
style,2078,English Bitter,english bitter
style,2079,Rye Beer,rye beer
style,2080,American Brown Ale,american brown ale
style,2081,American Brown Ale,american brown ale
style,2082,American Double / Imperial IPA,american double / imperial ipa
style,2083,Keller Bier / Zwickel Bier,keller bier / zwickel bier
style,2084,Saison / Farmhouse Ale,saison / farmhouse ale
style,2085,American IPA,american ipa
style,2086,American IPA,american ipa
style,2087,Witbier,witbier
style,2088,American Pale Ale (APA),american pale ale (apa)
style,2089,Oatmeal Stout,oatmeal stout
style,2090,Cream Ale,cream ale
style,2091,Herbed / Spiced Beer,herbed / spiced beer
style,2092,German Pilsener,german pilsener
style,2093,Hefeweizen,hefeweizen
style,2094,American IPA,american ipa
style,2095,American Pale Ale (APA),american pale ale (apa)
style,2096,American Double / Imperial IPA,american double / imperial ipa
style,2097,Saison / Farmhouse Ale,saison / farmhouse ale
style,2098,American IPA,american ipa
style,2099,American IPA,american ipa
style,2100,Hefeweizen,hefeweizen
style,2101,American Blonde Ale,american blonde ale
style,2102,American Blonde Ale,american blonde ale
style,2103,Hefeweizen,hefeweizen
style,2104,Tripel,tripel
style,2105,Saison / Farmhouse Ale,saison / farmhouse ale
style,2106,American Porter,american porter
style,2107,Saison / Farmhouse Ale,saison / farmhouse ale
style,2108,Oatmeal Stout,oatmeal stout
style,2109,American IPA,american ipa
style,2110,American Brown Ale,american brown ale
style,2111,Extra Special / Strong Bitter (ESB),extra special / strong bitter (esb)
style,2112,Milk / Sweet Stout,milk / sweet stout
style,2113,American Pale Wheat Ale,american pale wheat ale
style,2114,American Pale Ale (APA),american pale ale (apa)
style,2115,Tripel,tripel
style,2116,American Pale Wheat Ale,american pale wheat ale
style,2117,German Pilsener,german pilsener
style,2118,American Double / Imperial IPA,american double / imperial ipa
style,2119,American Brown Ale,american brown ale
style,2120,Milk / Sweet Stout,milk / sweet stout
style,2121,American IPA,american ipa
style,2122,American IPA,american ipa
style,2123,American Amber / Red Ale,american amber / red ale
style,2124,Altbier,altbier
style,2125,American IPA,american ipa
style,2126,American Porter,american porter
style,2127,American IPA,american ipa
style,2128,Witbier,witbier
style,2129,Dubbel,dubbel
style,2130,American Brown Ale,american brown ale
style,2131,American IPA,american ipa
style,2132,American Pale Ale (APA),american pale ale (apa)
style,2133,Extra Special / Strong Bitter (ESB),extra special / strong bitter (esb)
style,2134,Fruit / Vegetable Beer,fruit / vegetable beer
style,2135,English India Pale Ale (IPA),english india pale ale (ipa)
style,2136,American Pale Ale (APA),american pale ale (apa)
style,2137,Saison / Farmhouse Ale,saison / farmhouse ale
style,2138,American Brown Ale,american brown ale
style,2139,Dunkelweizen,dunkelweizen
style,2140,English India Pale Ale (IPA),english india pale ale (ipa)
style,2141,American Wild Ale,american wild ale
style,2142,American Double / Imperial IPA,american double / imperial ipa
style,2143,American Double / Imperial Stout,american double / imperial stout
style,2144,American IPA,american ipa
style,2145,American Double / Imperial IPA,american double / imperial ipa
style,2146,American Double / Imperial IPA,american double / imperial ipa
style,2147,American Amber / Red Ale,american amber / red ale
style,2148,American IPA,american ipa
style,2149,English Brown Ale,english brown ale
style,2150,American Pale Wheat Ale,american pale wheat ale
style,2151,Belgian Pale Ale,belgian pale ale
style,2152,Belgian Pale Ale,belgian pale ale
style,2153,Dubbel,dubbel
style,2154,American Pale Ale (APA),american pale ale (apa)
style,2155,American Black Ale,american black ale
style,2156,American Pale Ale (APA),american pale ale (apa)
style,2157,American Pale Ale (APA),american pale ale (apa)
style,2158,K?lsch,k?lsch
style,2159,American IPA,american ipa
style,2160,English Brown Ale,english brown ale
style,2161,American Double / Imperial IPA,american double / imperial ipa
style,2162,American IPA,american ipa
style,2163,American Pilsner,american pilsner
style,2164,American Amber / Red Lager,american amber / red lager
style,2165,American Pale Ale (APA),american pale ale (apa)
style,2166,American Amber / Red Ale,american amber / red ale
style,2167,American Stout,american stout
style,2168,American Pale Ale (APA),american pale ale (apa)
style,2169,Shandy,shandy
style,2170,American Pale Wheat Ale,american pale wheat ale
style,2171,American Pale Ale (APA),american pale ale (apa)
style,2172,Cream Ale,cream ale
style,2173,American Brown Ale,american brown ale
style,2174,Fruit / Vegetable Beer,fruit / vegetable beer
style,2175,American Blonde Ale,american blonde ale
style,2176,American Porter,american porter
style,2177,American IPA,american ipa
style,2178,Irish Red Ale,irish red ale
style,2179,American IPA,american ipa
style,2180,American Pale Wheat Ale,american pale wheat ale
style,2181,Oatmeal Stout,oatmeal stout
style,2182,American Pale Ale (APA),american pale ale (apa)
style,2183,California Common / Steam Beer,california common / steam beer
style,2184,American Amber / Red Ale,american amber / red ale
style,2185,American IPA,american ipa
style,2186,Braggot,braggot
style,2187,American Dark Wheat Ale,american dark wheat ale
style,2188,American Porter,american porter
style,2189,Fruit / Vegetable Beer,fruit / vegetable beer
style,2190,Russian Imperial Stout,russian imperial stout
style,2191,Roggenbier,roggenbier
style,2192,American Double / Imperial IPA,american double / imperial ipa
style,2193,American IPA,american ipa
style,2194,Irish Red Ale,irish red ale
style,2195,American Porter,american porter
style,2196,Czech Pilsener,czech pilsener
style,2197,American Blonde Ale,american blonde ale
style,2198,American IPA,american ipa
style,2199,American Porter,american porter
style,2200,Fruit / Vegetable Beer,fruit / vegetable beer
style,2201,American Blonde Ale,american blonde ale
style,2202,American Pale Ale (APA),american pale ale (apa)
style,2203,American Amber / Red Ale,american amber / red ale
style,2204,American IPA,american ipa
style,2205,Vienna Lager,vienna lager
style,2206,Shandy,shandy
style,2207,American IPA,american ipa
style,2208,American IPA,american ipa
style,2209,Milk / Sweet Stout,milk / sweet stout
style,2210,American Amber / Red Ale,american amber / red ale
style,2211,American IPA,american ipa
style,2212,Witbier,witbier
style,2213,Belgian Strong Pale Ale,belgian strong pale ale
style,2214,Doppelbock,doppelbock
style,2215,American Amber / Red Ale,american amber / red ale
style,2216,American Pilsner,american pilsner
style,2217,Doppelbock,doppelbock
style,2218,American IPA,american ipa
style,2219,American Pale Ale (APA),american pale ale (apa)
style,2220,American IPA,american ipa
style,2221,American Amber / Red Lager,american amber / red lager
style,2222,American IPA,american ipa
style,2223,American Adjunct Lager,american adjunct lager
style,2224,American IPA,american ipa
style,2225,American IPA,american ipa
style,2226,American Amber / Red Ale,american amber / red ale
style,2227,American IPA,american ipa
style,2228,Czech Pilsener,czech pilsener
style,2229,American IPA,american ipa
style,2230,American Pale Ale (APA),american pale ale (apa)
style,2231,American Brown Ale,american brown ale
style,2232,American Amber / Red Ale,american amber / red ale
style,2233,American IPA,american ipa
style,2234,American IPA,american ipa
style,2235,American Pale Wheat Ale,american pale wheat ale
style,2236,American IPA,american ipa
style,2237,American Dark Wheat Ale,american dark wheat ale
style,2238,American Dark Wheat Ale,american dark wheat ale
style,2239,Dortmunder / Export Lager,dortmunder / export lager
style,2240,American Pale Ale (APA),american pale ale (apa)
style,2241,M?rzen / Oktoberfest,m?rzen / oktoberfest
style,2242,Bière de Garde,bière de garde
style,2243,American Pale Ale (APA),american pale ale (apa)
style,2244,American Strong Ale,american strong ale
style,2245,American IPA,american ipa
style,2246,Munich Helles Lager,munich helles lager
style,2247,Hefeweizen,hefeweizen
style,2248,American White IPA,american white ipa
style,2249,American Double / Imperial IPA,american double / imperial ipa
style,2250,Saison / Farmhouse Ale,saison / farmhouse ale
style,2251,German Pilsener,german pilsener
style,2252,Pumpkin Ale,pumpkin ale
style,2253,American Amber / Red Lager,american amber / red lager
style,2254,American IPA,american ipa
style,2255,American IPA,american ipa
style,2256,American Blonde Ale,american blonde ale
style,2257,Schwarzbier,schwarzbier
style,2258,American IPA,american ipa
style,2259,American Pale Ale (APA),american pale ale (apa)
style,2260,American Pale Ale (APA),american pale ale (apa)
style,2261,German Pilsener,german pilsener
style,2262,American IPA,american ipa
style,2263,Maibock / Helles Bock,maibock / helles bock
style,2264,Cider,cider
style,2265,Cider,cider
style,2266,Cider,cider
style,2267,Low Alcohol Beer,low alcohol beer
style,2268,American Brown Ale,american brown ale
style,2269,Belgian Pale Ale,belgian pale ale
style,2270,Baltic Porter,baltic porter
style,2271,Dubbel,dubbel
style,2272,American Double / Imperial IPA,american double / imperial ipa
style,2273,Gose,gose
style,2274,American Pale Ale (APA),american pale ale (apa)
style,2275,Altbier,altbier
style,2276,American IPA,american ipa
style,2277,Witbier,witbier
style,2278,American IPA,american ipa
style,2279,Quadrupel (Quad),quadrupel (quad)
style,2280,Rye Beer,rye beer
style,2281,American Wild Ale,american wild ale
style,2282,American Double / Imperial Stout,american double / imperial stout
style,2283,American Brown Ale,american brown ale
style,2284,Saison / Farmhouse Ale,saison / farmhouse ale
style,2285,American White IPA,american white ipa
style,2286,American Wild Ale,american wild ale
style,2287,American Double / Imperial IPA,american double / imperial ipa
style,2288,Winter Warmer,winter warmer
style,2289,Pumpkin Ale,pumpkin ale
style,2290,Belgian Pale Ale,belgian pale ale
style,2291,Foreign / Export Stout,foreign / export stout
style,2292,Vienna Lager,vienna lager
style,2293,Vienna Lager,vienna lager
style,2294,English Brown Ale,english brown ale
style,2295,American Pale Ale (APA),american pale ale (apa)
style,2296,American IPA,american ipa
style,2297,American Brown Ale,american brown ale
style,2298,American IPA,american ipa
style,2299,American Pale Ale (APA),american pale ale (apa)
style,2300,American Double / Imperial IPA,american double / imperial ipa
style,2301,Doppelbock,doppelbock
style,2302,American White IPA,american white ipa
style,2303,American White IPA,american white ipa
style,2304,Fruit / Vegetable Beer,fruit / vegetable beer
style,2305,American Double / Imperial IPA,american double / imperial ipa
style,2306,American Pale Ale (APA),american pale ale (apa)
style,2307,Cider,cider
style,2308,Cider,cider
style,2309,Cider,cider
style,2310,Cider,cider
style,2311,Cider,cider
style,2312,American Stout,american stout
style,2313,Tripel,tripel
style,2314,Witbier,witbier
style,2315,American Brown Ale,american brown ale
style,2316,Belgian Strong Pale Ale,belgian strong pale ale
style,2317,American IPA,american ipa
style,2318,American Double / Imperial Pilsner,american double / imperial pilsner
style,2319,American IPA,american ipa
style,2320,American IPA,american ipa
style,2321,American IPA,american ipa
style,2322,Witbier,witbier
style,2323,American Double / Imperial IPA,american double / imperial ipa
style,2324,American Pale Wheat Ale,american pale wheat ale
style,2325,English Pale Ale,english pale ale
style,2326,American IPA,american ipa
style,2327,Pumpkin Ale,pumpkin ale
style,2328,Fruit / Vegetable Beer,fruit / vegetable beer
style,2329,American IPA,american ipa
style,2330,American Amber / Red Ale,american amber / red ale
style,2331,American IPA,american ipa
style,2332,Cream Ale,cream ale
style,2333,Oatmeal Stout,oatmeal stout
style,2334,American IPA,american ipa
style,2335,Herbed / Spiced Beer,herbed / spiced beer
style,2336,American Porter,american porter
style,2337,American Amber / Red Ale,american amber / red ale
style,2338,American IPA,american ipa
style,2339,American Pale Ale (APA),american pale ale (apa)
style,2340,Gose,gose
style,2341,Witbier,witbier
style,2342,American IPA,american ipa
style,2343,M?rzen / Oktoberfest,m?rzen / oktoberfest
style,2344,American Amber / Red Lager,american amber / red lager
style,2345,American IPA,american ipa
style,2346,American Pale Lager,american pale lager
style,2347,Bock,bock
style,2348,English Stout,english stout
style,2349,American IPA,american ipa
style,2350,Cream Ale,cream ale
style,2351,Chile Beer,chile beer
style,2352,American Amber / Red Ale,american amber / red ale
style,2353,Berliner Weissbier,berliner weissbier
style,2354,American IPA,american ipa
style,2355,Berliner Weissbier,berliner weissbier
style,2356,Berliner Weissbier,berliner weissbier
style,2357,American IPA,american ipa
style,2358,Radler,radler
style,2359,Hefeweizen,hefeweizen
style,2360,Hefeweizen,hefeweizen
style,2361,American Double / Imperial IPA,american double / imperial ipa
style,2362,Pumpkin Ale,pumpkin ale
style,2363,American Brown Ale,american brown ale
style,2364,American Blonde Ale,american blonde ale
style,2365,American Double / Imperial IPA,american double / imperial ipa
style,2366,American Double / Imperial IPA,american double / imperial ipa
style,2367,Witbier,witbier
style,2368,Oatmeal Stout,oatmeal stout
style,2369,Pumpkin Ale,pumpkin ale
style,2370,American Pale Ale (APA),american pale ale (apa)
style,2371,Belgian Pale Ale,belgian pale ale
style,2372,Scotch Ale / Wee Heavy,scotch ale / wee heavy
style,2373,American Pilsner,american pilsner
style,2374,American Pale Ale (APA),american pale ale (apa)
style,2375,Irish Dry Stout,irish dry stout
style,2376,Bock,bock
style,2377,Munich Helles Lager,munich helles lager
style,2378,American Pale Ale (APA),american pale ale (apa)
style,2379,American Blonde Ale,american blonde ale
style,2380,American IPA,american ipa
style,2381,American Porter,american porter
style,2382,American Amber / Red Lager,american amber / red lager
style,2383,American IPA,american ipa
style,2384,American Porter,american porter
style,2385,American IPA,american ipa
style,2386,Saison / Farmhouse Ale,saison / farmhouse ale
style,2387,American IPA,american ipa
style,2388,American Pilsner,american pilsner
style,2389,American IPA,american ipa
style,2390,American Brown Ale,american brown ale
style,2391,American IPA,american ipa
style,2392,American Pale Lager,american pale lager
style,2393,Cider,cider
style,2394,American IPA,american ipa
style,2395,American Pilsner,american pilsner
style,2396,American IPA,american ipa
style,2397,American IPA,american ipa
style,2398,K?lsch,k?lsch
style,2399,American Double / Imperial IPA,american double / imperial ipa
style,2400,American IPA,american ipa
style,2401,American Pale Ale (APA),american pale ale (apa)
style,2402,Chile Beer,chile beer
style,2403,American Strong Ale,american strong ale
style,2404,Pumpkin Ale,pumpkin ale
style,2405,American Stout,american stout
style,2406,Belgian IPA,belgian ipa
style,2407,American Amber / Red Ale,american amber / red ale
style,2408,Schwarzbier,schwarzbier
style,2409,American Pale Ale (APA),american pale ale (apa)
style,2410,American Amber / Red Ale,american amber / red ale
ounces,1,12,12.0 oz
ounces,2,12,12.0 oz.
ounces,3,12,12.0 ounce
ounces,4,12,12.0 oz
ounces,5,12,12.0 oz.
ounces,6,12,12.0 oz
ounces,7,12,12.0 oz.
ounces,8,12,12.0 ounce
ounces,9,12,12.0 oz.
ounces,10,12,12.0 ounce
ounces,11,12,12.0 oz.
ounces,12,12,12.0 oz.
ounces,13,12,12.0 oz.
ounces,14,12,12.0 oz.
ounces,15,12,12.0 ounce
ounces,16,12,12.0 ounce
ounces,17,12,12.0 oz.
ounces,18,12,12.0 oz. alumi-tek
ounces,19,12,12.0 ounce
ounces,20,12,12.0 oz.
ounces,21,12,12.0 oz.
ounces,22,8.4,8.4 ounce
ounces,23,12,12.0 oz.
ounces,24,12,12.0 oz.
ounces,25,12,12.0 oz
ounces,26,12,12.0 ounce
ounces,27,12,12.0 oz.
ounces,28,12,12.0 oz.
ounces,29,12,12.0 oz.
ounces,30,12,12.0 oz.
ounces,31,12,12.0 oz.
ounces,32,12,12.0 oz.
ounces,33,12,12.0 oz.
ounces,34,12,12.0 oz
ounces,35,12,12.0 ounce
ounces,36,12,12.0 ounce
ounces,37,12,12.0 oz.
ounces,38,12,12.0 oz.
ounces,39,12,12.0 oz.
ounces,40,12,12.0 ounce
ounces,41,12,12.0 oz.
ounces,42,12,12.0 oz.
ounces,43,12,12.0 oz
ounces,44,12,12.0 oz
ounces,45,12,12.0 oz
ounces,46,12,12.0 oz.
ounces,47,12,12.0 oz.
ounces,48,12,12.0 oz
ounces,49,12,12.0 oz.
ounces,50,12,12.0 oz.
ounces,51,16,16.0 ounce
ounces,52,16,16.0 ounce
ounces,53,16,16.0 oz.
ounces,54,16,16.0 oz.
ounces,55,16,16.0 oz. alumi-tek
ounces,56,16,16.0 ounce
ounces,57,16,16.0 oz
ounces,58,16,16.0 oz
ounces,59,16,16.0 oz
ounces,60,16,16.0 ounce
ounces,61,16,16.0 oz.
ounces,62,12,12.0 oz.
ounces,63,12,12.0 oz
ounces,64,12,12.0 ounce
ounces,65,12,12.0 oz.
ounces,66,12,12.0 oz
ounces,67,12,12.0 oz.
ounces,68,16,16.0 ounce
ounces,69,16,16.0 ounce
ounces,70,16,16.0 ounce
ounces,71,16,16.0 oz.
ounces,72,16,16.0 oz.
ounces,73,16,16.0 oz.
ounces,74,16,16.0 oz
ounces,75,16,16.0 ounce
ounces,76,16,16.0 oz
ounces,77,16,16.0 oz.
ounces,78,16,16.0 ounce
ounces,79,16,16.0 oz.
ounces,80,16,16.0 ounce
ounces,81,16,16.0 oz.
ounces,82,16,16.0 oz
ounces,83,16,16.0 ounce
ounces,84,16,16.0 oz.
ounces,85,16,16.0 oz.
ounces,86,12,12.0 oz.
ounces,87,12,12.0 oz. alumi-tek
ounces,88,12,12.0 oz
ounces,89,12,12.0 oz.
ounces,90,12,12.0 oz.
ounces,91,12,12.0 oz.
ounces,92,16,16.0 oz
ounces,93,16,16.0 oz.
ounces,94,16,16.0 oz. alumi-tek
ounces,95,16,16.0 oz
ounces,96,16,16.0 ounce
ounces,97,12,12.0 oz. alumi-tek
ounces,98,12,12.0 ounce
ounces,99,12,12.0 oz
ounces,100,12,12.0 oz.
ounces,101,12,12.0 ounce
ounces,102,12,12.0 oz.
ounces,103,12,12.0 oz
ounces,104,12,12.0 oz.
ounces,105,12,12.0 oz
ounces,106,12,12.0 ounce
ounces,107,12,12.0 ounce
ounces,108,12,12.0 oz
ounces,109,12,12.0 oz.
ounces,110,12,12.0 oz. alumi-tek
ounces,111,16,16.0 oz
ounces,112,12,12.0 oz.
ounces,113,12,12.0 oz
ounces,114,12,12.0 oz
ounces,115,12,12.0 ounce
ounces,116,12,12.0 ounce
ounces,117,12,12.0 ounce
ounces,118,12,12.0 oz.
ounces,119,12,12.0 oz.
ounces,120,16,16.0 ounce
ounces,121,16,16.0 oz
ounces,122,16,16.0 oz.
ounces,123,16,16.0 oz.
ounces,124,16,16.0 oz.
ounces,125,12,12.0 oz.
ounces,126,12,12.0 oz.
ounces,127,12,12.0 ounce
ounces,128,12,12.0 oz.
ounces,129,16,16.0 oz.
ounces,130,16,16.0 oz. alumi-tek
ounces,131,16,16.0 ounce
ounces,132,12,12.0 oz. silo can
ounces,133,12,12.0 oz.
ounces,134,12,12.0 oz
ounces,135,12,12.0 ounce
ounces,136,12,12.0 oz.
ounces,137,16,16.0 oz
ounces,138,16,16.0 oz.
ounces,139,12,12.0 oz
ounces,140,12,12.0 oz
ounces,141,12,12.0 oz.
ounces,142,16,16.0 ounce
ounces,143,16,16.0 oz. alumi-tek
ounces,144,16,16.0 oz. silo can
ounces,145,12,12.0 oz.
ounces,146,12,12.0 oz
ounces,147,12,12.0 oz.
ounces,148,12,12.0 oz.
ounces,149,12,12.0 ounce
ounces,150,12,12.0 oz.
ounces,151,16,16.0 ounce
ounces,152,16,16.0 oz.
ounces,153,16,16.0 oz
ounces,154,12,12.0 oz.
ounces,155,12,12.0 oz
ounces,156,12,12.0 oz.
ounces,157,16,16.0 oz
ounces,158,12,12.0 oz.
ounces,159,12,12.0 oz
ounces,160,12,12.0 oz.
ounces,161,12,12.0 ounce
ounces,162,12,12.0 oz.
ounces,163,12,12.0 oz.
ounces,164,12,12.0 oz.
ounces,165,12,12.0 oz.
ounces,166,12,12.0 oz
ounces,167,12,12.0 ounce
ounces,168,12,12.0 oz. alumi-tek
ounces,169,12,12.0 oz.
ounces,170,12,12.0 ounce
ounces,171,12,12.0 oz.
ounces,172,12,12.0 oz.
ounces,173,12,12.0 ounce
ounces,174,12,12.0 ounce
ounces,175,12,12.0 oz.
ounces,176,12,12.0 oz.
ounces,177,12,12.0 oz.
ounces,178,12,12.0 ounce
ounces,179,12,12.0 ounce
ounces,180,12,12.0 oz
ounces,181,12,12.0 ounce
ounces,182,12,12.0 ounce
ounces,183,12,12.0 ounce
ounces,184,12,12.0 ounce
ounces,185,12,12.0 oz.
ounces,186,12,12.0 oz.
ounces,187,12,12.0 oz
ounces,188,12,12.0 oz.
ounces,189,12,12.0 oz. alumi-tek
ounces,190,12,12.0 oz
ounces,191,12,12.0 ounce
ounces,192,16,16.0 oz
ounces,193,12,12.0 oz.
ounces,194,12,12.0 oz
ounces,195,12,12.0 oz. alumi-tek
ounces,196,12,12.0 oz.
ounces,197,12,12.0 ounce
ounces,198,12,12.0 oz.
ounces,199,12,12.0 oz
ounces,200,12,12.0 ounce
ounces,201,12,12.0 oz.
ounces,202,12,12.0 oz.
ounces,203,12,12.0 oz.
ounces,204,12,12.0 oz
ounces,205,16,16.0 oz
ounces,206,12,12.0 oz
ounces,207,12,12.0 oz.
ounces,208,12,12.0 ounce
ounces,209,12,12.0 oz.
ounces,210,12,12.0 oz.
ounces,211,12,12.0 oz.
ounces,212,12,12.0 oz
ounces,213,16,16.0 ounce
ounces,214,12,12.0 oz.
ounces,215,12,12.0 oz. alumi-tek
ounces,216,12,12.0 oz.
ounces,217,12,12.0 ounce
ounces,218,12,12.0 oz
ounces,219,16,16.0 oz.
ounces,220,16,16.0 oz.
ounces,221,16,16.0 oz.
ounces,222,16,16.0 oz.
ounces,223,16,16.0 oz.
ounces,224,12,12.0 oz.
ounces,225,16,16.0 ounce
ounces,226,12,12.0 oz.
ounces,227,12,12.0 oz.
ounces,228,12,12.0 oz.
ounces,229,12,12.0 ounce
ounces,230,12,12.0 oz.
ounces,231,12,12.0 oz.
ounces,232,12,12.0 oz.
ounces,233,12,12.0 ounce
ounces,234,12,12.0 oz
ounces,235,12,12.0 oz.
ounces,236,12,12.0 oz.
ounces,237,12,12.0 oz
ounces,238,12,12.0 oz
ounces,239,12,12.0 oz.
ounces,240,16,16.0 oz. alumi-tek
ounces,241,12,12.0 ounce
ounces,242,16,16.0 oz.
ounces,243,16,16.0 oz
ounces,244,12,12.0 ounce
ounces,245,12,12.0 oz.
ounces,246,12,12.0 ounce
ounces,247,16,16.0 oz.
ounces,248,16,16.0 ounce
ounces,249,12,12.0 oz.
ounces,250,16,16.0 oz.
ounces,251,12,12.0 oz.
ounces,252,12,12.0 oz.
ounces,253,12,12.0 ounce
ounces,254,12,12.0 oz
ounces,255,12,12.0 oz
ounces,256,12,12.0 oz.
ounces,257,12,12.0 oz.
ounces,258,12,12.0 oz.
ounces,259,12,12.0 oz
ounces,260,12,12.0 oz.
ounces,261,12,12.0 ounce
ounces,262,12,12.0 oz
ounces,263,12,12.0 oz
ounces,264,12,12.0 oz.
ounces,265,12,12.0 oz.
ounces,266,12,12.0 ounce
ounces,267,16,16.0 oz
ounces,268,16,16.0 ounce
ounces,269,16,16.0 oz.
ounces,270,16,16.0 oz.
ounces,271,16,16.0 oz.
ounces,272,16,16.0 ounce
ounces,273,12,12.0 oz
ounces,274,12,12.0 oz
ounces,275,12,12.0 oz.
ounces,276,16,16.0 oz
ounces,277,12,12.0 oz
ounces,278,12,12.0 ounce
ounces,279,12,12.0 ounce
ounces,280,12,12.0 ounce
ounces,281,12,12.0 oz
ounces,282,12,12.0 ounce
ounces,283,12,12.0 oz.
ounces,284,12,12.0 oz
ounces,285,12,12.0 oz
ounces,286,12,12.0 oz
ounces,287,12,12.0 ounce
ounces,288,12,12.0 oz. alumi-tek
ounces,289,12,12.0 oz.
ounces,290,12,12.0 ounce
ounces,291,12,12.0 ounce
ounces,292,12,12.0 oz
ounces,293,12,12.0 ounce
ounces,294,12,12.0 ounce
ounces,295,12,12.0 oz. alumi-tek
ounces,296,12,12.0 oz.
ounces,297,12,12.0 oz.
ounces,298,12,12.0 oz.
ounces,299,12,12.0 oz
ounces,300,12,12.0 ounce
ounces,301,12,12.0 ounce
ounces,302,12,12.0 ounce
ounces,303,12,12.0 oz.
ounces,304,12,12.0 oz.
ounces,305,12,12.0 ounce
ounces,306,12,12.0 ounce
ounces,307,12,12.0 oz.
ounces,308,12,12.0 oz.
ounces,309,12,12.0 oz
ounces,310,12,12.0 oz
ounces,311,12,12.0 ounce
ounces,312,12,12.0 oz.
ounces,313,12,12.0 oz.
ounces,314,12,12.0 ounce
ounces,315,12,12.0 oz
ounces,316,12,12.0 oz.
ounces,317,12,12.0 oz.
ounces,318,12,12.0 oz.
ounces,319,12,12.0 oz
ounces,320,16,16.0 oz. alumi-tek
ounces,321,12,12.0 oz.
ounces,322,12,12.0 ounce
ounces,323,12,12.0 ounce
ounces,324,12,12.0 oz.
ounces,325,12,12.0 oz.
ounces,326,12,12.0 oz.
ounces,327,12,12.0 oz
ounces,328,12,12.0 oz. alumi-tek
ounces,329,12,12.0 oz
ounces,330,12,12.0 oz. alumi-tek
ounces,331,12,12.0 oz.
ounces,332,16,16.0 oz.
ounces,333,16,16.0 oz.
ounces,334,12,12.0 oz
ounces,335,12,12.0 oz.
ounces,336,12,12.0 ounce
ounces,337,16,16.0 oz.
ounces,338,16,16.0 ounce
ounces,339,12,12.0 oz.
ounces,340,16,16.0 ounce
ounces,341,12,12.0 oz. alumi-tek
ounces,342,16,16.0 oz. alumi-tek
ounces,343,12,12.0 oz
ounces,344,12,12.0 oz
ounces,345,12,12.0 oz.
ounces,346,16,16.0 oz.
ounces,347,12,12.0 oz.
ounces,348,12,12.0 oz.
ounces,349,16,16.0 ounce
ounces,350,12,12.0 ounce
ounces,351,12,12.0 oz.
ounces,352,12,12.0 ounce
ounces,353,16,16.0 oz.
ounces,354,16,16.0 ounce
ounces,355,16,16.0 oz. alumi-tek
ounces,356,12,12.0 ounce
ounces,357,16,16.0 oz
ounces,358,12,12.0 ounce
ounces,359,12,12.0 oz.
ounces,360,16,16.0 ounce
ounces,361,12,12.0 oz.
ounces,362,12,12.0 oz
ounces,363,12,12.0 oz
ounces,364,12,12.0 oz.
ounces,365,12,12.0 oz.
ounces,366,12,12.0 ounce
ounces,367,12,12.0 oz.
ounces,368,12,12.0 oz.
ounces,369,12,12.0 oz.
ounces,370,12,12.0 oz
ounces,371,12,12.0 ounce
ounces,372,12,12.0 oz.
ounces,373,12,12.0 ounce
ounces,374,12,12.0 ounce
ounces,375,12,12.0 oz.
ounces,376,12,12.0 oz
ounces,377,12,12.0 oz. alumi-tek
ounces,378,16,16.0 oz
ounces,379,12,12.0 oz.
ounces,380,12,12.0 ounce
ounces,381,12,12.0 ounce
ounces,382,12,12.0 oz
ounces,383,12,12.0 oz.
ounces,384,12,12.0 oz.
ounces,385,12,12.0 oz.
ounces,386,12,12.0 oz
ounces,387,16,16.0 oz.
ounces,388,16,16.0 ounce
ounces,389,16,16.0 oz
ounces,390,16,16.0 oz.
ounces,391,16,16.0 oz.
ounces,392,16,16.0 oz
ounces,393,16,16.0 oz.
ounces,394,16,16.0 oz
ounces,395,16,16.0 oz.
ounces,396,16,16.0 oz. alumi-tek
ounces,397,16,16.0 oz
ounces,398,16,16.0 oz.
ounces,399,16,16.0 oz
ounces,400,16,16.0 ounce
ounces,401,16,16.0 oz.
ounces,402,16,16.0 oz.
ounces,403,16,16.0 ounce
ounces,404,16,16.0 oz.
ounces,405,16,16.0 oz.
ounces,406,16,16.0 oz.
ounces,407,16,16.0 oz. silo can
ounces,408,16,16.0 oz.
ounces,409,16,16.0 oz
ounces,410,16,16.0 ounce
ounces,411,16,16.0 oz.
ounces,412,16,16.0 oz
ounces,413,16,16.0 oz
ounces,414,16,16.0 oz.
ounces,415,16,16.0 oz.
ounces,416,16,16.0 oz.
ounces,417,16,16.0 oz.
ounces,418,16,16.0 oz.
ounces,419,16,16.0 ounce
ounces,420,16,16.0 oz.
ounces,421,16,16.0 oz.
ounces,422,16,16.0 oz
ounces,423,16,16.0 oz
ounces,424,16,16.0 ounce
ounces,425,16,16.0 oz
ounces,426,16,16.0 oz.
ounces,427,16,16.0 oz
ounces,428,16,16.0 oz. alumi-tek
ounces,429,16,16.0 ounce
ounces,430,16,16.0 oz.
ounces,431,16,16.0 oz
ounces,432,16,16.0 ounce
ounces,433,16,16.0 ounce
ounces,434,16,16.0 oz
ounces,435,16,16.0 oz.
ounces,436,16,16.0 ounce
ounces,437,16,16.0 oz.
ounces,438,16,16.0 oz.
ounces,439,16,16.0 oz
ounces,440,16,16.0 oz.
ounces,441,16,16.0 oz
ounces,442,16,16.0 ounce
ounces,443,16,16.0 oz.
ounces,444,16,16.0 oz.
ounces,445,16,16.0 oz
ounces,446,16,16.0 oz
ounces,447,16,16.0 oz. alumi-tek
ounces,448,16,16.0 oz.
ounces,449,16,16.0 oz.
ounces,450,16,16.0 oz
ounces,451,12,12.0 oz.
ounces,452,12,12.0 oz.
ounces,453,16,16.0 oz
ounces,454,12,12.0 oz.
ounces,455,12,12.0 oz. alumi-tek
ounces,456,12,12.0 oz.
ounces,457,12,12.0 oz.
ounces,458,16,16.0 oz
ounces,459,12,12.0 ounce
ounces,460,12,12.0 oz.
ounces,461,12,12.0 oz.
ounces,462,16,16.0 oz.
ounces,463,12,12.0 oz. alumi-tek
ounces,464,16,16.0 oz
ounces,465,16,16.0 oz. alumi-tek
ounces,466,16,16.0 oz.
ounces,467,16,16.0 oz
ounces,468,16,16.0 oz
ounces,469,16,16.0 oz.
ounces,470,16,16.0 oz.
ounces,471,16,16.0 ounce
ounces,472,12,12.0 oz.
ounces,473,12,12.0 oz.
ounces,474,12,12.0 oz
ounces,475,16,16.0 ounce
ounces,476,16,16.0 oz.
ounces,477,16,16.0 oz
ounces,478,24,24.0 oz.
ounces,479,12,12.0 oz
ounces,480,12,12.0 ounce
ounces,481,12,12.0 oz.
ounces,482,16,16.0 oz.
ounces,483,16,16.0 ounce
ounces,484,16,16.0 oz
ounces,485,16,16.0 oz
ounces,486,16,16.0 oz
ounces,487,12,12.0 oz
ounces,488,12,12.0 ounce
ounces,489,12,12.0 ounce
ounces,490,12,12.0 oz.
ounces,491,12,12.0 oz
ounces,492,12,12.0 ounce
ounces,493,12,12.0 ounce
ounces,494,12,12.0 oz. alumi-tek
ounces,495,12,12.0 oz.
ounces,496,16,16.0 oz.
ounces,497,16,16.0 oz.
ounces,498,16,16.0 oz.
ounces,499,16,16.0 ounce
ounces,500,16,16.0 oz
ounces,501,16,16.0 oz.
ounces,502,16,16.0 oz
ounces,503,16,16.0 oz.
ounces,504,16,16.0 ounce
ounces,505,12,12.0 ounce
ounces,506,12,12.0 ounce
ounces,507,12,12.0 oz.
ounces,508,12,12.0 oz
ounces,509,12,12.0 ounce
ounces,510,12,12.0 oz
ounces,511,12,12.0 oz.
ounces,512,12,12.0 oz
ounces,513,12,12.0 ounce
ounces,514,12,12.0 oz.
ounces,515,12,12.0 ounce
ounces,516,12,12.0 oz.
ounces,517,12,12.0 oz. alumi-tek
ounces,518,12,12.0 oz
ounces,519,12,12.0 oz.
ounces,520,12,12.0 oz.
ounces,521,12,12.0 oz
ounces,522,12,12.0 ounce
ounces,523,12,12.0 oz. alumi-tek
ounces,524,12,12.0 oz.
ounces,525,16,16.0 oz.
ounces,526,16,16.0 oz.
ounces,527,12,12.0 oz
ounces,528,12,12.0 oz.
ounces,529,12,12.0 ounce
ounces,530,16,16.0 oz.
ounces,531,16,16.0 oz.
ounces,532,12,12.0 oz
ounces,533,12,12.0 ounce
ounces,534,12,12.0 oz.
ounces,535,12,12.0 ounce
ounces,536,16,16.0 oz.
ounces,537,12,12.0 oz.
ounces,538,12,12.0 ounce
ounces,539,12,12.0 oz.
ounces,540,12,12.0 ounce
ounces,541,12,12.0 ounce
ounces,542,12,12.0 ounce
ounces,543,12,12.0 ounce
ounces,544,12,12.0 ounce
ounces,545,12,12.0 oz
ounces,546,16,16.0 oz
ounces,547,12,12.0 oz.
ounces,548,12,12.0 oz.
ounces,549,16,16.0 oz.
ounces,550,16,16.0 ounce
ounces,551,16,16.0 oz
ounces,552,12,12.0 oz.
ounces,553,16,16.0 oz.
ounces,554,16,16.0 oz
ounces,555,12,12.0 oz
ounces,556,12,12.0 ounce
ounces,557,12,12.0 oz.
ounces,558,12,12.0 oz. alumi-tek
ounces,559,12,12.0 oz.
ounces,560,12,12.0 oz.
ounces,561,12,12.0 oz.
ounces,562,16,16.0 ounce
ounces,563,16,16.0 oz.
ounces,564,12,12.0 oz
ounces,565,12,12.0 oz
ounces,566,16,16.0 oz.
ounces,567,16,16.0 oz.
ounces,568,16,16.0 oz
ounces,569,16,16.0 oz.
ounces,570,16,16.0 oz
ounces,571,16,16.0 oz.
ounces,572,12,12.0 ounce
ounces,573,12,12.0 oz
ounces,574,12,12.0 ounce
ounces,575,12,12.0 oz. alumi-tek
ounces,576,12,12.0 ounce
ounces,577,12,12.0 oz.
ounces,578,16,16.0 oz
ounces,579,16,16.0 oz.
ounces,580,16,16.0 oz.
ounces,581,16,16.0 oz
ounces,582,24,24.0 oz
ounces,583,12,12.0 oz.
ounces,584,12,12.0 oz
ounces,585,12,12.0 oz
ounces,586,16,16.0 oz. alumi-tek
ounces,587,16,16.0 oz. alumi-tek
ounces,588,16,16.0 oz.
ounces,589,16,16.0 oz.
ounces,590,16,16.0 ounce
ounces,591,16,16.0 ounce
ounces,592,16,16.0 oz
ounces,593,16,16.0 oz.
ounces,594,16,16.0 ounce
ounces,595,12,12.0 oz.
ounces,596,12,12.0 oz
ounces,597,12,12.0 oz.
ounces,598,12,12.0 ounce
ounces,599,12,12.0 oz.
ounces,600,12,12.0 oz
ounces,601,12,12.0 oz.
ounces,602,12,12.0 oz
ounces,603,12,12.0 oz.
ounces,604,12,12.0 oz.
ounces,605,12,12.0 oz. alumi-tek
ounces,606,12,12.0 oz. silo can
ounces,607,12,12.0 ounce
ounces,608,12,12.0 oz. alumi-tek
ounces,609,12,12.0 oz.
ounces,610,12,12.0 ounce
ounces,611,12,12.0 oz.
ounces,612,12,12.0 oz.
ounces,613,16,16.0 oz
ounces,614,12,12.0 oz
ounces,615,12,12.0 ounce
ounces,616,12,12.0 oz
ounces,617,12,12.0 oz
ounces,618,12,12.0 ounce
ounces,619,12,12.0 oz
ounces,620,12,12.0 oz.
ounces,621,12,12.0 oz
ounces,622,12,12.0 oz
ounces,623,12,12.0 oz. alumi-tek
ounces,624,12,12.0 oz.
ounces,625,12,12.0 oz
ounces,626,12,12.0 oz.
ounces,627,12,12.0 oz.
ounces,628,12,12.0 oz
ounces,629,12,12.0 oz.
ounces,630,12,12.0 oz.
ounces,631,16,16.0 oz.
ounces,632,12,12.0 oz
ounces,633,16,16.0 oz
ounces,634,12,12.0 oz
ounces,635,12,12.0 ounce
ounces,636,12,12.0 ounce
ounces,637,12,12.0 ounce
ounces,638,12,12.0 oz.
ounces,639,12,12.0 oz
ounces,640,16,16.0 oz.
ounces,641,16,16.0 ounce
ounces,642,16,16.0 ounce
ounces,643,16,16.0 oz.
ounces,644,12,12.0 oz.
ounces,645,12,12.0 oz
ounces,646,12,12.0 ounce
ounces,647,12,12.0 oz.
ounces,648,12,12.0 oz
ounces,649,12,12.0 ounce
ounces,650,16,16.0 oz.
ounces,651,16,16.0 oz
ounces,652,16,16.0 oz.
ounces,653,12,12.0 oz.
ounces,654,12,12.0 oz
ounces,655,12,12.0 oz. alumi-tek
ounces,656,12,12.0 oz.
ounces,657,12,12.0 ounce
ounces,658,12,12.0 oz.
ounces,659,12,12.0 ounce
ounces,660,12,12.0 ounce
ounces,661,12,12.0 oz.
ounces,662,12,12.0 ounce
ounces,663,12,12.0 oz.
ounces,664,12,12.0 oz.
ounces,665,12,12.0 oz
ounces,666,12,12.0 oz.
ounces,667,12,12.0 oz
ounces,668,12,12.0 oz.
ounces,669,12,12.0 oz
ounces,670,12,12.0 ounce
ounces,671,12,12.0 oz
ounces,672,12,12.0 oz.
ounces,673,16,16.0 oz.
ounces,674,16,16.0 oz
ounces,675,16,16.0 oz
ounces,676,16,16.0 oz.
ounces,677,16,16.0 oz
ounces,678,16,16.0 oz.
ounces,679,12,12.0 oz
ounces,680,12,12.0 oz. alumi-tek
ounces,681,12,12.0 oz
ounces,682,12,12.0 oz
ounces,683,12,12.0 oz
ounces,684,12,12.0 oz.
ounces,685,12,12.0 oz.
ounces,686,12,12.0 oz.
ounces,687,12,12.0 ounce
ounces,688,12,12.0 oz
ounces,689,16,16.0 oz.
ounces,690,16,16.0 ounce
ounces,691,16,16.0 ounce
ounces,692,12,12.0 oz.
ounces,693,12,12.0 oz
ounces,694,12,12.0 oz
ounces,695,12,12.0 ounce
ounces,696,12,12.0 ounce
ounces,697,12,12.0 oz.
ounces,698,12,12.0 oz
ounces,699,12,12.0 oz
ounces,700,12,12.0 oz.
ounces,701,16,16.0 oz
ounces,702,12,12.0 oz.
ounces,703,12,12.0 oz.
ounces,704,12,12.0 oz
ounces,705,12,12.0 oz
ounces,706,12,12.0 oz
ounces,707,12,12.0 ounce
ounces,708,12,12.0 oz.
ounces,709,12,12.0 oz
ounces,710,12,12.0 oz
ounces,711,12,12.0 oz
ounces,712,12,12.0 oz.
ounces,713,12,12.0 oz.
ounces,714,12,12.0 oz
ounces,715,12,12.0 oz.
ounces,716,12,12.0 ounce
ounces,717,12,12.0 oz.
ounces,718,12,12.0 oz.
ounces,719,12,12.0 oz.
ounces,720,12,12.0 ounce
ounces,721,12,12.0 oz.
ounces,722,12,12.0 oz.
ounces,723,16,16.0 oz.
ounces,724,16,16.0 oz.
ounces,725,16,16.0 oz
ounces,726,16,16.0 oz
ounces,727,12,12.0 oz.
ounces,728,16,16.0 ounce
ounces,729,12,12.0 oz.
ounces,730,16,16.0 oz. alumi-tek
ounces,731,16,16.0 oz.
ounces,732,16,16.0 ounce
ounces,733,16,16.0 oz
ounces,734,16,16.0 ounce
ounces,735,16,16.0 oz
ounces,736,12,12.0 oz
ounces,737,12,12.0 oz
ounces,738,12,12.0 oz.
ounces,739,12,12.0 ounce
ounces,740,12,12.0 oz
ounces,741,12,12.0 ounce
ounces,742,12,12.0 ounce
ounces,743,12,12.0 oz.
ounces,744,16,16.0 ounce
ounces,745,16,16.0 ounce
ounces,746,16,16.0 oz.
ounces,747,16,16.0 oz.
ounces,748,16,16.0 ounce
ounces,749,16,16.0 ounce
ounces,750,16,16.0 oz
ounces,751,16,16.0 oz.
ounces,752,16,16.0 oz. silo can
ounces,753,12,12.0 ounce
ounces,754,16,16.0 ounce
ounces,755,12,12.0 oz. alumi-tek
ounces,756,12,12.0 oz
ounces,757,12,12.0 oz.
ounces,758,12,12.0 oz.
ounces,759,12,12.0 ounce
ounces,760,12,12.0 oz.
ounces,761,16,16.0 ounce
ounces,762,16,16.0 ounce
ounces,763,16,16.0 oz.
ounces,764,16,16.0 oz.
ounces,765,16,16.0 oz
ounces,766,16,16.0 oz
ounces,767,12,12.0 oz
ounces,768,16,16.0 oz.
ounces,769,12,12.0 oz.
ounces,770,12,12.0 oz
ounces,771,12,12.0 oz.
ounces,772,12,12.0 oz.
ounces,773,12,12.0 oz.
ounces,774,12,12.0 oz
ounces,775,12,12.0 oz
ounces,776,16,16.0 oz.
ounces,777,16,16.0 oz
ounces,778,16,16.0 oz.
ounces,779,16,16.0 oz.
ounces,780,16,16.0 oz
ounces,781,16,16.0 ounce
ounces,782,16,16.0 ounce
ounces,783,16,16.0 oz.
ounces,784,16,16.0 oz.
ounces,785,16,16.0 oz.
ounces,786,16,16.0 oz
ounces,787,16,16.0 ounce
ounces,788,12,12.0 oz.
ounces,789,16,16.0 oz.
ounces,790,16,16.0 oz.
ounces,791,16,16.0 oz.
ounces,792,12,12.0 oz.
ounces,793,12,12.0 oz.
ounces,794,12,12.0 oz.
ounces,795,16,16.0 oz.
ounces,796,16,16.0 ounce
ounces,797,16,16.0 oz.
ounces,798,16,16.0 ounce
ounces,799,16,16.0 oz.
ounces,800,16,16.0 oz. alumi-tek
ounces,801,16,16.0 ounce
ounces,802,16,16.0 ounce
ounces,803,16,16.0 oz
ounces,804,16,16.0 oz
ounces,805,12,12.0 oz
ounces,806,12,12.0 oz.
ounces,807,12,12.0 oz.
ounces,808,12,12.0 oz
ounces,809,12,12.0 oz
ounces,810,16,16.0 oz.
ounces,811,16,16.0 ounce
ounces,812,16,16.0 ounce
ounces,813,12,12.0 ounce
ounces,814,16,16.0 oz
ounces,815,12,12.0 ounce
ounces,816,12,12.0 oz.
ounces,817,12,12.0 oz.
ounces,818,12,12.0 ounce
ounces,819,12,12.0 oz. alumi-tek
ounces,820,12,12.0 oz
ounces,821,12,12.0 ounce
ounces,822,12,12.0 oz
ounces,823,12,12.0 oz.
ounces,824,12,12.0 oz.
ounces,825,12,12.0 oz.
ounces,826,12,12.0 ounce
ounces,827,16,16.0 oz.
ounces,828,16,16.0 oz.
ounces,829,16,16.0 oz.
ounces,830,16,16.0 ounce
ounces,831,16,16.0 oz.
ounces,832,16,16.0 oz.
ounces,833,16,16.0 oz
ounces,834,16,16.0 ounce
ounces,835,16,16.0 oz
ounces,836,16,16.0 ounce
ounces,837,12,12.0 oz.
ounces,838,12,12.0 oz.
ounces,839,12,12.0 ounce
ounces,840,12,12.0 oz
ounces,841,12,12.0 oz
ounces,842,12,12.0 ounce
ounces,843,12,12.0 oz.
ounces,844,12,12.0 oz.
ounces,845,12,12.0 oz
ounces,846,12,12.0 ounce
ounces,847,12,12.0 oz
ounces,848,16,16.0 oz
ounces,849,16,16.0 ounce
ounces,850,16,16.0 oz.
ounces,851,16,16.0 oz. alumi-tek
ounces,852,12,12.0 oz. alumi-tek
ounces,853,12,12.0 oz
ounces,854,12,12.0 oz
ounces,855,12,12.0 oz.
ounces,856,12,12.0 oz.
ounces,857,12,12.0 oz
ounces,858,12,12.0 oz.
ounces,859,12,12.0 oz
ounces,860,12,12.0 ounce
ounces,861,12,12.0 oz.
ounces,862,12,12.0 oz. alumi-tek
ounces,863,12,12.0 ounce
ounces,864,12,12.0 oz.
ounces,865,12,12.0 oz. alumi-tek
ounces,866,12,12.0 ounce
ounces,867,12,12.0 oz. alumi-tek
ounces,868,12,12.0 oz.
ounces,869,12,12.0 oz.
ounces,870,12,12.0 oz.
ounces,871,12,12.0 oz.
ounces,872,12,12.0 ounce
ounces,873,12,12.0 oz
ounces,874,12,12.0 ounce
ounces,875,12,12.0 ounce
ounces,876,12,12.0 oz
ounces,877,12,12.0 ounce
ounces,878,12,12.0 oz
ounces,879,12,12.0 oz
ounces,880,12,12.0 oz.
ounces,881,12,12.0 oz
ounces,882,12,12.0 oz.
ounces,883,12,12.0 oz
ounces,884,12,12.0 oz.
ounces,885,16,16.0 oz. alumi-tek
ounces,886,12,12.0 oz.
ounces,887,12,12.0 oz.
ounces,888,12,12.0 ounce
ounces,889,12,12.0 ounce
ounces,890,12,12.0 oz
ounces,891,16,16.0 oz
ounces,892,12,12.0 oz.
ounces,893,16,16.0 oz.
ounces,894,16,16.0 oz.
ounces,895,16,16.0 oz
ounces,896,16,16.0 oz.
ounces,897,16,16.0 ounce
ounces,898,16,16.0 oz
ounces,899,12,12.0 oz
ounces,900,16,16.0 oz
ounces,901,16,16.0 oz.
ounces,902,16,16.0 oz.
ounces,903,16,16.0 oz.
ounces,904,16,16.0 oz.
ounces,905,16,16.0 ounce
ounces,906,16,16.0 ounce
ounces,907,12,12.0 ounce
ounces,908,12,12.0 oz.
ounces,909,12,12.0 oz.
ounces,910,12,12.0 oz
ounces,911,12,12.0 oz.
ounces,912,12,12.0 ounce
ounces,913,12,12.0 ounce
ounces,914,12,12.0 oz.
ounces,915,12,12.0 oz.
ounces,916,16,16.0 oz.
ounces,917,12,12.0 oz.
ounces,918,16,16.0 oz
ounces,919,12,12.0 ounce
ounces,920,12,12.0 oz.
ounces,921,12,12.0 ounce
ounces,922,12,12.0 oz.
ounces,923,12,12.0 oz.
ounces,924,12,12.0 oz. silo can
ounces,925,12,12.0 oz.
ounces,926,12,12.0 oz.
ounces,927,12,12.0 oz.
ounces,928,12,12.0 oz.
ounces,929,16,16.0 oz.
ounces,930,16,16.0 oz.
ounces,931,16,16.0 oz
ounces,932,16,16.0 oz.
ounces,933,16,16.0 oz
ounces,934,16,16.0 oz.
ounces,935,16,16.0 oz.
ounces,936,16,16.0 oz.
ounces,937,16,16.0 oz.
ounces,938,16,16.0 oz.
ounces,939,16,16.0 oz.
ounces,940,16,16.0 oz.
ounces,941,16,16.0 oz
ounces,942,16,16.0 oz
ounces,943,16,16.0 oz
ounces,944,16,16.0 oz.
ounces,945,16,16.0 oz
ounces,946,16,16.0 oz.
ounces,947,16,16.0 oz.
ounces,948,16,16.0 oz
ounces,949,12,12.0 oz
ounces,950,12,12.0 oz
ounces,951,12,12.0 oz.
ounces,952,12,12.0 ounce
ounces,953,12,12.0 oz
ounces,954,12,12.0 oz.
ounces,955,12,12.0 ounce
ounces,956,12,12.0 oz.
ounces,957,12,12.0 oz.
ounces,958,24,24.0 oz.
ounces,959,12,12.0 ounce
ounces,960,12,12.0 ounce
ounces,961,12,12.0 oz
ounces,962,12,12.0 oz
ounces,963,16,16.0 ounce
ounces,964,12,12.0 ounce
ounces,965,12,12.0 oz.
ounces,966,12,12.0 oz.
ounces,967,16,16.0 ounce
ounces,968,16,16.0 oz.
ounces,969,16,16.0 oz.
ounces,970,16,16.0 oz. alumi-tek
ounces,971,16,16.0 oz.
ounces,972,16,16.0 oz.
ounces,973,16,16.0 ounce
ounces,974,16,16.0 oz
ounces,975,16,16.0 oz.
ounces,976,16,16.0 oz.
ounces,977,16,16.0 oz.
ounces,978,16,16.0 oz
ounces,979,16,16.0 oz
ounces,980,12,12.0 oz.
ounces,981,12,12.0 ounce
ounces,982,12,12.0 ounce
ounces,983,16,16.0 ounce
ounces,984,12,12.0 oz
ounces,985,16,16.0 oz. alumi-tek
ounces,986,12,12.0 oz.
ounces,987,16,16.0 ounce
ounces,988,16,16.0 ounce
ounces,989,16,16.0 oz.
ounces,990,12,12.0 oz.
ounces,991,12,12.0 oz.
ounces,992,16,16.0 oz.
ounces,993,16,16.0 ounce
ounces,994,16,16.0 ounce
ounces,995,16,16.0 ounce
ounces,996,16,16.0 ounce
ounces,997,16,16.0 oz.
ounces,998,16,16.0 ounce
ounces,999,12,12.0 oz
ounces,1000,16,16.0 oz
ounces,1001,12,12.0 oz.
ounces,1002,12,12.0 oz
ounces,1003,12,12.0 ounce
ounces,1004,16,16.0 oz.
ounces,1005,16,16.0 oz.
ounces,1006,16,16.0 oz.
ounces,1007,16,16.0 oz
ounces,1008,16,16.0 oz
ounces,1009,16,16.0 oz.
ounces,1010,16,16.0 oz
ounces,1011,16,16.0 oz
ounces,1012,12,12.0 oz. alumi-tek
ounces,1013,12,12.0 oz
ounces,1014,12,12.0 oz. alumi-tek
ounces,1015,12,12.0 oz
ounces,1016,16,16.0 oz.
ounces,1017,12,12.0 oz
ounces,1018,12,12.0 ounce
ounces,1019,12,12.0 oz
ounces,1020,12,12.0 ounce
ounces,1021,12,12.0 oz.
ounces,1022,12,12.0 oz.
ounces,1023,12,12.0 ounce
ounces,1024,12,12.0 oz.
ounces,1025,12,12.0 oz.
ounces,1026,12,12.0 ounce
ounces,1027,12,12.0 oz
ounces,1028,12,12.0 oz.
ounces,1029,12,12.0 oz.
ounces,1030,12,12.0 oz
ounces,1031,12,12.0 oz.
ounces,1032,12,12.0 oz.
ounces,1033,12,12.0 ounce
ounces,1034,12,12.0 oz
ounces,1035,19.2,19.2 oz.
ounces,1036,12,12.0 ounce
ounces,1037,19.2,19.2 oz
ounces,1038,16,16.0 oz.
ounces,1039,16,16.0 oz
ounces,1040,16,16.0 ounce
ounces,1041,12,12.0 oz
ounces,1042,12,12.0 oz
ounces,1043,12,12.0 oz.
ounces,1044,16,16.0 oz.
ounces,1045,16,16.0 oz
ounces,1046,16,16.0 oz
ounces,1047,12,12.0 ounce
ounces,1048,12,12.0 oz. alumi-tek
ounces,1049,12,12.0 oz
ounces,1050,12,12.0 oz.
ounces,1051,12,12.0 ounce
ounces,1052,0.045,0.05%
ounces,1053,16,16.0 oz.
ounces,1054,16,16.0 oz.
ounces,1055,16,16.0 oz.
ounces,1056,16,16.0 oz
ounces,1057,16,16.0 oz.
ounces,1058,12,12.0 oz.
ounces,1059,12,12.0 ounce
ounces,1060,12,12.0 oz
ounces,1061,12,12.0 oz
ounces,1062,12,12.0 oz.
ounces,1063,12,12.0 oz.
ounces,1064,12,12.0 oz.
ounces,1065,12,12.0 ounce
ounces,1066,12,12.0 oz.
ounces,1067,12,12.0 oz.
ounces,1068,12,12.0 oz.
ounces,1069,12,12.0 oz
ounces,1070,12,12.0 oz.
ounces,1071,12,12.0 oz.
ounces,1072,12,12.0 ounce
ounces,1073,12,12.0 oz.
ounces,1074,16,16.0 oz
ounces,1075,16,16.0 oz
ounces,1076,16,16.0 ounce
ounces,1077,16,16.0 oz.
ounces,1078,16,16.0 ounce
ounces,1079,16,16.0 ounce
ounces,1080,16,16.0 ounce
ounces,1081,16,16.0 oz
ounces,1082,16,16.0 ounce
ounces,1083,16,16.0 oz
ounces,1084,16,16.0 oz. alumi-tek
ounces,1085,16,16.0 oz
ounces,1086,16,16.0 oz
ounces,1087,16,16.0 oz
ounces,1088,16,16.0 oz
ounces,1089,16,16.0 oz.
ounces,1090,16,16.0 oz.
ounces,1091,16,16.0 oz.
ounces,1092,16,16.0 oz
ounces,1093,16,16.0 ounce
ounces,1094,16,16.0 oz
ounces,1095,16,16.0 oz
ounces,1096,16,16.0 oz.
ounces,1097,12,12.0 oz.
ounces,1098,12,12.0 oz.
ounces,1099,16,16.0 oz.
ounces,1100,12,12.0 oz.
ounces,1101,12,12.0 oz.
ounces,1102,12,12.0 oz
ounces,1103,12,12.0 ounce
ounces,1104,12,12.0 ounce
ounces,1105,12,12.0 oz.
ounces,1106,12,12.0 ounce
ounces,1107,12,12.0 oz
ounces,1108,12,12.0 oz
ounces,1109,12,12.0 oz.
ounces,1110,12,12.0 oz. alumi-tek
ounces,1111,12,12.0 oz
ounces,1112,12,12.0 oz.
ounces,1113,12,12.0 oz.
ounces,1114,12,12.0 oz.
ounces,1115,12,12.0 oz
ounces,1116,12,12.0 oz
ounces,1117,12,12.0 oz
ounces,1118,16,16.0 oz.
ounces,1119,16,16.0 oz
ounces,1120,12,12.0 oz.
ounces,1121,16,16.0 oz.
ounces,1122,12,12.0 ounce
ounces,1123,12,12.0 oz. alumi-tek
ounces,1124,12,12.0 oz.
ounces,1125,12,12.0 oz.
ounces,1126,12,12.0 oz.
ounces,1127,12,12.0 ounce
ounces,1128,12,12.0 ounce
ounces,1129,12,12.0 oz.
ounces,1130,12,12.0 oz
ounces,1131,12,12.0 ounce
ounces,1132,12,12.0 oz.
ounces,1133,12,12.0 ounce
ounces,1134,12,12.0 oz.
ounces,1135,12,12.0 oz
ounces,1136,12,12.0 oz.
ounces,1137,12,12.0 oz.
ounces,1138,12,12.0 oz
ounces,1139,12,12.0 ounce
ounces,1140,12,12.0 oz
ounces,1141,12,12.0 oz
ounces,1142,12,12.0 oz
ounces,1143,12,12.0 oz. alumi-tek
ounces,1144,12,12.0 oz.
ounces,1145,12,12.0 oz.
ounces,1146,12,12.0 oz.
ounces,1147,12,12.0 oz.
ounces,1148,12,12.0 ounce
ounces,1149,12,12.0 ounce
ounces,1150,12,12.0 oz. alumi-tek
ounces,1151,12,12.0 oz.
ounces,1152,12,12.0 oz.
ounces,1153,12,12.0 oz.
ounces,1154,12,12.0 oz
ounces,1155,12,12.0 oz.
ounces,1156,12,12.0 oz
ounces,1157,12,12.0 ounce
ounces,1158,12,12.0 oz
ounces,1159,12,12.0 ounce
ounces,1160,12,12.0 oz. alumi-tek
ounces,1161,12,12.0 oz
ounces,1162,16,16.0 oz.
ounces,1163,16,16.0 ounce
ounces,1164,16,16.0 oz.
ounces,1165,16,16.0 oz.
ounces,1166,16,16.0 ounce
ounces,1167,16,16.0 oz.
ounces,1168,12,12.0 oz.
ounces,1169,12,12.0 oz.
ounces,1170,12,12.0 oz.
ounces,1171,12,12.0 oz
ounces,1172,12,12.0 oz. alumi-tek
ounces,1173,12,12.0 oz
ounces,1174,12,12.0 oz
ounces,1175,12,12.0 oz.
ounces,1176,12,12.0 oz.
ounces,1177,12,12.0 oz.
ounces,1178,12,12.0 oz. alumi-tek
ounces,1179,12,12.0 oz.
ounces,1180,16,16.0 ounce
ounces,1181,16,16.0 oz.
ounces,1182,24,24.0 oz.
ounces,1183,16,16.0 oz
ounces,1184,12,12.0 oz.
ounces,1185,12,12.0 oz
ounces,1186,12,12.0 oz.
ounces,1187,16,16.0 oz.
ounces,1188,16,16.0 oz.
ounces,1189,16,16.0 ounce
ounces,1190,12,12.0 oz.
ounces,1191,12,12.0 oz.
ounces,1192,12,12.0 ounce
ounces,1193,12,12.0 ounce
ounces,1194,12,12.0 oz
ounces,1195,12,12.0 ounce
ounces,1196,12,12.0 oz
ounces,1197,12,12.0 ounce
ounces,1198,12,12.0 oz
ounces,1199,12,12.0 oz. alumi-tek
ounces,1200,12,12.0 oz.
ounces,1201,16,16.0 oz
ounces,1202,12,12.0 oz.
ounces,1203,12,12.0 oz.
ounces,1204,12,12.0 oz
ounces,1205,12,12.0 oz.
ounces,1206,12,12.0 oz.
ounces,1207,16,16.0 ounce
ounces,1208,16,16.0 oz.
ounces,1209,12,12.0 oz
ounces,1210,12,12.0 oz
ounces,1211,12,12.0 oz.
ounces,1212,12,12.0 oz.
ounces,1213,12,12.0 oz.
ounces,1214,12,12.0 oz
ounces,1215,16,16.0 oz
ounces,1216,12,12.0 oz.
ounces,1217,12,12.0 ounce
ounces,1218,12,12.0 ounce
ounces,1219,12,12.0 oz
ounces,1220,12,12.0 oz.
ounces,1221,16,16.0 ounce
ounces,1222,12,12.0 oz.
ounces,1223,12,12.0 ounce
ounces,1224,16,16.0 oz
ounces,1225,16,16.0 oz
ounces,1226,16,16.0 oz.
ounces,1227,16,16.0 oz.
ounces,1228,12,12.0 oz
ounces,1229,12,12.0 oz.
ounces,1230,16,16.0 oz.
ounces,1231,16,16.0 ounce
ounces,1232,16,16.0 oz.
ounces,1233,16,16.0 ounce
ounces,1234,12,12.0 oz. silo can
ounces,1235,12,12.0 oz.
ounces,1236,12,12.0 oz. alumi-tek
ounces,1237,12,12.0 oz.
ounces,1238,12,12.0 ounce
ounces,1239,12,12.0 oz. silo can
ounces,1240,12,12.0 oz
ounces,1241,12,12.0 oz
ounces,1242,12,12.0 ounce
ounces,1243,12,12.0 oz
ounces,1244,12,12.0 oz.
ounces,1245,12,12.0 oz
ounces,1246,12,12.0 ounce
ounces,1247,16,16.0 oz.
ounces,1248,12,12.0 oz.
ounces,1249,12,12.0 oz.
ounces,1250,12,12.0 ounce
ounces,1251,12,12.0 ounce
ounces,1252,12,12.0 oz.
ounces,1253,16,16.0 oz.
ounces,1254,12,12.0 oz.
ounces,1255,12,12.0 ounce
ounces,1256,12,12.0 oz.
ounces,1257,12,12.0 oz.
ounces,1258,12,12.0 ounce
ounces,1259,12,12.0 ounce
ounces,1260,12,12.0 oz.
ounces,1261,12,12.0 oz.
ounces,1262,12,12.0 oz.
ounces,1263,12,12.0 ounce
ounces,1264,12,12.0 ounce
ounces,1265,12,12.0 oz
ounces,1266,12,12.0 oz
ounces,1267,12,12.0 oz
ounces,1268,12,12.0 ounce
ounces,1269,12,12.0 ounce
ounces,1270,12,12.0 ounce
ounces,1271,12,12.0 ounce
ounces,1272,12,12.0 oz
ounces,1273,12,12.0 oz.
ounces,1274,12,12.0 oz
ounces,1275,12,12.0 oz.
ounces,1276,16,16.0 oz
ounces,1277,16,16.0 ounce
ounces,1278,16,16.0 oz
ounces,1279,16,16.0 oz.
ounces,1280,16,16.0 oz.
ounces,1281,16,16.0 oz
ounces,1282,16,16.0 oz.
ounces,1283,16,16.0 oz.
ounces,1284,16,16.0 oz.
ounces,1285,12,12.0 oz
ounces,1286,16,16.0 oz.
ounces,1287,12,12.0 ounce
ounces,1288,12,12.0 oz.
ounces,1289,12,12.0 oz.
ounces,1290,12,12.0 ounce
ounces,1291,16,16.0 ounce
ounces,1292,12,12.0 oz.
ounces,1293,12,12.0 oz
ounces,1294,12,12.0 oz.
ounces,1295,12,12.0 ounce
ounces,1296,12,12.0 oz
ounces,1297,12,12.0 oz
ounces,1298,12,12.0 oz. alumi-tek
ounces,1299,12,12.0 oz
ounces,1300,12,12.0 oz.
ounces,1301,16,16.0 oz
ounces,1302,12,12.0 oz
ounces,1303,12,12.0 oz. alumi-tek
ounces,1304,12,12.0 oz. alumi-tek
ounces,1305,12,12.0 oz.
ounces,1306,12,12.0 oz
ounces,1307,12,12.0 oz.
ounces,1308,12,12.0 oz
ounces,1309,12,12.0 oz.
ounces,1310,12,12.0 ounce
ounces,1311,12,12.0 oz
ounces,1312,12,12.0 oz.
ounces,1313,12,12.0 oz
ounces,1314,12,12.0 ounce
ounces,1315,12,12.0 oz.
ounces,1316,12,12.0 oz.
ounces,1317,16,16.0 oz.
ounces,1318,16,16.0 oz.
ounces,1319,16,16.0 ounce
ounces,1320,19.2,19.2 oz
ounces,1321,12,12.0 oz.
ounces,1322,12,12.0 oz.
ounces,1323,12,12.0 oz.
ounces,1324,12,12.0 oz
ounces,1325,12,12.0 ounce
ounces,1326,12,12.0 oz
ounces,1327,12,12.0 ounce
ounces,1328,12,12.0 oz.
ounces,1329,12,12.0 oz
ounces,1330,12,12.0 oz.
ounces,1331,12,12.0 oz.
ounces,1332,12,12.0 oz.
ounces,1333,12,12.0 oz.
ounces,1334,12,12.0 ounce
ounces,1335,12,12.0 oz.
ounces,1336,16,16.0 oz.
ounces,1337,16,16.0 oz.
ounces,1338,16,16.0 ounce
ounces,1339,16,16.0 oz.
ounces,1340,16,16.0 oz
ounces,1341,16,16.0 oz.
ounces,1342,24,24.0 ounce
ounces,1343,24,24.0 oz
ounces,1344,24,24.0 ounce
ounces,1345,24,24.0 oz
ounces,1346,24,24.0 oz.
ounces,1347,24,24.0 oz. alumi-tek
ounces,1348,24,24.0 oz
ounces,1349,24,24.0 ounce
ounces,1350,12,12.0 ounce
ounces,1351,12,12.0 oz. alumi-tek
ounces,1352,16,16.0 oz.
ounces,1353,16,16.0 oz.
ounces,1354,16,16.0 oz.
ounces,1355,16,16.0 ounce
ounces,1356,16,16.0 oz.
ounces,1357,16,16.0 oz.
ounces,1358,16,16.0 oz
ounces,1359,16,16.0 ounce
ounces,1360,16,16.0 oz.
ounces,1361,16,16.0 oz
ounces,1362,24,24.0 oz.
ounces,1363,16,16.0 ounce
ounces,1364,12,12.0 oz.
ounces,1365,12,12.0 ounce
ounces,1366,16,16.0 oz.
ounces,1367,12,12.0 oz.
ounces,1368,16,16.0 oz.
ounces,1369,12,12.0 oz. alumi-tek
ounces,1370,12,12.0 oz.
ounces,1371,24,24.0 oz.
ounces,1372,12,12.0 oz.
ounces,1373,12,12.0 oz.
ounces,1374,12,12.0 oz.
ounces,1375,32,32.0 oz. alumi-tek
ounces,1376,32,32.0 oz.
ounces,1377,32,32.0 oz.
ounces,1378,32,32.0 oz.
ounces,1379,16,16.0 oz.
ounces,1380,16,16.0 oz.
ounces,1381,16,16.0 ounce
ounces,1382,16,16.0 oz.
ounces,1383,24,24.0 ounce
ounces,1384,24,24.0 oz. alumi-tek
ounces,1385,12,12.0 oz.
ounces,1386,16,16.0 oz.
ounces,1387,16,16.0 oz.
ounces,1388,16,16.0 ounce
ounces,1389,16,16.0 ounce
ounces,1390,16,16.0 oz.
ounces,1391,16,16.0 ounce
ounces,1392,16,16.0 oz.
ounces,1393,16,16.0 ounce
ounces,1394,12,12.0 oz
ounces,1395,16,16.0 oz.
ounces,1396,16,16.0 ounce
ounces,1397,16,16.0 oz
ounces,1398,12,12.0 oz.
ounces,1399,12,12.0 ounce
ounces,1400,12,12.0 ounce
ounces,1401,12,12.0 oz.
ounces,1402,12,12.0 oz
ounces,1403,12,12.0 oz.
ounces,1404,12,12.0 oz
ounces,1405,12,12.0 oz
ounces,1406,12,12.0 oz
ounces,1407,12,12.0 oz.
ounces,1408,12,12.0 oz
ounces,1409,12,12.0 ounce
ounces,1410,16,16.0 oz.
ounces,1411,12,12.0 ounce
ounces,1412,12,12.0 oz.
ounces,1413,12,12.0 ounce
ounces,1414,12,12.0 oz.
ounces,1415,12,12.0 oz.
ounces,1416,12,12.0 ounce
ounces,1417,12,12.0 ounce
ounces,1418,12,12.0 oz.
ounces,1419,12,12.0 oz
ounces,1420,12,12.0 oz.
ounces,1421,16,16.0 oz
ounces,1422,16,16.0 oz.
ounces,1423,16,16.0 oz.
ounces,1424,16,16.0 ounce
ounces,1425,12,12.0 oz.
ounces,1426,16,16.0 ounce
ounces,1427,16,16.0 oz.
ounces,1428,16,16.0 oz
ounces,1429,16,16.0 oz.
ounces,1430,16,16.0 oz. alumi-tek
ounces,1431,16,16.0 oz.
ounces,1432,16,16.0 oz
ounces,1433,16,16.0 oz
ounces,1434,16,16.0 ounce
ounces,1435,16,16.0 oz.
ounces,1436,16,16.0 oz.
ounces,1437,12,12.0 oz
ounces,1438,12,12.0 ounce
ounces,1439,12,12.0 ounce
ounces,1440,12,12.0 oz
ounces,1441,12,12.0 oz. alumi-tek
ounces,1442,12,12.0 ounce
ounces,1443,12,12.0 oz.
ounces,1444,12,12.0 oz.
ounces,1445,12,12.0 ounce
ounces,1446,12,12.0 oz
ounces,1447,12,12.0 oz.
ounces,1448,12,12.0 oz.
ounces,1449,12,12.0 oz.
ounces,1450,16,16.0 ounce
ounces,1451,12,12.0 oz.
ounces,1452,12,12.0 oz.
ounces,1453,12,12.0 oz.
ounces,1454,12,12.0 oz.
ounces,1455,16,16.0 oz
ounces,1456,16,16.0 oz.
ounces,1457,16,16.0 oz.
ounces,1458,12,12.0 oz.
ounces,1459,12,12.0 ounce
ounces,1460,12,12.0 ounce
ounces,1461,12,12.0 oz.
ounces,1462,12,12.0 oz.
ounces,1463,12,12.0 ounce
ounces,1464,12,12.0 oz.
ounces,1465,12,12.0 oz.
ounces,1466,12,12.0 ounce
ounces,1467,16,16.0 oz.
ounces,1468,16,16.0 oz.
ounces,1469,12,12.0 oz
ounces,1470,12,12.0 ounce
ounces,1471,12,12.0 oz.
ounces,1472,12,12.0 oz.
ounces,1473,16,16.0 oz.
ounces,1474,16,16.0 oz.
ounces,1475,16,16.0 oz.
ounces,1476,12,12.0 oz.
ounces,1477,12,12.0 oz
ounces,1478,12,12.0 oz. alumi-tek
ounces,1479,12,12.0 oz.
ounces,1480,12,12.0 oz. alumi-tek
ounces,1481,12,12.0 oz
ounces,1482,12,12.0 ounce
ounces,1483,12,12.0 oz
ounces,1484,12,12.0 oz
ounces,1485,12,12.0 oz.
ounces,1486,12,12.0 oz.
ounces,1487,16,16.0 oz
ounces,1488,16,16.0 oz.
ounces,1489,16,16.0 oz.
ounces,1490,12,12.0 ounce
ounces,1491,12,12.0 oz.
ounces,1492,12,12.0 oz
ounces,1493,12,12.0 oz
ounces,1494,16,16.0 ounce
ounces,1495,16,16.0 oz
ounces,1496,16,16.0 oz.
ounces,1497,16,16.0 oz.
ounces,1498,16,16.0 oz
ounces,1499,16,16.0 oz.
ounces,1500,16,16.0 oz.
ounces,1501,16,16.0 oz.
ounces,1502,16,16.0 oz.
ounces,1503,12,12.0 ounce
ounces,1504,12,12.0 oz.
ounces,1505,12,12.0 ounce
ounces,1506,12,12.0 oz.
ounces,1507,12,12.0 ounce
ounces,1508,12,12.0 oz
ounces,1509,12,12.0 oz.
ounces,1510,12,12.0 ounce
ounces,1511,12,12.0 oz
ounces,1512,12,12.0 oz
ounces,1513,12,12.0 ounce
ounces,1514,16,16.0 oz
ounces,1515,12,12.0 oz.
ounces,1516,12,12.0 oz.
ounces,1517,12,12.0 oz
ounces,1518,16,16.0 ounce
ounces,1519,16,16.0 ounce
ounces,1520,16,16.0 oz
ounces,1521,16,16.0 ounce
ounces,1522,12,12.0 oz.
ounces,1523,12,12.0 oz.
ounces,1524,12,12.0 oz
ounces,1525,12,12.0 oz.
ounces,1526,12,12.0 oz
ounces,1527,12,12.0 ounce
ounces,1528,12,12.0 oz
ounces,1529,16,16.0 oz
ounces,1530,16,16.0 oz.
ounces,1531,16,16.0 oz
ounces,1532,16,16.0 ounce
ounces,1533,16,16.0 oz
ounces,1534,16,16.0 oz.
ounces,1535,16,16.0 oz.
ounces,1536,16,16.0 oz.
ounces,1537,16,16.0 oz.
ounces,1538,16,16.0 oz
ounces,1539,16,16.0 ounce
ounces,1540,16,16.0 oz.
ounces,1541,16,16.0 oz.
ounces,1542,16,16.0 oz
ounces,1543,16,16.0 ounce
ounces,1544,16,16.0 oz
ounces,1545,16,16.0 oz.
ounces,1546,16,16.0 oz.
ounces,1547,16,16.0 oz
ounces,1548,16,16.0 oz.
ounces,1549,16,16.0 oz
ounces,1550,12,12.0 oz.
ounces,1551,12,12.0 ounce
ounces,1552,12,12.0 oz
ounces,1553,19.2,19.2 oz. alumi-tek
ounces,1554,16,16.0 oz
ounces,1555,empty,_nan_
ounces,1556,12,12.0 ounce
ounces,1557,16,16.0 ounce
ounces,1558,12,12.0 oz. alumi-tek
ounces,1559,12,12.0 ounce
ounces,1560,12,12.0 oz.
ounces,1561,12,12.0 oz
ounces,1562,19.2,19.2 oz.
ounces,1563,19.2,19.2 oz.
ounces,1564,16,16.0 ounce
ounces,1565,19.2,19.2 oz.
ounces,1566,16,16.0 oz
ounces,1567,12,12.0 ounce
ounces,1568,12,12.0 oz
ounces,1569,12,12.0 oz
ounces,1570,12,12.0 oz.
ounces,1571,12,12.0 ounce
ounces,1572,16,16.0 oz.
ounces,1573,16,16.0 oz
ounces,1574,16,16.0 oz.
ounces,1575,12,12.0 ounce
ounces,1576,16,16.0 ounce
ounces,1577,12,12.0 ounce
ounces,1578,12,12.0 oz.
ounces,1579,12,12.0 ounce
ounces,1580,12,12.0 oz.
ounces,1581,12,12.0 ounce
ounces,1582,12,12.0 oz.
ounces,1583,12,12.0 oz
ounces,1584,12,12.0 oz.
ounces,1585,12,12.0 oz.
ounces,1586,12,12.0 oz.
ounces,1587,12,12.0 oz.
ounces,1588,12,12.0 oz.
ounces,1589,12,12.0 oz.
ounces,1590,12,12.0 oz
ounces,1591,12,12.0 ounce
ounces,1592,12,12.0 oz.
ounces,1593,12,12.0 oz
ounces,1594,12,12.0 oz.
ounces,1595,12,12.0 oz
ounces,1596,12,12.0 oz
ounces,1597,12,12.0 ounce
ounces,1598,12,12.0 oz.
ounces,1599,12,12.0 oz
ounces,1600,16,16.0 oz
ounces,1601,12,12.0 oz
ounces,1602,19.2,19.2 oz.
ounces,1603,12,12.0 oz.
ounces,1604,12,12.0 oz
ounces,1605,12,12.0 oz
ounces,1606,12,12.0 oz.
ounces,1607,12,12.0 oz. alumi-tek
ounces,1608,12,12.0 oz
ounces,1609,16,16.0 ounce
ounces,1610,16,16.0 ounce
ounces,1611,16,16.0 oz.
ounces,1612,16,16.0 ounce
ounces,1613,16,16.0 oz.
ounces,1614,12,12.0 oz.
ounces,1615,12,12.0 oz
ounces,1616,12,12.0 oz
ounces,1617,12,12.0 oz.
ounces,1618,12,12.0 oz.
ounces,1619,12,12.0 ounce
ounces,1620,12,12.0 oz.
ounces,1621,12,12.0 oz.
ounces,1622,12,12.0 ounce
ounces,1623,12,12.0 oz.
ounces,1624,12,12.0 oz.
ounces,1625,12,12.0 ounce
ounces,1626,12,12.0 ounce
ounces,1627,12,12.0 oz
ounces,1628,12,12.0 oz
ounces,1629,12,12.0 oz.
ounces,1630,12,12.0 oz.
ounces,1631,12,12.0 ounce
ounces,1632,12,12.0 oz.
ounces,1633,12,12.0 oz.
ounces,1634,12,12.0 oz.
ounces,1635,12,12.0 ounce
ounces,1636,12,12.0 oz. alumi-tek
ounces,1637,12,12.0 oz
ounces,1638,12,12.0 ounce
ounces,1639,12,12.0 oz
ounces,1640,12,12.0 oz
ounces,1641,16,16.0 oz.
ounces,1642,16,16.0 oz.
ounces,1643,16,16.0 oz.
ounces,1644,16,16.0 oz. alumi-tek
ounces,1645,12,12.0 oz.
ounces,1646,16,16.0 oz.
ounces,1647,16,16.0 oz
ounces,1648,12,12.0 oz.
ounces,1649,12,12.0 oz.
ounces,1650,12,12.0 ounce
ounces,1651,16,16.0 oz
ounces,1652,16,16.0 ounce
ounces,1653,16,16.0 oz.
ounces,1654,16,16.0 oz.
ounces,1655,16,16.0 oz
ounces,1656,16,16.0 oz
ounces,1657,16,16.0 ounce
ounces,1658,16,16.0 ounce
ounces,1659,16,16.0 oz.
ounces,1660,12,12.0 oz.
ounces,1661,12,12.0 ounce
ounces,1662,16,16.0 oz
ounces,1663,16,16.0 oz
ounces,1664,16,16.0 ounce
ounces,1665,12,12.0 oz.
ounces,1666,12,12.0 ounce
ounces,1667,12,12.0 ounce
ounces,1668,12,12.0 oz.
ounces,1669,12,12.0 oz.
ounces,1670,12,12.0 oz.
ounces,1671,12,12.0 oz.
ounces,1672,12,12.0 ounce
ounces,1673,12,12.0 oz.
ounces,1674,12,12.0 oz.
ounces,1675,12,12.0 oz.
ounces,1676,12,12.0 oz.
ounces,1677,12,12.0 oz.
ounces,1678,16,16.0 oz.
ounces,1679,12,12.0 oz
ounces,1680,12,12.0 oz
ounces,1681,12,12.0 ounce
ounces,1682,12,12.0 oz.
ounces,1683,12,12.0 oz.
ounces,1684,12,12.0 oz.
ounces,1685,12,12.0 oz.
ounces,1686,12,12.0 oz
ounces,1687,12,12.0 oz.
ounces,1688,12,12.0 oz
ounces,1689,12,12.0 oz.
ounces,1690,12,12.0 oz.
ounces,1691,12,12.0 oz
ounces,1692,12,12.0 oz.
ounces,1693,12,12.0 oz.
ounces,1694,16,16.0 oz.
ounces,1695,16,16.0 oz
ounces,1696,16,16.0 oz.
ounces,1697,16,16.0 oz.
ounces,1698,16,16.0 ounce
ounces,1699,16,16.0 ounce
ounces,1700,16,16.0 oz.
ounces,1701,12,12.0 oz.
ounces,1702,12,12.0 oz
ounces,1703,16,16.0 ounce
ounces,1704,16,16.0 oz.
ounces,1705,16,16.0 ounce
ounces,1706,16,16.0 ounce
ounces,1707,12,12.0 ounce
ounces,1708,12,12.0 oz.
ounces,1709,16,16.0 ounce
ounces,1710,12,12.0 oz.
ounces,1711,16,16.0 oz.
ounces,1712,16,16.0 oz.
ounces,1713,16,16.0 oz.
ounces,1714,16,16.0 oz.
ounces,1715,16,16.0 oz.
ounces,1716,16,16.0 oz.
ounces,1717,16,16.0 oz.
ounces,1718,16,16.0 oz.
ounces,1719,12,12.0 oz
ounces,1720,12,12.0 oz
ounces,1721,12,12.0 ounce
ounces,1722,12,12.0 ounce
ounces,1723,12,12.0 ounce
ounces,1724,12,12.0 ounce
ounces,1725,12,12.0 oz.
ounces,1726,12,12.0 oz.
ounces,1727,12,12.0 oz
ounces,1728,12,12.0 ounce
ounces,1729,12,12.0 oz.
ounces,1730,12,12.0 oz
ounces,1731,12,12.0 oz.
ounces,1732,12,12.0 oz.
ounces,1733,12,12.0 oz. alumi-tek
ounces,1734,12,12.0 oz.
ounces,1735,12,12.0 oz.
ounces,1736,12,12.0 oz.
ounces,1737,16,16.0 oz. alumi-tek
ounces,1738,16,16.0 oz
ounces,1739,16,16.0 oz.
ounces,1740,16,16.0 ounce
ounces,1741,16,16.0 oz.
ounces,1742,16,16.0 ounce
ounces,1743,16,16.0 oz
ounces,1744,12,12.0 oz
ounces,1745,12,12.0 oz.
ounces,1746,12,12.0 oz. alumi-tek
ounces,1747,12,12.0 oz
ounces,1748,12,12.0 oz. alumi-tek
ounces,1749,12,12.0 oz.
ounces,1750,12,12.0 oz.
ounces,1751,12,12.0 oz.
ounces,1752,12,12.0 oz.
ounces,1753,12,12.0 oz. alumi-tek
ounces,1754,12,12.0 oz
ounces,1755,12,12.0 oz.
ounces,1756,12,12.0 oz.
ounces,1757,12,12.0 ounce
ounces,1758,12,12.0 ounce
ounces,1759,16,16.0 oz
ounces,1760,16,16.0 oz.
ounces,1761,16,16.0 oz.
ounces,1762,16,16.0 ounce
ounces,1763,16,16.0 oz. alumi-tek
ounces,1764,16,16.0 oz.
ounces,1765,16,16.0 ounce
ounces,1766,12,12.0 oz. alumi-tek
ounces,1767,16,16.0 oz
ounces,1768,16,16.0 oz.
ounces,1769,16,16.0 ounce
ounces,1770,16,16.0 oz.
ounces,1771,12,12.0 ounce
ounces,1772,12,12.0 ounce
ounces,1773,12,12.0 oz.
ounces,1774,12,12.0 oz.
ounces,1775,12,12.0 oz
ounces,1776,12,12.0 oz.
ounces,1777,12,12.0 oz.
ounces,1778,12,12.0 oz
ounces,1779,12,12.0 oz.
ounces,1780,12,12.0 oz.
ounces,1781,16,16.0 oz.
ounces,1782,16,16.0 ounce
ounces,1783,12,12.0 oz
ounces,1784,12,12.0 oz.
ounces,1785,12,12.0 oz.
ounces,1786,12,12.0 ounce
ounces,1787,12,12.0 oz.
ounces,1788,16,16.0 ounce
ounces,1789,16,16.0 oz
ounces,1790,12,12.0 oz.
ounces,1791,12,12.0 ounce
ounces,1792,12,12.0 oz.
ounces,1793,12,12.0 oz
ounces,1794,12,12.0 oz.
ounces,1795,12,12.0 oz.
ounces,1796,12,12.0 ounce
ounces,1797,12,12.0 oz.
ounces,1798,12,12.0 oz
ounces,1799,12,12.0 oz.
ounces,1800,12,12.0 ounce
ounces,1801,12,12.0 ounce
ounces,1802,12,12.0 oz
ounces,1803,12,12.0 oz.
ounces,1804,12,12.0 ounce
ounces,1805,12,12.0 oz.
ounces,1806,12,12.0 ounce
ounces,1807,12,12.0 oz
ounces,1808,16,16.0 ounce
ounces,1809,12,12.0 ounce
ounces,1810,16,16.0 ounce
ounces,1811,12,12.0 ounce
ounces,1812,12,12.0 oz
ounces,1813,12,12.0 oz.
ounces,1814,12,12.0 oz.
ounces,1815,12,12.0 oz.
ounces,1816,12,12.0 oz.
ounces,1817,12,12.0 oz.
ounces,1818,16,16.0 oz.
ounces,1819,12,12.0 oz
ounces,1820,12,12.0 oz.
ounces,1821,12,12.0 oz.
ounces,1822,12,12.0 oz
ounces,1823,12,12.0 oz.
ounces,1824,12,12.0 ounce
ounces,1825,12,12.0 oz.
ounces,1826,12,12.0 oz. alumi-tek
ounces,1827,12,12.0 oz.
ounces,1828,12,12.0 oz.
ounces,1829,12,12.0 oz.
ounces,1830,16,16.0 oz
ounces,1831,16,16.0 oz
ounces,1832,16,16.0 oz.
ounces,1833,16,16.0 ounce
ounces,1834,16,16.0 oz
ounces,1835,16,16.0 ounce
ounces,1836,16,16.0 ounce
ounces,1837,16,16.0 oz.
ounces,1838,16,16.0 oz.
ounces,1839,12,12.0 oz.
ounces,1840,12,12.0 ounce
ounces,1841,12,12.0 oz.
ounces,1842,12,12.0 oz
ounces,1843,12,12.0 oz.
ounces,1844,12,12.0 oz.
ounces,1845,12,12.0 ounce
ounces,1846,12,12.0 oz.
ounces,1847,12,12.0 oz.
ounces,1848,12,12.0 oz.
ounces,1849,16,16.0 oz.
ounces,1850,12,12.0 ounce
ounces,1851,12,12.0 oz.
ounces,1852,16,16.0 oz.
ounces,1853,12,12.0 oz. alumi-tek
ounces,1854,16,16.0 oz
ounces,1855,12,12.0 oz.
ounces,1856,12,12.0 oz.
ounces,1857,12,12.0 oz
ounces,1858,12,12.0 oz. alumi-tek
ounces,1859,12,12.0 oz
ounces,1860,12,12.0 oz.
ounces,1861,16,16.0 ounce
ounces,1862,24,24.0 ounce
ounces,1863,12,12.0 oz.
ounces,1864,12,12.0 oz.
ounces,1865,12,12.0 ounce
ounces,1866,16,16.0 oz.
ounces,1867,16,16.0 ounce
ounces,1868,16,16.0 oz.
ounces,1869,16,16.0 oz.
ounces,1870,16,16.0 oz
ounces,1871,12,12.0 oz. alumi-tek
ounces,1872,16,16.0 oz.
ounces,1873,16,16.0 oz.
ounces,1874,16,16.0 ounce
ounces,1875,12,12.0 oz
ounces,1876,16,16.0 oz.
ounces,1877,16,16.0 ounce
ounces,1878,16,16.0 ounce
ounces,1879,16,16.0 oz.
ounces,1880,16,16.0 oz.
ounces,1881,16,16.0 ounce
ounces,1882,12,12.0 oz
ounces,1883,12,12.0 oz
ounces,1884,12,12.0 oz.
ounces,1885,12,12.0 ounce
ounces,1886,12,12.0 oz.
ounces,1887,12,12.0 oz
ounces,1888,12,12.0 oz.
ounces,1889,12,12.0 ounce
ounces,1890,12,12.0 oz.
ounces,1891,12,12.0 oz
ounces,1892,12,12.0 oz
ounces,1893,12,12.0 oz.
ounces,1894,12,12.0 oz
ounces,1895,12,12.0 ounce
ounces,1896,24,24.0 ounce
ounces,1897,24,24.0 ounce
ounces,1898,12,12.0 ounce
ounces,1899,12,12.0 oz. alumi-tek
ounces,1900,12,12.0 oz
ounces,1901,12,12.0 ounce
ounces,1902,12,12.0 oz.
ounces,1903,12,12.0 ounce
ounces,1904,12,12.0 oz.
ounces,1905,12,12.0 oz.
ounces,1906,12,12.0 oz. alumi-tek
ounces,1907,12,12.0 oz.
ounces,1908,12,12.0 oz. alumi-tek
ounces,1909,12,12.0 oz.
ounces,1910,12,12.0 ounce
ounces,1911,12,12.0 oz.
ounces,1912,12,12.0 oz
ounces,1913,12,12.0 oz.
ounces,1914,12,12.0 oz
ounces,1915,12,12.0 ounce
ounces,1916,12,12.0 oz. alumi-tek
ounces,1917,12,12.0 oz.
ounces,1918,12,12.0 oz.
ounces,1919,12,12.0 oz
ounces,1920,12,12.0 oz.
ounces,1921,12,12.0 oz.
ounces,1922,12,12.0 ounce
ounces,1923,12,12.0 oz. alumi-tek
ounces,1924,12,12.0 oz.
ounces,1925,12,12.0 oz
ounces,1926,16,16.0 oz
ounces,1927,12,12.0 oz
ounces,1928,12,12.0 oz.
ounces,1929,16,16.0 oz.
ounces,1930,16,16.0 oz
ounces,1931,12,12.0 oz
ounces,1932,12,12.0 oz.
ounces,1933,12,12.0 oz. alumi-tek
ounces,1934,12,12.0 oz.
ounces,1935,12,12.0 oz.
ounces,1936,12,12.0 oz.
ounces,1937,16,16.0 oz.
ounces,1938,12,12.0 ounce
ounces,1939,16,16.0 ounce
ounces,1940,16,16.0 oz. alumi-tek
ounces,1941,16,16.0 oz.
ounces,1942,16,16.0 oz.
ounces,1943,12,12.0 oz.
ounces,1944,16,16.0 oz.
ounces,1945,16,16.0 ounce
ounces,1946,16,16.0 oz
ounces,1947,16,16.0 oz.
ounces,1948,12,12.0 oz
ounces,1949,12,12.0 oz.
ounces,1950,12,12.0 oz.
ounces,1951,16,16.0 oz
ounces,1952,16,16.0 oz
ounces,1953,16,16.0 oz. alumi-tek
ounces,1954,16,16.0 ounce
ounces,1955,12,12.0 oz
ounces,1956,12,12.0 ounce
ounces,1957,12,12.0 oz.
ounces,1958,12,12.0 oz.
ounces,1959,12,12.0 ounce
ounces,1960,12,12.0 oz.
ounces,1961,12,12.0 oz
ounces,1962,16,16.0 oz.
ounces,1963,12,12.0 oz
ounces,1964,12,12.0 ounce
ounces,1965,12,12.0 oz
ounces,1966,12,12.0 oz
ounces,1967,16,16.0 ounce
ounces,1968,12,12.0 oz.
ounces,1969,12,12.0 oz.
ounces,1970,16,16.0 oz
ounces,1971,16,16.0 oz
ounces,1972,16,16.0 oz.
ounces,1973,16,16.0 oz.
ounces,1974,16,16.0 oz
ounces,1975,16,16.0 oz.
ounces,1976,16,16.0 oz.
ounces,1977,12,12.0 oz
ounces,1978,16,16.0 oz.
ounces,1979,12,12.0 oz.
ounces,1980,12,12.0 oz.
ounces,1981,12,12.0 oz
ounces,1982,12,12.0 oz.
ounces,1983,12,12.0 ounce
ounces,1984,12,12.0 ounce
ounces,1985,12,12.0 oz
ounces,1986,16,16.0 oz
ounces,1987,12,12.0 oz
ounces,1988,16,16.0 ounce
ounces,1989,12,12.0 oz
ounces,1990,12,12.0 ounce
ounces,1991,12,12.0 oz.
ounces,1992,12,12.0 oz
ounces,1993,12,12.0 oz
ounces,1994,12,12.0 oz. alumi-tek
ounces,1995,12,12.0 oz.
ounces,1996,12,12.0 oz. alumi-tek
ounces,1997,12,12.0 oz
ounces,1998,12,12.0 ounce
ounces,1999,12,12.0 oz.
ounces,2000,12,12.0 oz. alumi-tek
ounces,2001,12,12.0 oz
ounces,2002,12,12.0 oz
ounces,2003,16,16.0 oz.
ounces,2004,12,12.0 oz.
ounces,2005,16,16.0 ounce
ounces,2006,16,16.0 oz
ounces,2007,12,12.0 oz. alumi-tek
ounces,2008,12,12.0 oz. alumi-tek
ounces,2009,12,12.0 oz
ounces,2010,12,12.0 oz.
ounces,2011,12,12.0 ounce
ounces,2012,12,12.0 oz
ounces,2013,12,12.0 oz
ounces,2014,12,12.0 ounce
ounces,2015,12,12.0 oz.
ounces,2016,12,12.0 oz
ounces,2017,16,16.0 ounce
ounces,2018,12,12.0 oz.
ounces,2019,12,12.0 oz.
ounces,2020,12,12.0 ounce
ounces,2021,12,12.0 oz
ounces,2022,12,12.0 oz.
ounces,2023,12,12.0 oz.
ounces,2024,12,12.0 oz.
ounces,2025,12,12.0 oz
ounces,2026,12,12.0 oz.
ounces,2027,12,12.0 oz.
ounces,2028,12,12.0 oz.
ounces,2029,12,12.0 oz.
ounces,2030,12,12.0 ounce
ounces,2031,16,16.0 ounce
ounces,2032,16,16.0 oz.
ounces,2033,16,16.0 ounce
ounces,2034,16,16.0 ounce
ounces,2035,16,16.0 oz.
ounces,2036,16,16.0 ounce
ounces,2037,16,16.0 oz.
ounces,2038,16,16.0 ounce
ounces,2039,16,16.0 oz
ounces,2040,16,16.0 ounce
ounces,2041,16,16.0 oz. alumi-tek
ounces,2042,16,16.0 oz
ounces,2043,16,16.0 oz.
ounces,2044,16,16.0 oz
ounces,2045,16,16.0 ounce
ounces,2046,16,16.0 ounce
ounces,2047,16,16.0 oz. silo can
ounces,2048,16,16.0 oz
ounces,2049,16,16.0 ounce
ounces,2050,16,16.0 oz.
ounces,2051,16,16.0 oz.
ounces,2052,16,16.0 oz.
ounces,2053,16,16.0 ounce
ounces,2054,16,16.0 oz.
ounces,2055,16,16.0 oz.
ounces,2056,16,16.0 oz
ounces,2057,16,16.0 oz
ounces,2058,16,16.0 ounce
ounces,2059,16,16.0 oz. alumi-tek
ounces,2060,16,16.0 oz
ounces,2061,16,16.0 oz
ounces,2062,16,16.0 oz
ounces,2063,16,16.0 oz.
ounces,2064,16,16.0 oz
ounces,2065,16,16.0 oz.
ounces,2066,16,16.0 ounce
ounces,2067,16,16.0 oz
ounces,2068,16,16.0 oz.
ounces,2069,16,16.0 oz
ounces,2070,16,16.0 oz. alumi-tek
ounces,2071,12,12.0 oz.
ounces,2072,12,12.0 ounce
ounces,2073,16,16.0 oz.
ounces,2074,16,16.0 oz.
ounces,2075,16,16.0 oz
ounces,2076,16,16.0 ounce
ounces,2077,16,16.0 ounce
ounces,2078,16,16.0 ounce
ounces,2079,16,16.0 oz
ounces,2080,16,16.0 oz
ounces,2081,16,16.0 oz.
ounces,2082,16,16.0 oz.
ounces,2083,16,16.0 oz.
ounces,2084,16,16.0 oz.
ounces,2085,16,16.0 oz. alumi-tek
ounces,2086,12,12.0 oz
ounces,2087,12,12.0 oz.
ounces,2088,12,12.0 oz.
ounces,2089,12,12.0 oz.
ounces,2090,12,12.0 oz
ounces,2091,12,12.0 oz.
ounces,2092,12,12.0 oz.
ounces,2093,12,12.0 oz.
ounces,2094,12,12.0 oz.
ounces,2095,12,12.0 oz.
ounces,2096,12,12.0 ounce
ounces,2097,12,12.0 oz.
ounces,2098,24,24.0 oz.
ounces,2099,12,12.0 oz. silo can
ounces,2100,24,24.0 oz.
ounces,2101,24,24.0 oz.
ounces,2102,12,12.0 oz
ounces,2103,12,12.0 ounce
ounces,2104,16.9,16.9 oz.
ounces,2105,16,16.0 oz.
ounces,2106,16,16.0 oz.
ounces,2107,16,16.0 oz.
ounces,2108,16,16.0 oz
ounces,2109,16,16.0 oz
ounces,2110,16,16.0 oz
ounces,2111,16,16.0 ounce
ounces,2112,16,16.0 oz.
ounces,2113,16,16.0 ounce
ounces,2114,16,16.0 oz.
ounces,2115,16,16.0 oz.
ounces,2116,12,12.0 ounce
ounces,2117,16,16.0 oz
ounces,2118,16,16.0 oz.
ounces,2119,16,16.0 oz.
ounces,2120,16,16.0 oz
ounces,2121,16,16.0 oz
ounces,2122,16,16.0 oz. alumi-tek
ounces,2123,16,16.0 oz.
ounces,2124,16,16.0 oz.
ounces,2125,16,16.0 oz. alumi-tek
ounces,2126,16,16.0 oz.
ounces,2127,16,16.0 oz.
ounces,2128,16,16.0 oz
ounces,2129,12,12.0 oz
ounces,2130,12,12.0 ounce
ounces,2131,12,12.0 oz.
ounces,2132,12,12.0 oz.
ounces,2133,12,12.0 oz.
ounces,2134,12,12.0 oz. alumi-tek
ounces,2135,12,12.0 ounce
ounces,2136,12,12.0 oz
ounces,2137,12,12.0 ounce
ounces,2138,12,12.0 oz
ounces,2139,12,12.0 oz
ounces,2140,12,12.0 oz.
ounces,2141,16,16.0 oz
ounces,2142,16,16.0 oz.
ounces,2143,16,16.0 oz.
ounces,2144,16,16.0 oz.
ounces,2145,16,16.0 oz. alumi-tek
ounces,2146,16,16.0 oz. alumi-tek
ounces,2147,12,12.0 ounce
ounces,2148,12,12.0 ounce
ounces,2149,12,12.0 ounce
ounces,2150,12,12.0 oz.
ounces,2151,12,12.0 ounce
ounces,2152,12,12.0 oz
ounces,2153,12,12.0 oz
ounces,2154,16,16.0 oz
ounces,2155,16,16.0 oz
ounces,2156,16,16.0 ounce
ounces,2157,16,16.0 ounce
ounces,2158,16,16.0 oz.
ounces,2159,16,16.0 oz
ounces,2160,16,16.0 oz.
ounces,2161,16,16.0 oz
ounces,2162,12,12.0 ounce
ounces,2163,12,12.0 oz. alumi-tek
ounces,2164,12,12.0 ounce
ounces,2165,16,16.0 oz.
ounces,2166,12,12.0 oz.
ounces,2167,16,16.0 oz.
ounces,2168,16,16.0 oz.
ounces,2169,12,12.0 oz.
ounces,2170,12,12.0 oz. alumi-tek
ounces,2171,12,12.0 oz
ounces,2172,12,12.0 oz
ounces,2173,12,12.0 ounce
ounces,2174,12,12.0 ounce
ounces,2175,12,12.0 oz. alumi-tek
ounces,2176,12,12.0 oz.
ounces,2177,12,12.0 oz.
ounces,2178,12,12.0 oz. silo can
ounces,2179,12,12.0 oz
ounces,2180,16,16.0 oz
ounces,2181,16,16.0 oz.
ounces,2182,16,16.0 oz
ounces,2183,16,16.0 oz.
ounces,2184,12,12.0 ounce
ounces,2185,12,12.0 oz
ounces,2186,12,12.0 oz
ounces,2187,12,12.0 oz
ounces,2188,16,16.0 ounce
ounces,2189,16,16.0 oz
ounces,2190,16,16.0 oz
ounces,2191,16,16.0 oz.
ounces,2192,16,16.0 ounce
ounces,2193,16,16.0 oz.
ounces,2194,16,16.0 oz
ounces,2195,16,16.0 oz.
ounces,2196,16,16.0 oz.
ounces,2197,12,12.0 ounce
ounces,2198,12,12.0 oz
ounces,2199,12,12.0 oz
ounces,2200,12,12.0 ounce
ounces,2201,12,12.0 oz.
ounces,2202,12,12.0 oz
ounces,2203,12,12.0 oz.
ounces,2204,12,12.0 oz.
ounces,2205,12,12.0 oz.
ounces,2206,16,16.0 oz.
ounces,2207,16,16.0 oz.
ounces,2208,12,12.0 oz.
ounces,2209,12,12.0 oz
ounces,2210,12,12.0 oz. alumi-tek
ounces,2211,12,12.0 oz.
ounces,2212,12,12.0 ounce
ounces,2213,12,12.0 ounce
ounces,2214,16,16.0 ounce
ounces,2215,16,16.0 ounce
ounces,2216,12,12.0 oz.
ounces,2217,16,16.0 ounce
ounces,2218,12,12.0 ounce
ounces,2219,12,12.0 oz.
ounces,2220,16,16.0 ounce
ounces,2221,12,12.0 ounce
ounces,2222,12,12.0 oz. alumi-tek
ounces,2223,12,12.0 oz.
ounces,2224,12,12.0 oz
ounces,2225,12,12.0 oz
ounces,2226,12,12.0 oz
ounces,2227,12,12.0 ounce
ounces,2228,12,12.0 ounce
ounces,2229,12,12.0 oz.
ounces,2230,12,12.0 ounce
ounces,2231,12,12.0 ounce
ounces,2232,12,12.0 oz
ounces,2233,12,12.0 oz.
ounces,2234,12,12.0 ounce
ounces,2235,12,12.0 ounce
ounces,2236,16,16.0 oz
ounces,2237,12,12.0 oz
ounces,2238,12,12.0 oz.
ounces,2239,12,12.0 oz.
ounces,2240,12,12.0 oz. alumi-tek
ounces,2241,12,12.0 oz
ounces,2242,12,12.0 ounce
ounces,2243,12,12.0 ounce
ounces,2244,12,12.0 oz
ounces,2245,12,12.0 oz.
ounces,2246,12,12.0 oz
ounces,2247,16,16.0 oz.
ounces,2248,12,12.0 oz
ounces,2249,12,12.0 oz.
ounces,2250,12,12.0 oz
ounces,2251,12,12.0 ounce
ounces,2252,12,12.0 oz.
ounces,2253,12,12.0 oz
ounces,2254,12,12.0 oz.
ounces,2255,12,12.0 oz.
ounces,2256,12,12.0 ounce
ounces,2257,12,12.0 oz
ounces,2258,12,12.0 oz.
ounces,2259,12,12.0 oz.
ounces,2260,12,12.0 oz.
ounces,2261,12,12.0 ounce
ounces,2262,16,16.0 oz
ounces,2263,16,16.0 oz.
ounces,2264,16,16.0 ounce
ounces,2265,16,16.0 ounce
ounces,2266,16,16.0 oz
ounces,2267,16,16.0 ounce
ounces,2268,16,16.0 oz
ounces,2269,16,16.0 oz.
ounces,2270,16,16.0 oz.
ounces,2271,16,16.0 oz.
ounces,2272,12,12.0 oz
ounces,2273,12,12.0 oz.
ounces,2274,12,12.0 oz
ounces,2275,12,12.0 oz.
ounces,2276,16,16.0 oz.
ounces,2277,16,16.0 oz. alumi-tek
ounces,2278,16,16.0 oz.
ounces,2279,19.2,19.2 oz.
ounces,2280,19.2,19.2 oz
ounces,2281,19.2,19.2 oz.
ounces,2282,19.2,19.2 oz.
ounces,2283,19.2,19.2 oz.
ounces,2284,12,12.0 oz.
ounces,2285,12,12.0 oz.
ounces,2286,19.2,19.2 oz
ounces,2287,19.2,19.2 oz.
ounces,2288,16,16.0 oz.
ounces,2289,16,16.0 ounce
ounces,2290,12,12.0 oz.
ounces,2291,12,12.0 oz.
ounces,2292,12,12.0 ounce
ounces,2293,12,12.0 oz
ounces,2294,12,12.0 oz
ounces,2295,12,12.0 oz.
ounces,2296,12,12.0 ounce
ounces,2297,16,16.0 oz.
ounces,2298,12,12.0 oz
ounces,2299,12,12.0 oz.
ounces,2300,12,12.0 ounce
ounces,2301,12,12.0 oz. alumi-tek
ounces,2302,12,12.0 ounce
ounces,2303,12,12.0 oz.
ounces,2304,12,12.0 ounce
ounces,2305,12,12.0 ounce
ounces,2306,12,12.0 ounce
ounces,2307,16,16.0 oz.
ounces,2308,16,16.0 oz.
ounces,2309,16,16.0 ounce
ounces,2310,16,16.0 oz.
ounces,2311,16,16.0 oz
ounces,2312,12,12.0 ounce
ounces,2313,12,12.0 oz
ounces,2314,12,12.0 oz.
ounces,2315,12,12.0 oz.
ounces,2316,12,12.0 oz.
ounces,2317,12,12.0 oz. alumi-tek
ounces,2318,12,12.0 ounce
ounces,2319,12,12.0 oz
ounces,2320,12,12.0 oz
ounces,2321,12,12.0 oz.
ounces,2322,12,12.0 oz.
ounces,2323,12,12.0 ounce
ounces,2324,12,12.0 oz.
ounces,2325,12,12.0 ounce
ounces,2326,12,12.0 oz
ounces,2327,12,12.0 oz.
ounces,2328,12,12.0 oz.
ounces,2329,12,12.0 oz.
ounces,2330,12,12.0 oz.
ounces,2331,16,16.0 oz
ounces,2332,16,16.0 oz.
ounces,2333,16,16.0 oz.
ounces,2334,16,16.0 oz.
ounces,2335,12,12.0 oz.
ounces,2336,12,12.0 oz.
ounces,2337,12,12.0 ounce
ounces,2338,12,12.0 oz.
ounces,2339,12,12.0 ounce
ounces,2340,12,12.0 ounce
ounces,2341,12,12.0 oz.
ounces,2342,12,12.0 oz
ounces,2343,12,12.0 oz.
ounces,2344,12,12.0 oz
ounces,2345,12,12.0 oz
ounces,2346,16,16.0 ounce
ounces,2347,12,12.0 oz
ounces,2348,12,12.0 ounce
ounces,2349,12,12.0 ounce
ounces,2350,12,12.0 oz
ounces,2351,12,12.0 oz.
ounces,2352,12,12.0 oz
ounces,2353,12,12.0 oz
ounces,2354,12,12.0 oz.
ounces,2355,12,12.0 oz.
ounces,2356,12,12.0 ounce
ounces,2357,16,16.0 ounce
ounces,2358,12,12.0 oz
ounces,2359,12,12.0 oz.
ounces,2360,12,12.0 oz.
ounces,2361,12,12.0 oz. alumi-tek
ounces,2362,12,12.0 oz
ounces,2363,12,12.0 ounce
ounces,2364,12,12.0 oz.
ounces,2365,12,12.0 oz
ounces,2366,12,12.0 oz. alumi-tek
ounces,2367,12,12.0 oz
ounces,2368,12,12.0 oz.
ounces,2369,12,12.0 ounce
ounces,2370,12,12.0 oz
ounces,2371,12,12.0 oz
ounces,2372,12,12.0 oz.
ounces,2373,12,12.0 ounce
ounces,2374,12,12.0 oz
ounces,2375,16,16.0 oz. alumi-tek
ounces,2376,16,16.0 oz.
ounces,2377,16,16.0 oz.
ounces,2378,16,16.0 ounce
ounces,2379,16,16.0 oz
ounces,2380,16,16.0 ounce
ounces,2381,16,16.0 oz
ounces,2382,12,12.0 oz.
ounces,2383,12,12.0 ounce
ounces,2384,12,12.0 oz.
ounces,2385,12,12.0 oz.
ounces,2386,12,12.0 oz
ounces,2387,12,12.0 ounce
ounces,2388,12,12.0 oz.
ounces,2389,12,12.0 oz.
ounces,2390,12,12.0 oz.
ounces,2391,12,12.0 oz
ounces,2392,12,12.0 oz.
ounces,2393,12,12.0 oz
ounces,2394,12,12.0 ounce
ounces,2395,12,12.0 oz.
ounces,2396,16,16.0 oz
ounces,2397,12,12.0 oz.
ounces,2398,12,12.0 oz
ounces,2399,12,12.0 oz
ounces,2400,12,12.0 oz
ounces,2401,12,12.0 oz
ounces,2402,12,12.0 oz.
ounces,2403,12,12.0 oz
ounces,2404,12,12.0 oz.
ounces,2405,12,12.0 oz.
ounces,2406,12,12.0 oz.
ounces,2407,12,12.0 oz. alumi-tek
ounces,2408,12,12.0 oz.
ounces,2409,12,12.0 ounce
ounces,2410,12,12.0 oz.
abv,4,0.09,0.09%
abv,7,0.045,0.05%
abv,13,0.069,0.07%
abv,15,0.061,0.06%
abv,27,0.049,0.05%
abv,30,0.07,0.07%
abv,31,0.07,0.07%
abv,35,0.079,0.08%
abv,36,0.068,0.07%
abv,44,0.045,0.05%
abv,45,0.055,0.06%
abv,47,0.055,0.06%
abv,55,0.09,0.09%
abv,56,0.046,0.05%
abv,57,0.052,0.05%
abv,71,0.125,0.13%
abv,79,0.051,0.05%
abv,80,0.065,0.07%
abv,97,0.059,0.06%
abv,98,0.065,0.07%
abv,99,0.045,0.05%
abv,101,0.056,0.06%
abv,104,0.048,0.05%
abv,109,0.058,0.06%
abv,112,0.058,0.06%
abv,114,0.057,0.06%
abv,115,0.069,0.07%
abv,121,0.054,0.05%
abv,122,0.047,0.05%
abv,124,0.05,0.05%
abv,128,0.085,0.09%
abv,132,0.06,0.06%
abv,136,0.051,0.05%
abv,146,0.07,0.07%
abv,148,0.082,0.08%
abv,152,0.055,0.06%
abv,155,0.05,0.05%
abv,158,0.062,0.06%
abv,162,0.08,0.08%
abv,170,0.048,0.05%
abv,176,0.049,0.05%
abv,179,0.06,0.06%
abv,180,0.06,0.06%
abv,182,0.044,0.04%
abv,183,0.07,0.07%
abv,184,0.038,0.04%
abv,185,0.052,0.05%
abv,190,0.045,0.05%
abv,195,0.049,0.05%
abv,201,0.067,0.07%
abv,205,0.07,0.07%
abv,211,0.049,0.05%
abv,215,0.058,0.06%
abv,216,0.068,0.07%
abv,218,0.058,0.06%
abv,219,0.06,0.06%
abv,226,0.057,0.06%
abv,231,0.06,0.06%
abv,235,0.078,0.08%
abv,236,0.047,0.05%
abv,238,0.056,0.06%
abv,241,0.095,0.10%
abv,244,0.07,0.07%
abv,254,0.05,0.05%
abv,264,0.051,0.05%
abv,266,0.058,0.06%
abv,268,0.099,0.10%
abv,277,0.045,0.05%
abv,285,0.048,0.05%
abv,287,0.073,0.07%
abv,294,0.05,0.05%
abv,295,empty,0.06%
abv,296,0.055,0.06%
abv,300,empty,0.06%
abv,305,0.056,0.06%
abv,306,0.056,0.06%
abv,309,0.059,0.06%
abv,310,0.08,0.08%
abv,316,empty,_nan_
abv,317,empty,_nan_
abv,318,empty,_nan_
abv,319,empty,_nan_
abv,321,0.06,0.06%
abv,327,0.05,0.05%
abv,331,0.06,0.06%
abv,332,0.042,0.04%
abv,346,0.049,0.05%
abv,348,0.064,0.06%
abv,351,0.058,0.06%
abv,359,0.056,0.06%
abv,371,0.047,0.05%
abv,372,0.06,0.06%
abv,376,0.055,0.06%
abv,381,0.062,0.06%
abv,385,0.05,0.05%
abv,387,0.058,0.06%
abv,397,0.065,0.07%
abv,403,0.066,0.07%
abv,404,0.041,0.04%
abv,405,0.082,0.08%
abv,407,0.062,0.06%
abv,408,empty,0.065
abv,409,empty,0.065
abv,412,0.056,0.06%
abv,420,0.07,0.07%
abv,421,0.067,0.07%
abv,426,0.045,0.05%
abv,430,0.056,0.06%
abv,433,0.05,0.05%
abv,434,0.09,0.09%
abv,437,0.06,0.06%
abv,438,0.099,0.10%
abv,440,0.092,0.09%
abv,448,0.055,0.06%
abv,449,0.06,0.06%
abv,451,empty,_nan_
abv,452,empty,_nan_
abv,456,0.048,0.05%
abv,458,0.068,0.07%
abv,463,0.052,0.05%
abv,464,0.08,0.08%
abv,465,empty,0.06%
abv,468,0.062,0.06%
abv,469,0.058,0.06%
abv,471,0.053,0.05%
abv,472,0.045,0.05%
abv,476,0.065,0.07%
abv,483,0.068,0.07%
abv,489,0.049,0.05%
abv,492,0.043,0.04%
abv,502,0.068,0.07%
abv,505,0.068,0.07%
abv,507,0.056,0.06%
abv,511,0.061,0.06%
abv,512,0.056,0.06%
abv,520,0.065,0.07%
abv,521,empty,_nan_
abv,522,empty,_nan_
abv,523,empty,_nan_
abv,524,empty,_nan_
abv,527,0.055,0.06%
abv,529,0.055,0.06%
abv,531,0.049,0.05%
abv,534,0.046,0.05%
abv,538,0.052,0.05%
abv,539,0.042,0.04%
abv,542,empty,0.05%
abv,544,0.05,0.05%
abv,547,0.057,0.06%
abv,564,0.058,0.06%
abv,567,empty,0.05%
abv,568,0.068,0.07%
abv,569,0.051,0.05%
abv,570,0.051,0.05%
abv,572,0.05,0.05%
abv,585,0.07,0.07%
abv,589,0.045,0.05%
abv,590,0.08,0.08%
abv,592,0.057,0.06%
abv,593,0.057,0.06%
abv,598,0.05,0.05%
abv,609,0.07,0.07%
abv,617,0.05,0.05%
abv,619,0.055,0.06%
abv,620,0.05,0.05%
abv,621,0.072,0.07%
abv,623,0.05,0.05%
abv,627,0.062,0.06%
abv,629,0.038,0.04%
abv,630,0.056,0.06%
abv,632,0.06,0.06%
abv,649,0.05,0.05%
abv,650,0.048,0.05%
abv,651,0.075,0.08%
abv,654,0.075,0.08%
abv,656,empty,0.052
abv,657,empty,0.052
abv,662,0.045,0.05%
abv,663,0.049,0.05%
abv,664,0.055,0.06%
abv,668,0.055,0.06%
abv,670,0.055,0.06%
abv,673,0.06,0.06%
abv,675,0.049,0.05%
abv,679,0.045,0.05%
abv,680,0.06,0.06%
abv,682,0.05,0.05%
abv,686,0.065,0.07%
abv,689,0.065,0.07%
abv,690,0.065,0.07%
abv,691,0.072,0.07%
abv,695,0.063,0.06%
abv,696,0.06,0.06%
abv,697,0.075,0.08%
abv,699,0.06,0.06%
abv,703,0.052,0.05%
abv,712,0.05,0.05%
abv,713,0.05,0.05%
abv,714,0.052,0.05%
abv,715,0.049,0.05%
abv,716,0.063,0.06%
abv,718,0.05,0.05%
abv,720,0.049,0.05%
abv,721,0.044,0.04%
abv,723,0.054,0.05%
abv,724,empty,0.05%
abv,727,0.045,0.05%
abv,728,0.065,0.07%
abv,729,empty,_nan_
abv,730,empty,_nan_
abv,731,empty,_nan_
abv,732,empty,_nan_
abv,733,empty,_nan_
abv,734,empty,_nan_
abv,735,empty,_nan_
abv,738,0.066,0.07%
abv,741,0.058,0.06%
abv,742,0.061,0.06%
abv,743,0.045,0.05%
abv,751,0.057,0.06%
abv,754,0.05,0.05%
abv,757,0.05,0.05%
abv,759,0.043,0.04%
abv,761,0.049,0.05%
abv,762,0.07,0.07%
abv,767,0.04,0.04%
abv,770,0.027,0.03%
abv,771,0.055,0.06%
abv,775,0.063,0.06%
abv,778,0.05,0.05%
abv,781,0.07,0.07%
abv,782,0.075,0.08%
abv,789,0.082,0.08%
abv,791,0.055,0.06%
abv,793,0.055,0.06%
abv,795,0.09,0.09%
abv,799,0.053,0.05%
abv,800,0.08,0.08%
abv,804,0.047,0.05%
abv,813,empty,_nan_
abv,814,0.055,0.06%
abv,815,0.071,0.07%
abv,820,0.06,0.06%
abv,821,0.065,0.07%
abv,825,0.052,0.05%
abv,826,0.062,0.06%
abv,836,0.074,0.07%
abv,837,empty,_nan_
abv,838,0.047,0.05%
abv,845,0.076,0.08%
abv,852,0.04,0.04%
abv,861,0.05,0.05%
abv,864,0.056,0.06%
abv,868,0.065,0.07%
abv,878,0.065,0.07%
abv,880,0.056,0.06%
abv,881,0.065,0.07%
abv,882,0.053,0.05%
abv,883,0.07,0.07%
abv,884,0.052,0.05%
abv,885,0.07,0.07%
abv,886,0.05,0.05%
abv,892,0.058,0.06%
abv,896,0.059,0.06%
abv,899,0.059,0.06%
abv,905,0.046,0.05%
abv,909,0.056,0.06%
abv,913,0.058,0.06%
abv,917,0.054,0.05%
abv,918,0.042,0.04%
abv,919,0.042,0.04%
abv,920,0.042,0.04%
abv,921,0.052,0.05%
abv,923,0.052,0.05%
abv,925,empty,0.05
abv,936,0.057,0.06%
abv,939,0.057,0.06%
abv,940,0.06,0.06%
abv,944,0.056,0.06%
abv,947,0.062,0.06%
abv,948,0.053,0.05%
abv,951,0.061,0.06%
abv,953,0.083,0.08%
abv,955,0.095,0.10%
abv,956,0.073,0.07%
abv,958,0.045,0.05%
abv,963,0.07,0.07%
abv,966,0.048,0.05%
abv,968,0.06,0.06%
abv,970,0.054,0.05%
abv,972,0.09,0.09%
abv,974,0.07,0.07%
abv,975,0.059,0.06%
abv,977,0.06,0.06%
abv,978,0.053,0.05%
abv,980,0.05,0.05%
abv,986,0.06,0.06%
abv,990,0.06,0.06%
abv,991,0.049,0.05%
abv,993,0.065,0.07%
abv,995,0.05,0.05%
abv,998,0.05,0.05%
abv,1006,0.057,0.06%
abv,1022,0.05,0.05%
abv,1024,0.059,0.06%
abv,1026,0.059,0.06%
abv,1027,0.05,0.05%
abv,1030,0.059,0.06%
abv,1031,empty,0.05%
abv,1032,0.048,0.05%
abv,1034,0.054,0.05%
abv,1035,0.064,0.06%
abv,1039,0.062,0.06%
abv,1042,0.06,0.06%
abv,1044,0.063,0.06%
abv,1045,0.08,0.08%
abv,1050,0.045,0.05%
abv,1053,0.055,0.06%
abv,1056,0.066,0.07%
abv,1059,0.047,0.05%
abv,1060,0.058,0.06%
abv,1062,0.078,0.08%
abv,1075,0.027,0.03%
abv,1079,0.039,0.04%
abv,1080,0.039,0.04%
abv,1082,0.039,0.04%
abv,1083,0.039,0.04%
abv,1085,0.039,0.04%
abv,1087,0.039,0.04%
abv,1089,0.058,0.06%
abv,1090,0.066,0.07%
abv,1091,0.073,0.07%
abv,1097,0.056,0.06%
abv,1100,0.065,0.07%
abv,1102,0.068,0.07%
abv,1107,0.054,0.05%
abv,1111,0.058,0.06%
abv,1113,0.055,0.06%
abv,1114,0.045,0.05%
abv,1118,empty,_nan_
abv,1122,0.067,0.07%
abv,1123,0.049,0.05%
abv,1126,0.055,0.06%
abv,1129,0.07,0.07%
abv,1132,0.069,0.07%
abv,1133,empty,0.055
abv,1138,0.06,0.06%
abv,1139,0.05,0.05%
abv,1140,0.05,0.05%
abv,1141,0.093,0.09%
abv,1145,0.052,0.05%
abv,1146,0.058,0.06%
abv,1149,0.047,0.05%
abv,1150,0.066,0.07%
abv,1151,0.095,0.10%
abv,1152,0.049,0.05%
abv,1154,0.066,0.07%
abv,1158,0.058,0.06%
abv,1162,0.065,0.07%
abv,1163,0.065,0.07%
abv,1166,0.065,0.07%
abv,1168,empty,_nan_
abv,1169,empty,_nan_
abv,1170,empty,_nan_
abv,1171,empty,_nan_
abv,1172,empty,_nan_
abv,1173,empty,_nan_
abv,1174,empty,_nan_
abv,1178,0.057,0.06%
abv,1182,0.046,0.05%
abv,1183,0.046,0.05%
abv,1186,0.04,0.04%
abv,1189,0.072,0.07%
abv,1190,0.066,0.07%
abv,1193,0.068,0.07%
abv,1194,0.05,0.05%
abv,1204,0.05,0.05%
abv,1214,0.06,0.06%
abv,1215,0.075,0.08%
abv,1224,0.046,0.05%
abv,1227,0.045,0.05%
abv,1233,0.048,0.05%
abv,1234,0.038,0.04%
abv,1236,0.054,0.05%
abv,1239,0.058,0.06%
abv,1249,0.05,0.05%
abv,1255,0.051,0.05%
abv,1257,0.065,0.07%
abv,1260,0.072,0.07%
abv,1265,0.05,0.05%
abv,1271,0.06,0.06%
abv,1274,0.047,0.05%
abv,1276,0.072,0.07%
abv,1280,0.097,0.10%
abv,1284,0.08,0.08%
abv,1288,0.065,0.07%
abv,1289,0.065,0.07%
abv,1294,0.045,0.05%
abv,1296,0.047,0.05%
abv,1298,0.06,0.06%
abv,1303,0.055,0.06%
abv,1304,0.05,0.05%
abv,1307,0.06,0.06%
abv,1308,0.05,0.05%
abv,1317,0.069,0.07%
abv,1322,0.042,0.04%
abv,1326,0.053,0.05%
abv,1334,0.05,0.05%
abv,1335,0.057,0.06%
abv,1336,0.08,0.08%
abv,1344,0.075,0.08%
abv,1345,0.075,0.08%
abv,1354,empty,0.048
abv,1357,0.075,0.08%
abv,1358,0.065,0.07%
abv,1360,0.048,0.05%
abv,1363,0.054,0.05%
abv,1365,0.05,0.05%
abv,1369,0.055,0.06%
abv,1383,0.055,0.06%
abv,1390,0.055,0.06%
abv,1395,0.054,0.05%
abv,1398,0.056,0.06%
abv,1403,0.046,0.05%
abv,1404,0.05,0.05%
abv,1407,0.05,0.05%
abv,1422,0.052,0.05%
abv,1424,0.086,0.09%
abv,1427,0.042,0.04%
abv,1431,0.053,0.05%
abv,1432,0.074,0.07%
abv,1435,0.074,0.07%
abv,1442,0.066,0.07%
abv,1446,0.05,0.05%
abv,1447,0.056,0.06%
abv,1449,0.055,0.06%
abv,1451,0.048,0.05%
abv,1452,0.052,0.05%
abv,1456,0.065,0.07%
abv,1460,0.052,0.05%
abv,1462,0.062,0.06%
abv,1467,0.09,0.09%
abv,1470,0.05,0.05%
abv,1472,0.05,0.05%
abv,1475,0.065,0.07%
abv,1477,0.049,0.05%
abv,1480,0.052,0.05%
abv,1481,0.054,0.05%
abv,1483,0.042,0.04%
abv,1487,0.055,0.06%
abv,1488,0.051,0.05%
abv,1494,0.045,0.05%
abv,1495,0.049,0.05%
abv,1496,0.048,0.05%
abv,1500,0.069,0.07%
abv,1502,0.063,0.06%
abv,1513,0.067,0.07%
abv,1517,0.048,0.05%
abv,1519,0.051,0.05%
abv,1522,0.092,0.09%
abv,1526,0.051,0.05%
abv,1529,0.095,0.10%
abv,1531,0.06,0.06%
abv,1532,0.05,0.05%
abv,1534,0.05,0.05%
abv,1539,0.046,0.05%
abv,1542,0.075,0.08%
abv,1544,0.048,0.05%
abv,1545,0.053,0.05%
abv,1546,0.055,0.06%
abv,1547,0.067,0.07%
abv,1549,0.041,0.04%
abv,1552,0.049,0.05%
abv,1555,empty,_nan_
abv,1556,empty,0.065
abv,1557,empty,0.065
abv,1559,empty,0.065
abv,1562,0.053,0.05%
abv,1566,0.07,0.07%
abv,1569,0.087,0.09%
abv,1573,0.09,0.09%
abv,1574,0.08,0.08%
abv,1576,0.08,0.08%
abv,1580,0.053,0.05%
abv,1588,0.08,0.08%
abv,1592,0.065,0.07%
abv,1594,0.065,0.07%
abv,1596,0.052,0.05%
abv,1598,0.087,0.09%
abv,1599,0.099,0.10%
abv,1600,0.08,0.08%
abv,1604,0.055,0.06%
abv,1610,0.053,0.05%
abv,1615,0.062,0.06%
abv,1618,0.055,0.06%
abv,1619,0.05,0.05%
abv,1620,0.046,0.05%
abv,1631,0.065,0.07%
abv,1635,0.047,0.05%
abv,1636,0.049,0.05%
abv,1637,empty,0.05%
abv,1638,0.047,0.05%
abv,1646,0.056,0.06%
abv,1658,0.07,0.07%
abv,1665,0.05,0.05%
abv,1668,empty,_nan_
abv,1669,empty,_nan_
abv,1670,0.059,0.06%
abv,1671,0.069,0.07%
abv,1675,0.058,0.06%
abv,1677,0.052,0.05%
abv,1678,0.052,0.05%
abv,1685,0.099,0.10%
abv,1686,0.051,0.05%
abv,1690,0.051,0.05%
abv,1692,0.062,0.06%
abv,1696,0.07,0.07%
abv,1697,0.047,0.05%
abv,1698,0.058,0.06%
abv,1705,0.08,0.08%
abv,1707,0.05,0.05%
abv,1712,0.07,0.07%
abv,1715,empty,0.06%
abv,1720,empty,0.05
abv,1725,0.057,0.06%
abv,1728,0.05,0.05%
abv,1729,0.057,0.06%
abv,1734,0.043,0.04%
abv,1736,0.048,0.05%
abv,1738,0.035,0.04%
abv,1743,0.055,0.06%
abv,1761,empty,0.06%
abv,1762,0.055,0.06%
abv,1765,0.07,0.07%
abv,1766,0.055,0.06%
abv,1771,0.071,0.07%
abv,1775,0.072,0.07%
abv,1776,0.063,0.06%
abv,1777,0.045,0.05%
abv,1778,0.056,0.06%
abv,1781,0.073,0.07%
abv,1784,0.068,0.07%
abv,1785,0.052,0.05%
abv,1786,0.048,0.05%
abv,1787,0.069,0.07%
abv,1789,0.091,0.09%
abv,1791,0.05,0.05%
abv,1794,0.055,0.06%
abv,1795,0.05,0.05%
abv,1797,0.069,0.07%
abv,1804,0.055,0.06%
abv,1805,0.055,0.06%
abv,1806,0.058,0.06%
abv,1808,0.089,0.09%
abv,1809,0.054,0.05%
abv,1814,empty,0.055
abv,1815,0.08,0.08%
abv,1818,0.05,0.05%
abv,1820,0.065,0.07%
abv,1824,0.045,0.05%
abv,1826,0.041,0.04%
abv,1827,0.045,0.05%
abv,1832,0.07,0.07%
abv,1833,0.07,0.07%
abv,1834,0.077,0.08%
abv,1841,0.069,0.07%
abv,1849,0.056,0.06%
abv,1850,0.048,0.05%
abv,1851,0.05,0.05%
abv,1853,0.056,0.06%
abv,1854,0.069,0.07%
abv,1855,0.042,0.04%
abv,1857,0.068,0.07%
abv,1868,0.052,0.05%
abv,1869,0.063,0.06%
abv,1871,0.099,0.10%
abv,1875,0.091,0.09%
abv,1878,0.054,0.05%
abv,1884,0.068,0.07%
abv,1888,empty,0.058
abv,1894,0.058,0.06%
abv,1898,0.049,0.05%
abv,1899,0.06,0.06%
abv,1902,0.062,0.06%
abv,1906,0.058,0.06%
abv,1909,0.056,0.06%
abv,1910,0.049,0.05%
abv,1912,0.07,0.07%
abv,1917,0.054,0.05%
abv,1926,0.06,0.06%
abv,1929,0.055,0.06%
abv,1932,0.099,0.10%
abv,1933,0.043,0.04%
abv,1934,0.052,0.05%
abv,1936,0.057,0.06%
abv,1942,0.05,0.05%
abv,1943,0.035,0.04%
abv,1948,0.053,0.05%
abv,1952,0.058,0.06%
abv,1953,0.05,0.05%
abv,1960,0.085,0.09%
abv,1970,empty,_nan_
abv,1974,0.079,0.08%
abv,1977,0.096,0.10%
abv,1979,0.062,0.06%
abv,1984,0.05,0.05%
abv,1989,0.048,0.05%
abv,1990,0.065,0.07%
abv,1992,0.049,0.05%
abv,1999,0.052,0.05%
abv,2001,0.047,0.05%
abv,2002,0.047,0.05%
abv,2003,0.047,0.05%
abv,2006,0.052,0.05%
abv,2008,0.05,0.05%
abv,2011,0.057,0.06%
abv,2013,0.05,0.05%
abv,2017,0.051,0.05%
abv,2024,0.072,0.07%
abv,2031,0.047,0.05%
abv,2032,0.083,0.08%
abv,2036,0.058,0.06%
abv,2038,0.099,0.10%
abv,2040,0.053,0.05%
abv,2045,empty,0.064
abv,2047,0.065,0.07%
abv,2049,0.056,0.06%
abv,2052,empty,0.054
abv,2054,0.071,0.07%
abv,2056,0.099,0.10%
abv,2057,0.07,0.07%
abv,2063,0.091,0.09%
abv,2064,0.09,0.09%
abv,2067,0.099,0.10%
abv,2070,0.056,0.06%
abv,2073,0.072,0.07%
abv,2075,0.099,0.10%
abv,2076,0.073,0.07%
abv,2082,0.097,0.10%
abv,2083,0.051,0.05%
abv,2087,0.05,0.05%
abv,2090,0.059,0.06%
abv,2093,0.057,0.06%
abv,2094,0.064,0.06%
abv,2097,0.05,0.05%
abv,2100,0.049,0.05%
abv,2101,0.05,0.05%
abv,2103,0.049,0.05%
abv,2105,0.048,0.05%
abv,2107,0.056,0.06%
abv,2109,0.068,0.07%
abv,2110,0.044,0.04%
abv,2113,0.05,0.05%
abv,2118,0.072,0.07%
abv,2120,0.05,0.05%
abv,2123,0.056,0.06%
abv,2125,0.07,0.07%
abv,2127,0.07,0.07%
abv,2133,0.048,0.05%
abv,2134,0.04,0.04%
abv,2136,0.047,0.05%
abv,2142,0.096,0.10%
abv,2147,0.046,0.05%
abv,2148,0.07,0.07%
abv,2149,0.048,0.05%
abv,2153,0.07,0.07%
abv,2155,0.057,0.06%
abv,2158,0.055,0.06%
abv,2164,empty,_nan_
abv,2171,0.052,0.05%
abv,2172,0.041,0.04%
abv,2174,0.051,0.05%
abv,2175,0.04,0.04%
abv,2180,0.055,0.06%
abv,2185,0.065,0.07%
abv,2187,empty,0.075
abv,2191,0.055,0.06%
abv,2198,0.07,0.07%
abv,2205,0.055,0.06%
abv,2209,0.065,0.07%
abv,2213,0.08,0.08%
abv,2217,0.082,0.08%
abv,2218,0.075,0.08%
abv,2219,0.055,0.06%
abv,2221,0.054,0.05%
abv,2223,0.051,0.05%
abv,2226,0.052,0.05%
abv,2227,0.062,0.06%
abv,2229,0.062,0.06%
abv,2237,0.058,0.06%
abv,2238,0.058,0.06%
abv,2239,0.051,0.05%
abv,2240,0.051,0.05%
abv,2245,0.065,0.07%
abv,2250,0.048,0.05%
abv,2251,0.05,0.05%
abv,2255,0.073,0.07%
abv,2256,0.04,0.04%
abv,2257,0.04,0.04%
abv,2259,0.04,0.04%
abv,2262,0.06,0.06%
abv,2263,0.047,0.05%
abv,2265,0.065,0.07%
abv,2267,0.001,0.00%
abv,2268,0.068,0.07%
abv,2273,0.042,0.04%
abv,2279,0.128,0.13%
abv,2280,0.104,0.10%
abv,2285,0.065,0.07%
abv,2291,0.069,0.07%
abv,2292,0.048,0.05%
abv,2298,0.065,0.07%
abv,2299,0.04,0.04%
abv,2301,0.08,0.08%
abv,2309,0.068,0.07%
abv,2315,0.075,0.08%
abv,2318,0.075,0.08%
abv,2320,0.06,0.06%
abv,2321,0.056,0.06%
abv,2325,0.051,0.05%
abv,2326,0.04,0.04%
abv,2328,0.045,0.05%
abv,2329,0.06,0.06%
abv,2335,0.09,0.09%
abv,2338,empty,0.07
abv,2344,0.052,0.05%
abv,2346,empty,0.05%
abv,2347,0.08,0.08%
abv,2348,empty,0.05%
abv,2349,0.075,0.08%
abv,2350,empty,0.05%
abv,2351,0.049,0.05%
abv,2352,0.052,0.05%
abv,2353,0.055,0.06%
abv,2356,0.055,0.06%
abv,2367,0.042,0.04%
abv,2369,0.045,0.05%
abv,2370,0.056,0.06%
abv,2371,0.068,0.07%
abv,2375,0.054,0.05%
abv,2379,0.05,0.05%
abv,2380,0.074,0.07%
abv,2382,0.055,0.06%
abv,2383,0.071,0.07%
abv,2386,0.059,0.06%
abv,2389,0.058,0.06%
abv,2390,0.045,0.05%
abv,2391,0.059,0.06%
abv,2394,0.065,0.07%
abv,2399,0.077,0.08%
abv,2403,0.082,0.08%
abv,2404,0.055,0.06%
abv,2408,0.055,0.06%
abv,2409,0.055,0.06%
ibu,1,empty,40
ibu,2,empty,60
ibu,3,empty,60
ibu,4,empty,60
ibu,5,empty,60
ibu,6,empty,60
ibu,7,empty,60
ibu,8,empty,60
ibu,9,empty,60
ibu,10,empty,60
ibu,11,empty,60
ibu,12,empty,60
ibu,13,empty,60
ibu,14,empty,60
ibu,16,empty,_nan_
ibu,17,empty,_nan_
ibu,18,empty,_nan_
ibu,19,empty,_nan_
ibu,20,empty,17
ibu,21,empty,17
ibu,24,empty,17
ibu,41,empty,10
ibu,42,empty,82
ibu,45,empty,18
ibu,46,empty,18
ibu,47,empty,33
ibu,48,empty,11
ibu,49,empty,18
ibu,51,empty,65
ibu,53,empty,18
ibu,62,empty,_nan_
ibu,80,empty,68
ibu,91,empty,_nan_
ibu,92,empty,45
ibu,93,empty,45
ibu,94,empty,43
ibu,95,empty,43
ibu,97,empty,17
ibu,98,empty,70
ibu,99,empty,17
ibu,100,empty,17
ibu,101,empty,17
ibu,102,empty,13
ibu,103,empty,13
ibu,104,empty,15
ibu,105,empty,15
ibu,120,empty,_nan_
ibu,121,empty,_nan_
ibu,122,empty,_nan_
ibu,123,empty,42
ibu,124,empty,42
ibu,125,empty,42
ibu,126,empty,25
ibu,127,empty,25
ibu,128,empty,25
ibu,134,empty,_nan_
ibu,142,empty,_nan_
ibu,143,empty,_nan_
ibu,144,empty,_nan_
ibu,153,empty,12
ibu,157,empty,75
ibu,158,empty,75
ibu,159,empty,35
ibu,160,empty,35
ibu,161,empty,40
ibu,162,empty,69
ibu,163,empty,17
ibu,171,empty,22
ibu,174,empty,11
ibu,175,empty,11
ibu,176,empty,11
ibu,177,empty,11
ibu,178,empty,11
ibu,179,empty,43
ibu,183,empty,75
ibu,187,empty,75
ibu,189,empty,45
ibu,194,empty,60
ibu,204,empty,35
ibu,206,empty,35
ibu,207,empty,28
ibu,208,empty,35
ibu,209,empty,35
ibu,218,empty,11
ibu,219,empty,11
ibu,220,empty,11
ibu,221,empty,11
ibu,222,empty,11
ibu,223,empty,11
ibu,225,empty,27
ibu,227,empty,38
ibu,235,empty,_nan_
ibu,236,empty,_nan_
ibu,237,empty,_nan_
ibu,238,empty,_nan_
ibu,239,empty,_nan_
ibu,242,empty,85
ibu,244,empty,_nan_
ibu,245,empty,_nan_
ibu,246,empty,_nan_
ibu,248,empty,54
ibu,249,empty,60
ibu,261,empty,35
ibu,273,empty,_nan_
ibu,274,empty,_nan_
ibu,275,empty,_nan_
ibu,287,empty,30
ibu,290,empty,30
ibu,291,empty,47
ibu,293,empty,30
ibu,294,empty,37
ibu,295,empty,37
ibu,296,empty,37
ibu,297,empty,37
ibu,298,empty,37
ibu,299,empty,37
ibu,300,empty,37
ibu,301,empty,37
ibu,302,empty,37
ibu,303,empty,37
ibu,308,empty,70
ibu,309,empty,70
ibu,316,empty,35
ibu,317,empty,20
ibu,318,empty,35
ibu,319,empty,35
ibu,320,empty,40
ibu,324,empty,_nan_
ibu,325,empty,_nan_
ibu,326,empty,_nan_
ibu,327,empty,_nan_
ibu,328,empty,_nan_
ibu,329,empty,55
ibu,330,empty,20
ibu,331,empty,20
ibu,334,empty,27
ibu,341,empty,72
ibu,342,empty,72
ibu,343,empty,72
ibu,344,empty,72
ibu,346,empty,72
ibu,348,empty,72
ibu,349,empty,72
ibu,350,empty,72
ibu,351,empty,72
ibu,352,empty,72
ibu,353,empty,72
ibu,358,empty,30
ibu,359,empty,30
ibu,369,empty,_nan_
ibu,370,empty,_nan_
ibu,371,empty,_nan_
ibu,376,empty,52
ibu,378,empty,20
ibu,383,empty,60
ibu,387,empty,_nan_
ibu,388,empty,_nan_
ibu,389,empty,65
ibu,390,empty,50
ibu,391,empty,50
ibu,392,empty,65
ibu,393,empty,65
ibu,394,empty,65
ibu,395,empty,65
ibu,396,empty,65
ibu,397,empty,65
ibu,398,empty,65
ibu,399,empty,65
ibu,400,empty,65
ibu,401,empty,65
ibu,402,empty,42
ibu,403,empty,65
ibu,404,empty,65
ibu,405,empty,65
ibu,406,empty,65
ibu,407,empty,42
ibu,408,empty,65
ibu,409,empty,65
ibu,410,empty,65
ibu,411,empty,_nan_
ibu,412,empty,50
ibu,413,empty,65
ibu,414,empty,65
ibu,415,empty,65
ibu,416,empty,65
ibu,417,empty,65
ibu,418,empty,65
ibu,419,empty,65
ibu,420,empty,65
ibu,421,empty,65
ibu,422,empty,65
ibu,423,empty,65
ibu,424,empty,50
ibu,425,empty,65
ibu,426,empty,50
ibu,427,empty,65
ibu,428,empty,65
ibu,429,empty,50
ibu,430,empty,42
ibu,431,empty,65
ibu,432,empty,65
ibu,433,empty,65
ibu,434,empty,50
ibu,435,empty,65
ibu,436,empty,65
ibu,437,empty,42
ibu,438,empty,65
ibu,439,empty,50
ibu,440,empty,50
ibu,441,empty,65
ibu,442,empty,65
ibu,443,empty,65
ibu,444,empty,65
ibu,445,empty,50
ibu,446,empty,65
ibu,447,empty,50
ibu,448,empty,42
ibu,449,empty,42
ibu,450,empty,65
ibu,451,empty,_nan_
ibu,452,empty,_nan_
ibu,453,empty,_nan_
ibu,456,empty,15
ibu,459,empty,47
ibu,461,empty,47
ibu,462,empty,47
ibu,463,empty,47
ibu,464,empty,85
ibu,465,empty,40
ibu,467,empty,40
ibu,471,empty,_nan_
ibu,472,empty,65
ibu,476,empty,40
ibu,477,empty,40
ibu,478,empty,40
ibu,481,empty,40
ibu,482,empty,40
ibu,485,empty,40
ibu,489,empty,_nan_
ibu,490,empty,_nan_
ibu,491,empty,_nan_
ibu,492,empty,_nan_
ibu,493,empty,_nan_
ibu,494,empty,_nan_
ibu,495,empty,_nan_
ibu,496,empty,_nan_
ibu,497,empty,_nan_
ibu,498,empty,_nan_
ibu,499,empty,25
ibu,506,empty,55
ibu,519,empty,_nan_
ibu,520,empty,_nan_
ibu,521,empty,45
ibu,522,empty,31
ibu,523,empty,45
ibu,524,empty,45
ibu,538,empty,18
ibu,539,empty,18
ibu,540,empty,18
ibu,541,empty,18
ibu,542,empty,18
ibu,543,empty,_nan_
ibu,544,empty,_nan_
ibu,545,empty,_nan_
ibu,547,empty,22
ibu,548,empty,22
ibu,553,empty,20
ibu,554,empty,20
ibu,555,empty,_nan_
ibu,556,empty,_nan_
ibu,557,empty,_nan_
ibu,558,empty,_nan_
ibu,559,empty,_nan_
ibu,560,empty,_nan_
ibu,561,empty,_nan_
ibu,564,empty,_nan_
ibu,565,empty,_nan_
ibu,567,empty,35
ibu,572,empty,25
ibu,573,empty,_nan_
ibu,582,empty,22
ibu,586,empty,8
ibu,589,empty,30
ibu,594,empty,10
ibu,597,empty,9
ibu,598,empty,9
ibu,602,empty,60
ibu,603,empty,25
ibu,604,empty,60
ibu,605,empty,60
ibu,608,empty,60
ibu,612,empty,60
ibu,613,empty,60
ibu,617,empty,60
ibu,620,empty,60
ibu,624,empty,_nan_
ibu,625,empty,_nan_
ibu,626,empty,_nan_
ibu,627,empty,_nan_
ibu,628,empty,_nan_
ibu,629,empty,_nan_
ibu,630,empty,_nan_
ibu,640,empty,_nan_
ibu,644,empty,_nan_
ibu,645,empty,_nan_
ibu,646,empty,_nan_
ibu,647,empty,_nan_
ibu,648,empty,_nan_
ibu,649,empty,_nan_
ibu,650,empty,29
ibu,655,empty,25
ibu,656,empty,25
ibu,657,empty,25
ibu,659,empty,25
ibu,662,empty,65
ibu,664,empty,25
ibu,665,empty,25
ibu,666,empty,_nan_
ibu,667,empty,_nan_
ibu,668,empty,_nan_
ibu,669,empty,_nan_
ibu,670,empty,_nan_
ibu,671,empty,_nan_
ibu,672,empty,_nan_
ibu,675,empty,_nan_
ibu,676,empty,_nan_
ibu,677,empty,_nan_
ibu,678,empty,_nan_
ibu,679,empty,20
ibu,680,empty,20
ibu,681,empty,11
ibu,684,empty,15
ibu,687,empty,80
ibu,688,empty,15
ibu,689,empty,33
ibu,690,empty,33
ibu,691,empty,_nan_
ibu,692,empty,_nan_
ibu,693,empty,_nan_
ibu,694,empty,_nan_
ibu,696,empty,25
ibu,699,empty,25
ibu,700,empty,25
ibu,702,empty,25
ibu,711,empty,60
ibu,712,empty,40
ibu,718,empty,22
ibu,724,empty,85
ibu,727,empty,_nan_
ibu,729,empty,30
ibu,730,empty,_nan_
ibu,731,empty,_nan_
ibu,732,empty,_nan_
ibu,733,empty,_nan_
ibu,734,empty,_nan_
ibu,735,empty,_nan_
ibu,736,empty,_nan_
ibu,737,empty,_nan_
ibu,744,empty,74
ibu,746,empty,74
ibu,747,empty,74
ibu,748,empty,74
ibu,749,empty,74
ibu,751,empty,40
ibu,753,empty,_nan_
ibu,754,empty,31
ibu,755,empty,40
ibu,756,empty,40
ibu,757,empty,15
ibu,758,empty,45
ibu,763,empty,23
ibu,764,empty,23
ibu,765,empty,48
ibu,767,empty,47
ibu,768,empty,85
ibu,769,empty,47
ibu,770,empty,62
ibu,771,empty,47
ibu,783,empty,53
ibu,784,empty,53
ibu,786,empty,53
ibu,787,empty,53
ibu,788,empty,80
ibu,789,empty,80
ibu,792,empty,45
ibu,795,empty,72
ibu,797,empty,72
ibu,799,empty,22
ibu,801,empty,22
ibu,802,empty,72
ibu,803,empty,22
ibu,804,empty,22
ibu,807,empty,20
ibu,808,empty,20
ibu,810,empty,27
ibu,813,empty,_nan_
ibu,814,empty,_nan_
ibu,817,empty,70
ibu,819,empty,_nan_
ibu,820,empty,_nan_
ibu,821,empty,_nan_
ibu,822,empty,_nan_
ibu,825,empty,97
ibu,826,empty,97
ibu,827,empty,97
ibu,828,empty,97
ibu,829,empty,97
ibu,830,empty,97
ibu,831,empty,97
ibu,832,empty,97
ibu,833,empty,97
ibu,834,empty,97
ibu,835,empty,97
ibu,837,empty,_nan_
ibu,848,empty,90
ibu,849,empty,90
ibu,850,empty,90
ibu,852,empty,_nan_
ibu,855,empty,21
ibu,859,empty,17
ibu,860,empty,70
ibu,864,empty,18
ibu,869,empty,20
ibu,871,empty,20
ibu,875,empty,30
ibu,876,empty,30
ibu,877,empty,35
ibu,886,empty,_nan_
ibu,900,empty,60
ibu,922,empty,_nan_
ibu,923,empty,_nan_
ibu,924,empty,_nan_
ibu,925,empty,_nan_
ibu,949,empty,75
ibu,950,empty,75
ibu,951,empty,75
ibu,952,empty,75
ibu,953,empty,100
ibu,954,empty,75
ibu,956,empty,75
ibu,957,empty,75
ibu,961,empty,49
ibu,964,empty,30
ibu,965,empty,30
ibu,968,empty,30
ibu,983,empty,69
ibu,985,empty,54
ibu,988,empty,54
ibu,993,empty,25
ibu,997,empty,35
ibu,1000,empty,25
ibu,1003,empty,67
ibu,1004,empty,70
ibu,1005,empty,70
ibu,1006,empty,30
ibu,1007,empty,20
ibu,1008,empty,30
ibu,1009,empty,30
ibu,1010,empty,20
ibu,1011,empty,40
ibu,1021,empty,42
ibu,1031,empty,_nan_
ibu,1032,empty,_nan_
ibu,1033,empty,75
ibu,1034,empty,75
ibu,1035,empty,75
ibu,1036,empty,75
ibu,1037,empty,75
ibu,1043,empty,30
ibu,1050,empty,22
ibu,1051,empty,22
ibu,1057,empty,31
ibu,1069,empty,40
ibu,1070,empty,40
ibu,1073,empty,35
ibu,1074,empty,20
ibu,1097,empty,17
ibu,1099,empty,25
ibu,1100,empty,_nan_
ibu,1101,empty,_nan_
ibu,1117,empty,_nan_
ibu,1118,empty,_nan_
ibu,1124,empty,_nan_
ibu,1125,empty,_nan_
ibu,1127,empty,65
ibu,1128,empty,65
ibu,1129,empty,65
ibu,1130,empty,65
ibu,1131,empty,65
ibu,1132,empty,_nan_
ibu,1133,empty,9
ibu,1134,empty,9
ibu,1135,empty,9
ibu,1136,empty,9
ibu,1137,empty,9
ibu,1138,empty,_nan_
ibu,1143,empty,24
ibu,1158,empty,15
ibu,1160,empty,15
ibu,1161,empty,15
ibu,1168,empty,_nan_
ibu,1169,empty,_nan_
ibu,1170,empty,_nan_
ibu,1171,empty,_nan_
ibu,1172,empty,_nan_
ibu,1173,empty,_nan_
ibu,1174,empty,_nan_
ibu,1175,empty,70
ibu,1176,empty,70
ibu,1179,empty,70
ibu,1187,empty,_nan_
ibu,1192,empty,_nan_
ibu,1193,empty,_nan_
ibu,1194,empty,_nan_
ibu,1195,empty,_nan_
ibu,1201,empty,_nan_
ibu,1202,empty,_nan_
ibu,1203,empty,_nan_
ibu,1204,empty,_nan_
ibu,1205,empty,_nan_
ibu,1206,empty,_nan_
ibu,1214,empty,30
ibu,1215,empty,30
ibu,1226,empty,20
ibu,1227,empty,20
ibu,1231,empty,29
ibu,1232,empty,29
ibu,1233,empty,29
ibu,1236,empty,20
ibu,1238,empty,20
ibu,1239,empty,20
ibu,1240,empty,32
ibu,1242,empty,_nan_
ibu,1243,empty,_nan_
ibu,1244,empty,18
ibu,1246,empty,18
ibu,1256,empty,_nan_
ibu,1257,empty,_nan_
ibu,1258,empty,_nan_
ibu,1259,empty,_nan_
ibu,1260,empty,30
ibu,1261,empty,30
ibu,1263,empty,30
ibu,1264,empty,30
ibu,1274,empty,30
ibu,1275,empty,72
ibu,1276,empty,_nan_
ibu,1277,empty,_nan_
ibu,1278,empty,_nan_
ibu,1279,empty,_nan_
ibu,1280,empty,_nan_
ibu,1284,empty,35
ibu,1285,empty,35
ibu,1286,empty,20
ibu,1287,empty,20
ibu,1288,empty,35
ibu,1290,empty,60
ibu,1292,empty,60
ibu,1293,empty,60
ibu,1294,empty,60
ibu,1295,empty,60
ibu,1296,empty,60
ibu,1298,empty,60
ibu,1299,empty,60
ibu,1300,empty,60
ibu,1301,empty,60
ibu,1303,empty,30
ibu,1304,empty,20
ibu,1305,empty,68
ibu,1306,empty,20
ibu,1317,empty,_nan_
ibu,1318,empty,_nan_
ibu,1319,empty,_nan_
ibu,1330,empty,_nan_
ibu,1342,empty,8
ibu,1343,empty,8
ibu,1344,empty,8
ibu,1345,empty,8
ibu,1346,empty,8
ibu,1348,empty,8
ibu,1349,empty,8
ibu,1350,empty,16
ibu,1351,empty,16
ibu,1352,empty,_nan_
ibu,1353,empty,_nan_
ibu,1354,empty,_nan_
ibu,1359,empty,24
ibu,1362,empty,_nan_
ibu,1363,empty,_nan_
ibu,1364,empty,_nan_
ibu,1365,empty,_nan_
ibu,1366,empty,_nan_
ibu,1367,empty,_nan_
ibu,1368,empty,_nan_
ibu,1369,empty,_nan_
ibu,1370,empty,_nan_
ibu,1371,empty,_nan_
ibu,1372,empty,_nan_
ibu,1373,empty,_nan_
ibu,1374,empty,_nan_
ibu,1375,empty,44
ibu,1379,empty,_nan_
ibu,1380,empty,_nan_
ibu,1381,empty,_nan_
ibu,1382,empty,_nan_
ibu,1383,empty,_nan_
ibu,1384,empty,_nan_
ibu,1385,empty,37
ibu,1394,empty,20
ibu,1395,empty,30
ibu,1396,empty,85
ibu,1397,empty,75
ibu,1406,empty,_nan_
ibu,1407,empty,_nan_
ibu,1410,empty,_nan_
ibu,1411,empty,_nan_
ibu,1412,empty,_nan_
ibu,1413,empty,_nan_
ibu,1414,empty,_nan_
ibu,1415,empty,_nan_
ibu,1416,empty,14
ibu,1417,empty,14
ibu,1418,empty,14
ibu,1431,empty,86
ibu,1432,empty,86
ibu,1435,empty,86
ibu,1436,empty,86
ibu,1442,empty,_nan_
ibu,1443,empty,_nan_
ibu,1448,empty,18
ibu,1449,empty,18
ibu,1450,empty,18
ibu,1451,empty,18
ibu,1459,empty,18
ibu,1462,empty,85
ibu,1463,empty,85
ibu,1464,empty,85
ibu,1465,empty,85
ibu,1467,empty,85
ibu,1469,empty,85
ibu,1470,empty,85
ibu,1471,empty,85
ibu,1472,empty,_nan_
ibu,1473,empty,_nan_
ibu,1474,empty,_nan_
ibu,1475,empty,_nan_
ibu,1476,empty,_nan_
ibu,1477,empty,_nan_
ibu,1481,empty,_nan_
ibu,1482,empty,_nan_
ibu,1484,empty,_nan_
ibu,1485,empty,_nan_
ibu,1486,empty,_nan_
ibu,1487,empty,_nan_
ibu,1490,empty,_nan_
ibu,1491,empty,_nan_
ibu,1492,empty,_nan_
ibu,1493,empty,_nan_
ibu,1500,empty,_nan_
ibu,1501,empty,42
ibu,1503,empty,_nan_
ibu,1504,empty,_nan_
ibu,1505,empty,_nan_
ibu,1506,empty,_nan_
ibu,1507,empty,7
ibu,1518,empty,20
ibu,1519,empty,20
ibu,1520,empty,20
ibu,1521,empty,20
ibu,1525,empty,29
ibu,1526,empty,36
ibu,1527,empty,36
ibu,1528,empty,29
ibu,1535,empty,20
ibu,1537,empty,65
ibu,1538,empty,20
ibu,1540,empty,20
ibu,1541,empty,65
ibu,1542,empty,65
ibu,1543,empty,65
ibu,1544,empty,20
ibu,1545,empty,_nan_
ibu,1546,empty,_nan_
ibu,1547,empty,_nan_
ibu,1548,empty,_nan_
ibu,1549,empty,_nan_
ibu,1550,empty,35
ibu,1551,empty,35
ibu,1553,empty,65
ibu,1554,empty,65
ibu,1556,empty,65
ibu,1557,empty,65
ibu,1558,empty,28
ibu,1559,empty,65
ibu,1563,empty,65
ibu,1564,empty,65
ibu,1566,empty,65
ibu,1573,empty,65
ibu,1574,empty,65
ibu,1576,empty,85
ibu,1596,empty,65
ibu,1607,empty,_nan_
ibu,1608,empty,_nan_
ibu,1616,empty,35
ibu,1619,empty,_nan_
ibu,1620,empty,61
ibu,1626,empty,77
ibu,1627,empty,77
ibu,1630,empty,15
ibu,1634,empty,40
ibu,1635,empty,20
ibu,1636,empty,20
ibu,1637,empty,40
ibu,1638,empty,20
ibu,1639,empty,20
ibu,1640,empty,20
ibu,1646,empty,75
ibu,1647,empty,75
ibu,1649,empty,17
ibu,1650,empty,17
ibu,1652,empty,18
ibu,1659,empty,30
ibu,1662,empty,36
ibu,1663,empty,36
ibu,1664,empty,36
ibu,1665,empty,_nan_
ibu,1667,empty,_nan_
ibu,1668,empty,_nan_
ibu,1669,empty,_nan_
ibu,1681,empty,60
ibu,1687,empty,21
ibu,1693,empty,55
ibu,1696,empty,45
ibu,1699,empty,40
ibu,1703,empty,35
ibu,1704,empty,35
ibu,1705,empty,35
ibu,1713,empty,_nan_
ibu,1714,empty,_nan_
ibu,1715,empty,_nan_
ibu,1716,empty,_nan_
ibu,1717,empty,_nan_
ibu,1718,empty,_nan_
ibu,1719,empty,44
ibu,1720,empty,_nan_
ibu,1722,empty,31
ibu,1737,empty,_nan_
ibu,1738,empty,8
ibu,1739,empty,61
ibu,1740,empty,40
ibu,1741,empty,40
ibu,1745,empty,25
ibu,1746,empty,100
ibu,1747,empty,100
ibu,1748,empty,100
ibu,1749,empty,100
ibu,1750,empty,100
ibu,1751,empty,100
ibu,1752,empty,100
ibu,1753,empty,100
ibu,1754,empty,100
ibu,1755,empty,100
ibu,1756,empty,100
ibu,1757,empty,100
ibu,1758,empty,100
ibu,1759,empty,_nan_
ibu,1760,empty,_nan_
ibu,1761,empty,18
ibu,1762,empty,18
ibu,1763,empty,18
ibu,1764,empty,18
ibu,1765,empty,18
ibu,1766,empty,18
ibu,1767,empty,24
ibu,1770,empty,80
ibu,1772,empty,40
ibu,1773,empty,40
ibu,1775,empty,36
ibu,1776,empty,40
ibu,1790,empty,25
ibu,1792,empty,20
ibu,1793,empty,20
ibu,1799,empty,20
ibu,1809,empty,88
ibu,1810,empty,88
ibu,1813,empty,30
ibu,1814,empty,30
ibu,1815,empty,30
ibu,1816,empty,30
ibu,1817,empty,30
ibu,1819,empty,70
ibu,1820,empty,70
ibu,1821,empty,70
ibu,1823,empty,30
ibu,1828,empty,20
ibu,1830,empty,70
ibu,1831,empty,70
ibu,1839,empty,_nan_
ibu,1840,empty,_nan_
ibu,1842,empty,65
ibu,1843,empty,65
ibu,1844,empty,65
ibu,1845,empty,37
ibu,1847,empty,37
ibu,1848,empty,37
ibu,1854,empty,_nan_
ibu,1855,empty,55
ibu,1856,empty,55
ibu,1857,empty,55
ibu,1860,empty,62
ibu,1882,empty,65
ibu,1883,empty,65
ibu,1886,empty,65
ibu,1887,empty,65
ibu,1888,empty,65
ibu,1890,empty,65
ibu,1891,empty,65
ibu,1896,empty,30
ibu,1897,empty,25
ibu,1898,empty,70
ibu,1902,empty,16
ibu,1915,empty,18
ibu,1922,empty,100
ibu,1923,empty,100
ibu,1926,empty,100
ibu,1927,empty,100
ibu,1928,empty,100
ibu,1929,empty,100
ibu,1930,empty,100
ibu,1931,empty,100
ibu,1933,empty,100
ibu,1936,empty,100
ibu,1941,empty,22
ibu,1943,empty,_nan_
ibu,1956,empty,20
ibu,1964,empty,20
ibu,1970,empty,_nan_
ibu,1971,empty,40
ibu,1972,empty,30
ibu,1973,empty,25
ibu,1974,empty,30
ibu,1975,empty,30
ibu,1976,empty,40
ibu,1977,empty,30
ibu,1978,empty,55
ibu,1979,empty,70
ibu,1980,empty,18
ibu,1981,empty,30
ibu,1982,empty,20
ibu,1985,empty,_nan_
ibu,1986,empty,_nan_
ibu,2004,empty,9
ibu,2009,empty,9
ibu,2018,empty,10
ibu,2019,empty,10
ibu,2020,empty,_nan_
ibu,2021,empty,20
ibu,2025,empty,8
ibu,2034,empty,23
ibu,2045,empty,75
ibu,2052,empty,23
ibu,2053,empty,23
ibu,2057,empty,23
ibu,2062,empty,23
ibu,2071,empty,_nan_
ibu,2072,empty,_nan_
ibu,2073,empty,45
ibu,2074,empty,45
ibu,2091,empty,_nan_
ibu,2093,empty,35
ibu,2094,empty,35
ibu,2095,empty,35
ibu,2097,empty,28
ibu,2114,empty,20
ibu,2115,empty,20
ibu,2122,empty,_nan_
ibu,2123,empty,_nan_
ibu,2124,empty,80
ibu,2127,empty,35
ibu,2128,empty,35
ibu,2130,empty,_nan_
ibu,2131,empty,_nan_
ibu,2132,empty,_nan_
ibu,2133,empty,_nan_
ibu,2134,empty,_nan_
ibu,2135,empty,_nan_
ibu,2141,empty,120
ibu,2142,empty,120
ibu,2143,empty,120
ibu,2144,empty,120
ibu,2151,empty,10
ibu,2152,empty,10
ibu,2153,empty,90
ibu,2158,empty,35
ibu,2159,empty,35
ibu,2163,empty,_nan_
ibu,2164,empty,27
ibu,2165,empty,65
ibu,2166,empty,_nan_
ibu,2167,empty,_nan_
ibu,2168,empty,_nan_
ibu,2169,empty,45
ibu,2171,empty,18
ibu,2172,empty,18
ibu,2173,empty,18
ibu,2184,empty,_nan_
ibu,2185,empty,_nan_
ibu,2186,empty,_nan_
ibu,2187,empty,_nan_
ibu,2191,empty,20
ibu,2197,empty,18
ibu,2206,empty,_nan_
ibu,2207,empty,_nan_
ibu,2209,empty,30
ibu,2211,empty,_nan_
ibu,2212,empty,_nan_
ibu,2213,empty,_nan_
ibu,2214,empty,25
ibu,2228,empty,70
ibu,2235,empty,70
ibu,2242,empty,43
ibu,2243,empty,43
ibu,2245,empty,43
ibu,2246,empty,_nan_
ibu,2247,empty,_nan_
ibu,2248,empty,_nan_
ibu,2249,empty,_nan_
ibu,2250,empty,_nan_
ibu,2251,empty,_nan_
ibu,2261,empty,_nan_
ibu,2264,empty,_nan_
ibu,2265,empty,_nan_
ibu,2266,empty,_nan_
ibu,2267,empty,60
ibu,2268,empty,60
ibu,2269,empty,60
ibu,2270,empty,60
ibu,2271,empty,_nan_
ibu,2274,empty,10
ibu,2275,empty,10
ibu,2278,empty,50
ibu,2279,empty,30
ibu,2280,empty,30
ibu,2283,empty,30
ibu,2284,empty,30
ibu,2288,empty,30
ibu,2289,empty,30
ibu,2291,empty,30
ibu,2294,empty,90
ibu,2295,empty,30
ibu,2296,empty,30
ibu,2299,empty,75
ibu,2301,empty,75
ibu,2302,empty,75
ibu,2303,empty,75
ibu,2304,empty,75
ibu,2306,empty,75
ibu,2307,empty,_nan_
ibu,2308,empty,_nan_
ibu,2309,empty,_nan_
ibu,2310,empty,_nan_
ibu,2311,empty,_nan_
ibu,2312,empty,_nan_
ibu,2322,empty,37
ibu,2324,empty,37
ibu,2330,empty,_nan_
ibu,2333,empty,20
ibu,2334,empty,67
ibu,2335,empty,45
ibu,2336,empty,45
ibu,2337,empty,45
ibu,2338,empty,45
ibu,2339,empty,65
ibu,2344,empty,22
ibu,2346,empty,28
ibu,2347,empty,89
ibu,2348,empty,28
ibu,2350,empty,28
ibu,2352,empty,28
ibu,2353,empty,_nan_
ibu,2354,empty,_nan_
ibu,2355,empty,_nan_
ibu,2356,empty,_nan_
ibu,2357,empty,_nan_
ibu,2362,empty,100
ibu,2363,empty,100
ibu,2369,empty,100
ibu,2375,empty,_nan_
ibu,2376,empty,_nan_
ibu,2377,empty,_nan_
ibu,2378,empty,_nan_
ibu,2379,empty,_nan_
ibu,2382,empty,60
ibu,2384,empty,60
ibu,2386,empty,23
ibu,2390,empty,72
ibu,2393,empty,45
ibu,2402,empty,40
ibu,2403,empty,40
ibu,2404,empty,45
ibu,2405,empty,40
ibu,2407,empty,40
ibu,2408,empty,40
ibu,2410,empty,40
brewery_id,41,267,67
brewery_id,1052,Hilliard's Beer,hilliard's beer
brewery_id,1555,Oskar Blues Brewery,oskar blues brewery
brewery_name,1,10 Barrel Brewing Company,10 barrel brewing company
brewery_name,2,18th Street Brewery,18th street brewery
brewery_name,3,18th Street Brewery,18th street brewery
brewery_name,4,18th Street Brewery,18th street brewery
brewery_name,5,18th Street Brewery,18th street brewery
brewery_name,6,18th Street Brewery,18th street brewery
brewery_name,7,18th Street Brewery,18th street brewery
brewery_name,8,18th Street Brewery,18th street brewery
brewery_name,9,18th Street Brewery,18th street brewery
brewery_name,10,18th Street Brewery,18th street brewery
brewery_name,11,18th Street Brewery,18th street brewery
brewery_name,12,18th Street Brewery,18th street brewery
brewery_name,13,18th Street Brewery,18th street brewery
brewery_name,14,18th Street Brewery,18th street brewery
brewery_name,15,18th Street Brewery,18th street brewery
brewery_name,16,2 Towns Ciderhouse,2 towns ciderhouse
brewery_name,17,2 Towns Ciderhouse,2 towns ciderhouse
brewery_name,18,2 Towns Ciderhouse,2 towns ciderhouse
brewery_name,19,2 Towns Ciderhouse,2 towns ciderhouse
brewery_name,20,21st Amendment Brewery,21st amendment brewery
brewery_name,21,21st Amendment Brewery,21st amendment brewery
brewery_name,22,21st Amendment Brewery,21st amendment brewery
brewery_name,23,21st Amendment Brewery,21st amendment brewery
brewery_name,24,21st Amendment Brewery,21st amendment brewery
brewery_name,25,21st Amendment Brewery,21st amendment brewery
brewery_name,26,21st Amendment Brewery,21st amendment brewery
brewery_name,27,21st Amendment Brewery,21st amendment brewery
brewery_name,28,21st Amendment Brewery,21st amendment brewery
brewery_name,29,21st Amendment Brewery,21st amendment brewery
brewery_name,30,21st Amendment Brewery,21st amendment brewery
brewery_name,31,21st Amendment Brewery,21st amendment brewery
brewery_name,32,21st Amendment Brewery,21st amendment brewery
brewery_name,33,21st Amendment Brewery,21st amendment brewery
brewery_name,34,21st Amendment Brewery,21st amendment brewery
brewery_name,35,21st Amendment Brewery,21st amendment brewery
brewery_name,36,21st Amendment Brewery,21st amendment brewery
brewery_name,37,21st Amendment Brewery,21st amendment brewery
brewery_name,38,21st Amendment Brewery,21st amendment brewery
brewery_name,39,21st Amendment Brewery,21st amendment brewery
brewery_name,40,3 Daughters Brewing,3 daughters brewing
brewery_name,41,3 Daughters Brewing,3 daughters brewing
brewery_name,42,3 Daughters Brewing,3 daughters brewing
brewery_name,43,4 Hands Brewing Company,4 hands brewing company
brewery_name,44,4 Hands Brewing Company,4 hands brewing company
brewery_name,45,4 Hands Brewing Company,4 hands brewing company
brewery_name,46,4 Hands Brewing Company,4 hands brewing company
brewery_name,47,4 Hands Brewing Company,4 hands brewing company
brewery_name,48,4 Hands Brewing Company,4 hands brewing company
brewery_name,49,4 Hands Brewing Company,4 hands brewing company
brewery_name,50,4 Hands Brewing Company,4 hands brewing company
brewery_name,51,450 North Brewing Company,450 north brewing company
brewery_name,52,450 North Brewing Company,450 north brewing company
brewery_name,53,450 North Brewing Company,450 north brewing company
brewery_name,54,450 North Brewing Company,450 north brewing company
brewery_name,55,450 North Brewing Company,450 north brewing company
brewery_name,56,450 North Brewing Company,450 north brewing company
brewery_name,57,450 North Brewing Company,450 north brewing company
brewery_name,58,7 Seas Brewing Company,7 seas brewing company
brewery_name,59,7 Seas Brewing Company,7 seas brewing company
brewery_name,60,7 Seas Brewing Company,7 seas brewing company
brewery_name,61,7 Seas Brewing Company,7 seas brewing company
brewery_name,62,7venth Sun,7venth sun
brewery_name,63,AC Golden Brewing Company,ac golden brewing company
brewery_name,64,AC Golden Brewing Company,ac golden brewing company
brewery_name,65,Abita Brewing Company,abita brewing company
brewery_name,66,Abita Brewing Company,abita brewing company
brewery_name,67,Abita Brewing Company,abita brewing company
brewery_name,68,Against The Grain Brewery,against the grain brewery
brewery_name,69,Against The Grain Brewery,against the grain brewery
brewery_name,70,Against the Grain Brewery,against the grain brewery
brewery_name,71,Against the Grain Brewery,against the grain brewery
brewery_name,72,Against the Grain Brewery,against the grain brewery
brewery_name,73,Against the Grain Brewery,against the grain brewery
brewery_name,74,Against the Grain Brewery,against the grain brewery
brewery_name,75,Against the Grain Brewery,against the grain brewery
brewery_name,76,Against the Grain Brewery,against the grain brewery
brewery_name,77,Against the Grain Brewery,against the grain brewery
brewery_name,78,Against the Grain Brewery,against the grain brewery
brewery_name,79,Against the Grain Brewery,against the grain brewery
brewery_name,80,Against the Grain Brewery,against the grain brewery
brewery_name,81,Against the Grain Brewery,against the grain brewery
brewery_name,82,Against the Grain Brewery,against the grain brewery
brewery_name,83,Airways Brewing Company,airways brewing company
brewery_name,84,Airways Brewing Company,airways brewing company
brewery_name,85,Airways Brewing Company,airways brewing company
brewery_name,86,Alameda Brewing,alameda brewing
brewery_name,87,Alameda Brewing,alameda brewing
brewery_name,88,Alameda Brewing,alameda brewing
brewery_name,89,Alaskan Brewing Company,alaskan brewing company
brewery_name,90,Alaskan Brewing Company,alaskan brewing company
brewery_name,91,Ale Asylum,ale asylum
brewery_name,92,Alltech's Lexington Brewing Company,alltech's lexington brewing company
brewery_name,93,Alltech's Lexington Brewing Company,alltech's lexington brewing company
brewery_name,94,Amnesia Brewing Company,amnesia brewing company
brewery_name,95,Amnesia Brewing Company,amnesia brewing company
brewery_name,96,Amnesia Brewing Company,amnesia brewing company
brewery_name,97,Anchor Brewing Company,anchor brewing company
brewery_name,98,Anchor Brewing Company,anchor brewing company
brewery_name,99,Anchor Brewing Company,anchor brewing company
brewery_name,100,Anchor Brewing Company,anchor brewing company
brewery_name,101,Anchor Brewing Company,anchor brewing company
brewery_name,102,Anderson Valley Brewing Company,anderson valley brewing company
brewery_name,103,Anderson Valley Brewing Company,anderson valley brewing company
brewery_name,104,Anderson Valley Brewing Company,anderson valley brewing company
brewery_name,105,Anderson Valley Brewing Company,anderson valley brewing company
brewery_name,106,Anderson Valley Brewing Company,anderson valley brewing company
brewery_name,107,Anderson Valley Brewing Company,anderson valley brewing company
brewery_name,108,Anderson Valley Brewing Company,anderson valley brewing company
brewery_name,109,Anderson Valley Brewing Company,anderson valley brewing company
brewery_name,110,Anderson Valley Brewing Company,anderson valley brewing company
brewery_name,111,Anderson Valley Brewing Company,anderson valley brewing company
brewery_name,112,Anderson Valley Brewing Company,anderson valley brewing company
brewery_name,113,Anderson Valley Brewing Company,anderson valley brewing company
brewery_name,114,Anderson Valley Brewing Company,anderson valley brewing company
brewery_name,115,Anderson Valley Brewing Company,anderson valley brewing company
brewery_name,116,Anderson Valley Brewing Company,anderson valley brewing company
brewery_name,117,Anderson Valley Brewing Company,anderson valley brewing company
brewery_name,118,Anderson Valley Brewing Company,anderson valley brewing company
brewery_name,119,Anderson Valley Brewing Company,anderson valley brewing company
brewery_name,120,Angry Minnow,angry minnow
brewery_name,121,Angry Minnow Brewing Company,angry minnow brewing company
brewery_name,122,Angry Minnow Brewing Company,angry minnow brewing company
brewery_name,123,Angry Orchard Cider Company,angry orchard cider company
brewery_name,124,Angry Orchard Cider Company,angry orchard cider company
brewery_name,125,Angry Orchard Cider Company,angry orchard cider company
brewery_name,126,Anthem Brewing Company,anthem brewing company
brewery_name,127,Anthem Brewing Company,anthem brewing company
brewery_name,128,Anthem Brewing Company,anthem brewing company
brewery_name,129,Appalachian Mountain Brewery,appalachian mountain brewery
brewery_name,130,Appalachian Mountain Brewery,appalachian mountain brewery
brewery_name,131,Appalachian Mountain Brewery,appalachian mountain brewery
brewery_name,132,Arcadia Brewing Company,arcadia brewing company
brewery_name,133,Arcadia Brewing Company,arcadia brewing company
brewery_name,134,Arctic Craft Brewery,arctic craft brewery
brewery_name,135,Armadillo Ale Works,armadillo ale works
brewery_name,136,Armadillo Ale Works,armadillo ale works
brewery_name,137,Armstrong Brewing Company,armstrong brewing company
brewery_name,138,Asher Brewing Company,asher brewing company
brewery_name,139,Asheville Brewing Company,asheville brewing company
brewery_name,140,Asheville Brewing Company,asheville brewing company
brewery_name,141,Asheville Brewing Company,asheville brewing company
brewery_name,142,Aslan Brewing Company,aslan brewing company
brewery_name,143,Aslan Brewing Company,aslan brewing company
brewery_name,144,Aslan Brewing Company,aslan brewing company
brewery_name,145,Aspen Brewing Company,aspen brewing company
brewery_name,146,Aspen Brewing Company,aspen brewing company
brewery_name,147,Astoria Brewing Company,astoria brewing company
brewery_name,148,Astoria Brewing Company,astoria brewing company
brewery_name,149,Astoria Brewing Company,astoria brewing company
brewery_name,150,Astoria Brewing Company,astoria brewing company
brewery_name,151,Atwater Brewery,atwater brewery
brewery_name,152,Atwater Brewery,atwater brewery
brewery_name,153,Atwater Brewery,atwater brewery
brewery_name,154,Atwater Brewery,atwater brewery
brewery_name,155,Atwater Brewery,atwater brewery
brewery_name,156,Atwater Brewery,atwater brewery
brewery_name,157,Austin Beerworks,austin beerworks
brewery_name,158,Austin Beerworks,austin beerworks
brewery_name,159,Austin Beerworks,austin beerworks
brewery_name,160,Austin Beerworks,austin beerworks
brewery_name,161,Austin Beerworks,austin beerworks
brewery_name,162,Avery Brewing Company,avery brewing company
brewery_name,163,Avery Brewing Company,avery brewing company
brewery_name,164,Avery Brewing Company,avery brewing company
brewery_name,165,Avery Brewing Company,avery brewing company
brewery_name,166,Avery Brewing Company,avery brewing company
brewery_name,167,Avery Brewing Company,avery brewing company
brewery_name,168,Aviator Brewing Company,aviator brewing company
brewery_name,169,Aviator Brewing Company,aviator brewing company
brewery_name,170,Aviator Brewing Company,aviator brewing company
brewery_name,171,Aviator Brewing Company,aviator brewing company
brewery_name,172,Aviator Brewing Company,aviator brewing company
brewery_name,173,Aviator Brewing Company,aviator brewing company
brewery_name,174,Back East Brewing Company,back east brewing company
brewery_name,175,Back East Brewing Company,back east brewing company
brewery_name,176,Back East Brewing Company,back east brewing company
brewery_name,177,Back East Brewing Company,back east brewing company
brewery_name,178,Back East Brewing Company,back east brewing company
brewery_name,179,Back Forty Beer Company,back forty beer company
brewery_name,180,Back Forty Beer Company,back forty beer company
brewery_name,181,Bale Breaker Brewing Company,bale breaker brewing company
brewery_name,182,Bale Breaker Brewing Company,bale breaker brewing company
brewery_name,183,Ballast Point Brewing Company,ballast point brewing company
brewery_name,184,Ballast Point Brewing Company,ballast point brewing company
brewery_name,185,Ballast Point Brewing Company,ballast point brewing company
brewery_name,186,Ballast Point Brewing Company,ballast point brewing company
brewery_name,187,Ballast Point Brewing Company,ballast point brewing company
brewery_name,188,Ballast Point Brewing Company,ballast point brewing company
brewery_name,189,Banner Beer Company,banner beer company
brewery_name,190,Banner Beer Company,banner beer company
brewery_name,191,Banner Beer Company,banner beer company
brewery_name,192,Bare Hands Brewery,bare hands brewery
brewery_name,193,Barrio Brewing Company,barrio brewing company
brewery_name,194,Barrio Brewing Company,barrio brewing company
brewery_name,195,Base Camp Brewing Co.,base camp brewing co.
brewery_name,196,Base Camp Brewing Co.,base camp brewing co.
brewery_name,197,Base Camp Brewing Co.,base camp brewing co.
brewery_name,198,Base Camp Brewing Co.,base camp brewing co.
brewery_name,199,Base Camp Brewing Co.,base camp brewing co.
brewery_name,200,Bauhaus Brew Labs,bauhaus brew labs
brewery_name,201,Bauhaus Brew Labs,bauhaus brew labs
brewery_name,202,Bauhaus Brew Labs,bauhaus brew labs
brewery_name,203,Bauhaus Brew Labs,bauhaus brew labs
brewery_name,204,Baxter Brewing Company,baxter brewing company
brewery_name,205,Baxter Brewing Company,baxter brewing company
brewery_name,206,Baxter Brewing Company,baxter brewing company
brewery_name,207,Baxter Brewing Company,baxter brewing company
brewery_name,208,Baxter Brewing Company,baxter brewing company
brewery_name,209,Baxter Brewing Company,baxter brewing company
brewery_name,210,Baxter Brewing Company,baxter brewing company
brewery_name,211,Baxter Brewing Company,baxter brewing company
brewery_name,212,Baxter Brewing Company,baxter brewing company
brewery_name,213,Beach Brewing Company,beach brewing company
brewery_name,214,Beer Works Brewery,beer works brewery
brewery_name,215,Beer Works Brewery,beer works brewery
brewery_name,216,Beer Works Brewery,beer works brewery
brewery_name,217,Beer Works Brewery,beer works brewery
brewery_name,218,Bell's Brewery,bell's brewery
brewery_name,219,Bell's Brewery,bell's brewery
brewery_name,220,Bell's Brewery,bell's brewery
brewery_name,221,Bell's Brewery,bell's brewery
brewery_name,222,Bell's Brewery,bell's brewery
brewery_name,223,Bell's Brewery,bell's brewery
brewery_name,224,Bent Brewstillery,bent brewstillery
brewery_name,225,Bent Brewstillery,bent brewstillery
brewery_name,226,Bent Brewstillery,bent brewstillery
brewery_name,227,Bent Paddle Brewing Company,bent paddle brewing company
brewery_name,228,Bent Paddle Brewing Company,bent paddle brewing company
brewery_name,229,Bent Paddle Brewing Company,bent paddle brewing company
brewery_name,230,Bent Paddle Brewing Company,bent paddle brewing company
brewery_name,231,Bent Paddle Brewing Company,bent paddle brewing company
brewery_name,232,Bent Paddle Brewing Company,bent paddle brewing company
brewery_name,233,Berkshire Brewing Company,berkshire brewing company
brewery_name,234,Berkshire Brewing Company,berkshire brewing company
brewery_name,235,Big Bend Brewing Company,big bend brewing company
brewery_name,236,Big Bend Brewing Company,big bend brewing company
brewery_name,237,Big Bend Brewing Company,big bend brewing company
brewery_name,238,Big Bend Brewing Company,big bend brewing company
brewery_name,239,Big Bend Brewing Company,big bend brewing company
brewery_name,240,Big Choice Brewing,big choice brewing
brewery_name,241,Big Choice Brewing,big choice brewing
brewery_name,242,Big Choice Brewing,big choice brewing
brewery_name,243,Big Choice Brewing,big choice brewing
brewery_name,244,Big Elm Brewing,big elm brewing
brewery_name,245,Big Elm Brewing,big elm brewing
brewery_name,246,Big Elm Brewing,big elm brewing
brewery_name,247,Big Lake Brewing,big lake brewing
brewery_name,248,Big Lake Brewing,big lake brewing
brewery_name,249,Big Muddy Brewing,big muddy brewing
brewery_name,250,Big Muddy Brewing,big muddy brewing
brewery_name,251,Big River Brewing Company,big river brewing company
brewery_name,252,Big River Brewing Company,big river brewing company
brewery_name,253,Big Sky Brewing Company,big sky brewing company
brewery_name,254,Big Sky Brewing Company,big sky brewing company
brewery_name,255,Big Sky Brewing Company,big sky brewing company
brewery_name,256,Big Sky Brewing Company,big sky brewing company
brewery_name,257,Big Sky Brewing Company,big sky brewing company
brewery_name,258,Big Sky Brewing Company,big sky brewing company
brewery_name,259,Big Sky Brewing Company,big sky brewing company
brewery_name,260,Big Sky Brewing Company,big sky brewing company
brewery_name,261,Big Sky Brewing Company,big sky brewing company
brewery_name,262,Big Sky Brewing Company,big sky brewing company
brewery_name,263,Big Sky Brewing Company,big sky brewing company
brewery_name,264,Big Sky Brewing Company,big sky brewing company
brewery_name,265,Big Storm Brewing Company,big storm brewing company
brewery_name,266,Big Storm Brewing Company,big storm brewing company
brewery_name,267,Big Wood Brewery,big wood brewery
brewery_name,268,Big Wood Brewery,big wood brewery
brewery_name,269,Big Wood Brewery,big wood brewery
brewery_name,270,Big Wood Brewery,big wood brewery
brewery_name,271,Big Wood Brewery,big wood brewery
brewery_name,272,Birdsong Brewing Company,birdsong brewing company
brewery_name,273,Bitter Root Brewing,bitter root brewing
brewery_name,274,Bitter Root Brewing,bitter root brewing
brewery_name,275,Bitter Root Brewing,bitter root brewing
brewery_name,276,Black Acre Brewing Co.,black acre brewing co.
brewery_name,277,Black Market Brewing Company,black market brewing company
brewery_name,278,Black Market Brewing Company,black market brewing company
brewery_name,279,Black Market Brewing Company,black market brewing company
brewery_name,280,Black Market Brewing Company,black market brewing company
brewery_name,281,Black Shirt Brewing Company,black shirt brewing company
brewery_name,282,Black Shirt Brewing Company,black shirt brewing company
brewery_name,283,Black Shirt Brewing Company,black shirt brewing company
brewery_name,284,Black Shirt Brewing Company,black shirt brewing company
brewery_name,285,Black Tooth Brewing Company,black tooth brewing company
brewery_name,286,Black Tooth Brewing Company,black tooth brewing company
brewery_name,287,Blackrocks Brewery,blackrocks brewery
brewery_name,288,Blackrocks Brewery,blackrocks brewery
brewery_name,289,Blackrocks Brewery,blackrocks brewery
brewery_name,290,Blackrocks Brewery,blackrocks brewery
brewery_name,291,Blackrocks Brewery,blackrocks brewery
brewery_name,292,Blackrocks Brewery,blackrocks brewery
brewery_name,293,Blackrocks Brewery,blackrocks brewery
brewery_name,294,Blue Blood Brewing Company,blue blood brewing company
brewery_name,295,Blue Blood Brewing Company,blue blood brewing company
brewery_name,296,Blue Blood Brewing Company,blue blood brewing company
brewery_name,297,Blue Blood Brewing Company,blue blood brewing company
brewery_name,298,Blue Blood Brewing Company,blue blood brewing company
brewery_name,299,Blue Blood Brewing Company,blue blood brewing company
brewery_name,300,Blue Blood Brewing Company,blue blood brewing company
brewery_name,301,Blue Blood Brewing Company,blue blood brewing company
brewery_name,302,Blue Blood Brewing Company,blue blood brewing company
brewery_name,303,Blue Blood Brewing Company,blue blood brewing company
brewery_name,304,Blue Blood Brewing Company,blue blood brewing company
brewery_name,305,Blue Blood Brewing Company,blue blood brewing company
brewery_name,306,Blue Blood Brewing Company,blue blood brewing company
brewery_name,307,Blue Blood Brewing Company,blue blood brewing company
brewery_name,308,Blue Dog Mead,blue dog mead
brewery_name,309,Blue Dog Mead,blue dog mead
brewery_name,310,Blue Hills Brewery,blue hills brewery
brewery_name,311,Blue Mountain Brewery,blue mountain brewery
brewery_name,312,Blue Mountain Brewery,blue mountain brewery
brewery_name,313,Blue Mountain Brewery,blue mountain brewery
brewery_name,314,Blue Mountain Brewery,blue mountain brewery
brewery_name,315,Blue Mountain Brewery,blue mountain brewery
brewery_name,316,Blue Owl Brewing,blue owl brewing
brewery_name,317,Blue Owl Brewing,blue owl brewing
brewery_name,318,Blue Owl Brewing,blue owl brewing
brewery_name,319,Blue Owl Brewing,blue owl brewing
brewery_name,320,Blue Point Brewing Company,blue point brewing company
brewery_name,321,Blue Point Brewing Company,blue point brewing company
brewery_name,322,Blue Point Brewing Company,blue point brewing company
brewery_name,323,Blue Point Brewing Company,blue point brewing company
brewery_name,324,Bohemian Brewery,bohemian brewery
brewery_name,325,Bohemian Brewery,bohemian brewery
brewery_name,326,Bohemian Brewery,bohemian brewery
brewery_name,327,Bohemian Brewery,bohemian brewery
brewery_name,328,Bohemian Brewery,bohemian brewery
brewery_name,329,Bold City Brewery,bold city brewery
brewery_name,330,Bold City Brewery,bold city brewery
brewery_name,331,Bold City Brewery,bold city brewery
brewery_name,332,Bolero Snort Brewery,bolero snort brewery
brewery_name,333,Bolero Snort Brewery,bolero snort brewery
brewery_name,334,Bomb Beer Company,bomb beer company
brewery_name,335,Bomb Beer Company,bomb beer company
brewery_name,336,Bonfire Brewing Company,bonfire brewing company
brewery_name,337,Bonfire Brewing Company,bonfire brewing company
brewery_name,338,Bonfire Brewing Company,bonfire brewing company
brewery_name,339,Bonfire Brewing Company,bonfire brewing company
brewery_name,340,Bonfire Brewing Company,bonfire brewing company
brewery_name,341,Bonfire Brewing Company,bonfire brewing company
brewery_name,342,Bonfire Brewing Company,bonfire brewing company
brewery_name,343,Bonfire Brewing Company,bonfire brewing company
brewery_name,344,Bonfire Brewing Company,bonfire brewing company
brewery_name,345,Bonfire Brewing Company,bonfire brewing company
brewery_name,346,Bonfire Brewing Company,bonfire brewing company
brewery_name,347,Bonfire Brewing Company,bonfire brewing company
brewery_name,348,Bonfire Brewing Company,bonfire brewing company
brewery_name,349,Bonfire Brewing Company,bonfire brewing company
brewery_name,350,Bonfire Brewing Company,bonfire brewing company
brewery_name,351,Bonfire Brewing Company,bonfire brewing company
brewery_name,352,Bonfire Brewing Company,bonfire brewing company
brewery_name,353,Bonfire Brewing Company,bonfire brewing company
brewery_name,354,Bonfire Brewing Company,bonfire brewing company
brewery_name,355,Borderlands Brewing Company,borderlands brewing company
brewery_name,356,Boston Beer Company,boston beer company
brewery_name,357,Boston Beer Company,boston beer company
brewery_name,358,Boston Beer Company,boston beer company
brewery_name,359,Boston Beer Company,boston beer company
brewery_name,360,Boston Beer Company,boston beer company
brewery_name,361,Boston Beer Company,boston beer company
brewery_name,362,Boston Beer Company,boston beer company
brewery_name,363,Boston Beer Company,boston beer company
brewery_name,364,Boston Beer Company,boston beer company
brewery_name,365,Boulder Beer Company,boulder beer company
brewery_name,366,Boulder Beer Company,boulder beer company
brewery_name,367,Boulder Beer Company,boulder beer company
brewery_name,368,Boulevard Brewing Company,boulevard brewing company
brewery_name,369,Boxcar Brewing Company,boxcar brewing company
brewery_name,370,Boxcar Brewing Company,boxcar brewing company
brewery_name,371,Boxcar Brewing Company,boxcar brewing company
brewery_name,372,Bozeman Brewing Company,bozeman brewing company
brewery_name,373,Bozeman Brewing Company,bozeman brewing company
brewery_name,374,Bozeman Brewing Company,bozeman brewing company
brewery_name,375,Bozeman Brewing Company,bozeman brewing company
brewery_name,376,Bozeman Brewing Company,bozeman brewing company
brewery_name,377,Branchline Brewing Company,branchline brewing company
brewery_name,378,Breakside Brewery,breakside brewery
brewery_name,379,Breckenridge Brewery,breckenridge brewery
brewery_name,380,Breckenridge Brewery,breckenridge brewery
brewery_name,381,Breckenridge Brewery,breckenridge brewery
brewery_name,382,Breckenridge Brewery,breckenridge brewery
brewery_name,383,Brew Bus Brewing,brew bus brewing
brewery_name,384,Brew Bus Brewing,brew bus brewing
brewery_name,385,Brew Bus Brewing,brew bus brewing
brewery_name,386,Brew Bus Brewing,brew bus brewing
brewery_name,387,Brew Link Brewing,brew link brewing
brewery_name,388,Brewery Terra Firma,brewery terra firma
brewery_name,389,Brewery Vivant,brewery vivant
brewery_name,390,Brewery Vivant,brewery vivant
brewery_name,391,Brewery Vivant,brewery vivant
brewery_name,392,Brewery Vivant,brewery vivant
brewery_name,393,Brewery Vivant,brewery vivant
brewery_name,394,Brewery Vivant,brewery vivant
brewery_name,395,Brewery Vivant,brewery vivant
brewery_name,396,Brewery Vivant,brewery vivant
brewery_name,397,Brewery Vivant,brewery vivant
brewery_name,398,Brewery Vivant,brewery vivant
brewery_name,399,Brewery Vivant,brewery vivant
brewery_name,400,Brewery Vivant,brewery vivant
brewery_name,401,Brewery Vivant,brewery vivant
brewery_name,402,Brewery Vivant,brewery vivant
brewery_name,403,Brewery Vivant,brewery vivant
brewery_name,404,Brewery Vivant,brewery vivant
brewery_name,405,Brewery Vivant,brewery vivant
brewery_name,406,Brewery Vivant,brewery vivant
brewery_name,407,Brewery Vivant,brewery vivant
brewery_name,408,Brewery Vivant,brewery vivant
brewery_name,409,Brewery Vivant,brewery vivant
brewery_name,410,Brewery Vivant,brewery vivant
brewery_name,411,Brewery Vivant,brewery vivant
brewery_name,412,Brewery Vivant,brewery vivant
brewery_name,413,Brewery Vivant,brewery vivant
brewery_name,414,Brewery Vivant,brewery vivant
brewery_name,415,Brewery Vivant,brewery vivant
brewery_name,416,Brewery Vivant,brewery vivant
brewery_name,417,Brewery Vivant,brewery vivant
brewery_name,418,Brewery Vivant,brewery vivant
brewery_name,419,Brewery Vivant,brewery vivant
brewery_name,420,Brewery Vivant,brewery vivant
brewery_name,421,Brewery Vivant,brewery vivant
brewery_name,422,Brewery Vivant,brewery vivant
brewery_name,423,Brewery Vivant,brewery vivant
brewery_name,424,Brewery Vivant,brewery vivant
brewery_name,425,Brewery Vivant,brewery vivant
brewery_name,426,Brewery Vivant,brewery vivant
brewery_name,427,Brewery Vivant,brewery vivant
brewery_name,428,Brewery Vivant,brewery vivant
brewery_name,429,Brewery Vivant,brewery vivant
brewery_name,430,Brewery Vivant,brewery vivant
brewery_name,431,Brewery Vivant,brewery vivant
brewery_name,432,Brewery Vivant,brewery vivant
brewery_name,433,Brewery Vivant,brewery vivant
brewery_name,434,Brewery Vivant,brewery vivant
brewery_name,435,Brewery Vivant,brewery vivant
brewery_name,436,Brewery Vivant,brewery vivant
brewery_name,437,Brewery Vivant,brewery vivant
brewery_name,438,Brewery Vivant,brewery vivant
brewery_name,439,Brewery Vivant,brewery vivant
brewery_name,440,Brewery Vivant,brewery vivant
brewery_name,441,Brewery Vivant,brewery vivant
brewery_name,442,Brewery Vivant,brewery vivant
brewery_name,443,Brewery Vivant,brewery vivant
brewery_name,444,Brewery Vivant,brewery vivant
brewery_name,445,Brewery Vivant,brewery vivant
brewery_name,446,Brewery Vivant,brewery vivant
brewery_name,447,Brewery Vivant,brewery vivant
brewery_name,448,Brewery Vivant,brewery vivant
brewery_name,449,Brewery Vivant,brewery vivant
brewery_name,450,Brewery Vivant,brewery vivant
brewery_name,451,Brindle Dog Brewing Company,brindle dog brewing company
brewery_name,452,Brindle Dog Brewing Company,brindle dog brewing company
brewery_name,453,Broad Brook Brewing LLC,broad brook brewing llc
brewery_name,454,Broken Tooth Brewing Company,broken tooth brewing company
brewery_name,455,Broken Tooth Brewing Company,broken tooth brewing company
brewery_name,456,Broken Tooth Brewing Company,broken tooth brewing company
brewery_name,457,Broken Tooth Brewing Company,broken tooth brewing company
brewery_name,458,Brooklyn Brewery,brooklyn brewery
brewery_name,459,Brooklyn Brewery,brooklyn brewery
brewery_name,460,Brooklyn Brewery,brooklyn brewery
brewery_name,461,Brooklyn Brewery,brooklyn brewery
brewery_name,462,Brooklyn Brewery,brooklyn brewery
brewery_name,463,Brooklyn Brewery,brooklyn brewery
brewery_name,464,Buckbean Brewing Company,buckbean brewing company
brewery_name,465,Buckbean Brewing Company,buckbean brewing company
brewery_name,466,Buckbean Brewing Company,buckbean brewing company
brewery_name,467,Buckbean Brewing Company,buckbean brewing company
brewery_name,468,Buckbean Brewing Company,buckbean brewing company
brewery_name,469,Buckbean Brewing Company,buckbean brewing company
brewery_name,470,Buckbean Brewing Company,buckbean brewing company
brewery_name,471,Buckeye Brewing,buckeye brewing
brewery_name,472,BuckleDown Brewing,buckledown brewing
brewery_name,473,Buffalo Bayou Brewing Company,buffalo bayou brewing company
brewery_name,474,Buffalo Bayou Brewing Company,buffalo bayou brewing company
brewery_name,475,Buffalo Bayou Brewing Company,buffalo bayou brewing company
brewery_name,476,Burn 'Em Brewing,burn 'em brewing
brewery_name,477,Burn 'Em Brewing,burn 'em brewing
brewery_name,478,Burn 'Em Brewing,burn 'em brewing
brewery_name,479,Burn 'Em Brewing,burn 'em brewing
brewery_name,480,Burn 'Em Brewing,burn 'em brewing
brewery_name,481,Burn 'Em Brewing,burn 'em brewing
brewery_name,482,Burn 'Em Brewing,burn 'em brewing
brewery_name,483,Burn 'Em Brewing,burn 'em brewing
brewery_name,484,Burn 'Em Brewing,burn 'em brewing
brewery_name,485,Burn 'Em Brewing,burn 'em brewing
brewery_name,486,Burn 'Em Brewing,burn 'em brewing
brewery_name,487,Burnside Brewing Co.,burnside brewing co.
brewery_name,488,Butcher's Brewing,butcher's brewing
brewery_name,489,Butternuts Beer and Ale,butternuts beer and ale
brewery_name,490,Butternuts Beer and Ale,butternuts beer and ale
brewery_name,491,Butternuts Beer and Ale,butternuts beer and ale
brewery_name,492,Butternuts Beer and Ale,butternuts beer and ale
brewery_name,493,COAST Brewing Company,coast brewing company
brewery_name,494,COAST Brewing Company,coast brewing company
brewery_name,495,COAST Brewing Company,coast brewing company
brewery_name,496,COAST Brewing Company,coast brewing company
brewery_name,497,COAST Brewing Company,coast brewing company
brewery_name,498,COAST Brewing Company,coast brewing company
brewery_name,499,COOP Ale Works,coop ale works
brewery_name,500,COOP Ale Works,coop ale works
brewery_name,501,COOP Ale Works,coop ale works
brewery_name,502,COOP Ale Works,coop ale works
brewery_name,503,COOP Ale Works,coop ale works
brewery_name,504,COOP Ale Works,coop ale works
brewery_name,505,Caldera Brewing Company,caldera brewing company
brewery_name,506,Caldera Brewing Company,caldera brewing company
brewery_name,507,Caldera Brewing Company,caldera brewing company
brewery_name,508,Caldera Brewing Company,caldera brewing company
brewery_name,509,Caldera Brewing Company,caldera brewing company
brewery_name,510,Caldera Brewing Company,caldera brewing company
brewery_name,511,Caldera Brewing Company,caldera brewing company
brewery_name,512,Caldera Brewing Company,caldera brewing company
brewery_name,513,Caldera Brewing Company,caldera brewing company
brewery_name,514,Caldera Brewing Company,caldera brewing company
brewery_name,515,Caldera Brewing Company,caldera brewing company
brewery_name,516,Caldera Brewing Company,caldera brewing company
brewery_name,517,Caldera Brewing Company,caldera brewing company
brewery_name,518,Caldera Brewing Company,caldera brewing company
brewery_name,519,Cambridge Brewing Company,cambridge brewing company
brewery_name,520,Cambridge Brewing Company,cambridge brewing company
brewery_name,521,Cans Bar and Canteen,cans bar and canteen
brewery_name,522,Cans Bar and Canteen,cans bar and canteen
brewery_name,523,Cans Bar and Canteen,cans bar and canteen
brewery_name,524,Cans Bar and Canteen,cans bar and canteen
brewery_name,525,Cape Ann Brewing Company,cape ann brewing company
brewery_name,526,Cape Ann Brewing Company,cape ann brewing company
brewery_name,527,Cape Ann Brewing Company,cape ann brewing company
brewery_name,528,Cape Ann Brewing Company,cape ann brewing company
brewery_name,529,Cape Ann Brewing Company,cape ann brewing company
brewery_name,530,Cape Cod Beer,cape cod beer
brewery_name,531,Cape Cod Beer,cape cod beer
brewery_name,532,Capital Brewery,capital brewery
brewery_name,533,Capital Brewery,capital brewery
brewery_name,534,Capital Brewery,capital brewery
brewery_name,535,Capital Brewery,capital brewery
brewery_name,536,Capital Brewery,capital brewery
brewery_name,537,Capital Brewery,capital brewery
brewery_name,538,Capital Brewery,capital brewery
brewery_name,539,Capital Brewery,capital brewery
brewery_name,540,Capital Brewery,capital brewery
brewery_name,541,Capital Brewery,capital brewery
brewery_name,542,Capital Brewery,capital brewery
brewery_name,543,Carolina Beer & Beverage,carolina beer & beverage
brewery_name,544,Carolina Beer & Beverage,carolina beer & beverage
brewery_name,545,Carolina Beer & Beverage,carolina beer & beverage
brewery_name,546,Carolina Brewery,carolina brewery
brewery_name,547,Carolina Brewery,carolina brewery
brewery_name,548,Carolina Brewery,carolina brewery
brewery_name,549,Carton Brewing Company,carton brewing company
brewery_name,550,Carton Brewing Company,carton brewing company
brewery_name,551,Carton Brewing Company,carton brewing company
brewery_name,552,Carton Brewing Company,carton brewing company
brewery_name,553,Cascadia Ciderworks United,cascadia ciderworks united
brewery_name,554,Cascadia Ciderworks United,cascadia ciderworks united
brewery_name,555,Catawba Brewing Company,catawba brewing company
brewery_name,556,Catawba Brewing Company,catawba brewing company
brewery_name,557,Catawba Brewing Company,catawba brewing company
brewery_name,558,Catawba Brewing Company,catawba brewing company
brewery_name,559,Catawba Brewing Company,catawba brewing company
brewery_name,560,Catawba Brewing Company,catawba brewing company
brewery_name,561,Catawba Brewing Company,catawba brewing company
brewery_name,562,Catawba Island Brewing,catawba island brewing
brewery_name,563,Catawba Island Brewing,catawba island brewing
brewery_name,564,Catawba Valley Brewing Company,catawba valley brewing company
brewery_name,565,Catawba Valley Brewing Company,catawba valley brewing company
brewery_name,566,Cedar Creek Brewery,cedar creek brewery
brewery_name,567,Cedar Creek Brewery,cedar creek brewery
brewery_name,568,Cedar Creek Brewery,cedar creek brewery
brewery_name,569,Cedar Creek Brewery,cedar creek brewery
brewery_name,570,Cedar Creek Brewery,cedar creek brewery
brewery_name,571,Cedar Creek Brewery,cedar creek brewery
brewery_name,572,Centennial Beer Company,centennial beer company
brewery_name,573,Centennial Beer Company,centennial beer company
brewery_name,574,Center of the Universe Brewing C...,center of the universe brewing c...
brewery_name,575,Center of the Universe Brewing C...,center of the universe brewing c...
brewery_name,576,Center of the Universe Brewing C...,center of the universe brewing c...
brewery_name,577,Center of the Universe Brewing C...,center of the universe brewing c...
brewery_name,578,Central Coast Brewing Company,central coast brewing company
brewery_name,579,Central Coast Brewing Company,central coast brewing company
brewery_name,580,Central Coast Brewing Company,central coast brewing company
brewery_name,581,Central Coast Brewing Company,central coast brewing company
brewery_name,582,Champion Brewing Company,champion brewing company
brewery_name,583,Champion Brewing Company,champion brewing company
brewery_name,584,Champion Brewing Company,champion brewing company
brewery_name,585,Champion Brewing Company,champion brewing company
brewery_name,586,Chapman's Brewing,chapman's brewing
brewery_name,587,Chapman's Brewing,chapman's brewing
brewery_name,588,Chapman's Brewing,chapman's brewing
brewery_name,589,Chapman's Brewing,chapman's brewing
brewery_name,590,Chatham Brewing,chatham brewing
brewery_name,591,Chatham Brewing,chatham brewing
brewery_name,592,Cheboygan Brewing Company,cheboygan brewing company
brewery_name,593,Cheboygan Brewing Company,cheboygan brewing company
brewery_name,594,Cheboygan Brewing Company,cheboygan brewing company
brewery_name,595,Christian Moerlein Brewing Company,christian moerlein brewing company
brewery_name,596,Churchkey Can Company,churchkey can company
brewery_name,597,Ciderboys,ciderboys
brewery_name,598,Ciderboys,ciderboys
brewery_name,599,Cigar City Brewing Company,cigar city brewing company
brewery_name,600,Cigar City Brewing Company,cigar city brewing company
brewery_name,601,Cigar City Brewing Company,cigar city brewing company
brewery_name,602,Cigar City Brewing Company,cigar city brewing company
brewery_name,603,Cigar City Brewing Company,cigar city brewing company
brewery_name,604,Cigar City Brewing Company,cigar city brewing company
brewery_name,605,Cigar City Brewing Company,cigar city brewing company
brewery_name,606,Cigar City Brewing Company,cigar city brewing company
brewery_name,607,Cigar City Brewing Company,cigar city brewing company
brewery_name,608,Cigar City Brewing Company,cigar city brewing company
brewery_name,609,Cigar City Brewing Company,cigar city brewing company
brewery_name,610,Cigar City Brewing Company,cigar city brewing company
brewery_name,611,Cigar City Brewing Company,cigar city brewing company
brewery_name,612,Cigar City Brewing Company,cigar city brewing company
brewery_name,613,Cigar City Brewing Company,cigar city brewing company
brewery_name,614,Cigar City Brewing Company,cigar city brewing company
brewery_name,615,Cigar City Brewing Company,cigar city brewing company
brewery_name,616,Cigar City Brewing Company,cigar city brewing company
brewery_name,617,Cigar City Brewing Company,cigar city brewing company
brewery_name,618,Cigar City Brewing Company,cigar city brewing company
brewery_name,619,Cigar City Brewing Company,cigar city brewing company
brewery_name,620,Cigar City Brewing Company,cigar city brewing company
brewery_name,621,Cigar City Brewing Company,cigar city brewing company
brewery_name,622,Cigar City Brewing Company,cigar city brewing company
brewery_name,623,Cigar City Brewing Company,cigar city brewing company
brewery_name,624,Cisco Brewers,cisco brewers
brewery_name,625,Cisco Brewers,cisco brewers
brewery_name,626,Cisco Brewers,cisco brewers
brewery_name,627,Cisco Brewers,cisco brewers
brewery_name,628,Cisco Brewers,cisco brewers
brewery_name,629,Cisco Brewers,cisco brewers
brewery_name,630,Cisco Brewers,cisco brewers
brewery_name,631,Claremont Craft Ales,claremont craft ales
brewery_name,632,Coalition Brewing Company,coalition brewing company
brewery_name,633,Coalition Brewing Company,coalition brewing company
brewery_name,634,Coastal Empire Beer Company,coastal empire beer company
brewery_name,635,Coastal Empire Beer Company,coastal empire beer company
brewery_name,636,Coastal Extreme Brewing Company,coastal extreme brewing company
brewery_name,637,Coastal Extreme Brewing Company,coastal extreme brewing company
brewery_name,638,Coastal Extreme Brewing Company,coastal extreme brewing company
brewery_name,639,Coastal Extreme Brewing Company,coastal extreme brewing company
brewery_name,640,College Street Brewhouse and Pub,college street brewhouse and pub
brewery_name,641,Confluence Brewing Company,confluence brewing company
brewery_name,642,Confluence Brewing Company,confluence brewing company
brewery_name,643,Confluence Brewing Company,confluence brewing company
brewery_name,644,Core Brewing & Distilling Company,core brewing & distilling company
brewery_name,645,Core Brewing & Distilling Company,core brewing & distilling company
brewery_name,646,Core Brewing & Distilling Company,core brewing & distilling company
brewery_name,647,Core Brewing & Distilling Company,core brewing & distilling company
brewery_name,648,Cottrell Brewing,cottrell brewing
brewery_name,649,Covington Brewhouse,covington brewhouse
brewery_name,650,Crabtree Brewing Company,crabtree brewing company
brewery_name,651,Crabtree Brewing Company,crabtree brewing company
brewery_name,652,Crabtree Brewing Company,crabtree brewing company
brewery_name,653,Crazy Mountain Brewing Company,crazy mountain brewing company
brewery_name,654,Crazy Mountain Brewing Company,crazy mountain brewing company
brewery_name,655,Crazy Mountain Brewing Company,crazy mountain brewing company
brewery_name,656,Crazy Mountain Brewing Company,crazy mountain brewing company
brewery_name,657,Crazy Mountain Brewing Company,crazy mountain brewing company
brewery_name,658,Crazy Mountain Brewing Company,crazy mountain brewing company
brewery_name,659,Crazy Mountain Brewing Company,crazy mountain brewing company
brewery_name,660,Crazy Mountain Brewing Company,crazy mountain brewing company
brewery_name,661,Creature Comforts,creature comforts
brewery_name,662,Creature Comforts,creature comforts
brewery_name,663,Crooked Fence Brewing Company,crooked fence brewing company
brewery_name,664,Crooked Fence Brewing Company,crooked fence brewing company
brewery_name,665,Crooked Fence Brewing Company,crooked fence brewing company
brewery_name,666,Crow Peak Brewing Company,crow peak brewing company
brewery_name,667,Crow Peak Brewing Company,crow peak brewing company
brewery_name,668,Crow Peak Brewing Company,crow peak brewing company
brewery_name,669,Crow Peak Brewing Company,crow peak brewing company
brewery_name,670,Crow Peak Brewing Company,crow peak brewing company
brewery_name,671,Crow Peak Brewing Company,crow peak brewing company
brewery_name,672,Crow Peak Brewing Company,crow peak brewing company
brewery_name,673,Crystal Springs Brewing Company,crystal springs brewing company
brewery_name,674,Crystal Springs Brewing Company,crystal springs brewing company
brewery_name,675,Cutters Brewing Company,cutters brewing company
brewery_name,676,Cutters Brewing Company,cutters brewing company
brewery_name,677,Cutters Brewing Company,cutters brewing company
brewery_name,678,Cutters Brewing Company,cutters brewing company
brewery_name,679,D.L. Geary Brewing Company,d.l. geary brewing company
brewery_name,680,D.L. Geary Brewing Company,d.l. geary brewing company
brewery_name,681,DC Brau Brewing Company,dc brau brewing company
brewery_name,682,DC Brau Brewing Company,dc brau brewing company
brewery_name,683,DC Brau Brewing Company,dc brau brewing company
brewery_name,684,DC Brau Brewing Company,dc brau brewing company
brewery_name,685,DC Brau Brewing Company,dc brau brewing company
brewery_name,686,DC Brau Brewing Company,dc brau brewing company
brewery_name,687,DC Brau Brewing Company,dc brau brewing company
brewery_name,688,DC Brau Brewing Company,dc brau brewing company
brewery_name,689,Dad & Dude's Breweria,dad & dude's breweria
brewery_name,690,Dad & Dude's Breweria,dad & dude's breweria
brewery_name,691,Daredevil Brewing Company,daredevil brewing company
brewery_name,692,Dave's Brewfarm,dave's brewfarm
brewery_name,693,David's Ale Works,david's ale works
brewery_name,694,David's Ale Works,david's ale works
brewery_name,695,Dead Armadillo Craft Brewing,dead armadillo craft brewing
brewery_name,696,Deep Ellum Brewing Company,deep ellum brewing company
brewery_name,697,Deep Ellum Brewing Company,deep ellum brewing company
brewery_name,698,Deep Ellum Brewing Company,deep ellum brewing company
brewery_name,699,Deep Ellum Brewing Company,deep ellum brewing company
brewery_name,700,Deep Ellum Brewing Company,deep ellum brewing company
brewery_name,701,Deep Ellum Brewing Company,deep ellum brewing company
brewery_name,702,Deep Ellum Brewing Company,deep ellum brewing company
brewery_name,703,Deep Ellum Brewing Company,deep ellum brewing company
brewery_name,704,Deep Ellum Brewing Company,deep ellum brewing company
brewery_name,705,Defiance Brewing Company,defiance brewing company
brewery_name,706,Defiance Brewing Company,defiance brewing company
brewery_name,707,Denali Brewing Company,denali brewing company
brewery_name,708,Denali Brewing Company,denali brewing company
brewery_name,709,Denali Brewing Company,denali brewing company
brewery_name,710,Denali Brewing Company,denali brewing company
brewery_name,711,Denver Beer Company,denver beer company
brewery_name,712,Denver Beer Company,denver beer company
brewery_name,713,Deschutes Brewery,deschutes brewery
brewery_name,714,Destihl Brewery,destihl brewery
brewery_name,715,Destihl Brewery,destihl brewery
brewery_name,716,Destihl Brewery,destihl brewery
brewery_name,717,Destihl Brewery,destihl brewery
brewery_name,718,Destihl Brewery,destihl brewery
brewery_name,719,Destihl Brewery,destihl brewery
brewery_name,720,Destihl Brewery,destihl brewery
brewery_name,721,Devil's Backbone Brewing Company,devil's backbone brewing company
brewery_name,722,Devil's Backbone Brewing Company,devil's backbone brewing company
brewery_name,723,Devil's Canyon Brewery,devil's canyon brewery
brewery_name,724,Devil's Canyon Brewery,devil's canyon brewery
brewery_name,725,Devil's Canyon Brewery,devil's canyon brewery
brewery_name,726,Devil's Canyon Brewery,devil's canyon brewery
brewery_name,727,Dick's Brewing Company,dick's brewing company
brewery_name,728,Dirty Bucket Brewing Company,dirty bucket brewing company
brewery_name,729,Dock Street Brewery,dock street brewery
brewery_name,730,Dolores River Brewery,dolores river brewery
brewery_name,731,Dolores River Brewery,dolores river brewery
brewery_name,732,Dolores River Brewery,dolores river brewery
brewery_name,733,Dolores River Brewery,dolores river brewery
brewery_name,734,Dolores River Brewery,dolores river brewery
brewery_name,735,Dolores River Brewery,dolores river brewery
brewery_name,736,Downeast Cider House,downeast cider house
brewery_name,737,Downeast Cider House,downeast cider house
brewery_name,738,Dry Dock Brewing Company,dry dock brewing company
brewery_name,739,Dry Dock Brewing Company,dry dock brewing company
brewery_name,740,Dry Dock Brewing Company,dry dock brewing company
brewery_name,741,Dry Dock Brewing Company,dry dock brewing company
brewery_name,742,Due South Brewing Company,due south brewing company
brewery_name,743,Dundee Brewing Company,dundee brewing company
brewery_name,744,Eddyline Brewery & Restaurant,eddyline brewery & restaurant
brewery_name,745,Eddyline Brewery & Restaurant,eddyline brewery & restaurant
brewery_name,746,Eddyline Brewery & Restaurant,eddyline brewery & restaurant
brewery_name,747,Eddyline Brewery & Restaurant,eddyline brewery & restaurant
brewery_name,748,Eddyline Brewery & Restaurant,eddyline brewery & restaurant
brewery_name,749,Eddyline Brewery & Restaurant,eddyline brewery & restaurant
brewery_name,750,Eddyline Brewery & Restaurant,eddyline brewery & restaurant
brewery_name,751,Elevator Brewing Company,elevator brewing company
brewery_name,752,Emerald City Beer Company,emerald city beer company
brewery_name,753,Engine 15 Brewing,engine 15 brewing
brewery_name,754,Engine House 9,engine house 9
brewery_name,755,Epic Brewing,epic brewing
brewery_name,756,Epic Brewing,epic brewing
brewery_name,757,Epic Brewing,epic brewing
brewery_name,758,Epic Brewing,epic brewing
brewery_name,759,Everybody's Brewing,everybody's brewing
brewery_name,760,Everybody's Brewing,everybody's brewing
brewery_name,761,Evil Czech Brewery,evil czech brewery
brewery_name,762,Evil Czech Brewery,evil czech brewery
brewery_name,763,Evil Czech Brewery,evil czech brewery
brewery_name,764,Evil Czech Brewery,evil czech brewery
brewery_name,765,Evil Czech Brewery,evil czech brewery
brewery_name,766,Evil Czech Brewery,evil czech brewery
brewery_name,767,Evil Twin Brewing,evil twin brewing
brewery_name,768,Evil Twin Brewing,evil twin brewing
brewery_name,769,Evil Twin Brewing,evil twin brewing
brewery_name,770,Evil Twin Brewing,evil twin brewing
brewery_name,771,Evil Twin Brewing,evil twin brewing
brewery_name,772,Fargo Brewing Company,fargo brewing company
brewery_name,773,Fargo Brewing Company,fargo brewing company
brewery_name,774,Fargo Brewing Company,fargo brewing company
brewery_name,775,Fat Head's Brewery,fat head's brewery
brewery_name,776,Fat Head's Brewery,fat head's brewery
brewery_name,777,Fate Brewing Company,fate brewing company
brewery_name,778,Fate Brewing Company,fate brewing company
brewery_name,779,Fate Brewing Company,fate brewing company
brewery_name,780,Fate Brewing Company,fate brewing company
brewery_name,781,Fate Brewing Company,fate brewing company
brewery_name,782,Fearless Brewing Company,fearless brewing company
brewery_name,783,Fearless Brewing Company,fearless brewing company
brewery_name,784,Fearless Brewing Company,fearless brewing company
brewery_name,785,Fearless Brewing Company,fearless brewing company
brewery_name,786,Fearless Brewing Company,fearless brewing company
brewery_name,787,Fearless Brewing Company,fearless brewing company
brewery_name,788,Fiddlehead Brewing Company,fiddlehead brewing company
brewery_name,789,Fiddlehead Brewing Company,fiddlehead brewing company
brewery_name,790,Fiddlehead Brewing Company,fiddlehead brewing company
brewery_name,791,Fiddlehead Brewing Company,fiddlehead brewing company
brewery_name,792,Figueroa Mountain Brewing Company,figueroa mountain brewing company
brewery_name,793,Figueroa Mountain Brewing Company,figueroa mountain brewing company
brewery_name,794,Figueroa Mountain Brewing Company,figueroa mountain brewing company
brewery_name,795,Finch's Beer Company,finch's beer company
brewery_name,796,Finch's Beer Company,finch's beer company
brewery_name,797,Finch's Beer Company,finch's beer company
brewery_name,798,Finch's Beer Company,finch's beer company
brewery_name,799,Finch's Beer Company,finch's beer company
brewery_name,800,Finch's Beer Company,finch's beer company
brewery_name,801,Finch's Beer Company,finch's beer company
brewery_name,802,Finch's Beer Company,finch's beer company
brewery_name,803,Finch's Beer Company,finch's beer company
brewery_name,804,Finch's Beer Company,finch's beer company
brewery_name,805,Firestone Walker Brewing Company,firestone walker brewing company
brewery_name,806,Firestone Walker Brewing Company,firestone walker brewing company
brewery_name,807,Firestone Walker Brewing Company,firestone walker brewing company
brewery_name,808,Firestone Walker Brewing Company,firestone walker brewing company
brewery_name,809,Firestone Walker Brewing Company,firestone walker brewing company
brewery_name,810,Flat 12 Bierwerks,flat 12 bierwerks
brewery_name,811,Flat 12 Bierwerks,flat 12 bierwerks
brewery_name,812,Flat 12 Bierwerks,flat 12 bierwerks
brewery_name,813,Flat Rock Brewing Company,flat rock brewing company
brewery_name,814,Flesk Brewing Company,flesk brewing company
brewery_name,815,Flying Dog Brewery,flying dog brewery
brewery_name,816,Flying Dog Brewery,flying dog brewery
brewery_name,817,Flying Mouse Brewery,flying mouse brewery
brewery_name,818,Flying Mouse Brewery,flying mouse brewery
brewery_name,819,Foolproof Brewing Company,foolproof brewing company
brewery_name,820,Foolproof Brewing Company,foolproof brewing company
brewery_name,821,Foolproof Brewing Company,foolproof brewing company
brewery_name,822,Foolproof Brewing Company,foolproof brewing company
brewery_name,823,Forgotten Boardwalk,forgotten boardwalk
brewery_name,824,Forgotten Boardwalk,forgotten boardwalk
brewery_name,825,Fort George Brewery,fort george brewery
brewery_name,826,Fort George Brewery,fort george brewery
brewery_name,827,Fort George Brewery,fort george brewery
brewery_name,828,Fort George Brewery,fort george brewery
brewery_name,829,Fort George Brewery,fort george brewery
brewery_name,830,Fort George Brewery,fort george brewery
brewery_name,831,Fort George Brewery,fort george brewery
brewery_name,832,Fort George Brewery,fort george brewery
brewery_name,833,Fort George Brewery,fort george brewery
brewery_name,834,Fort George Brewery,fort george brewery
brewery_name,835,Fort George Brewery,fort george brewery
brewery_name,836,Fort George Brewery,fort george brewery
brewery_name,837,Fort Pitt Brewing Company,fort pitt brewing company
brewery_name,838,Fort Point Beer Company,fort point beer company
brewery_name,839,Fort Point Beer Company,fort point beer company
brewery_name,840,Fort Point Beer Company,fort point beer company
brewery_name,841,Fort Point Beer Company,fort point beer company
brewery_name,842,Founders Brewing Company,founders brewing company
brewery_name,843,Founders Brewing Company,founders brewing company
brewery_name,844,Founders Brewing Company,founders brewing company
brewery_name,845,Four Corners Brewing Company,four corners brewing company
brewery_name,846,Four Corners Brewing Company,four corners brewing company
brewery_name,847,Four Corners Brewing Company,four corners brewing company
brewery_name,848,Four Fathers Brewing,four fathers brewing
brewery_name,849,Four Fathers Brewing,four fathers brewing
brewery_name,850,Four Fathers Brewing,four fathers brewing
brewery_name,851,Four Fathers Brewing,four fathers brewing
brewery_name,852,Four Horsemen Brewing Company,four horsemen brewing company
brewery_name,853,Four Peaks Brewing Company,four peaks brewing company
brewery_name,854,Four Peaks Brewing Company,four peaks brewing company
brewery_name,855,Four Peaks Brewing Company,four peaks brewing company
brewery_name,856,Four Peaks Brewing Company,four peaks brewing company
brewery_name,857,Four Peaks Brewing Company,four peaks brewing company
brewery_name,858,Four Peaks Brewing Company,four peaks brewing company
brewery_name,859,Four Peaks Brewing Company,four peaks brewing company
brewery_name,860,Four String Brewing Company,four string brewing company
brewery_name,861,Four String Brewing Company,four string brewing company
brewery_name,862,Four String Brewing Company,four string brewing company
brewery_name,863,Four String Brewing Company,four string brewing company
brewery_name,864,Frankenmuth Brewery,frankenmuth brewery
brewery_name,865,Frankenmuth Brewery,frankenmuth brewery
brewery_name,866,Frankenmuth Brewery,frankenmuth brewery
brewery_name,867,Freetail Brewing Company,freetail brewing company
brewery_name,868,Freetail Brewing Company,freetail brewing company
brewery_name,869,Freetail Brewing Company,freetail brewing company
brewery_name,870,Freetail Brewing Company,freetail brewing company
brewery_name,871,Freetail Brewing Company,freetail brewing company
brewery_name,872,Freetail Brewing Company,freetail brewing company
brewery_name,873,Freetail Brewing Company,freetail brewing company
brewery_name,874,Freetail Brewing Company,freetail brewing company
brewery_name,875,Fremont Brewing Company,fremont brewing company
brewery_name,876,Fremont Brewing Company,fremont brewing company
brewery_name,877,Fremont Brewing Company,fremont brewing company
brewery_name,878,Fremont Brewing Company,fremont brewing company
brewery_name,879,Fremont Brewing Company,fremont brewing company
brewery_name,880,Fremont Brewing Company,fremont brewing company
brewery_name,881,Fremont Brewing Company,fremont brewing company
brewery_name,882,French Broad Brewery,french broad brewery
brewery_name,883,French Broad Brewery,french broad brewery
brewery_name,884,French Broad Brewery,french broad brewery
brewery_name,885,Frog Level Brewing Company,frog level brewing company
brewery_name,886,Fullsteam Brewery,fullsteam brewery
brewery_name,887,Geneva Lake Brewing Company,geneva lake brewing company
brewery_name,888,Geneva Lake Brewing Company,geneva lake brewing company
brewery_name,889,Geneva Lake Brewing Company,geneva lake brewing company
brewery_name,890,Glabrous Brewing Company,glabrous brewing company
brewery_name,891,Golden Road Brewing,golden road brewing
brewery_name,892,Golden Road Brewing,golden road brewing
brewery_name,893,Golden Road Brewing,golden road brewing
brewery_name,894,Golden Road Brewing,golden road brewing
brewery_name,895,Golden Road Brewing,golden road brewing
brewery_name,896,Golden Road Brewing,golden road brewing
brewery_name,897,Golden Road Brewing,golden road brewing
brewery_name,898,Golden Road Brewing,golden road brewing
brewery_name,899,Golden Road Brewing,golden road brewing
brewery_name,900,Golden Road Brewing,golden road brewing
brewery_name,901,Golden Road Brewing,golden road brewing
brewery_name,902,Golden Road Brewing,golden road brewing
brewery_name,903,Golden Road Brewing,golden road brewing
brewery_name,904,Golden Road Brewing,golden road brewing
brewery_name,905,Golden Road Brewing,golden road brewing
brewery_name,906,Gonzo's BiggDogg Brewing,gonzo's biggdogg brewing
brewery_name,907,Good Life Brewing Company,good life brewing company
brewery_name,908,Good Life Brewing Company,good life brewing company
brewery_name,909,Good People Brewing Company,good people brewing company
brewery_name,910,Good People Brewing Company,good people brewing company
brewery_name,911,Good People Brewing Company,good people brewing company
brewery_name,912,Good People Brewing Company,good people brewing company
brewery_name,913,Good People Brewing Company,good people brewing company
brewery_name,914,Goodlife Brewing Co.,goodlife brewing co.
brewery_name,915,Goose Island Brewery Company,goose island brewery company
brewery_name,916,Goose Island Brewing Company,goose island brewing company
brewery_name,917,Goose Island Brewing Company,goose island brewing company
brewery_name,918,Goose Island Brewing Company,goose island brewing company
brewery_name,919,Goose Island Brewing Company,goose island brewing company
brewery_name,920,Goose Island Brewing Company,goose island brewing company
brewery_name,921,Gore Range Brewery,gore range brewery
brewery_name,922,Grand Canyon Brewing Company,grand canyon brewing company
brewery_name,923,Grand Canyon Brewing Company,grand canyon brewing company
brewery_name,924,Grand Canyon Brewing Company,grand canyon brewing company
brewery_name,925,Grand Canyon Brewing Company,grand canyon brewing company
brewery_name,926,Grapevine Craft Brewery,grapevine craft brewery
brewery_name,927,Grapevine Craft Brewery,grapevine craft brewery
brewery_name,928,Grapevine Craft Brewery,grapevine craft brewery
brewery_name,929,Great Crescent Brewery,great crescent brewery
brewery_name,930,Great Crescent Brewery,great crescent brewery
brewery_name,931,Great Crescent Brewery,great crescent brewery
brewery_name,932,Great Crescent Brewery,great crescent brewery
brewery_name,933,Great Crescent Brewery,great crescent brewery
brewery_name,934,Great Crescent Brewery,great crescent brewery
brewery_name,935,Great Crescent Brewery,great crescent brewery
brewery_name,936,Great Crescent Brewery,great crescent brewery
brewery_name,937,Great Crescent Brewery,great crescent brewery
brewery_name,938,Great Crescent Brewery,great crescent brewery
brewery_name,939,Great Crescent Brewery,great crescent brewery
brewery_name,940,Great Crescent Brewery,great crescent brewery
brewery_name,941,Great Crescent Brewery,great crescent brewery
brewery_name,942,Great Crescent Brewery,great crescent brewery
brewery_name,943,Great Crescent Brewery,great crescent brewery
brewery_name,944,Great Crescent Brewery,great crescent brewery
brewery_name,945,Great Crescent Brewery,great crescent brewery
brewery_name,946,Great Crescent Brewery,great crescent brewery
brewery_name,947,Great Crescent Brewery,great crescent brewery
brewery_name,948,Great Crescent Brewery,great crescent brewery
brewery_name,949,Great Divide Brewing Company,great divide brewing company
brewery_name,950,Great Divide Brewing Company,great divide brewing company
brewery_name,951,Great Divide Brewing Company,great divide brewing company
brewery_name,952,Great Divide Brewing Company,great divide brewing company
brewery_name,953,Great Divide Brewing Company,great divide brewing company
brewery_name,954,Great Divide Brewing Company,great divide brewing company
brewery_name,955,Great Divide Brewing Company,great divide brewing company
brewery_name,956,Great Divide Brewing Company,great divide brewing company
brewery_name,957,Great Divide Brewing Company,great divide brewing company
brewery_name,958,Great Northern Brewing Company,great northern brewing company
brewery_name,959,Great Northern Brewing Company,great northern brewing company
brewery_name,960,Great Raft Brewing Company,great raft brewing company
brewery_name,961,Great Raft Brewing Company,great raft brewing company
brewery_name,962,Great River Brewery,great river brewery
brewery_name,963,Great River Brewery,great river brewery
brewery_name,964,Great River Brewery,great river brewery
brewery_name,965,Great River Brewery,great river brewery
brewery_name,966,Great River Brewery,great river brewery
brewery_name,967,Great River Brewery,great river brewery
brewery_name,968,Great River Brewery,great river brewery
brewery_name,969,Great River Brewery,great river brewery
brewery_name,970,Great River Brewery,great river brewery
brewery_name,971,Great River Brewery,great river brewery
brewery_name,972,Great River Brewery,great river brewery
brewery_name,973,Great River Brewery,great river brewery
brewery_name,974,Great River Brewery,great river brewery
brewery_name,975,Great River Brewery,great river brewery
brewery_name,976,Great River Brewery,great river brewery
brewery_name,977,Great River Brewery,great river brewery
brewery_name,978,Great River Brewery,great river brewery
brewery_name,979,Great River Brewery,great river brewery
brewery_name,980,Green Room Brewing,green room brewing
brewery_name,981,Greenbrier Valley Brewing Company,greenbrier valley brewing company
brewery_name,982,Greenbrier Valley Brewing Company,greenbrier valley brewing company
brewery_name,983,Grey Sail Brewing Company,grey sail brewing company
brewery_name,984,Grey Sail Brewing Company,grey sail brewing company
brewery_name,985,Grey Sail Brewing of Rhode Island,grey sail brewing of rhode island
brewery_name,986,Grey Sail Brewing of Rhode Island,grey sail brewing of rhode island
brewery_name,987,Grey Sail Brewing of Rhode Island,grey sail brewing of rhode island
brewery_name,988,Grey Sail Brewing of Rhode Island,grey sail brewing of rhode island
brewery_name,989,Grey Sail Brewing of Rhode Island,grey sail brewing of rhode island
brewery_name,990,Grey Sail Brewing of Rhode Island,grey sail brewing of rhode island
brewery_name,991,Grey Sail Brewing of Rhode Island,grey sail brewing of rhode island
brewery_name,992,Griffin Claw Brewing Company,griffin claw brewing company
brewery_name,993,Griffin Claw Brewing Company,griffin claw brewing company
brewery_name,994,Griffin Claw Brewing Company,griffin claw brewing company
brewery_name,995,Griffin Claw Brewing Company,griffin claw brewing company
brewery_name,996,Griffin Claw Brewing Company,griffin claw brewing company
brewery_name,997,Griffin Claw Brewing Company,griffin claw brewing company
brewery_name,998,Griffin Claw Brewing Company,griffin claw brewing company
brewery_name,999,Griffin Claw Brewing Company,griffin claw brewing company
brewery_name,1000,Griffin Claw Brewing Company,griffin claw brewing company
brewery_name,1001,Grimm Brothers Brewhouse,grimm brothers brewhouse
brewery_name,1002,Hale's Ales,hale's ales
brewery_name,1003,Hale's Ales,hale's ales
brewery_name,1004,Half Acre Beer Company,half acre beer company
brewery_name,1005,Half Acre Beer Company,half acre beer company
brewery_name,1006,Half Acre Beer Company,half acre beer company
brewery_name,1007,Half Acre Beer Company,half acre beer company
brewery_name,1008,Half Acre Beer Company,half acre beer company
brewery_name,1009,Half Acre Beer Company,half acre beer company
brewery_name,1010,Half Acre Beer Company,half acre beer company
brewery_name,1011,Half Acre Beer Company,half acre beer company
brewery_name,1012,Half Full Brewery,half full brewery
brewery_name,1013,Half Full Brewery,half full brewery
brewery_name,1014,Hangar 24 Craft Brewery,hangar 24 craft brewery
brewery_name,1015,Hangar 24 Craft Brewery,hangar 24 craft brewery
brewery_name,1016,Hardywood Park Craft Brewery,hardywood park craft brewery
brewery_name,1017,Hardywood Park Craft Brewery,hardywood park craft brewery
brewery_name,1018,Hardywood Park Craft Brewery,hardywood park craft brewery
brewery_name,1019,Harpoon Brewery,harpoon brewery
brewery_name,1020,Harpoon Brewery,harpoon brewery
brewery_name,1021,Harpoon Brewery,harpoon brewery
brewery_name,1022,Harpoon Brewery,harpoon brewery
brewery_name,1023,Harpoon Brewery,harpoon brewery
brewery_name,1024,Harpoon Brewery,harpoon brewery
brewery_name,1025,Harpoon Brewery,harpoon brewery
brewery_name,1026,Harpoon Brewery,harpoon brewery
brewery_name,1027,Harpoon Brewery,harpoon brewery
brewery_name,1028,Harpoon Brewery,harpoon brewery
brewery_name,1029,Harpoon Brewery,harpoon brewery
brewery_name,1030,Harpoon Brewery,harpoon brewery
brewery_name,1031,Harvest Moon Brewing Company,harvest moon brewing company
brewery_name,1032,Harvest Moon Brewing Company,harvest moon brewing company
brewery_name,1033,Hawai'i Nui Brewing Co.,hawai'i nui brewing co.
brewery_name,1034,Hawai'i Nui Brewing Co.,hawai'i nui brewing co.
brewery_name,1035,Hawai'i Nui Brewing Co.,hawai'i nui brewing co.
brewery_name,1036,Hawai'i Nui Brewing Co.,hawai'i nui brewing co.
brewery_name,1037,Hawai'i Nui Brewing Co.,hawai'i nui brewing co.
brewery_name,1038,Headlands Brewing Company,headlands brewing company
brewery_name,1039,Headlands Brewing Company,headlands brewing company
brewery_name,1040,Headlands Brewing Company,headlands brewing company
brewery_name,1041,Heavy Seas Beer,heavy seas beer
brewery_name,1042,Heavy Seas Beer,heavy seas beer
brewery_name,1043,Heavy Seas Beer,heavy seas beer
brewery_name,1044,Hess Brewing Company,hess brewing company
brewery_name,1045,Hess Brewing Company,hess brewing company
brewery_name,1046,Hess Brewing Company,hess brewing company
brewery_name,1047,High Hops Brewery,high hops brewery
brewery_name,1048,High Hops Brewery,high hops brewery
brewery_name,1049,High Noon Saloon And Brewery,high noon saloon and brewery
brewery_name,1050,High Noon Saloon And Brewery,high noon saloon and brewery
brewery_name,1051,High Noon Saloon And Brewery,high noon saloon and brewery
brewery_name,1052,Seattle,seattle
brewery_name,1053,Hilliard's Beer,hilliard's beer
brewery_name,1054,Hilliard's Beer,hilliard's beer
brewery_name,1055,Hilliard's Beer,hilliard's beer
brewery_name,1056,Hilliard's Beer,hilliard's beer
brewery_name,1057,Hinterland Brewery,hinterland brewery
brewery_name,1058,Hop Farm Brewing Company,hop farm brewing company
brewery_name,1059,Hop Farm Brewing Company,hop farm brewing company
brewery_name,1060,Hop Farm Brewing Company,hop farm brewing company
brewery_name,1061,Hop Valley Brewing Company,hop valley brewing company
brewery_name,1062,Hop Valley Brewing Company,hop valley brewing company
brewery_name,1063,Hop Valley Brewing Company,hop valley brewing company
brewery_name,1064,Hop Valley Brewing Company,hop valley brewing company
brewery_name,1065,Hop Valley Brewing Company,hop valley brewing company
brewery_name,1066,Hop Valley Brewing Company,hop valley brewing company
brewery_name,1067,Hop Valley Brewing Company,hop valley brewing company
brewery_name,1068,Hop Valley Brewing Company,hop valley brewing company
brewery_name,1069,Hops & Grain Brewery,hops & grain brewery
brewery_name,1070,Hops & Grain Brewery,hops & grain brewery
brewery_name,1071,Hops & Grain Brewery,hops & grain brewery
brewery_name,1072,Hops & Grain Brewery,hops & grain brewery
brewery_name,1073,Hops & Grains Brewing Company,hops & grains brewing company
brewery_name,1074,Hopworks Urban Brewery,hopworks urban brewery
brewery_name,1075,Hopworks Urban Brewery,hopworks urban brewery
brewery_name,1076,Hopworks Urban Brewery,hopworks urban brewery
brewery_name,1077,Hopworks Urban Brewery,hopworks urban brewery
brewery_name,1078,Hopworks Urban Brewery,hopworks urban brewery
brewery_name,1079,Hopworks Urban Brewery,hopworks urban brewery
brewery_name,1080,Hopworks Urban Brewery,hopworks urban brewery
brewery_name,1081,Hopworks Urban Brewery,hopworks urban brewery
brewery_name,1082,Hopworks Urban Brewery,hopworks urban brewery
brewery_name,1083,Hopworks Urban Brewery,hopworks urban brewery
brewery_name,1084,Hopworks Urban Brewery,hopworks urban brewery
brewery_name,1085,Hopworks Urban Brewery,hopworks urban brewery
brewery_name,1086,Hopworks Urban Brewery,hopworks urban brewery
brewery_name,1087,Hopworks Urban Brewery,hopworks urban brewery
brewery_name,1088,Hopworks Urban Brewery,hopworks urban brewery
brewery_name,1089,Hopworks Urban Brewery,hopworks urban brewery
brewery_name,1090,Hopworks Urban Brewery,hopworks urban brewery
brewery_name,1091,Hopworks Urban Brewery,hopworks urban brewery
brewery_name,1092,Hopworks Urban Brewery,hopworks urban brewery
brewery_name,1093,Hopworks Urban Brewery,hopworks urban brewery
brewery_name,1094,Hopworks Urban Brewery,hopworks urban brewery
brewery_name,1095,Hopworks Urban Brewery,hopworks urban brewery
brewery_name,1096,Hopworks Urban Brewery,hopworks urban brewery
brewery_name,1097,Horny Goat Brew Pub,horny goat brew pub
brewery_name,1098,Horny Goat Brew Pub,horny goat brew pub
brewery_name,1099,Horny Goat Brew Pub,horny goat brew pub
brewery_name,1100,Howard Brewing Company,howard brewing company
brewery_name,1101,Howard Brewing Company,howard brewing company
brewery_name,1102,Indeed Brewing Company,indeed brewing company
brewery_name,1103,Indeed Brewing Company,indeed brewing company
brewery_name,1104,Indeed Brewing Company,indeed brewing company
brewery_name,1105,Indeed Brewing Company,indeed brewing company
brewery_name,1106,Indeed Brewing Company,indeed brewing company
brewery_name,1107,Indeed Brewing Company,indeed brewing company
brewery_name,1108,Independence Brewing Company,independence brewing company
brewery_name,1109,Independence Brewing Company,independence brewing company
brewery_name,1110,Independence Brewing Company,independence brewing company
brewery_name,1111,Indiana City Brewing,indiana city brewing
brewery_name,1112,Infamous Brewing Company,infamous brewing company
brewery_name,1113,Infamous Brewing Company,infamous brewing company
brewery_name,1114,Intuition Ale Works,intuition ale works
brewery_name,1115,Intuition Ale Works,intuition ale works
brewery_name,1116,Intuition Ale Works,intuition ale works
brewery_name,1117,Ipswich Ale Brewery,ipswich ale brewery
brewery_name,1118,Iron Hill Brewery & Restaurant,iron hill brewery & restaurant
brewery_name,1119,Jack's Abby Craft Lagers,jack's abby craft lagers
brewery_name,1120,Jack's Abby Craft Lagers,jack's abby craft lagers
brewery_name,1121,Jack's Abby Craft Lagers,jack's abby craft lagers
brewery_name,1122,Jack's Abby Craft Lagers,jack's abby craft lagers
brewery_name,1123,Jack's Abby Craft Lagers,jack's abby craft lagers
brewery_name,1124,Jack's Hard Cider (Hauser Estate...,jack's hard cider (hauser estate...
brewery_name,1125,Jack's Hard Cider (Hauser Estate...,jack's hard cider (hauser estate...
brewery_name,1126,Jackalope Brewing Company,jackalope brewing company
brewery_name,1127,Jackie O's Pub & Brewery,jackie o's pub & brewery
brewery_name,1128,Jackie O's Pub & Brewery,jackie o's pub & brewery
brewery_name,1129,Jackie O's Pub & Brewery,jackie o's pub & brewery
brewery_name,1130,Jackie O's Pub & Brewery,jackie o's pub & brewery
brewery_name,1131,Jackie O's Pub & Brewery,jackie o's pub & brewery
brewery_name,1132,Jailbreak Brewing Company,jailbreak brewing company
brewery_name,1133,James Page Brewing Company,james page brewing company
brewery_name,1134,James Page Brewing Company,james page brewing company
brewery_name,1135,James Page Brewing Company,james page brewing company
brewery_name,1136,James Page Brewing Company,james page brewing company
brewery_name,1137,James Page Brewing Company,james page brewing company
brewery_name,1138,James Page Brewing Company,james page brewing company
brewery_name,1139,Joseph James Brewing Company,joseph james brewing company
brewery_name,1140,Joseph James Brewing Company,joseph james brewing company
brewery_name,1141,Joseph James Brewing Company,joseph james brewing company
brewery_name,1142,Joseph James Brewing Company,joseph james brewing company
brewery_name,1143,Kalona Brewing Company,kalona brewing company
brewery_name,1144,Kalona Brewing Company,kalona brewing company
brewery_name,1145,Karbach Brewing Company,karbach brewing company
brewery_name,1146,Karbach Brewing Company,karbach brewing company
brewery_name,1147,Karbach Brewing Company,karbach brewing company
brewery_name,1148,Karbach Brewing Company,karbach brewing company
brewery_name,1149,Karbach Brewing Company,karbach brewing company
brewery_name,1150,Karbach Brewing Company,karbach brewing company
brewery_name,1151,Karbach Brewing Company,karbach brewing company
brewery_name,1152,Karbach Brewing Company,karbach brewing company
brewery_name,1153,Karbach Brewing Company,karbach brewing company
brewery_name,1154,Karbach Brewing Company,karbach brewing company
brewery_name,1155,KelSo Beer Company,kelso beer company
brewery_name,1156,KelSo Beer Company,kelso beer company
brewery_name,1157,KelSo Beer Company,kelso beer company
brewery_name,1158,Kenai River Brewing Company,kenai river brewing company
brewery_name,1159,Kenai River Brewing Company,kenai river brewing company
brewery_name,1160,Kenai River Brewing Company,kenai river brewing company
brewery_name,1161,Kenai River Brewing Company,kenai river brewing company
brewery_name,1162,Kettle House Brewing Company,kettle house brewing company
brewery_name,1163,Kettle House Brewing Company,kettle house brewing company
brewery_name,1164,Kettle House Brewing Company,kettle house brewing company
brewery_name,1165,Kettle House Brewing Company,kettle house brewing company
brewery_name,1166,Kettle House Brewing Company,kettle house brewing company
brewery_name,1167,Kettle House Brewing Company,kettle house brewing company
brewery_name,1168,Keweenaw Brewing Company,keweenaw brewing company
brewery_name,1169,Keweenaw Brewing Company,keweenaw brewing company
brewery_name,1170,Keweenaw Brewing Company,keweenaw brewing company
brewery_name,1171,Keweenaw Brewing Company,keweenaw brewing company
brewery_name,1172,Keweenaw Brewing Company,keweenaw brewing company
brewery_name,1173,Keweenaw Brewing Company,keweenaw brewing company
brewery_name,1174,Keweenaw Brewing Company,keweenaw brewing company
brewery_name,1175,King Street Brewing Company,king street brewing company
brewery_name,1176,King Street Brewing Company,king street brewing company
brewery_name,1177,King Street Brewing Company,king street brewing company
brewery_name,1178,King Street Brewing Company,king street brewing company
brewery_name,1179,King Street Brewing Company,king street brewing company
brewery_name,1180,Kirkwood Station Brewing Company,kirkwood station brewing company
brewery_name,1181,Kirkwood Station Brewing Company,kirkwood station brewing company
brewery_name,1182,Kona Brewing Company,kona brewing company
brewery_name,1183,Kona Brewing Company,kona brewing company
brewery_name,1184,Kona Brewing Company,kona brewing company
brewery_name,1185,Kona Brewing Company,kona brewing company
brewery_name,1186,Krebs Brewing Company (Pete's Pl...,krebs brewing company (pete's pl...
brewery_name,1187,Kulshan Brewery,kulshan brewery
brewery_name,1188,La Cumbre Brewing Company,la cumbre brewing company
brewery_name,1189,La Cumbre Brewing Company,la cumbre brewing company
brewery_name,1190,Lancaster Brewing Company,lancaster brewing company
brewery_name,1191,Lancaster Brewing Company,lancaster brewing company
brewery_name,1192,Latitude 42 Brewing Company,latitude 42 brewing company
brewery_name,1193,Latitude 42 Brewing Company,latitude 42 brewing company
brewery_name,1194,Latitude 42 Brewing Company,latitude 42 brewing company
brewery_name,1195,Latitude 42 Brewing Company,latitude 42 brewing company
brewery_name,1196,Laughing Dog Brewing Company,laughing dog brewing company
brewery_name,1197,Laughing Dog Brewing Company,laughing dog brewing company
brewery_name,1198,Laughing Dog Brewing Company,laughing dog brewing company
brewery_name,1199,Lavery Brewing Company,lavery brewing company
brewery_name,1200,Lavery Brewing Company,lavery brewing company
brewery_name,1201,Lazy Monk Brewing,lazy monk brewing
brewery_name,1202,Lewis and Clark Brewing Company,lewis and clark brewing company
brewery_name,1203,Lewis and Clark Brewing Company,lewis and clark brewing company
brewery_name,1204,Lewis and Clark Brewing Company,lewis and clark brewing company
brewery_name,1205,Lewis and Clark Brewing Company,lewis and clark brewing company
brewery_name,1206,Lewis and Clark Brewing Company,lewis and clark brewing company
brewery_name,1207,Lift Bridge Brewing Company,lift bridge brewing company
brewery_name,1208,Lift Bridge Brewing Company,lift bridge brewing company
brewery_name,1209,Liquid Hero Brewery,liquid hero brewery
brewery_name,1210,Liquid Hero Brewery,liquid hero brewery
brewery_name,1211,Liquid Hero Brewery,liquid hero brewery
brewery_name,1212,Liquid Hero Brewery,liquid hero brewery
brewery_name,1213,Lone Tree Brewing Company,lone tree brewing company
brewery_name,1214,Lonerider Brewing Company,lonerider brewing company
brewery_name,1215,Lonerider Brewing Company,lonerider brewing company
brewery_name,1216,Lonerider Brewing Company,lonerider brewing company
brewery_name,1217,Lonerider Brewing Company,lonerider brewing company
brewery_name,1218,Lonerider Brewing Company,lonerider brewing company
brewery_name,1219,Long Trail Brewing Company,long trail brewing company
brewery_name,1220,Long Trail Brewing Company,long trail brewing company
brewery_name,1221,Long Trail Brewing Company,long trail brewing company
brewery_name,1222,Long Trail Brewing Company,long trail brewing company
brewery_name,1223,Long Trail Brewing Company,long trail brewing company
brewery_name,1224,Lost Nation Brewing,lost nation brewing
brewery_name,1225,Lost Nation Brewing,lost nation brewing
brewery_name,1226,Lost Nation Brewing,lost nation brewing
brewery_name,1227,Lost Nation Brewing,lost nation brewing
brewery_name,1228,Lost Rhino Brewing Company,lost rhino brewing company
brewery_name,1229,Lost Rhino Brewing Company,lost rhino brewing company
brewery_name,1230,Lucette Brewing Company,lucette brewing company
brewery_name,1231,Lucette Brewing Company,lucette brewing company
brewery_name,1232,Lucette Brewing Company,lucette brewing company
brewery_name,1233,Lucette Brewing Company,lucette brewing company
brewery_name,1234,Lucky Town Brewing Company,lucky town brewing company
brewery_name,1235,Lucky Town Brewing Company,lucky town brewing company
brewery_name,1236,Lumberyard Brewing Company,lumberyard brewing company
brewery_name,1237,Lumberyard Brewing Company,lumberyard brewing company
brewery_name,1238,Lumberyard Brewing Company,lumberyard brewing company
brewery_name,1239,Lumberyard Brewing Company,lumberyard brewing company
brewery_name,1240,MacTarnahans Brewing Company,mactarnahans brewing company
brewery_name,1241,MacTarnahans Brewing Company,mactarnahans brewing company
brewery_name,1242,Macon Beer Company,macon beer company
brewery_name,1243,Macon Beer Company,macon beer company
brewery_name,1244,Madtree Brewing Company,madtree brewing company
brewery_name,1245,Madtree Brewing Company,madtree brewing company
brewery_name,1246,Madtree Brewing Company,madtree brewing company
brewery_name,1247,Madtree Brewing Company,madtree brewing company
brewery_name,1248,Madtree Brewing Company,madtree brewing company
brewery_name,1249,Madtree Brewing Company,madtree brewing company
brewery_name,1250,Madtree Brewing Company,madtree brewing company
brewery_name,1251,Madtree Brewing Company,madtree brewing company
brewery_name,1252,Madtree Brewing Company,madtree brewing company
brewery_name,1253,Magic Hat Brewing Company,magic hat brewing company
brewery_name,1254,Magic Hat Brewing Company,magic hat brewing company
brewery_name,1255,Magic Hat Brewing Company,magic hat brewing company
brewery_name,1256,Mammoth Brewing Company,mammoth brewing company
brewery_name,1257,Mammoth Brewing Company,mammoth brewing company
brewery_name,1258,Mammoth Brewing Company,mammoth brewing company
brewery_name,1259,Mammoth Brewing Company,mammoth brewing company
brewery_name,1260,Manayunk Brewing Company,manayunk brewing company
brewery_name,1261,Manayunk Brewing Company,manayunk brewing company
brewery_name,1262,Manayunk Brewing Company,manayunk brewing company
brewery_name,1263,Manayunk Brewing Company,manayunk brewing company
brewery_name,1264,Manayunk Brewing Company,manayunk brewing company
brewery_name,1265,Manayunk Brewing Company,manayunk brewing company
brewery_name,1266,Manayunk Brewing Company,manayunk brewing company
brewery_name,1267,Manayunk Brewing Company,manayunk brewing company
brewery_name,1268,Manayunk Brewing Company,manayunk brewing company
brewery_name,1269,Manzanita Brewing Company,manzanita brewing company
brewery_name,1270,Manzanita Brewing Company,manzanita brewing company
brewery_name,1271,Manzanita Brewing Company,manzanita brewing company
brewery_name,1272,Manzanita Brewing Company,manzanita brewing company
brewery_name,1273,Manzanita Brewing Company,manzanita brewing company
brewery_name,1274,Marble Brewery,marble brewery
brewery_name,1275,Marble Brewery,marble brewery
brewery_name,1276,Marshall Wharf Brewing Company,marshall wharf brewing company
brewery_name,1277,Marshall Wharf Brewing Company,marshall wharf brewing company
brewery_name,1278,Marshall Wharf Brewing Company,marshall wharf brewing company
brewery_name,1279,Marshall Wharf Brewing Company,marshall wharf brewing company
brewery_name,1280,Marshall Wharf Brewing Company,marshall wharf brewing company
brewery_name,1281,Martin House Brewing Company,martin house brewing company
brewery_name,1282,Martin House Brewing Company,martin house brewing company
brewery_name,1283,Martin House Brewing Company,martin house brewing company
brewery_name,1284,Martin House Brewing Company,martin house brewing company
brewery_name,1285,Martin House Brewing Company,martin house brewing company
brewery_name,1286,Martin House Brewing Company,martin house brewing company
brewery_name,1287,Martin House Brewing Company,martin house brewing company
brewery_name,1288,Martin House Brewing Company,martin house brewing company
brewery_name,1289,Matt Brewing Company,matt brewing company
brewery_name,1290,Matt Brewing Company,matt brewing company
brewery_name,1291,Matt Brewing Company,matt brewing company
brewery_name,1292,Matt Brewing Company,matt brewing company
brewery_name,1293,Matt Brewing Company,matt brewing company
brewery_name,1294,Matt Brewing Company,matt brewing company
brewery_name,1295,Matt Brewing Company,matt brewing company
brewery_name,1296,Matt Brewing Company,matt brewing company
brewery_name,1297,Matt Brewing Company,matt brewing company
brewery_name,1298,Matt Brewing Company,matt brewing company
brewery_name,1299,Matt Brewing Company,matt brewing company
brewery_name,1300,Matt Brewing Company,matt brewing company
brewery_name,1301,Matt Brewing Company,matt brewing company
brewery_name,1302,Maui Brewing Company,maui brewing company
brewery_name,1303,Maui Brewing Company,maui brewing company
brewery_name,1304,Maui Brewing Company,maui brewing company
brewery_name,1305,Maui Brewing Company,maui brewing company
brewery_name,1306,Maui Brewing Company,maui brewing company
brewery_name,1307,Maui Brewing Company,maui brewing company
brewery_name,1308,Maui Brewing Company,maui brewing company
brewery_name,1309,Maui Brewing Company,maui brewing company
brewery_name,1310,Maui Brewing Company,maui brewing company
brewery_name,1311,Maui Brewing Company,maui brewing company
brewery_name,1312,Maui Brewing Company,maui brewing company
brewery_name,1313,Maui Brewing Company,maui brewing company
brewery_name,1314,Mavericks Beer Company,mavericks beer company
brewery_name,1315,Mavericks Beer Company,mavericks beer company
brewery_name,1316,Mavericks Beer Company,mavericks beer company
brewery_name,1317,Meckley's Cidery,meckley's cidery
brewery_name,1318,Meckley's Cidery,meckley's cidery
brewery_name,1319,Meckley's Cidery,meckley's cidery
brewery_name,1320,Mehana Brewing Co.,mehana brewing co.
brewery_name,1321,Mehana Brewing Co.,mehana brewing co.
brewery_name,1322,Mehana Brewing Co.,mehana brewing co.
brewery_name,1323,Mehana Brewing Co.,mehana brewing co.
brewery_name,1324,Mehana Brewing Co.,mehana brewing co.
brewery_name,1325,Mehana Brewing Co.,mehana brewing co.
brewery_name,1326,Miami Brewing Company,miami brewing company
brewery_name,1327,Miami Brewing Company,miami brewing company
brewery_name,1328,Miami Brewing Company,miami brewing company
brewery_name,1329,Miami Brewing Company,miami brewing company
brewery_name,1330,Mickey Finn's Brewery,mickey finn's brewery
brewery_name,1331,Midnight Sun Brewing Company,midnight sun brewing company
brewery_name,1332,Midnight Sun Brewing Company,midnight sun brewing company
brewery_name,1333,Midnight Sun Brewing Company,midnight sun brewing company
brewery_name,1334,Midnight Sun Brewing Company,midnight sun brewing company
brewery_name,1335,Midnight Sun Brewing Company,midnight sun brewing company
brewery_name,1336,Mike Hess Brewing Company,mike hess brewing company
brewery_name,1337,Mike Hess Brewing Company,mike hess brewing company
brewery_name,1338,Mike Hess Brewing Company,mike hess brewing company
brewery_name,1339,Mike Hess Brewing Company,mike hess brewing company
brewery_name,1340,Mike Hess Brewing Company,mike hess brewing company
brewery_name,1341,Mike Hess Brewing Company,mike hess brewing company
brewery_name,1342,Mikerphone Brewing,mikerphone brewing
brewery_name,1343,Mikerphone Brewing,mikerphone brewing
brewery_name,1344,Mikerphone Brewing,mikerphone brewing
brewery_name,1345,Mikerphone Brewing,mikerphone brewing
brewery_name,1346,Mikerphone Brewing,mikerphone brewing
brewery_name,1347,Mikerphone Brewing,mikerphone brewing
brewery_name,1348,Mikerphone Brewing,mikerphone brewing
brewery_name,1349,Mikerphone Brewing,mikerphone brewing
brewery_name,1350,Mikkeller,mikkeller
brewery_name,1351,Mikkeller,mikkeller
brewery_name,1352,MillKing It Productions,millking it productions
brewery_name,1353,MillKing It Productions,millking it productions
brewery_name,1354,MillKing It Productions,millking it productions
brewery_name,1355,Milwaukee Brewing Company,milwaukee brewing company
brewery_name,1356,Milwaukee Brewing Company,milwaukee brewing company
brewery_name,1357,Milwaukee Brewing Company,milwaukee brewing company
brewery_name,1358,Milwaukee Brewing Company,milwaukee brewing company
brewery_name,1359,Milwaukee Brewing Company,milwaukee brewing company
brewery_name,1360,Milwaukee Brewing Company,milwaukee brewing company
brewery_name,1361,Milwaukee Brewing Company,milwaukee brewing company
brewery_name,1362,Minhas Craft Brewery,minhas craft brewery
brewery_name,1363,Minhas Craft Brewery,minhas craft brewery
brewery_name,1364,Minhas Craft Brewery,minhas craft brewery
brewery_name,1365,Minhas Craft Brewery,minhas craft brewery
brewery_name,1366,Minhas Craft Brewery,minhas craft brewery
brewery_name,1367,Minhas Craft Brewery,minhas craft brewery
brewery_name,1368,Minhas Craft Brewery,minhas craft brewery
brewery_name,1369,Minhas Craft Brewery,minhas craft brewery
brewery_name,1370,Minhas Craft Brewery,minhas craft brewery
brewery_name,1371,Minhas Craft Brewery,minhas craft brewery
brewery_name,1372,Minhas Craft Brewery,minhas craft brewery
brewery_name,1373,Minhas Craft Brewery,minhas craft brewery
brewery_name,1374,Minhas Craft Brewery,minhas craft brewery
brewery_name,1375,Mission Brewery,mission brewery
brewery_name,1376,Mission Brewery,mission brewery
brewery_name,1377,Mission Brewery,mission brewery
brewery_name,1378,Mission Brewery,mission brewery
brewery_name,1379,Moab Brewery,moab brewery
brewery_name,1380,Moab Brewery,moab brewery
brewery_name,1381,Moab Brewery,moab brewery
brewery_name,1382,Moab Brewery,moab brewery
brewery_name,1383,Moat Mountain Smoke House & Brew...,moat mountain smoke house & brew...
brewery_name,1384,Moat Mountain Smoke House & Brew...,moat mountain smoke house & brew...
brewery_name,1385,Modern Monks Brewery,modern monks brewery
brewery_name,1386,Modern Times Beer,modern times beer
brewery_name,1387,Modern Times Beer,modern times beer
brewery_name,1388,Modern Times Beer,modern times beer
brewery_name,1389,Modern Times Beer,modern times beer
brewery_name,1390,Modern Times Beer,modern times beer
brewery_name,1391,Modern Times Beer,modern times beer
brewery_name,1392,Modern Times Beer,modern times beer
brewery_name,1393,Modern Times Beer,modern times beer
brewery_name,1394,Mogollon Brewing Company,mogollon brewing company
brewery_name,1395,Monkey Paw Pub & Brewery,monkey paw pub & brewery
brewery_name,1396,Monkey Paw Pub & Brewery,monkey paw pub & brewery
brewery_name,1397,Monkey Paw Pub & Brewery,monkey paw pub & brewery
brewery_name,1398,Montauk Brewing Company,montauk brewing company
brewery_name,1399,Montauk Brewing Company,montauk brewing company
brewery_name,1400,Morgan Street Brewery,morgan street brewery
brewery_name,1401,Morgan Street Brewery,morgan street brewery
brewery_name,1402,Morgan Street Brewery,morgan street brewery
brewery_name,1403,Morgan Street Brewery,morgan street brewery
brewery_name,1404,Morgan Street Brewery,morgan street brewery
brewery_name,1405,Mother Earth Brew Company,mother earth brew company
brewery_name,1406,Mother Earth Brewing Company,mother earth brewing company
brewery_name,1407,Mother Earth Brewing Company,mother earth brewing company
brewery_name,1408,Mother's Brewing,mother's brewing
brewery_name,1409,Mother's Brewing,mother's brewing
brewery_name,1410,Mountain Town Brewing Company,mountain town brewing company
brewery_name,1411,Mudshark Brewing Company,mudshark brewing company
brewery_name,1412,Mudshark Brewing Company,mudshark brewing company
brewery_name,1413,Mudshark Brewing Company,mudshark brewing company
brewery_name,1414,Mudshark Brewing Company,mudshark brewing company
brewery_name,1415,Mudshark Brewing Company,mudshark brewing company
brewery_name,1416,Mustang Brewing Company,mustang brewing company
brewery_name,1417,Mustang Brewing Company,mustang brewing company
brewery_name,1418,Mustang Brewing Company,mustang brewing company
brewery_name,1419,Mustang Brewing Company,mustang brewing company
brewery_name,1420,Mustang Brewing Company,mustang brewing company
brewery_name,1421,Narragansett Brewing Company,narragansett brewing company
brewery_name,1422,Narragansett Brewing Company,narragansett brewing company
brewery_name,1423,Narragansett Brewing Company,narragansett brewing company
brewery_name,1424,Narragansett Brewing Company,narragansett brewing company
brewery_name,1425,Narragansett Brewing Company,narragansett brewing company
brewery_name,1426,Narragansett Brewing Company,narragansett brewing company
brewery_name,1427,Narragansett Brewing Company,narragansett brewing company
brewery_name,1428,Narragansett Brewing Company,narragansett brewing company
brewery_name,1429,Narragansett Brewing Company,narragansett brewing company
brewery_name,1430,Narragansett Brewing Company,narragansett brewing company
brewery_name,1431,Natian Brewery,natian brewery
brewery_name,1432,Natian Brewery,natian brewery
brewery_name,1433,Natian Brewery,natian brewery
brewery_name,1434,Natian Brewery,natian brewery
brewery_name,1435,Natian Brewery,natian brewery
brewery_name,1436,Natian Brewery,natian brewery
brewery_name,1437,Nebraska Brewing Company,nebraska brewing company
brewery_name,1438,Nebraska Brewing Company,nebraska brewing company
brewery_name,1439,Nebraska Brewing Company,nebraska brewing company
brewery_name,1440,Nebraska Brewing Company,nebraska brewing company
brewery_name,1441,Nebraska Brewing Company,nebraska brewing company
brewery_name,1442,Neshaminy Creek Brewing Company,neshaminy creek brewing company
brewery_name,1443,Neshaminy Creek Brewing Company,neshaminy creek brewing company
brewery_name,1444,New Belgium Brewing Company,new belgium brewing company
brewery_name,1445,New Belgium Brewing Company,new belgium brewing company
brewery_name,1446,New Belgium Brewing Company,new belgium brewing company
brewery_name,1447,New Belgium Brewing Company,new belgium brewing company
brewery_name,1448,New Belgium Brewing Company,new belgium brewing company
brewery_name,1449,New Belgium Brewing Company,new belgium brewing company
brewery_name,1450,New Belgium Brewing Company,new belgium brewing company
brewery_name,1451,New Belgium Brewing Company,new belgium brewing company
brewery_name,1452,New Belgium Brewing Company,new belgium brewing company
brewery_name,1453,New Belgium Brewing Company,new belgium brewing company
brewery_name,1454,New Belgium Brewing Company,new belgium brewing company
brewery_name,1455,New Belgium Brewing Company,new belgium brewing company
brewery_name,1456,New Belgium Brewing Company,new belgium brewing company
brewery_name,1457,New Belgium Brewing Company,new belgium brewing company
brewery_name,1458,New Belgium Brewing Company,new belgium brewing company
brewery_name,1459,New Belgium Brewing Company,new belgium brewing company
brewery_name,1460,New Belgium Brewing Company,new belgium brewing company
brewery_name,1461,New England Brewing Company,new england brewing company
brewery_name,1462,New England Brewing Company,new england brewing company
brewery_name,1463,New England Brewing Company,new england brewing company
brewery_name,1464,New England Brewing Company,new england brewing company
brewery_name,1465,New England Brewing Company,new england brewing company
brewery_name,1466,New England Brewing Company,new england brewing company
brewery_name,1467,New England Brewing Company,new england brewing company
brewery_name,1468,New England Brewing Company,new england brewing company
brewery_name,1469,New England Brewing Company,new england brewing company
brewery_name,1470,New England Brewing Company,new england brewing company
brewery_name,1471,New England Brewing Company,new england brewing company
brewery_name,1472,New Orleans Lager & Ale Brewing ...,new orleans lager & ale brewing ...
brewery_name,1473,New Orleans Lager & Ale Brewing ...,new orleans lager & ale brewing ...
brewery_name,1474,New Orleans Lager & Ale Brewing ...,new orleans lager & ale brewing ...
brewery_name,1475,New Orleans Lager & Ale Brewing ...,new orleans lager & ale brewing ...
brewery_name,1476,New Orleans Lager & Ale Brewing ...,new orleans lager & ale brewing ...
brewery_name,1477,New Orleans Lager & Ale Brewing ...,new orleans lager & ale brewing ...
brewery_name,1478,New Republic Brewing Company,new republic brewing company
brewery_name,1479,New Republic Brewing Company,new republic brewing company
brewery_name,1480,New Republic Brewing Company,new republic brewing company
brewery_name,1481,New South Brewing Company,new south brewing company
brewery_name,1482,New South Brewing Company,new south brewing company
brewery_name,1483,Newburgh Brewing Company,newburgh brewing company
brewery_name,1484,Newburyport Brewing Company,newburyport brewing company
brewery_name,1485,Newburyport Brewing Company,newburyport brewing company
brewery_name,1486,Newburyport Brewing Company,newburyport brewing company
brewery_name,1487,Night Shift Brewing,night shift brewing
brewery_name,1488,NoDa Brewing Company,noda brewing company
brewery_name,1489,NoDa Brewing Company,noda brewing company
brewery_name,1490,North Country Brewing Company,north country brewing company
brewery_name,1491,North Country Brewing Company,north country brewing company
brewery_name,1492,North Country Brewing Company,north country brewing company
brewery_name,1493,North Country Brewing Company,north country brewing company
brewery_name,1494,NorthGate Brewing,northgate brewing
brewery_name,1495,NorthGate Brewing,northgate brewing
brewery_name,1496,NorthGate Brewing,northgate brewing
brewery_name,1497,NorthGate Brewing,northgate brewing
brewery_name,1498,NorthGate Brewing,northgate brewing
brewery_name,1499,NorthGate Brewing,northgate brewing
brewery_name,1500,Northampton Brewery,northampton brewery
brewery_name,1501,Northwest Brewing Company,northwest brewing company
brewery_name,1502,Northwest Brewing Company,northwest brewing company
brewery_name,1503,Northwoods Brewpub,northwoods brewpub
brewery_name,1504,Northwoods Brewpub,northwoods brewpub
brewery_name,1505,Notch Brewing Company,notch brewing company
brewery_name,1506,Notch Brewing Company,notch brewing company
brewery_name,1507,O'Fallon Brewery,o'fallon brewery
brewery_name,1508,O'Fallon Brewery,o'fallon brewery
brewery_name,1509,O'Fallon Brewery,o'fallon brewery
brewery_name,1510,Oakshire Brewing,oakshire brewing
brewery_name,1511,Oakshire Brewing,oakshire brewing
brewery_name,1512,Oakshire Brewing,oakshire brewing
brewery_name,1513,Oakshire Brewing,oakshire brewing
brewery_name,1514,Oasis Texas Brewing Company,oasis texas brewing company
brewery_name,1515,Oasis Texas Brewing Company,oasis texas brewing company
brewery_name,1516,Oasis Texas Brewing Company,oasis texas brewing company
brewery_name,1517,Oasis Texas Brewing Company,oasis texas brewing company
brewery_name,1518,Occidental Brewing Company,occidental brewing company
brewery_name,1519,Occidental Brewing Company,occidental brewing company
brewery_name,1520,Occidental Brewing Company,occidental brewing company
brewery_name,1521,Occidental Brewing Company,occidental brewing company
brewery_name,1522,Odyssey Beerwerks,odyssey beerwerks
brewery_name,1523,Odyssey Beerwerks,odyssey beerwerks
brewery_name,1524,Odyssey Beerwerks,odyssey beerwerks
brewery_name,1525,Odyssey Beerwerks,odyssey beerwerks
brewery_name,1526,Odyssey Beerwerks,odyssey beerwerks
brewery_name,1527,Odyssey Beerwerks,odyssey beerwerks
brewery_name,1528,Odyssey Beerwerks,odyssey beerwerks
brewery_name,1529,Okoboji Brewing Company,okoboji brewing company
brewery_name,1530,Okoboji Brewing Company,okoboji brewing company
brewery_name,1531,Okoboji Brewing Company,okoboji brewing company
brewery_name,1532,Okoboji Brewing Company,okoboji brewing company
brewery_name,1533,Okoboji Brewing Company,okoboji brewing company
brewery_name,1534,Okoboji Brewing Company,okoboji brewing company
brewery_name,1535,Old Forge Brewing Company,old forge brewing company
brewery_name,1536,Old Forge Brewing Company,old forge brewing company
brewery_name,1537,Old Forge Brewing Company,old forge brewing company
brewery_name,1538,Old Forge Brewing Company,old forge brewing company
brewery_name,1539,Old Forge Brewing Company,old forge brewing company
brewery_name,1540,Old Forge Brewing Company,old forge brewing company
brewery_name,1541,Old Forge Brewing Company,old forge brewing company
brewery_name,1542,Old Forge Brewing Company,old forge brewing company
brewery_name,1543,Old Forge Brewing Company,old forge brewing company
brewery_name,1544,Old Forge Brewing Company,old forge brewing company
brewery_name,1545,Orlison Brewing Company,orlison brewing company
brewery_name,1546,Orlison Brewing Company,orlison brewing company
brewery_name,1547,Orlison Brewing Company,orlison brewing company
brewery_name,1548,Orlison Brewing Company,orlison brewing company
brewery_name,1549,Orlison Brewing Company,orlison brewing company
brewery_name,1550,Orpheus Brewing,orpheus brewing
brewery_name,1551,Orpheus Brewing,orpheus brewing
brewery_name,1552,Oskar Blues Brewery,oskar blues brewery
brewery_name,1553,Oskar Blues Brewery,oskar blues brewery
brewery_name,1554,Oskar Blues Brewery,oskar blues brewery
brewery_name,1555,Longmont,longmont
brewery_name,1556,Oskar Blues Brewery,oskar blues brewery
brewery_name,1557,Oskar Blues Brewery,oskar blues brewery
brewery_name,1558,Oskar Blues Brewery,oskar blues brewery
brewery_name,1559,Oskar Blues Brewery,oskar blues brewery
brewery_name,1560,Oskar Blues Brewery,oskar blues brewery
brewery_name,1561,Oskar Blues Brewery,oskar blues brewery
brewery_name,1562,Oskar Blues Brewery,oskar blues brewery
brewery_name,1563,Oskar Blues Brewery,oskar blues brewery
brewery_name,1564,Oskar Blues Brewery,oskar blues brewery
brewery_name,1565,Oskar Blues Brewery,oskar blues brewery
brewery_name,1566,Oskar Blues Brewery,oskar blues brewery
brewery_name,1567,Oskar Blues Brewery,oskar blues brewery
brewery_name,1568,Oskar Blues Brewery,oskar blues brewery
brewery_name,1569,Oskar Blues Brewery,oskar blues brewery
brewery_name,1570,Oskar Blues Brewery,oskar blues brewery
brewery_name,1571,Oskar Blues Brewery,oskar blues brewery
brewery_name,1572,Oskar Blues Brewery,oskar blues brewery
brewery_name,1573,Oskar Blues Brewery,oskar blues brewery
brewery_name,1574,Oskar Blues Brewery,oskar blues brewery
brewery_name,1575,Oskar Blues Brewery,oskar blues brewery
brewery_name,1576,Oskar Blues Brewery,oskar blues brewery
brewery_name,1577,Oskar Blues Brewery,oskar blues brewery
brewery_name,1578,Oskar Blues Brewery,oskar blues brewery
brewery_name,1579,Oskar Blues Brewery,oskar blues brewery
brewery_name,1580,Oskar Blues Brewery,oskar blues brewery
brewery_name,1581,Oskar Blues Brewery,oskar blues brewery
brewery_name,1582,Oskar Blues Brewery,oskar blues brewery
brewery_name,1583,Oskar Blues Brewery,oskar blues brewery
brewery_name,1584,Oskar Blues Brewery,oskar blues brewery
brewery_name,1585,Oskar Blues Brewery,oskar blues brewery
brewery_name,1586,Oskar Blues Brewery,oskar blues brewery
brewery_name,1587,Oskar Blues Brewery,oskar blues brewery
brewery_name,1588,Oskar Blues Brewery,oskar blues brewery
brewery_name,1589,Oskar Blues Brewery,oskar blues brewery
brewery_name,1590,Oskar Blues Brewery,oskar blues brewery
brewery_name,1591,Oskar Blues Brewery,oskar blues brewery
brewery_name,1592,Oskar Blues Brewery,oskar blues brewery
brewery_name,1593,Oskar Blues Brewery,oskar blues brewery
brewery_name,1594,Oskar Blues Brewery,oskar blues brewery
brewery_name,1595,Oskar Blues Brewery,oskar blues brewery
brewery_name,1596,Oskar Blues Brewery,oskar blues brewery
brewery_name,1597,Oskar Blues Brewery,oskar blues brewery
brewery_name,1598,Oskar Blues Brewery (North Carol...,oskar blues brewery (north carol...
brewery_name,1599,Oskar Blues Brewery (North Carol...,oskar blues brewery (north carol...
brewery_name,1600,Oskar Blues Brewery (North Carol...,oskar blues brewery (north carol...
brewery_name,1601,Oskar Blues Brewery (North Carol...,oskar blues brewery (north carol...
brewery_name,1602,Oskar Blues Brewery (North Carol...,oskar blues brewery (north carol...
brewery_name,1603,Oskar Blues Brewery (North Carol...,oskar blues brewery (north carol...
brewery_name,1604,Otter Creek Brewing,otter creek brewing
brewery_name,1605,Otter Creek Brewing,otter creek brewing
brewery_name,1606,Ozark Beer Company,ozark beer company
brewery_name,1607,Palisade Brewing Company,palisade brewing company
brewery_name,1608,Palisade Brewing Company,palisade brewing company
brewery_name,1609,Pateros Creek Brewing Company,pateros creek brewing company
brewery_name,1610,Pateros Creek Brewing Company,pateros creek brewing company
brewery_name,1611,Pateros Creek Brewing Company,pateros creek brewing company
brewery_name,1612,Pateros Creek Brewing Company,pateros creek brewing company
brewery_name,1613,Pateros Creek Brewing Company,pateros creek brewing company
brewery_name,1614,Payette Brewing Company,payette brewing company
brewery_name,1615,Payette Brewing Company,payette brewing company
brewery_name,1616,Payette Brewing Company,payette brewing company
brewery_name,1617,Payette Brewing Company,payette brewing company
brewery_name,1618,Payette Brewing Company,payette brewing company
brewery_name,1619,Peace Tree Brewing Company,peace tree brewing company
brewery_name,1620,Peak Organic Brewing Company,peak organic brewing company
brewery_name,1621,Peak Organic Brewing Company,peak organic brewing company
brewery_name,1622,Pedernales Brewing Company,pedernales brewing company
brewery_name,1623,Pedernales Brewing Company,pedernales brewing company
brewery_name,1624,People's Brewing Company,people's brewing company
brewery_name,1625,People's Brewing Company,people's brewing company
brewery_name,1626,People's Brewing Company,people's brewing company
brewery_name,1627,People's Brewing Company,people's brewing company
brewery_name,1628,Perrin Brewing Company,perrin brewing company
brewery_name,1629,Perrin Brewing Company,perrin brewing company
brewery_name,1630,Perrin Brewing Company,perrin brewing company
brewery_name,1631,Perrin Brewing Company,perrin brewing company
brewery_name,1632,Perrin Brewing Company,perrin brewing company
brewery_name,1633,Perrin Brewing Company,perrin brewing company
brewery_name,1634,Pete's Brewing Company,pete's brewing company
brewery_name,1635,Pete's Brewing Company,pete's brewing company
brewery_name,1636,Pete's Brewing Company,pete's brewing company
brewery_name,1637,Pete's Brewing Company,pete's brewing company
brewery_name,1638,Pete's Brewing Company,pete's brewing company
brewery_name,1639,Pete's Brewing Company,pete's brewing company
brewery_name,1640,Pete's Brewing Company,pete's brewing company
brewery_name,1641,Petoskey Brewing,petoskey brewing
brewery_name,1642,Petoskey Brewing,petoskey brewing
brewery_name,1643,Petoskey Brewing,petoskey brewing
brewery_name,1644,Petoskey Brewing,petoskey brewing
brewery_name,1645,Phoenix Ale Brewery,phoenix ale brewery
brewery_name,1646,Pikes Peak Brewing Company,pikes peak brewing company
brewery_name,1647,Pikes Peak Brewing Company,pikes peak brewing company
brewery_name,1648,Pikes Peak Brewing Company,pikes peak brewing company
brewery_name,1649,Pine Street Brewery,pine street brewery
brewery_name,1650,Pine Street Brewery,pine street brewery
brewery_name,1651,Piney River Brewing Company,piney river brewing company
brewery_name,1652,Piney River Brewing Company,piney river brewing company
brewery_name,1653,Piney River Brewing Company,piney river brewing company
brewery_name,1654,Piney River Brewing Company,piney river brewing company
brewery_name,1655,Piney River Brewing Company,piney river brewing company
brewery_name,1656,Piney River Brewing Company,piney river brewing company
brewery_name,1657,Piney River Brewing Company,piney river brewing company
brewery_name,1658,Piney River Brewing Company,piney river brewing company
brewery_name,1659,Pipeworks Brewing Company,pipeworks brewing company
brewery_name,1660,Pisgah Brewing Company,pisgah brewing company
brewery_name,1661,Pisgah Brewing Company,pisgah brewing company
brewery_name,1662,Pizza Port Brewing Company,pizza port brewing company
brewery_name,1663,Pizza Port Brewing Company,pizza port brewing company
brewery_name,1664,Pizza Port Brewing Company,pizza port brewing company
brewery_name,1665,Platform Beer Company,platform beer company
brewery_name,1666,Pollyanna Brewing Company,pollyanna brewing company
brewery_name,1667,Portside Brewery,portside brewery
brewery_name,1668,Prescott Brewing Company,prescott brewing company
brewery_name,1669,Prescott Brewing Company,prescott brewing company
brewery_name,1670,Pug Ryan's Brewery,pug ryan's brewery
brewery_name,1671,Pug Ryan's Brewery,pug ryan's brewery
brewery_name,1672,Pug Ryan's Brewery,pug ryan's brewery
brewery_name,1673,Pug Ryan's Brewery,pug ryan's brewery
brewery_name,1674,Pug Ryan's Brewery,pug ryan's brewery
brewery_name,1675,Pug Ryan's Brewery,pug ryan's brewery
brewery_name,1676,Pug Ryan's Brewery,pug ryan's brewery
brewery_name,1677,Pyramid Breweries,pyramid breweries
brewery_name,1678,Pyramid Breweries,pyramid breweries
brewery_name,1679,Quest Brewing Company,quest brewing company
brewery_name,1680,Quest Brewing Company,quest brewing company
brewery_name,1681,Rahr & Sons Brewing Company,rahr & sons brewing company
brewery_name,1682,Rahr & Sons Brewing Company,rahr & sons brewing company
brewery_name,1683,Real Ale Brewing Company,real ale brewing company
brewery_name,1684,Real Ale Brewing Company,real ale brewing company
brewery_name,1685,Real Ale Brewing Company,real ale brewing company
brewery_name,1686,Real Ale Brewing Company,real ale brewing company
brewery_name,1687,Real Ale Brewing Company,real ale brewing company
brewery_name,1688,Real Ale Brewing Company,real ale brewing company
brewery_name,1689,Real Ale Brewing Company,real ale brewing company
brewery_name,1690,Real Ale Brewing Company,real ale brewing company
brewery_name,1691,Red Hare Brewing Company,red hare brewing company
brewery_name,1692,Red Hare Brewing Company,red hare brewing company
brewery_name,1693,Red Hare Brewing Company,red hare brewing company
brewery_name,1694,Red Shedman Farm Brewery and Hop...,red shedman farm brewery and hop...
brewery_name,1695,Red Shedman Farm Brewery and Hop...,red shedman farm brewery and hop...
brewery_name,1696,Red Shedman Farm Brewery and Hop...,red shedman farm brewery and hop...
brewery_name,1697,Red Shedman Farm Brewery and Hop...,red shedman farm brewery and hop...
brewery_name,1698,Red Shedman Farm Brewery and Hop...,red shedman farm brewery and hop...
brewery_name,1699,Red Tank Cider Company,red tank cider company
brewery_name,1700,Redhook Brewery,redhook brewery
brewery_name,1701,Redhook Brewery,redhook brewery
brewery_name,1702,Redhook Brewery,redhook brewery
brewery_name,1703,Redstone Meadery,redstone meadery
brewery_name,1704,Redstone Meadery,redstone meadery
brewery_name,1705,Redstone Meadery,redstone meadery
brewery_name,1706,Refuge Brewery,refuge brewery
brewery_name,1707,Renegade Brewing Company,renegade brewing company
brewery_name,1708,Renegade Brewing Company,renegade brewing company
brewery_name,1709,Renegade Brewing Company,renegade brewing company
brewery_name,1710,Renegade Brewing Company,renegade brewing company
brewery_name,1711,Renegade Brewing Company,renegade brewing company
brewery_name,1712,Renegade Brewing Company,renegade brewing company
brewery_name,1713,Revolution Brewing,revolution brewing
brewery_name,1714,Revolution Brewing,revolution brewing
brewery_name,1715,Revolution Brewing,revolution brewing
brewery_name,1716,Revolution Brewing,revolution brewing
brewery_name,1717,Revolution Brewing,revolution brewing
brewery_name,1718,Revolution Brewing,revolution brewing
brewery_name,1719,Revolution Brewing,revolution brewing
brewery_name,1720,Revolution Brewing,revolution brewing
brewery_name,1721,Revolution Brewing Company,revolution brewing company
brewery_name,1722,Revolution Brewing Company,revolution brewing company
brewery_name,1723,Revolution Brewing Company,revolution brewing company
brewery_name,1724,Revolution Brewing Company,revolution brewing company
brewery_name,1725,Revolution Brewing Company,revolution brewing company
brewery_name,1726,Revolution Brewing Company,revolution brewing company
brewery_name,1727,Revolution Brewing Company,revolution brewing company
brewery_name,1728,Revolution Brewing Company,revolution brewing company
brewery_name,1729,Rhinegeist Brewery,rhinegeist brewery
brewery_name,1730,Rhinegeist Brewery,rhinegeist brewery
brewery_name,1731,Rhinegeist Brewery,rhinegeist brewery
brewery_name,1732,Rhinegeist Brewery,rhinegeist brewery
brewery_name,1733,Rhinegeist Brewery,rhinegeist brewery
brewery_name,1734,Rhinegeist Brewery,rhinegeist brewery
brewery_name,1735,Rhinegeist Brewery,rhinegeist brewery
brewery_name,1736,Rhinegeist Brewery,rhinegeist brewery
brewery_name,1737,Right Brain Brewery,right brain brewery
brewery_name,1738,Rising Tide Brewing Company,rising tide brewing company
brewery_name,1739,Rising Tide Brewing Company,rising tide brewing company
brewery_name,1740,River North Brewery,river north brewery
brewery_name,1741,River North Brewery,river north brewery
brewery_name,1742,Rivertown Brewing Company,rivertown brewing company
brewery_name,1743,Rivertown Brewing Company,rivertown brewing company
brewery_name,1744,Rivertowne Brewing Company,rivertowne brewing company
brewery_name,1745,Rivertowne Brewing Company,rivertowne brewing company
brewery_name,1746,Rivertowne Brewing Company,rivertowne brewing company
brewery_name,1747,Rivertowne Brewing Company,rivertowne brewing company
brewery_name,1748,Rivertowne Brewing Company,rivertowne brewing company
brewery_name,1749,Rivertowne Brewing Company,rivertowne brewing company
brewery_name,1750,Rivertowne Brewing Company,rivertowne brewing company
brewery_name,1751,Rivertowne Brewing Company,rivertowne brewing company
brewery_name,1752,Rivertowne Brewing Company,rivertowne brewing company
brewery_name,1753,Rivertowne Brewing Company,rivertowne brewing company
brewery_name,1754,Rivertowne Brewing Company,rivertowne brewing company
brewery_name,1755,Rivertowne Brewing Company,rivertowne brewing company
brewery_name,1756,Rivertowne Brewing Company,rivertowne brewing company
brewery_name,1757,Rivertowne Brewing Company,rivertowne brewing company
brewery_name,1758,Rivertowne Brewing Company,rivertowne brewing company
brewery_name,1759,Roanoke Railhouse Brewery,roanoke railhouse brewery
brewery_name,1760,Rochester Mills Brewing Company,rochester mills brewing company
brewery_name,1761,Rochester Mills Brewing Company,rochester mills brewing company
brewery_name,1762,Rochester Mills Brewing Company,rochester mills brewing company
brewery_name,1763,Rochester Mills Brewing Company,rochester mills brewing company
brewery_name,1764,Rochester Mills Brewing Company,rochester mills brewing company
brewery_name,1765,Rochester Mills Brewing Company,rochester mills brewing company
brewery_name,1766,Rochester Mills Brewing Company,rochester mills brewing company
brewery_name,1767,Rogue Ales,rogue ales
brewery_name,1768,RoughTail Brewing Company,roughtail brewing company
brewery_name,1769,RoughTail Brewing Company,roughtail brewing company
brewery_name,1770,RoughTail Brewing Company,roughtail brewing company
brewery_name,1771,Round Guys Brewing,round guys brewing
brewery_name,1772,Round Guys Brewing,round guys brewing
brewery_name,1773,Round Guys Brewing,round guys brewing
brewery_name,1774,Round Guys Brewing,round guys brewing
brewery_name,1775,Round Guys Brewing,round guys brewing
brewery_name,1776,Round Guys Brewing,round guys brewing
brewery_name,1777,Round Guys Brewing,round guys brewing
brewery_name,1778,Ruhstaller Beer Company,ruhstaller beer company
brewery_name,1779,Ruhstaller Beer Company,ruhstaller beer company
brewery_name,1780,Ruhstaller Beer Company,ruhstaller beer company
brewery_name,1781,Ruhstaller Beer Company,ruhstaller beer company
brewery_name,1782,Ruhstaller Beer Company,ruhstaller beer company
brewery_name,1783,Saint Archer Brewery,saint archer brewery
brewery_name,1784,Saint Archer Brewery,saint archer brewery
brewery_name,1785,Saint Archer Brewery,saint archer brewery
brewery_name,1786,Saint Archer Brewery,saint archer brewery
brewery_name,1787,SanTan Brewing Company,santan brewing company
brewery_name,1788,SanTan Brewing Company,santan brewing company
brewery_name,1789,SanTan Brewing Company,santan brewing company
brewery_name,1790,SanTan Brewing Company,santan brewing company
brewery_name,1791,SanTan Brewing Company,santan brewing company
brewery_name,1792,SanTan Brewing Company,santan brewing company
brewery_name,1793,SanTan Brewing Company,santan brewing company
brewery_name,1794,SanTan Brewing Company,santan brewing company
brewery_name,1795,SanTan Brewing Company,santan brewing company
brewery_name,1796,SanTan Brewing Company,santan brewing company
brewery_name,1797,SanTan Brewing Company,santan brewing company
brewery_name,1798,SanTan Brewing Company,santan brewing company
brewery_name,1799,SanTan Brewing Company,santan brewing company
brewery_name,1800,SanTan Brewing Company,santan brewing company
brewery_name,1801,SanTan Brewing Company,santan brewing company
brewery_name,1802,SanTan Brewing Company,santan brewing company
brewery_name,1803,SanTan Brewing Company,santan brewing company
brewery_name,1804,SanTan Brewing Company,santan brewing company
brewery_name,1805,SanTan Brewing Company,santan brewing company
brewery_name,1806,Sanitas Brewing Company,sanitas brewing company
brewery_name,1807,Sanitas Brewing Company,sanitas brewing company
brewery_name,1808,Santa Cruz Mountain Brewing,santa cruz mountain brewing
brewery_name,1809,Santa Cruz Mountain Brewing,santa cruz mountain brewing
brewery_name,1810,Santa Cruz Mountain Brewing,santa cruz mountain brewing
brewery_name,1811,Santa Fe Brewing Company,santa fe brewing company
brewery_name,1812,Santa Fe Brewing Company,santa fe brewing company
brewery_name,1813,Santa Fe Brewing Company,santa fe brewing company
brewery_name,1814,Santa Fe Brewing Company,santa fe brewing company
brewery_name,1815,Santa Fe Brewing Company,santa fe brewing company
brewery_name,1816,Santa Fe Brewing Company,santa fe brewing company
brewery_name,1817,Santa Fe Brewing Company,santa fe brewing company
brewery_name,1818,Saugatuck Brewing Company,saugatuck brewing company
brewery_name,1819,Schilling & Company,schilling & company
brewery_name,1820,Schilling & Company,schilling & company
brewery_name,1821,Schilling & Company,schilling & company
brewery_name,1822,Schlafly Brewing Company,schlafly brewing company
brewery_name,1823,Schlafly Brewing Company,schlafly brewing company
brewery_name,1824,Schlafly Brewing Company,schlafly brewing company
brewery_name,1825,Schlafly Brewing Company,schlafly brewing company
brewery_name,1826,Schlafly Brewing Company,schlafly brewing company
brewery_name,1827,Schlafly Brewing Company,schlafly brewing company
brewery_name,1828,Sea Dog Brewing Company,sea dog brewing company
brewery_name,1829,Seabright Brewery,seabright brewery
brewery_name,1830,Seattle Cider Company,seattle cider company
brewery_name,1831,Seattle Cider Company,seattle cider company
brewery_name,1832,Seven Brides Brewery,seven brides brewery
brewery_name,1833,Seven Brides Brewery,seven brides brewery
brewery_name,1834,Seventh Son Brewing Company,seventh son brewing company
brewery_name,1835,Seventh Son Brewing Company,seventh son brewing company
brewery_name,1836,Seventh Son Brewing Company,seventh son brewing company
brewery_name,1837,Seventh Son Brewing Company,seventh son brewing company
brewery_name,1838,Seventh Son Brewing Company,seventh son brewing company
brewery_name,1839,Shebeen Brewing Company,shebeen brewing company
brewery_name,1840,Sherwood Forest Brewers,sherwood forest brewers
brewery_name,1841,Shipyard Brewing Company,shipyard brewing company
brewery_name,1842,Shipyard Brewing Company,shipyard brewing company
brewery_name,1843,Shipyard Brewing Company,shipyard brewing company
brewery_name,1844,Shipyard Brewing Company,shipyard brewing company
brewery_name,1845,Sierra Nevada Brewing Company,sierra nevada brewing company
brewery_name,1846,Sierra Nevada Brewing Company,sierra nevada brewing company
brewery_name,1847,Sierra Nevada Brewing Company,sierra nevada brewing company
brewery_name,1848,Sierra Nevada Brewing Company,sierra nevada brewing company
brewery_name,1849,Sierra Nevada Brewing Company,sierra nevada brewing company
brewery_name,1850,Sierra Nevada Brewing Company,sierra nevada brewing company
brewery_name,1851,Sierra Nevada Brewing Company,sierra nevada brewing company
brewery_name,1852,Sierra Nevada Brewing Company,sierra nevada brewing company
brewery_name,1853,Sierra Nevada Brewing Company,sierra nevada brewing company
brewery_name,1854,Sietsema Orchards and Cider Mill,sietsema orchards and cider mill
brewery_name,1855,Silverton Brewery,silverton brewery
brewery_name,1856,Silverton Brewery,silverton brewery
brewery_name,1857,Silverton Brewery,silverton brewery
brewery_name,1858,Sixpoint Craft Ales,sixpoint craft ales
brewery_name,1859,Sixpoint Craft Ales,sixpoint craft ales
brewery_name,1860,Sixpoint Craft Ales,sixpoint craft ales
brewery_name,1861,Sixpoint Craft Ales,sixpoint craft ales
brewery_name,1862,Sixpoint Craft Ales,sixpoint craft ales
brewery_name,1863,Sixpoint Craft Ales,sixpoint craft ales
brewery_name,1864,Sixpoint Craft Ales,sixpoint craft ales
brewery_name,1865,Sixpoint Craft Ales,sixpoint craft ales
brewery_name,1866,Sixpoint Craft Ales,sixpoint craft ales
brewery_name,1867,Sixpoint Craft Ales,sixpoint craft ales
brewery_name,1868,Sixpoint Craft Ales,sixpoint craft ales
brewery_name,1869,Sixpoint Craft Ales,sixpoint craft ales
brewery_name,1870,Sixpoint Craft Ales,sixpoint craft ales
brewery_name,1871,Sixpoint Craft Ales,sixpoint craft ales
brewery_name,1872,Sixpoint Craft Ales,sixpoint craft ales
brewery_name,1873,Sixpoint Craft Ales,sixpoint craft ales
brewery_name,1874,Sixpoint Craft Ales,sixpoint craft ales
brewery_name,1875,Sixpoint Craft Ales,sixpoint craft ales
brewery_name,1876,Sixpoint Craft Ales,sixpoint craft ales
brewery_name,1877,Sixpoint Craft Ales,sixpoint craft ales
brewery_name,1878,Sixpoint Craft Ales,sixpoint craft ales
brewery_name,1879,Sixpoint Craft Ales,sixpoint craft ales
brewery_name,1880,Sixpoint Craft Ales,sixpoint craft ales
brewery_name,1881,Sixpoint Craft Ales,sixpoint craft ales
brewery_name,1882,Ska Brewing Company,ska brewing company
brewery_name,1883,Ska Brewing Company,ska brewing company
brewery_name,1884,Ska Brewing Company,ska brewing company
brewery_name,1885,Ska Brewing Company,ska brewing company
brewery_name,1886,Ska Brewing Company,ska brewing company
brewery_name,1887,Ska Brewing Company,ska brewing company
brewery_name,1888,Ska Brewing Company,ska brewing company
brewery_name,1889,Ska Brewing Company,ska brewing company
brewery_name,1890,Ska Brewing Company,ska brewing company
brewery_name,1891,Ska Brewing Company,ska brewing company
brewery_name,1892,Ska Brewing Company,ska brewing company
brewery_name,1893,Ska Brewing Company,ska brewing company
brewery_name,1894,Slanted Rock Brewing Company,slanted rock brewing company
brewery_name,1895,Slanted Rock Brewing Company,slanted rock brewing company
brewery_name,1896,SlapShot Brewing Company,slapshot brewing company
brewery_name,1897,SlapShot Brewing Company,slapshot brewing company
brewery_name,1898,Sleeping Lady Brewing Company,sleeping lady brewing company
brewery_name,1899,Sly Fox Brewing Company,sly fox brewing company
brewery_name,1900,Sly Fox Brewing Company,sly fox brewing company
brewery_name,1901,Sly Fox Brewing Company,sly fox brewing company
brewery_name,1902,Sly Fox Brewing Company,sly fox brewing company
brewery_name,1903,Sly Fox Brewing Company,sly fox brewing company
brewery_name,1904,Sly Fox Brewing Company,sly fox brewing company
brewery_name,1905,Sly Fox Brewing Company,sly fox brewing company
brewery_name,1906,Sly Fox Brewing Company,sly fox brewing company
brewery_name,1907,Sly Fox Brewing Company,sly fox brewing company
brewery_name,1908,Sly Fox Brewing Company,sly fox brewing company
brewery_name,1909,Sly Fox Brewing Company,sly fox brewing company
brewery_name,1910,Sly Fox Brewing Company,sly fox brewing company
brewery_name,1911,Sly Fox Brewing Company,sly fox brewing company
brewery_name,1912,Smartmouth Brewing Company,smartmouth brewing company
brewery_name,1913,Smartmouth Brewing Company,smartmouth brewing company
brewery_name,1914,Smartmouth Brewing Company,smartmouth brewing company
brewery_name,1915,Snake River Brewing Company,snake river brewing company
brewery_name,1916,Snake River Brewing Company,snake river brewing company
brewery_name,1917,Snake River Brewing Company,snake river brewing company
brewery_name,1918,Snake River Brewing Company,snake river brewing company
brewery_name,1919,Snake River Brewing Company,snake river brewing company
brewery_name,1920,Snake River Brewing Company,snake river brewing company
brewery_name,1921,Snake River Brewing Company,snake river brewing company
brewery_name,1922,Sockeye Brewing Company,sockeye brewing company
brewery_name,1923,Sockeye Brewing Company,sockeye brewing company
brewery_name,1924,Sockeye Brewing Company,sockeye brewing company
brewery_name,1925,Sockeye Brewing Company,sockeye brewing company
brewery_name,1926,Sockeye Brewing Company,sockeye brewing company
brewery_name,1927,Sockeye Brewing Company,sockeye brewing company
brewery_name,1928,Sockeye Brewing Company,sockeye brewing company
brewery_name,1929,Sockeye Brewing Company,sockeye brewing company
brewery_name,1930,Sockeye Brewing Company,sockeye brewing company
brewery_name,1931,Sockeye Brewing Company,sockeye brewing company
brewery_name,1932,Sockeye Brewing Company,sockeye brewing company
brewery_name,1933,Sockeye Brewing Company,sockeye brewing company
brewery_name,1934,Sockeye Brewing Company,sockeye brewing company
brewery_name,1935,Sockeye Brewing Company,sockeye brewing company
brewery_name,1936,Sockeye Brewing Company,sockeye brewing company
brewery_name,1937,Sockeye Brewing Company,sockeye brewing company
brewery_name,1938,Sockeye Brewing Company,sockeye brewing company
brewery_name,1939,South Austin Brewery,south austin brewery
brewery_name,1940,South Austin Brewery,south austin brewery
brewery_name,1941,South Austin Brewery,south austin brewery
brewery_name,1942,South Austin Brewery,south austin brewery
brewery_name,1943,Southampton Publick House,southampton publick house
brewery_name,1944,Southern Oregon Brewing Company,southern oregon brewing company
brewery_name,1945,Southern Oregon Brewing Company,southern oregon brewing company
brewery_name,1946,Southern Prohibition Brewing Com...,southern prohibition brewing com...
brewery_name,1947,Southern Prohibition Brewing Com...,southern prohibition brewing com...
brewery_name,1948,Southern Prohibition Brewing Com...,southern prohibition brewing com...
brewery_name,1949,Southern Prohibition Brewing Com...,southern prohibition brewing com...
brewery_name,1950,Southern Prohibition Brewing Com...,southern prohibition brewing com...
brewery_name,1951,Southern Prohibition Brewing Com...,southern prohibition brewing com...
brewery_name,1952,Southern Prohibition Brewing Com...,southern prohibition brewing com...
brewery_name,1953,Southern Prohibition Brewing Com...,southern prohibition brewing com...
brewery_name,1954,Southern Prohibition Brewing Com...,southern prohibition brewing com...
brewery_name,1955,Southern Star Brewing Company,southern star brewing company
brewery_name,1956,Southern Star Brewing Company,southern star brewing company
brewery_name,1957,Southern Star Brewing Company,southern star brewing company
brewery_name,1958,Southern Star Brewing Company,southern star brewing company
brewery_name,1959,Southern Star Brewing Company,southern star brewing company
brewery_name,1960,Southern Star Brewing Company,southern star brewing company
brewery_name,1961,Southern Star Brewing Company,southern star brewing company
brewery_name,1962,Southern Star Brewing Company,southern star brewing company
brewery_name,1963,Southern Star Brewing Company,southern star brewing company
brewery_name,1964,Southern Star Brewing Company,southern star brewing company
brewery_name,1965,Southern Star Brewing Company,southern star brewing company
brewery_name,1966,Southern Star Brewing Company,southern star brewing company
brewery_name,1967,Southern Star Brewing Company,southern star brewing company
brewery_name,1968,Southern Star Brewing Company,southern star brewing company
brewery_name,1969,Speakasy Ales & Lagers,speakasy ales & lagers
brewery_name,1970,Spilker Ales,spilker ales
brewery_name,1971,Spiteful Brewing Company,spiteful brewing company
brewery_name,1972,Spiteful Brewing Company,spiteful brewing company
brewery_name,1973,Spiteful Brewing Company,spiteful brewing company
brewery_name,1974,Spiteful Brewing Company,spiteful brewing company
brewery_name,1975,Spiteful Brewing Company,spiteful brewing company
brewery_name,1976,Spiteful Brewing Company,spiteful brewing company
brewery_name,1977,Spiteful Brewing Company,spiteful brewing company
brewery_name,1978,Spiteful Brewing Company,spiteful brewing company
brewery_name,1979,Spiteful Brewing Company,spiteful brewing company
brewery_name,1980,Spiteful Brewing Company,spiteful brewing company
brewery_name,1981,Spiteful Brewing Company,spiteful brewing company
brewery_name,1982,Spiteful Brewing Company,spiteful brewing company
brewery_name,1983,Sprecher Brewing Company,sprecher brewing company
brewery_name,1984,Sprecher Brewing Company,sprecher brewing company
brewery_name,1985,Spring House Brewing Company,spring house brewing company
brewery_name,1986,St. Julian Winery,st. julian winery
brewery_name,1987,Starr Hill Brewery,starr hill brewery
brewery_name,1988,Starr Hill Brewery,starr hill brewery
brewery_name,1989,Starr Hill Brewery,starr hill brewery
brewery_name,1990,Starr Hill Brewery,starr hill brewery
brewery_name,1991,Steamworks Brewing Company,steamworks brewing company
brewery_name,1992,Steamworks Brewing Company,steamworks brewing company
brewery_name,1993,Steamworks Brewing Company,steamworks brewing company
brewery_name,1994,Steamworks Brewing Company,steamworks brewing company
brewery_name,1995,Stevens Point Brewery,stevens point brewery
brewery_name,1996,Stevens Point Brewery,stevens point brewery
brewery_name,1997,Stevens Point Brewery,stevens point brewery
brewery_name,1998,Stevens Point Brewery,stevens point brewery
brewery_name,1999,Stevens Point Brewery,stevens point brewery
brewery_name,2000,Stevens Point Brewery,stevens point brewery
brewery_name,2001,Stevens Point Brewery,stevens point brewery
brewery_name,2002,Stevens Point Brewery,stevens point brewery
brewery_name,2003,Stevens Point Brewery,stevens point brewery
brewery_name,2004,Stevens Point Brewery,stevens point brewery
brewery_name,2005,Stevens Point Brewery,stevens point brewery
brewery_name,2006,Stevens Point Brewery,stevens point brewery
brewery_name,2007,Stevens Point Brewery,stevens point brewery
brewery_name,2008,Stevens Point Brewery,stevens point brewery
brewery_name,2009,Stevens Point Brewery,stevens point brewery
brewery_name,2010,Stevens Point Brewery,stevens point brewery
brewery_name,2011,Stevens Point Brewery,stevens point brewery
brewery_name,2012,Stevens Point Brewery,stevens point brewery
brewery_name,2013,Stevens Point Brewery,stevens point brewery
brewery_name,2014,Stevens Point Brewery,stevens point brewery
brewery_name,2015,Stevens Point Brewery,stevens point brewery
brewery_name,2016,Stevens Point Brewery,stevens point brewery
brewery_name,2017,Stillmank Beer Company,stillmank beer company
brewery_name,2018,Stillwater Artisanal Ales,stillwater artisanal ales
brewery_name,2019,Stillwater Artisanal Ales,stillwater artisanal ales
brewery_name,2020,Stillwater Artisanal Ales,stillwater artisanal ales
brewery_name,2021,Stone Coast Brewing Company,stone coast brewing company
brewery_name,2022,Straight to Ale,straight to ale
brewery_name,2023,Straight to Ale,straight to ale
brewery_name,2024,Straight to Ale,straight to ale
brewery_name,2025,Straub Brewery,straub brewery
brewery_name,2026,Straub Brewery,straub brewery
brewery_name,2027,Straub Brewery,straub brewery
brewery_name,2028,Straub Brewery,straub brewery
brewery_name,2029,Summit Brewing Company,summit brewing company
brewery_name,2030,Summit Brewing Company,summit brewing company
brewery_name,2031,Summit Brewing Company,summit brewing company
brewery_name,2032,Summit Brewing Company,summit brewing company
brewery_name,2033,Sun King Brewing Company,sun king brewing company
brewery_name,2034,Sun King Brewing Company,sun king brewing company
brewery_name,2035,Sun King Brewing Company,sun king brewing company
brewery_name,2036,Sun King Brewing Company,sun king brewing company
brewery_name,2037,Sun King Brewing Company,sun king brewing company
brewery_name,2038,Sun King Brewing Company,sun king brewing company
brewery_name,2039,Sun King Brewing Company,sun king brewing company
brewery_name,2040,Sun King Brewing Company,sun king brewing company
brewery_name,2041,Sun King Brewing Company,sun king brewing company
brewery_name,2042,Sun King Brewing Company,sun king brewing company
brewery_name,2043,Sun King Brewing Company,sun king brewing company
brewery_name,2044,Sun King Brewing Company,sun king brewing company
brewery_name,2045,Sun King Brewing Company,sun king brewing company
brewery_name,2046,Sun King Brewing Company,sun king brewing company
brewery_name,2047,Sun King Brewing Company,sun king brewing company
brewery_name,2048,Sun King Brewing Company,sun king brewing company
brewery_name,2049,Sun King Brewing Company,sun king brewing company
brewery_name,2050,Sun King Brewing Company,sun king brewing company
brewery_name,2051,Sun King Brewing Company,sun king brewing company
brewery_name,2052,Sun King Brewing Company,sun king brewing company
brewery_name,2053,Sun King Brewing Company,sun king brewing company
brewery_name,2054,Sun King Brewing Company,sun king brewing company
brewery_name,2055,Sun King Brewing Company,sun king brewing company
brewery_name,2056,Sun King Brewing Company,sun king brewing company
brewery_name,2057,Sun King Brewing Company,sun king brewing company
brewery_name,2058,Sun King Brewing Company,sun king brewing company
brewery_name,2059,Sun King Brewing Company,sun king brewing company
brewery_name,2060,Sun King Brewing Company,sun king brewing company
brewery_name,2061,Sun King Brewing Company,sun king brewing company
brewery_name,2062,Sun King Brewing Company,sun king brewing company
brewery_name,2063,Sun King Brewing Company,sun king brewing company
brewery_name,2064,Sun King Brewing Company,sun king brewing company
brewery_name,2065,Sun King Brewing Company,sun king brewing company
brewery_name,2066,Sun King Brewing Company,sun king brewing company
brewery_name,2067,Sun King Brewing Company,sun king brewing company
brewery_name,2068,Sun King Brewing Company,sun king brewing company
brewery_name,2069,Sun King Brewing Company,sun king brewing company
brewery_name,2070,Sun King Brewing Company,sun king brewing company
brewery_name,2071,Sunken City Brewing Company,sunken city brewing company
brewery_name,2072,Sunken City Brewing Company,sunken city brewing company
brewery_name,2073,Surly Brewing Company,surly brewing company
brewery_name,2074,Surly Brewing Company,surly brewing company
brewery_name,2075,Surly Brewing Company,surly brewing company
brewery_name,2076,Surly Brewing Company,surly brewing company
brewery_name,2077,Surly Brewing Company,surly brewing company
brewery_name,2078,Surly Brewing Company,surly brewing company
brewery_name,2079,Surly Brewing Company,surly brewing company
brewery_name,2080,Surly Brewing Company,surly brewing company
brewery_name,2081,Surly Brewing Company,surly brewing company
brewery_name,2082,Surly Brewing Company,surly brewing company
brewery_name,2083,Surly Brewing Company,surly brewing company
brewery_name,2084,Surly Brewing Company,surly brewing company
brewery_name,2085,Surly Brewing Company,surly brewing company
brewery_name,2086,Swamp Head Brewery,swamp head brewery
brewery_name,2087,Swamp Head Brewery,swamp head brewery
brewery_name,2088,Swamp Head Brewery,swamp head brewery
brewery_name,2089,Swamp Head Brewery,swamp head brewery
brewery_name,2090,Swamp Head Brewery,swamp head brewery
brewery_name,2091,Swashbuckler Brewing Company,swashbuckler brewing company
brewery_name,2092,SweetWater Brewing Company,sweetwater brewing company
brewery_name,2093,SweetWater Brewing Company,sweetwater brewing company
brewery_name,2094,SweetWater Brewing Company,sweetwater brewing company
brewery_name,2095,SweetWater Brewing Company,sweetwater brewing company
brewery_name,2096,TailGate Beer,tailgate beer
brewery_name,2097,TailGate Beer,tailgate beer
brewery_name,2098,TailGate Beer,tailgate beer
brewery_name,2099,TailGate Beer,tailgate beer
brewery_name,2100,TailGate Beer,tailgate beer
brewery_name,2101,TailGate Beer,tailgate beer
brewery_name,2102,TailGate Beer,tailgate beer
brewery_name,2103,TailGate Beer,tailgate beer
brewery_name,2104,Tallgrass Brewing Company,tallgrass brewing company
brewery_name,2105,Tallgrass Brewing Company,tallgrass brewing company
brewery_name,2106,Tallgrass Brewing Company,tallgrass brewing company
brewery_name,2107,Tallgrass Brewing Company,tallgrass brewing company
brewery_name,2108,Tallgrass Brewing Company,tallgrass brewing company
brewery_name,2109,Tallgrass Brewing Company,tallgrass brewing company
brewery_name,2110,Tallgrass Brewing Company,tallgrass brewing company
brewery_name,2111,Tallgrass Brewing Company,tallgrass brewing company
brewery_name,2112,Tallgrass Brewing Company,tallgrass brewing company
brewery_name,2113,Tallgrass Brewing Company,tallgrass brewing company
brewery_name,2114,Tallgrass Brewing Company,tallgrass brewing company
brewery_name,2115,Tallgrass Brewing Company,tallgrass brewing company
brewery_name,2116,Tallgrass Brewing Company,tallgrass brewing company
brewery_name,2117,Tallgrass Brewing Company,tallgrass brewing company
brewery_name,2118,Tallgrass Brewing Company,tallgrass brewing company
brewery_name,2119,Tallgrass Brewing Company,tallgrass brewing company
brewery_name,2120,Tallgrass Brewing Company,tallgrass brewing company
brewery_name,2121,Tallgrass Brewing Company,tallgrass brewing company
brewery_name,2122,Tamarack Brewing Company,tamarack brewing company
brewery_name,2123,Tamarack Brewing Company,tamarack brewing company
brewery_name,2124,Tampa Bay Brewing Company,tampa bay brewing company
brewery_name,2125,Tampa Bay Brewing Company,tampa bay brewing company
brewery_name,2126,Tapistry Brewing,tapistry brewing
brewery_name,2127,Tapistry Brewing,tapistry brewing
brewery_name,2128,Tapistry Brewing,tapistry brewing
brewery_name,2129,Taxman Brewing Company,taxman brewing company
brewery_name,2130,Telluride Brewing Company,telluride brewing company
brewery_name,2131,Telluride Brewing Company,telluride brewing company
brewery_name,2132,Telluride Brewing Company,telluride brewing company
brewery_name,2133,Temperance Beer Company,temperance beer company
brewery_name,2134,Temperance Beer Company,temperance beer company
brewery_name,2135,Temperance Beer Company,temperance beer company
brewery_name,2136,Terrapin Brewing Company,terrapin brewing company
brewery_name,2137,Texian Brewing Co.,texian brewing co.
brewery_name,2138,Texian Brewing Co.,texian brewing co.
brewery_name,2139,Texian Brewing Co.,texian brewing co.
brewery_name,2140,Texian Brewing Co.,texian brewing co.
brewery_name,2141,The Alchemist,the alchemist
brewery_name,2142,The Alchemist,the alchemist
brewery_name,2143,The Alchemist,the alchemist
brewery_name,2144,The Alchemist,the alchemist
brewery_name,2145,The Alchemist,the alchemist
brewery_name,2146,The Alchemist,the alchemist
brewery_name,2147,The Black Tooth Brewing Company,the black tooth brewing company
brewery_name,2148,The Black Tooth Brewing Company,the black tooth brewing company
brewery_name,2149,The Black Tooth Brewing Company,the black tooth brewing company
brewery_name,2150,The Black Tooth Brewing Company,the black tooth brewing company
brewery_name,2151,The Brewer's Art,the brewer's art
brewery_name,2152,The Brewer's Art,the brewer's art
brewery_name,2153,The Brewer's Art,the brewer's art
brewery_name,2154,The Bronx Brewery,the bronx brewery
brewery_name,2155,The Bronx Brewery,the bronx brewery
brewery_name,2156,The Bronx Brewery,the bronx brewery
brewery_name,2157,The Dudes' Brewing Company,the dudes' brewing company
brewery_name,2158,The Dudes' Brewing Company,the dudes' brewing company
brewery_name,2159,The Dudes' Brewing Company,the dudes' brewing company
brewery_name,2160,The Dudes' Brewing Company,the dudes' brewing company
brewery_name,2161,The Dudes' Brewing Company,the dudes' brewing company
brewery_name,2162,The Just Beer Project,the just beer project
brewery_name,2163,The Lion Brewery,the lion brewery
brewery_name,2164,The Manhattan Brewing Company,the manhattan brewing company
brewery_name,2165,The Mitten Brewing Company,the mitten brewing company
brewery_name,2166,The Right Brain Brewery,the right brain brewery
brewery_name,2167,The Right Brain Brewery,the right brain brewery
brewery_name,2168,The Right Brain Brewery,the right brain brewery
brewery_name,2169,The Traveler Beer Company,the traveler beer company
brewery_name,2170,Third Street Brewhouse,third street brewhouse
brewery_name,2171,Third Street Brewhouse,third street brewhouse
brewery_name,2172,Third Street Brewhouse,third street brewhouse
brewery_name,2173,Third Street Brewhouse,third street brewhouse
brewery_name,2174,Thomas Hooker Brewing Company,thomas hooker brewing company
brewery_name,2175,Three Creeks Brewing,three creeks brewing
brewery_name,2176,Three Creeks Brewing,three creeks brewing
brewery_name,2177,Three Creeks Brewing,three creeks brewing
brewery_name,2178,Three Notch'd Brewing Company,three notch'd brewing company
brewery_name,2179,Three Notch'd Brewing Company,three notch'd brewing company
brewery_name,2180,Three Pints Brewing,three pints brewing
brewery_name,2181,Three Pints Brewing,three pints brewing
brewery_name,2182,Three Pints Brewing,three pints brewing
brewery_name,2183,Three Pints Brewing,three pints brewing
brewery_name,2184,Thunderhead Brewing Company,thunderhead brewing company
brewery_name,2185,Thunderhead Brewing Company,thunderhead brewing company
brewery_name,2186,Thunderhead Brewing Company,thunderhead brewing company
brewery_name,2187,Thunderhead Brewing Company,thunderhead brewing company
brewery_name,2188,Tin Man Brewing Company,tin man brewing company
brewery_name,2189,Tin Man Brewing Company,tin man brewing company
brewery_name,2190,Tin Man Brewing Company,tin man brewing company
brewery_name,2191,Tin Man Brewing Company,tin man brewing company
brewery_name,2192,Tin Man Brewing Company,tin man brewing company
brewery_name,2193,Tin Man Brewing Company,tin man brewing company
brewery_name,2194,Tin Man Brewing Company,tin man brewing company
brewery_name,2195,Tin Man Brewing Company,tin man brewing company
brewery_name,2196,Tin Man Brewing Company,tin man brewing company
brewery_name,2197,Tin Roof Brewing Company,tin roof brewing company
brewery_name,2198,Tin Roof Brewing Company,tin roof brewing company
brewery_name,2199,Tin Roof Brewing Company,tin roof brewing company
brewery_name,2200,Tin Roof Brewing Company,tin roof brewing company
brewery_name,2201,Tin Roof Brewing Company,tin roof brewing company
brewery_name,2202,Tin Roof Brewing Company,tin roof brewing company
brewery_name,2203,Tin Roof Brewing Company,tin roof brewing company
brewery_name,2204,Tommyknocker Brewery,tommyknocker brewery
brewery_name,2205,Tommyknocker Brewery,tommyknocker brewery
brewery_name,2206,Tonka Beer Company,tonka beer company
brewery_name,2207,Tonka Beer Company,tonka beer company
brewery_name,2208,Tractor Brewing Company,tractor brewing company
brewery_name,2209,Tractor Brewing Company,tractor brewing company
brewery_name,2210,Tractor Brewing Company,tractor brewing company
brewery_name,2211,Triangle Brewing Company,triangle brewing company
brewery_name,2212,Triangle Brewing Company,triangle brewing company
brewery_name,2213,Triangle Brewing Company,triangle brewing company
brewery_name,2214,Tr?egs Brewing Company,tr?egs brewing company
brewery_name,2215,Tr?egs Brewing Company,tr?egs brewing company
brewery_name,2216,Tr?egs Brewing Company,tr?egs brewing company
brewery_name,2217,Tr?egs Brewing Company,tr?egs brewing company
brewery_name,2218,Tr?egs Brewing Company,tr?egs brewing company
brewery_name,2219,Twin Lakes Brewing Company,twin lakes brewing company
brewery_name,2220,Twisted Pine Brewing Company,twisted pine brewing company
brewery_name,2221,Twisted X Brewing Company,twisted x brewing company
brewery_name,2222,Twisted X Brewing Company,twisted x brewing company
brewery_name,2223,Twisted X Brewing Company,twisted x brewing company
brewery_name,2224,Two Beers Brewing Company,two beers brewing company
brewery_name,2225,Two Beers Brewing Company,two beers brewing company
brewery_name,2226,Two Beers Brewing Company,two beers brewing company
brewery_name,2227,Two Beers Brewing Company,two beers brewing company
brewery_name,2228,Two Beers Brewing Company,two beers brewing company
brewery_name,2229,Two Beers Brewing Company,two beers brewing company
brewery_name,2230,Two Beers Brewing Company,two beers brewing company
brewery_name,2231,Two Beers Brewing Company,two beers brewing company
brewery_name,2232,Two Beers Brewing Company,two beers brewing company
brewery_name,2233,Two Beers Brewing Company,two beers brewing company
brewery_name,2234,Two Beers Brewing Company,two beers brewing company
brewery_name,2235,Two Beers Brewing Company,two beers brewing company
brewery_name,2236,Two Brothers Brewing Company,two brothers brewing company
brewery_name,2237,Two Brothers Brewing Company,two brothers brewing company
brewery_name,2238,Two Brothers Brewing Company,two brothers brewing company
brewery_name,2239,Two Brothers Brewing Company,two brothers brewing company
brewery_name,2240,Two Brothers Brewing Company,two brothers brewing company
brewery_name,2241,Two Brothers Brewing Company,two brothers brewing company
brewery_name,2242,Two Brothers Brewing Company,two brothers brewing company
brewery_name,2243,Two Brothers Brewing Company,two brothers brewing company
brewery_name,2244,Two Brothers Brewing Company,two brothers brewing company
brewery_name,2245,Two Brothers Brewing Company,two brothers brewing company
brewery_name,2246,Two Henrys Brewing Company,two henrys brewing company
brewery_name,2247,Two Roads Brewing Company,two roads brewing company
brewery_name,2248,Two Roads Brewing Company,two roads brewing company
brewery_name,2249,Two Roads Brewing Company,two roads brewing company
brewery_name,2250,Two Roads Brewing Company,two roads brewing company
brewery_name,2251,Two Roads Brewing Company,two roads brewing company
brewery_name,2252,Uinta Brewing Company,uinta brewing company
brewery_name,2253,Uinta Brewing Company,uinta brewing company
brewery_name,2254,Uinta Brewing Company,uinta brewing company
brewery_name,2255,Uinta Brewing Company,uinta brewing company
brewery_name,2256,Uinta Brewing Company,uinta brewing company
brewery_name,2257,Uinta Brewing Company,uinta brewing company
brewery_name,2258,Uinta Brewing Company,uinta brewing company
brewery_name,2259,Uinta Brewing Company,uinta brewing company
brewery_name,2260,Uinta Brewing Company,uinta brewing company
brewery_name,2261,Ukiah Brewing Company,ukiah brewing company
brewery_name,2262,Uncle Billy's Brewery and Smokeh...,uncle billy's brewery and smokeh...
brewery_name,2263,Uncle Billy's Brewery and Smokeh...,uncle billy's brewery and smokeh...
brewery_name,2264,Uncle John's Fruit House Winery,uncle john's fruit house winery
brewery_name,2265,Uncle John's Fruit House Winery,uncle john's fruit house winery
brewery_name,2266,Uncle John's Fruit House Winery,uncle john's fruit house winery
brewery_name,2267,Uncommon Brewers,uncommon brewers
brewery_name,2268,Uncommon Brewers,uncommon brewers
brewery_name,2269,Uncommon Brewers,uncommon brewers
brewery_name,2270,Uncommon Brewers,uncommon brewers
brewery_name,2271,Uncommon Brewers,uncommon brewers
brewery_name,2272,Union Craft Brewing,union craft brewing
brewery_name,2273,Union Craft Brewing,union craft brewing
brewery_name,2274,Union Craft Brewing,union craft brewing
brewery_name,2275,Union Craft Brewing,union craft brewing
brewery_name,2276,Upland Brewing Company,upland brewing company
brewery_name,2277,Upland Brewing Company,upland brewing company
brewery_name,2278,Upland Brewing Company,upland brewing company
brewery_name,2279,Upslope Brewing Company,upslope brewing company
brewery_name,2280,Upslope Brewing Company,upslope brewing company
brewery_name,2281,Upslope Brewing Company,upslope brewing company
brewery_name,2282,Upslope Brewing Company,upslope brewing company
brewery_name,2283,Upslope Brewing Company,upslope brewing company
brewery_name,2284,Upslope Brewing Company,upslope brewing company
brewery_name,2285,Upslope Brewing Company,upslope brewing company
brewery_name,2286,Upslope Brewing Company,upslope brewing company
brewery_name,2287,Upslope Brewing Company,upslope brewing company
brewery_name,2288,Upslope Brewing Company,upslope brewing company
brewery_name,2289,Upslope Brewing Company,upslope brewing company
brewery_name,2290,Upslope Brewing Company,upslope brewing company
brewery_name,2291,Upslope Brewing Company,upslope brewing company
brewery_name,2292,Upslope Brewing Company,upslope brewing company
brewery_name,2293,Upslope Brewing Company,upslope brewing company
brewery_name,2294,Upslope Brewing Company,upslope brewing company
brewery_name,2295,Upslope Brewing Company,upslope brewing company
brewery_name,2296,Upslope Brewing Company,upslope brewing company
brewery_name,2297,Upstate Brewing Company,upstate brewing company
brewery_name,2298,Upstate Brewing Company,upstate brewing company
brewery_name,2299,Utah Brewers Cooperative,utah brewers cooperative
brewery_name,2300,Utah Brewers Cooperative,utah brewers cooperative
brewery_name,2301,Utah Brewers Cooperative,utah brewers cooperative
brewery_name,2302,Utah Brewers Cooperative,utah brewers cooperative
brewery_name,2303,Utah Brewers Cooperative,utah brewers cooperative
brewery_name,2304,Utah Brewers Cooperative,utah brewers cooperative
brewery_name,2305,Utah Brewers Cooperative,utah brewers cooperative
brewery_name,2306,Utah Brewers Cooperative,utah brewers cooperative
brewery_name,2307,Vander Mill Ciders,vander mill ciders
brewery_name,2308,Vander Mill Ciders,vander mill ciders
brewery_name,2309,Vander Mill Ciders,vander mill ciders
brewery_name,2310,Vander Mill Ciders,vander mill ciders
brewery_name,2311,Vander Mill Ciders,vander mill ciders
brewery_name,2312,Vault Brewing Company,vault brewing company
brewery_name,2313,Voodoo Brewery,voodoo brewery
brewery_name,2314,Voodoo Brewery,voodoo brewery
brewery_name,2315,Voodoo Brewery,voodoo brewery
brewery_name,2316,Voodoo Brewery,voodoo brewery
brewery_name,2317,Voodoo Brewery,voodoo brewery
brewery_name,2318,Voodoo Brewery,voodoo brewery
brewery_name,2319,Wachusett Brewing Company,wachusett brewing company
brewery_name,2320,Wachusett Brewing Company,wachusett brewing company
brewery_name,2321,Wachusett Brewing Company,wachusett brewing company
brewery_name,2322,Wachusett Brewing Company,wachusett brewing company
brewery_name,2323,Wachusett Brewing Company,wachusett brewing company
brewery_name,2324,Wachusett Brewing Company,wachusett brewing company
brewery_name,2325,Wachusett Brewing Company,wachusett brewing company
brewery_name,2326,Wachusett Brewing Company,wachusett brewing company
brewery_name,2327,Wachusett Brewing Company,wachusett brewing company
brewery_name,2328,Wachusett Brewing Company,wachusett brewing company
brewery_name,2329,Wachusett Brewing Company,wachusett brewing company
brewery_name,2330,Warbird Brewing Company,warbird brewing company
brewery_name,2331,Warped Wing Brewing Company,warped wing brewing company
brewery_name,2332,Warped Wing Brewing Company,warped wing brewing company
brewery_name,2333,Warped Wing Brewing Company,warped wing brewing company
brewery_name,2334,Warped Wing Brewing Company,warped wing brewing company
brewery_name,2335,West Sixth Brewing,west sixth brewing
brewery_name,2336,West Sixth Brewing,west sixth brewing
brewery_name,2337,West Sixth Brewing,west sixth brewing
brewery_name,2338,West Sixth Brewing,west sixth brewing
brewery_name,2339,Westbrook Brewing Company,westbrook brewing company
brewery_name,2340,Westbrook Brewing Company,westbrook brewing company
brewery_name,2341,Westbrook Brewing Company,westbrook brewing company
brewery_name,2342,Westbrook Brewing Company,westbrook brewing company
brewery_name,2343,Westfield River Brewing Company,westfield river brewing company
brewery_name,2344,Westfield River Brewing Company,westfield river brewing company
brewery_name,2345,Westfield River Brewing Company,westfield river brewing company
brewery_name,2346,Weston Brewing Company,weston brewing company
brewery_name,2347,Weston Brewing Company,weston brewing company
brewery_name,2348,Weston Brewing Company,weston brewing company
brewery_name,2349,Weston Brewing Company,weston brewing company
brewery_name,2350,Weston Brewing Company,weston brewing company
brewery_name,2351,Weston Brewing Company,weston brewing company
brewery_name,2352,Weston Brewing Company,weston brewing company
brewery_name,2353,White Birch Brewing,white birch brewing
brewery_name,2354,White Birch Brewing,white birch brewing
brewery_name,2355,White Birch Brewing,white birch brewing
brewery_name,2356,White Birch Brewing,white birch brewing
brewery_name,2357,White Flame Brewing Company,white flame brewing company
brewery_name,2358,Widmer Brothers Brewing Company,widmer brothers brewing company
brewery_name,2359,Widmer Brothers Brewing Company,widmer brothers brewing company
brewery_name,2360,Widmer Brothers Brewing Company,widmer brothers brewing company
brewery_name,2361,Wild Onion Brewing Company,wild onion brewing company
brewery_name,2362,Wild Onion Brewing Company,wild onion brewing company
brewery_name,2363,Wild Onion Brewing Company,wild onion brewing company
brewery_name,2364,Wild Onion Brewing Company,wild onion brewing company
brewery_name,2365,Wild Onion Brewing Company,wild onion brewing company
brewery_name,2366,Wild Onion Brewing Company,wild onion brewing company
brewery_name,2367,Wild Onion Brewing Company,wild onion brewing company
brewery_name,2368,Wild Onion Brewing Company,wild onion brewing company
brewery_name,2369,Wild Onion Brewing Company,wild onion brewing company
brewery_name,2370,Wild Onion Brewing Company,wild onion brewing company
brewery_name,2371,Wild Wolf Brewing Company,wild wolf brewing company
brewery_name,2372,Wild Wolf Brewing Company,wild wolf brewing company
brewery_name,2373,Wild Wolf Brewing Company,wild wolf brewing company
brewery_name,2374,Wild Wolf Brewing Company,wild wolf brewing company
brewery_name,2375,Wildwood Brewing Company,wildwood brewing company
brewery_name,2376,Wildwood Brewing Company,wildwood brewing company
brewery_name,2377,Wildwood Brewing Company,wildwood brewing company
brewery_name,2378,Wind River Brewing Company,wind river brewing company
brewery_name,2379,Wind River Brewing Company,wind river brewing company
brewery_name,2380,Wingman Brewers,wingman brewers
brewery_name,2381,Wingman Brewers,wingman brewers
brewery_name,2382,Wisconsin Brewing Company,wisconsin brewing company
brewery_name,2383,Wisconsin Brewing Company,wisconsin brewing company
brewery_name,2384,Wisconsin Brewing Company,wisconsin brewing company
brewery_name,2385,Wisconsin Brewing Company,wisconsin brewing company
brewery_name,2386,Wiseacre Brewing Company,wiseacre brewing company
brewery_name,2387,Wiseacre Brewing Company,wiseacre brewing company
brewery_name,2388,Wiseacre Brewing Company,wiseacre brewing company
brewery_name,2389,Witch's Hat Brewing Company,witch's hat brewing company
brewery_name,2390,Witch's Hat Brewing Company,witch's hat brewing company
brewery_name,2391,Wolf Hills Brewing Company,wolf hills brewing company
brewery_name,2392,Wolverine State Brewing Company,wolverine state brewing company
brewery_name,2393,Woodchuck Hard Cider,woodchuck hard cider
brewery_name,2394,"Woodstock Inn, Station & Brewery","woodstock inn, station & brewery"
brewery_name,2395,"Woodstock Inn, Station & Brewery","woodstock inn, station & brewery"
brewery_name,2396,Wormtown Brewery,wormtown brewery
brewery_name,2397,Worthy Brewing Company,worthy brewing company
brewery_name,2398,Worthy Brewing Company,worthy brewing company
brewery_name,2399,Worthy Brewing Company,worthy brewing company
brewery_name,2400,Worthy Brewing Company,worthy brewing company
brewery_name,2401,Worthy Brewing Company,worthy brewing company
brewery_name,2402,Wynkoop Brewing Company,wynkoop brewing company
brewery_name,2403,Wynkoop Brewing Company,wynkoop brewing company
brewery_name,2404,Wynkoop Brewing Company,wynkoop brewing company
brewery_name,2405,Wynkoop Brewing Company,wynkoop brewing company
brewery_name,2406,Wynkoop Brewing Company,wynkoop brewing company
brewery_name,2407,Wynkoop Brewing Company,wynkoop brewing company
brewery_name,2408,Wynkoop Brewing Company,wynkoop brewing company
brewery_name,2409,Wynkoop Brewing Company,wynkoop brewing company
brewery_name,2410,Wynkoop Brewing Company,wynkoop brewing company
city,1,Bend,bend
city,2,Gary,gary
city,3,Gary,gary
city,4,Gary,gary
city,5,Gary,gary
city,6,Gary,gary
city,7,Gary,gary
city,8,Gary,gary
city,9,Gary,gary
city,10,Gary,gary
city,11,Gary,gary
city,12,Gary,gary
city,13,Gary,gary
city,14,Gary,gary
city,15,Gary,gary
city,16,Corvallis,corvallis
city,17,Corvallis,corvallis
city,18,Corvallis,corvallis
city,19,Corvallis,corvallis
city,20,San Francisco,san francisco
city,21,San Francisco,san francisco ca
city,22,San Francisco,san francisco
city,23,San Francisco,san francisco
city,24,San Francisco,san francisco
city,25,San Francisco,san francisco
city,26,San Francisco,san francisco
city,27,San Francisco,san francisco
city,28,San Francisco,san francisco
city,29,San Francisco,san francisco
city,30,San Francisco,san francisco
city,31,San Francisco,san francisco
city,32,San Francisco,san francisco
city,33,San Francisco,san francisco
city,34,San Francisco,san francisco
city,35,San Francisco,san francisco
city,36,San Francisco,san francisco
city,37,San Francisco,san francisco
city,38,San Francisco,san francisco
city,39,San Francisco,san francisco
city,40,St Petersburg,st petersburg
city,41,St Petersburg,st petersburg
city,42,St Petersburg,st petersburg
city,43,Saint Louis,saint louis
city,44,Saint Louis,saint louis
city,45,Saint Louis,saint louis
city,46,Saint Louis,saint louis
city,47,Saint Louis,saint louis
city,48,Saint Louis,saint louis mo
city,49,Saint Louis,saint louis
city,50,Saint Louis,saint louis
city,51,Columbus,columbus
city,52,Columbus,columbus
city,53,Columbus,columbus
city,54,Columbus,columbus
city,55,Columbus,columbus
city,56,Columbus,columbus
city,57,Columbus,columbus
city,58,Gig Harbor,gig harbor
city,59,Gig Harbor,gig harbor
city,60,Gig Harbor,gig harbor
city,61,Gig Harbor,gig harbor
city,62,Dunedin,dunedin
city,63,Golden,golden
city,64,Golden,golden
city,65,Abita Springs,abita springs
city,66,Abita Springs,abita springs
city,67,Abita Springs,abita springs
city,68,Louisville,louisville
city,69,Louisville,louisville
city,70,Louisville,louisville
city,71,Louisville,louisville
city,72,Louisville,louisville
city,73,Louisville,louisville
city,74,Louisville,louisville
city,75,Louisville,louisville
city,76,Louisville,louisville
city,77,Louisville,louisville
city,78,Louisville,louisville
city,79,Louisville,louisville
city,80,Louisville,louisville
city,81,Louisville,louisville
city,82,Louisville,louisville
city,83,Kent,kent
city,84,Kent,kent
city,85,Kent,kent
city,86,Portland,portland
city,87,Portland,portland
city,88,Portland,portland
city,89,Juneau,juneau
city,90,Juneau,juneau
city,91,Madison,madison wi
city,92,Lexington,lexington
city,93,Lexington,lexington
city,94,Washougal,washougal
city,95,Washougal,washougal
city,96,Washougal,washougal
city,97,San Francisco,san francisco
city,98,San Francisco,san francisco
city,99,San Francisco,san francisco
city,100,San Francisco,san francisco
city,101,San Francisco,san francisco
city,102,Boonville,boonville
city,103,Boonville,boonville
city,104,Boonville,boonville
city,105,Boonville,boonville
city,106,Boonville,boonville
city,107,Boonville,boonville
city,108,Boonville,boonville
city,109,Boonville,boonville
city,110,Boonville,boonville
city,111,Boonville,boonville
city,112,Boonville,boonville
city,113,Boonville,boonville
city,114,Boonville,boonville
city,115,Boonville,boonville
city,116,Boonville,boonville
city,117,Boonville,boonville
city,118,Boonville,boonville
city,119,Boonville,boonville
city,120,Hayward,hayward
city,121,Hayward,hayward
city,122,Hayward,hayward wi
city,123,Cincinnati,cincinnati
city,124,Cincinnati,cincinnati
city,125,Cincinnati,cincinnati
city,126,Oklahoma City,oklahoma city
city,127,Oklahoma City,oklahoma city
city,128,Oklahoma City,oklahoma city
city,129,Boone,boone
city,130,Boone,boone
city,131,Boone,boone
city,132,Battle Creek,battle creek
city,133,Battle Creek,battle creek
city,134,Colorado Springs,colorado springs
city,135,Denton,denton tx
city,136,Denton,denton
city,137,South San Francisco,south san francisco
city,138,Boulder,boulder
city,139,Asheville,asheville
city,140,Asheville,asheville nc
city,141,Asheville,asheville
city,142,Bellingham,bellingham
city,143,Bellingham,bellingham
city,144,Bellingham,bellingham
city,145,Aspen,aspen
city,146,Aspen,aspen
city,147,Astoria,astoria
city,148,Astoria,astoria
city,149,Astoria,astoria
city,150,Astoria,astoria
city,151,Detroit,detroit
city,152,Detroit,detroit
city,153,Detroit,detroit
city,154,Detroit,detroit
city,155,Detroit,detroit
city,156,Detroit,detroit mi
city,157,Austin,austin
city,158,Austin,austin
city,159,Austin,austin
city,160,Austin,austin
city,161,Austin,austin
city,162,Boulder,boulder
city,163,Boulder,boulder
city,164,Boulder,boulder
city,165,Boulder,boulder
city,166,Boulder,boulder
city,167,Boulder,boulder
city,168,Fuquay-Varina,fuquay-varina
city,169,Fuquay-Varina,fuquay-varina
city,170,Fuquay-Varina,fuquay-varina
city,171,Fuquay-Varina,fuquay-varina
city,172,Fuquay-Varina,fuquay-varina
city,173,Fuquay-Varina,fuquay-varina
city,174,Bloomfield,bloomfield
city,175,Bloomfield,bloomfield
city,176,Bloomfield,bloomfield
city,177,Bloomfield,bloomfield
city,178,Bloomfield,bloomfield
city,179,Gadsden,gadsden
city,180,Gadsden,gadsden
city,181,Yakima,yakima
city,182,Yakima,yakima
city,183,San Diego,san diego
city,184,San Diego,san diego ca
city,185,San Diego,san diego
city,186,San Diego,san diego
city,187,San Diego,san diego
city,188,San Diego,san diego
city,189,Williamsburg,williamsburg
city,190,Williamsburg,williamsburg
city,191,Williamsburg,williamsburg
city,192,Granger,granger
city,193,Tucson,tucson
city,194,Tucson,tucson
city,195,Portland,portland
city,196,Portland,portland
city,197,Portland,portland
city,198,Portland,portland
city,199,Portland,portland
city,200,Minneapolis,minneapolis
city,201,Minneapolis,minneapolis
city,202,Minneapolis,minneapolis
city,203,Minneapolis,minneapolis
city,204,Lewiston,lewiston
city,205,Lewiston,lewiston
city,206,Lewiston,lewiston
city,207,Lewiston,lewiston
city,208,Lewiston,lewiston
city,209,Lewiston,lewiston
city,210,Lewiston,lewiston
city,211,Lewiston,lewiston
city,212,Lewiston,lewiston
city,213,Virginia Beach,virginia beach
city,214,Lowell,lowell
city,215,Lowell,lowell
city,216,Lowell,lowell
city,217,Lowell,lowell
city,218,Kalamazoo,kalamazoo
city,219,Kalamazoo,kalamazoo
city,220,Kalamazoo,kalamazoo
city,221,Kalamazoo,kalamazoo
city,222,Kalamazoo,kalamazoo
city,223,Kalamazoo,kalamazoo
city,224,Roseville,roseville
city,225,Roseville,roseville
city,226,Roseville,roseville
city,227,Duluth,duluth
city,228,Duluth,duluth
city,229,Duluth,duluth
city,230,Duluth,duluth
city,231,Duluth,duluth mn
city,232,Duluth,duluth
city,233,South Deerfield,south deerfield
city,234,South Deerfield,south deerfield
city,235,Alpine,alpine
city,236,Alpine,alpine
city,237,Alpine,alpine
city,238,Alpine,alpine
city,239,Alpine,alpine
city,240,Broomfield,broomfield
city,241,Broomfield,broomfield
city,242,Broomfield,broomfield
city,243,Broomfield,broomfield
city,244,Sheffield,sheffield
city,245,Sheffield,sheffield
city,246,Sheffield,sheffield
city,247,Holland,holland
city,248,Holland,holland
city,249,Murphysboro,murphysboro
city,250,Murphysboro,murphysboro
city,251,Chattanooga,chattanooga
city,252,Chattanooga,chattanooga
city,253,Missoula,missoula
city,254,Missoula,missoula
city,255,Missoula,missoula
city,256,Missoula,missoula
city,257,Missoula,missoula
city,258,Missoula,missoula
city,259,Missoula,missoula
city,260,Missoula,missoula
city,261,Missoula,missoula
city,262,Missoula,missoula
city,263,Missoula,missoula
city,264,Missoula,missoula
city,265,Odessa,odessa
city,266,Odessa,odessa
city,267,Vadnais Heights,vadnais heights
city,268,Vadnais Heights,vadnais heights
city,269,Vadnais Heights,vadnais heights
city,270,Vadnais Heights,vadnais heights
city,271,Vadnais Heights,vadnais heights
city,272,Charlotte,charlotte
city,273,Hamilton,hamilton
city,274,Hamilton,hamilton
city,275,Hamilton,hamilton
city,276,Indianapolis,indianapolis
city,277,Temecula,temecula
city,278,Temecula,temecula
city,279,Temecula,temecula
city,280,Temecula,temecula
city,281,Denver,denver
city,282,Denver,denver
city,283,Denver,denver
city,284,Denver,denver
city,285,Sheridan,sheridan
city,286,Sheridan,sheridan
city,287,Marquette,marquette
city,288,Marquette,marquette
city,289,Marquette,marquette
city,290,Marquette,marquette
city,291,Marquette,marquette
city,292,Marquette,marquette
city,293,Marquette,marquette
city,294,Lincoln,lincoln
city,295,Lincoln,lincoln
city,296,Lincoln,lincoln
city,297,Lincoln,lincoln
city,298,Lincoln,lincoln
city,299,Lincoln,lincoln
city,300,Lincoln,lincoln
city,301,Lincoln,lincoln
city,302,Lincoln,lincoln
city,303,Lincoln,lincoln
city,304,Lincoln,lincoln
city,305,Lincoln,lincoln
city,306,Lincoln,lincoln
city,307,Lincoln,lincoln
city,308,Eugene,eugene
city,309,Eugene,eugene
city,310,Canton,canton ma
city,311,Afton,afton va
city,312,Afton,afton
city,313,Afton,afton
city,314,Afton,afton
city,315,Arrington,arrington
city,316,Austin,austin
city,317,Austin,austin
city,318,Austin,austin
city,319,Austin,austin
city,320,Patchogue,patchogue
city,321,Patchogue,patchogue
city,322,Patchogue,patchogue
city,323,Patchogue,patchogue
city,324,Midvale,midvale
city,325,Midvale,midvale
city,326,Midvale,midvale
city,327,Midvale,midvale
city,328,Midvale,midvale
city,329,Jacksonville,jacksonville
city,330,Jacksonville,jacksonville
city,331,Jacksonville,jacksonville
city,332,Ridgefield Park,ridgefield park
city,333,Ridgefield Park,ridgefield park
city,334,New York,new york
city,335,New York,new york
city,336,Eagle,eagle
city,337,Eagle,eagle
city,338,Eagle,eagle
city,339,Eagle,eagle
city,340,Eagle,eagle
city,341,Eagle,eagle
city,342,Eagle,eagle
city,343,Eagle,eagle
city,344,Eagle,eagle
city,345,Eagle,eagle
city,346,Eagle,eagle
city,347,Eagle,eagle
city,348,Eagle,eagle
city,349,Eagle,eagle
city,350,Eagle,eagle
city,351,Eagle,eagle
city,352,Eagle,eagle
city,353,Eagle,eagle co
city,354,Eagle,eagle
city,355,Tucson,tucson
city,356,Boston,boston
city,357,Boston,boston
city,358,Boston,boston
city,359,Boston,boston
city,360,Boston,boston
city,361,Boston,boston
city,362,Boston,boston
city,363,Boston,boston
city,364,Boston,boston
city,365,Boulder,boulder
city,366,Boulder,boulder
city,367,Boulder,boulder
city,368,Kansas City,kansas city
city,369,West Chester,west chester
city,370,West Chester,west chester
city,371,West Chester,west chester
city,372,Bozeman,bozeman
city,373,Bozeman,bozeman
city,374,Bozeman,bozeman
city,375,Bozeman,bozeman
city,376,Bozeman,bozeman
city,377,San Antonio,san antonio
city,378,Portland,portland
city,379,Denver,denver
city,380,Denver,denver
city,381,Denver,denver
city,382,Denver,denver co
city,383,Tampa,tampa
city,384,Tampa,tampa
city,385,Tampa,tampa
city,386,Tampa,tampa
city,387,Plainfield,plainfield in
city,388,Traverse City,traverse city
city,389,Grand Rapids,grand rapids
city,390,Grand Rapids,grand rapids
city,391,Grand Rapids,grand rapids
city,392,Grand Rapids,grand rapids
city,393,Grand Rapids,grand rapids
city,394,Grand Rapids,grand rapids
city,395,Grand Rapids,grand rapids
city,396,Grand Rapids,grand rapids
city,397,Grand Rapids,grand rapids
city,398,Grand Rapids,grand rapids
city,399,Grand Rapids,grand rapids
city,400,Grand Rapids,grand rapids
city,401,Grand Rapids,grand rapids
city,402,Grand Rapids,grand rapids
city,403,Grand Rapids,grand rapids
city,404,Grand Rapids,grand rapids
city,405,Grand Rapids,grand rapids
city,406,Grand Rapids,grand rapids
city,407,Grand Rapids,grand rapids
city,408,Grand Rapids,grand rapids
city,409,Grand Rapids,grand rapids
city,410,Grand Rapids,grand rapids
city,411,Grand Rapids,grand rapids mi
city,412,Grand Rapids,grand rapids
city,413,Grand Rapids,grand rapids
city,414,Grand Rapids,grand rapids
city,415,Grand Rapids,grand rapids
city,416,Grand Rapids,grand rapids
city,417,Grand Rapids,grand rapids
city,418,Grand Rapids,grand rapids
city,419,Grand Rapids,grand rapids
city,420,Grand Rapids,grand rapids
city,421,Grand Rapids,grand rapids
city,422,Grand Rapids,grand rapids
city,423,Grand Rapids,grand rapids
city,424,Grand Rapids,grand rapids
city,425,Grand Rapids,grand rapids
city,426,Grand Rapids,grand rapids
city,427,Grand Rapids,grand rapids
city,428,Grand Rapids,grand rapids
city,429,Grand Rapids,grand rapids
city,430,Grand Rapids,grand rapids
city,431,Grand Rapids,grand rapids
city,432,Grand Rapids,grand rapids
city,433,Grand Rapids,grand rapids
city,434,Grand Rapids,grand rapids
city,435,Grand Rapids,grand rapids
city,436,Grand Rapids,grand rapids
city,437,Grand Rapids,grand rapids
city,438,Grand Rapids,grand rapids
city,439,Grand Rapids,grand rapids
city,440,Grand Rapids,grand rapids
city,441,Grand Rapids,grand rapids
city,442,Grand Rapids,grand rapids
city,443,Grand Rapids,grand rapids
city,444,Grand Rapids,grand rapids
city,445,Grand Rapids,grand rapids
city,446,Grand Rapids,grand rapids
city,447,Grand Rapids,grand rapids
city,448,Grand Rapids,grand rapids
city,449,Grand Rapids,grand rapids
city,450,Grand Rapids,grand rapids
city,451,Tampa Bay,tampa bay
city,452,Tampa Bay,tampa bay fl
city,453,East Windsor,east windsor
city,454,Anchorage,anchorage
city,455,Anchorage,anchorage
city,456,Anchorage,anchorage
city,457,Anchorage,anchorage
city,458,Brooklyn,brooklyn
city,459,Brooklyn,brooklyn
city,460,Brooklyn,brooklyn
city,461,Brooklyn,brooklyn
city,462,Brooklyn,brooklyn ny
city,463,Brooklyn,brooklyn
city,464,Reno,reno
city,465,Reno,reno
city,466,Reno,reno
city,467,Reno,reno nv
city,468,Reno,reno
city,469,Reno,reno
city,470,Reno,reno
city,471,Cleveland,cleveland
city,472,Lyons,lyons
city,473,Houston,houston tx
city,474,Houston,houston
city,475,Houston,houston
city,476,Michigan City,michigan city
city,477,Michigan City,michigan city
city,478,Michigan City,michigan city
city,479,Michigan City,michigan city
city,480,Michigan City,michigan city
city,481,Michigan City,michigan city
city,482,Michigan City,michigan city
city,483,Michigan City,michigan city
city,484,Michigan City,michigan city
city,485,Michigan City,michigan city
city,486,Michigan City,michigan city
city,487,Portland,portland
city,488,Carlsbad,carlsbad
city,489,Garrattsville,garrattsville
city,490,Garrattsville,garrattsville
city,491,Garrattsville,garrattsville
city,492,Garrattsville,garrattsville
city,493,Charleston,charleston
city,494,Charleston,charleston
city,495,Charleston,charleston
city,496,Charleston,charleston
city,497,Charleston,charleston
city,498,Charleston,charleston
city,499,Oklahoma City,oklahoma city
city,500,Oklahoma City,oklahoma city
city,501,Oklahoma City,oklahoma city ok
city,502,Oklahoma City,oklahoma city
city,503,Oklahoma City,oklahoma city
city,504,Oklahoma City,oklahoma city
city,505,Ashland,ashland
city,506,Ashland,ashland
city,507,Ashland,ashland
city,508,Ashland,ashland
city,509,Ashland,ashland or
city,510,Ashland,ashland
city,511,Ashland,ashland
city,512,Ashland,ashland
city,513,Ashland,ashland
city,514,Ashland,ashland
city,515,Ashland,ashland
city,516,Ashland,ashland
city,517,Ashland,ashland
city,518,Ashland,ashland
city,519,Cambridge,cambridge ma
city,520,Cambridge,cambridge
city,521,Charlotte,charlotte
city,522,Charlotte,charlotte
city,523,Charlotte,charlotte
city,524,Charlotte,charlotte
city,525,Gloucester,gloucester
city,526,Gloucester,gloucester
city,527,Gloucester,gloucester
city,528,Gloucester,gloucester
city,529,Gloucester,gloucester ma
city,530,Hyannis,hyannis
city,531,Hyannis,hyannis
city,532,Middleton,middleton
city,533,Middleton,middleton
city,534,Middleton,middleton
city,535,Middleton,middleton
city,536,Middleton,middleton
city,537,Middleton,middleton
city,538,Middleton,middleton
city,539,Middleton,middleton
city,540,Middleton,middleton
city,541,Middleton,middleton
city,542,Middleton,middleton
city,543,Mooresville,mooresville nc
city,544,Mooresville,mooresville nc
city,545,Mooresville,mooresville
city,546,Pittsboro,pittsboro
city,547,Pittsboro,pittsboro
city,548,Pittsboro,pittsboro
city,549,Atlantic Highlands,atlantic highlands
city,550,Atlantic Highlands,atlantic highlands
city,551,Atlantic Highlands,atlantic highlands nj
city,552,Atlantic Highlands,atlantic highlands
city,553,Portland,portland
city,554,Portland,portland
city,555,Morganton,morganton
city,556,Morganton,morganton
city,557,Morganton,morganton
city,558,Morganton,morganton
city,559,Morganton,morganton
city,560,Morganton,morganton
city,561,Morganton,morganton
city,562,Port Clinton,port clinton
city,563,Port Clinton,port clinton
city,564,Morganton,morganton
city,565,Morganton,morganton
city,566,Seven Points,seven points
city,567,Seven Points,seven points
city,568,Seven Points,seven points
city,569,Seven Points,seven points
city,570,Seven Points,seven points
city,571,Seven Points,seven points
city,572,Edwards,edwards
city,573,Edwards,edwards co
city,574,Ashland,ashland
city,575,Ashland,ashland
city,576,Ashland,ashland
city,577,Ashland,ashland
city,578,San Luis Obispo,san luis obispo
city,579,San Luis Obispo,san luis obispo ca
city,580,San Luis Obispo,san luis obispo
city,581,San Luis Obispo,san luis obispo
city,582,Charlottesville,charlottesville
city,583,Charlottesville,charlottesville
city,584,Charlottesville,charlottesville
city,585,Charlottesville,charlottesville va
city,586,Angola,angola
city,587,Angola,angola
city,588,Angola,angola
city,589,Angola,angola in
city,590,Chatham,chatham
city,591,Chatham,chatham
city,592,Cheboygan,cheboygan
city,593,Cheboygan,cheboygan
city,594,Cheboygan,cheboygan
city,595,Cincinnati,cincinnati
city,596,Seattle,seattle
city,597,Stevens Point,stevens point
city,598,Stevens Point,stevens point
city,599,Tampa,tampa
city,600,Tampa,tampa
city,601,Tampa,tampa
city,602,Tampa,tampa
city,603,Tampa,tampa
city,604,Tampa,tampa
city,605,Tampa,tampa
city,606,Tampa,tampa
city,607,Tampa,tampa
city,608,Tampa,tampa
city,609,Tampa,tampa
city,610,Tampa,tampa
city,611,Tampa,tampa
city,612,Tampa,tampa
city,613,Tampa,tampa
city,614,Tampa,tampa
city,615,Tampa,tampa
city,616,Tampa,tampa
city,617,Tampa,tampa
city,618,Tampa,tampa fl
city,619,Tampa,tampa
city,620,Tampa,tampa
city,621,Tampa,tampa
city,622,Tampa,tampa
city,623,Tampa,tampa
city,624,Nantucket,nantucket
city,625,Nantucket,nantucket
city,626,Nantucket,nantucket
city,627,Nantucket,nantucket
city,628,Nantucket,nantucket
city,629,Nantucket,nantucket
city,630,Nantucket,nantucket
city,631,Claremont,claremont
city,632,Portland,portland
city,633,Portland,portland
city,634,Savannah,savannah
city,635,Savannah,savannah
city,636,Newport,newport
city,637,Newport,newport
city,638,Newport,newport
city,639,Newport,newport
city,640,Lake Havasu City,lake havasu city
city,641,Des Moines,des moines
city,642,Des Moines,des moines
city,643,Des Moines,des moines ia
city,644,Springdale,springdale
city,645,Springdale,springdale
city,646,Springdale,springdale
city,647,Springdale,springdale ar
city,648,Pawcatuck,pawcatuck
city,649,Covington,covington
city,650,Greeley,greeley
city,651,Greeley,greeley
city,652,Greeley,greeley
city,653,Edwards,edwards
city,654,Edwards,edwards
city,655,Edwards,edwards
city,656,Edwards,edwards
city,657,Edwards,edwards
city,658,Edwards,edwards
city,659,Edwards,edwards
city,660,Edwards,edwards
city,661,Athens,athens
city,662,Athens,athens
city,663,Garden City,garden city
city,664,Garden City,garden city
city,665,Garden City,garden city
city,666,Spearfish,spearfish
city,667,Spearfish,spearfish
city,668,Spearfish,spearfish
city,669,Spearfish,spearfish
city,670,Spearfish,spearfish
city,671,Spearfish,spearfish
city,672,Spearfish,spearfish
city,673,Boulder,boulder
city,674,Boulder,boulder
city,675,Avon,avon
city,676,Avon,avon
city,677,Avon,avon
city,678,Avon,avon
city,679,Portland,portland
city,680,Portland,portland
city,681,Washington,washington
city,682,Washington,washington
city,683,Washington,washington
city,684,Washington,washington
city,685,Washington,washington
city,686,Washington,washington
city,687,Washington,washington
city,688,Washington,washington
city,689,Aurora,aurora
city,690,Aurora,aurora
city,691,Shelbyville,shelbyville
city,692,Wilson,wilson
city,693,Diamond Springs,diamond springs
city,694,Diamond Springs,diamond springs
city,695,Tulsa,tulsa
city,696,Dallas,dallas
city,697,Dallas,dallas
city,698,Dallas,dallas
city,699,Dallas,dallas
city,700,Dallas,dallas
city,701,Dallas,dallas
city,702,Dallas,dallas
city,703,Dallas,dallas
city,704,Dallas,dallas
city,705,Hays,hays
city,706,Hays,hays
city,707,Talkeetna,talkeetna
city,708,Talkeetna,talkeetna
city,709,Talkeetna,talkeetna
city,710,Talkeetna,talkeetna
city,711,Denver,denver
city,712,Denver,denver
city,713,Bend,bend
city,714,Bloomington,bloomington
city,715,Bloomington,bloomington
city,716,Bloomington,bloomington il
city,717,Bloomington,bloomington il
city,718,Bloomington,bloomington
city,719,Bloomington,bloomington
city,720,Bloomington,bloomington
city,721,Lexington,lexington
city,722,Lexington,lexington
city,723,Belmont,belmont
city,724,Belmont,belmont ca
city,725,Belmont,belmont
city,726,Belmont,belmont
city,727,Centralia,centralia
city,728,Woodinville,woodinville
city,729,Philadelphia,philadelphia
city,730,Dolores,dolores
city,731,Dolores,dolores
city,732,Dolores,dolores
city,733,Dolores,dolores
city,734,Dolores,dolores
city,735,Dolores,dolores
city,736,Leominster,leominster
city,737,Leominster,leominster
city,738,Aurora,aurora
city,739,Aurora,aurora
city,740,Aurora,aurora
city,741,Aurora,aurora
city,742,Boynton Beach,boynton beach
city,743,Rochester,rochester
city,744,Buena Vista,buena vista
city,745,Buena Vista,buena vista
city,746,Buena Vista,buena vista
city,747,Buena Vista,buena vista
city,748,Buena Vista,buena vista
city,749,Buena Vista,buena vista
city,750,Buena Vista,buena vista
city,751,Columbus,columbus
city,752,Seattle,seattle
city,753,Jacksonville Beach,jacksonville beach
city,754,Tacoma,tacoma
city,755,Denver,denver
city,756,Denver,denver
city,757,Denver,denver
city,758,Denver,denver
city,759,White Salmon,white salmon
city,760,White Salmon,white salmon
city,761,Mishawaka,mishawaka
city,762,Mishawaka,mishawaka
city,763,Mishawaka,mishawaka
city,764,Mishawaka,mishawaka
city,765,Mishawaka,mishawaka
city,766,Mishawaka,mishawaka
city,767,Brooklyn,brooklyn
city,768,Brooklyn,brooklyn
city,769,Brooklyn,brooklyn
city,770,Brooklyn,brooklyn
city,771,Brooklyn,brooklyn
city,772,Fargo,fargo
city,773,Fargo,fargo
city,774,Fargo,fargo
city,775,Middleburg Heights,middleburg heights
city,776,Middleburg Heights,middleburg heights
city,777,Boulder,boulder
city,778,Boulder,boulder
city,779,Boulder,boulder
city,780,Boulder,boulder co
city,781,Boulder,boulder
city,782,Estacada,estacada
city,783,Estacada,estacada
city,784,Estacada,estacada
city,785,Estacada,estacada
city,786,Estacada,estacada
city,787,Estacada,estacada
city,788,Shelburne,shelburne
city,789,Shelburne,shelburne
city,790,Shelburne,shelburne
city,791,Shelburne,shelburne
city,792,Buellton,buellton
city,793,Buellton,buellton
city,794,Buellton,buellton ca
city,795,Chicago,chicago
city,796,Chicago,chicago
city,797,Chicago,chicago
city,798,Chicago,chicago
city,799,Chicago,chicago
city,800,Chicago,chicago
city,801,Chicago,chicago
city,802,Chicago,chicago
city,803,Chicago,chicago
city,804,Chicago,chicago
city,805,Paso Robles,paso robles
city,806,Paso Robles,paso robles ca
city,807,Paso Robles,paso robles
city,808,Paso Robles,paso robles
city,809,Paso Robles,paso robles
city,810,Indianapolis,indianapolis
city,811,Indianapolis,indianapolis
city,812,Indianapolis,indianapolis
city,813,Smithton,smithton
city,814,Lombard,lombard
city,815,Frederick,frederick
city,816,Frederick,frederick
city,817,Troutville,troutville
city,818,Troutville,troutville
city,819,Pawtucket,pawtucket
city,820,Pawtucket,pawtucket
city,821,Pawtucket,pawtucket
city,822,Pawtucket,pawtucket
city,823,Cherry Hill,cherry hill
city,824,Cherry Hill,cherry hill
city,825,Astoria,astoria
city,826,Astoria,astoria
city,827,Astoria,astoria
city,828,Astoria,astoria
city,829,Astoria,astoria
city,830,Astoria,astoria
city,831,Astoria,astoria
city,832,Astoria,astoria
city,833,Astoria,astoria
city,834,Astoria,astoria
city,835,Astoria,astoria
city,836,Astoria,astoria
city,837,Latrobe,latrobe pa
city,838,San Francisco,san francisco
city,839,San Francisco,san francisco
city,840,San Francisco,san francisco
city,841,San Francisco,san francisco
city,842,Grand Rapids,grand rapids
city,843,Grand Rapids,grand rapids
city,844,Grand Rapids,grand rapids
city,845,Dallas,dallas
city,846,Dallas,dallas
city,847,Dallas,dallas tx
city,848,Valparaiso,valparaiso
city,849,Valparaiso,valparaiso
city,850,Valparaiso,valparaiso
city,851,Valparaiso,valparaiso
city,852,South Bend,south bend
city,853,Tempe,tempe
city,854,Tempe,tempe
city,855,Tempe,tempe
city,856,Tempe,tempe
city,857,Tempe,tempe
city,858,Tempe,tempe
city,859,Tempe,tempe
city,860,Columbus,columbus
city,861,Columbus,columbus
city,862,Columbus,columbus
city,863,Columbus,columbus
city,864,Frankenmuth,frankenmuth
city,865,Frankenmuth,frankenmuth mi
city,866,Frankenmuth,frankenmuth
city,867,San Antonio,san antonio
city,868,San Antonio,san antonio
city,869,San Antonio,san antonio
city,870,San Antonio,san antonio
city,871,San Antonio,san antonio
city,872,San Antonio,san antonio
city,873,San Antonio,san antonio
city,874,San Antonio,san antonio
city,875,Seattle,seattle
city,876,Seattle,seattle
city,877,Seattle,seattle
city,878,Seattle,seattle
city,879,Seattle,seattle
city,880,Seattle,seattle
city,881,Seattle,seattle
city,882,Asheville,asheville
city,883,Asheville,asheville
city,884,Asheville,asheville
city,885,Waynesville,waynesville
city,886,Durham,durham
city,887,Lake Geneva,lake geneva wi
city,888,Lake Geneva,lake geneva
city,889,Lake Geneva,lake geneva
city,890,Pineland,pineland me
city,891,Los Angeles,los angeles ca
city,892,Los Angeles,los angeles
city,893,Los Angeles,los angeles
city,894,Los Angeles,los angeles
city,895,Los Angeles,los angeles
city,896,Los Angeles,los angeles
city,897,Los Angeles,los angeles
city,898,Los Angeles,los angeles ca
city,899,Los Angeles,los angeles
city,900,Los Angeles,los angeles
city,901,Los Angeles,los angeles
city,902,Los Angeles,los angeles
city,903,Los Angeles,los angeles
city,904,Los Angeles,los angeles
city,905,Los Angeles,los angeles
city,906,Kalamazoo,kalamazoo
city,907,Bend,bend
city,908,Bend,bend
city,909,Birmingham,birmingham
city,910,Birmingham,birmingham
city,911,Birmingham,birmingham
city,912,Birmingham,birmingham
city,913,Birmingham,birmingham
city,914,Bend,bend
city,915,Chicago,chicago
city,916,Chicago,chicago
city,917,Chicago,chicago
city,918,Chicago,chicago
city,919,Chicago,chicago il
city,920,Chicago,chicago
city,921,Edwards,edwards
city,922,Williams,williams
city,923,Williams,williams
city,924,Williams,williams
city,925,Williams,williams
city,926,Farmers Branch,farmers branch
city,927,Farmers Branch,farmers branch
city,928,Farmers Branch,farmers branch
city,929,Aurora,aurora
city,930,Aurora,aurora
city,931,Aurora,aurora
city,932,Aurora,aurora
city,933,Aurora,aurora
city,934,Aurora,aurora
city,935,Aurora,aurora
city,936,Aurora,aurora
city,937,Aurora,aurora
city,938,Aurora,aurora
city,939,Aurora,aurora
city,940,Aurora,aurora
city,941,Aurora,aurora in
city,942,Aurora,aurora
city,943,Aurora,aurora
city,944,Aurora,aurora
city,945,Aurora,aurora
city,946,Aurora,aurora
city,947,Aurora,aurora
city,948,Aurora,aurora
city,949,Denver,denver
city,950,Denver,denver
city,951,Denver,denver
city,952,Denver,denver
city,953,Denver,denver co
city,954,Denver,denver
city,955,Denver,denver
city,956,Denver,denver
city,957,Denver,denver
city,958,Whitefish,whitefish
city,959,Whitefish,whitefish
city,960,Shreveport,shreveport
city,961,Shreveport,shreveport
city,962,Davenport,davenport
city,963,Davenport,davenport
city,964,Davenport,davenport
city,965,Davenport,davenport
city,966,Davenport,davenport
city,967,Davenport,davenport
city,968,Davenport,davenport
city,969,Davenport,davenport
city,970,Davenport,davenport
city,971,Davenport,davenport
city,972,Davenport,davenport
city,973,Davenport,davenport
city,974,Davenport,davenport
city,975,Davenport,davenport
city,976,Davenport,davenport
city,977,Davenport,davenport
city,978,Davenport,davenport
city,979,Davenport,davenport
city,980,Jacksonville,jacksonville
city,981,Lewisburg,lewisburg
city,982,Lewisburg,lewisburg
city,983,Westerly,westerly
city,984,Westerly,westerly
city,985,Westerly,westerly
city,986,Westerly,westerly
city,987,Westerly,westerly
city,988,Westerly,westerly
city,989,Westerly,westerly
city,990,Westerly,westerly
city,991,Westerly,westerly
city,992,Birmingham,birmingham
city,993,Birmingham,birmingham
city,994,Birmingham,birmingham
city,995,Birmingham,birmingham
city,996,Birmingham,birmingham
city,997,Birmingham,birmingham
city,998,Birmingham,birmingham
city,999,Birmingham,birmingham
city,1000,Birmingham,birmingham
city,1001,Loveland,loveland
city,1002,Seattle,seattle
city,1003,Seattle,seattle
city,1004,Chicago,chicago
city,1005,Chicago,chicago
city,1006,Chicago,chicago
city,1007,Chicago,chicago
city,1008,Chicago,chicago
city,1009,Chicago,chicago
city,1010,Chicago,chicago
city,1011,Chicago,chicago
city,1012,Stamford,stamford
city,1013,Stamford,stamford
city,1014,Redlands,redlands
city,1015,Redlands,redlands
city,1016,Richmond,richmond
city,1017,Richmond,richmond
city,1018,Richmond,richmond
city,1019,Boston,boston
city,1020,Boston,boston
city,1021,Boston,boston
city,1022,Boston,boston
city,1023,Boston,boston
city,1024,Boston,boston
city,1025,Boston,boston
city,1026,Boston,boston
city,1027,Boston,boston
city,1028,Boston,boston
city,1029,Boston,boston ma
city,1030,Boston,boston
city,1031,Belt,belt
city,1032,Belt,belt
city,1033,Hilo,hilo
city,1034,Hilo,hilo
city,1035,Hilo,hilo
city,1036,Hilo,hilo
city,1037,Hilo,hilo
city,1038,Mill Valley,mill valley
city,1039,Mill Valley,mill valley
city,1040,Mill Valley,mill valley ca
city,1041,Halethorpe,halethorpe
city,1042,Halethorpe,halethorpe
city,1043,Halethorpe,halethorpe
city,1044,San Diego,san diego
city,1045,San Diego,san diego
city,1046,San Diego,san diego
city,1047,Windsor,windsor
city,1048,Windsor,windsor
city,1049,Leavenworth,leavenworth
city,1050,Leavenworth,leavenworth
city,1051,Leavenworth,leavenworth
city,1052,WA,wa
city,1053,Seattle,seattle
city,1054,Seattle,seattle
city,1055,Seattle,seattle
city,1056,Seattle,seattle
city,1057,Green Bay,green bay
city,1058,Pittsburgh,pittsburgh
city,1059,Pittsburgh,pittsburgh
city,1060,Pittsburgh,pittsburgh pa
city,1061,Springfield,springfield
city,1062,Springfield,springfield
city,1063,Springfield,springfield
city,1064,Springfield,springfield
city,1065,Springfield,springfield
city,1066,Springfield,springfield
city,1067,Springfield,springfield
city,1068,Springfield,springfield
city,1069,Austin,austin
city,1070,Austin,austin
city,1071,Austin,austin
city,1072,Austin,austin
city,1073,Austin,austin
city,1074,Portland,portland
city,1075,Portland,portland
city,1076,Portland,portland or
city,1077,Portland,portland
city,1078,Portland,portland or
city,1079,Portland,portland
city,1080,Portland,portland
city,1081,Portland,portland
city,1082,Portland,portland
city,1083,Portland,portland
city,1084,Portland,portland
city,1085,Portland,portland
city,1086,Portland,portland
city,1087,Portland,portland
city,1088,Portland,portland
city,1089,Portland,portland or
city,1090,Portland,portland
city,1091,Portland,portland
city,1092,Portland,portland
city,1093,Portland,portland
city,1094,Portland,portland
city,1095,Portland,portland
city,1096,Portland,portland
city,1097,Milwaukee,milwaukee
city,1098,Milwaukee,milwaukee
city,1099,Milwaukee,milwaukee
city,1100,Lenoir,lenoir
city,1101,Lenoir,lenoir
city,1102,Minneapolis,minneapolis
city,1103,Minneapolis,minneapolis
city,1104,Minneapolis,minneapolis
city,1105,Minneapolis,minneapolis
city,1106,Minneapolis,minneapolis
city,1107,Minneapolis,minneapolis
city,1108,Austin,austin
city,1109,Austin,austin
city,1110,Austin,austin
city,1111,Indianapolis,indianapolis
city,1112,Austin,austin
city,1113,Austin,austin
city,1114,Jacksonville,jacksonville
city,1115,Jacksonville,jacksonville
city,1116,Jacksonville,jacksonville
city,1117,Ipswich,ipswich
city,1118,Wilmington,wilmington
city,1119,Framingham,framingham
city,1120,Framingham,framingham
city,1121,Framingham,framingham ma
city,1122,Framingham,framingham
city,1123,Framingham,framingham
city,1124,Biglerville,biglerville
city,1125,Biglerville,biglerville
city,1126,Nashville,nashville
city,1127,Athens,athens
city,1128,Athens,athens
city,1129,Athens,athens
city,1130,Athens,athens
city,1131,Athens,athens
city,1132,Laurel,laurel
city,1133,Stevens Point,stevens point
city,1134,Stevens Point,stevens point
city,1135,Stevens Point,stevens point
city,1136,Stevens Point,stevens point
city,1137,Stevens Point,stevens point
city,1138,Stevens Point,stevens point wi
city,1139,Henderson,henderson
city,1140,Henderson,henderson
city,1141,Henderson,henderson
city,1142,Henderson,henderson
city,1143,Kalona,kalona
city,1144,Kalona,kalona
city,1145,Houston,houston
city,1146,Houston,houston
city,1147,Houston,houston
city,1148,Houston,houston
city,1149,Houston,houston tx
city,1150,Houston,houston
city,1151,Houston,houston
city,1152,Houston,houston
city,1153,Houston,houston
city,1154,Houston,houston
city,1155,Brooklyn,brooklyn
city,1156,Brooklyn,brooklyn
city,1157,Brooklyn,brooklyn ny
city,1158,Soldotna,soldotna
city,1159,Soldotna,soldotna ak
city,1160,Soldotna,soldotna
city,1161,Soldotna,soldotna
city,1162,Missoula,missoula
city,1163,Missoula,missoula
city,1164,Missoula,missoula
city,1165,Missoula,missoula
city,1166,Missoula,missoula
city,1167,Missoula,missoula
city,1168,Houghton,houghton
city,1169,Houghton,houghton
city,1170,Houghton,houghton
city,1171,Houghton,houghton
city,1172,Houghton,houghton
city,1173,Houghton,houghton
city,1174,Houghton,houghton
city,1175,Anchorage,anchorage
city,1176,Anchorage,anchorage
city,1177,Anchorage,anchorage
city,1178,Anchorage,anchorage
city,1179,Anchorage,anchorage
city,1180,Kirkwood,kirkwood
city,1181,Kirkwood,kirkwood
city,1182,Kona,kona
city,1183,Kona,kona
city,1184,Kona,kona
city,1185,Kona,kona
city,1186,Krebs,krebs
city,1187,Bellingham,bellingham
city,1188,Albuquerque,albuquerque nm
city,1189,Albuquerque,albuquerque
city,1190,Lancaster,lancaster
city,1191,Lancaster,lancaster
city,1192,Portage,portage
city,1193,Portage,portage
city,1194,Portage,portage
city,1195,Portage,portage
city,1196,Ponderay,ponderay
city,1197,Ponderay,ponderay
city,1198,Ponderay,ponderay
city,1199,Erie,erie
city,1200,Erie,erie
city,1201,Eau Claire,eau claire
city,1202,Helena,helena
city,1203,Helena,helena
city,1204,Helena,helena mt
city,1205,Helena,helena
city,1206,Helena,helena
city,1207,Stillwater,stillwater
city,1208,Stillwater,stillwater
city,1209,York,york
city,1210,York,york
city,1211,York,york
city,1212,York,york pa
city,1213,Lone Tree,lone tree
city,1214,Raleigh,raleigh
city,1215,Raleigh,raleigh
city,1216,Raleigh,raleigh
city,1217,Raleigh,raleigh
city,1218,Raleigh,raleigh
city,1219,Bridgewater Corners,bridgewater corners
city,1220,Bridgewater Corners,bridgewater corners
city,1221,Bridgewater Corners,bridgewater corners
city,1222,Bridgewater Corners,bridgewater corners
city,1223,Bridgewater Corners,bridgewater corners
city,1224,East Fairfield,east fairfield
city,1225,East Fairfield,east fairfield
city,1226,East Fairfield,east fairfield
city,1227,East Fairfield,east fairfield
city,1228,Ashburn,ashburn
city,1229,Ashburn,ashburn
city,1230,Menominee,menominee
city,1231,Menominie,menominie
city,1232,Menominie,menominie
city,1233,Menominie,menominie
city,1234,Jackson,jackson
city,1235,Jackson,jackson
city,1236,Flagstaff,flagstaff
city,1237,Flagstaff,flagstaff
city,1238,Flagstaff,flagstaff
city,1239,Flagstaff,flagstaff
city,1240,Portland,portland or
city,1241,Portland,portland
city,1242,Macon,macon
city,1243,Macon,macon
city,1244,Cincinnati,cincinnati
city,1245,Cincinnati,cincinnati
city,1246,Cincinnati,cincinnati
city,1247,Cincinnati,cincinnati oh
city,1248,Cincinnati,cincinnati
city,1249,Cincinnati,cincinnati
city,1250,Cincinnati,cincinnati
city,1251,Cincinnati,cincinnati
city,1252,Cincinnati,cincinnati
city,1253,South Burlington,south burlington
city,1254,South Burlington,south burlington
city,1255,South Burlington,south burlington
city,1256,Mammoth Lakes,mammoth lakes
city,1257,Mammoth Lakes,mammoth lakes
city,1258,Mammoth Lakes,mammoth lakes
city,1259,Mammoth Lakes,mammoth lakes
city,1260,Philadelphia,philadelphia
city,1261,Philadelphia,philadelphia
city,1262,Philadelphia,philadelphia
city,1263,Philadelphia,philadelphia
city,1264,Philadelphia,philadelphia
city,1265,Philadelphia,philadelphia
city,1266,Philadelphia,philadelphia
city,1267,Philadelphia,philadelphia
city,1268,Philadelphia,philadelphia
city,1269,Santee,santee
city,1270,Santee,santee
city,1271,Santee,santee
city,1272,Santee,santee
city,1273,Santee,santee
city,1274,Albuquerque,albuquerque
city,1275,Albuquerque,albuquerque
city,1276,Belfast,belfast
city,1277,Belfast,belfast
city,1278,Belfast,belfast
city,1279,Belfast,belfast
city,1280,Belfast,belfast
city,1281,Fort Worth,fort worth
city,1282,Fort Worth,fort worth
city,1283,Fort Worth,fort worth
city,1284,Fort Worth,fort worth
city,1285,Fort Worth,fort worth tx
city,1286,Fort Worth,fort worth
city,1287,Fort Worth,fort worth
city,1288,Fort Worth,fort worth tx
city,1289,Utica,utica ny
city,1290,Utica,utica
city,1291,Utica,utica
city,1292,Utica,utica
city,1293,Utica,utica
city,1294,Utica,utica
city,1295,Utica,utica ny
city,1296,Utica,utica
city,1297,Utica,utica
city,1298,Utica,utica
city,1299,Utica,utica
city,1300,Utica,utica
city,1301,Utica,utica
city,1302,Lahaina,lahaina
city,1303,Lahaina,lahaina
city,1304,Lahaina,lahaina
city,1305,Lahaina,lahaina
city,1306,Lahaina,lahaina
city,1307,Lahaina,lahaina
city,1308,Lahaina,lahaina
city,1309,Lahaina,lahaina
city,1310,Lahaina,lahaina
city,1311,Lahaina,lahaina
city,1312,Lahaina,lahaina
city,1313,Lahaina,lahaina
city,1314,Half Moon Bay,half moon bay
city,1315,Half Moon Bay,half moon bay
city,1316,Half Moon Bay,half moon bay
city,1317,Somerset Center,somerset center
city,1318,Somerset Center,somerset center
city,1319,Somerset Center,somerset center
city,1320,Hilo,hilo
city,1321,Hilo,hilo
city,1322,Hilo,hilo
city,1323,Hilo,hilo
city,1324,Hilo,hilo
city,1325,Hilo,hilo
city,1326,Miami,miami
city,1327,Miami,miami
city,1328,Miami,miami
city,1329,Miami,miami
city,1330,Libertyville,libertyville
city,1331,Anchorage,anchorage
city,1332,Anchorage,anchorage
city,1333,Anchorage,anchorage
city,1334,Anchorage,anchorage
city,1335,Anchorage,anchorage
city,1336,San Diego,san diego
city,1337,San Diego,san diego
city,1338,San Diego,san diego
city,1339,San Diego,san diego
city,1340,San Diego,san diego
city,1341,San Diego,san diego
city,1342,Chicago,chicago
city,1343,Chicago,chicago il
city,1344,Chicago,chicago
city,1345,Chicago,chicago
city,1346,Chicago,chicago
city,1347,Chicago,chicago
city,1348,Chicago,chicago
city,1349,Chicago,chicago
city,1350,Pottstown,pottstown
city,1351,Pottstown,pottstown
city,1352,Royal Oak,royal oak
city,1353,Royal Oak,royal oak
city,1354,Royal Oak,royal oak
city,1355,Milwaukee,milwaukee
city,1356,Milwaukee,milwaukee
city,1357,Milwaukee,milwaukee
city,1358,Milwaukee,milwaukee
city,1359,Milwaukee,milwaukee
city,1360,Milwaukee,milwaukee
city,1361,Milwaukee,milwaukee
city,1362,Monroe,monroe
city,1363,Monroe,monroe
city,1364,Monroe,monroe
city,1365,Monroe,monroe
city,1366,Monroe,monroe
city,1367,Monroe,monroe
city,1368,Monroe,monroe wi
city,1369,Monroe,monroe
city,1370,Monroe,monroe
city,1371,Monroe,monroe
city,1372,Monroe,monroe
city,1373,Monroe,monroe
city,1374,Monroe,monroe
city,1375,San Diego,san diego ca
city,1376,San Diego,san diego
city,1377,San Diego,san diego ca
city,1378,San Diego,san diego
city,1379,Moab,moab
city,1380,Moab,moab
city,1381,Moab,moab
city,1382,Moab,moab
city,1383,North Conway,north conway
city,1384,North Conway,north conway
city,1385,Lincoln,lincoln
city,1386,San Diego,san diego
city,1387,San Diego,san diego
city,1388,San Diego,san diego
city,1389,San Diego,san diego
city,1390,San Diego,san diego
city,1391,San Diego,san diego
city,1392,San Diego,san diego
city,1393,San Diego,san diego
city,1394,Flagstaff,flagstaff
city,1395,San Diego,san diego
city,1396,San Diego,san diego
city,1397,San Diego,san diego
city,1398,Montauk,montauk
city,1399,Montauk,montauk
city,1400,Saint Louis,saint louis
city,1401,Saint Louis,saint louis
city,1402,Saint Louis,saint louis
city,1403,Saint Louis,saint louis
city,1404,Saint Louis,saint louis
city,1405,Vista,vista
city,1406,Kinston,kinston
city,1407,Kinston,kinston
city,1408,Springfield,springfield
city,1409,Springfield,springfield
city,1410,Mount Pleasant,mount pleasant
city,1411,Lake Havasu City,lake havasu city
city,1412,Lake Havasu City,lake havasu city
city,1413,Lake Havasu City,lake havasu city
city,1414,Lake Havasu City,lake havasu city
city,1415,Lake Havasu City,lake havasu city
city,1416,Mustang,mustang
city,1417,Mustang,mustang
city,1418,Mustang,mustang
city,1419,Mustang,mustang
city,1420,Mustang,mustang
city,1421,Providence,providence
city,1422,Providence,providence
city,1423,Providence,providence
city,1424,Providence,providence
city,1425,Providence,providence
city,1426,Providence,providence
city,1427,Providence,providence
city,1428,Providence,providence
city,1429,Providence,providence
city,1430,Providence,providence
city,1431,Portland,portland or
city,1432,Portland,portland
city,1433,Portland,portland
city,1434,Portland,portland
city,1435,Portland,portland
city,1436,Portland,portland
city,1437,Papillion,papillion
city,1438,Papillion,papillion
city,1439,Papillion,papillion
city,1440,Papillion,papillion
city,1441,Papillion,papillion
city,1442,Croydon,croydon
city,1443,Croydon,croydon
city,1444,Fort Collins,fort collins
city,1445,Fort Collins,fort collins
city,1446,Fort Collins,fort collins
city,1447,Fort Collins,fort collins
city,1448,Fort Collins,fort collins
city,1449,Fort Collins,fort collins
city,1450,Fort Collins,fort collins
city,1451,Fort Collins,fort collins
city,1452,Fort Collins,fort collins
city,1453,Fort Collins,fort collins
city,1454,Fort Collins,fort collins
city,1455,Fort Collins,fort collins
city,1456,Fort Collins,fort collins
city,1457,Fort Collins,fort collins
city,1458,Fort Collins,fort collins
city,1459,Fort Collins,fort collins
city,1460,Fort Collins,fort collins
city,1461,Woodbridge,woodbridge
city,1462,Woodbridge,woodbridge
city,1463,Woodbridge,woodbridge
city,1464,Woodbridge,woodbridge
city,1465,Woodbridge,woodbridge
city,1466,Woodbridge,woodbridge
city,1467,Woodbridge,woodbridge
city,1468,Woodbridge,woodbridge
city,1469,Woodbridge,woodbridge
city,1470,Woodbridge,woodbridge
city,1471,Woodbridge,woodbridge
city,1472,New Orleans,new orleans
city,1473,New Orleans,new orleans
city,1474,New Orleans,new orleans
city,1475,New Orleans,new orleans
city,1476,New Orleans,new orleans
city,1477,New Orleans,new orleans
city,1478,College Station,college station
city,1479,College Station,college station
city,1480,College Station,college station
city,1481,Myrtle Beach,myrtle beach sc
city,1482,Myrtle Beach,myrtle beach
city,1483,Newburgh,newburgh
city,1484,Newburyport,newburyport
city,1485,Newburyport,newburyport
city,1486,Newburyport,newburyport
city,1487,Everett,everett
city,1488,Charlotte,charlotte
city,1489,Charlotte,charlotte
city,1490,Slippery Rock,slippery rock
city,1491,Slippery Rock,slippery rock
city,1492,Slippery Rock,slippery rock
city,1493,Slippery Rock,slippery rock
city,1494,Minneapolis,minneapolis
city,1495,Minneapolis,minneapolis
city,1496,Minneapolis,minneapolis
city,1497,Minneapolis,minneapolis
city,1498,Minneapolis,minneapolis
city,1499,Minneapolis,minneapolis
city,1500,Northamtpon,northamtpon
city,1501,Pacific,pacific
city,1502,Pacific,pacific
city,1503,Eau Claire,eau claire
city,1504,Eau Claire,eau claire
city,1505,Ipswich,ipswich
city,1506,Ipswich,ipswich
city,1507,O'Fallon,o'fallon
city,1508,O'Fallon,o'fallon
city,1509,O'Fallon,o'fallon
city,1510,Eugene,eugene
city,1511,Eugene,eugene
city,1512,Eugene,eugene
city,1513,Eugene,eugene
city,1514,Austin,austin
city,1515,Austin,austin
city,1516,Austin,austin
city,1517,Austin,austin
city,1518,Portland,portland
city,1519,Portland,portland
city,1520,Portland,portland
city,1521,Portland,portland
city,1522,Arvada,arvada
city,1523,Arvada,arvada
city,1524,Arvada,arvada
city,1525,Arvada,arvada
city,1526,Arvada,arvada
city,1527,Arvada,arvada
city,1528,Arvada,arvada
city,1529,Spirit Lake,spirit lake
city,1530,Spirit Lake,spirit lake
city,1531,Spirit Lake,spirit lake
city,1532,Spirit Lake,spirit lake
city,1533,Spirit Lake,spirit lake
city,1534,Spirit Lake,spirit lake
city,1535,Danville,danville
city,1536,Danville,danville
city,1537,Danville,danville
city,1538,Danville,danville
city,1539,Danville,danville
city,1540,Danville,danville
city,1541,Danville,danville
city,1542,Danville,danville
city,1543,Danville,danville
city,1544,Danville,danville
city,1545,Airway Heights,airway heights
city,1546,Airway Heights,airway heights
city,1547,Airway Heights,airway heights
city,1548,Airway Heights,airway heights
city,1549,Airway Heights,airway heights
city,1550,Atlanta,atlanta
city,1551,Atlanta,atlanta
city,1552,Longmont,longmont
city,1553,Longmont,longmont
city,1554,Longmont,longmont
city,1555,CO,co
city,1556,Longmont,longmont
city,1557,Longmont,longmont
city,1558,Longmont,longmont
city,1559,Longmont,longmont co
city,1560,Longmont,longmont co
city,1561,Longmont,longmont
city,1562,Longmont,longmont
city,1563,Longmont,longmont
city,1564,Longmont,longmont
city,1565,Longmont,longmont
city,1566,Longmont,longmont
city,1567,Longmont,longmont
city,1568,Longmont,longmont
city,1569,Longmont,longmont
city,1570,Longmont,longmont
city,1571,Longmont,longmont
city,1572,Longmont,longmont
city,1573,Longmont,longmont
city,1574,Longmont,longmont
city,1575,Longmont,longmont
city,1576,Longmont,longmont
city,1577,Longmont,longmont
city,1578,Longmont,longmont
city,1579,Longmont,longmont
city,1580,Longmont,longmont
city,1581,Longmont,longmont
city,1582,Longmont,longmont
city,1583,Longmont,longmont co
city,1584,Longmont,longmont
city,1585,Lyons,lyons
city,1586,Lyons,lyons
city,1587,Lyons,lyons
city,1588,Lyons,lyons co
city,1589,Lyons,lyons
city,1590,Lyons,lyons
city,1591,Lyons,lyons
city,1592,Lyons,lyons co
city,1593,Lyons,lyons
city,1594,Lyons,lyons
city,1595,Lyons,lyons
city,1596,Lyons,lyons
city,1597,Lyons,lyons
city,1598,Brevard,brevard
city,1599,Brevard,brevard
city,1600,Brevard,brevard
city,1601,Brevard,brevard
city,1602,Brevard,brevard
city,1603,Brevard,brevard
city,1604,Middlebury,middlebury
city,1605,Waterbury,waterbury
city,1606,Rogers,rogers
city,1607,Palisade,palisade
city,1608,Palisade,palisade
city,1609,Fort Collins,fort collins
city,1610,Fort Collins,fort collins
city,1611,Fort Collins,fort collins
city,1612,Fort Collins,fort collins
city,1613,Fort Collins,fort collins
city,1614,Garden City,garden city
city,1615,Garden City,garden city
city,1616,Garden City,garden city
city,1617,Garden City,garden city
city,1618,Garden City,garden city
city,1619,Knoxville,knoxville
city,1620,Portland,portland
city,1621,Portland,portland me
city,1622,Fredericksburg,fredericksburg
city,1623,Fredericksburg,fredericksburg
city,1624,Lafayette,lafayette
city,1625,Lafayette,lafayette
city,1626,Lafayette,lafayette
city,1627,Lafayette,lafayette
city,1628,Comstock Park,comstock park
city,1629,Comstock Park,comstock park
city,1630,Comstock Park,comstock park
city,1631,Comstock Park,comstock park
city,1632,Comstock Park,comstock park
city,1633,Comstock Park,comstock park
city,1634,San Antonio,san antonio
city,1635,San Antonio,san antonio
city,1636,San Antonio,san antonio
city,1637,San Antonio,san antonio
city,1638,San Antonio,san antonio
city,1639,San Antonio,san antonio
city,1640,San Antonio,san antonio
city,1641,Petoskey,petoskey
city,1642,Petoskey,petoskey mi
city,1643,Petoskey,petoskey
city,1644,Petoskey,petoskey
city,1645,Phoenix,phoenix
city,1646,Monument,monument
city,1647,Monument,monument
city,1648,Monument,monument
city,1649,San Francisco,san francisco
city,1650,San Francisco,san francisco
city,1651,Bucryus,bucryus
city,1652,Bucryus,bucryus
city,1653,Bucryus,bucryus
city,1654,Bucryus,bucryus
city,1655,Bucryus,bucryus
city,1656,Bucryus,bucryus
city,1657,Bucryus,bucryus
city,1658,Bucryus,bucryus
city,1659,Chicago,chicago
city,1660,Black Mountain,black mountain
city,1661,Black Mountain,black mountain
city,1662,Carlsbad,carlsbad
city,1663,Carlsbad,carlsbad
city,1664,Carlsbad,carlsbad
city,1665,Cleveland,cleveland
city,1666,Lemont,lemont
city,1667,Cleveland,cleveland
city,1668,Prescott,prescott
city,1669,Prescott,prescott
city,1670,Dillon,dillon
city,1671,Dillon,dillon co
city,1672,Dillon,dillon
city,1673,Dillon,dillon
city,1674,Dillon,dillon
city,1675,Dillon,dillon
city,1676,Dillon,dillon
city,1677,Seattle,seattle
city,1678,Seattle,seattle
city,1679,Greenville,greenville
city,1680,Greenville,greenville
city,1681,Fort Worth,fort worth
city,1682,Fort Worth,fort worth
city,1683,Blanco,blanco
city,1684,Blanco,blanco
city,1685,Blanco,blanco
city,1686,Blanco,blanco
city,1687,Blanco,blanco
city,1688,Blanco,blanco
city,1689,Blanco,blanco
city,1690,Blanco,blanco
city,1691,Marietta,marietta
city,1692,Marietta,marietta ga
city,1693,Marietta,marietta
city,1694,Mt. Airy,mt. airy
city,1695,Mt. Airy,mt. airy
city,1696,Mt. Airy,mt. airy
city,1697,Mt. Airy,mt. airy
city,1698,Mt. Airy,mt. airy
city,1699,Bend,bend
city,1700,Woodinville,woodinville
city,1701,Woodinville,woodinville
city,1702,Woodinville,woodinville
city,1703,Boulder,boulder
city,1704,Boulder,boulder
city,1705,Boulder,boulder
city,1706,Temecula,temecula
city,1707,Denver,denver
city,1708,Denver,denver
city,1709,Denver,denver co
city,1710,Denver,denver
city,1711,Denver,denver
city,1712,Denver,denver
city,1713,Paonia,paonia
city,1714,Paonia,paonia
city,1715,Paonia,paonia co
city,1716,Paonia,paonia
city,1717,Paonia,paonia
city,1718,Paonia,paonia
city,1719,Paonia,paonia
city,1720,Paonia,paonia
city,1721,Chicago,chicago
city,1722,Chicago,chicago
city,1723,Chicago,chicago
city,1724,Chicago,chicago
city,1725,Chicago,chicago
city,1726,Chicago,chicago
city,1727,Chicago,chicago
city,1728,Chicago,chicago
city,1729,Cincinnati,cincinnati
city,1730,Cincinnati,cincinnati
city,1731,Cincinnati,cincinnati
city,1732,Cincinnati,cincinnati
city,1733,Cincinnati,cincinnati
city,1734,Cincinnati,cincinnati
city,1735,Cincinnati,cincinnati
city,1736,Cincinnati,cincinnati oh
city,1737,Traverse City,traverse city
city,1738,Portland,portland
city,1739,Portland,portland me
city,1740,Denver,denver
city,1741,Denver,denver
city,1742,Lockland,lockland
city,1743,Lockland,lockland
city,1744,Export,export pa
city,1745,Export,export
city,1746,Export,export
city,1747,Export,export
city,1748,Export,export pa
city,1749,Export,export
city,1750,Export,export
city,1751,Export,export
city,1752,Export,export
city,1753,Export,export
city,1754,Export,export
city,1755,Export,export
city,1756,Export,export
city,1757,Export,export
city,1758,Export,export
city,1759,Roanoke,roanoke
city,1760,Rochester,rochester mi
city,1761,Rochester,rochester
city,1762,Rochester,rochester
city,1763,Rochester,rochester
city,1764,Rochester,rochester
city,1765,Rochester,rochester
city,1766,Rochester,rochester
city,1767,Newport,newport
city,1768,Midwest City,midwest city
city,1769,Midwest City,midwest city
city,1770,Midwest City,midwest city
city,1771,Lansdale,lansdale
city,1772,Lansdale,lansdale
city,1773,Lansdale,lansdale pa
city,1774,Lansdale,lansdale
city,1775,Lansdale,lansdale
city,1776,Lansdale,lansdale
city,1777,Lansdale,lansdale
city,1778,Sacramento,sacramento
city,1779,Sacramento,sacramento
city,1780,Sacramento,sacramento
city,1781,Sacramento,sacramento
city,1782,Sacramento,sacramento
city,1783,San Diego,san diego
city,1784,San Diego,san diego
city,1785,San Diego,san diego
city,1786,San Diego,san diego
city,1787,Chandler,chandler
city,1788,Chandler,chandler
city,1789,Chandler,chandler
city,1790,Chandler,chandler
city,1791,Chandler,chandler
city,1792,Chandler,chandler
city,1793,Chandler,chandler
city,1794,Chandler,chandler
city,1795,Chandler,chandler
city,1796,Chandler,chandler
city,1797,Chandler,chandler
city,1798,Chandler,chandler
city,1799,Chandler,chandler
city,1800,Chandler,chandler
city,1801,Chandler,chandler az
city,1802,Chandler,chandler
city,1803,Chandler,chandler
city,1804,Chandler,chandler
city,1805,Chandler,chandler
city,1806,Boulder,boulder
city,1807,Boulder,boulder
city,1808,Santa Cruz,santa cruz
city,1809,Santa Cruz,santa cruz
city,1810,Santa Cruz,santa cruz
city,1811,Santa Fe,santa fe
city,1812,Santa Fe,santa fe
city,1813,Santa Fe,santa fe
city,1814,Santa Fe,santa fe
city,1815,Santa Fe,santa fe
city,1816,Santa Fe,santa fe
city,1817,Santa Fe,santa fe
city,1818,Douglas,douglas
city,1819,Seattle,seattle
city,1820,Seattle,seattle
city,1821,Seattle,seattle
city,1822,Saint Louis,saint louis
city,1823,Saint Louis,saint louis
city,1824,Saint Louis,saint louis
city,1825,Saint Louis,saint louis
city,1826,Saint Louis,saint louis
city,1827,Saint Louis,saint louis
city,1828,Portland,portland
city,1829,Santa Cruz,santa cruz
city,1830,Seattle,seattle
city,1831,Seattle,seattle
city,1832,Silverton,silverton or
city,1833,Silverton,silverton
city,1834,Columbus,columbus
city,1835,Columbus,columbus
city,1836,Columbus,columbus
city,1837,Columbus,columbus
city,1838,Columbus,columbus
city,1839,Wolcott,wolcott
city,1840,Marlborough,marlborough
city,1841,Portland,portland
city,1842,Portland,portland
city,1843,Portland,portland
city,1844,Portland,portland
city,1845,Chico,chico
city,1846,Chico,chico
city,1847,Chico,chico
city,1848,Chico,chico
city,1849,Chico,chico
city,1850,Chico,chico
city,1851,Chico,chico
city,1852,Chico,chico ca
city,1853,Chico,chico
city,1854,Ada,ada
city,1855,Silverton,silverton
city,1856,Silverton,silverton
city,1857,Silverton,silverton
city,1858,Brooklyn,brooklyn
city,1859,Brooklyn,brooklyn
city,1860,Brooklyn,brooklyn
city,1861,Brooklyn,brooklyn ny
city,1862,Brooklyn,brooklyn
city,1863,Brooklyn,brooklyn
city,1864,Brooklyn,brooklyn
city,1865,Brooklyn,brooklyn
city,1866,Brooklyn,brooklyn ny
city,1867,Brooklyn,brooklyn
city,1868,Brooklyn,brooklyn
city,1869,Brooklyn,brooklyn
city,1870,Brooklyn,brooklyn
city,1871,Brooklyn,brooklyn
city,1872,Brooklyn,brooklyn
city,1873,Brooklyn,brooklyn
city,1874,Brooklyn,brooklyn
city,1875,Brooklyn,brooklyn
city,1876,Brooklyn,brooklyn
city,1877,Brooklyn,brooklyn
city,1878,Brooklyn,brooklyn
city,1879,Brooklyn,brooklyn
city,1880,Brooklyn,brooklyn
city,1881,Brooklyn,brooklyn
city,1882,Durango,durango
city,1883,Durango,durango
city,1884,Durango,durango co
city,1885,Durango,durango
city,1886,Durango,durango
city,1887,Durango,durango
city,1888,Durango,durango
city,1889,Durango,durango
city,1890,Durango,durango
city,1891,Durango,durango
city,1892,Durango,durango
city,1893,Durango,durango
city,1894,Meridian,meridian
city,1895,Meridian,meridian
city,1896,Chicago,chicago
city,1897,Chicago,chicago
city,1898,Anchorage,anchorage
city,1899,Phoenixville,phoenixville
city,1900,Pottstown,pottstown
city,1901,Pottstown,pottstown
city,1902,Pottstown,pottstown
city,1903,Pottstown,pottstown
city,1904,Pottstown,pottstown
city,1905,Pottstown,pottstown
city,1906,Pottstown,pottstown pa
city,1907,Pottstown,pottstown
city,1908,Pottstown,pottstown
city,1909,Pottstown,pottstown
city,1910,Pottstown,pottstown
city,1911,Pottstown,pottstown
city,1912,Norfolk,norfolk
city,1913,Norfolk,norfolk
city,1914,Norfolk,norfolk
city,1915,Jackson,jackson
city,1916,Jackson,jackson
city,1917,Jackson,jackson
city,1918,Jackson,jackson
city,1919,Jackson,jackson
city,1920,Jackson,jackson
city,1921,Jackson,jackson
city,1922,Boise,boise
city,1923,Boise,boise
city,1924,Boise,boise
city,1925,Boise,boise
city,1926,Boise,boise
city,1927,Boise,boise id
city,1928,Boise,boise
city,1929,Boise,boise
city,1930,Boise,boise
city,1931,Boise,boise
city,1932,Boise,boise
city,1933,Boise,boise id
city,1934,Boise,boise
city,1935,Boise,boise
city,1936,Boise,boise
city,1937,Boise,boise
city,1938,Boise,boise
city,1939,South Austin,south austin
city,1940,South Austin,south austin
city,1941,South Austin,south austin
city,1942,South Austin,south austin
city,1943,Southampton,southampton
city,1944,Medford,medford
city,1945,Medford,medford
city,1946,Hattiesburg,hattiesburg
city,1947,Hattiesburg,hattiesburg
city,1948,Hattiesburg,hattiesburg
city,1949,Hattiesburg,hattiesburg
city,1950,Hattiesburg,hattiesburg
city,1951,Hattiesburg,hattiesburg
city,1952,Hattiesburg,hattiesburg
city,1953,Hattiesburg,hattiesburg
city,1954,Hattiesburg,hattiesburg
city,1955,Conroe,conroe
city,1956,Conroe,conroe tx
city,1957,Conroe,conroe
city,1958,Conroe,conroe
city,1959,Conroe,conroe
city,1960,Conroe,conroe
city,1961,Conroe,conroe
city,1962,Conroe,conroe
city,1963,Conroe,conroe
city,1964,Conroe,conroe
city,1965,Conroe,conroe
city,1966,Conroe,conroe
city,1967,Conroe,conroe
city,1968,Conroe,conroe
city,1969,San Francisco,san francisco
city,1970,Cortland,cortland
city,1971,Chicago,chicago
city,1972,Chicago,chicago
city,1973,Chicago,chicago
city,1974,Chicago,chicago
city,1975,Chicago,chicago
city,1976,Chicago,chicago
city,1977,Chicago,chicago
city,1978,Chicago,chicago
city,1979,Chicago,chicago
city,1980,Chicago,chicago il
city,1981,Chicago,chicago
city,1982,Chicago,chicago
city,1983,Glendale,glendale
city,1984,Glendale,glendale
city,1985,Conestoga,conestoga
city,1986,Paw Paw,paw paw
city,1987,Crozet,crozet
city,1988,Crozet,crozet
city,1989,Crozet,crozet
city,1990,Crozet,crozet
city,1991,Durango,durango
city,1992,Durango,durango
city,1993,Durango,durango
city,1994,Durango,durango
city,1995,Stevens Point,stevens point
city,1996,Stevens Point,stevens point
city,1997,Stevens Point,stevens point
city,1998,Stevens Point,stevens point
city,1999,Stevens Point,stevens point
city,2000,Stevens Point,stevens point
city,2001,Stevens Point,stevens point
city,2002,Stevens Point,stevens point
city,2003,Stevens Point,stevens point
city,2004,Stevens Point,stevens point
city,2005,Stevens Point,stevens point
city,2006,Stevens Point,stevens point
city,2007,Stevens Point,stevens point
city,2008,Stevens Point,stevens point
city,2009,Stevens Point,stevens point
city,2010,Stevens Point,stevens point
city,2011,Stevens Point,stevens point
city,2012,Stevens Point,stevens point
city,2013,Stevens Point,stevens point
city,2014,Stevens Point,stevens point
city,2015,Stevens Point,stevens point
city,2016,Stevens Point,stevens point
city,2017,Green Bay,green bay
city,2018,Baltimore,baltimore
city,2019,Baltimore,baltimore
city,2020,Baltimore,baltimore md
city,2021,Portland,portland
city,2022,Huntsville,huntsville
city,2023,Huntsville,huntsville
city,2024,Huntsville,huntsville
city,2025,St Mary's,st mary's
city,2026,St Mary's,st mary's
city,2027,St Mary's,st mary's
city,2028,St Mary's,st mary's
city,2029,St Paul,st paul
city,2030,St. Paul,st. paul
city,2031,St. Paul,st. paul mn
city,2032,St. Paul,st. paul
city,2033,Indianapolis,indianapolis
city,2034,Indianapolis,indianapolis
city,2035,Indianapolis,indianapolis
city,2036,Indianapolis,indianapolis
city,2037,Indianapolis,indianapolis
city,2038,Indianapolis,indianapolis
city,2039,Indianapolis,indianapolis
city,2040,Indianapolis,indianapolis
city,2041,Indianapolis,indianapolis
city,2042,Indianapolis,indianapolis in
city,2043,Indianapolis,indianapolis in
city,2044,Indianapolis,indianapolis
city,2045,Indianapolis,indianapolis in
city,2046,Indianapolis,indianapolis
city,2047,Indianapolis,indianapolis
city,2048,Indianapolis,indianapolis
city,2049,Indianapolis,indianapolis
city,2050,Indianapolis,indianapolis
city,2051,Indianapolis,indianapolis
city,2052,Indianapolis,indianapolis
city,2053,Indianapolis,indianapolis
city,2054,Indianapolis,indianapolis
city,2055,Indianapolis,indianapolis
city,2056,Indianapolis,indianapolis
city,2057,Indianapolis,indianapolis
city,2058,Indianapolis,indianapolis
city,2059,Indianapolis,indianapolis
city,2060,Indianapolis,indianapolis
city,2061,Indianapolis,indianapolis in
city,2062,Indianapolis,indianapolis
city,2063,Indianapolis,indianapolis
city,2064,Indianapolis,indianapolis
city,2065,Indianapolis,indianapolis
city,2066,Indianapolis,indianapolis
city,2067,Indianapolis,indianapolis
city,2068,Indianapolis,indianapolis
city,2069,Indianapolis,indianapolis
city,2070,Indianapolis,indianapolis
city,2071,Hardy,hardy
city,2072,Hardy,hardy
city,2073,Brooklyn Center,brooklyn center
city,2074,Brooklyn Center,brooklyn center mn
city,2075,Brooklyn Center,brooklyn center
city,2076,Brooklyn Center,brooklyn center
city,2077,Brooklyn Center,brooklyn center
city,2078,Brooklyn Center,brooklyn center
city,2079,Brooklyn Center,brooklyn center
city,2080,Brooklyn Center,brooklyn center
city,2081,Brooklyn Center,brooklyn center
city,2082,Brooklyn Center,brooklyn center
city,2083,Brooklyn Center,brooklyn center
city,2084,Brooklyn Center,brooklyn center
city,2085,Brooklyn Center,brooklyn center
city,2086,Gainesville,gainesville
city,2087,Gainesville,gainesville
city,2088,Gainesville,gainesville
city,2089,Gainesville,gainesville
city,2090,Gainesville,gainesville
city,2091,Manheim,manheim
city,2092,Atlanta,atlanta
city,2093,Atlanta,atlanta
city,2094,Atlanta,atlanta
city,2095,Atlanta,atlanta
city,2096,San Diego,san diego
city,2097,San Diego,san diego
city,2098,San Diego,san diego
city,2099,San Diego,san diego
city,2100,San Diego,san diego
city,2101,San Diego,san diego
city,2102,San Diego,san diego
city,2103,San Diego,san diego
city,2104,Manhattan,manhattan
city,2105,Manhattan,manhattan
city,2106,Manhattan,manhattan
city,2107,Manhattan,manhattan
city,2108,Manhattan,manhattan
city,2109,Manhattan,manhattan
city,2110,Manhattan,manhattan
city,2111,Manhattan,manhattan
city,2112,Manhattan,manhattan
city,2113,Manhattan,manhattan ks
city,2114,Manhattan,manhattan
city,2115,Manhattan,manhattan
city,2116,Manhattan,manhattan
city,2117,Manhattan,manhattan
city,2118,Manhattan,manhattan
city,2119,Manhattan,manhattan
city,2120,Manhattan,manhattan
city,2121,Manhattan,manhattan
city,2122,Lakeside,lakeside
city,2123,Lakeside,lakeside
city,2124,Tampa,tampa
city,2125,Tampa,tampa
city,2126,Bridgman,bridgman
city,2127,Bridgman,bridgman
city,2128,Bridgman,bridgman
city,2129,Bargersville,bargersville
city,2130,Telluride,telluride
city,2131,Telluride,telluride
city,2132,Telluride,telluride
city,2133,Evanston,evanston il
city,2134,Evanston,evanston
city,2135,Evanston,evanston
city,2136,Athens,athens ga
city,2137,Richmond,richmond
city,2138,Richmond,richmond
city,2139,Richmond,richmond
city,2140,Richmond,richmond
city,2141,Waterbury,waterbury
city,2142,Waterbury,waterbury
city,2143,Waterbury,waterbury
city,2144,Waterbury,waterbury vt
city,2145,Waterbury,waterbury
city,2146,Waterbury,waterbury
city,2147,Sheridan,sheridan
city,2148,Sheridan,sheridan
city,2149,Sheridan,sheridan
city,2150,Sheridan,sheridan
city,2151,Baltimore,baltimore
city,2152,Baltimore,baltimore
city,2153,Baltimore,baltimore
city,2154,Bronx,bronx
city,2155,Bronx,bronx
city,2156,Bronx,bronx
city,2157,Torrance,torrance
city,2158,Torrance,torrance
city,2159,Torrance,torrance
city,2160,Torrance,torrance
city,2161,Torrance,torrance
city,2162,Burlington,burlington
city,2163,Wilkes-Barre,wilkes-barre
city,2164,New York,new york
city,2165,Grand Rapids,grand rapids
city,2166,Traverse City,traverse city
city,2167,Traverse City,traverse city
city,2168,Traverse City,traverse city
city,2169,Burlington,burlington
city,2170,Cold Spring,cold spring
city,2171,Cold Spring,cold spring
city,2172,Cold Spring,cold spring
city,2173,Cold Spring,cold spring
city,2174,Bloomfield,bloomfield
city,2175,Sisters,sisters
city,2176,Sisters,sisters
city,2177,Sisters,sisters
city,2178,Charlottesville,charlottesville
city,2179,Charlottesville,charlottesville
city,2180,Martinsville,martinsville
city,2181,Martinsville,martinsville
city,2182,Martinsville,martinsville
city,2183,Martinsville,martinsville
city,2184,Kearney,kearney
city,2185,Kearney,kearney
city,2186,Kearney,kearney
city,2187,Kearney,kearney ne
city,2188,Evansville,evansville
city,2189,Evansville,evansville
city,2190,Evansville,evansville
city,2191,Evansville,evansville
city,2192,Evansville,evansville
city,2193,Evansville,evansville
city,2194,Evansville,evansville
city,2195,Evansville,evansville
city,2196,Evansville,evansville in
city,2197,Baton Rouge,baton rouge
city,2198,Baton Rouge,baton rouge
city,2199,Baton Rouge,baton rouge
city,2200,Baton Rouge,baton rouge
city,2201,Baton Rouge,baton rouge
city,2202,Baton Rouge,baton rouge
city,2203,Baton Rouge,baton rouge
city,2204,Idaho Springs,idaho springs
city,2205,Idaho Springs,idaho springs co
city,2206,Minnetonka,minnetonka
city,2207,Minnetonka,minnetonka
city,2208,Albuquerque,albuquerque
city,2209,Albuquerque,albuquerque
city,2210,Albuquerque,albuquerque
city,2211,Durham,durham
city,2212,Durham,durham
city,2213,Durham,durham
city,2214,Hershey,hershey
city,2215,Hershey,hershey
city,2216,Hershey,hershey
city,2217,Hershey,hershey
city,2218,Hershey,hershey pa
city,2219,Greenville,greenville
city,2220,Boulder,boulder
city,2221,Dripping Springs,dripping springs
city,2222,Dripping Springs,dripping springs
city,2223,Dripping Springs,dripping springs
city,2224,Seattle,seattle
city,2225,Seattle,seattle
city,2226,Seattle,seattle
city,2227,Seattle,seattle
city,2228,Seattle,seattle
city,2229,Seattle,seattle
city,2230,Seattle,seattle
city,2231,Seattle,seattle
city,2232,Seattle,seattle
city,2233,Seattle,seattle
city,2234,Seattle,seattle
city,2235,Seattle,seattle
city,2236,Warrenville,warrenville
city,2237,Warrenville,warrenville
city,2238,Warrenville,warrenville
city,2239,Warrenville,warrenville
city,2240,Warrenville,warrenville
city,2241,Warrenville,warrenville
city,2242,Warrenville,warrenville
city,2243,Warrenville,warrenville
city,2244,Warrenville,warrenville
city,2245,Warrenville,warrenville
city,2246,Plant City,plant city
city,2247,Stratford,stratford
city,2248,Stratford,stratford
city,2249,Stratford,stratford
city,2250,Stratford,stratford
city,2251,Stratford,stratford
city,2252,Salt Lake City,salt lake city
city,2253,Salt Lake City,salt lake city
city,2254,Salt Lake City,salt lake city
city,2255,Salt Lake City,salt lake city
city,2256,Salt Lake City,salt lake city
city,2257,Salt Lake City,salt lake city
city,2258,Salt Lake City,salt lake city
city,2259,Salt Lake City,salt lake city
city,2260,Salt Lake City,salt lake city
city,2261,Ukiah,ukiah
city,2262,Austin,austin
city,2263,Austin,austin
city,2264,St. John's,st. john's
city,2265,St. John's,st. john's
city,2266,St. John's,st. john's
city,2267,Santa Cruz,santa cruz
city,2268,Santa Cruz,santa cruz
city,2269,Santa Cruz,santa cruz
city,2270,Santa Cruz,santa cruz
city,2271,Santa Cruz,santa cruz ca
city,2272,Baltimore,baltimore
city,2273,Baltimore,baltimore
city,2274,Baltimore,baltimore
city,2275,Baltimore,baltimore
city,2276,Bloomington,bloomington
city,2277,Bloomington,bloomington
city,2278,Bloomington,bloomington
city,2279,Boulder,boulder
city,2280,Boulder,boulder
city,2281,Boulder,boulder
city,2282,Boulder,boulder
city,2283,Boulder,boulder
city,2284,Boulder,boulder
city,2285,Boulder,boulder
city,2286,Boulder,boulder
city,2287,Boulder,boulder co
city,2288,Boulder,boulder
city,2289,Boulder,boulder
city,2290,Boulder,boulder
city,2291,Boulder,boulder
city,2292,Boulder,boulder
city,2293,Boulder,boulder
city,2294,Boulder,boulder co
city,2295,Boulder,boulder
city,2296,Boulder,boulder
city,2297,Elmira,elmira
city,2298,Elmira,elmira
city,2299,Salt Lake City,salt lake city
city,2300,Salt Lake City,salt lake city
city,2301,Salt Lake City,salt lake city
city,2302,Salt Lake City,salt lake city
city,2303,Salt Lake City,salt lake city
city,2304,Salt Lake City,salt lake city
city,2305,Salt Lake City,salt lake city
city,2306,Salt Lake City,salt lake city
city,2307,Spring Lake,spring lake
city,2308,Spring Lake,spring lake
city,2309,Spring Lake,spring lake
city,2310,Spring Lake,spring lake
city,2311,Spring Lake,spring lake
city,2312,Yardley,yardley
city,2313,Meadville,meadville
city,2314,Meadville,meadville
city,2315,Meadville,meadville pa
city,2316,Meadville,meadville
city,2317,Meadville,meadville
city,2318,Meadville,meadville
city,2319,Westminster,westminster
city,2320,Westminster,westminster ma
city,2321,Westminster,westminster
city,2322,Westminster,westminster
city,2323,Westminster,westminster
city,2324,Westminster,westminster
city,2325,Westminster,westminster
city,2326,Westminster,westminster
city,2327,Westminster,westminster
city,2328,Westminster,westminster
city,2329,Westminster,westminster
city,2330,Fort Wayne,fort wayne
city,2331,Dayton,dayton
city,2332,Dayton,dayton
city,2333,Dayton,dayton
city,2334,Dayton,dayton
city,2335,Lexington,lexington
city,2336,Lexington,lexington
city,2337,Lexington,lexington
city,2338,Lexington,lexington
city,2339,Mt. Pleasant,mt. pleasant
city,2340,Mt. Pleasant,mt. pleasant
city,2341,Mt. Pleasant,mt. pleasant
city,2342,Mt. Pleasant,mt. pleasant
city,2343,Westfield,westfield
city,2344,Westfield,westfield
city,2345,Westfield,westfield
city,2346,Weston,weston
city,2347,Weston,weston
city,2348,Weston,weston
city,2349,Weston,weston
city,2350,Weston,weston
city,2351,Weston,weston
city,2352,Weston,weston
city,2353,Hooksett,hooksett
city,2354,Hooksett,hooksett
city,2355,Hooksett,hooksett
city,2356,Hooksett,hooksett
city,2357,Hudsonville,hudsonville
city,2358,Portland,portland
city,2359,Portland,portland
city,2360,Portland,portland
city,2361,Lake Barrington,lake barrington
city,2362,Lake Barrington,lake barrington
city,2363,Lake Barrington,lake barrington
city,2364,Lake Barrington,lake barrington
city,2365,Lake Barrington,lake barrington il
city,2366,Lake Barrington,lake barrington
city,2367,Lake Barrington,lake barrington
city,2368,Lake Barrington,lake barrington
city,2369,Lake Barrington,lake barrington
city,2370,Lake Barrington,lake barrington
city,2371,Nellysford,nellysford va
city,2372,Nellysford,nellysford
city,2373,Nellysford,nellysford
city,2374,Nellysford,nellysford
city,2375,Stevensville,stevensville
city,2376,Stevensville,stevensville
city,2377,Stevensville,stevensville mt
city,2378,Pinedale,pinedale
city,2379,Pinedale,pinedale
city,2380,Tacoma,tacoma
city,2381,Tacoma,tacoma
city,2382,Verona,verona
city,2383,Verona,verona
city,2384,Verona,verona
city,2385,Verona,verona
city,2386,Memphis,memphis
city,2387,Memphis,memphis
city,2388,Memphis,memphis
city,2389,South Lyon,south lyon
city,2390,South Lyon,south lyon
city,2391,Abingdon,abingdon
city,2392,Ann Arbor,ann arbor
city,2393,Middlebury,middlebury
city,2394,North Woodstock,north woodstock nh
city,2395,North Woodstock,north woodstock
city,2396,Worcester,worcester
city,2397,Bend,bend
city,2398,Bend,bend
city,2399,Bend,bend
city,2400,Bend,bend
city,2401,Bend,bend
city,2402,Denver,denver
city,2403,Denver,denver
city,2404,Denver,denver
city,2405,Denver,denver
city,2406,Denver,denver
city,2407,Denver,denver
city,2408,Denver,denver
city,2409,Denver,denver
city,2410,Denver,denver
state,1,OR,or
state,2,IN,in
state,3,IN,in
state,4,IN,in
state,5,IN,in
state,6,IN,in
state,7,IN,in
state,8,IN,in
state,9,IN,in
state,10,IN,in
state,11,IN,in
state,12,IN,in
state,13,IN,in
state,14,IN,in
state,15,IN,in
state,16,OR,or
state,17,OR,or
state,18,OR,or
state,19,OR,or
state,20,CA,ca
state,21,CA,ca
state,22,CA,ca
state,23,CA,ca
state,24,CA,ca
state,25,CA,ca
state,26,CA,ca
state,27,CA,ca
state,28,CA,ca
state,29,CA,ca
state,30,CA,ca
state,31,CA,ca
state,32,CA,ca
state,33,CA,ca
state,34,CA,ca
state,35,CA,ca
state,36,CA,ca
state,37,CA,ca
state,38,CA,ca
state,39,CA,ca
state,40,FL,fl
state,41,FL,fl
state,42,FL,fl
state,43,MO,mo
state,44,MO,mo
state,45,MO,mo
state,46,MO,mo
state,47,MO,mo
state,48,MO,mo
state,49,MO,mo
state,50,MO,mo
state,51,IN,in
state,52,IN,in
state,53,IN,in
state,54,IN,in
state,55,IN,in
state,56,IN,in
state,57,IN,in
state,58,WA,wa
state,59,WA,wa
state,60,WA,wa
state,61,WA,wa
state,62,FL,fl
state,63,CO,co
state,64,CO,co
state,65,LA,la
state,66,LA,la
state,67,LA,la
state,68,KY,ky
state,69,KY,ky
state,70,KY,ky
state,71,KY,ky
state,72,KY,ky
state,73,KY,ky
state,74,KY,ky
state,75,KY,ky
state,76,KY,ky
state,77,KY,ky
state,78,KY,ky
state,79,KY,ky
state,80,KY,ky
state,81,KY,ky
state,82,KY,ky
state,83,WA,wa
state,84,WA,wa
state,85,WA,wa
state,86,OR,or
state,87,OR,or
state,88,OR,or
state,89,AK,ak
state,90,AK,ak
state,91,WI,_nan_
state,92,KY,ky
state,93,KY,ky
state,94,WA,wa
state,95,WA,wa
state,96,WA,wa
state,97,CA,ca
state,98,CA,ca
state,99,CA,ca
state,100,CA,ca
state,101,CA,ca
state,102,CA,ca
state,103,CA,ca
state,104,CA,ca
state,105,CA,ca
state,106,CA,ca
state,107,CA,ca
state,108,CA,ca
state,109,CA,ca
state,110,CA,ca
state,111,CA,ca
state,112,CA,ca
state,113,CA,ca
state,114,CA,ca
state,115,CA,ca
state,116,CA,ca
state,117,CA,ca
state,118,CA,ca
state,119,CA,ca
state,120,WI,wi
state,121,WI,wi
state,122,WI,wi
state,123,OH,oh
state,124,OH,oh
state,125,OH,oh
state,126,OK,ok
state,127,OK,ok
state,128,OK,ok
state,129,NC,nc
state,130,NC,nc
state,131,NC,nc
state,132,MI,mi
state,133,MI,mi
state,134,CO,co
state,135,TX,tx
state,136,TX,tx
state,137,CA,ca
state,138,CO,co
state,139,NC,nc
state,140,NC,nc
state,141,NC,nc
state,142,WA,wa
state,143,WA,wa
state,144,WA,wa
state,145,CO,co
state,146,CO,co
state,147,OR,or
state,148,OR,or
state,149,OR,or
state,150,OR,or
state,151,MI,mi
state,152,MI,mi
state,153,MI,mi
state,154,MI,mi
state,155,MI,mi
state,156,MI,mi
state,157,TX,tx
state,158,TX,tx
state,159,TX,tx
state,160,TX,tx
state,161,TX,tx
state,162,CO,co
state,163,CO,co
state,164,CO,co
state,165,CO,co
state,166,CO,co
state,167,CO,co
state,168,NC,nc
state,169,NC,nc
state,170,NC,nc
state,171,NC,nc
state,172,NC,nc
state,173,NC,nc
state,174,CT,ct
state,175,CT,ct
state,176,CT,ct
state,177,CT,ct
state,178,CT,ct
state,179,AL,al
state,180,AL,al
state,181,WA,wa
state,182,WA,wa
state,183,CA,ca
state,184,CA,ca
state,185,CA,ca
state,186,CA,ca
state,187,CA,ca
state,188,CA,ca
state,189,MA,ma
state,190,MA,ma
state,191,MA,ma
state,192,IN,in
state,193,AZ,az
state,194,AZ,az
state,195,OR,or
state,196,OR,or
state,197,OR,or
state,198,OR,or
state,199,OR,or
state,200,MN,mn
state,201,MN,mn
state,202,MN,mn
state,203,MN,mn
state,204,ME,me
state,205,ME,me
state,206,ME,me
state,207,ME,me
state,208,ME,me
state,209,ME,me
state,210,ME,me
state,211,ME,me
state,212,ME,me
state,213,VA,va
state,214,MA,ma
state,215,MA,ma
state,216,MA,ma
state,217,MA,ma
state,218,MI,mi
state,219,MI,mi
state,220,MI,mi
state,221,MI,mi
state,222,MI,mi
state,223,MI,mi
state,224,MN,mn
state,225,MN,mn
state,226,MN,mn
state,227,MN,mn
state,228,MN,mn
state,229,MN,mn
state,230,MN,mn
state,231,MN,mn
state,232,MN,mn
state,233,MA,ma
state,234,MA,ma
state,235,TX,tx
state,236,TX,tx
state,237,TX,tx
state,238,TX,tx
state,239,TX,tx
state,240,CO,co
state,241,CO,co
state,242,CO,co
state,243,CO,co
state,244,MA,ma
state,245,MA,ma
state,246,MA,ma
state,247,MI,mi
state,248,MI,mi
state,249,IL,il
state,250,IL,il
state,251,TN,tn
state,252,TN,tn
state,253,MT,mt
state,254,MT,mt
state,255,MT,mt
state,256,MT,mt
state,257,MT,mt
state,258,MT,mt
state,259,MT,mt
state,260,MT,mt
state,261,MT,mt
state,262,MT,mt
state,263,MT,mt
state,264,MT,mt
state,265,FL,fl
state,266,FL,fl
state,267,MN,mn
state,268,MN,mn
state,269,MN,mn
state,270,MN,mn
state,271,MN,mn
state,272,NC,nc
state,273,MT,mt
state,274,MT,mt
state,275,MT,mt
state,276,IN,in
state,277,CA,ca
state,278,CA,ca
state,279,CA,ca
state,280,CA,ca
state,281,CO,co
state,282,CO,co
state,283,CO,co
state,284,CO,co
state,285,WY,wy
state,286,WY,wy
state,287,MA,ma
state,288,MI,mi
state,289,MI,mi
state,290,MI,mi
state,291,MI,mi
state,292,MI,mi
state,293,MI,mi
state,294,NE,ne
state,295,NE,ne
state,296,NE,ne
state,297,NE,ne
state,298,NE,ne
state,299,NE,ne
state,300,NE,ne
state,301,NE,ne
state,302,NE,ne
state,303,NE,ne
state,304,NE,ne
state,305,NE,ne
state,306,NE,ne
state,307,NE,ne
state,308,OR,or
state,309,OR,or
state,310,MA,_nan_
state,311,VA,va
state,312,VA,va
state,313,VA,va
state,314,VA,va
state,315,VA,va
state,316,TX,tx
state,317,TX,tx
state,318,TX,tx
state,319,TX,tx
state,320,NY,ny
state,321,NY,ny
state,322,NY,ny
state,323,NY,ny
state,324,UT,ut
state,325,UT,ut
state,326,UT,ut
state,327,UT,ut
state,328,UT,ut
state,329,FL,fl
state,330,FL,fl
state,331,FL,fl
state,332,NJ,nj
state,333,NJ,nj
state,334,NY,ny
state,335,NY,ny
state,336,CO,co
state,337,CO,co
state,338,CO,co
state,339,CO,co
state,340,CO,co
state,341,CO,co
state,342,CO,co
state,343,CO,co
state,344,CO,co
state,345,CO,co
state,346,CO,co
state,347,CO,co
state,348,CO,co
state,349,CO,co
state,350,CO,co
state,351,CO,co
state,352,CO,co
state,353,CO,co
state,354,CO,co
state,355,AZ,az
state,356,MA,ma
state,357,MA,ma
state,358,MA,ma
state,359,MA,ma
state,360,MA,ma
state,361,MA,ma
state,362,MA,ma
state,363,MA,ma
state,364,MA,ma
state,365,CO,co
state,366,CO,co
state,367,CO,co
state,368,MO,mo
state,369,PA,pa
state,370,PA,pa
state,371,PA,pa
state,372,MT,mt
state,373,MT,mt
state,374,MT,mt
state,375,MT,mt
state,376,MT,mt
state,377,TX,tx
state,378,OR,or
state,379,CO,co
state,380,CO,co
state,381,CO,co
state,382,CO,co
state,383,FL,fl
state,384,FL,fl
state,385,FL,fl
state,386,FL,fl
state,387,IN,_nan_
state,388,MI,mi
state,389,MI,mi
state,390,MI,mi
state,391,MI,mi
state,392,MI,mi
state,393,MI,mi
state,394,MI,mi
state,395,MI,mi
state,396,MI,mi
state,397,MI,mi
state,398,MI,mi
state,399,MI,mi
state,400,MI,mi
state,401,MI,mi
state,402,MI,mi
state,403,MI,mi
state,404,MI,mi
state,405,MI,mi
state,406,MI,mi
state,407,MI,mi
state,408,MI,mi
state,409,MI,mi
state,410,MI,mi
state,411,MI,mi
state,412,MI,mi
state,413,MI,mi
state,414,MI,mi
state,415,MI,mi
state,416,MI,mi
state,417,MI,mi
state,418,MI,mi
state,419,MI,mi
state,420,MI,mi
state,421,MI,mi
state,422,MI,mi
state,423,MI,mi
state,424,MI,mi
state,425,MI,mi
state,426,MI,mi
state,427,MI,mi
state,428,MI,mi
state,429,MI,mi
state,430,MI,mi
state,431,MI,mi
state,432,MI,mi
state,433,MI,mi
state,434,MI,mi
state,435,MI,mi
state,436,MI,mi
state,437,MI,mi
state,438,MI,mi
state,439,MI,mi
state,440,MI,mi
state,441,MI,mi
state,442,MI,mi
state,443,MI,mi
state,444,MI,mi
state,445,MI,mi
state,446,MI,mi
state,447,MI,mi
state,448,MI,mi
state,449,MI,mi
state,450,MI,mi
state,451,FL,fl
state,452,FL,fl
state,453,CT,ct
state,454,AK,ak
state,455,AK,ak
state,456,AK,ak
state,457,AK,ak
state,458,NY,ny
state,459,NY,ny
state,460,NY,ny
state,461,NY,ny
state,462,NY,ny
state,463,NY,ny
state,464,NV,nv
state,465,NV,nv
state,466,NV,nv
state,467,NV,nv
state,468,NV,nv
state,469,NV,nv
state,470,NV,nv
state,471,OH,oh
state,472,IL,il
state,473,TX,tx
state,474,TX,tx
state,475,TX,tx
state,476,IN,in
state,477,IN,in
state,478,IN,in
state,479,IN,in
state,480,IN,in
state,481,IN,in
state,482,IN,in
state,483,IN,in
state,484,IN,in
state,485,IN,in
state,486,IN,in
state,487,OR,or
state,488,CA,ca
state,489,NY,ny
state,490,NY,ny
state,491,NY,ny
state,492,NY,ny
state,493,SC,sc
state,494,SC,sc
state,495,SC,sc
state,496,SC,sc
state,497,SC,sc
state,498,SC,sc
state,499,OK,ok
state,500,OK,ok
state,501,OK,ok
state,502,OK,ok
state,503,OK,ok
state,504,OK,ok
state,505,OR,or
state,506,OR,or
state,507,OR,or
state,508,OR,or
state,509,OR,or
state,510,OR,or
state,511,OR,or
state,512,OR,or
state,513,OR,or
state,514,OR,or
state,515,OR,or
state,516,OR,or
state,517,OR,or
state,518,OR,or
state,519,MA,ma
state,520,MA,ma
state,521,NC,nc
state,522,NC,nc
state,523,NC,nc
state,524,NC,nc
state,525,MA,ma
state,526,MA,ma
state,527,MA,ma
state,528,MA,ma
state,529,MA,ma
state,530,MA,ma
state,531,MA,ma
state,532,WI,wi
state,533,WI,wi
state,534,WI,wi
state,535,WI,wi
state,536,WI,wi
state,537,WI,wi
state,538,WI,wi
state,539,WI,wi
state,540,WI,wi
state,541,WI,wi
state,542,WI,wi
state,543,NC,nc
state,544,NC,nc
state,545,NC,nc
state,546,NC,nc
state,547,NC,nc
state,548,NC,nc
state,549,NJ,nj
state,550,NJ,nj
state,551,NJ,nj
state,552,NJ,nj
state,553,OR,or
state,554,OR,or
state,555,NC,nc
state,556,NC,nc
state,557,NC,nc
state,558,NC,nc
state,559,NC,nc
state,560,NC,nc
state,561,NC,nc
state,562,OH,oh
state,563,OH,oh
state,564,NC,nc
state,565,NC,nc
state,566,TX,tx
state,567,TX,tx
state,568,TX,tx
state,569,TX,tx
state,570,TX,tx
state,571,TX,tx
state,572,CO,co
state,573,CO,co
state,574,VA,va
state,575,VA,va
state,576,VA,va
state,577,VA,va
state,578,CA,ca
state,579,CA,ca
state,580,CA,ca
state,581,CA,ca
state,582,VA,va
state,583,VA,va
state,584,VA,va
state,585,VA,va
state,586,IN,in
state,587,IN,in
state,588,IN,in
state,589,IN,in
state,590,NY,ny
state,591,NY,ny
state,592,MI,mi
state,593,MI,mi
state,594,MI,mi
state,595,OH,oh
state,596,WA,wa
state,597,WI,wi
state,598,WI,wi
state,599,FL,fl
state,600,FL,fl
state,601,FL,fl
state,602,FL,fl
state,603,FL,fl
state,604,FL,fl
state,605,FL,fl
state,606,FL,fl
state,607,FL,fl
state,608,FL,fl
state,609,FL,fl
state,610,FL,fl
state,611,FL,fl
state,612,FL,fl
state,613,FL,fl
state,614,FL,fl
state,615,FL,fl
state,616,FL,fl
state,617,FL,fl
state,618,FL,fl
state,619,FL,fl
state,620,FL,fl
state,621,FL,fl
state,622,FL,fl
state,623,FL,fl
state,624,MA,ma
state,625,MA,ma
state,626,MA,ma
state,627,MA,ma
state,628,MA,ma
state,629,MA,ma
state,630,MA,ma
state,631,CA,ca
state,632,OR,or
state,633,OR,or
state,634,GA,ga
state,635,GA,ga
state,636,RI,ri
state,637,RI,ri
state,638,RI,ri
state,639,RI,ri
state,640,AZ,az
state,641,IA,ia
state,642,IA,ia
state,643,IA,ia
state,644,AR,ar
state,645,AR,ar
state,646,AR,ar
state,647,AR,ar
state,648,CT,ct
state,649,LA,la
state,650,CO,co
state,651,CO,co
state,652,CO,co
state,653,CO,co
state,654,CO,co
state,655,CO,co
state,656,CO,co
state,657,CO,co
state,658,CO,co
state,659,CO,co
state,660,CO,co
state,661,GA,ga
state,662,GA,ga
state,663,ID,id
state,664,ID,id
state,665,ID,id
state,666,SD,sd
state,667,SD,sd
state,668,SD,sd
state,669,SD,sd
state,670,SD,sd
state,671,SD,sd
state,672,SD,sd
state,673,CO,co
state,674,CO,co
state,675,IN,in
state,676,IN,in
state,677,IN,in
state,678,IN,in
state,679,ME,me
state,680,ME,me
state,681,DC,dc
state,682,DC,dc
state,683,DC,dc
state,684,DC,dc
state,685,DC,dc
state,686,DC,dc
state,687,DC,dc
state,688,DC,dc
state,689,CO,co
state,690,CO,co
state,691,IN,in
state,692,WI,wi
state,693,CA,ca
state,694,CA,ca
state,695,OK,ok
state,696,TX,tx
state,697,TX,tx
state,698,TX,tx
state,699,TX,tx
state,700,TX,tx
state,701,TX,tx
state,702,TX,tx
state,703,TX,tx
state,704,TX,tx
state,705,KS,ks
state,706,KS,ks
state,707,AK,ak
state,708,AK,ak
state,709,AK,ak
state,710,AK,ak
state,711,CO,co
state,712,CO,co
state,713,OR,or
state,714,IL,il
state,715,IL,il
state,716,IL,il
state,717,IL,il
state,718,IL,il
state,719,IL,il
state,720,IL,il
state,721,VA,va
state,722,VA,va
state,723,CA,ca
state,724,CA,ca
state,725,CA,ca
state,726,CA,ca
state,727,WA,wa
state,728,WA,wa
state,729,PA,pa
state,730,CO,co
state,731,CO,co
state,732,CO,co
state,733,CO,co
state,734,CO,co
state,735,CO,co
state,736,MA,ma
state,737,MA,ma
state,738,CO,co
state,739,CO,co
state,740,CO,co
state,741,CO,co
state,742,FL,fl
state,743,NY,ny
state,744,CO,co
state,745,CO,co
state,746,CO,co
state,747,CO,co
state,748,CO,co
state,749,CO,co
state,750,CO,co
state,751,OH,oh
state,752,WA,wa
state,753,FL,fl
state,754,WA,wa
state,755,CO,co
state,756,CO,co
state,757,CO,co
state,758,CO,co
state,759,WA,wa
state,760,WA,wa
state,761,IN,in
state,762,IN,in
state,763,IN,in
state,764,IN,in
state,765,IN,in
state,766,IN,in
state,767,NY,ny
state,768,NY,ny
state,769,NY,ny
state,770,NY,ny
state,771,NY,ny
state,772,ND,nd
state,773,ND,nd
state,774,ND,nd
state,775,OH,oh
state,776,OH,oh
state,777,CO,co
state,778,CO,co
state,779,CO,co
state,780,CO,co
state,781,CO,co
state,782,OR,or
state,783,OR,or
state,784,OR,or
state,785,OR,or
state,786,OR,or
state,787,OR,or
state,788,VT,vt
state,789,VT,vt
state,790,VT,vt
state,791,VT,vt
state,792,CA,ca
state,793,CA,ca
state,794,CA,ca
state,795,IL,il
state,796,IL,il
state,797,IL,il
state,798,IL,il
state,799,IL,il
state,800,IL,il
state,801,IL,il
state,802,IL,il
state,803,IL,il
state,804,IL,il
state,805,CA,ca
state,806,CA,ca
state,807,CA,ca
state,808,CA,ca
state,809,CA,ca
state,810,IN,in
state,811,IN,in
state,812,IN,in
state,813,PA,pa
state,814,IL,il
state,815,MD,md
state,816,MD,md
state,817,VA,va
state,818,VA,va
state,819,RI,ri
state,820,RI,ri
state,821,RI,ri
state,822,RI,ri
state,823,NJ,nj
state,824,NJ,nj
state,825,OR,or
state,826,OR,or
state,827,OR,or
state,828,OR,or
state,829,OR,or
state,830,OR,or
state,831,OR,or
state,832,OR,or
state,833,OR,or
state,834,OR,or
state,835,OR,or
state,836,OR,or
state,837,PA,_nan_
state,838,CA,ca
state,839,CA,ca
state,840,CA,ca
state,841,CA,ca
state,842,MI,mi
state,843,MI,mi
state,844,MI,mi
state,845,TX,tx
state,846,TX,tx
state,847,TX,tx
state,848,IN,in
state,849,IN,in
state,850,IN,in
state,851,IN,in
state,852,IN,in
state,853,AZ,az
state,854,AZ,az
state,855,AZ,az
state,856,AZ,az
state,857,AZ,az
state,858,AZ,az
state,859,AZ,az
state,860,OH,oh
state,861,OH,oh
state,862,OH,oh
state,863,OH,oh
state,864,MI,mi
state,865,MI,mi
state,866,MI,mi
state,867,TX,tx
state,868,TX,tx
state,869,TX,tx
state,870,TX,tx
state,871,TX,tx
state,872,TX,tx
state,873,TX,tx
state,874,TX,tx
state,875,WA,wa
state,876,WA,wa
state,877,WA,wa
state,878,WA,wa
state,879,WA,wa
state,880,WA,wa
state,881,WA,wa
state,882,NC,nc
state,883,NC,nc
state,884,NC,nc
state,885,NC,nc
state,886,NC,nc
state,887,WI,wi
state,888,WI,wi
state,889,WI,wi
state,890,ME,_nan_
state,891,CA,ca
state,892,CA,ca
state,893,CA,ca
state,894,CA,ca
state,895,CA,ca
state,896,CA,ca
state,897,CA,ca
state,898,CA,ca
state,899,CA,ca
state,900,CA,ca
state,901,CA,ca
state,902,CA,ca
state,903,CA,ca
state,904,CA,ca
state,905,CA,ca
state,906,MI,mi
state,907,OR,or
state,908,OR,or
state,909,AL,al
state,910,AL,al
state,911,AL,al
state,912,AL,al
state,913,AL,al
state,914,OR,or
state,915,IL,il
state,916,IL,il
state,917,IL,il
state,918,IL,il
state,919,IL,il
state,920,IL,il
state,921,CO,co
state,922,AZ,az
state,923,AZ,az
state,924,AZ,az
state,925,AZ,az
state,926,TX,tx
state,927,TX,tx
state,928,TX,tx
state,929,IN,in
state,930,IN,in
state,931,IN,in
state,932,IN,in
state,933,IN,in
state,934,IN,in
state,935,IN,in
state,936,IN,in
state,937,IN,in
state,938,IN,in
state,939,IN,in
state,940,IN,in
state,941,IN,in
state,942,IN,in
state,943,IN,in
state,944,IN,in
state,945,IN,in
state,946,IN,in
state,947,IN,in
state,948,IN,in
state,949,CO,co
state,950,CO,co
state,951,CO,co
state,952,CO,co
state,953,CO,co
state,954,CO,co
state,955,CO,co
state,956,CO,co
state,957,CO,co
state,958,MT,mt
state,959,MT,mt
state,960,LA,la
state,961,LA,la
state,962,IA,ia
state,963,IA,ia
state,964,IA,ia
state,965,IA,ia
state,966,IA,ia
state,967,IA,ia
state,968,IA,ia
state,969,IA,ia
state,970,IA,ia
state,971,IA,ia
state,972,IA,ia
state,973,IA,ia
state,974,IA,ia
state,975,IA,ia
state,976,IA,ia
state,977,IA,ia
state,978,IA,ia
state,979,IA,ia
state,980,FL,fl
state,981,WV,wv
state,982,WV,wv
state,983,RI,ri
state,984,RI,ri
state,985,RI,ri
state,986,RI,ri
state,987,RI,ri
state,988,RI,ri
state,989,RI,ri
state,990,RI,ri
state,991,RI,ri
state,992,MI,mi
state,993,MI,mi
state,994,MI,mi
state,995,MI,mi
state,996,MI,mi
state,997,MI,mi
state,998,MI,mi
state,999,MI,mi
state,1000,MI,mi
state,1001,CO,co
state,1002,WA,wa
state,1003,WA,wa
state,1004,IL,il
state,1005,IL,il
state,1006,IL,il
state,1007,IL,il
state,1008,IL,il
state,1009,IL,il
state,1010,IL,il
state,1011,IL,il
state,1012,CT,ct
state,1013,CT,ct
state,1014,CA,ca
state,1015,CA,ca
state,1016,VA,va
state,1017,VA,va
state,1018,VA,va
state,1019,MA,ma
state,1020,MA,ma
state,1021,MA,ma
state,1022,MA,ma
state,1023,MA,ma
state,1024,MA,ma
state,1025,MA,ma
state,1026,MA,ma
state,1027,MA,ma
state,1028,MA,ma
state,1029,MA,ma
state,1030,MA,ma
state,1031,MT,mt
state,1032,MT,mt
state,1033,HI,hi
state,1034,HI,hi
state,1035,HI,hi
state,1036,HI,hi
state,1037,HI,hi
state,1038,CA,ca
state,1039,CA,ca
state,1040,CA,ca
state,1041,MD,md
state,1042,MD,md
state,1043,MD,md
state,1044,CA,ca
state,1045,CA,ca
state,1046,CA,ca
state,1047,CO,co
state,1048,CO,co
state,1049,KS,ks
state,1050,KS,ks
state,1051,KS,ks
state,1052,empty,_nan_
state,1053,WA,wa
state,1054,WA,wa
state,1055,WA,wa
state,1056,WA,wa
state,1057,WI,wi
state,1058,PA,pa
state,1059,PA,pa
state,1060,PA,pa
state,1061,OR,or
state,1062,OR,or
state,1063,OR,or
state,1064,OR,or
state,1065,OR,or
state,1066,OR,or
state,1067,OR,or
state,1068,OR,or
state,1069,TX,tx
state,1070,TX,tx
state,1071,TX,tx
state,1072,TX,tx
state,1073,TX,tx
state,1074,OR,or
state,1075,OR,or
state,1076,OR,or
state,1077,OR,or
state,1078,OR,or
state,1079,OR,or
state,1080,OR,or
state,1081,OR,or
state,1082,OR,or
state,1083,OR,or
state,1084,OR,or
state,1085,OR,or
state,1086,OR,or
state,1087,OR,or
state,1088,OR,or
state,1089,OR,or
state,1090,OR,or
state,1091,OR,or
state,1092,OR,or
state,1093,OR,or
state,1094,OR,or
state,1095,OR,or
state,1096,OR,or
state,1097,WI,wi
state,1098,WI,wi
state,1099,WI,wi
state,1100,NC,nc
state,1101,NC,nc
state,1102,MN,mn
state,1103,MN,mn
state,1104,MN,mn
state,1105,MN,mn
state,1106,MN,mn
state,1107,MN,mn
state,1108,TX,tx
state,1109,TX,tx
state,1110,TX,tx
state,1111,IN,in
state,1112,TX,tx
state,1113,TX,tx
state,1114,FL,fl
state,1115,FL,fl
state,1116,FL,fl
state,1117,MA,ma
state,1118,DE,de
state,1119,MA,ma
state,1120,MA,ma
state,1121,MA,ma
state,1122,MA,ma
state,1123,MA,ma
state,1124,PA,pa
state,1125,PA,pa
state,1126,TN,tn
state,1127,OH,oh
state,1128,OH,oh
state,1129,OH,oh
state,1130,OH,oh
state,1131,OH,oh
state,1132,MD,md
state,1133,WI,wi
state,1134,WI,wi
state,1135,WI,wi
state,1136,WI,wi
state,1137,WI,wi
state,1138,WI,wi
state,1139,NV,nv
state,1140,NV,nv
state,1141,NV,nv
state,1142,NV,nv
state,1143,IA,ia
state,1144,IA,ia
state,1145,TX,tx
state,1146,TX,tx
state,1147,TX,tx
state,1148,TX,tx
state,1149,TX,tx
state,1150,TX,tx
state,1151,TX,tx
state,1152,TX,tx
state,1153,TX,tx
state,1154,TX,tx
state,1155,NY,ny
state,1156,NY,ny
state,1157,NY,ny
state,1158,AK,ak
state,1159,AK,ak
state,1160,AK,ak
state,1161,AK,ak
state,1162,MT,mt
state,1163,MT,mt
state,1164,MT,mt
state,1165,MT,mt
state,1166,MT,mt
state,1167,MT,mt
state,1168,MI,mi
state,1169,MI,mi
state,1170,MI,mi
state,1171,MI,mi
state,1172,MI,mi
state,1173,MI,mi
state,1174,MI,mi
state,1175,AK,ak
state,1176,AK,ak
state,1177,AK,ak
state,1178,AK,ak
state,1179,AK,ak
state,1180,MO,mo
state,1181,MO,mo
state,1182,HI,hi
state,1183,HI,hi
state,1184,HI,hi
state,1185,HI,hi
state,1186,OK,ok
state,1187,WA,wa
state,1188,NM,nm
state,1189,NM,nm
state,1190,PA,pa
state,1191,PA,pa
state,1192,MI,mi
state,1193,MI,mi
state,1194,MI,mi
state,1195,MI,mi
state,1196,ID,id
state,1197,ID,id
state,1198,ID,id
state,1199,PA,pa
state,1200,PA,pa
state,1201,WI,wi
state,1202,MT,mt
state,1203,MT,mt
state,1204,MT,mt
state,1205,MT,mt
state,1206,MT,mt
state,1207,MN,mn
state,1208,MN,mn
state,1209,PA,pa
state,1210,PA,pa
state,1211,PA,pa
state,1212,PA,pa
state,1213,CO,co
state,1214,NC,nc
state,1215,NC,nc
state,1216,NC,nc
state,1217,NC,nc
state,1218,NC,nc
state,1219,VT,vt
state,1220,VT,vt
state,1221,VT,vt
state,1222,VT,vt
state,1223,VT,vt
state,1224,VT,vt
state,1225,VT,vt
state,1226,VT,vt
state,1227,VT,vt
state,1228,VA,va
state,1229,VA,va
state,1230,WI,wi
state,1231,WI,wi
state,1232,WI,wi
state,1233,WI,wi
state,1234,MS,ms
state,1235,MS,ms
state,1236,AZ,az
state,1237,AZ,az
state,1238,AZ,az
state,1239,AZ,az
state,1240,OR,or
state,1241,OR,or
state,1242,GA,ga
state,1243,GA,ga
state,1244,OH,oh
state,1245,OH,oh
state,1246,OH,oh
state,1247,OH,oh
state,1248,OH,oh
state,1249,OH,oh
state,1250,OH,oh
state,1251,OH,oh
state,1252,OH,oh
state,1253,VT,vt
state,1254,VT,vt
state,1255,VT,vt
state,1256,CA,ca
state,1257,CA,ca
state,1258,CA,ca
state,1259,CA,ca
state,1260,PA,pa
state,1261,PA,pa
state,1262,PA,pa
state,1263,PA,pa
state,1264,PA,pa
state,1265,PA,pa
state,1266,PA,pa
state,1267,PA,pa
state,1268,PA,pa
state,1269,CA,ca
state,1270,CA,ca
state,1271,CA,ca
state,1272,CA,ca
state,1273,CA,ca
state,1274,NM,nm
state,1275,NM,nm
state,1276,ME,me
state,1277,ME,me
state,1278,ME,me
state,1279,ME,me
state,1280,ME,me
state,1281,TX,tx
state,1282,TX,tx
state,1283,TX,tx
state,1284,TX,tx
state,1285,TX,tx
state,1286,TX,tx
state,1287,TX,tx
state,1288,TX,tx
state,1289,NY,ny
state,1290,NY,ny
state,1291,NY,ny
state,1292,NY,ny
state,1293,NY,ny
state,1294,NY,ny
state,1295,NY,ny
state,1296,NY,ny
state,1297,NY,ny
state,1298,NY,ny
state,1299,NY,ny
state,1300,NY,ny
state,1301,NY,ny
state,1302,HI,hi
state,1303,HI,hi
state,1304,HI,hi
state,1305,HI,hi
state,1306,HI,hi
state,1307,HI,hi
state,1308,HI,hi
state,1309,HI,hi
state,1310,HI,hi
state,1311,HI,hi
state,1312,HI,hi
state,1313,HI,hi
state,1314,CA,ca
state,1315,CA,ca
state,1316,CA,ca
state,1317,MI,mi
state,1318,MI,mi
state,1319,MI,mi
state,1320,HI,hi
state,1321,HI,hi
state,1322,HI,hi
state,1323,HI,hi
state,1324,HI,hi
state,1325,HI,hi
state,1326,FL,fl
state,1327,FL,fl
state,1328,FL,fl
state,1329,FL,fl
state,1330,IL,il
state,1331,AK,ak
state,1332,AK,ak
state,1333,AK,ak
state,1334,AK,ak
state,1335,AK,ak
state,1336,CA,ca
state,1337,CA,ca
state,1338,CA,ca
state,1339,CA,ca
state,1340,CA,ca
state,1341,CA,ca
state,1342,IL,il
state,1343,IL,il
state,1344,IL,il
state,1345,IL,il
state,1346,IL,il
state,1347,IL,il
state,1348,IL,il
state,1349,IL,il
state,1350,PA,pa
state,1351,PA,pa
state,1352,MI,mi
state,1353,MI,mi
state,1354,MI,mi
state,1355,WI,wi
state,1356,WI,wi
state,1357,WI,wi
state,1358,WI,wi
state,1359,WI,wi
state,1360,WI,wi
state,1361,WI,wi
state,1362,WI,wi
state,1363,WI,wi
state,1364,WI,wi
state,1365,WI,wi
state,1366,WI,wi
state,1367,WI,wi
state,1368,WI,wi
state,1369,WI,wi
state,1370,WI,wi
state,1371,WI,wi
state,1372,WI,wi
state,1373,WI,wi
state,1374,WI,wi
state,1375,CA,ca
state,1376,CA,ca
state,1377,CA,ca
state,1378,CA,ca
state,1379,UT,ut
state,1380,UT,ut
state,1381,UT,ut
state,1382,UT,ut
state,1383,NH,nh
state,1384,NH,nh
state,1385,NE,ne
state,1386,CA,ca
state,1387,CA,ca
state,1388,CA,ca
state,1389,CA,ca
state,1390,CA,ca
state,1391,CA,ca
state,1392,CA,ca
state,1393,CA,ca
state,1394,AZ,az
state,1395,CA,ca
state,1396,CA,ca
state,1397,CA,ca
state,1398,NY,ny
state,1399,NY,ny
state,1400,MO,mo
state,1401,MO,mo
state,1402,MO,mo
state,1403,MO,mo
state,1404,MO,mo
state,1405,CA,ca
state,1406,NC,nc
state,1407,NC,nc
state,1408,MO,mo
state,1409,MO,mo
state,1410,MI,mi
state,1411,AZ,az
state,1412,AZ,az
state,1413,AZ,az
state,1414,AZ,az
state,1415,AZ,az
state,1416,OK,ok
state,1417,OK,ok
state,1418,OK,ok
state,1419,OK,ok
state,1420,OK,ok
state,1421,RI,ri
state,1422,RI,ri
state,1423,RI,ri
state,1424,RI,ri
state,1425,RI,ri
state,1426,RI,ri
state,1427,RI,ri
state,1428,RI,ri
state,1429,RI,ri
state,1430,RI,ri
state,1431,OR,or
state,1432,OR,or
state,1433,OR,or
state,1434,OR,or
state,1435,OR,or
state,1436,OR,or
state,1437,NE,ne
state,1438,NE,ne
state,1439,NE,ne
state,1440,NE,ne
state,1441,NE,ne
state,1442,PA,pa
state,1443,PA,pa
state,1444,CO,co
state,1445,CO,co
state,1446,CO,co
state,1447,CO,co
state,1448,CO,co
state,1449,CO,co
state,1450,CO,co
state,1451,CO,co
state,1452,CO,co
state,1453,CO,co
state,1454,CO,co
state,1455,CO,co
state,1456,CO,co
state,1457,CO,co
state,1458,CO,co
state,1459,CO,co
state,1460,CO,co
state,1461,CT,ct
state,1462,CT,ct
state,1463,CT,ct
state,1464,CT,ct
state,1465,CT,ct
state,1466,CT,ct
state,1467,CT,ct
state,1468,CT,ct
state,1469,CT,ct
state,1470,CT,ct
state,1471,CT,ct
state,1472,LA,la
state,1473,LA,la
state,1474,LA,la
state,1475,LA,la
state,1476,LA,la
state,1477,LA,la
state,1478,TX,tx
state,1479,TX,tx
state,1480,TX,tx
state,1481,SC,sc
state,1482,SC,sc
state,1483,NY,ny
state,1484,MA,ma
state,1485,MA,ma
state,1486,MA,ma
state,1487,MA,ma
state,1488,NC,nc
state,1489,NC,nc
state,1490,PA,pa
state,1491,PA,pa
state,1492,PA,pa
state,1493,PA,pa
state,1494,MN,mn
state,1495,MN,mn
state,1496,MN,mn
state,1497,MN,mn
state,1498,MN,mn
state,1499,MN,mn
state,1500,MA,ma
state,1501,WA,wa
state,1502,WA,wa
state,1503,WI,wi
state,1504,WI,wi
state,1505,MA,ma
state,1506,MA,ma
state,1507,MO,mo
state,1508,MO,mo
state,1509,MO,mo
state,1510,OR,or
state,1511,OR,or
state,1512,OR,or
state,1513,OR,or
state,1514,TX,tx
state,1515,TX,tx
state,1516,TX,tx
state,1517,TX,tx
state,1518,OR,or
state,1519,OR,or
state,1520,OR,or
state,1521,OR,or
state,1522,CO,co
state,1523,CO,co
state,1524,CO,co
state,1525,CO,co
state,1526,CO,co
state,1527,CO,co
state,1528,CO,co
state,1529,IA,ia
state,1530,IA,ia
state,1531,IA,ia
state,1532,IA,ia
state,1533,IA,ia
state,1534,IA,ia
state,1535,PA,pa
state,1536,PA,pa
state,1537,PA,pa
state,1538,PA,pa
state,1539,PA,pa
state,1540,PA,pa
state,1541,PA,pa
state,1542,PA,pa
state,1543,PA,pa
state,1544,PA,pa
state,1545,WA,wa
state,1546,WA,wa
state,1547,WA,wa
state,1548,WA,wa
state,1549,WA,wa
state,1550,GA,ga
state,1551,GA,ga
state,1552,CO,co
state,1553,CO,co
state,1554,CO,co
state,1555,empty,_nan_
state,1556,CO,co
state,1557,CO,co
state,1558,CO,co
state,1559,CO,co
state,1560,CO,co
state,1561,CO,co
state,1562,CO,co
state,1563,CO,co
state,1564,CO,co
state,1565,CO,co
state,1566,CO,co
state,1567,CO,co
state,1568,CO,co
state,1569,CO,co
state,1570,CO,co
state,1571,CO,co
state,1572,CO,co
state,1573,CO,co
state,1574,CO,co
state,1575,CO,co
state,1576,CO,co
state,1577,CO,co
state,1578,CO,co
state,1579,CO,co
state,1580,CO,co
state,1581,CO,co
state,1582,CO,co
state,1583,CO,co
state,1584,CO,co
state,1585,CO,co
state,1586,CO,co
state,1587,CO,co
state,1588,CO,co
state,1589,CO,co
state,1590,CO,co
state,1591,CO,co
state,1592,CO,co
state,1593,CO,co
state,1594,CO,co
state,1595,CO,co
state,1596,CO,co
state,1597,CO,co
state,1598,NC,nc
state,1599,NC,nc
state,1600,NC,nc
state,1601,NC,nc
state,1602,NC,nc
state,1603,NC,nc
state,1604,VT,vt
state,1605,VT,vt
state,1606,AR,ar
state,1607,CO,co
state,1608,CO,co
state,1609,CO,co
state,1610,CO,co
state,1611,CO,co
state,1612,CO,co
state,1613,CO,co
state,1614,ID,id
state,1615,ID,id
state,1616,ID,id
state,1617,ID,id
state,1618,ID,id
state,1619,IA,ia
state,1620,ME,me
state,1621,ME,me
state,1622,TX,tx
state,1623,TX,tx
state,1624,IN,in
state,1625,IN,in
state,1626,IN,in
state,1627,IN,in
state,1628,MI,mi
state,1629,MI,mi
state,1630,MI,mi
state,1631,MI,mi
state,1632,MI,mi
state,1633,MI,mi
state,1634,TX,tx
state,1635,TX,tx
state,1636,TX,tx
state,1637,TX,tx
state,1638,TX,tx
state,1639,TX,tx
state,1640,TX,tx
state,1641,MI,mi
state,1642,MI,mi
state,1643,MI,mi
state,1644,MI,mi
state,1645,AZ,az
state,1646,CO,co
state,1647,CO,co
state,1648,CO,co
state,1649,CA,ca
state,1650,CA,ca
state,1651,MO,mo
state,1652,MO,mo
state,1653,MO,mo
state,1654,MO,mo
state,1655,MO,mo
state,1656,MO,mo
state,1657,MO,mo
state,1658,MO,mo
state,1659,IL,il
state,1660,NC,nc
state,1661,NC,nc
state,1662,CA,ca
state,1663,CA,ca
state,1664,CA,ca
state,1665,OH,oh
state,1666,IL,il
state,1667,OH,oh
state,1668,AZ,az
state,1669,AZ,az
state,1670,CO,co
state,1671,CO,co
state,1672,CO,co
state,1673,CO,co
state,1674,CO,co
state,1675,CO,co
state,1676,CO,co
state,1677,WA,wa
state,1678,WA,wa
state,1679,SC,sc
state,1680,SC,sc
state,1681,TX,tx
state,1682,TX,tx
state,1683,TX,tx
state,1684,TX,tx
state,1685,TX,tx
state,1686,TX,tx
state,1687,TX,tx
state,1688,TX,tx
state,1689,TX,tx
state,1690,TX,tx
state,1691,GA,ga
state,1692,GA,ga
state,1693,GA,ga
state,1694,MD,md
state,1695,MD,md
state,1696,MD,md
state,1697,MD,md
state,1698,MD,md
state,1699,OR,or
state,1700,WA,wa
state,1701,WA,wa
state,1702,WA,wa
state,1703,CO,co
state,1704,CO,co
state,1705,CO,co
state,1706,CA,ca
state,1707,CO,co
state,1708,CO,co
state,1709,CO,co
state,1710,CO,co
state,1711,CO,co
state,1712,CO,co
state,1713,CO,co
state,1714,CO,co
state,1715,CO,co
state,1716,CO,co
state,1717,CO,co
state,1718,CO,co
state,1719,CO,co
state,1720,CO,co
state,1721,IL,il
state,1722,IL,il
state,1723,IL,il
state,1724,IL,il
state,1725,IL,il
state,1726,IL,il
state,1727,IL,il
state,1728,IL,il
state,1729,OH,oh
state,1730,OH,oh
state,1731,OH,oh
state,1732,OH,oh
state,1733,OH,oh
state,1734,OH,oh
state,1735,OH,oh
state,1736,OH,oh
state,1737,MI,mi
state,1738,ME,me
state,1739,ME,me
state,1740,CO,co
state,1741,CO,co
state,1742,OH,oh
state,1743,OH,oh
state,1744,PA,pa
state,1745,PA,pa
state,1746,PA,pa
state,1747,PA,pa
state,1748,PA,pa
state,1749,PA,pa
state,1750,PA,pa
state,1751,PA,pa
state,1752,PA,pa
state,1753,PA,pa
state,1754,PA,pa
state,1755,PA,pa
state,1756,PA,pa
state,1757,PA,pa
state,1758,PA,pa
state,1759,VA,va
state,1760,MI,mi
state,1761,MI,mi
state,1762,MI,mi
state,1763,MI,mi
state,1764,MI,mi
state,1765,MI,mi
state,1766,MI,mi
state,1767,OR,or
state,1768,OK,ok
state,1769,OK,ok
state,1770,OK,ok
state,1771,PA,pa
state,1772,PA,pa
state,1773,PA,pa
state,1774,PA,pa
state,1775,PA,pa
state,1776,PA,pa
state,1777,PA,pa
state,1778,CA,ca
state,1779,CA,ca
state,1780,CA,ca
state,1781,CA,ca
state,1782,CA,ca
state,1783,CA,ca
state,1784,CA,ca
state,1785,CA,ca
state,1786,CA,ca
state,1787,AZ,az
state,1788,AZ,az
state,1789,AZ,az
state,1790,AZ,az
state,1791,AZ,az
state,1792,AZ,az
state,1793,AZ,az
state,1794,AZ,az
state,1795,AZ,az
state,1796,AZ,az
state,1797,AZ,az
state,1798,AZ,az
state,1799,AZ,az
state,1800,AZ,az
state,1801,AZ,az
state,1802,AZ,az
state,1803,AZ,az
state,1804,AZ,az
state,1805,AZ,az
state,1806,CO,co
state,1807,CO,co
state,1808,CA,ca
state,1809,CA,ca
state,1810,CA,ca
state,1811,NM,nm
state,1812,NM,nm
state,1813,NM,nm
state,1814,NM,nm
state,1815,NM,nm
state,1816,NM,nm
state,1817,NM,nm
state,1818,MI,mi
state,1819,WA,wa
state,1820,WA,wa
state,1821,WA,wa
state,1822,MO,mo
state,1823,MO,mo
state,1824,MO,mo
state,1825,MO,mo
state,1826,MO,mo
state,1827,MO,mo
state,1828,ME,me
state,1829,CA,ca
state,1830,WA,wa
state,1831,WA,wa
state,1832,OR,or
state,1833,OR,or
state,1834,OH,oh
state,1835,OH,oh
state,1836,OH,oh
state,1837,OH,oh
state,1838,OH,oh
state,1839,CT,ct
state,1840,MA,ma
state,1841,ME,me
state,1842,ME,me
state,1843,ME,me
state,1844,ME,me
state,1845,CA,ca
state,1846,CA,ca
state,1847,CA,ca
state,1848,CA,ca
state,1849,CA,ca
state,1850,CA,ca
state,1851,CA,ca
state,1852,CA,ca
state,1853,CA,ca
state,1854,MI,mi
state,1855,CO,co
state,1856,CO,co
state,1857,CO,co
state,1858,NY,ny
state,1859,NY,ny
state,1860,NY,ny
state,1861,NY,ny
state,1862,NY,ny
state,1863,NY,ny
state,1864,NY,ny
state,1865,NY,ny
state,1866,NY,ny
state,1867,NY,ny
state,1868,NY,ny
state,1869,NY,ny
state,1870,NY,ny
state,1871,NY,ny
state,1872,NY,ny
state,1873,NY,ny
state,1874,NY,ny
state,1875,NY,ny
state,1876,NY,ny
state,1877,NY,ny
state,1878,NY,ny
state,1879,NY,ny
state,1880,NY,ny
state,1881,NY,ny
state,1882,CO,co
state,1883,CO,co
state,1884,CO,co
state,1885,CO,co
state,1886,CO,co
state,1887,CO,co
state,1888,CO,co
state,1889,CO,co
state,1890,CO,co
state,1891,CO,co
state,1892,CO,co
state,1893,CO,co
state,1894,ID,id
state,1895,ID,id
state,1896,IL,il
state,1897,IL,il
state,1898,AK,ak
state,1899,PA,pa
state,1900,PA,pa
state,1901,PA,pa
state,1902,PA,pa
state,1903,PA,pa
state,1904,PA,pa
state,1905,PA,pa
state,1906,PA,pa
state,1907,PA,pa
state,1908,PA,pa
state,1909,PA,pa
state,1910,PA,pa
state,1911,PA,pa
state,1912,VA,va
state,1913,VA,va
state,1914,VA,va
state,1915,WY,wy
state,1916,WY,wy
state,1917,WY,wy
state,1918,WY,wy
state,1919,WY,wy
state,1920,WY,wy
state,1921,WY,wy
state,1922,ID,id
state,1923,ID,id
state,1924,ID,id
state,1925,ID,id
state,1926,ID,id
state,1927,ID,id
state,1928,ID,id
state,1929,ID,id
state,1930,ID,id
state,1931,ID,id
state,1932,ID,id
state,1933,ID,id
state,1934,ID,id
state,1935,ID,id
state,1936,ID,id
state,1937,ID,id
state,1938,ID,id
state,1939,TX,tx
state,1940,TX,tx
state,1941,TX,tx
state,1942,TX,tx
state,1943,NY,ny
state,1944,OR,or
state,1945,OR,or
state,1946,MS,ms
state,1947,MS,ms
state,1948,MS,ms
state,1949,MS,ms
state,1950,MS,ms
state,1951,MS,ms
state,1952,MS,ms
state,1953,MS,ms
state,1954,MS,ms
state,1955,TX,tx
state,1956,TX,tx
state,1957,TX,tx
state,1958,TX,tx
state,1959,TX,tx
state,1960,TX,tx
state,1961,TX,tx
state,1962,TX,tx
state,1963,TX,tx
state,1964,TX,tx
state,1965,TX,tx
state,1966,TX,tx
state,1967,TX,tx
state,1968,TX,tx
state,1969,CA,ca
state,1970,NE,ne
state,1971,IL,il
state,1972,IL,il
state,1973,IL,il
state,1974,IL,il
state,1975,IL,il
state,1976,IL,il
state,1977,IL,il
state,1978,IL,il
state,1979,IL,il
state,1980,IL,il
state,1981,IL,il
state,1982,IL,il
state,1983,WI,wi
state,1984,WI,wi
state,1985,PA,pa
state,1986,MI,mi
state,1987,VA,va
state,1988,VA,va
state,1989,VA,va
state,1990,VA,va
state,1991,CO,co
state,1992,CO,co
state,1993,CO,co
state,1994,CO,co
state,1995,WI,wi
state,1996,WI,wi
state,1997,WI,wi
state,1998,WI,wi
state,1999,WI,wi
state,2000,WI,wi
state,2001,WI,wi
state,2002,WI,wi
state,2003,WI,wi
state,2004,WI,wi
state,2005,WI,wi
state,2006,WI,wi
state,2007,WI,wi
state,2008,WI,wi
state,2009,WI,wi
state,2010,WI,wi
state,2011,WI,wi
state,2012,WI,wi
state,2013,WI,wi
state,2014,WI,wi
state,2015,WI,wi
state,2016,WI,wi
state,2017,WI,wi
state,2018,MD,md
state,2019,MD,md
state,2020,MD,md
state,2021,ME,me
state,2022,AL,al
state,2023,AL,al
state,2024,AL,al
state,2025,PA,pa
state,2026,PA,pa
state,2027,PA,pa
state,2028,PA,pa
state,2029,MN,mn
state,2030,MN,mn
state,2031,MN,mn
state,2032,MN,mn
state,2033,IN,in
state,2034,IN,in
state,2035,IN,in
state,2036,IN,in
state,2037,IN,in
state,2038,IN,in
state,2039,IN,in
state,2040,IN,in
state,2041,IN,in
state,2042,IN,in
state,2043,IN,in
state,2044,IN,in
state,2045,IN,in
state,2046,IN,in
state,2047,IN,in
state,2048,IN,in
state,2049,IN,in
state,2050,IN,in
state,2051,IN,in
state,2052,IN,in
state,2053,IN,in
state,2054,IN,in
state,2055,IN,in
state,2056,IN,in
state,2057,IN,in
state,2058,IN,in
state,2059,IN,in
state,2060,IN,in
state,2061,IN,in
state,2062,IN,in
state,2063,IN,in
state,2064,IN,in
state,2065,IN,in
state,2066,IN,in
state,2067,IN,in
state,2068,IN,in
state,2069,IN,in
state,2070,IN,in
state,2071,VA,va
state,2072,VA,va
state,2073,MN,mn
state,2074,MN,mn
state,2075,MN,mn
state,2076,MN,mn
state,2077,MN,mn
state,2078,MN,mn
state,2079,MN,mn
state,2080,MN,mn
state,2081,MN,mn
state,2082,MN,mn
state,2083,MN,mn
state,2084,MN,mn
state,2085,MN,mn
state,2086,FL,fl
state,2087,FL,fl
state,2088,FL,fl
state,2089,FL,fl
state,2090,FL,fl
state,2091,PA,pa
state,2092,GA,ga
state,2093,GA,ga
state,2094,GA,ga
state,2095,GA,ga
state,2096,CA,ca
state,2097,CA,ca
state,2098,CA,ca
state,2099,CA,ca
state,2100,CA,ca
state,2101,CA,ca
state,2102,CA,ca
state,2103,CA,ca
state,2104,KS,ks
state,2105,KS,ks
state,2106,KS,ks
state,2107,KS,ks
state,2108,KS,ks
state,2109,KS,ks
state,2110,KS,ks
state,2111,KS,ks
state,2112,KS,ks
state,2113,KS,ks
state,2114,KS,ks
state,2115,KS,ks
state,2116,KS,ks
state,2117,KS,ks
state,2118,KS,ks
state,2119,KS,ks
state,2120,KS,ks
state,2121,KS,ks
state,2122,MT,mt
state,2123,MT,mt
state,2124,FL,fl
state,2125,FL,fl
state,2126,MI,mi
state,2127,MI,mi
state,2128,MI,mi
state,2129,IN,in
state,2130,CO,co
state,2131,CO,co
state,2132,CO,co
state,2133,IL,il
state,2134,IL,il
state,2135,IL,il
state,2136,GA,_nan_
state,2137,TX,tx
state,2138,TX,tx
state,2139,TX,tx
state,2140,TX,tx
state,2141,VT,vt
state,2142,VT,vt
state,2143,VT,vt
state,2144,VT,vt
state,2145,VT,vt
state,2146,VT,vt
state,2147,WY,wy
state,2148,WY,wy
state,2149,WY,wy
state,2150,WY,wy
state,2151,MD,md
state,2152,MD,md
state,2153,MD,md
state,2154,NY,ny
state,2155,NY,ny
state,2156,NY,ny
state,2157,CA,ca
state,2158,CA,ca
state,2159,CA,ca
state,2160,CA,ca
state,2161,CA,ca
state,2162,VT,vt
state,2163,PA,pa
state,2164,NY,ny
state,2165,MI,mi
state,2166,MI,mi
state,2167,MI,mi
state,2168,MI,mi
state,2169,VT,vt
state,2170,MN,mn
state,2171,MN,mn
state,2172,MN,mn
state,2173,MN,mn
state,2174,CT,ct
state,2175,OR,or
state,2176,OR,or
state,2177,OR,or
state,2178,VA,va
state,2179,VA,va
state,2180,IN,in
state,2181,IN,in
state,2182,IN,in
state,2183,IN,in
state,2184,NE,ne
state,2185,NE,ne
state,2186,NE,ne
state,2187,NE,ne
state,2188,IN,in
state,2189,IN,in
state,2190,IN,in
state,2191,IN,in
state,2192,IN,in
state,2193,IN,in
state,2194,IN,in
state,2195,IN,in
state,2196,IN,in
state,2197,LA,la
state,2198,LA,la
state,2199,LA,la
state,2200,LA,la
state,2201,LA,la
state,2202,LA,la
state,2203,LA,la
state,2204,CO,co
state,2205,CO,co
state,2206,MN,mn
state,2207,MN,mn
state,2208,NM,nm
state,2209,NM,nm
state,2210,NM,nm
state,2211,NC,nc
state,2212,NC,nc
state,2213,NC,nc
state,2214,PA,pa
state,2215,PA,pa
state,2216,PA,pa
state,2217,PA,pa
state,2218,PA,pa
state,2219,DE,de
state,2220,CO,co
state,2221,TX,tx
state,2222,TX,tx
state,2223,TX,tx
state,2224,WA,wa
state,2225,WA,wa
state,2226,WA,wa
state,2227,WA,wa
state,2228,WA,wa
state,2229,WA,wa
state,2230,WA,wa
state,2231,WA,wa
state,2232,WA,wa
state,2233,WA,wa
state,2234,WA,wa
state,2235,WA,wa
state,2236,IL,il
state,2237,IL,il
state,2238,IL,il
state,2239,IL,il
state,2240,IL,il
state,2241,IL,il
state,2242,IL,il
state,2243,IL,il
state,2244,IL,il
state,2245,IL,il
state,2246,FL,fl
state,2247,CT,ct
state,2248,CT,ct
state,2249,CT,ct
state,2250,CT,ct
state,2251,CT,ct
state,2252,UT,ut
state,2253,UT,ut
state,2254,UT,ut
state,2255,UT,ut
state,2256,UT,ut
state,2257,UT,ut
state,2258,UT,ut
state,2259,UT,ut
state,2260,UT,ut
state,2261,CA,ca
state,2262,TX,tx
state,2263,TX,tx
state,2264,MI,mi
state,2265,MI,mi
state,2266,MI,mi
state,2267,CA,ca
state,2268,CA,ca
state,2269,CA,ca
state,2270,CA,ca
state,2271,CA,ca
state,2272,MD,md
state,2273,MD,md
state,2274,MD,md
state,2275,MD,md
state,2276,IN,in
state,2277,IN,in
state,2278,IN,in
state,2279,CO,co
state,2280,CO,co
state,2281,CO,co
state,2282,CO,co
state,2283,CO,co
state,2284,CO,co
state,2285,CO,co
state,2286,CO,co
state,2287,CO,co
state,2288,CO,co
state,2289,CO,co
state,2290,CO,co
state,2291,CO,co
state,2292,CO,co
state,2293,CO,co
state,2294,CO,co
state,2295,CO,co
state,2296,CO,co
state,2297,NY,ny
state,2298,NY,ny
state,2299,UT,ut
state,2300,UT,ut
state,2301,UT,ut
state,2302,UT,ut
state,2303,UT,ut
state,2304,UT,ut
state,2305,UT,ut
state,2306,UT,ut
state,2307,MI,mi
state,2308,MI,mi
state,2309,MI,mi
state,2310,MI,mi
state,2311,MI,mi
state,2312,PA,pa
state,2313,PA,pa
state,2314,PA,pa
state,2315,PA,pa
state,2316,PA,pa
state,2317,PA,pa
state,2318,PA,pa
state,2319,MA,ma
state,2320,MA,ma
state,2321,MA,ma
state,2322,MA,ma
state,2323,MA,ma
state,2324,MA,ma
state,2325,MA,ma
state,2326,MA,ma
state,2327,MA,ma
state,2328,MA,ma
state,2329,MA,ma
state,2330,IN,in
state,2331,OH,oh
state,2332,OH,oh
state,2333,OH,oh
state,2334,OH,oh
state,2335,KY,ky
state,2336,KY,ky
state,2337,KY,ky
state,2338,KY,ky
state,2339,SC,sc
state,2340,SC,sc
state,2341,SC,sc
state,2342,SC,sc
state,2343,MA,ma
state,2344,MA,ma
state,2345,MA,ma
state,2346,MO,mo
state,2347,MO,mo
state,2348,MO,mo
state,2349,MO,mo
state,2350,MO,mo
state,2351,MO,mo
state,2352,MO,mo
state,2353,NH,nh
state,2354,NH,nh
state,2355,NH,nh
state,2356,NH,nh
state,2357,MI,mi
state,2358,OR,or
state,2359,OR,or
state,2360,OR,or
state,2361,IL,il
state,2362,IL,il
state,2363,IL,il
state,2364,IL,il
state,2365,IL,il
state,2366,IL,il
state,2367,IL,il
state,2368,IL,il
state,2369,IL,il
state,2370,IL,il
state,2371,VA,va
state,2372,VA,va
state,2373,VA,va
state,2374,VA,va
state,2375,MT,mt
state,2376,MT,mt
state,2377,MT,mt
state,2378,WY,wy
state,2379,WY,wy
state,2380,WA,wa
state,2381,WA,wa
state,2382,WI,wi
state,2383,WI,wi
state,2384,WI,wi
state,2385,WI,wi
state,2386,TN,tn
state,2387,TN,tn
state,2388,TN,tn
state,2389,MI,mi
state,2390,MI,mi
state,2391,VA,va
state,2392,MI,mi
state,2393,VT,vt
state,2394,NH,nh
state,2395,NH,nh
state,2396,MA,ma
state,2397,OR,or
state,2398,OR,or
state,2399,OR,or
state,2400,OR,or
state,2401,OR,or
state,2402,CO,co
state,2403,CO,co
state,2404,CO,co
state,2405,CO,co
state,2406,CO,co
state,2407,CO,co
state,2408,CO,co
state,2409,CO,co
state,2410,CO,co
