26/05/05 11:02:24 WARN Utils: Your hostname, qianzekaideMacBook-Air.local resolves to a loopback address: 127.0.0.1; using 192.168.3.1 instead (on interface bridge0)
26/05/05 11:02:24 WARN Utils: Set SPARK_LOCAL_IP if you need to bind to another address
26/05/05 11:02:25 WARN NativeCodeLoader: Unable to load native-hadoop library for your platform... using builtin-java classes where applicable
Using Spark's default log4j profile: org/apache/spark/log4j-defaults.properties
Setting default log level to "WARN".
To adjust logging level use sc.setLogLevel(newLevel). For SparkR, use setLogLevel(newLevel).
26/05/05 11:02:25 WARN Utils: Service 'SparkUI' could not bind on port 4040. Attempting port 4041.
WARNING:root:No partitioning rule specified, processing might be slow
WARNING:root:No partitioning rule specified, processing might be slow
WARNING:root:No partitioning rule specified, processing might be slow
WARNING:root:No partitioning rule specified, processing might be slow
WARNING:root:No partitioning rule specified, processing might be slow
WARNING:root:No partitioning rule specified, processing might be slow
WARNING:root:No partitioning rule specified, processing might be slow
WARNING:root:No partitioning rule specified, processing might be slow
初始化清洗器和分析依赖关系...
处理单属性清洗算子：
处理单属性清洗算子：[Pattern:(domain= sched_dep_time, format = ^(0[1-9]|1[0-2]):[0-5][0-9]\s?(AM|PM)$)]
开始清洗属性 sched_dep_time 的数据
属性 sched_dep_time 的数据大小: 138
属性 sched_dep_time 没有可应用的清洗规则。
处理单属性清洗算子：[Pattern:(domain= act_dep_time, format = ^(0[1-9]|1[0-2]):[0-5][0-9]\s?(AM|PM)$)]
开始清洗属性 act_dep_time 的数据
属性 act_dep_time 的数据大小: 291
应用 act_dep_time 的清洗规则，编辑规则数量: 4
读入数据大小：2376
处理了 4 条规则，更新数据...
所有编辑规则已更新完成
处理单属性清洗算子：[Pattern:(domain= sched_arr_time, format = ^(0[1-9]|1[0-2]):[0-5][0-9]\s?(AM|PM)$)]
开始清洗属性 sched_arr_time 的数据
属性 sched_arr_time 的数据大小: 240
应用 sched_arr_time 的清洗规则，编辑规则数量: 7
读入数据大小：2376
处理了 7 条规则，更新数据...
所有编辑规则已更新完成
处理单属性清洗算子：[Date:(domain=sched_dep_time，format = %I:%M %p)]
开始清洗属性 sched_dep_time 的数据
属性 sched_dep_time 的数据大小: 138
应用 sched_dep_time 的清洗规则，编辑规则数量: 13
读入数据大小：2376
处理了 13 条规则，更新数据...
所有编辑规则已更新完成
处理单属性清洗算子：[Date:(domain=act_dep_time，format = %I:%M %p)]
开始清洗属性 act_dep_time 的数据
属性 act_dep_time 的数据大小: 289
应用 act_dep_time 的清洗规则，编辑规则数量: 2
读入数据大小：2376
处理了 2 条规则，更新数据...
所有编辑规则已更新完成
处理单属性清洗算子：[Date:(domain=sched_arr_time，format = %I:%M %p)]
开始清洗属性 sched_arr_time 的数据
属性 sched_arr_time 的数据大小: 233
应用 sched_arr_time 的清洗规则，编辑规则数量: 33
读入数据大小：2376
处理了 33 条规则，更新数据...
所有编辑规则已更新完成
处理单属性清洗算子：[Date:(domain=act_arr_time，format = %I:%M %p)]
开始清洗属性 act_arr_time 的数据
属性 act_arr_time 的数据大小: 329
应用 act_arr_time 的清洗规则，编辑规则数量: 12
读入数据大小：2376
处理了 12 条规则，更新数据...
所有编辑规则已更新完成
执行层级和目标模型分类...
执行层级 (并行组): [[{'flight'}], [{'sched_dep_time'}, {'act_dep_time'}, {'sched_arr_time'}, {'act_arr_time'}]]
目标模型分类: {'sched_dep_time': [<SampleScrubber.cleaner.multiple.AttrRelation object at 0x164194fa0>], 'act_dep_time': [<SampleScrubber.cleaner.multiple.AttrRelation object at 0x1641945b0>], 'sched_arr_time': [<SampleScrubber.cleaner.multiple.AttrRelation object at 0x164194f10>], 'act_arr_time': [<SampleScrubber.cleaner.multiple.AttrRelation object at 0x164194d60>]}

处理第 1 层级, 包含节点: ['flight']
  当前节点: flight 无可用清洗信号
  当前节点: flight 无清洗操作
['flight']的清洗完成

本层累积的编辑规则数: 0
本层没有可以进行的清洗操作，进行下一层

处理第 2 层级, 包含节点: ['sched_dep_time', 'act_dep_time', 'sched_arr_time', 'act_arr_time']
  当前节点: sched_dep_time 存在可用清洗信号
数据块大小: 2376
分块属性:
[['flight']]
Starting initial block mapping...
Initial number of blocks: 100
Final number of blocks after further splitting: 100
Computing Block 1 out of 100
Processing Block size=21
begin cleaner[FunctionalDependency:(s: {'flight'}, t: {'sched_dep_time'})]*1.0
列 'p' 不存在，对列 sched_dep_time 不过滤，直接选择所有非无效值。
clean_bool length:2
newest best op: Uniop(df,'sched_dep_time','07:53 AM',(['flight'], {('UA-854-SFO-IAH',)}),{left: ("[FunctionalDependency:(s: {flight}, t: {sched_dep_time})]", 0.0), operator: *, right: (1.0, 1.0), result: 0.0})
now error: 0.0
Block processing time: 0.034193 seconds
Computing Block 2 out of 100
Processing Block size=20
begin cleaner{left: ("[FunctionalDependency:(s: {flight}, t: {sched_dep_time})]", 0.0), operator: *, right: (1.0, 1.0), result: 0.0}
列 'p' 不存在，对列 sched_dep_time 不过滤，直接选择所有非无效值。
clean_bool length:2
newest best op: Uniop(df,'sched_dep_time','08:15 AM',(['flight'], {('UA-3515-IAD-MSP',)}),{left: ("[FunctionalDependency:(s: {flight}, t: {sched_dep_time})]", 0.0), operator: *, right: (1.0, 1.0), result: 0.0})
now error: 0.0
Block processing time: 0.030742 seconds
Computing Block 3 out of 100
Processing Block size=18
begin cleaner{left: ("[FunctionalDependency:(s: {flight}, t: {sched_dep_time})]", 0.0), operator: *, right: (1.0, 1.0), result: 0.0}
列 'p' 不存在，对列 sched_dep_time 不过滤，直接选择所有非无效值。
clean_bool length:2
newest best op: Uniop(df,'sched_dep_time','01:45 PM',(['flight'], {('UA-858-PVG-SFO',)}),{left: ("[FunctionalDependency:(s: {flight}, t: {sched_dep_time})]", 0.0), operator: *, right: (1.0, 1.0), result: 0.0})
now error: 0.0
Block processing time: 0.02991 seconds
Computing Block 4 out of 100
Processing Block size=27
begin cleaner{left: ("[FunctionalDependency:(s: {flight}, t: {sched_dep_time})]", 0.0), operator: *, right: (1.0, 1.0), result: 0.0}
列 'p' 不存在，对列 sched_dep_time 不过滤，直接选择所有非无效值。
clean_bool length:2
newest best op: Uniop(df,'sched_dep_time','08:41 AM',(['flight'], {('UA-3925-IAD-ORF',)}),{left: ("[FunctionalDependency:(s: {flight}, t: {sched_dep_time})]", 0.0), operator: *, right: (1.0, 1.0), result: 0.0})
now error: 0.0
Block processing time: 0.045099 seconds
Computing Block 5 out of 100
Processing Block size=27
begin cleaner{left: ("[FunctionalDependency:(s: {flight}, t: {sched_dep_time})]", 0.0), operator: *, right: (1.0, 1.0), result: 0.0}
列 'p' 不存在，对列 sched_dep_time 不过滤，直接选择所有非无效值。
clean_bool length:2
newest best op: Uniop(df,'sched_dep_time','07:45 PM',(['flight'], {('AA-1733-ORD-PHX',)}),{left: ("[FunctionalDependency:(s: {flight}, t: {sched_dep_time})]", 0.0), operator: *, right: (1.0, 1.0), result: 0.0})
now error: 0.0
Block processing time: 0.042163 seconds
Computing Block 6 out of 100
Processing Block size=25
begin cleaner{left: ("[FunctionalDependency:(s: {flight}, t: {sched_dep_time})]", 0.0), operator: *, right: (1.0, 1.0), result: 0.0}
列 'p' 不存在，对列 sched_dep_time 不过滤，直接选择所有非无效值。
clean_bool length:2
newest best op: Uniop(df,'sched_dep_time','02:55 PM',(['flight'], {('AA-1917-JFK-MCO',)}),{left: ("[FunctionalDependency:(s: {flight}, t: {sched_dep_time})]", 0.0), operator: *, right: (1.0, 1.0), result: 0.0})
now error: 0.0
Block processing time: 0.040148 seconds
Computing Block 7 out of 100
Processing Block size=26
begin cleaner{left: ("[FunctionalDependency:(s: {flight}, t: {sched_dep_time})]", 0.0), operator: *, right: (1.0, 1.0), result: 0.0}
列 'p' 不存在，对列 sched_dep_time 不过滤，直接选择所有非无效值。
clean_bool length:2
newest best op: Uniop(df,'sched_dep_time','10:15 AM',(['flight'], {('AA-1664-MIA-ATL',)}),{left: ("[FunctionalDependency:(s: {flight}, t: {sched_dep_time})]", 0.0), operator: *, right: (1.0, 1.0), result: 0.0})
now error: 0.0
Block processing time: 0.042524 seconds
Computing Block 8 out of 100
Processing Block size=21
begin cleaner{left: ("[FunctionalDependency:(s: {flight}, t: {sched_dep_time})]", 0.0), operator: *, right: (1.0, 1.0), result: 0.0}
列 'p' 不存在，对列 sched_dep_time 不过滤，直接选择所有非无效值。
clean_bool length:2
newest best op: Uniop(df,'sched_dep_time','02:55 PM',(['flight'], {('UA-2314-ATL-PHL',)}),{left: ("[FunctionalDependency:(s: {flight}, t: {sched_dep_time})]", 0.0), operator: *, right: (1.0, 1.0), result: 0.0})
now error: 0.0
Block processing time: 0.034295 seconds
Computing Block 9 out of 100
Processing Block size=26
begin cleaner{left: ("[FunctionalDependency:(s: {flight}, t: {sched_dep_time})]", 0.0), operator: *, right: (1.0, 1.0), result: 0.0}
列 'p' 不存在，对列 sched_dep_time 不过滤，直接选择所有非无效值。
clean_bool length:2
newest best op: Uniop(df,'sched_dep_time','07:30 AM',(['flight'], {('AA-3979-CVG-ORD',)}),{left: ("[FunctionalDependency:(s: {flight}, t: {sched_dep_time})]", 0.0), operator: *, right: (1.0, 1.0), result: 0.0})
now error: 0.0
Block processing time: 0.045841 seconds
Computing Block 10 out of 100
Processing Block size=28
begin cleaner{left: ("[FunctionalDependency:(s: {flight}, t: {sched_dep_time})]", 0.0), operator: *, right: (1.0, 1.0), result: 0.0}
列 'p' 不存在，对列 sched_dep_time 不过滤，直接选择所有非无效值。
clean_bool length:2
newest best op: Uniop(df,'sched_dep_time','10:40 AM',(['flight'], {('AA-2050-ORD-MIA',)}),{left: ("[FunctionalDependency:(s: {flight}, t: {sched_dep_time})]", 0.0), operator: *, right: (1.0, 1.0), result: 0.0})
now error: 0.0
Block processing time: 0.045527 seconds
Computing Block 11 out of 100
Processing Block size=27
begin cleaner{left: ("[FunctionalDependency:(s: {flight}, t: {sched_dep_time})]", 0.0), operator: *, right: (1.0, 1.0), result: 0.0}
列 'p' 不存在，对列 sched_dep_time 不过滤，直接选择所有非无效值。
clean_bool length:2
newest best op: Uniop(df,'sched_dep_time','08:35 AM',(['flight'], {('AA-431-MIA-SFO',)}),{left: ("[FunctionalDependency:(s: {flight}, t: {sched_dep_time})]", 0.0), operator: *, right: (1.0, 1.0), result: 0.0})
now error: 0.0
Block processing time: 0.042931 seconds
Computing Block 12 out of 100
Processing Block size=26
begin cleaner{left: ("[FunctionalDependency:(s: {flight}, t: {sched_dep_time})]", 0.0), operator: *, right: (1.0, 1.0), result: 0.0}
列 'p' 不存在，对列 sched_dep_time 不过滤，直接选择所有非无效值。
clean_bool length:2
newest best op: Uniop(df,'sched_dep_time','11:50 AM',(['flight'], {('AA-446-DFW-PHL',)}),{left: ("[FunctionalDependency:(s: {flight}, t: {sched_dep_time})]", 0.0), operator: *, right: (1.0, 1.0), result: 0.0})
now error: 0.0
Block processing time: 0.040908 seconds
Computing Block 13 out of 100
Processing Block size=21
begin cleaner{left: ("[FunctionalDependency:(s: {flight}, t: {sched_dep_time})]", 0.0), operator: *, right: (1.0, 1.0), result: 0.0}
列 'p' 不存在，对列 sched_dep_time 不过滤，直接选择所有非无效值。
clean_bool length:2
newest best op: Uniop(df,'sched_dep_time','02:55 PM',(['flight'], {('CO-50-CLE-EWR',)}),{left: ("[FunctionalDependency:(s: {flight}, t: {sched_dep_time})]", 0.0), operator: *, right: (1.0, 1.0), result: 0.0})
now error: 0.0
Block processing time: 0.034731 seconds
Computing Block 14 out of 100
Processing Block size=25
begin cleaner{left: ("[FunctionalDependency:(s: {flight}, t: {sched_dep_time})]", 0.0), operator: *, right: (1.0, 1.0), result: 0.0}
列 'p' 不存在，对列 sched_dep_time 不过滤，直接选择所有非无效值。
clean_bool length:2
newest best op: Uniop(df,'sched_dep_time','11:05 AM',(['flight'], {('UA-3050-PHX-CLT',)}),{left: ("[FunctionalDependency:(s: {flight}, t: {sched_dep_time})]", 0.0), operator: *, right: (1.0, 1.0), result: 0.0})
now error: 0.0
Block processing time: 0.038569 seconds
Computing Block 15 out of 100
Processing Block size=21
begin cleaner{left: ("[FunctionalDependency:(s: {flight}, t: {sched_dep_time})]", 0.0), operator: *, right: (1.0, 1.0), result: 0.0}
列 'p' 不存在，对列 sched_dep_time 不过滤，直接选择所有非无效值。
clean_bool length:2
newest best op: Uniop(df,'sched_dep_time','07:35 AM',(['flight'], {('UA-6273-YYC-SFO',)}),{left: ("[FunctionalDependency:(s: {flight}, t: {sched_dep_time})]", 0.0), operator: *, right: (1.0, 1.0), result: 0.0})
now error: 0.0
Block processing time: 0.035077 seconds
Computing Block 16 out of 100
Processing Block size=27
begin cleaner{left: ("[FunctionalDependency:(s: {flight}, t: {sched_dep_time})]", 0.0), operator: *, right: (1.0, 1.0), result: 0.0}
列 'p' 不存在，对列 sched_dep_time 不过滤，直接选择所有非无效值。
clean_bool length:2
newest best op: Uniop(df,'sched_dep_time','06:00 AM',(['flight'], {('AA-3842-MSP-ORD',)}),{left: ("[FunctionalDependency:(s: {flight}, t: {sched_dep_time})]", 0.0), operator: *, right: (1.0, 1.0), result: 0.0})
now error: 0.0
Block processing time: 0.042988 seconds
Computing Block 17 out of 100
Processing Block size=20
begin cleaner{left: ("[FunctionalDependency:(s: {flight}, t: {sched_dep_time})]", 0.0), operator: *, right: (1.0, 1.0), result: 0.0}
列 'p' 不存在，对列 sched_dep_time 不过滤，直接选择所有非无效值。
clean_bool length:2
newest best op: Uniop(df,'sched_dep_time','09:05 AM',(['flight'], {('UA-37-EDI-EWR',)}),{left: ("[FunctionalDependency:(s: {flight}, t: {sched_dep_time})]", 0.0), operator: *, right: (1.0, 1.0), result: 0.0})
now error: 0.0
Block processing time: 0.030971 seconds
Computing Block 18 out of 100
Processing Block size=22
begin cleaner{left: ("[FunctionalDependency:(s: {flight}, t: {sched_dep_time})]", 0.0), operator: *, right: (1.0, 1.0), result: 0.0}
列 'p' 不存在，对列 sched_dep_time 不过滤，直接选择所有非无效值。
clean_bool length:2
newest best op: Uniop(df,'sched_dep_time','05:30 PM',(['flight'], {('CO-4888-IAH-DAL',)}),{left: ("[FunctionalDependency:(s: {flight}, t: {sched_dep_time})]", 0.0), operator: *, right: (1.0, 1.0), result: 0.0})
now error: 0.0
Block processing time: 0.033417 seconds
Computing Block 19 out of 100
Processing Block size=25
begin cleaner{left: ("[FunctionalDependency:(s: {flight}, t: {sched_dep_time})]", 0.0), operator: *, right: (1.0, 1.0), result: 0.0}
列 'p' 不存在，对列 sched_dep_time 不过滤，直接选择所有非无效值。
clean_bool length:2
newest best op: Uniop(df,'sched_dep_time','06:59 AM',(['flight'], {('AA-1165-JFK-MIA',)}),{left: ("[FunctionalDependency:(s: {flight}, t: {sched_dep_time})]", 0.0), operator: *, right: (1.0, 1.0), result: 0.0})
now error: 0.0
Block processing time: 0.036795 seconds
Computing Block 20 out of 100
Processing Block size=24
begin cleaner{left: ("[FunctionalDependency:(s: {flight}, t: {sched_dep_time})]", 0.0), operator: *, right: (1.0, 1.0), result: 0.0}
列 'p' 不存在，对列 sched_dep_time 不过滤，直接选择所有非无效值。
clean_bool length:3
newest best op: Uniop(df,'sched_dep_time','12:00 PM',(['flight'], {('UA-2945-PHL-CLT',)}),{left: ("[FunctionalDependency:(s: {flight}, t: {sched_dep_time})]", 0.0), operator: *, right: (1.0, 1.0), result: 0.0})
now error: 0.0
Block processing time: 0.054245 seconds
Computing Block 21 out of 100
Processing Block size=25
begin cleaner{left: ("[FunctionalDependency:(s: {flight}, t: {sched_dep_time})]", 0.0), operator: *, right: (1.0, 1.0), result: 0.0}
列 'p' 不存在，对列 sched_dep_time 不过滤，直接选择所有非无效值。
clean_bool length:2
newest best op: Uniop(df,'sched_dep_time','11:35 AM',(['flight'], {('AA-271-MIA-LAX',)}),{left: ("[FunctionalDependency:(s: {flight}, t: {sched_dep_time})]", 0.0), operator: *, right: (1.0, 1.0), result: 0.0})
now error: 0.0
Block processing time: 0.037295 seconds
Computing Block 22 out of 100
Processing Block size=21
begin cleaner{left: ("[FunctionalDependency:(s: {flight}, t: {sched_dep_time})]", 0.0), operator: *, right: (1.0, 1.0), result: 0.0}
列 'p' 不存在，对列 sched_dep_time 不过滤，直接选择所有非无效值。
clean_bool length:2
newest best op: Uniop(df,'sched_dep_time','07:05 AM',(['flight'], {('UA-2515-DFW-CLT',)}),{left: ("[FunctionalDependency:(s: {flight}, t: {sched_dep_time})]", 0.0), operator: *, right: (1.0, 1.0), result: 0.0})
now error: 0.0
Block processing time: 0.033181 seconds
Computing Block 23 out of 100
Processing Block size=21
begin cleaner{left: ("[FunctionalDependency:(s: {flight}, t: {sched_dep_time})]", 0.0), operator: *, right: (1.0, 1.0), result: 0.0}
列 'p' 不存在，对列 sched_dep_time 不过滤，直接选择所有非无效值。
clean_bool length:2
newest best op: Uniop(df,'sched_dep_time','02:30 PM',(['flight'], {('CO-62-IAH-EWR',)}),{left: ("[FunctionalDependency:(s: {flight}, t: {sched_dep_time})]", 0.0), operator: *, right: (1.0, 1.0), result: 0.0})
now error: 0.0
Block processing time: 0.033096 seconds
Computing Block 24 out of 100
Processing Block size=24
begin cleaner{left: ("[FunctionalDependency:(s: {flight}, t: {sched_dep_time})]", 0.0), operator: *, right: (1.0, 1.0), result: 0.0}
列 'p' 不存在，对列 sched_dep_time 不过滤，直接选择所有非无效值。
clean_bool length:2
newest best op: Uniop(df,'sched_dep_time','10:40 AM',(['flight'], {('AA-400-DFW-JFK',)}),{left: ("[FunctionalDependency:(s: {flight}, t: {sched_dep_time})]", 0.0), operator: *, right: (1.0, 1.0), result: 0.0})
now error: 0.0
Block processing time: 0.034719 seconds
Computing Block 25 out of 100
Processing Block size=20
begin cleaner{left: ("[FunctionalDependency:(s: {flight}, t: {sched_dep_time})]", 0.0), operator: *, right: (1.0, 1.0), result: 0.0}
列 'p' 不存在，对列 sched_dep_time 不过滤，直接选择所有非无效值。
clean_bool length:2
newest best op: Uniop(df,'sched_dep_time','11:25 AM',(['flight'], {('CO-58-DEN-IAH',)}),{left: ("[FunctionalDependency:(s: {flight}, t: {sched_dep_time})]", 0.0), operator: *, right: (1.0, 1.0), result: 0.0})
now error: 0.0
Block processing time: 0.02883 seconds
Computing Block 26 out of 100
Processing Block size=26
begin cleaner{left: ("[FunctionalDependency:(s: {flight}, t: {sched_dep_time})]", 0.0), operator: *, right: (1.0, 1.0), result: 0.0}
列 'p' 不存在，对列 sched_dep_time 不过滤，直接选择所有非无效值。
Block processing time: 0.018753 seconds
Computing Block 27 out of 100
Processing Block size=28
begin cleaner{left: ("[FunctionalDependency:(s: {flight}, t: {sched_dep_time})]", 0.0), operator: *, right: (1.0, 1.0), result: 0.0}
列 'p' 不存在，对列 sched_dep_time 不过滤，直接选择所有非无效值。
clean_bool length:2
newest best op: Uniop(df,'sched_dep_time','04:00 PM',(['flight'], {('AA-3786-IAH-ORD',)}),{left: ("[FunctionalDependency:(s: {flight}, t: {sched_dep_time})]", 0.0), operator: *, right: (1.0, 1.0), result: 0.0})
now error: 0.0
Block processing time: 0.039831 seconds
Computing Block 28 out of 100
Processing Block size=23
begin cleaner{left: ("[FunctionalDependency:(s: {flight}, t: {sched_dep_time})]", 0.0), operator: *, right: (1.0, 1.0), result: 0.0}
列 'p' 不存在，对列 sched_dep_time 不过滤，直接选择所有非无效值。
clean_bool length:2
newest best op: Uniop(df,'sched_dep_time','03:35 PM',(['flight'], {('AA-4330-CVG-ORD',)}),{left: ("[FunctionalDependency:(s: {flight}, t: {sched_dep_time})]", 0.0), operator: *, right: (1.0, 1.0), result: 0.0})
now error: 0.0
Block processing time: 0.033261 seconds
Computing Block 29 out of 100
Processing Block size=26
begin cleaner{left: ("[FunctionalDependency:(s: {flight}, t: {sched_dep_time})]", 0.0), operator: *, right: (1.0, 1.0), result: 0.0}
列 'p' 不存在，对列 sched_dep_time 不过滤，直接选择所有非无效值。
clean_bool length:2
newest best op: Uniop(df,'sched_dep_time','09:05 AM',(['flight'], {('AA-616-DFW-DTW',)}),{left: ("[FunctionalDependency:(s: {flight}, t: {sched_dep_time})]", 0.0), operator: *, right: (1.0, 1.0), result: 0.0})
now error: 0.0
Block processing time: 0.037629 seconds
Computing Block 30 out of 100
Processing Block size=20
begin cleaner{left: ("[FunctionalDependency:(s: {flight}, t: {sched_dep_time})]", 0.0), operator: *, right: (1.0, 1.0), result: 0.0}
列 'p' 不存在，对列 sched_dep_time 不过滤，直接选择所有非无效值。
clean_bool length:3
newest best op: Uniop(df,'sched_dep_time','12:57 PM',(['flight'], {('UA-248-PHX-ORD',)}),{left: ("[FunctionalDependency:(s: {flight}, t: {sched_dep_time})]", 0.0), operator: *, right: (1.0, 1.0), result: 0.0})
now error: 0.0
Block processing time: 0.043858 seconds
Computing Block 31 out of 100
Processing Block size=21
begin cleaner{left: ("[FunctionalDependency:(s: {flight}, t: {sched_dep_time})]", 0.0), operator: *, right: (1.0, 1.0), result: 0.0}
列 'p' 不存在，对列 sched_dep_time 不过滤，直接选择所有非无效值。
clean_bool length:2
newest best op: Uniop(df,'sched_dep_time','04:55 PM',(['flight'], {('AA-1007-MIA-PHX',)}),{left: ("[FunctionalDependency:(s: {flight}, t: {sched_dep_time})]", 0.0), operator: *, right: (1.0, 1.0), result: 0.0})
now error: 0.0
Block processing time: 0.034343 seconds
Computing Block 32 out of 100
Processing Block size=26
begin cleaner{left: ("[FunctionalDependency:(s: {flight}, t: {sched_dep_time})]", 0.0), operator: *, right: (1.0, 1.0), result: 0.0}
列 'p' 不存在，对列 sched_dep_time 不过滤，直接选择所有非无效值。
clean_bool length:2
newest best op: Uniop(df,'sched_dep_time','12:15 PM',(['flight'], {('AA-3756-ORD-SLC',)}),{left: ("[FunctionalDependency:(s: {flight}, t: {sched_dep_time})]", 0.0), operator: *, right: (1.0, 1.0), result: 0.0})
now error: 0.0
Block processing time: 0.061321 seconds
Computing Block 33 out of 100
Processing Block size=28
begin cleaner{left: ("[FunctionalDependency:(s: {flight}, t: {sched_dep_time})]", 0.0), operator: *, right: (1.0, 1.0), result: 0.0}
列 'p' 不存在，对列 sched_dep_time 不过滤，直接选择所有非无效值。
clean_bool length:2
newest best op: Uniop(df,'sched_dep_time','06:45 PM',(['flight'], {('AA-4307-ORD-DTW',)}),{left: ("[FunctionalDependency:(s: {flight}, t: {sched_dep_time})]", 0.0), operator: *, right: (1.0, 1.0), result: 0.0})
now error: 0.0
Block processing time: 0.068271 seconds
Computing Block 34 out of 100
Processing Block size=27
begin cleaner{left: ("[FunctionalDependency:(s: {flight}, t: {sched_dep_time})]", 0.0), operator: *, right: (1.0, 1.0), result: 0.0}
列 'p' 不存在，对列 sched_dep_time 不过滤，直接选择所有非无效值。
clean_bool length:3
newest best op: Uniop(df,'sched_dep_time','02:46 PM',(['flight'], {('UA-257-JFK-SFO',)}),{left: ("[FunctionalDependency:(s: {flight}, t: {sched_dep_time})]", 0.0), operator: *, right: (1.0, 1.0), result: 0.0})
now error: 0.0
newest best op: Uniop(df,'sched_dep_time','02:30 PM',(['flight'], {('UA-257-JFK-SFO',)}),{left: ("[FunctionalDependency:(s: {flight}, t: {sched_dep_time})]", 0.0), operator: *, right: (1.0, 1.0), result: 0.0})
now error: 0.0
Block processing time: 0.157663 seconds
Computing Block 35 out of 100
Processing Block size=25
begin cleaner{left: ("[FunctionalDependency:(s: {flight}, t: {sched_dep_time})]", 0.0), operator: *, right: (1.0, 1.0), result: 0.0}
列 'p' 不存在，对列 sched_dep_time 不过滤，直接选择所有非无效值。
clean_bool length:2
newest best op: Uniop(df,'sched_dep_time','11:25 PM',(['flight'], {('AA-204-LAX-MCO',)}),{left: ("[FunctionalDependency:(s: {flight}, t: {sched_dep_time})]", 0.0), operator: *, right: (1.0, 1.0), result: 0.0})
now error: 0.0
Block processing time: 0.100058 seconds
Computing Block 36 out of 100
Processing Block size=22
begin cleaner{left: ("[FunctionalDependency:(s: {flight}, t: {sched_dep_time})]", 0.0), operator: *, right: (1.0, 1.0), result: 0.0}
列 'p' 不存在，对列 sched_dep_time 不过滤，直接选择所有非无效值。
clean_bool length:2
newest best op: Uniop(df,'sched_dep_time','02:53 PM',(['flight'], {('CO-1250-MIA-IAH',)}),{left: ("[FunctionalDependency:(s: {flight}, t: {sched_dep_time})]", 0.0), operator: *, right: (1.0, 1.0), result: 0.0})
now error: 0.0
Block processing time: 0.103636 seconds
Computing Block 37 out of 100
Processing Block size=22
begin cleaner{left: ("[FunctionalDependency:(s: {flight}, t: {sched_dep_time})]", 0.0), operator: *, right: (1.0, 1.0), result: 0.0}
列 'p' 不存在，对列 sched_dep_time 不过滤，直接选择所有非无效值。
clean_bool length:2
newest best op: Uniop(df,'sched_dep_time','11:25 AM',(['flight'], {('AA-1544-SAN-ORD',)}),{left: ("[FunctionalDependency:(s: {flight}, t: {sched_dep_time})]", 0.0), operator: *, right: (1.0, 1.0), result: 0.0})
now error: 0.0
Block processing time: 0.050192 seconds
Computing Block 38 out of 100
Processing Block size=25
begin cleaner{left: ("[FunctionalDependency:(s: {flight}, t: {sched_dep_time})]", 0.0), operator: *, right: (1.0, 1.0), result: 0.0}
列 'p' 不存在，对列 sched_dep_time 不过滤，直接选择所有非无效值。
clean_bool length:2
newest best op: Uniop(df,'sched_dep_time','10:40 AM',(['flight'], {('AA-4198-ORD-CLE',)}),{left: ("[FunctionalDependency:(s: {flight}, t: {sched_dep_time})]", 0.0), operator: *, right: (1.0, 1.0), result: 0.0})
now error: 0.0
Block processing time: 0.058175 seconds
Computing Block 39 out of 100
Processing Block size=24
begin cleaner{left: ("[FunctionalDependency:(s: {flight}, t: {sched_dep_time})]", 0.0), operator: *, right: (1.0, 1.0), result: 0.0}
列 'p' 不存在，对列 sched_dep_time 不过滤，直接选择所有非无效值。
clean_bool length:2
newest best op: Uniop(df,'sched_dep_time','12:30 PM',(['flight'], {('UA-382-IAD-LAX',)}),{left: ("[FunctionalDependency:(s: {flight}, t: {sched_dep_time})]", 0.0), operator: *, right: (1.0, 1.0), result: 0.0})
now error: 0.0
Block processing time: 0.040821 seconds
Computing Block 40 out of 100
Processing Block size=27
begin cleaner{left: ("[FunctionalDependency:(s: {flight}, t: {sched_dep_time})]", 0.0), operator: *, right: (1.0, 1.0), result: 0.0}
列 'p' 不存在，对列 sched_dep_time 不过滤，直接选择所有非无效值。
clean_bool length:2
newest best op: Uniop(df,'sched_dep_time','07:10 AM',(['flight'], {('AA-3859-IAH-ORD',)}),{left: ("[FunctionalDependency:(s: {flight}, t: {sched_dep_time})]", 0.0), operator: *, right: (1.0, 1.0), result: 0.0})
now error: 0.0
Block processing time: 0.046438 seconds
Computing Block 41 out of 100
Processing Block size=21
begin cleaner{left: ("[FunctionalDependency:(s: {flight}, t: {sched_dep_time})]", 0.0), operator: *, right: (1.0, 1.0), result: 0.0}
列 'p' 不存在，对列 sched_dep_time 不过滤，直接选择所有非无效值。
clean_bool length:2
newest best op: Uniop(df,'sched_dep_time','10:25 AM',(['flight'], {('CO-16-LAX-EWR',)}),{left: ("[FunctionalDependency:(s: {flight}, t: {sched_dep_time})]", 0.0), operator: *, right: (1.0, 1.0), result: 0.0})
now error: 0.0
Block processing time: 0.035666 seconds
Computing Block 42 out of 100
Processing Block size=23
begin cleaner{left: ("[FunctionalDependency:(s: {flight}, t: {sched_dep_time})]", 0.0), operator: *, right: (1.0, 1.0), result: 0.0}
列 'p' 不存在，对列 sched_dep_time 不过滤，直接选择所有非无效值。
clean_bool length:2
newest best op: Uniop(df,'sched_dep_time','08:29 AM',(['flight'], {('UA-3373-IAD-PHL',)}),{left: ("[FunctionalDependency:(s: {flight}, t: {sched_dep_time})]", 0.0), operator: *, right: (1.0, 1.0), result: 0.0})
now error: 0.0
Block processing time: 0.041505 seconds
Computing Block 43 out of 100
Processing Block size=21
begin cleaner{left: ("[FunctionalDependency:(s: {flight}, t: {sched_dep_time})]", 0.0), operator: *, right: (1.0, 1.0), result: 0.0}
列 'p' 不存在，对列 sched_dep_time 不过滤，直接选择所有非无效值。
clean_bool length:2
newest best op: Uniop(df,'sched_dep_time','01:29 PM',(['flight'], {('UA-37-EWR-MCO',)}),{left: ("[FunctionalDependency:(s: {flight}, t: {sched_dep_time})]", 0.0), operator: *, right: (1.0, 1.0), result: 0.0})
now error: 0.0
Block processing time: 0.034535 seconds
Computing Block 44 out of 100
Processing Block size=21
begin cleaner{left: ("[FunctionalDependency:(s: {flight}, t: {sched_dep_time})]", 0.0), operator: *, right: (1.0, 1.0), result: 0.0}
列 'p' 不存在，对列 sched_dep_time 不过滤，直接选择所有非无效值。
clean_bool length:2
newest best op: Uniop(df,'sched_dep_time','03:27 PM',(['flight'], {('UA-2830-MCO-CLT',)}),{left: ("[FunctionalDependency:(s: {flight}, t: {sched_dep_time})]", 0.0), operator: *, right: (1.0, 1.0), result: 0.0})
now error: 0.0
Block processing time: 0.034288 seconds
Computing Block 45 out of 100
Processing Block size=24
begin cleaner{left: ("[FunctionalDependency:(s: {flight}, t: {sched_dep_time})]", 0.0), operator: *, right: (1.0, 1.0), result: 0.0}
列 'p' 不存在，对列 sched_dep_time 不过滤，直接选择所有非无效值。
clean_bool length:2
newest best op: Uniop(df,'sched_dep_time','07:10 AM',(['flight'], {('AA-222-LAX-BOS',)}),{left: ("[FunctionalDependency:(s: {flight}, t: {sched_dep_time})]", 0.0), operator: *, right: (1.0, 1.0), result: 0.0})
now error: 0.0
Block processing time: 0.04025 seconds
Computing Block 46 out of 100
Processing Block size=20
begin cleaner{left: ("[FunctionalDependency:(s: {flight}, t: {sched_dep_time})]", 0.0), operator: *, right: (1.0, 1.0), result: 0.0}
列 'p' 不存在，对列 sched_dep_time 不过滤，直接选择所有非无效值。
clean_bool length:2
newest best op: Uniop(df,'sched_dep_time','08:40 AM',(['flight'], {('CO-1088-CLE-IAH',)}),{left: ("[FunctionalDependency:(s: {flight}, t: {sched_dep_time})]", 0.0), operator: *, right: (1.0, 1.0), result: 0.0})
now error: 0.0
Block processing time: 0.032313 seconds
Computing Block 47 out of 100
Processing Block size=28
begin cleaner{left: ("[FunctionalDependency:(s: {flight}, t: {sched_dep_time})]", 0.0), operator: *, right: (1.0, 1.0), result: 0.0}
列 'p' 不存在，对列 sched_dep_time 不过滤，直接选择所有非无效值。
clean_bool length:2
newest best op: Uniop(df,'sched_dep_time','01:05 PM',(['flight'], {('AA-789-ORD-DEN',)}),{left: ("[FunctionalDependency:(s: {flight}, t: {sched_dep_time})]", 0.0), operator: *, right: (1.0, 1.0), result: 0.0})
now error: 0.0
Block processing time: 0.042941 seconds
Computing Block 48 out of 100
Processing Block size=27
begin cleaner{left: ("[FunctionalDependency:(s: {flight}, t: {sched_dep_time})]", 0.0), operator: *, right: (1.0, 1.0), result: 0.0}
列 'p' 不存在，对列 sched_dep_time 不过滤，直接选择所有非无效值。
clean_bool length:2
newest best op: Uniop(df,'sched_dep_time','07:00 AM',(['flight'], {('AA-3468-CVG-MIA',)}),{left: ("[FunctionalDependency:(s: {flight}, t: {sched_dep_time})]", 0.0), operator: *, right: (1.0, 1.0), result: 0.0})
now error: 0.0
Block processing time: 0.041684 seconds
Computing Block 49 out of 100
Processing Block size=25
begin cleaner{left: ("[FunctionalDependency:(s: {flight}, t: {sched_dep_time})]", 0.0), operator: *, right: (1.0, 1.0), result: 0.0}
列 'p' 不存在，对列 sched_dep_time 不过滤，直接选择所有非无效值。
clean_bool length:2
newest best op: Uniop(df,'sched_dep_time','12:00 PM',(['flight'], {('AA-3-JFK-LAX',)}),{left: ("[FunctionalDependency:(s: {flight}, t: {sched_dep_time})]", 0.0), operator: *, right: (1.0, 1.0), result: 0.0})
now error: 0.0
Block processing time: 0.039524 seconds
Computing Block 50 out of 100
Processing Block size=26
begin cleaner{left: ("[FunctionalDependency:(s: {flight}, t: {sched_dep_time})]", 0.0), operator: *, right: (1.0, 1.0), result: 0.0}
列 'p' 不存在，对列 sched_dep_time 不过滤，直接选择所有非无效值。
clean_bool length:2
newest best op: Uniop(df,'sched_dep_time','07:15 AM',(['flight'], {('AA-2268-PHX-ORD',)}),{left: ("[FunctionalDependency:(s: {flight}, t: {sched_dep_time})]", 0.0), operator: *, right: (1.0, 1.0), result: 0.0})
now error: 0.0
Block processing time: 0.040234 seconds
Computing Block 51 out of 100
Processing Block size=26
begin cleaner{left: ("[FunctionalDependency:(s: {flight}, t: {sched_dep_time})]", 0.0), operator: *, right: (1.0, 1.0), result: 0.0}
列 'p' 不存在，对列 sched_dep_time 不过滤，直接选择所有非无效值。
clean_bool length:2
newest best op: Uniop(df,'sched_dep_time','04:15 PM',(['flight'], {('AA-484-DFW-MIA',)}),{left: ("[FunctionalDependency:(s: {flight}, t: {sched_dep_time})]", 0.0), operator: *, right: (1.0, 1.0), result: 0.0})
now error: 0.0
Block processing time: 0.042392 seconds
Computing Block 52 out of 100
Processing Block size=22
begin cleaner{left: ("[FunctionalDependency:(s: {flight}, t: {sched_dep_time})]", 0.0), operator: *, right: (1.0, 1.0), result: 0.0}
列 'p' 不存在，对列 sched_dep_time 不过滤，直接选择所有非无效值。
Block processing time: 0.018273 seconds
Computing Block 53 out of 100
Processing Block size=21
begin cleaner{left: ("[FunctionalDependency:(s: {flight}, t: {sched_dep_time})]", 0.0), operator: *, right: (1.0, 1.0), result: 0.0}
列 'p' 不存在，对列 sched_dep_time 不过滤，直接选择所有非无效值。
clean_bool length:2
newest best op: Uniop(df,'sched_dep_time','11:15 AM',(['flight'], {('UA-2704-DTW-PHX',)}),{left: ("[FunctionalDependency:(s: {flight}, t: {sched_dep_time})]", 0.0), operator: *, right: (1.0, 1.0), result: 0.0})
now error: 0.0
Block processing time: 0.034981 seconds
Computing Block 54 out of 100
Processing Block size=29
begin cleaner{left: ("[FunctionalDependency:(s: {flight}, t: {sched_dep_time})]", 0.0), operator: *, right: (1.0, 1.0), result: 0.0}
列 'p' 不存在，对列 sched_dep_time 不过滤，直接选择所有非无效值。
clean_bool length:2
newest best op: Uniop(df,'sched_dep_time','07:10 AM',(['flight'], {('AA-59-JFK-SFO',)}),{left: ("[FunctionalDependency:(s: {flight}, t: {sched_dep_time})]", 0.0), operator: *, right: (1.0, 1.0), result: 0.0})
now error: 0.0
Block processing time: 0.0529 seconds
Computing Block 55 out of 100
Processing Block size=26
begin cleaner{left: ("[FunctionalDependency:(s: {flight}, t: {sched_dep_time})]", 0.0), operator: *, right: (1.0, 1.0), result: 0.0}
列 'p' 不存在，对列 sched_dep_time 不过滤，直接选择所有非无效值。
clean_bool length:2
newest best op: Uniop(df,'sched_dep_time','07:15 AM',(['flight'], {('AA-1434-DFW-MCO',)}),{left: ("[FunctionalDependency:(s: {flight}, t: {sched_dep_time})]", 0.0), operator: *, right: (1.0, 1.0), result: 0.0})
now error: 0.0
Block processing time: 0.04538 seconds
Computing Block 56 out of 100
Processing Block size=21
begin cleaner{left: ("[FunctionalDependency:(s: {flight}, t: {sched_dep_time})]", 0.0), operator: *, right: (1.0, 1.0), result: 0.0}
列 'p' 不存在，对列 sched_dep_time 不过滤，直接选择所有非无效值。
clean_bool length:2
newest best op: Uniop(df,'sched_dep_time','05:25 PM',(['flight'], {('CO-63-EWR-IAH',)}),{left: ("[FunctionalDependency:(s: {flight}, t: {sched_dep_time})]", 0.0), operator: *, right: (1.0, 1.0), result: 0.0})
now error: 0.0
Block processing time: 0.039705 seconds
Computing Block 57 out of 100
Processing Block size=26
begin cleaner{left: ("[FunctionalDependency:(s: {flight}, t: {sched_dep_time})]", 0.0), operator: *, right: (1.0, 1.0), result: 0.0}
列 'p' 不存在，对列 sched_dep_time 不过滤，直接选择所有非无效值。
clean_bool length:2
newest best op: Uniop(df,'sched_dep_time','09:00 PM',(['flight'], {('AA-3823-LAX-DEN',)}),{left: ("[FunctionalDependency:(s: {flight}, t: {sched_dep_time})]", 0.0), operator: *, right: (1.0, 1.0), result: 0.0})
now error: 0.0
Block processing time: 0.08198 seconds
Computing Block 58 out of 100
Processing Block size=20
begin cleaner{left: ("[FunctionalDependency:(s: {flight}, t: {sched_dep_time})]", 0.0), operator: *, right: (1.0, 1.0), result: 0.0}
列 'p' 不存在，对列 sched_dep_time 不过滤，直接选择所有非无效值。
clean_bool length:2
newest best op: Uniop(df,'sched_dep_time','02:30 PM',(['flight'], {('UA-62-IAH-EWR',)}),{left: ("[FunctionalDependency:(s: {flight}, t: {sched_dep_time})]", 0.0), operator: *, right: (1.0, 1.0), result: 0.0})
now error: 0.0
Block processing time: 0.049868 seconds
Computing Block 59 out of 100
Processing Block size=23
begin cleaner{left: ("[FunctionalDependency:(s: {flight}, t: {sched_dep_time})]", 0.0), operator: *, right: (1.0, 1.0), result: 0.0}
列 'p' 不存在，对列 sched_dep_time 不过滤，直接选择所有非无效值。
clean_bool length:2
newest best op: Uniop(df,'sched_dep_time','06:00 AM',(['flight'], {('UA-414-LAX-SFO',)}),{left: ("[FunctionalDependency:(s: {flight}, t: {sched_dep_time})]", 0.0), operator: *, right: (1.0, 1.0), result: 0.0})
now error: 0.0
Block processing time: 0.037129 seconds
Computing Block 60 out of 100
Processing Block size=23
begin cleaner{left: ("[FunctionalDependency:(s: {flight}, t: {sched_dep_time})]", 0.0), operator: *, right: (1.0, 1.0), result: 0.0}
列 'p' 不存在，对列 sched_dep_time 不过滤，直接选择所有非无效值。
clean_bool length:2
newest best op: Uniop(df,'sched_dep_time','04:16 PM',(['flight'], {('UA-938-DEN-ORD',)}),{left: ("[FunctionalDependency:(s: {flight}, t: {sched_dep_time})]", 0.0), operator: *, right: (1.0, 1.0), result: 0.0})
now error: 0.0
Block processing time: 0.040087 seconds
Computing Block 61 out of 100
Processing Block size=23
begin cleaner{left: ("[FunctionalDependency:(s: {flight}, t: {sched_dep_time})]", 0.0), operator: *, right: (1.0, 1.0), result: 0.0}
列 'p' 不存在，对列 sched_dep_time 不过滤，直接选择所有非无效值。
clean_bool length:2
newest best op: Uniop(df,'sched_dep_time','11:45 AM',(['flight'], {('AA-4344-ORD-DTW',)}),{left: ("[FunctionalDependency:(s: {flight}, t: {sched_dep_time})]", 0.0), operator: *, right: (1.0, 1.0), result: 0.0})
now error: 0.0
Block processing time: 0.036907 seconds
Computing Block 62 out of 100
Processing Block size=27
begin cleaner{left: ("[FunctionalDependency:(s: {flight}, t: {sched_dep_time})]", 0.0), operator: *, right: (1.0, 1.0), result: 0.0}
列 'p' 不存在，对列 sched_dep_time 不过滤，直接选择所有非无效值。
clean_bool length:2
newest best op: Uniop(df,'sched_dep_time','02:35 PM',(['flight'], {('AA-3804-PHL-ORD',)}),{left: ("[FunctionalDependency:(s: {flight}, t: {sched_dep_time})]", 0.0), operator: *, right: (1.0, 1.0), result: 0.0})
now error: 0.0
Block processing time: 0.040703 seconds
Computing Block 63 out of 100
Processing Block size=26
begin cleaner{left: ("[FunctionalDependency:(s: {flight}, t: {sched_dep_time})]", 0.0), operator: *, right: (1.0, 1.0), result: 0.0}
列 'p' 不存在，对列 sched_dep_time 不过滤，直接选择所有非无效值。
clean_bool length:2
newest best op: Uniop(df,'sched_dep_time','12:10 PM',(['flight'], {('AA-4277-CVG-JFK',)}),{left: ("[FunctionalDependency:(s: {flight}, t: {sched_dep_time})]", 0.0), operator: *, right: (1.0, 1.0), result: 0.0})
now error: 0.0
Block processing time: 0.037634 seconds
Computing Block 64 out of 100
Processing Block size=29
begin cleaner{left: ("[FunctionalDependency:(s: {flight}, t: {sched_dep_time})]", 0.0), operator: *, right: (1.0, 1.0), result: 0.0}
列 'p' 不存在，对列 sched_dep_time 不过滤，直接选择所有非无效值。
clean_bool length:2
newest best op: Uniop(df,'sched_dep_time','01:33 PM',(['flight'], {('UA-664-ORD-PHL',)}),{left: ("[FunctionalDependency:(s: {flight}, t: {sched_dep_time})]", 0.0), operator: *, right: (1.0, 1.0), result: 0.0})
now error: 0.0
Block processing time: 0.043695 seconds
Computing Block 65 out of 100
Processing Block size=21
begin cleaner{left: ("[FunctionalDependency:(s: {flight}, t: {sched_dep_time})]", 0.0), operator: *, right: (1.0, 1.0), result: 0.0}
列 'p' 不存在，对列 sched_dep_time 不过滤，直接选择所有非无效值。
clean_bool length:3
newest best op: Uniop(df,'sched_dep_time','07:27 PM',(['flight'], {('CO-47-IAH-LAX',)}),{left: ("[FunctionalDependency:(s: {flight}, t: {sched_dep_time})]", 0.0), operator: *, right: (1.0, 1.0), result: 0.0})
now error: 0.0
newest best op: Uniop(df,'sched_dep_time','07:10 PM',(['flight'], {('CO-47-IAH-LAX',)}),{left: ("[FunctionalDependency:(s: {flight}, t: {sched_dep_time})]", 0.0), operator: *, right: (1.0, 1.0), result: 0.0})
now error: 0.0
Block processing time: 0.046903 seconds
Computing Block 66 out of 100
Processing Block size=22
begin cleaner{left: ("[FunctionalDependency:(s: {flight}, t: {sched_dep_time})]", 0.0), operator: *, right: (1.0, 1.0), result: 0.0}
列 'p' 不存在，对列 sched_dep_time 不过滤，直接选择所有非无效值。
clean_bool length:2
newest best op: Uniop(df,'sched_dep_time','12:30 AM',(['flight'], {('CO-1614-LAX-IAH',)}),{left: ("[FunctionalDependency:(s: {flight}, t: {sched_dep_time})]", 0.0), operator: *, right: (1.0, 1.0), result: 0.0})
now error: 0.0
Block processing time: 0.033108 seconds
Computing Block 67 out of 100
Processing Block size=21
begin cleaner{left: ("[FunctionalDependency:(s: {flight}, t: {sched_dep_time})]", 0.0), operator: *, right: (1.0, 1.0), result: 0.0}
列 'p' 不存在，对列 sched_dep_time 不过滤，直接选择所有非无效值。
clean_bool length:2
newest best op: Uniop(df,'sched_dep_time','09:45 AM',(['flight'], {('CO-1090-BOS-IAH',)}),{left: ("[FunctionalDependency:(s: {flight}, t: {sched_dep_time})]", 0.0), operator: *, right: (1.0, 1.0), result: 0.0})
now error: 0.0
Block processing time: 0.032437 seconds
Computing Block 68 out of 100
Processing Block size=27
begin cleaner{left: ("[FunctionalDependency:(s: {flight}, t: {sched_dep_time})]", 0.0), operator: *, right: (1.0, 1.0), result: 0.0}
列 'p' 不存在，对列 sched_dep_time 不过滤，直接选择所有非无效值。
clean_bool length:2
newest best op: Uniop(df,'sched_dep_time','04:25 PM',(['flight'], {('UA-233-LAX-JFK',)}),{left: ("[FunctionalDependency:(s: {flight}, t: {sched_dep_time})]", 0.0), operator: *, right: (1.0, 1.0), result: 0.0})
now error: 0.0
Block processing time: 0.040712 seconds
Computing Block 69 out of 100
Processing Block size=26
begin cleaner{left: ("[FunctionalDependency:(s: {flight}, t: {sched_dep_time})]", 0.0), operator: *, right: (1.0, 1.0), result: 0.0}
列 'p' 不存在，对列 sched_dep_time 不过滤，直接选择所有非无效值。
clean_bool length:2
newest best op: Uniop(df,'sched_dep_time','07:25 AM',(['flight'], {('AA-2525-DFW-MIA',)}),{left: ("[FunctionalDependency:(s: {flight}, t: {sched_dep_time})]", 0.0), operator: *, right: (1.0, 1.0), result: 0.0})
now error: 0.0
Block processing time: 0.039572 seconds
Computing Block 70 out of 100
Processing Block size=22
begin cleaner{left: ("[FunctionalDependency:(s: {flight}, t: {sched_dep_time})]", 0.0), operator: *, right: (1.0, 1.0), result: 0.0}
列 'p' 不存在，对列 sched_dep_time 不过滤，直接选择所有非无效值。
clean_bool length:2
newest best op: Uniop(df,'sched_dep_time','11:40 AM',(['flight'], {('CO-1023-IAH-DEN',)}),{left: ("[FunctionalDependency:(s: {flight}, t: {sched_dep_time})]", 0.0), operator: *, right: (1.0, 1.0), result: 0.0})
now error: 0.0
Block processing time: 0.034164 seconds
Computing Block 71 out of 100
Processing Block size=22
begin cleaner{left: ("[FunctionalDependency:(s: {flight}, t: {sched_dep_time})]", 0.0), operator: *, right: (1.0, 1.0), result: 0.0}
列 'p' 不存在，对列 sched_dep_time 不过滤，直接选择所有非无效值。
clean_bool length:2
newest best op: Uniop(df,'sched_dep_time','08:00 AM',(['flight'], {('UA-397-JFK-SFO',)}),{left: ("[FunctionalDependency:(s: {flight}, t: {sched_dep_time})]", 0.0), operator: *, right: (1.0, 1.0), result: 0.0})
now error: 0.0
Block processing time: 0.035194 seconds
Computing Block 72 out of 100
Processing Block size=20
begin cleaner{left: ("[FunctionalDependency:(s: {flight}, t: {sched_dep_time})]", 0.0), operator: *, right: (1.0, 1.0), result: 0.0}
列 'p' 不存在，对列 sched_dep_time 不过滤，直接选择所有非无效值。
clean_bool length:2
newest best op: Uniop(df,'sched_dep_time','07:35 AM',(['flight'], {('CO-52-IAH-LAX',)}),{left: ("[FunctionalDependency:(s: {flight}, t: {sched_dep_time})]", 0.0), operator: *, right: (1.0, 1.0), result: 0.0})
now error: 0.0
Block processing time: 0.031417 seconds
Computing Block 73 out of 100
Processing Block size=19
begin cleaner{left: ("[FunctionalDependency:(s: {flight}, t: {sched_dep_time})]", 0.0), operator: *, right: (1.0, 1.0), result: 0.0}
列 'p' 不存在，对列 sched_dep_time 不过滤，直接选择所有非无效值。
clean_bool length:2
newest best op: Uniop(df,'sched_dep_time','10:45 AM',(['flight'], {('AA-1886-BOS-MIA',)}),{left: ("[FunctionalDependency:(s: {flight}, t: {sched_dep_time})]", 0.0), operator: *, right: (1.0, 1.0), result: 0.0})
now error: 0.0
Block processing time: 0.029425 seconds
Computing Block 74 out of 100
Processing Block size=23
begin cleaner{left: ("[FunctionalDependency:(s: {flight}, t: {sched_dep_time})]", 0.0), operator: *, right: (1.0, 1.0), result: 0.0}
列 'p' 不存在，对列 sched_dep_time 不过滤，直接选择所有非无效值。
clean_bool length:2
newest best op: Uniop(df,'sched_dep_time','06:40 AM',(['flight'], {('AA-518-MIA-JFK',)}),{left: ("[FunctionalDependency:(s: {flight}, t: {sched_dep_time})]", 0.0), operator: *, right: (1.0, 1.0), result: 0.0})
now error: 0.0
Block processing time: 0.034222 seconds
Computing Block 75 out of 100
Processing Block size=21
begin cleaner{left: ("[FunctionalDependency:(s: {flight}, t: {sched_dep_time})]", 0.0), operator: *, right: (1.0, 1.0), result: 0.0}
列 'p' 不存在，对列 sched_dep_time 不过滤，直接选择所有非无效值。
clean_bool length:2
newest best op: Uniop(df,'sched_dep_time','08:05 AM',(['flight'], {('CO-1561-PHX-IAH',)}),{left: ("[FunctionalDependency:(s: {flight}, t: {sched_dep_time})]", 0.0), operator: *, right: (1.0, 1.0), result: 0.0})
now error: 0.0
Block processing time: 0.031422 seconds
Computing Block 76 out of 100
Processing Block size=26
begin cleaner{left: ("[FunctionalDependency:(s: {flight}, t: {sched_dep_time})]", 0.0), operator: *, right: (1.0, 1.0), result: 0.0}
列 'p' 不存在，对列 sched_dep_time 不过滤，直接选择所有非无效值。
clean_bool length:2
newest best op: Uniop(df,'sched_dep_time','07:10 AM',(['flight'], {('AA-643-MIA-ORD',)}),{left: ("[FunctionalDependency:(s: {flight}, t: {sched_dep_time})]", 0.0), operator: *, right: (1.0, 1.0), result: 0.0})
now error: 0.0
Block processing time: 0.041594 seconds
Computing Block 77 out of 100
Processing Block size=18
begin cleaner{left: ("[FunctionalDependency:(s: {flight}, t: {sched_dep_time})]", 0.0), operator: *, right: (1.0, 1.0), result: 0.0}
列 'p' 不存在，对列 sched_dep_time 不过滤，直接选择所有非无效值。
clean_bool length:2
newest best op: Uniop(df,'sched_dep_time','10:39 AM',(['flight'], {('UA-5487-SFO-MRY',)}),{left: ("[FunctionalDependency:(s: {flight}, t: {sched_dep_time})]", 0.0), operator: *, right: (1.0, 1.0), result: 0.0})
now error: 0.0
Block processing time: 0.027023 seconds
Computing Block 78 out of 100
Processing Block size=25
begin cleaner{left: ("[FunctionalDependency:(s: {flight}, t: {sched_dep_time})]", 0.0), operator: *, right: (1.0, 1.0), result: 0.0}
列 'p' 不存在，对列 sched_dep_time 不过滤，直接选择所有非无效值。
clean_bool length:2
newest best op: Uniop(df,'sched_dep_time','01:00 PM',(['flight'], {('AA-1279-DFW-PHX',)}),{left: ("[FunctionalDependency:(s: {flight}, t: {sched_dep_time})]", 0.0), operator: *, right: (1.0, 1.0), result: 0.0})
now error: 0.0
Block processing time: 0.035702 seconds
Computing Block 79 out of 100
Processing Block size=27
begin cleaner{left: ("[FunctionalDependency:(s: {flight}, t: {sched_dep_time})]", 0.0), operator: *, right: (1.0, 1.0), result: 0.0}
列 'p' 不存在，对列 sched_dep_time 不过滤，直接选择所有非无效值。
clean_bool length:2
newest best op: Uniop(df,'sched_dep_time','06:00 AM',(['flight'], {('AA-3809-PHX-LAX',)}),{left: ("[FunctionalDependency:(s: {flight}, t: {sched_dep_time})]", 0.0), operator: *, right: (1.0, 1.0), result: 0.0})
now error: 0.0
Block processing time: 0.038318 seconds
Computing Block 80 out of 100
Processing Block size=17
begin cleaner{left: ("[FunctionalDependency:(s: {flight}, t: {sched_dep_time})]", 0.0), operator: *, right: (1.0, 1.0), result: 0.0}
列 'p' 不存在，对列 sched_dep_time 不过滤，直接选择所有非无效值。
clean_bool length:2
newest best op: Uniop(df,'sched_dep_time','08:55 AM',(['flight'], {('UA-1500-IAH-GUA',)}),{left: ("[FunctionalDependency:(s: {flight}, t: {sched_dep_time})]", 0.0), operator: *, right: (1.0, 1.0), result: 0.0})
now error: 0.0
Block processing time: 0.024991 seconds
Computing Block 81 out of 100
Processing Block size=24
begin cleaner{left: ("[FunctionalDependency:(s: {flight}, t: {sched_dep_time})]", 0.0), operator: *, right: (1.0, 1.0), result: 0.0}
列 'p' 不存在，对列 sched_dep_time 不过滤，直接选择所有非无效值。
clean_bool length:2
newest best op: Uniop(df,'sched_dep_time','03:50 PM',(['flight'], {('UA-2906-PHL-MCO',)}),{left: ("[FunctionalDependency:(s: {flight}, t: {sched_dep_time})]", 0.0), operator: *, right: (1.0, 1.0), result: 0.0})
now error: 0.0
Block processing time: 0.034039 seconds
Computing Block 82 out of 100
Processing Block size=28
begin cleaner{left: ("[FunctionalDependency:(s: {flight}, t: {sched_dep_time})]", 0.0), operator: *, right: (1.0, 1.0), result: 0.0}
列 'p' 不存在，对列 sched_dep_time 不过滤，直接选择所有非无效值。
clean_bool length:2
newest best op: Uniop(df,'sched_dep_time','06:30 PM',(['flight'], {('AA-1640-MIA-MCO',)}),{left: ("[FunctionalDependency:(s: {flight}, t: {sched_dep_time})]", 0.0), operator: *, right: (1.0, 1.0), result: 0.0})
now error: 0.0
Block processing time: 0.039539 seconds
Computing Block 83 out of 100
Processing Block size=28
begin cleaner{left: ("[FunctionalDependency:(s: {flight}, t: {sched_dep_time})]", 0.0), operator: *, right: (1.0, 1.0), result: 0.0}
列 'p' 不存在，对列 sched_dep_time 不过滤，直接选择所有非无效值。
clean_bool length:2
newest best op: Uniop(df,'sched_dep_time','08:00 PM',(['flight'], {('AA-1221-MCO-ORD',)}),{left: ("[FunctionalDependency:(s: {flight}, t: {sched_dep_time})]", 0.0), operator: *, right: (1.0, 1.0), result: 0.0})
now error: 0.0
Block processing time: 0.041036 seconds
Computing Block 84 out of 100
Processing Block size=27
begin cleaner{left: ("[FunctionalDependency:(s: {flight}, t: {sched_dep_time})]", 0.0), operator: *, right: (1.0, 1.0), result: 0.0}
列 'p' 不存在，对列 sched_dep_time 不过滤，直接选择所有非无效值。
clean_bool length:2
newest best op: Uniop(df,'sched_dep_time','08:25 PM',(['flight'], {('AA-2312-DFW-DTW',)}),{left: ("[FunctionalDependency:(s: {flight}, t: {sched_dep_time})]", 0.0), operator: *, right: (1.0, 1.0), result: 0.0})
now error: 0.0
Block processing time: 0.037773 seconds
Computing Block 85 out of 100
Processing Block size=24
begin cleaner{left: ("[FunctionalDependency:(s: {flight}, t: {sched_dep_time})]", 0.0), operator: *, right: (1.0, 1.0), result: 0.0}
列 'p' 不存在，对列 sched_dep_time 不过滤，直接选择所有非无效值。
clean_bool length:2
newest best op: Uniop(df,'sched_dep_time','11:08 PM',(['flight'], {('UA-828-SFO-ORD',)}),{left: ("[FunctionalDependency:(s: {flight}, t: {sched_dep_time})]", 0.0), operator: *, right: (1.0, 1.0), result: 0.0})
now error: 0.0
Block processing time: 0.034924 seconds
Computing Block 86 out of 100
Processing Block size=20
begin cleaner{left: ("[FunctionalDependency:(s: {flight}, t: {sched_dep_time})]", 0.0), operator: *, right: (1.0, 1.0), result: 0.0}
列 'p' 不存在，对列 sched_dep_time 不过滤，直接选择所有非无效值。
clean_bool length:2
newest best op: Uniop(df,'sched_dep_time','02:55 PM',(['flight'], {('UA-2708-EWR-CLT',)}),{left: ("[FunctionalDependency:(s: {flight}, t: {sched_dep_time})]", 0.0), operator: *, right: (1.0, 1.0), result: 0.0})
now error: 0.0
Block processing time: 0.029345 seconds
Computing Block 87 out of 100
Processing Block size=20
begin cleaner{left: ("[FunctionalDependency:(s: {flight}, t: {sched_dep_time})]", 0.0), operator: *, right: (1.0, 1.0), result: 0.0}
列 'p' 不存在，对列 sched_dep_time 不过滤，直接选择所有非无效值。
clean_bool length:2
newest best op: Uniop(df,'sched_dep_time','06:00 AM',(['flight'], {('CO-89-IAH-EWR',)}),{left: ("[FunctionalDependency:(s: {flight}, t: {sched_dep_time})]", 0.0), operator: *, right: (1.0, 1.0), result: 0.0})
now error: 0.0
Block processing time: 0.02828 seconds
Computing Block 88 out of 100
Processing Block size=22
begin cleaner{left: ("[FunctionalDependency:(s: {flight}, t: {sched_dep_time})]", 0.0), operator: *, right: (1.0, 1.0), result: 0.0}
列 'p' 不存在，对列 sched_dep_time 不过滤，直接选择所有非无效值。
clean_bool length:2
newest best op: Uniop(df,'sched_dep_time','08:35 AM',(['flight'], {('AA-415-BOS-ORD',)}),{left: ("[FunctionalDependency:(s: {flight}, t: {sched_dep_time})]", 0.0), operator: *, right: (1.0, 1.0), result: 0.0})
now error: 0.0
Block processing time: 0.032788 seconds
Computing Block 89 out of 100
Processing Block size=26
begin cleaner{left: ("[FunctionalDependency:(s: {flight}, t: {sched_dep_time})]", 0.0), operator: *, right: (1.0, 1.0), result: 0.0}
列 'p' 不存在，对列 sched_dep_time 不过滤，直接选择所有非无效值。
clean_bool length:2
newest best op: Uniop(df,'sched_dep_time','09:15 AM',(['flight'], {('CO-1193-EWR-MCO',)}),{left: ("[FunctionalDependency:(s: {flight}, t: {sched_dep_time})]", 0.0), operator: *, right: (1.0, 1.0), result: 0.0})
now error: 0.0
Block processing time: 0.040377 seconds
Computing Block 90 out of 100
Processing Block size=24
begin cleaner{left: ("[FunctionalDependency:(s: {flight}, t: {sched_dep_time})]", 0.0), operator: *, right: (1.0, 1.0), result: 0.0}
列 'p' 不存在，对列 sched_dep_time 不过滤，直接选择所有非无效值。
clean_bool length:2
newest best op: Uniop(df,'sched_dep_time','08:20 PM',(['flight'], {('AA-3063-SLC-LAX',)}),{left: ("[FunctionalDependency:(s: {flight}, t: {sched_dep_time})]", 0.0), operator: *, right: (1.0, 1.0), result: 0.0})
now error: 0.0
Block processing time: 0.037163 seconds
Computing Block 91 out of 100
Processing Block size=23
begin cleaner{left: ("[FunctionalDependency:(s: {flight}, t: {sched_dep_time})]", 0.0), operator: *, right: (1.0, 1.0), result: 0.0}
列 'p' 不存在，对列 sched_dep_time 不过滤，直接选择所有非无效值。
clean_bool length:2
newest best op: Uniop(df,'sched_dep_time','07:00 PM',(['flight'], {('CO-1586-IAH-MCO',)}),{left: ("[FunctionalDependency:(s: {flight}, t: {sched_dep_time})]", 0.0), operator: *, right: (1.0, 1.0), result: 0.0})
now error: 0.0
Block processing time: 0.03548 seconds
Computing Block 92 out of 100
Processing Block size=23
begin cleaner{left: ("[FunctionalDependency:(s: {flight}, t: {sched_dep_time})]", 0.0), operator: *, right: (1.0, 1.0), result: 0.0}
列 'p' 不存在，对列 sched_dep_time 不过滤，直接选择所有非无效值。
clean_bool length:2
newest best op: Uniop(df,'sched_dep_time','11:55 AM',(['flight'], {('UA-3099-PHX-PHL',)}),{left: ("[FunctionalDependency:(s: {flight}, t: {sched_dep_time})]", 0.0), operator: *, right: (1.0, 1.0), result: 0.0})
now error: 0.0
Block processing time: 0.034958 seconds
Computing Block 93 out of 100
Processing Block size=27
begin cleaner{left: ("[FunctionalDependency:(s: {flight}, t: {sched_dep_time})]", 0.0), operator: *, right: (1.0, 1.0), result: 0.0}
列 'p' 不存在，对列 sched_dep_time 不过滤，直接选择所有非无效值。
clean_bool length:2
newest best op: Uniop(df,'sched_dep_time','06:45 AM',(['flight'], {('AA-404-MIA-MCO',)}),{left: ("[FunctionalDependency:(s: {flight}, t: {sched_dep_time})]", 0.0), operator: *, right: (1.0, 1.0), result: 0.0})
now error: 0.0
Block processing time: 0.040446 seconds
Computing Block 94 out of 100
Processing Block size=23
begin cleaner{left: ("[FunctionalDependency:(s: {flight}, t: {sched_dep_time})]", 0.0), operator: *, right: (1.0, 1.0), result: 0.0}
列 'p' 不存在，对列 sched_dep_time 不过滤，直接选择所有非无效值。
clean_bool length:2
newest best op: Uniop(df,'sched_dep_time','04:00 PM',(['flight'], {('UA-2726-FLL-PHL',)}),{left: ("[FunctionalDependency:(s: {flight}, t: {sched_dep_time})]", 0.0), operator: *, right: (1.0, 1.0), result: 0.0})
now error: 0.0
Block processing time: 0.034761 seconds
Computing Block 95 out of 100
Processing Block size=27
begin cleaner{left: ("[FunctionalDependency:(s: {flight}, t: {sched_dep_time})]", 0.0), operator: *, right: (1.0, 1.0), result: 0.0}
列 'p' 不存在，对列 sched_dep_time 不过滤，直接选择所有非无效值。
clean_bool length:2
newest best op: Uniop(df,'sched_dep_time','06:00 AM',(['flight'], {('AA-466-IAH-MIA',)}),{left: ("[FunctionalDependency:(s: {flight}, t: {sched_dep_time})]", 0.0), operator: *, right: (1.0, 1.0), result: 0.0})
now error: 0.0
Block processing time: 0.040323 seconds
Computing Block 96 out of 100
Processing Block size=26
begin cleaner{left: ("[FunctionalDependency:(s: {flight}, t: {sched_dep_time})]", 0.0), operator: *, right: (1.0, 1.0), result: 0.0}
列 'p' 不存在，对列 sched_dep_time 不过滤，直接选择所有非无效值。
clean_bool length:2
WARNING:root:No partitioning rule specified, processing might be slow
newest best op: Uniop(df,'sched_dep_time','03:05 PM',(['flight'], {('AA-85-JFK-SFO',)}),{left: ("[FunctionalDependency:(s: {flight}, t: {sched_dep_time})]", 0.0), operator: *, right: (1.0, 1.0), result: 0.0})
now error: 0.0
Block processing time: 0.039498 seconds
Computing Block 97 out of 100
Processing Block size=25
begin cleaner{left: ("[FunctionalDependency:(s: {flight}, t: {sched_dep_time})]", 0.0), operator: *, right: (1.0, 1.0), result: 0.0}
列 'p' 不存在，对列 sched_dep_time 不过滤，直接选择所有非无效值。
clean_bool length:2
newest best op: Uniop(df,'sched_dep_time','07:55 AM',(['flight'], {('AA-2957-DFW-CVG',)}),{left: ("[FunctionalDependency:(s: {flight}, t: {sched_dep_time})]", 0.0), operator: *, right: (1.0, 1.0), result: 0.0})
now error: 0.0
Block processing time: 0.035175 seconds
Computing Block 98 out of 100
Processing Block size=22
begin cleaner{left: ("[FunctionalDependency:(s: {flight}, t: {sched_dep_time})]", 0.0), operator: *, right: (1.0, 1.0), result: 0.0}
列 'p' 不存在，对列 sched_dep_time 不过滤，直接选择所有非无效值。
clean_bool length:2
newest best op: Uniop(df,'sched_dep_time','01:30 PM',(['flight'], {('AA-649-ORD-SNA',)}),{left: ("[FunctionalDependency:(s: {flight}, t: {sched_dep_time})]", 0.0), operator: *, right: (1.0, 1.0), result: 0.0})
now error: 0.0
Block processing time: 0.031877 seconds
Computing Block 99 out of 100
Processing Block size=23
begin cleaner{left: ("[FunctionalDependency:(s: {flight}, t: {sched_dep_time})]", 0.0), operator: *, right: (1.0, 1.0), result: 0.0}
列 'p' 不存在，对列 sched_dep_time 不过滤，直接选择所有非无效值。
clean_bool length:2
newest best op: Uniop(df,'sched_dep_time','11:55 PM',(['flight'], {('AA-1522-SFO-ORD',)}),{left: ("[FunctionalDependency:(s: {flight}, t: {sched_dep_time})]", 0.0), operator: *, right: (1.0, 1.0), result: 0.0})
now error: 0.0
Block processing time: 0.032597 seconds
Computing Block 100 out of 100
Processing Block size=21
begin cleaner{left: ("[FunctionalDependency:(s: {flight}, t: {sched_dep_time})]", 0.0), operator: *, right: (1.0, 1.0), result: 0.0}
列 'p' 不存在，对列 sched_dep_time 不过滤，直接选择所有非无效值。
clean_bool length:3
newest best op: Uniop(df,'sched_dep_time','01:55 PM',(['flight'], {('UA-843-LAX-ORD',)}),{left: ("[FunctionalDependency:(s: {flight}, t: {sched_dep_time})]", 0.0), operator: *, right: (1.0, 1.0), result: 0.0})
now error: 0.0
Block processing time: 0.045446 seconds
  当前节点: sched_dep_time 有 98 个清洗操作
  当前节点: act_dep_time 存在可用清洗信号
数据块大小: 2376
分块属性:
[['flight']]
Starting initial block mapping...
Initial number of blocks: 100
Final number of blocks after further splitting: 100
Computing Block 1 out of 100
Processing Block size=21
begin cleaner[FunctionalDependency:(s: {'flight'}, t: {'act_dep_time'})]*1.0
列 'p' 不存在，对列 act_dep_time 不过滤，直接选择所有非无效值。
clean_bool length:3
newest best op: Uniop(df,'act_dep_time','07:49 AM',(['flight'], {('UA-854-SFO-IAH',)}),{left: ("[FunctionalDependency:(s: {flight}, t: {act_dep_time})]", 0.0), operator: *, right: (1.0, 1.0), result: 0.0})
now error: 0.0
newest best op: Uniop(df,'act_dep_time','08:07 AM',(['flight'], {('UA-854-SFO-IAH',)}),{left: ("[FunctionalDependency:(s: {flight}, t: {act_dep_time})]", 0.0), operator: *, right: (1.0, 1.0), result: 0.0})
now error: 0.0
Block processing time: 0.049834 seconds
Computing Block 2 out of 100
Processing Block size=20
begin cleaner{left: ("[FunctionalDependency:(s: {flight}, t: {act_dep_time})]", 0.0), operator: *, right: (1.0, 1.0), result: 0.0}
列 'p' 不存在，对列 act_dep_time 不过滤，直接选择所有非无效值。
clean_bool length:4
newest best op: Uniop(df,'act_dep_time','08:12 AM',(['flight'], {('UA-3515-IAD-MSP',)}),{left: ("[FunctionalDependency:(s: {flight}, t: {act_dep_time})]", 0.0), operator: *, right: (1.0, 1.0), result: 0.0})
now error: 0.0
newest best op: Uniop(df,'act_dep_time','08:26 AM',(['flight'], {('UA-3515-IAD-MSP',)}),{left: ("[FunctionalDependency:(s: {flight}, t: {act_dep_time})]", 0.0), operator: *, right: (1.0, 1.0), result: 0.0})
now error: 0.0
Block processing time: 0.063401 seconds
Computing Block 3 out of 100
Processing Block size=18
begin cleaner{left: ("[FunctionalDependency:(s: {flight}, t: {act_dep_time})]", 0.0), operator: *, right: (1.0, 1.0), result: 0.0}
列 'p' 不存在，对列 act_dep_time 不过滤，直接选择所有非无效值。
clean_bool length:5
newest best op: Uniop(df,'act_dep_time','01:45 PM',(['flight'], {('UA-858-PVG-SFO',)}),{left: ("[FunctionalDependency:(s: {flight}, t: {act_dep_time})]", 0.0), operator: *, right: (1.0, 1.0), result: 0.0})
now error: 0.0
Block processing time: 0.070317 seconds
Computing Block 4 out of 100
Processing Block size=27
begin cleaner{left: ("[FunctionalDependency:(s: {flight}, t: {act_dep_time})]", 0.0), operator: *, right: (1.0, 1.0), result: 0.0}
列 'p' 不存在，对列 act_dep_time 不过滤，直接选择所有非无效值。
clean_bool length:5
newest best op: Uniop(df,'act_dep_time','09:00 AM',(['flight'], {('UA-3925-IAD-ORF',)}),{left: ("[FunctionalDependency:(s: {flight}, t: {act_dep_time})]", 0.0), operator: *, right: (1.0, 1.0), result: 0.0})
now error: 0.0
newest best op: Uniop(df,'act_dep_time','09:01 AM',(['flight'], {('UA-3925-IAD-ORF',)}),{left: ("[FunctionalDependency:(s: {flight}, t: {act_dep_time})]", 0.0), operator: *, right: (1.0, 1.0), result: 0.0})
now error: 0.0
Block processing time: 0.102048 seconds
Computing Block 5 out of 100
Processing Block size=27
begin cleaner{left: ("[FunctionalDependency:(s: {flight}, t: {act_dep_time})]", 0.0), operator: *, right: (1.0, 1.0), result: 0.0}
列 'p' 不存在，对列 act_dep_time 不过滤，直接选择所有非无效值。
clean_bool length:4
newest best op: Uniop(df,'act_dep_time','07:59 PM',(['flight'], {('AA-1733-ORD-PHX',)}),{left: ("[FunctionalDependency:(s: {flight}, t: {act_dep_time})]", 0.0), operator: *, right: (1.0, 1.0), result: 0.0})
now error: 0.0
Block processing time: 0.079591 seconds
Computing Block 6 out of 100
Processing Block size=25
begin cleaner{left: ("[FunctionalDependency:(s: {flight}, t: {act_dep_time})]", 0.0), operator: *, right: (1.0, 1.0), result: 0.0}
列 'p' 不存在，对列 act_dep_time 不过滤，直接选择所有非无效值。
clean_bool length:4
newest best op: Uniop(df,'act_dep_time','03:28 PM',(['flight'], {('AA-1917-JFK-MCO',)}),{left: ("[FunctionalDependency:(s: {flight}, t: {act_dep_time})]", 0.0), operator: *, right: (1.0, 1.0), result: 0.0})
now error: 0.0
Block processing time: 0.087165 seconds
Computing Block 7 out of 100
Processing Block size=26
begin cleaner{left: ("[FunctionalDependency:(s: {flight}, t: {act_dep_time})]", 0.0), operator: *, right: (1.0, 1.0), result: 0.0}
列 'p' 不存在，对列 act_dep_time 不过滤，直接选择所有非无效值。
clean_bool length:4
newest best op: Uniop(df,'act_dep_time','10:19 AM',(['flight'], {('AA-1664-MIA-ATL',)}),{left: ("[FunctionalDependency:(s: {flight}, t: {act_dep_time})]", 0.0), operator: *, right: (1.0, 1.0), result: 0.0})
now error: 0.0
Block processing time: 0.090451 seconds
Computing Block 8 out of 100
Processing Block size=21
begin cleaner{left: ("[FunctionalDependency:(s: {flight}, t: {act_dep_time})]", 0.0), operator: *, right: (1.0, 1.0), result: 0.0}
列 'p' 不存在，对列 act_dep_time 不过滤，直接选择所有非无效值。
clean_bool length:4
newest best op: Uniop(df,'act_dep_time','02:46 PM',(['flight'], {('UA-2314-ATL-PHL',)}),{left: ("[FunctionalDependency:(s: {flight}, t: {act_dep_time})]", 0.0), operator: *, right: (1.0, 1.0), result: 0.0})
now error: 0.0
newest best op: Uniop(df,'act_dep_time','03:04 PM',(['flight'], {('UA-2314-ATL-PHL',)}),{left: ("[FunctionalDependency:(s: {flight}, t: {act_dep_time})]", 0.0), operator: *, right: (1.0, 1.0), result: 0.0})
now error: 0.0
Block processing time: 0.066222 seconds
Computing Block 9 out of 100
Processing Block size=26
begin cleaner{left: ("[FunctionalDependency:(s: {flight}, t: {act_dep_time})]", 0.0), operator: *, right: (1.0, 1.0), result: 0.0}
列 'p' 不存在，对列 act_dep_time 不过滤，直接选择所有非无效值。
clean_bool length:3
newest best op: Uniop(df,'act_dep_time','07:28 AM',(['flight'], {('AA-3979-CVG-ORD',)}),{left: ("[FunctionalDependency:(s: {flight}, t: {act_dep_time})]", 0.0), operator: *, right: (1.0, 1.0), result: 0.0})
now error: 0.0
newest best op: Uniop(df,'act_dep_time','08:04 AM',(['flight'], {('AA-3979-CVG-ORD',)}),{left: ("[FunctionalDependency:(s: {flight}, t: {act_dep_time})]", 0.0), operator: *, right: (1.0, 1.0), result: 0.0})
now error: 0.0
Block processing time: 0.058049 seconds
Computing Block 10 out of 100
Processing Block size=28
begin cleaner{left: ("[FunctionalDependency:(s: {flight}, t: {act_dep_time})]", 0.0), operator: *, right: (1.0, 1.0), result: 0.0}
列 'p' 不存在，对列 act_dep_time 不过滤，直接选择所有非无效值。
clean_bool length:4
newest best op: Uniop(df,'act_dep_time','11:05 AM',(['flight'], {('AA-2050-ORD-MIA',)}),{left: ("[FunctionalDependency:(s: {flight}, t: {act_dep_time})]", 0.0), operator: *, right: (1.0, 1.0), result: 0.0})
now error: 0.0
newest best op: Uniop(df,'act_dep_time','11:06 AM',(['flight'], {('AA-2050-ORD-MIA',)}),{left: ("[FunctionalDependency:(s: {flight}, t: {act_dep_time})]", 0.0), operator: *, right: (1.0, 1.0), result: 0.0})
now error: 0.0
Block processing time: 0.084624 seconds
Computing Block 11 out of 100
Processing Block size=27
begin cleaner{left: ("[FunctionalDependency:(s: {flight}, t: {act_dep_time})]", 0.0), operator: *, right: (1.0, 1.0), result: 0.0}
列 'p' 不存在，对列 act_dep_time 不过滤，直接选择所有非无效值。
clean_bool length:4
newest best op: Uniop(df,'act_dep_time','08:51 AM',(['flight'], {('AA-431-MIA-SFO',)}),{left: ("[FunctionalDependency:(s: {flight}, t: {act_dep_time})]", 0.0), operator: *, right: (1.0, 1.0), result: 0.0})
now error: 0.0
newest best op: Uniop(df,'act_dep_time','08:52 AM',(['flight'], {('AA-431-MIA-SFO',)}),{left: ("[FunctionalDependency:(s: {flight}, t: {act_dep_time})]", 0.0), operator: *, right: (1.0, 1.0), result: 0.0})
now error: 0.0
Block processing time: 0.081298 seconds
Computing Block 12 out of 100
Processing Block size=26
begin cleaner{left: ("[FunctionalDependency:(s: {flight}, t: {act_dep_time})]", 0.0), operator: *, right: (1.0, 1.0), result: 0.0}
列 'p' 不存在，对列 act_dep_time 不过滤，直接选择所有非无效值。
clean_bool length:4
newest best op: Uniop(df,'act_dep_time','11:54 AM',(['flight'], {('AA-446-DFW-PHL',)}),{left: ("[FunctionalDependency:(s: {flight}, t: {act_dep_time})]", 0.0), operator: *, right: (1.0, 1.0), result: 0.0})
now error: 0.0
newest best op: Uniop(df,'act_dep_time','12:13 PM',(['flight'], {('AA-446-DFW-PHL',)}),{left: ("[FunctionalDependency:(s: {flight}, t: {act_dep_time})]", 0.0), operator: *, right: (1.0, 1.0), result: 0.0})
now error: 0.0
Block processing time: 0.076924 seconds
Computing Block 13 out of 100
Processing Block size=21
begin cleaner{left: ("[FunctionalDependency:(s: {flight}, t: {act_dep_time})]", 0.0), operator: *, right: (1.0, 1.0), result: 0.0}
列 'p' 不存在，对列 act_dep_time 不过滤，直接选择所有非无效值。
clean_bool length:3
newest best op: Uniop(df,'act_dep_time','03:31 PM',(['flight'], {('CO-50-CLE-EWR',)}),{left: ("[FunctionalDependency:(s: {flight}, t: {act_dep_time})]", 0.0), operator: *, right: (1.0, 1.0), result: 0.0})
now error: 0.0
Block processing time: 0.046783 seconds
Computing Block 14 out of 100
Processing Block size=25
begin cleaner{left: ("[FunctionalDependency:(s: {flight}, t: {act_dep_time})]", 0.0), operator: *, right: (1.0, 1.0), result: 0.0}
列 'p' 不存在，对列 act_dep_time 不过滤，直接选择所有非无效值。
clean_bool length:3
newest best op: Uniop(df,'act_dep_time','11:30 AM',(['flight'], {('UA-3050-PHX-CLT',)}),{left: ("[FunctionalDependency:(s: {flight}, t: {act_dep_time})]", 0.0), operator: *, right: (1.0, 1.0), result: 0.0})
now error: 0.0
newest best op: Uniop(df,'act_dep_time','11:45 AM',(['flight'], {('UA-3050-PHX-CLT',)}),{left: ("[FunctionalDependency:(s: {flight}, t: {act_dep_time})]", 0.0), operator: *, right: (1.0, 1.0), result: 0.0})
now error: 0.0
Block processing time: 0.055379 seconds
Computing Block 15 out of 100
Processing Block size=21
begin cleaner{left: ("[FunctionalDependency:(s: {flight}, t: {act_dep_time})]", 0.0), operator: *, right: (1.0, 1.0), result: 0.0}
列 'p' 不存在，对列 act_dep_time 不过滤，直接选择所有非无效值。
clean_bool length:3
newest best op: Uniop(df,'act_dep_time','07:41 AM',(['flight'], {('UA-6273-YYC-SFO',)}),{left: ("[FunctionalDependency:(s: {flight}, t: {act_dep_time})]", 0.0), operator: *, right: (1.0, 1.0), result: 0.0})
now error: 0.0
Block processing time: 0.04648 seconds
Computing Block 16 out of 100
Processing Block size=27
begin cleaner{left: ("[FunctionalDependency:(s: {flight}, t: {act_dep_time})]", 0.0), operator: *, right: (1.0, 1.0), result: 0.0}
列 'p' 不存在，对列 act_dep_time 不过滤，直接选择所有非无效值。
clean_bool length:4
newest best op: Uniop(df,'act_dep_time','05:59 AM',(['flight'], {('AA-3842-MSP-ORD',)}),{left: ("[FunctionalDependency:(s: {flight}, t: {act_dep_time})]", 0.0), operator: *, right: (1.0, 1.0), result: 0.0})
now error: 0.0
newest best op: Uniop(df,'act_dep_time','06:56 AM',(['flight'], {('AA-3842-MSP-ORD',)}),{left: ("[FunctionalDependency:(s: {flight}, t: {act_dep_time})]", 0.0), operator: *, right: (1.0, 1.0), result: 0.0})
now error: 0.0
Block processing time: 0.085877 seconds
Computing Block 17 out of 100
Processing Block size=20
begin cleaner{left: ("[FunctionalDependency:(s: {flight}, t: {act_dep_time})]", 0.0), operator: *, right: (1.0, 1.0), result: 0.0}
列 'p' 不存在，对列 act_dep_time 不过滤，直接选择所有非无效值。
clean_bool length:3
newest best op: Uniop(df,'act_dep_time','08:52 AM',(['flight'], {('UA-37-EDI-EWR',)}),{left: ("[FunctionalDependency:(s: {flight}, t: {act_dep_time})]", 0.0), operator: *, right: (1.0, 1.0), result: 0.0})
now error: 0.0
newest best op: Uniop(df,'act_dep_time','09:05 AM',(['flight'], {('UA-37-EDI-EWR',)}),{left: ("[FunctionalDependency:(s: {flight}, t: {act_dep_time})]", 0.0), operator: *, right: (1.0, 1.0), result: 0.0})
now error: 0.0
Block processing time: 0.050213 seconds
Computing Block 18 out of 100
Processing Block size=22
begin cleaner{left: ("[FunctionalDependency:(s: {flight}, t: {act_dep_time})]", 0.0), operator: *, right: (1.0, 1.0), result: 0.0}
列 'p' 不存在，对列 act_dep_time 不过滤，直接选择所有非无效值。
clean_bool length:4
newest best op: Uniop(df,'act_dep_time','06:11 PM',(['flight'], {('CO-4888-IAH-DAL',)}),{left: ("[FunctionalDependency:(s: {flight}, t: {act_dep_time})]", 0.0), operator: *, right: (1.0, 1.0), result: 0.0})
now error: 0.0
newest best op: Uniop(df,'act_dep_time','05:30 PM',(['flight'], {('CO-4888-IAH-DAL',)}),{left: ("[FunctionalDependency:(s: {flight}, t: {act_dep_time})]", 0.0), operator: *, right: (1.0, 1.0), result: 0.0})
now error: 0.0
newest best op: Uniop(df,'act_dep_time','05:38 PM',(['flight'], {('CO-4888-IAH-DAL',)}),{left: ("[FunctionalDependency:(s: {flight}, t: {act_dep_time})]", 0.0), operator: *, right: (1.0, 1.0), result: 0.0})
now error: 0.0
Block processing time: 0.069541 seconds
Computing Block 19 out of 100
Processing Block size=25
begin cleaner{left: ("[FunctionalDependency:(s: {flight}, t: {act_dep_time})]", 0.0), operator: *, right: (1.0, 1.0), result: 0.0}
列 'p' 不存在，对列 act_dep_time 不过滤，直接选择所有非无效值。
clean_bool length:4
newest best op: Uniop(df,'act_dep_time','06:56 AM',(['flight'], {('AA-1165-JFK-MIA',)}),{left: ("[FunctionalDependency:(s: {flight}, t: {act_dep_time})]", 0.0), operator: *, right: (1.0, 1.0), result: 0.0})
now error: 0.0
newest best op: Uniop(df,'act_dep_time','07:22 AM',(['flight'], {('AA-1165-JFK-MIA',)}),{left: ("[FunctionalDependency:(s: {flight}, t: {act_dep_time})]", 0.0), operator: *, right: (1.0, 1.0), result: 0.0})
now error: 0.0
newest best op: Uniop(df,'act_dep_time','07:23 AM',(['flight'], {('AA-1165-JFK-MIA',)}),{left: ("[FunctionalDependency:(s: {flight}, t: {act_dep_time})]", 0.0), operator: *, right: (1.0, 1.0), result: 0.0})
now error: 0.0
Block processing time: 0.074538 seconds
Computing Block 20 out of 100
Processing Block size=24
begin cleaner{left: ("[FunctionalDependency:(s: {flight}, t: {act_dep_time})]", 0.0), operator: *, right: (1.0, 1.0), result: 0.0}
列 'p' 不存在，对列 act_dep_time 不过滤，直接选择所有非无效值。
clean_bool length:5
newest best op: Uniop(df,'act_dep_time','12:08 PM',(['flight'], {('UA-2945-PHL-CLT',)}),{left: ("[FunctionalDependency:(s: {flight}, t: {act_dep_time})]", 0.0), operator: *, right: (1.0, 1.0), result: 0.0})
now error: 0.0
Block processing time: 0.09108 seconds
Computing Block 21 out of 100
Processing Block size=25
begin cleaner{left: ("[FunctionalDependency:(s: {flight}, t: {act_dep_time})]", 0.0), operator: *, right: (1.0, 1.0), result: 0.0}
列 'p' 不存在，对列 act_dep_time 不过滤，直接选择所有非无效值。
clean_bool length:3
newest best op: Uniop(df,'act_dep_time','11:33 AM',(['flight'], {('AA-271-MIA-LAX',)}),{left: ("[FunctionalDependency:(s: {flight}, t: {act_dep_time})]", 0.0), operator: *, right: (1.0, 1.0), result: 0.0})
now error: 0.0
newest best op: Uniop(df,'act_dep_time','11:52 AM',(['flight'], {('AA-271-MIA-LAX',)}),{left: ("[FunctionalDependency:(s: {flight}, t: {act_dep_time})]", 0.0), operator: *, right: (1.0, 1.0), result: 0.0})
now error: 0.0
Block processing time: 0.057581 seconds
Computing Block 22 out of 100
Processing Block size=21
begin cleaner{left: ("[FunctionalDependency:(s: {flight}, t: {act_dep_time})]", 0.0), operator: *, right: (1.0, 1.0), result: 0.0}
列 'p' 不存在，对列 act_dep_time 不过滤，直接选择所有非无效值。
clean_bool length:5
newest best op: Uniop(df,'act_dep_time','07:07 AM',(['flight'], {('UA-2515-DFW-CLT',)}),{left: ("[FunctionalDependency:(s: {flight}, t: {act_dep_time})]", 0.0), operator: *, right: (1.0, 1.0), result: 0.0})
now error: 0.0
newest best op: Uniop(df,'act_dep_time','07:30 AM',(['flight'], {('UA-2515-DFW-CLT',)}),{left: ("[FunctionalDependency:(s: {flight}, t: {act_dep_time})]", 0.0), operator: *, right: (1.0, 1.0), result: 0.0})
now error: 0.0
newest best op: Uniop(df,'act_dep_time','07:31 AM',(['flight'], {('UA-2515-DFW-CLT',)}),{left: ("[FunctionalDependency:(s: {flight}, t: {act_dep_time})]", 0.0), operator: *, right: (1.0, 1.0), result: 0.0})
now error: 0.0
Block processing time: 0.079274 seconds
Computing Block 23 out of 100
Processing Block size=21
begin cleaner{left: ("[FunctionalDependency:(s: {flight}, t: {act_dep_time})]", 0.0), operator: *, right: (1.0, 1.0), result: 0.0}
列 'p' 不存在，对列 act_dep_time 不过滤，直接选择所有非无效值。
clean_bool length:3
newest best op: Uniop(df,'act_dep_time','02:59 PM',(['flight'], {('CO-62-IAH-EWR',)}),{left: ("[FunctionalDependency:(s: {flight}, t: {act_dep_time})]", 0.0), operator: *, right: (1.0, 1.0), result: 0.0})
now error: 0.0
newest best op: Uniop(df,'act_dep_time','02:48 PM',(['flight'], {('CO-62-IAH-EWR',)}),{left: ("[FunctionalDependency:(s: {flight}, t: {act_dep_time})]", 0.0), operator: *, right: (1.0, 1.0), result: 0.0})
now error: 0.0
Block processing time: 0.047461 seconds
Computing Block 24 out of 100
Processing Block size=24
begin cleaner{left: ("[FunctionalDependency:(s: {flight}, t: {act_dep_time})]", 0.0), operator: *, right: (1.0, 1.0), result: 0.0}
列 'p' 不存在，对列 act_dep_time 不过滤，直接选择所有非无效值。
clean_bool length:4
newest best op: Uniop(df,'act_dep_time','10:47 AM',(['flight'], {('AA-400-DFW-JFK',)}),{left: ("[FunctionalDependency:(s: {flight}, t: {act_dep_time})]", 0.0), operator: *, right: (1.0, 1.0), result: 0.0})
now error: 0.0
newest best op: Uniop(df,'act_dep_time','11:02 AM',(['flight'], {('AA-400-DFW-JFK',)}),{left: ("[FunctionalDependency:(s: {flight}, t: {act_dep_time})]", 0.0), operator: *, right: (1.0, 1.0), result: 0.0})
now error: 0.0
Block processing time: 0.077315 seconds
Computing Block 25 out of 100
Processing Block size=20
begin cleaner{left: ("[FunctionalDependency:(s: {flight}, t: {act_dep_time})]", 0.0), operator: *, right: (1.0, 1.0), result: 0.0}
列 'p' 不存在，对列 act_dep_time 不过滤，直接选择所有非无效值。
clean_bool length:3
newest best op: Uniop(df,'act_dep_time','11:32 AM',(['flight'], {('CO-58-DEN-IAH',)}),{left: ("[FunctionalDependency:(s: {flight}, t: {act_dep_time})]", 0.0), operator: *, right: (1.0, 1.0), result: 0.0})
now error: 0.0
Block processing time: 0.048648 seconds
Computing Block 26 out of 100
Processing Block size=26
begin cleaner{left: ("[FunctionalDependency:(s: {flight}, t: {act_dep_time})]", 0.0), operator: *, right: (1.0, 1.0), result: 0.0}
列 'p' 不存在，对列 act_dep_time 不过滤，直接选择所有非无效值。
clean_bool length:3
newest best op: Uniop(df,'act_dep_time','07:25 PM',(['flight'], {('CO-1694-LAX-IAH',)}),{left: ("[FunctionalDependency:(s: {flight}, t: {act_dep_time})]", 0.0), operator: *, right: (1.0, 1.0), result: 0.0})
now error: 0.0
Block processing time: 0.059413 seconds
Computing Block 27 out of 100
Processing Block size=28
begin cleaner{left: ("[FunctionalDependency:(s: {flight}, t: {act_dep_time})]", 0.0), operator: *, right: (1.0, 1.0), result: 0.0}
列 'p' 不存在，对列 act_dep_time 不过滤，直接选择所有非无效值。
clean_bool length:3
newest best op: Uniop(df,'act_dep_time','03:52 PM',(['flight'], {('AA-3786-IAH-ORD',)}),{left: ("[FunctionalDependency:(s: {flight}, t: {act_dep_time})]", 0.0), operator: *, right: (1.0, 1.0), result: 0.0})
now error: 0.0
newest best op: Uniop(df,'act_dep_time','04:12 PM',(['flight'], {('AA-3786-IAH-ORD',)}),{left: ("[FunctionalDependency:(s: {flight}, t: {act_dep_time})]", 0.0), operator: *, right: (1.0, 1.0), result: 0.0})
now error: 0.0
Block processing time: 0.063647 seconds
Computing Block 28 out of 100
Processing Block size=23
begin cleaner{left: ("[FunctionalDependency:(s: {flight}, t: {act_dep_time})]", 0.0), operator: *, right: (1.0, 1.0), result: 0.0}
列 'p' 不存在，对列 act_dep_time 不过滤，直接选择所有非无效值。
clean_bool length:3
newest best op: Uniop(df,'act_dep_time','03:36 PM',(['flight'], {('AA-4330-CVG-ORD',)}),{left: ("[FunctionalDependency:(s: {flight}, t: {act_dep_time})]", 0.0), operator: *, right: (1.0, 1.0), result: 0.0})
now error: 0.0
Block processing time: 0.052684 seconds
Computing Block 29 out of 100
Processing Block size=26
begin cleaner{left: ("[FunctionalDependency:(s: {flight}, t: {act_dep_time})]", 0.0), operator: *, right: (1.0, 1.0), result: 0.0}
列 'p' 不存在，对列 act_dep_time 不过滤，直接选择所有非无效值。
clean_bool length:4
newest best op: Uniop(df,'act_dep_time','09:59 AM',(['flight'], {('AA-616-DFW-DTW',)}),{left: ("[FunctionalDependency:(s: {flight}, t: {act_dep_time})]", 0.0), operator: *, right: (1.0, 1.0), result: 0.0})
now error: 0.0
newest best op: Uniop(df,'act_dep_time','10:10 AM',(['flight'], {('AA-616-DFW-DTW',)}),{left: ("[FunctionalDependency:(s: {flight}, t: {act_dep_time})]", 0.0), operator: *, right: (1.0, 1.0), result: 0.0})
now error: 0.0
newest best op: Uniop(df,'act_dep_time','10:11 AM',(['flight'], {('AA-616-DFW-DTW',)}),{left: ("[FunctionalDependency:(s: {flight}, t: {act_dep_time})]", 0.0), operator: *, right: (1.0, 1.0), result: 0.0})
now error: 0.0
Block processing time: 0.087651 seconds
Computing Block 30 out of 100
Processing Block size=20
begin cleaner{left: ("[FunctionalDependency:(s: {flight}, t: {act_dep_time})]", 0.0), operator: *, right: (1.0, 1.0), result: 0.0}
列 'p' 不存在，对列 act_dep_time 不过滤，直接选择所有非无效值。
clean_bool length:3
newest best op: Uniop(df,'act_dep_time','01:43 PM',(['flight'], {('UA-248-PHX-ORD',)}),{left: ("[FunctionalDependency:(s: {flight}, t: {act_dep_time})]", 0.0), operator: *, right: (1.0, 1.0), result: 0.0})
now error: 0.0
Block processing time: 0.047468 seconds
Computing Block 31 out of 100
Processing Block size=21
begin cleaner{left: ("[FunctionalDependency:(s: {flight}, t: {act_dep_time})]", 0.0), operator: *, right: (1.0, 1.0), result: 0.0}
列 'p' 不存在，对列 act_dep_time 不过滤，直接选择所有非无效值。
clean_bool length:4
newest best op: Uniop(df,'act_dep_time','05:08 PM',(['flight'], {('AA-1007-MIA-PHX',)}),{left: ("[FunctionalDependency:(s: {flight}, t: {act_dep_time})]", 0.0), operator: *, right: (1.0, 1.0), result: 0.0})
now error: 0.0
newest best op: Uniop(df,'act_dep_time','05:09 PM',(['flight'], {('AA-1007-MIA-PHX',)}),{left: ("[FunctionalDependency:(s: {flight}, t: {act_dep_time})]", 0.0), operator: *, right: (1.0, 1.0), result: 0.0})
now error: 0.0
Block processing time: 0.065544 seconds
Computing Block 32 out of 100
Processing Block size=26
begin cleaner{left: ("[FunctionalDependency:(s: {flight}, t: {act_dep_time})]", 0.0), operator: *, right: (1.0, 1.0), result: 0.0}
列 'p' 不存在，对列 act_dep_time 不过滤，直接选择所有非无效值。
clean_bool length:4
newest best op: Uniop(df,'act_dep_time','12:42 PM',(['flight'], {('AA-3756-ORD-SLC',)}),{left: ("[FunctionalDependency:(s: {flight}, t: {act_dep_time})]", 0.0), operator: *, right: (1.0, 1.0), result: 0.0})
now error: 0.0
Block processing time: 0.07837 seconds
Computing Block 33 out of 100
Processing Block size=28
begin cleaner{left: ("[FunctionalDependency:(s: {flight}, t: {act_dep_time})]", 0.0), operator: *, right: (1.0, 1.0), result: 0.0}
列 'p' 不存在，对列 act_dep_time 不过滤，直接选择所有非无效值。
clean_bool length:4
newest best op: Uniop(df,'act_dep_time','06:56 PM',(['flight'], {('AA-4307-ORD-DTW',)}),{left: ("[FunctionalDependency:(s: {flight}, t: {act_dep_time})]", 0.0), operator: *, right: (1.0, 1.0), result: 0.0})
now error: 0.0
Block processing time: 0.086011 seconds
Computing Block 34 out of 100
Processing Block size=27
begin cleaner{left: ("[FunctionalDependency:(s: {flight}, t: {act_dep_time})]", 0.0), operator: *, right: (1.0, 1.0), result: 0.0}
列 'p' 不存在，对列 act_dep_time 不过滤，直接选择所有非无效值。
clean_bool length:5
newest best op: Uniop(df,'act_dep_time','02:26 PM',(['flight'], {('UA-257-JFK-SFO',)}),{left: ("[FunctionalDependency:(s: {flight}, t: {act_dep_time})]", 0.0), operator: *, right: (1.0, 1.0), result: 0.0})
now error: 0.0
newest best op: Uniop(df,'act_dep_time','02:43 PM',(['flight'], {('UA-257-JFK-SFO',)}),{left: ("[FunctionalDependency:(s: {flight}, t: {act_dep_time})]", 0.0), operator: *, right: (1.0, 1.0), result: 0.0})
now error: 0.0
Block processing time: 0.106379 seconds
Computing Block 35 out of 100
Processing Block size=25
begin cleaner{left: ("[FunctionalDependency:(s: {flight}, t: {act_dep_time})]", 0.0), operator: *, right: (1.0, 1.0), result: 0.0}
列 'p' 不存在，对列 act_dep_time 不过滤，直接选择所有非无效值。
clean_bool length:4
newest best op: Uniop(df,'act_dep_time','11:29 PM',(['flight'], {('AA-204-LAX-MCO',)}),{left: ("[FunctionalDependency:(s: {flight}, t: {act_dep_time})]", 0.0), operator: *, right: (1.0, 1.0), result: 0.0})
now error: 0.0
Block processing time: 0.077645 seconds
Computing Block 36 out of 100
Processing Block size=22
begin cleaner{left: ("[FunctionalDependency:(s: {flight}, t: {act_dep_time})]", 0.0), operator: *, right: (1.0, 1.0), result: 0.0}
列 'p' 不存在，对列 act_dep_time 不过滤，直接选择所有非无效值。
clean_bool length:3
newest best op: Uniop(df,'act_dep_time','03:01 PM',(['flight'], {('CO-1250-MIA-IAH',)}),{left: ("[FunctionalDependency:(s: {flight}, t: {act_dep_time})]", 0.0), operator: *, right: (1.0, 1.0), result: 0.0})
now error: 0.0
Block processing time: 0.048736 seconds
Computing Block 37 out of 100
Processing Block size=22
begin cleaner{left: ("[FunctionalDependency:(s: {flight}, t: {act_dep_time})]", 0.0), operator: *, right: (1.0, 1.0), result: 0.0}
列 'p' 不存在，对列 act_dep_time 不过滤，直接选择所有非无效值。
clean_bool length:4
newest best op: Uniop(df,'act_dep_time','11:41 AM',(['flight'], {('AA-1544-SAN-ORD',)}),{left: ("[FunctionalDependency:(s: {flight}, t: {act_dep_time})]", 0.0), operator: *, right: (1.0, 1.0), result: 0.0})
now error: 0.0
Block processing time: 0.065184 seconds
Computing Block 38 out of 100
Processing Block size=25
begin cleaner{left: ("[FunctionalDependency:(s: {flight}, t: {act_dep_time})]", 0.0), operator: *, right: (1.0, 1.0), result: 0.0}
列 'p' 不存在，对列 act_dep_time 不过滤，直接选择所有非无效值。
clean_bool length:4
newest best op: Uniop(df,'act_dep_time','10:55 AM',(['flight'], {('AA-4198-ORD-CLE',)}),{left: ("[FunctionalDependency:(s: {flight}, t: {act_dep_time})]", 0.0), operator: *, right: (1.0, 1.0), result: 0.0})
now error: 0.0
Block processing time: 0.073967 seconds
Computing Block 39 out of 100
Processing Block size=24
begin cleaner{left: ("[FunctionalDependency:(s: {flight}, t: {act_dep_time})]", 0.0), operator: *, right: (1.0, 1.0), result: 0.0}
列 'p' 不存在，对列 act_dep_time 不过滤，直接选择所有非无效值。
clean_bool length:5
newest best op: Uniop(df,'act_dep_time','12:30 PM',(['flight'], {('UA-382-IAD-LAX',)}),{left: ("[FunctionalDependency:(s: {flight}, t: {act_dep_time})]", 0.0), operator: *, right: (1.0, 1.0), result: 0.0})
now error: 0.0
newest best op: Uniop(df,'act_dep_time','12:35 PM',(['flight'], {('UA-382-IAD-LAX',)}),{left: ("[FunctionalDependency:(s: {flight}, t: {act_dep_time})]", 0.0), operator: *, right: (1.0, 1.0), result: 0.0})
now error: 0.0
newest best op: Uniop(df,'act_dep_time','12:56 PM',(['flight'], {('UA-382-IAD-LAX',)}),{left: ("[FunctionalDependency:(s: {flight}, t: {act_dep_time})]", 0.0), operator: *, right: (1.0, 1.0), result: 0.0})
now error: 0.0
Block processing time: 0.090247 seconds
Computing Block 40 out of 100
Processing Block size=27
begin cleaner{left: ("[FunctionalDependency:(s: {flight}, t: {act_dep_time})]", 0.0), operator: *, right: (1.0, 1.0), result: 0.0}
列 'p' 不存在，对列 act_dep_time 不过滤，直接选择所有非无效值。
clean_bool length:3
newest best op: Uniop(df,'act_dep_time','07:02 AM',(['flight'], {('AA-3859-IAH-ORD',)}),{left: ("[FunctionalDependency:(s: {flight}, t: {act_dep_time})]", 0.0), operator: *, right: (1.0, 1.0), result: 0.0})
now error: 0.0
newest best op: Uniop(df,'act_dep_time','07:16 AM',(['flight'], {('AA-3859-IAH-ORD',)}),{left: ("[FunctionalDependency:(s: {flight}, t: {act_dep_time})]", 0.0), operator: *, right: (1.0, 1.0), result: 0.0})
now error: 0.0
Block processing time: 0.060895 seconds
Computing Block 41 out of 100
Processing Block size=21
begin cleaner{left: ("[FunctionalDependency:(s: {flight}, t: {act_dep_time})]", 0.0), operator: *, right: (1.0, 1.0), result: 0.0}
列 'p' 不存在，对列 act_dep_time 不过滤，直接选择所有非无效值。
clean_bool length:3
newest best op: Uniop(df,'act_dep_time','10:20 AM',(['flight'], {('CO-16-LAX-EWR',)}),{left: ("[FunctionalDependency:(s: {flight}, t: {act_dep_time})]", 0.0), operator: *, right: (1.0, 1.0), result: 0.0})
now error: 0.0
Block processing time: 0.048905 seconds
Computing Block 42 out of 100
Processing Block size=23
begin cleaner{left: ("[FunctionalDependency:(s: {flight}, t: {act_dep_time})]", 0.0), operator: *, right: (1.0, 1.0), result: 0.0}
列 'p' 不存在，对列 act_dep_time 不过滤，直接选择所有非无效值。
clean_bool length:4
newest best op: Uniop(df,'act_dep_time','08:35 AM',(['flight'], {('UA-3373-IAD-PHL',)}),{left: ("[FunctionalDependency:(s: {flight}, t: {act_dep_time})]", 0.0), operator: *, right: (1.0, 1.0), result: 0.0})
now error: 0.0
newest best op: Uniop(df,'act_dep_time','08:26 AM',(['flight'], {('UA-3373-IAD-PHL',)}),{left: ("[FunctionalDependency:(s: {flight}, t: {act_dep_time})]", 0.0), operator: *, right: (1.0, 1.0), result: 0.0})
now error: 0.0
newest best op: Uniop(df,'act_dep_time','08:37 AM',(['flight'], {('UA-3373-IAD-PHL',)}),{left: ("[FunctionalDependency:(s: {flight}, t: {act_dep_time})]", 0.0), operator: *, right: (1.0, 1.0), result: 0.0})
now error: 0.0
Block processing time: 0.070452 seconds
Computing Block 43 out of 100
Processing Block size=21
begin cleaner{left: ("[FunctionalDependency:(s: {flight}, t: {act_dep_time})]", 0.0), operator: *, right: (1.0, 1.0), result: 0.0}
列 'p' 不存在，对列 act_dep_time 不过滤，直接选择所有非无效值。
clean_bool length:4
newest best op: Uniop(df,'act_dep_time','01:48 PM',(['flight'], {('UA-37-EWR-MCO',)}),{left: ("[FunctionalDependency:(s: {flight}, t: {act_dep_time})]", 0.0), operator: *, right: (1.0, 1.0), result: 0.0})
now error: 0.0
newest best op: Uniop(df,'act_dep_time','02:01 PM',(['flight'], {('UA-37-EWR-MCO',)}),{left: ("[FunctionalDependency:(s: {flight}, t: {act_dep_time})]", 0.0), operator: *, right: (1.0, 1.0), result: 0.0})
now error: 0.0
Block processing time: 0.066072 seconds
Computing Block 44 out of 100
Processing Block size=21
begin cleaner{left: ("[FunctionalDependency:(s: {flight}, t: {act_dep_time})]", 0.0), operator: *, right: (1.0, 1.0), result: 0.0}
列 'p' 不存在，对列 act_dep_time 不过滤，直接选择所有非无效值。
clean_bool length:4
newest best op: Uniop(df,'act_dep_time','03:50 PM',(['flight'], {('UA-2830-MCO-CLT',)}),{left: ("[FunctionalDependency:(s: {flight}, t: {act_dep_time})]", 0.0), operator: *, right: (1.0, 1.0), result: 0.0})
now error: 0.0
Block processing time: 0.065961 seconds
Computing Block 45 out of 100
Processing Block size=24
begin cleaner{left: ("[FunctionalDependency:(s: {flight}, t: {act_dep_time})]", 0.0), operator: *, right: (1.0, 1.0), result: 0.0}
列 'p' 不存在，对列 act_dep_time 不过滤，直接选择所有非无效值。
clean_bool length:4
newest best op: Uniop(df,'act_dep_time','07:31 AM',(['flight'], {('AA-222-LAX-BOS',)}),{left: ("[FunctionalDependency:(s: {flight}, t: {act_dep_time})]", 0.0), operator: *, right: (1.0, 1.0), result: 0.0})
now error: 0.0
newest best op: Uniop(df,'act_dep_time','07:32 AM',(['flight'], {('AA-222-LAX-BOS',)}),{left: ("[FunctionalDependency:(s: {flight}, t: {act_dep_time})]", 0.0), operator: *, right: (1.0, 1.0), result: 0.0})
now error: 0.0
Block processing time: 0.070065 seconds
Computing Block 46 out of 100
Processing Block size=20
begin cleaner{left: ("[FunctionalDependency:(s: {flight}, t: {act_dep_time})]", 0.0), operator: *, right: (1.0, 1.0), result: 0.0}
列 'p' 不存在，对列 act_dep_time 不过滤，直接选择所有非无效值。
clean_bool length:3
newest best op: Uniop(df,'act_dep_time','08:40 AM',(['flight'], {('CO-1088-CLE-IAH',)}),{left: ("[FunctionalDependency:(s: {flight}, t: {act_dep_time})]", 0.0), operator: *, right: (1.0, 1.0), result: 0.0})
now error: 0.0
Block processing time: 0.043787 seconds
Computing Block 47 out of 100
Processing Block size=28
begin cleaner{left: ("[FunctionalDependency:(s: {flight}, t: {act_dep_time})]", 0.0), operator: *, right: (1.0, 1.0), result: 0.0}
列 'p' 不存在，对列 act_dep_time 不过滤，直接选择所有非无效值。
clean_bool length:4
newest best op: Uniop(df,'act_dep_time','01:20 PM',(['flight'], {('AA-789-ORD-DEN',)}),{left: ("[FunctionalDependency:(s: {flight}, t: {act_dep_time})]", 0.0), operator: *, right: (1.0, 1.0), result: 0.0})
now error: 0.0
Block processing time: 0.080653 seconds
Computing Block 48 out of 100
Processing Block size=27
begin cleaner{left: ("[FunctionalDependency:(s: {flight}, t: {act_dep_time})]", 0.0), operator: *, right: (1.0, 1.0), result: 0.0}
列 'p' 不存在，对列 act_dep_time 不过滤，直接选择所有非无效值。
clean_bool length:3
newest best op: Uniop(df,'act_dep_time','07:25 AM',(['flight'], {('AA-3468-CVG-MIA',)}),{left: ("[FunctionalDependency:(s: {flight}, t: {act_dep_time})]", 0.0), operator: *, right: (1.0, 1.0), result: 0.0})
now error: 0.0
Block processing time: 0.057418 seconds
Computing Block 49 out of 100
Processing Block size=25
begin cleaner{left: ("[FunctionalDependency:(s: {flight}, t: {act_dep_time})]", 0.0), operator: *, right: (1.0, 1.0), result: 0.0}
列 'p' 不存在，对列 act_dep_time 不过滤，直接选择所有非无效值。
clean_bool length:4
newest best op: Uniop(df,'act_dep_time','11:54 AM',(['flight'], {('AA-3-JFK-LAX',)}),{left: ("[FunctionalDependency:(s: {flight}, t: {act_dep_time})]", 0.0), operator: *, right: (1.0, 1.0), result: 0.0})
now error: 0.0
newest best op: Uniop(df,'act_dep_time','12:11 PM',(['flight'], {('AA-3-JFK-LAX',)}),{left: ("[FunctionalDependency:(s: {flight}, t: {act_dep_time})]", 0.0), operator: *, right: (1.0, 1.0), result: 0.0})
now error: 0.0
newest best op: Uniop(df,'act_dep_time','12:12 PM',(['flight'], {('AA-3-JFK-LAX',)}),{left: ("[FunctionalDependency:(s: {flight}, t: {act_dep_time})]", 0.0), operator: *, right: (1.0, 1.0), result: 0.0})
now error: 0.0
Block processing time: 0.072721 seconds
Computing Block 50 out of 100
Processing Block size=26
begin cleaner{left: ("[FunctionalDependency:(s: {flight}, t: {act_dep_time})]", 0.0), operator: *, right: (1.0, 1.0), result: 0.0}
列 'p' 不存在，对列 act_dep_time 不过滤，直接选择所有非无效值。
clean_bool length:4
newest best op: Uniop(df,'act_dep_time','07:23 AM',(['flight'], {('AA-2268-PHX-ORD',)}),{left: ("[FunctionalDependency:(s: {flight}, t: {act_dep_time})]", 0.0), operator: *, right: (1.0, 1.0), result: 0.0})
now error: 0.0
Block processing time: 0.075056 seconds
Computing Block 51 out of 100
Processing Block size=26
begin cleaner{left: ("[FunctionalDependency:(s: {flight}, t: {act_dep_time})]", 0.0), operator: *, right: (1.0, 1.0), result: 0.0}
列 'p' 不存在，对列 act_dep_time 不过滤，直接选择所有非无效值。
clean_bool length:4
newest best op: Uniop(df,'act_dep_time','04:29 PM',(['flight'], {('AA-484-DFW-MIA',)}),{left: ("[FunctionalDependency:(s: {flight}, t: {act_dep_time})]", 0.0), operator: *, right: (1.0, 1.0), result: 0.0})
now error: 0.0
Block processing time: 0.075206 seconds
Computing Block 52 out of 100
Processing Block size=22
begin cleaner{left: ("[FunctionalDependency:(s: {flight}, t: {act_dep_time})]", 0.0), operator: *, right: (1.0, 1.0), result: 0.0}
列 'p' 不存在，对列 act_dep_time 不过滤，直接选择所有非无效值。
clean_bool length:4
newest best op: Uniop(df,'act_dep_time','03:58 PM',(['flight'], {('CO-45-EWR-MIA',)}),{left: ("[FunctionalDependency:(s: {flight}, t: {act_dep_time})]", 0.0), operator: *, right: (1.0, 1.0), result: 0.0})
now error: 0.0
Block processing time: 0.066292 seconds
Computing Block 53 out of 100
Processing Block size=21
begin cleaner{left: ("[FunctionalDependency:(s: {flight}, t: {act_dep_time})]", 0.0), operator: *, right: (1.0, 1.0), result: 0.0}
列 'p' 不存在，对列 act_dep_time 不过滤，直接选择所有非无效值。
clean_bool length:3
newest best op: Uniop(df,'act_dep_time','11:47 AM',(['flight'], {('UA-2704-DTW-PHX',)}),{left: ("[FunctionalDependency:(s: {flight}, t: {act_dep_time})]", 0.0), operator: *, right: (1.0, 1.0), result: 0.0})
now error: 0.0
Block processing time: 0.049524 seconds
Computing Block 54 out of 100
Processing Block size=29
begin cleaner{left: ("[FunctionalDependency:(s: {flight}, t: {act_dep_time})]", 0.0), operator: *, right: (1.0, 1.0), result: 0.0}
列 'p' 不存在，对列 act_dep_time 不过滤，直接选择所有非无效值。
clean_bool length:4
newest best op: Uniop(df,'act_dep_time','07:39 AM',(['flight'], {('AA-59-JFK-SFO',)}),{left: ("[FunctionalDependency:(s: {flight}, t: {act_dep_time})]", 0.0), operator: *, right: (1.0, 1.0), result: 0.0})
now error: 0.0
newest best op: Uniop(df,'act_dep_time','07:40 AM',(['flight'], {('AA-59-JFK-SFO',)}),{left: ("[FunctionalDependency:(s: {flight}, t: {act_dep_time})]", 0.0), operator: *, right: (1.0, 1.0), result: 0.0})
now error: 0.0
Block processing time: 0.090359 seconds
Computing Block 55 out of 100
Processing Block size=26
begin cleaner{left: ("[FunctionalDependency:(s: {flight}, t: {act_dep_time})]", 0.0), operator: *, right: (1.0, 1.0), result: 0.0}
列 'p' 不存在，对列 act_dep_time 不过滤，直接选择所有非无效值。
clean_bool length:4
newest best op: Uniop(df,'act_dep_time','07:21 AM',(['flight'], {('AA-1434-DFW-MCO',)}),{left: ("[FunctionalDependency:(s: {flight}, t: {act_dep_time})]", 0.0), operator: *, right: (1.0, 1.0), result: 0.0})
now error: 0.0
newest best op: Uniop(df,'act_dep_time','07:22 AM',(['flight'], {('AA-1434-DFW-MCO',)}),{left: ("[FunctionalDependency:(s: {flight}, t: {act_dep_time})]", 0.0), operator: *, right: (1.0, 1.0), result: 0.0})
now error: 0.0
Block processing time: 0.076941 seconds
Computing Block 56 out of 100
Processing Block size=21
begin cleaner{left: ("[FunctionalDependency:(s: {flight}, t: {act_dep_time})]", 0.0), operator: *, right: (1.0, 1.0), result: 0.0}
列 'p' 不存在，对列 act_dep_time 不过滤，直接选择所有非无效值。
clean_bool length:3
newest best op: Uniop(df,'act_dep_time','05:22 PM',(['flight'], {('CO-63-EWR-IAH',)}),{left: ("[FunctionalDependency:(s: {flight}, t: {act_dep_time})]", 0.0), operator: *, right: (1.0, 1.0), result: 0.0})
now error: 0.0
newest best op: Uniop(df,'act_dep_time','05:38 PM',(['flight'], {('CO-63-EWR-IAH',)}),{left: ("[FunctionalDependency:(s: {flight}, t: {act_dep_time})]", 0.0), operator: *, right: (1.0, 1.0), result: 0.0})
now error: 0.0
Block processing time: 0.044718 seconds
Computing Block 57 out of 100
Processing Block size=26
begin cleaner{left: ("[FunctionalDependency:(s: {flight}, t: {act_dep_time})]", 0.0), operator: *, right: (1.0, 1.0), result: 0.0}
列 'p' 不存在，对列 act_dep_time 不过滤，直接选择所有非无效值。
clean_bool length:3
newest best op: Uniop(df,'act_dep_time','09:06 PM',(['flight'], {('AA-3823-LAX-DEN',)}),{left: ("[FunctionalDependency:(s: {flight}, t: {act_dep_time})]", 0.0), operator: *, right: (1.0, 1.0), result: 0.0})
now error: 0.0
Block processing time: 0.055726 seconds
Computing Block 58 out of 100
Processing Block size=20
begin cleaner{left: ("[FunctionalDependency:(s: {flight}, t: {act_dep_time})]", 0.0), operator: *, right: (1.0, 1.0), result: 0.0}
列 'p' 不存在，对列 act_dep_time 不过滤，直接选择所有非无效值。
clean_bool length:3
newest best op: Uniop(df,'act_dep_time','02:59 PM',(['flight'], {('UA-62-IAH-EWR',)}),{left: ("[FunctionalDependency:(s: {flight}, t: {act_dep_time})]", 0.0), operator: *, right: (1.0, 1.0), result: 0.0})
now error: 0.0
newest best op: Uniop(df,'act_dep_time','02:48 PM',(['flight'], {('UA-62-IAH-EWR',)}),{left: ("[FunctionalDependency:(s: {flight}, t: {act_dep_time})]", 0.0), operator: *, right: (1.0, 1.0), result: 0.0})
now error: 0.0
Block processing time: 0.042946 seconds
Computing Block 59 out of 100
Processing Block size=23
begin cleaner{left: ("[FunctionalDependency:(s: {flight}, t: {act_dep_time})]", 0.0), operator: *, right: (1.0, 1.0), result: 0.0}
列 'p' 不存在，对列 act_dep_time 不过滤，直接选择所有非无效值。
clean_bool length:4
newest best op: Uniop(df,'act_dep_time','06:09 AM',(['flight'], {('UA-414-LAX-SFO',)}),{left: ("[FunctionalDependency:(s: {flight}, t: {act_dep_time})]", 0.0), operator: *, right: (1.0, 1.0), result: 0.0})
now error: 0.0
newest best op: Uniop(df,'act_dep_time','05:56 AM',(['flight'], {('UA-414-LAX-SFO',)}),{left: ("[FunctionalDependency:(s: {flight}, t: {act_dep_time})]", 0.0), operator: *, right: (1.0, 1.0), result: 0.0})
now error: 0.0
newest best op: Uniop(df,'act_dep_time','06:10 AM',(['flight'], {('UA-414-LAX-SFO',)}),{left: ("[FunctionalDependency:(s: {flight}, t: {act_dep_time})]", 0.0), operator: *, right: (1.0, 1.0), result: 0.0})
now error: 0.0
Block processing time: 0.066121 seconds
Computing Block 60 out of 100
Processing Block size=23
begin cleaner{left: ("[FunctionalDependency:(s: {flight}, t: {act_dep_time})]", 0.0), operator: *, right: (1.0, 1.0), result: 0.0}
列 'p' 不存在，对列 act_dep_time 不过滤，直接选择所有非无效值。
clean_bool length:4
newest best op: Uniop(df,'act_dep_time','04:37 PM',(['flight'], {('UA-938-DEN-ORD',)}),{left: ("[FunctionalDependency:(s: {flight}, t: {act_dep_time})]", 0.0), operator: *, right: (1.0, 1.0), result: 0.0})
now error: 0.0
Block processing time: 0.067377 seconds
Computing Block 61 out of 100
Processing Block size=23
begin cleaner{left: ("[FunctionalDependency:(s: {flight}, t: {act_dep_time})]", 0.0), operator: *, right: (1.0, 1.0), result: 0.0}
列 'p' 不存在，对列 act_dep_time 不过滤，直接选择所有非无效值。
clean_bool length:4
newest best op: Uniop(df,'act_dep_time','12:14 PM',(['flight'], {('AA-4344-ORD-DTW',)}),{left: ("[FunctionalDependency:(s: {flight}, t: {act_dep_time})]", 0.0), operator: *, right: (1.0, 1.0), result: 0.0})
now error: 0.0
Block processing time: 0.069376 seconds
Computing Block 62 out of 100
Processing Block size=27
begin cleaner{left: ("[FunctionalDependency:(s: {flight}, t: {act_dep_time})]", 0.0), operator: *, right: (1.0, 1.0), result: 0.0}
列 'p' 不存在，对列 act_dep_time 不过滤，直接选择所有非无效值。
clean_bool length:3
newest best op: Uniop(df,'act_dep_time','02:32 PM',(['flight'], {('AA-3804-PHL-ORD',)}),{left: ("[FunctionalDependency:(s: {flight}, t: {act_dep_time})]", 0.0), operator: *, right: (1.0, 1.0), result: 0.0})
now error: 0.0
newest best op: Uniop(df,'act_dep_time','02:44 PM',(['flight'], {('AA-3804-PHL-ORD',)}),{left: ("[FunctionalDependency:(s: {flight}, t: {act_dep_time})]", 0.0), operator: *, right: (1.0, 1.0), result: 0.0})
now error: 0.0
Block processing time: 0.060391 seconds
Computing Block 63 out of 100
Processing Block size=26
begin cleaner{left: ("[FunctionalDependency:(s: {flight}, t: {act_dep_time})]", 0.0), operator: *, right: (1.0, 1.0), result: 0.0}
列 'p' 不存在，对列 act_dep_time 不过滤，直接选择所有非无效值。
clean_bool length:4
newest best op: Uniop(df,'act_dep_time','12:01 PM',(['flight'], {('AA-4277-CVG-JFK',)}),{left: ("[FunctionalDependency:(s: {flight}, t: {act_dep_time})]", 0.0), operator: *, right: (1.0, 1.0), result: 0.0})
now error: 0.0
newest best op: Uniop(df,'act_dep_time','12:10 PM',(['flight'], {('AA-4277-CVG-JFK',)}),{left: ("[FunctionalDependency:(s: {flight}, t: {act_dep_time})]", 0.0), operator: *, right: (1.0, 1.0), result: 0.0})
now error: 0.0
newest best op: Uniop(df,'act_dep_time','12:11 PM',(['flight'], {('AA-4277-CVG-JFK',)}),{left: ("[FunctionalDependency:(s: {flight}, t: {act_dep_time})]", 0.0), operator: *, right: (1.0, 1.0), result: 0.0})
now error: 0.0
Block processing time: 0.079525 seconds
Computing Block 64 out of 100
Processing Block size=29
begin cleaner{left: ("[FunctionalDependency:(s: {flight}, t: {act_dep_time})]", 0.0), operator: *, right: (1.0, 1.0), result: 0.0}
列 'p' 不存在，对列 act_dep_time 不过滤，直接选择所有非无效值。
clean_bool length:5
newest best op: Uniop(df,'act_dep_time','01:47 PM',(['flight'], {('UA-664-ORD-PHL',)}),{left: ("[FunctionalDependency:(s: {flight}, t: {act_dep_time})]", 0.0), operator: *, right: (1.0, 1.0), result: 0.0})
now error: 0.0
newest best op: Uniop(df,'act_dep_time','01:48 PM',(['flight'], {('UA-664-ORD-PHL',)}),{left: ("[FunctionalDependency:(s: {flight}, t: {act_dep_time})]", 0.0), operator: *, right: (1.0, 1.0), result: 0.0})
now error: 0.0
Block processing time: 0.113315 seconds
Computing Block 65 out of 100
Processing Block size=21
begin cleaner{left: ("[FunctionalDependency:(s: {flight}, t: {act_dep_time})]", 0.0), operator: *, right: (1.0, 1.0), result: 0.0}
列 'p' 不存在，对列 act_dep_time 不过滤，直接选择所有非无效值。
clean_bool length:4
newest best op: Uniop(df,'act_dep_time','08:25 PM',(['flight'], {('CO-47-IAH-LAX',)}),{left: ("[FunctionalDependency:(s: {flight}, t: {act_dep_time})]", 0.0), operator: *, right: (1.0, 1.0), result: 0.0})
now error: 0.0
Block processing time: 0.064093 seconds
Computing Block 66 out of 100
Processing Block size=22
begin cleaner{left: ("[FunctionalDependency:(s: {flight}, t: {act_dep_time})]", 0.0), operator: *, right: (1.0, 1.0), result: 0.0}
列 'p' 不存在，对列 act_dep_time 不过滤，直接选择所有非无效值。
clean_bool length:4
newest best op: Uniop(df,'act_dep_time','12:58 AM',(['flight'], {('CO-1614-LAX-IAH',)}),{left: ("[FunctionalDependency:(s: {flight}, t: {act_dep_time})]", 0.0), operator: *, right: (1.0, 1.0), result: 0.0})
now error: 0.0
newest best op: Uniop(df,'act_dep_time','12:41 AM',(['flight'], {('CO-1614-LAX-IAH',)}),{left: ("[FunctionalDependency:(s: {flight}, t: {act_dep_time})]", 0.0), operator: *, right: (1.0, 1.0), result: 0.0})
now error: 0.0
Block processing time: 0.067326 seconds
Computing Block 67 out of 100
Processing Block size=21
begin cleaner{left: ("[FunctionalDependency:(s: {flight}, t: {act_dep_time})]", 0.0), operator: *, right: (1.0, 1.0), result: 0.0}
列 'p' 不存在，对列 act_dep_time 不过滤，直接选择所有非无效值。
clean_bool length:3
newest best op: Uniop(df,'act_dep_time','10:19 AM',(['flight'], {('CO-1090-BOS-IAH',)}),{left: ("[FunctionalDependency:(s: {flight}, t: {act_dep_time})]", 0.0), operator: *, right: (1.0, 1.0), result: 0.0})
now error: 0.0
Block processing time: 0.048049 seconds
Computing Block 68 out of 100
Processing Block size=27
begin cleaner{left: ("[FunctionalDependency:(s: {flight}, t: {act_dep_time})]", 0.0), operator: *, right: (1.0, 1.0), result: 0.0}
列 'p' 不存在，对列 act_dep_time 不过滤，直接选择所有非无效值。
clean_bool length:5
newest best op: Uniop(df,'act_dep_time','04:25 PM',(['flight'], {('UA-233-LAX-JFK',)}),{left: ("[FunctionalDependency:(s: {flight}, t: {act_dep_time})]", 0.0), operator: *, right: (1.0, 1.0), result: 0.0})
now error: 0.0
newest best op: Uniop(df,'act_dep_time','04:28 PM',(['flight'], {('UA-233-LAX-JFK',)}),{left: ("[FunctionalDependency:(s: {flight}, t: {act_dep_time})]", 0.0), operator: *, right: (1.0, 1.0), result: 0.0})
now error: 0.0
Block processing time: 0.101779 seconds
Computing Block 69 out of 100
Processing Block size=26
begin cleaner{left: ("[FunctionalDependency:(s: {flight}, t: {act_dep_time})]", 0.0), operator: *, right: (1.0, 1.0), result: 0.0}
列 'p' 不存在，对列 act_dep_time 不过滤，直接选择所有非无效值。
clean_bool length:4
newest best op: Uniop(df,'act_dep_time','07:39 AM',(['flight'], {('AA-2525-DFW-MIA',)}),{left: ("[FunctionalDependency:(s: {flight}, t: {act_dep_time})]", 0.0), operator: *, right: (1.0, 1.0), result: 0.0})
now error: 0.0
Block processing time: 0.078647 seconds
Computing Block 70 out of 100
Processing Block size=22
begin cleaner{left: ("[FunctionalDependency:(s: {flight}, t: {act_dep_time})]", 0.0), operator: *, right: (1.0, 1.0), result: 0.0}
列 'p' 不存在，对列 act_dep_time 不过滤，直接选择所有非无效值。
clean_bool length:4
newest best op: Uniop(df,'act_dep_time','12:06 PM',(['flight'], {('CO-1023-IAH-DEN',)}),{left: ("[FunctionalDependency:(s: {flight}, t: {act_dep_time})]", 0.0), operator: *, right: (1.0, 1.0), result: 0.0})
now error: 0.0
Block processing time: 0.068835 seconds
Computing Block 71 out of 100
Processing Block size=22
begin cleaner{left: ("[FunctionalDependency:(s: {flight}, t: {act_dep_time})]", 0.0), operator: *, right: (1.0, 1.0), result: 0.0}
列 'p' 不存在，对列 act_dep_time 不过滤，直接选择所有非无效值。
clean_bool length:5
newest best op: Uniop(df,'act_dep_time','08:47 AM',(['flight'], {('UA-397-JFK-SFO',)}),{left: ("[FunctionalDependency:(s: {flight}, t: {act_dep_time})]", 0.0), operator: *, right: (1.0, 1.0), result: 0.0})
now error: 0.0
newest best op: Uniop(df,'act_dep_time','08:49 AM',(['flight'], {('UA-397-JFK-SFO',)}),{left: ("[FunctionalDependency:(s: {flight}, t: {act_dep_time})]", 0.0), operator: *, right: (1.0, 1.0), result: 0.0})
now error: 0.0
Block processing time: 0.086506 seconds
Computing Block 72 out of 100
Processing Block size=20
begin cleaner{left: ("[FunctionalDependency:(s: {flight}, t: {act_dep_time})]", 0.0), operator: *, right: (1.0, 1.0), result: 0.0}
列 'p' 不存在，对列 act_dep_time 不过滤，直接选择所有非无效值。
clean_bool length:3
newest best op: Uniop(df,'act_dep_time','07:56 AM',(['flight'], {('CO-52-IAH-LAX',)}),{left: ("[FunctionalDependency:(s: {flight}, t: {act_dep_time})]", 0.0), operator: *, right: (1.0, 1.0), result: 0.0})
now error: 0.0
Block processing time: 0.046727 seconds
Computing Block 73 out of 100
Processing Block size=19
begin cleaner{left: ("[FunctionalDependency:(s: {flight}, t: {act_dep_time})]", 0.0), operator: *, right: (1.0, 1.0), result: 0.0}
列 'p' 不存在，对列 act_dep_time 不过滤，直接选择所有非无效值。
clean_bool length:4
newest best op: Uniop(df,'act_dep_time','10:42 AM',(['flight'], {('AA-1886-BOS-MIA',)}),{left: ("[FunctionalDependency:(s: {flight}, t: {act_dep_time})]", 0.0), operator: *, right: (1.0, 1.0), result: 0.0})
now error: 0.0
newest best op: Uniop(df,'act_dep_time','10:55 AM',(['flight'], {('AA-1886-BOS-MIA',)}),{left: ("[FunctionalDependency:(s: {flight}, t: {act_dep_time})]", 0.0), operator: *, right: (1.0, 1.0), result: 0.0})
now error: 0.0
Block processing time: 0.059371 seconds
Computing Block 74 out of 100
Processing Block size=23
begin cleaner{left: ("[FunctionalDependency:(s: {flight}, t: {act_dep_time})]", 0.0), operator: *, right: (1.0, 1.0), result: 0.0}
列 'p' 不存在，对列 act_dep_time 不过滤，直接选择所有非无效值。
clean_bool length:3
newest best op: Uniop(df,'act_dep_time','06:40 AM',(['flight'], {('AA-518-MIA-JFK',)}),{left: ("[FunctionalDependency:(s: {flight}, t: {act_dep_time})]", 0.0), operator: *, right: (1.0, 1.0), result: 0.0})
now error: 0.0
newest best op: Uniop(df,'act_dep_time','06:54 AM',(['flight'], {('AA-518-MIA-JFK',)}),{left: ("[FunctionalDependency:(s: {flight}, t: {act_dep_time})]", 0.0), operator: *, right: (1.0, 1.0), result: 0.0})
now error: 0.0
Block processing time: 0.052382 seconds
Computing Block 75 out of 100
Processing Block size=21
begin cleaner{left: ("[FunctionalDependency:(s: {flight}, t: {act_dep_time})]", 0.0), operator: *, right: (1.0, 1.0), result: 0.0}
列 'p' 不存在，对列 act_dep_time 不过滤，直接选择所有非无效值。
clean_bool length:4
newest best op: Uniop(df,'act_dep_time','08:18 AM',(['flight'], {('CO-1561-PHX-IAH',)}),{left: ("[FunctionalDependency:(s: {flight}, t: {act_dep_time})]", 0.0), operator: *, right: (1.0, 1.0), result: 0.0})
now error: 0.0
Block processing time: 0.063445 seconds
Computing Block 76 out of 100
Processing Block size=26
begin cleaner{left: ("[FunctionalDependency:(s: {flight}, t: {act_dep_time})]", 0.0), operator: *, right: (1.0, 1.0), result: 0.0}
列 'p' 不存在，对列 act_dep_time 不过滤，直接选择所有非无效值。
clean_bool length:4
newest best op: Uniop(df,'act_dep_time','07:30 AM',(['flight'], {('AA-643-MIA-ORD',)}),{left: ("[FunctionalDependency:(s: {flight}, t: {act_dep_time})]", 0.0), operator: *, right: (1.0, 1.0), result: 0.0})
now error: 0.0
newest best op: Uniop(df,'act_dep_time','07:31 AM',(['flight'], {('AA-643-MIA-ORD',)}),{left: ("[FunctionalDependency:(s: {flight}, t: {act_dep_time})]", 0.0), operator: *, right: (1.0, 1.0), result: 0.0})
now error: 0.0
Block processing time: 0.075861 seconds
Computing Block 77 out of 100
Processing Block size=18
begin cleaner{left: ("[FunctionalDependency:(s: {flight}, t: {act_dep_time})]", 0.0), operator: *, right: (1.0, 1.0), result: 0.0}
列 'p' 不存在，对列 act_dep_time 不过滤，直接选择所有非无效值。
clean_bool length:3
newest best op: Uniop(df,'act_dep_time','10:33 AM',(['flight'], {('UA-5487-SFO-MRY',)}),{left: ("[FunctionalDependency:(s: {flight}, t: {act_dep_time})]", 0.0), operator: *, right: (1.0, 1.0), result: 0.0})
now error: 0.0
newest best op: Uniop(df,'act_dep_time','10:53 AM',(['flight'], {('UA-5487-SFO-MRY',)}),{left: ("[FunctionalDependency:(s: {flight}, t: {act_dep_time})]", 0.0), operator: *, right: (1.0, 1.0), result: 0.0})
now error: 0.0
Block processing time: 0.039871 seconds
Computing Block 78 out of 100
Processing Block size=25
begin cleaner{left: ("[FunctionalDependency:(s: {flight}, t: {act_dep_time})]", 0.0), operator: *, right: (1.0, 1.0), result: 0.0}
列 'p' 不存在，对列 act_dep_time 不过滤，直接选择所有非无效值。
clean_bool length:4
newest best op: Uniop(df,'act_dep_time','02:04 PM',(['flight'], {('AA-1279-DFW-PHX',)}),{left: ("[FunctionalDependency:(s: {flight}, t: {act_dep_time})]", 0.0), operator: *, right: (1.0, 1.0), result: 0.0})
now error: 0.0
Block processing time: 0.073865 seconds
Computing Block 79 out of 100
Processing Block size=27
begin cleaner{left: ("[FunctionalDependency:(s: {flight}, t: {act_dep_time})]", 0.0), operator: *, right: (1.0, 1.0), result: 0.0}
列 'p' 不存在，对列 act_dep_time 不过滤，直接选择所有非无效值。
clean_bool length:4
newest best op: Uniop(df,'act_dep_time','06:11 AM',(['flight'], {('AA-3809-PHX-LAX',)}),{left: ("[FunctionalDependency:(s: {flight}, t: {act_dep_time})]", 0.0), operator: *, right: (1.0, 1.0), result: 0.0})
now error: 0.0
newest best op: Uniop(df,'act_dep_time','06:10 AM',(['flight'], {('AA-3809-PHX-LAX',)}),{left: ("[FunctionalDependency:(s: {flight}, t: {act_dep_time})]", 0.0), operator: *, right: (1.0, 1.0), result: 0.0})
now error: 0.0
Block processing time: 0.078845 seconds
Computing Block 80 out of 100
Processing Block size=17
begin cleaner{left: ("[FunctionalDependency:(s: {flight}, t: {act_dep_time})]", 0.0), operator: *, right: (1.0, 1.0), result: 0.0}
列 'p' 不存在，对列 act_dep_time 不过滤，直接选择所有非无效值。
clean_bool length:3
newest best op: Uniop(df,'act_dep_time','09:16 AM',(['flight'], {('UA-1500-IAH-GUA',)}),{left: ("[FunctionalDependency:(s: {flight}, t: {act_dep_time})]", 0.0), operator: *, right: (1.0, 1.0), result: 0.0})
now error: 0.0
newest best op: Uniop(df,'act_dep_time','09:43 AM',(['flight'], {('UA-1500-IAH-GUA',)}),{left: ("[FunctionalDependency:(s: {flight}, t: {act_dep_time})]", 0.0), operator: *, right: (1.0, 1.0), result: 0.0})
now error: 0.0
Block processing time: 0.038692 seconds
Computing Block 81 out of 100
Processing Block size=24
begin cleaner{left: ("[FunctionalDependency:(s: {flight}, t: {act_dep_time})]", 0.0), operator: *, right: (1.0, 1.0), result: 0.0}
列 'p' 不存在，对列 act_dep_time 不过滤，直接选择所有非无效值。
clean_bool length:5
newest best op: Uniop(df,'act_dep_time','04:45 PM',(['flight'], {('UA-2906-PHL-MCO',)}),{left: ("[FunctionalDependency:(s: {flight}, t: {act_dep_time})]", 0.0), operator: *, right: (1.0, 1.0), result: 0.0})
now error: 0.0
newest best op: Uniop(df,'act_dep_time','04:44 PM',(['flight'], {('UA-2906-PHL-MCO',)}),{left: ("[FunctionalDependency:(s: {flight}, t: {act_dep_time})]", 0.0), operator: *, right: (1.0, 1.0), result: 0.0})
now error: 0.0
newest best op: Uniop(df,'act_dep_time','04:46 PM',(['flight'], {('UA-2906-PHL-MCO',)}),{left: ("[FunctionalDependency:(s: {flight}, t: {act_dep_time})]", 0.0), operator: *, right: (1.0, 1.0), result: 0.0})
now error: 0.0
Block processing time: 0.091219 seconds
Computing Block 82 out of 100
Processing Block size=28
begin cleaner{left: ("[FunctionalDependency:(s: {flight}, t: {act_dep_time})]", 0.0), operator: *, right: (1.0, 1.0), result: 0.0}
列 'p' 不存在，对列 act_dep_time 不过滤，直接选择所有非无效值。
clean_bool length:3
newest best op: Uniop(df,'act_dep_time','06:47 PM',(['flight'], {('AA-1640-MIA-MCO',)}),{left: ("[FunctionalDependency:(s: {flight}, t: {act_dep_time})]", 0.0), operator: *, right: (1.0, 1.0), result: 0.0})
now error: 0.0
Block processing time: 0.06199 seconds
Computing Block 83 out of 100
Processing Block size=28
begin cleaner{left: ("[FunctionalDependency:(s: {flight}, t: {act_dep_time})]", 0.0), operator: *, right: (1.0, 1.0), result: 0.0}
列 'p' 不存在，对列 act_dep_time 不过滤，直接选择所有非无效值。
clean_bool length:3
newest best op: Uniop(df,'act_dep_time','08:01 PM',(['flight'], {('AA-1221-MCO-ORD',)}),{left: ("[FunctionalDependency:(s: {flight}, t: {act_dep_time})]", 0.0), operator: *, right: (1.0, 1.0), result: 0.0})
now error: 0.0
newest best op: Uniop(df,'act_dep_time','08:23 PM',(['flight'], {('AA-1221-MCO-ORD',)}),{left: ("[FunctionalDependency:(s: {flight}, t: {act_dep_time})]", 0.0), operator: *, right: (1.0, 1.0), result: 0.0})
now error: 0.0
Block processing time: 0.060992 seconds
Computing Block 84 out of 100
Processing Block size=27
begin cleaner{left: ("[FunctionalDependency:(s: {flight}, t: {act_dep_time})]", 0.0), operator: *, right: (1.0, 1.0), result: 0.0}
列 'p' 不存在，对列 act_dep_time 不过滤，直接选择所有非无效值。
clean_bool length:3
newest best op: Uniop(df,'act_dep_time','08:44 PM',(['flight'], {('AA-2312-DFW-DTW',)}),{left: ("[FunctionalDependency:(s: {flight}, t: {act_dep_time})]", 0.0), operator: *, right: (1.0, 1.0), result: 0.0})
now error: 0.0
newest best op: Uniop(df,'act_dep_time','08:29 PM',(['flight'], {('AA-2312-DFW-DTW',)}),{left: ("[FunctionalDependency:(s: {flight}, t: {act_dep_time})]", 0.0), operator: *, right: (1.0, 1.0), result: 0.0})
now error: 0.0
Block processing time: 0.059473 seconds
Computing Block 85 out of 100
Processing Block size=24
begin cleaner{left: ("[FunctionalDependency:(s: {flight}, t: {act_dep_time})]", 0.0), operator: *, right: (1.0, 1.0), result: 0.0}
列 'p' 不存在，对列 act_dep_time 不过滤，直接选择所有非无效值。
clean_bool length:4
newest best op: Uniop(df,'act_dep_time','11:34 PM',(['flight'], {('UA-828-SFO-ORD',)}),{left: ("[FunctionalDependency:(s: {flight}, t: {act_dep_time})]", 0.0), operator: *, right: (1.0, 1.0), result: 0.0})
now error: 0.0
newest best op: Uniop(df,'act_dep_time','11:35 PM',(['flight'], {('UA-828-SFO-ORD',)}),{left: ("[FunctionalDependency:(s: {flight}, t: {act_dep_time})]", 0.0), operator: *, right: (1.0, 1.0), result: 0.0})
now error: 0.0
Block processing time: 0.070579 seconds
Computing Block 86 out of 100
Processing Block size=20
begin cleaner{left: ("[FunctionalDependency:(s: {flight}, t: {act_dep_time})]", 0.0), operator: *, right: (1.0, 1.0), result: 0.0}
列 'p' 不存在，对列 act_dep_time 不过滤，直接选择所有非无效值。
clean_bool length:4
newest best op: Uniop(df,'act_dep_time','03:04 PM',(['flight'], {('UA-2708-EWR-CLT',)}),{left: ("[FunctionalDependency:(s: {flight}, t: {act_dep_time})]", 0.0), operator: *, right: (1.0, 1.0), result: 0.0})
now error: 0.0
Block processing time: 0.058558 seconds
Computing Block 87 out of 100
Processing Block size=20
begin cleaner{left: ("[FunctionalDependency:(s: {flight}, t: {act_dep_time})]", 0.0), operator: *, right: (1.0, 1.0), result: 0.0}
列 'p' 不存在，对列 act_dep_time 不过滤，直接选择所有非无效值。
clean_bool length:3
newest best op: Uniop(df,'act_dep_time','06:02 AM',(['flight'], {('CO-89-IAH-EWR',)}),{left: ("[FunctionalDependency:(s: {flight}, t: {act_dep_time})]", 0.0), operator: *, right: (1.0, 1.0), result: 0.0})
now error: 0.0
Block processing time: 0.043445 seconds
Computing Block 88 out of 100
Processing Block size=22
begin cleaner{left: ("[FunctionalDependency:(s: {flight}, t: {act_dep_time})]", 0.0), operator: *, right: (1.0, 1.0), result: 0.0}
列 'p' 不存在，对列 act_dep_time 不过滤，直接选择所有非无效值。
clean_bool length:4
newest best op: Uniop(df,'act_dep_time','08:32 AM',(['flight'], {('AA-415-BOS-ORD',)}),{left: ("[FunctionalDependency:(s: {flight}, t: {act_dep_time})]", 0.0), operator: *, right: (1.0, 1.0), result: 0.0})
now error: 0.0
newest best op: Uniop(df,'act_dep_time','08:56 AM',(['flight'], {('AA-415-BOS-ORD',)}),{left: ("[FunctionalDependency:(s: {flight}, t: {act_dep_time})]", 0.0), operator: *, right: (1.0, 1.0), result: 0.0})
now error: 0.0
Block processing time: 0.064057 seconds
Computing Block 89 out of 100
Processing Block size=26
begin cleaner{left: ("[FunctionalDependency:(s: {flight}, t: {act_dep_time})]", 0.0), operator: *, right: (1.0, 1.0), result: 0.0}
列 'p' 不存在，对列 act_dep_time 不过滤，直接选择所有非无效值。
clean_bool length:5
newest best op: Uniop(df,'act_dep_time','09:57 AM',(['flight'], {('CO-1193-EWR-MCO',)}),{left: ("[FunctionalDependency:(s: {flight}, t: {act_dep_time})]", 0.0), operator: *, right: (1.0, 1.0), result: 0.0})
now error: 0.0
newest best op: Uniop(df,'act_dep_time','09:58 AM',(['flight'], {('CO-1193-EWR-MCO',)}),{left: ("[FunctionalDependency:(s: {flight}, t: {act_dep_time})]", 0.0), operator: *, right: (1.0, 1.0), result: 0.0})
now error: 0.0
newest best op: Uniop(df,'act_dep_time','09:14 AM',(['flight'], {('CO-1193-EWR-MCO',)}),{left: ("[FunctionalDependency:(s: {flight}, t: {act_dep_time})]", 0.0), operator: *, right: (1.0, 1.0), result: 0.0})
now error: 0.0
Block processing time: 0.098943 seconds
Computing Block 90 out of 100
Processing Block size=24
begin cleaner{left: ("[FunctionalDependency:(s: {flight}, t: {act_dep_time})]", 0.0), operator: *, right: (1.0, 1.0), result: 0.0}
列 'p' 不存在，对列 act_dep_time 不过滤，直接选择所有非无效值。
clean_bool length:4
newest best op: Uniop(df,'act_dep_time','08:30 PM',(['flight'], {('AA-3063-SLC-LAX',)}),{left: ("[FunctionalDependency:(s: {flight}, t: {act_dep_time})]", 0.0), operator: *, right: (1.0, 1.0), result: 0.0})
now error: 0.0
newest best op: Uniop(df,'act_dep_time','08:40 PM',(['flight'], {('AA-3063-SLC-LAX',)}),{left: ("[FunctionalDependency:(s: {flight}, t: {act_dep_time})]", 0.0), operator: *, right: (1.0, 1.0), result: 0.0})
now error: 0.0
Block processing time: 0.071342 seconds
Computing Block 91 out of 100
Processing Block size=23
begin cleaner{left: ("[FunctionalDependency:(s: {flight}, t: {act_dep_time})]", 0.0), operator: *, right: (1.0, 1.0), result: 0.0}
列 'p' 不存在，对列 act_dep_time 不过滤，直接选择所有非无效值。
clean_bool length:4
newest best op: Uniop(df,'act_dep_time','07:41 PM',(['flight'], {('CO-1586-IAH-MCO',)}),{left: ("[FunctionalDependency:(s: {flight}, t: {act_dep_time})]", 0.0), operator: *, right: (1.0, 1.0), result: 0.0})
now error: 0.0
newest best op: Uniop(df,'act_dep_time','07:42 PM',(['flight'], {('CO-1586-IAH-MCO',)}),{left: ("[FunctionalDependency:(s: {flight}, t: {act_dep_time})]", 0.0), operator: *, right: (1.0, 1.0), result: 0.0})
now error: 0.0
Block processing time: 0.067918 seconds
Computing Block 92 out of 100
Processing Block size=23
begin cleaner{left: ("[FunctionalDependency:(s: {flight}, t: {act_dep_time})]", 0.0), operator: *, right: (1.0, 1.0), result: 0.0}
列 'p' 不存在，对列 act_dep_time 不过滤，直接选择所有非无效值。
clean_bool length:3
newest best op: Uniop(df,'act_dep_time','11:55 AM',(['flight'], {('UA-3099-PHX-PHL',)}),{left: ("[FunctionalDependency:(s: {flight}, t: {act_dep_time})]", 0.0), operator: *, right: (1.0, 1.0), result: 0.0})
now error: 0.0
Block processing time: 0.051158 seconds
Computing Block 93 out of 100
Processing Block size=27
begin cleaner{left: ("[FunctionalDependency:(s: {flight}, t: {act_dep_time})]", 0.0), operator: *, right: (1.0, 1.0), result: 0.0}
列 'p' 不存在，对列 act_dep_time 不过滤，直接选择所有非无效值。
clean_bool length:4
newest best op: Uniop(df,'act_dep_time','06:58 AM',(['flight'], {('AA-404-MIA-MCO',)}),{left: ("[FunctionalDependency:(s: {flight}, t: {act_dep_time})]", 0.0), operator: *, right: (1.0, 1.0), result: 0.0})
now error: 0.0
Block processing time: 0.079499 seconds
Computing Block 94 out of 100
Processing Block size=23
begin cleaner{left: ("[FunctionalDependency:(s: {flight}, t: {act_dep_time})]", 0.0), operator: *, right: (1.0, 1.0), result: 0.0}
列 'p' 不存在，对列 act_dep_time 不过滤，直接选择所有非无效值。
clean_bool length:4
newest best op: Uniop(df,'act_dep_time','04:00 PM',(['flight'], {('UA-2726-FLL-PHL',)}),{left: ("[FunctionalDependency:(s: {flight}, t: {act_dep_time})]", 0.0), operator: *, right: (1.0, 1.0), result: 0.0})
now error: 0.0
newest best op: Uniop(df,'act_dep_time','04:10 PM',(['flight'], {('UA-2726-FLL-PHL',)}),{left: ("[FunctionalDependency:(s: {flight}, t: {act_dep_time})]", 0.0), operator: *, right: (1.0, 1.0), result: 0.0})
now error: 0.0
Block processing time: 0.067379 seconds
Computing Block 95 out of 100
Processing Block size=27
begin cleaner{left: ("[FunctionalDependency:(s: {flight}, t: {act_dep_time})]", 0.0), operator: *, right: (1.0, 1.0), result: 0.0}
列 'p' 不存在，对列 act_dep_time 不过滤，直接选择所有非无效值。
clean_bool length:4
newest best op: Uniop(df,'act_dep_time','05:58 AM',(['flight'], {('AA-466-IAH-MIA',)}),{left: ("[FunctionalDependency:(s: {flight}, t: {act_dep_time})]", 0.0), operator: *, right: (1.0, 1.0), result: 0.0})
now error: 0.0
newest best op: Uniop(df,'act_dep_time','06:08 AM',(['flight'], {('AA-466-IAH-MIA',)}),{left: ("[FunctionalDependency:(s: {flight}, t: {act_dep_time})]", 0.0), operator: *, right: (1.0, 1.0), result: 0.0})
now error: 0.0
newest best op: Uniop(df,'act_dep_time','06:09 AM',(['flight'], {('AA-466-IAH-MIA',)}),{left: ("[FunctionalDependency:(s: {flight}, t: {act_dep_time})]", 0.0), operator: *, right: (1.0, 1.0), result: 0.0})
now error: 0.0
Block processing time: 0.079547 seconds
Computing Block 96 out of 100
Processing Block size=26
begin cleaner{left: ("[FunctionalDependency:(s: {flight}, t: {act_dep_time})]", 0.0), operator: *, right: (1.0, 1.0), result: 0.0}
列 'p' 不存在，对列 act_dep_time 不过滤，直接选择所有非无效值。
clean_bool length:4
newest best op: Uniop(df,'act_dep_time','03:36 PM',(['flight'], {('AA-85-JFK-SFO',)}),{left: ("[FunctionalDependency:(s: {flight}, t: {act_dep_time})]", 0.0), operator: *, right: (1.0, 1.0), result: 0.0})
now error: 0.0
newest best op: Uniop(df,'act_dep_time','03:38 PM',(['flight'], {('AA-85-JFK-SFO',)}),{left: ("[FunctionalDependency:(s: {flight}, t: {act_dep_time})]", 0.0), operator: *, right: (1.0, 1.0), result: 0.0})
now error: 0.0
Block processing time: 0.076572 seconds
Computing Block 97 out of 100
Processing Block size=25
begin cleaner{left: ("[FunctionalDependency:(s: {flight}, t: {act_dep_time})]", 0.0), operator: *, right: (1.0, 1.0), result: 0.0}
列 'p' 不存在，对列 act_dep_time 不过滤，直接选择所有非无效值。
clean_bool length:4
newest best op: Uniop(df,'act_dep_time','08:05 AM',(['flight'], {('AA-2957-DFW-CVG',)}),{left: ("[FunctionalDependency:(s: {flight}, t: {act_dep_time})]", 0.0), operator: *, right: (1.0, 1.0), result: 0.0})
now error: 0.0
newest best op: Uniop(df,'act_dep_time','08:04 AM',(['flight'], {('AA-2957-DFW-CVG',)}),{left: ("[FunctionalDependency:(s: {flight}, t: {act_dep_time})]", 0.0), operator: *, right: (1.0, 1.0), result: 0.0})
now error: 0.0
Block processing time: 0.077741 seconds
Computing Block 98 out of 100
Processing Block size=22
begin cleaner{left: ("[FunctionalDependency:(s: {flight}, t: {act_dep_time})]", 0.0), operator: *, right: (1.0, 1.0), result: 0.0}
列 'p' 不存在，对列 act_dep_time 不过滤，直接选择所有非无效值。
clean_bool length:3
newest best op: Uniop(df,'act_dep_time','01:41 PM',(['flight'], {('AA-649-ORD-SNA',)}),{left: ("[FunctionalDependency:(s: {flight}, t: {act_dep_time})]", 0.0), operator: *, right: (1.0, 1.0), result: 0.0})
now error: 0.0
Block processing time: 0.051444 seconds
Computing Block 99 out of 100
Processing Block size=23
begin cleaner{left: ("[FunctionalDependency:(s: {flight}, t: {act_dep_time})]", 0.0), operator: *, right: (1.0, 1.0), result: 0.0}
列 'p' 不存在，对列 act_dep_time 不过滤，直接选择所有非无效值。
clean_bool length:3
newest best op: Uniop(df,'act_dep_time','12:10 AM',(['flight'], {('AA-1522-SFO-ORD',)}),{left: ("[FunctionalDependency:(s: {flight}, t: {act_dep_time})]", 0.0), operator: *, right: (1.0, 1.0), result: 0.0})
now error: 0.0
newest best op: Uniop(df,'act_dep_time','12:11 AM',(['flight'], {('AA-1522-SFO-ORD',)}),{left: ("[FunctionalDependency:(s: {flight}, t: {act_dep_time})]", 0.0), operator: *, right: (1.0, 1.0), result: 0.0})
now error: 0.0
Block processing time: 0.053638 seconds
Computing Block 100 out of 100
Processing Block size=21
begin cleaner{left: ("[FunctionalDependency:(s: {flight}, t: {act_dep_time})]", 0.0), operator: *, right: (1.0, 1.0), result: 0.0}
列 'p' 不存在，对列 act_dep_time 不过滤，直接选择所有非无效值。
clean_bool length:5
newest best op: Uniop(df,'act_dep_time','02:37 PM',(['flight'], {('UA-843-LAX-ORD',)}),{left: ("[FunctionalDependency:(s: {flight}, t: {act_dep_time})]", 0.0), operator: *, right: (1.0, 1.0), result: 0.0})
now error: 0.0
WARNING:root:No partitioning rule specified, processing might be slow
newest best op: Uniop(df,'act_dep_time','02:38 PM',(['flight'], {('UA-843-LAX-ORD',)}),{left: ("[FunctionalDependency:(s: {flight}, t: {act_dep_time})]", 0.0), operator: *, right: (1.0, 1.0), result: 0.0})
now error: 0.0
Block processing time: 0.081407 seconds
  当前节点: act_dep_time 有 100 个清洗操作
  当前节点: sched_arr_time 存在可用清洗信号
数据块大小: 2376
分块属性:
[['flight']]
Starting initial block mapping...
Initial number of blocks: 100
Final number of blocks after further splitting: 100
Computing Block 1 out of 100
Processing Block size=21
begin cleaner[FunctionalDependency:(s: {'flight'}, t: {'sched_arr_time'})]*1.0
列 'p' 不存在，对列 sched_arr_time 不过滤，直接选择所有非无效值。
clean_bool length:2
newest best op: Uniop(df,'sched_arr_time','01:39 PM',(['flight'], {('UA-854-SFO-IAH',)}),{left: ("[FunctionalDependency:(s: {flight}, t: {sched_arr_time})]", 0.0), operator: *, right: (1.0, 1.0), result: 0.0})
now error: 0.0
Block processing time: 0.032009 seconds
Computing Block 2 out of 100
Processing Block size=20
begin cleaner{left: ("[FunctionalDependency:(s: {flight}, t: {sched_arr_time})]", 0.0), operator: *, right: (1.0, 1.0), result: 0.0}
列 'p' 不存在，对列 sched_arr_time 不过滤，直接选择所有非无效值。
clean_bool length:2
newest best op: Uniop(df,'sched_arr_time','10:06 AM',(['flight'], {('UA-3515-IAD-MSP',)}),{left: ("[FunctionalDependency:(s: {flight}, t: {sched_arr_time})]", 0.0), operator: *, right: (1.0, 1.0), result: 0.0})
now error: 0.0
Block processing time: 0.029687 seconds
Computing Block 3 out of 100
Processing Block size=18
begin cleaner{left: ("[FunctionalDependency:(s: {flight}, t: {sched_arr_time})]", 0.0), operator: *, right: (1.0, 1.0), result: 0.0}
列 'p' 不存在，对列 sched_arr_time 不过滤，直接选择所有非无效值。
clean_bool length:2
newest best op: Uniop(df,'sched_arr_time','08:27 AM',(['flight'], {('UA-858-PVG-SFO',)}),{left: ("[FunctionalDependency:(s: {flight}, t: {sched_arr_time})]", 0.0), operator: *, right: (1.0, 1.0), result: 0.0})
now error: 0.0
Block processing time: 0.026532 seconds
Computing Block 4 out of 100
Processing Block size=27
begin cleaner{left: ("[FunctionalDependency:(s: {flight}, t: {sched_arr_time})]", 0.0), operator: *, right: (1.0, 1.0), result: 0.0}
列 'p' 不存在，对列 sched_arr_time 不过滤，直接选择所有非无效值。
clean_bool length:3
newest best op: Uniop(df,'sched_arr_time','09:34 AM',(['flight'], {('UA-3925-IAD-ORF',)}),{left: ("[FunctionalDependency:(s: {flight}, t: {sched_arr_time})]", 0.0), operator: *, right: (1.0, 1.0), result: 0.0})
now error: 0.0
newest best op: Uniop(df,'sched_arr_time','09:54 AM',(['flight'], {('UA-3925-IAD-ORF',)}),{left: ("[FunctionalDependency:(s: {flight}, t: {sched_arr_time})]", 0.0), operator: *, right: (1.0, 1.0), result: 0.0})
now error: 0.0
Block processing time: 0.060201 seconds
Computing Block 5 out of 100
Processing Block size=27
begin cleaner{left: ("[FunctionalDependency:(s: {flight}, t: {sched_arr_time})]", 0.0), operator: *, right: (1.0, 1.0), result: 0.0}
列 'p' 不存在，对列 sched_arr_time 不过滤，直接选择所有非无效值。
clean_bool length:3
newest best op: Uniop(df,'sched_arr_time','10:15 PM',(['flight'], {('AA-1733-ORD-PHX',)}),{left: ("[FunctionalDependency:(s: {flight}, t: {sched_arr_time})]", 0.0), operator: *, right: (1.0, 1.0), result: 0.0})
now error: 0.0
newest best op: Uniop(df,'sched_arr_time','10:30 PM',(['flight'], {('AA-1733-ORD-PHX',)}),{left: ("[FunctionalDependency:(s: {flight}, t: {sched_arr_time})]", 0.0), operator: *, right: (1.0, 1.0), result: 0.0})
now error: 0.0
Block processing time: 0.063526 seconds
Computing Block 6 out of 100
Processing Block size=25
begin cleaner{left: ("[FunctionalDependency:(s: {flight}, t: {sched_arr_time})]", 0.0), operator: *, right: (1.0, 1.0), result: 0.0}
列 'p' 不存在，对列 sched_arr_time 不过滤，直接选择所有非无效值。
clean_bool length:3
newest best op: Uniop(df,'sched_arr_time','05:55 PM',(['flight'], {('AA-1917-JFK-MCO',)}),{left: ("[FunctionalDependency:(s: {flight}, t: {sched_arr_time})]", 0.0), operator: *, right: (1.0, 1.0), result: 0.0})
now error: 0.0
Block processing time: 0.058591 seconds
Computing Block 7 out of 100
Processing Block size=26
begin cleaner{left: ("[FunctionalDependency:(s: {flight}, t: {sched_arr_time})]", 0.0), operator: *, right: (1.0, 1.0), result: 0.0}
列 'p' 不存在，对列 sched_arr_time 不过滤，直接选择所有非无效值。
clean_bool length:3
newest best op: Uniop(df,'sched_arr_time','12:10 PM',(['flight'], {('AA-1664-MIA-ATL',)}),{left: ("[FunctionalDependency:(s: {flight}, t: {sched_arr_time})]", 0.0), operator: *, right: (1.0, 1.0), result: 0.0})
now error: 0.0
Block processing time: 0.060628 seconds
Computing Block 8 out of 100
Processing Block size=21
begin cleaner{left: ("[FunctionalDependency:(s: {flight}, t: {sched_arr_time})]", 0.0), operator: *, right: (1.0, 1.0), result: 0.0}
列 'p' 不存在，对列 sched_arr_time 不过滤，直接选择所有非无效值。
clean_bool length:2
newest best op: Uniop(df,'sched_arr_time','05:00 PM',(['flight'], {('UA-2314-ATL-PHL',)}),{left: ("[FunctionalDependency:(s: {flight}, t: {sched_arr_time})]", 0.0), operator: *, right: (1.0, 1.0), result: 0.0})
now error: 0.0
Block processing time: 0.031153 seconds
Computing Block 9 out of 100
Processing Block size=26
begin cleaner{left: ("[FunctionalDependency:(s: {flight}, t: {sched_arr_time})]", 0.0), operator: *, right: (1.0, 1.0), result: 0.0}
列 'p' 不存在，对列 sched_arr_time 不过滤，直接选择所有非无效值。
clean_bool length:3
newest best op: Uniop(df,'sched_arr_time','08:00 AM',(['flight'], {('AA-3979-CVG-ORD',)}),{left: ("[FunctionalDependency:(s: {flight}, t: {sched_arr_time})]", 0.0), operator: *, right: (1.0, 1.0), result: 0.0})
now error: 0.0
Block processing time: 0.05711 seconds
Computing Block 10 out of 100
Processing Block size=28
begin cleaner{left: ("[FunctionalDependency:(s: {flight}, t: {sched_arr_time})]", 0.0), operator: *, right: (1.0, 1.0), result: 0.0}
列 'p' 不存在，对列 sched_arr_time 不过滤，直接选择所有非无效值。
clean_bool length:3
newest best op: Uniop(df,'sched_arr_time','02:45 PM',(['flight'], {('AA-2050-ORD-MIA',)}),{left: ("[FunctionalDependency:(s: {flight}, t: {sched_arr_time})]", 0.0), operator: *, right: (1.0, 1.0), result: 0.0})
now error: 0.0
Block processing time: 0.061417 seconds
Computing Block 11 out of 100
Processing Block size=27
begin cleaner{left: ("[FunctionalDependency:(s: {flight}, t: {sched_arr_time})]", 0.0), operator: *, right: (1.0, 1.0), result: 0.0}
列 'p' 不存在，对列 sched_arr_time 不过滤，直接选择所有非无效值。
clean_bool length:3
newest best op: Uniop(df,'sched_arr_time','11:22 AM',(['flight'], {('AA-431-MIA-SFO',)}),{left: ("[FunctionalDependency:(s: {flight}, t: {sched_arr_time})]", 0.0), operator: *, right: (1.0, 1.0), result: 0.0})
now error: 0.0
newest best op: Uniop(df,'sched_arr_time','11:50 AM',(['flight'], {('AA-431-MIA-SFO',)}),{left: ("[FunctionalDependency:(s: {flight}, t: {sched_arr_time})]", 0.0), operator: *, right: (1.0, 1.0), result: 0.0})
now error: 0.0
Block processing time: 0.059808 seconds
Computing Block 12 out of 100
Processing Block size=26
begin cleaner{left: ("[FunctionalDependency:(s: {flight}, t: {sched_arr_time})]", 0.0), operator: *, right: (1.0, 1.0), result: 0.0}
列 'p' 不存在，对列 sched_arr_time 不过滤，直接选择所有非无效值。
clean_bool length:3
newest best op: Uniop(df,'sched_arr_time','03:50 PM',(['flight'], {('AA-446-DFW-PHL',)}),{left: ("[FunctionalDependency:(s: {flight}, t: {sched_arr_time})]", 0.0), operator: *, right: (1.0, 1.0), result: 0.0})
now error: 0.0
Block processing time: 0.057133 seconds
Computing Block 13 out of 100
Processing Block size=21
begin cleaner{left: ("[FunctionalDependency:(s: {flight}, t: {sched_arr_time})]", 0.0), operator: *, right: (1.0, 1.0), result: 0.0}
列 'p' 不存在，对列 sched_arr_time 不过滤，直接选择所有非无效值。
clean_bool length:2
newest best op: Uniop(df,'sched_arr_time','04:49 PM',(['flight'], {('CO-50-CLE-EWR',)}),{left: ("[FunctionalDependency:(s: {flight}, t: {sched_arr_time})]", 0.0), operator: *, right: (1.0, 1.0), result: 0.0})
now error: 0.0
Block processing time: 0.030815 seconds
Computing Block 14 out of 100
Processing Block size=25
begin cleaner{left: ("[FunctionalDependency:(s: {flight}, t: {sched_arr_time})]", 0.0), operator: *, right: (1.0, 1.0), result: 0.0}
列 'p' 不存在，对列 sched_arr_time 不过滤，直接选择所有非无效值。
clean_bool length:3
newest best op: Uniop(df,'sched_arr_time','04:57 PM',(['flight'], {('UA-3050-PHX-CLT',)}),{left: ("[FunctionalDependency:(s: {flight}, t: {sched_arr_time})]", 0.0), operator: *, right: (1.0, 1.0), result: 0.0})
now error: 0.0
Block processing time: 0.056423 seconds
Computing Block 15 out of 100
Processing Block size=21
begin cleaner{left: ("[FunctionalDependency:(s: {flight}, t: {sched_arr_time})]", 0.0), operator: *, right: (1.0, 1.0), result: 0.0}
列 'p' 不存在，对列 sched_arr_time 不过滤，直接选择所有非无效值。
clean_bool length:2
newest best op: Uniop(df,'sched_arr_time','09:43 AM',(['flight'], {('UA-6273-YYC-SFO',)}),{left: ("[FunctionalDependency:(s: {flight}, t: {sched_arr_time})]", 0.0), operator: *, right: (1.0, 1.0), result: 0.0})
now error: 0.0
Block processing time: 0.031311 seconds
Computing Block 16 out of 100
Processing Block size=27
begin cleaner{left: ("[FunctionalDependency:(s: {flight}, t: {sched_arr_time})]", 0.0), operator: *, right: (1.0, 1.0), result: 0.0}
列 'p' 不存在，对列 sched_arr_time 不过滤，直接选择所有非无效值。
clean_bool length:3
newest best op: Uniop(df,'sched_arr_time','07:30 AM',(['flight'], {('AA-3842-MSP-ORD',)}),{left: ("[FunctionalDependency:(s: {flight}, t: {sched_arr_time})]", 0.0), operator: *, right: (1.0, 1.0), result: 0.0})
now error: 0.0
Block processing time: 0.059811 seconds
Computing Block 17 out of 100
Processing Block size=20
begin cleaner{left: ("[FunctionalDependency:(s: {flight}, t: {sched_arr_time})]", 0.0), operator: *, right: (1.0, 1.0), result: 0.0}
列 'p' 不存在，对列 sched_arr_time 不过滤，直接选择所有非无效值。
clean_bool length:2
newest best op: Uniop(df,'sched_arr_time','11:53 AM',(['flight'], {('UA-37-EDI-EWR',)}),{left: ("[FunctionalDependency:(s: {flight}, t: {sched_arr_time})]", 0.0), operator: *, right: (1.0, 1.0), result: 0.0})
now error: 0.0
Block processing time: 0.029649 seconds
Computing Block 18 out of 100
Processing Block size=22
begin cleaner{left: ("[FunctionalDependency:(s: {flight}, t: {sched_arr_time})]", 0.0), operator: *, right: (1.0, 1.0), result: 0.0}
列 'p' 不存在，对列 sched_arr_time 不过滤，直接选择所有非无效值。
clean_bool length:4
newest best op: Uniop(df,'sched_arr_time','06:15 PM',(['flight'], {('CO-4888-IAH-DAL',)}),{left: ("[FunctionalDependency:(s: {flight}, t: {sched_arr_time})]", 0.0), operator: *, right: (1.0, 1.0), result: 0.0})
now error: 0.0
newest best op: Uniop(df,'sched_arr_time','06:09 PM',(['flight'], {('CO-4888-IAH-DAL',)}),{left: ("[FunctionalDependency:(s: {flight}, t: {sched_arr_time})]", 0.0), operator: *, right: (1.0, 1.0), result: 0.0})
now error: 0.0
newest best op: Uniop(df,'sched_arr_time','06:40 PM',(['flight'], {('CO-4888-IAH-DAL',)}),{left: ("[FunctionalDependency:(s: {flight}, t: {sched_arr_time})]", 0.0), operator: *, right: (1.0, 1.0), result: 0.0})
now error: 0.0
Block processing time: 0.065897 seconds
Computing Block 19 out of 100
Processing Block size=25
begin cleaner{left: ("[FunctionalDependency:(s: {flight}, t: {sched_arr_time})]", 0.0), operator: *, right: (1.0, 1.0), result: 0.0}
列 'p' 不存在，对列 sched_arr_time 不过滤，直接选择所有非无效值。
clean_bool length:3
newest best op: Uniop(df,'sched_arr_time','10:34 AM',(['flight'], {('AA-1165-JFK-MIA',)}),{left: ("[FunctionalDependency:(s: {flight}, t: {sched_arr_time})]", 0.0), operator: *, right: (1.0, 1.0), result: 0.0})
now error: 0.0
Block processing time: 0.055689 seconds
Computing Block 20 out of 100
Processing Block size=24
begin cleaner{left: ("[FunctionalDependency:(s: {flight}, t: {sched_arr_time})]", 0.0), operator: *, right: (1.0, 1.0), result: 0.0}
列 'p' 不存在，对列 sched_arr_time 不过滤，直接选择所有非无效值。
clean_bool length:3
newest best op: Uniop(df,'sched_arr_time','01:35 PM',(['flight'], {('UA-2945-PHL-CLT',)}),{left: ("[FunctionalDependency:(s: {flight}, t: {sched_arr_time})]", 0.0), operator: *, right: (1.0, 1.0), result: 0.0})
now error: 0.0
newest best op: Uniop(df,'sched_arr_time','01:45 PM',(['flight'], {('UA-2945-PHL-CLT',)}),{left: ("[FunctionalDependency:(s: {flight}, t: {sched_arr_time})]", 0.0), operator: *, right: (1.0, 1.0), result: 0.0})
now error: 0.0
Block processing time: 0.053186 seconds
Computing Block 21 out of 100
Processing Block size=25
begin cleaner{left: ("[FunctionalDependency:(s: {flight}, t: {sched_arr_time})]", 0.0), operator: *, right: (1.0, 1.0), result: 0.0}
列 'p' 不存在，对列 sched_arr_time 不过滤，直接选择所有非无效值。
clean_bool length:3
newest best op: Uniop(df,'sched_arr_time','02:25 PM',(['flight'], {('AA-271-MIA-LAX',)}),{left: ("[FunctionalDependency:(s: {flight}, t: {sched_arr_time})]", 0.0), operator: *, right: (1.0, 1.0), result: 0.0})
now error: 0.0
Block processing time: 0.055289 seconds
Computing Block 22 out of 100
Processing Block size=21
begin cleaner{left: ("[FunctionalDependency:(s: {flight}, t: {sched_arr_time})]", 0.0), operator: *, right: (1.0, 1.0), result: 0.0}
列 'p' 不存在，对列 sched_arr_time 不过滤，直接选择所有非无效值。
clean_bool length:2
newest best op: Uniop(df,'sched_arr_time','10:31 AM',(['flight'], {('UA-2515-DFW-CLT',)}),{left: ("[FunctionalDependency:(s: {flight}, t: {sched_arr_time})]", 0.0), operator: *, right: (1.0, 1.0), result: 0.0})
now error: 0.0
Block processing time: 0.031145 seconds
Computing Block 23 out of 100
Processing Block size=21
begin cleaner{left: ("[FunctionalDependency:(s: {flight}, t: {sched_arr_time})]", 0.0), operator: *, right: (1.0, 1.0), result: 0.0}
列 'p' 不存在，对列 sched_arr_time 不过滤，直接选择所有非无效值。
clean_bool length:2
newest best op: Uniop(df,'sched_arr_time','07:03 PM',(['flight'], {('CO-62-IAH-EWR',)}),{left: ("[FunctionalDependency:(s: {flight}, t: {sched_arr_time})]", 0.0), operator: *, right: (1.0, 1.0), result: 0.0})
now error: 0.0
Block processing time: 0.03063 seconds
Computing Block 24 out of 100
Processing Block size=24
begin cleaner{left: ("[FunctionalDependency:(s: {flight}, t: {sched_arr_time})]", 0.0), operator: *, right: (1.0, 1.0), result: 0.0}
列 'p' 不存在，对列 sched_arr_time 不过滤，直接选择所有非无效值。
clean_bool length:3
newest best op: Uniop(df,'sched_arr_time','02:35 PM',(['flight'], {('AA-400-DFW-JFK',)}),{left: ("[FunctionalDependency:(s: {flight}, t: {sched_arr_time})]", 0.0), operator: *, right: (1.0, 1.0), result: 0.0})
now error: 0.0
newest best op: Uniop(df,'sched_arr_time','02:59 PM',(['flight'], {('AA-400-DFW-JFK',)}),{left: ("[FunctionalDependency:(s: {flight}, t: {sched_arr_time})]", 0.0), operator: *, right: (1.0, 1.0), result: 0.0})
now error: 0.0
Block processing time: 0.05219 seconds
Computing Block 25 out of 100
Processing Block size=20
begin cleaner{left: ("[FunctionalDependency:(s: {flight}, t: {sched_arr_time})]", 0.0), operator: *, right: (1.0, 1.0), result: 0.0}
列 'p' 不存在，对列 sched_arr_time 不过滤，直接选择所有非无效值。
clean_bool length:2
newest best op: Uniop(df,'sched_arr_time','02:50 PM',(['flight'], {('CO-58-DEN-IAH',)}),{left: ("[FunctionalDependency:(s: {flight}, t: {sched_arr_time})]", 0.0), operator: *, right: (1.0, 1.0), result: 0.0})
now error: 0.0
Block processing time: 0.029216 seconds
Computing Block 26 out of 100
Processing Block size=26
begin cleaner{left: ("[FunctionalDependency:(s: {flight}, t: {sched_arr_time})]", 0.0), operator: *, right: (1.0, 1.0), result: 0.0}
列 'p' 不存在，对列 sched_arr_time 不过滤，直接选择所有非无效值。
clean_bool length:3
newest best op: Uniop(df,'sched_arr_time','12:21 AM',(['flight'], {('CO-1694-LAX-IAH',)}),{left: ("[FunctionalDependency:(s: {flight}, t: {sched_arr_time})]", 0.0), operator: *, right: (1.0, 1.0), result: 0.0})
now error: 0.0
Block processing time: 0.057179 seconds
Computing Block 27 out of 100
Processing Block size=28
begin cleaner{left: ("[FunctionalDependency:(s: {flight}, t: {sched_arr_time})]", 0.0), operator: *, right: (1.0, 1.0), result: 0.0}
列 'p' 不存在，对列 sched_arr_time 不过滤，直接选择所有非无效值。
clean_bool length:3
newest best op: Uniop(df,'sched_arr_time','06:30 PM',(['flight'], {('AA-3786-IAH-ORD',)}),{left: ("[FunctionalDependency:(s: {flight}, t: {sched_arr_time})]", 0.0), operator: *, right: (1.0, 1.0), result: 0.0})
now error: 0.0
newest best op: Uniop(df,'sched_arr_time','06:40 PM',(['flight'], {('AA-3786-IAH-ORD',)}),{left: ("[FunctionalDependency:(s: {flight}, t: {sched_arr_time})]", 0.0), operator: *, right: (1.0, 1.0), result: 0.0})
now error: 0.0
Block processing time: 0.061571 seconds
Computing Block 28 out of 100
Processing Block size=23
begin cleaner{left: ("[FunctionalDependency:(s: {flight}, t: {sched_arr_time})]", 0.0), operator: *, right: (1.0, 1.0), result: 0.0}
列 'p' 不存在，对列 sched_arr_time 不过滤，直接选择所有非无效值。
clean_bool length:3
newest best op: Uniop(df,'sched_arr_time','03:50 PM',(['flight'], {('AA-4330-CVG-ORD',)}),{left: ("[FunctionalDependency:(s: {flight}, t: {sched_arr_time})]", 0.0), operator: *, right: (1.0, 1.0), result: 0.0})
now error: 0.0
newest best op: Uniop(df,'sched_arr_time','04:00 PM',(['flight'], {('AA-4330-CVG-ORD',)}),{left: ("[FunctionalDependency:(s: {flight}, t: {sched_arr_time})]", 0.0), operator: *, right: (1.0, 1.0), result: 0.0})
now error: 0.0
Block processing time: 0.052545 seconds
Computing Block 29 out of 100
Processing Block size=26
begin cleaner{left: ("[FunctionalDependency:(s: {flight}, t: {sched_arr_time})]", 0.0), operator: *, right: (1.0, 1.0), result: 0.0}
列 'p' 不存在，对列 sched_arr_time 不过滤，直接选择所有非无效值。
clean_bool length:3
newest best op: Uniop(df,'sched_arr_time','12:35 PM',(['flight'], {('AA-616-DFW-DTW',)}),{left: ("[FunctionalDependency:(s: {flight}, t: {sched_arr_time})]", 0.0), operator: *, right: (1.0, 1.0), result: 0.0})
now error: 0.0
Block processing time: 0.06078 seconds
Computing Block 30 out of 100
Processing Block size=20
begin cleaner{left: ("[FunctionalDependency:(s: {flight}, t: {sched_arr_time})]", 0.0), operator: *, right: (1.0, 1.0), result: 0.0}
列 'p' 不存在，对列 sched_arr_time 不过滤，直接选择所有非无效值。
clean_bool length:3
newest best op: Uniop(df,'sched_arr_time','04:52 PM',(['flight'], {('UA-248-PHX-ORD',)}),{left: ("[FunctionalDependency:(s: {flight}, t: {sched_arr_time})]", 0.0), operator: *, right: (1.0, 1.0), result: 0.0})
now error: 0.0
newest best op: Uniop(df,'sched_arr_time','05:15 PM',(['flight'], {('UA-248-PHX-ORD',)}),{left: ("[FunctionalDependency:(s: {flight}, t: {sched_arr_time})]", 0.0), operator: *, right: (1.0, 1.0), result: 0.0})
now error: 0.0
Block processing time: 0.047071 seconds
Computing Block 31 out of 100
Processing Block size=21
begin cleaner{left: ("[FunctionalDependency:(s: {flight}, t: {sched_arr_time})]", 0.0), operator: *, right: (1.0, 1.0), result: 0.0}
列 'p' 不存在，对列 sched_arr_time 不过滤，直接选择所有非无效值。
clean_bool length:3
newest best op: Uniop(df,'sched_arr_time','08:05 PM',(['flight'], {('AA-1007-MIA-PHX',)}),{left: ("[FunctionalDependency:(s: {flight}, t: {sched_arr_time})]", 0.0), operator: *, right: (1.0, 1.0), result: 0.0})
now error: 0.0
Block processing time: 0.049001 seconds
Computing Block 32 out of 100
Processing Block size=26
begin cleaner{left: ("[FunctionalDependency:(s: {flight}, t: {sched_arr_time})]", 0.0), operator: *, right: (1.0, 1.0), result: 0.0}
列 'p' 不存在，对列 sched_arr_time 不过滤，直接选择所有非无效值。
clean_bool length:3
newest best op: Uniop(df,'sched_arr_time','02:45 PM',(['flight'], {('AA-3756-ORD-SLC',)}),{left: ("[FunctionalDependency:(s: {flight}, t: {sched_arr_time})]", 0.0), operator: *, right: (1.0, 1.0), result: 0.0})
now error: 0.0
Block processing time: 0.060265 seconds
Computing Block 33 out of 100
Processing Block size=28
begin cleaner{left: ("[FunctionalDependency:(s: {flight}, t: {sched_arr_time})]", 0.0), operator: *, right: (1.0, 1.0), result: 0.0}
列 'p' 不存在，对列 sched_arr_time 不过滤，直接选择所有非无效值。
clean_bool length:3
newest best op: Uniop(df,'sched_arr_time','09:00 PM',(['flight'], {('AA-4307-ORD-DTW',)}),{left: ("[FunctionalDependency:(s: {flight}, t: {sched_arr_time})]", 0.0), operator: *, right: (1.0, 1.0), result: 0.0})
now error: 0.0
newest best op: Uniop(df,'sched_arr_time','09:10 PM',(['flight'], {('AA-4307-ORD-DTW',)}),{left: ("[FunctionalDependency:(s: {flight}, t: {sched_arr_time})]", 0.0), operator: *, right: (1.0, 1.0), result: 0.0})
now error: 0.0
Block processing time: 0.065045 seconds
Computing Block 34 out of 100
Processing Block size=27
begin cleaner{left: ("[FunctionalDependency:(s: {flight}, t: {sched_arr_time})]", 0.0), operator: *, right: (1.0, 1.0), result: 0.0}
列 'p' 不存在，对列 sched_arr_time 不过滤，直接选择所有非无效值。
clean_bool length:3
newest best op: Uniop(df,'sched_arr_time','06:15 PM',(['flight'], {('UA-257-JFK-SFO',)}),{left: ("[FunctionalDependency:(s: {flight}, t: {sched_arr_time})]", 0.0), operator: *, right: (1.0, 1.0), result: 0.0})
now error: 0.0
Block processing time: 0.059613 seconds
Computing Block 35 out of 100
Processing Block size=25
begin cleaner{left: ("[FunctionalDependency:(s: {flight}, t: {sched_arr_time})]", 0.0), operator: *, right: (1.0, 1.0), result: 0.0}
列 'p' 不存在，对列 sched_arr_time 不过滤，直接选择所有非无效值。
clean_bool length:3
newest best op: Uniop(df,'sched_arr_time','06:55 AM',(['flight'], {('AA-204-LAX-MCO',)}),{left: ("[FunctionalDependency:(s: {flight}, t: {sched_arr_time})]", 0.0), operator: *, right: (1.0, 1.0), result: 0.0})
now error: 0.0
Block processing time: 0.055833 seconds
Computing Block 36 out of 100
Processing Block size=22
begin cleaner{left: ("[FunctionalDependency:(s: {flight}, t: {sched_arr_time})]", 0.0), operator: *, right: (1.0, 1.0), result: 0.0}
列 'p' 不存在，对列 sched_arr_time 不过滤，直接选择所有非无效值。
clean_bool length:2
newest best op: Uniop(df,'sched_arr_time','04:48 PM',(['flight'], {('CO-1250-MIA-IAH',)}),{left: ("[FunctionalDependency:(s: {flight}, t: {sched_arr_time})]", 0.0), operator: *, right: (1.0, 1.0), result: 0.0})
now error: 0.0
Block processing time: 0.032199 seconds
Computing Block 37 out of 100
Processing Block size=22
begin cleaner{left: ("[FunctionalDependency:(s: {flight}, t: {sched_arr_time})]", 0.0), operator: *, right: (1.0, 1.0), result: 0.0}
列 'p' 不存在，对列 sched_arr_time 不过滤，直接选择所有非无效值。
clean_bool length:2
newest best op: Uniop(df,'sched_arr_time','05:25 PM',(['flight'], {('AA-1544-SAN-ORD',)}),{left: ("[FunctionalDependency:(s: {flight}, t: {sched_arr_time})]", 0.0), operator: *, right: (1.0, 1.0), result: 0.0})
now error: 0.0
Block processing time: 0.032613 seconds
Computing Block 38 out of 100
Processing Block size=25
begin cleaner{left: ("[FunctionalDependency:(s: {flight}, t: {sched_arr_time})]", 0.0), operator: *, right: (1.0, 1.0), result: 0.0}
列 'p' 不存在，对列 sched_arr_time 不过滤，直接选择所有非无效值。
clean_bool length:3
newest best op: Uniop(df,'sched_arr_time','12:45 PM',(['flight'], {('AA-4198-ORD-CLE',)}),{left: ("[FunctionalDependency:(s: {flight}, t: {sched_arr_time})]", 0.0), operator: *, right: (1.0, 1.0), result: 0.0})
now error: 0.0
newest best op: Uniop(df,'sched_arr_time','12:55 PM',(['flight'], {('AA-4198-ORD-CLE',)}),{left: ("[FunctionalDependency:(s: {flight}, t: {sched_arr_time})]", 0.0), operator: *, right: (1.0, 1.0), result: 0.0})
now error: 0.0
Block processing time: 0.054947 seconds
Computing Block 39 out of 100
Processing Block size=24
begin cleaner{left: ("[FunctionalDependency:(s: {flight}, t: {sched_arr_time})]", 0.0), operator: *, right: (1.0, 1.0), result: 0.0}
列 'p' 不存在，对列 sched_arr_time 不过滤，直接选择所有非无效值。
clean_bool length:4
newest best op: Uniop(df,'sched_arr_time','02:48 PM',(['flight'], {('UA-382-IAD-LAX',)}),{left: ("[FunctionalDependency:(s: {flight}, t: {sched_arr_time})]", 0.0), operator: *, right: (1.0, 1.0), result: 0.0})
now error: 0.0
newest best op: Uniop(df,'sched_arr_time','03:19 PM',(['flight'], {('UA-382-IAD-LAX',)}),{left: ("[FunctionalDependency:(s: {flight}, t: {sched_arr_time})]", 0.0), operator: *, right: (1.0, 1.0), result: 0.0})
now error: 0.0
Block processing time: 0.072376 seconds
Computing Block 40 out of 100
Processing Block size=27
begin cleaner{left: ("[FunctionalDependency:(s: {flight}, t: {sched_arr_time})]", 0.0), operator: *, right: (1.0, 1.0), result: 0.0}
列 'p' 不存在，对列 sched_arr_time 不过滤，直接选择所有非无效值。
clean_bool length:3
newest best op: Uniop(df,'sched_arr_time','09:30 AM',(['flight'], {('AA-3859-IAH-ORD',)}),{left: ("[FunctionalDependency:(s: {flight}, t: {sched_arr_time})]", 0.0), operator: *, right: (1.0, 1.0), result: 0.0})
now error: 0.0
newest best op: Uniop(df,'sched_arr_time','09:40 AM',(['flight'], {('AA-3859-IAH-ORD',)}),{left: ("[FunctionalDependency:(s: {flight}, t: {sched_arr_time})]", 0.0), operator: *, right: (1.0, 1.0), result: 0.0})
now error: 0.0
Block processing time: 0.059753 seconds
Computing Block 41 out of 100
Processing Block size=21
begin cleaner{left: ("[FunctionalDependency:(s: {flight}, t: {sched_arr_time})]", 0.0), operator: *, right: (1.0, 1.0), result: 0.0}
列 'p' 不存在，对列 sched_arr_time 不过滤，直接选择所有非无效值。
clean_bool length:2
newest best op: Uniop(df,'sched_arr_time','06:44 PM',(['flight'], {('CO-16-LAX-EWR',)}),{left: ("[FunctionalDependency:(s: {flight}, t: {sched_arr_time})]", 0.0), operator: *, right: (1.0, 1.0), result: 0.0})
now error: 0.0
Block processing time: 0.030991 seconds
Computing Block 42 out of 100
Processing Block size=23
begin cleaner{left: ("[FunctionalDependency:(s: {flight}, t: {sched_arr_time})]", 0.0), operator: *, right: (1.0, 1.0), result: 0.0}
列 'p' 不存在，对列 sched_arr_time 不过滤，直接选择所有非无效值。
clean_bool length:2
newest best op: Uniop(df,'sched_arr_time','09:24 AM',(['flight'], {('UA-3373-IAD-PHL',)}),{left: ("[FunctionalDependency:(s: {flight}, t: {sched_arr_time})]", 0.0), operator: *, right: (1.0, 1.0), result: 0.0})
now error: 0.0
Block processing time: 0.034382 seconds
Computing Block 43 out of 100
Processing Block size=21
begin cleaner{left: ("[FunctionalDependency:(s: {flight}, t: {sched_arr_time})]", 0.0), operator: *, right: (1.0, 1.0), result: 0.0}
列 'p' 不存在，对列 sched_arr_time 不过滤，直接选择所有非无效值。
clean_bool length:3
newest best op: Uniop(df,'sched_arr_time','04:17 PM',(['flight'], {('UA-37-EWR-MCO',)}),{left: ("[FunctionalDependency:(s: {flight}, t: {sched_arr_time})]", 0.0), operator: *, right: (1.0, 1.0), result: 0.0})
now error: 0.0
Block processing time: 0.046666 seconds
Computing Block 44 out of 100
Processing Block size=21
begin cleaner{left: ("[FunctionalDependency:(s: {flight}, t: {sched_arr_time})]", 0.0), operator: *, right: (1.0, 1.0), result: 0.0}
列 'p' 不存在，对列 sched_arr_time 不过滤，直接选择所有非无效值。
clean_bool length:2
newest best op: Uniop(df,'sched_arr_time','05:05 PM',(['flight'], {('UA-2830-MCO-CLT',)}),{left: ("[FunctionalDependency:(s: {flight}, t: {sched_arr_time})]", 0.0), operator: *, right: (1.0, 1.0), result: 0.0})
now error: 0.0
Block processing time: 0.031576 seconds
Computing Block 45 out of 100
Processing Block size=24
begin cleaner{left: ("[FunctionalDependency:(s: {flight}, t: {sched_arr_time})]", 0.0), operator: *, right: (1.0, 1.0), result: 0.0}
列 'p' 不存在，对列 sched_arr_time 不过滤，直接选择所有非无效值。
clean_bool length:3
newest best op: Uniop(df,'sched_arr_time','03:30 PM',(['flight'], {('AA-222-LAX-BOS',)}),{left: ("[FunctionalDependency:(s: {flight}, t: {sched_arr_time})]", 0.0), operator: *, right: (1.0, 1.0), result: 0.0})
now error: 0.0
Block processing time: 0.055829 seconds
Computing Block 46 out of 100
Processing Block size=20
begin cleaner{left: ("[FunctionalDependency:(s: {flight}, t: {sched_arr_time})]", 0.0), operator: *, right: (1.0, 1.0), result: 0.0}
列 'p' 不存在，对列 sched_arr_time 不过滤，直接选择所有非无效值。
clean_bool length:2
newest best op: Uniop(df,'sched_arr_time','10:54 AM',(['flight'], {('CO-1088-CLE-IAH',)}),{left: ("[FunctionalDependency:(s: {flight}, t: {sched_arr_time})]", 0.0), operator: *, right: (1.0, 1.0), result: 0.0})
now error: 0.0
Block processing time: 0.031235 seconds
Computing Block 47 out of 100
Processing Block size=28
begin cleaner{left: ("[FunctionalDependency:(s: {flight}, t: {sched_arr_time})]", 0.0), operator: *, right: (1.0, 1.0), result: 0.0}
列 'p' 不存在，对列 sched_arr_time 不过滤，直接选择所有非无效值。
clean_bool length:3
newest best op: Uniop(df,'sched_arr_time','02:17 PM',(['flight'], {('AA-789-ORD-DEN',)}),{left: ("[FunctionalDependency:(s: {flight}, t: {sched_arr_time})]", 0.0), operator: *, right: (1.0, 1.0), result: 0.0})
now error: 0.0
newest best op: Uniop(df,'sched_arr_time','02:35 PM',(['flight'], {('AA-789-ORD-DEN',)}),{left: ("[FunctionalDependency:(s: {flight}, t: {sched_arr_time})]", 0.0), operator: *, right: (1.0, 1.0), result: 0.0})
now error: 0.0
Block processing time: 0.061196 seconds
Computing Block 48 out of 100
Processing Block size=27
begin cleaner{left: ("[FunctionalDependency:(s: {flight}, t: {sched_arr_time})]", 0.0), operator: *, right: (1.0, 1.0), result: 0.0}
列 'p' 不存在，对列 sched_arr_time 不过滤，直接选择所有非无效值。
clean_bool length:3
newest best op: Uniop(df,'sched_arr_time','09:45 AM',(['flight'], {('AA-3468-CVG-MIA',)}),{left: ("[FunctionalDependency:(s: {flight}, t: {sched_arr_time})]", 0.0), operator: *, right: (1.0, 1.0), result: 0.0})
now error: 0.0
newest best op: Uniop(df,'sched_arr_time','09:55 AM',(['flight'], {('AA-3468-CVG-MIA',)}),{left: ("[FunctionalDependency:(s: {flight}, t: {sched_arr_time})]", 0.0), operator: *, right: (1.0, 1.0), result: 0.0})
now error: 0.0
Block processing time: 0.059568 seconds
Computing Block 49 out of 100
Processing Block size=25
begin cleaner{left: ("[FunctionalDependency:(s: {flight}, t: {sched_arr_time})]", 0.0), operator: *, right: (1.0, 1.0), result: 0.0}
列 'p' 不存在，对列 sched_arr_time 不过滤，直接选择所有非无效值。
clean_bool length:3
newest best op: Uniop(df,'sched_arr_time','03:15 PM',(['flight'], {('AA-3-JFK-LAX',)}),{left: ("[FunctionalDependency:(s: {flight}, t: {sched_arr_time})]", 0.0), operator: *, right: (1.0, 1.0), result: 0.0})
now error: 0.0
Block processing time: 0.105486 seconds
Computing Block 50 out of 100
Processing Block size=26
begin cleaner{left: ("[FunctionalDependency:(s: {flight}, t: {sched_arr_time})]", 0.0), operator: *, right: (1.0, 1.0), result: 0.0}
列 'p' 不存在，对列 sched_arr_time 不过滤，直接选择所有非无效值。
clean_bool length:3
newest best op: Uniop(df,'sched_arr_time','11:35 AM',(['flight'], {('AA-2268-PHX-ORD',)}),{left: ("[FunctionalDependency:(s: {flight}, t: {sched_arr_time})]", 0.0), operator: *, right: (1.0, 1.0), result: 0.0})
now error: 0.0
Block processing time: 0.058106 seconds
Computing Block 51 out of 100
Processing Block size=26
begin cleaner{left: ("[FunctionalDependency:(s: {flight}, t: {sched_arr_time})]", 0.0), operator: *, right: (1.0, 1.0), result: 0.0}
列 'p' 不存在，对列 sched_arr_time 不过滤，直接选择所有非无效值。
clean_bool length:3
newest best op: Uniop(df,'sched_arr_time','07:26 PM',(['flight'], {('AA-484-DFW-MIA',)}),{left: ("[FunctionalDependency:(s: {flight}, t: {sched_arr_time})]", 0.0), operator: *, right: (1.0, 1.0), result: 0.0})
now error: 0.0
newest best op: Uniop(df,'sched_arr_time','07:55 PM',(['flight'], {('AA-484-DFW-MIA',)}),{left: ("[FunctionalDependency:(s: {flight}, t: {sched_arr_time})]", 0.0), operator: *, right: (1.0, 1.0), result: 0.0})
now error: 0.0
Block processing time: 0.058106 seconds
Computing Block 52 out of 100
Processing Block size=22
begin cleaner{left: ("[FunctionalDependency:(s: {flight}, t: {sched_arr_time})]", 0.0), operator: *, right: (1.0, 1.0), result: 0.0}
列 'p' 不存在，对列 sched_arr_time 不过滤，直接选择所有非无效值。
clean_bool length:3
newest best op: Uniop(df,'sched_arr_time','07:05 PM',(['flight'], {('CO-45-EWR-MIA',)}),{left: ("[FunctionalDependency:(s: {flight}, t: {sched_arr_time})]", 0.0), operator: *, right: (1.0, 1.0), result: 0.0})
now error: 0.0
Block processing time: 0.049452 seconds
Computing Block 53 out of 100
Processing Block size=21
begin cleaner{left: ("[FunctionalDependency:(s: {flight}, t: {sched_arr_time})]", 0.0), operator: *, right: (1.0, 1.0), result: 0.0}
列 'p' 不存在，对列 sched_arr_time 不过滤，直接选择所有非无效值。
clean_bool length:2
newest best op: Uniop(df,'sched_arr_time','01:40 PM',(['flight'], {('UA-2704-DTW-PHX',)}),{left: ("[FunctionalDependency:(s: {flight}, t: {sched_arr_time})]", 0.0), operator: *, right: (1.0, 1.0), result: 0.0})
now error: 0.0
Block processing time: 0.031514 seconds
Computing Block 54 out of 100
Processing Block size=29
begin cleaner{left: ("[FunctionalDependency:(s: {flight}, t: {sched_arr_time})]", 0.0), operator: *, right: (1.0, 1.0), result: 0.0}
列 'p' 不存在，对列 sched_arr_time 不过滤，直接选择所有非无效值。
clean_bool length:3
newest best op: Uniop(df,'sched_arr_time','10:45 AM',(['flight'], {('AA-59-JFK-SFO',)}),{left: ("[FunctionalDependency:(s: {flight}, t: {sched_arr_time})]", 0.0), operator: *, right: (1.0, 1.0), result: 0.0})
now error: 0.0
Block processing time: 0.065041 seconds
Computing Block 55 out of 100
Processing Block size=26
begin cleaner{left: ("[FunctionalDependency:(s: {flight}, t: {sched_arr_time})]", 0.0), operator: *, right: (1.0, 1.0), result: 0.0}
列 'p' 不存在，对列 sched_arr_time 不过滤，直接选择所有非无效值。
clean_bool length:3
newest best op: Uniop(df,'sched_arr_time','10:18 AM',(['flight'], {('AA-1434-DFW-MCO',)}),{left: ("[FunctionalDependency:(s: {flight}, t: {sched_arr_time})]", 0.0), operator: *, right: (1.0, 1.0), result: 0.0})
now error: 0.0
newest best op: Uniop(df,'sched_arr_time','10:35 AM',(['flight'], {('AA-1434-DFW-MCO',)}),{left: ("[FunctionalDependency:(s: {flight}, t: {sched_arr_time})]", 0.0), operator: *, right: (1.0, 1.0), result: 0.0})
now error: 0.0
Block processing time: 0.060432 seconds
Computing Block 56 out of 100
Processing Block size=21
begin cleaner{left: ("[FunctionalDependency:(s: {flight}, t: {sched_arr_time})]", 0.0), operator: *, right: (1.0, 1.0), result: 0.0}
列 'p' 不存在，对列 sched_arr_time 不过滤，直接选择所有非无效值。
clean_bool length:3
newest best op: Uniop(df,'sched_arr_time','08:04 PM',(['flight'], {('CO-63-EWR-IAH',)}),{left: ("[FunctionalDependency:(s: {flight}, t: {sched_arr_time})]", 0.0), operator: *, right: (1.0, 1.0), result: 0.0})
now error: 0.0
newest best op: Uniop(df,'sched_arr_time','08:22 PM',(['flight'], {('CO-63-EWR-IAH',)}),{left: ("[FunctionalDependency:(s: {flight}, t: {sched_arr_time})]", 0.0), operator: *, right: (1.0, 1.0), result: 0.0})
now error: 0.0
Block processing time: 0.049873 seconds
Computing Block 57 out of 100
Processing Block size=26
begin cleaner{left: ("[FunctionalDependency:(s: {flight}, t: {sched_arr_time})]", 0.0), operator: *, right: (1.0, 1.0), result: 0.0}
列 'p' 不存在，对列 sched_arr_time 不过滤，直接选择所有非无效值。
clean_bool length:3
newest best op: Uniop(df,'sched_arr_time','12:05 AM',(['flight'], {('AA-3823-LAX-DEN',)}),{left: ("[FunctionalDependency:(s: {flight}, t: {sched_arr_time})]", 0.0), operator: *, right: (1.0, 1.0), result: 0.0})
now error: 0.0
newest best op: Uniop(df,'sched_arr_time','12:15 AM',(['flight'], {('AA-3823-LAX-DEN',)}),{left: ("[FunctionalDependency:(s: {flight}, t: {sched_arr_time})]", 0.0), operator: *, right: (1.0, 1.0), result: 0.0})
now error: 0.0
Block processing time: 0.060483 seconds
Computing Block 58 out of 100
Processing Block size=20
begin cleaner{left: ("[FunctionalDependency:(s: {flight}, t: {sched_arr_time})]", 0.0), operator: *, right: (1.0, 1.0), result: 0.0}
列 'p' 不存在，对列 sched_arr_time 不过滤，直接选择所有非无效值。
clean_bool length:2
newest best op: Uniop(df,'sched_arr_time','07:03 PM',(['flight'], {('UA-62-IAH-EWR',)}),{left: ("[FunctionalDependency:(s: {flight}, t: {sched_arr_time})]", 0.0), operator: *, right: (1.0, 1.0), result: 0.0})
now error: 0.0
Block processing time: 0.031674 seconds
Computing Block 59 out of 100
Processing Block size=23
begin cleaner{left: ("[FunctionalDependency:(s: {flight}, t: {sched_arr_time})]", 0.0), operator: *, right: (1.0, 1.0), result: 0.0}
列 'p' 不存在，对列 sched_arr_time 不过滤，直接选择所有非无效值。
clean_bool length:2
newest best op: Uniop(df,'sched_arr_time','07:23 AM',(['flight'], {('UA-414-LAX-SFO',)}),{left: ("[FunctionalDependency:(s: {flight}, t: {sched_arr_time})]", 0.0), operator: *, right: (1.0, 1.0), result: 0.0})
now error: 0.0
Block processing time: 0.036534 seconds
Computing Block 60 out of 100
Processing Block size=23
begin cleaner{left: ("[FunctionalDependency:(s: {flight}, t: {sched_arr_time})]", 0.0), operator: *, right: (1.0, 1.0), result: 0.0}
列 'p' 不存在，对列 sched_arr_time 不过滤，直接选择所有非无效值。
clean_bool length:2
newest best op: Uniop(df,'sched_arr_time','07:35 PM',(['flight'], {('UA-938-DEN-ORD',)}),{left: ("[FunctionalDependency:(s: {flight}, t: {sched_arr_time})]", 0.0), operator: *, right: (1.0, 1.0), result: 0.0})
now error: 0.0
Block processing time: 0.035041 seconds
Computing Block 61 out of 100
Processing Block size=23
begin cleaner{left: ("[FunctionalDependency:(s: {flight}, t: {sched_arr_time})]", 0.0), operator: *, right: (1.0, 1.0), result: 0.0}
列 'p' 不存在，对列 sched_arr_time 不过滤，直接选择所有非无效值。
clean_bool length:2
newest best op: Uniop(df,'sched_arr_time','02:00 PM',(['flight'], {('AA-4344-ORD-DTW',)}),{left: ("[FunctionalDependency:(s: {flight}, t: {sched_arr_time})]", 0.0), operator: *, right: (1.0, 1.0), result: 0.0})
now error: 0.0
Block processing time: 0.034634 seconds
Computing Block 62 out of 100
Processing Block size=27
begin cleaner{left: ("[FunctionalDependency:(s: {flight}, t: {sched_arr_time})]", 0.0), operator: *, right: (1.0, 1.0), result: 0.0}
列 'p' 不存在，对列 sched_arr_time 不过滤，直接选择所有非无效值。
clean_bool length:3
newest best op: Uniop(df,'sched_arr_time','03:55 PM',(['flight'], {('AA-3804-PHL-ORD',)}),{left: ("[FunctionalDependency:(s: {flight}, t: {sched_arr_time})]", 0.0), operator: *, right: (1.0, 1.0), result: 0.0})
now error: 0.0
newest best op: Uniop(df,'sched_arr_time','04:05 PM',(['flight'], {('AA-3804-PHL-ORD',)}),{left: ("[FunctionalDependency:(s: {flight}, t: {sched_arr_time})]", 0.0), operator: *, right: (1.0, 1.0), result: 0.0})
now error: 0.0
Block processing time: 0.060357 seconds
Computing Block 63 out of 100
Processing Block size=26
begin cleaner{left: ("[FunctionalDependency:(s: {flight}, t: {sched_arr_time})]", 0.0), operator: *, right: (1.0, 1.0), result: 0.0}
列 'p' 不存在，对列 sched_arr_time 不过滤，直接选择所有非无效值。
clean_bool length:3
newest best op: Uniop(df,'sched_arr_time','02:15 PM',(['flight'], {('AA-4277-CVG-JFK',)}),{left: ("[FunctionalDependency:(s: {flight}, t: {sched_arr_time})]", 0.0), operator: *, right: (1.0, 1.0), result: 0.0})
now error: 0.0
Block processing time: 0.057905 seconds
Computing Block 64 out of 100
Processing Block size=29
begin cleaner{left: ("[FunctionalDependency:(s: {flight}, t: {sched_arr_time})]", 0.0), operator: *, right: (1.0, 1.0), result: 0.0}
列 'p' 不存在，对列 sched_arr_time 不过滤，直接选择所有非无效值。
clean_bool length:3
newest best op: Uniop(df,'sched_arr_time','04:20 PM',(['flight'], {('UA-664-ORD-PHL',)}),{left: ("[FunctionalDependency:(s: {flight}, t: {sched_arr_time})]", 0.0), operator: *, right: (1.0, 1.0), result: 0.0})
now error: 0.0
newest best op: Uniop(df,'sched_arr_time','04:31 PM',(['flight'], {('UA-664-ORD-PHL',)}),{left: ("[FunctionalDependency:(s: {flight}, t: {sched_arr_time})]", 0.0), operator: *, right: (1.0, 1.0), result: 0.0})
now error: 0.0
Block processing time: 0.06497 seconds
Computing Block 65 out of 100
Processing Block size=21
begin cleaner{left: ("[FunctionalDependency:(s: {flight}, t: {sched_arr_time})]", 0.0), operator: *, right: (1.0, 1.0), result: 0.0}
列 'p' 不存在，对列 sched_arr_time 不过滤，直接选择所有非无效值。
clean_bool length:4
newest best op: Uniop(df,'sched_arr_time','10:48 PM',(['flight'], {('CO-47-IAH-LAX',)}),{left: ("[FunctionalDependency:(s: {flight}, t: {sched_arr_time})]", 0.0), operator: *, right: (1.0, 1.0), result: 0.0})
now error: 0.0
newest best op: Uniop(df,'sched_arr_time','08:46 PM',(['flight'], {('CO-47-IAH-LAX',)}),{left: ("[FunctionalDependency:(s: {flight}, t: {sched_arr_time})]", 0.0), operator: *, right: (1.0, 1.0), result: 0.0})
now error: 0.0
newest best op: Uniop(df,'sched_arr_time','08:56 PM',(['flight'], {('CO-47-IAH-LAX',)}),{left: ("[FunctionalDependency:(s: {flight}, t: {sched_arr_time})]", 0.0), operator: *, right: (1.0, 1.0), result: 0.0})
now error: 0.0
Block processing time: 0.063465 seconds
Computing Block 66 out of 100
Processing Block size=22
begin cleaner{left: ("[FunctionalDependency:(s: {flight}, t: {sched_arr_time})]", 0.0), operator: *, right: (1.0, 1.0), result: 0.0}
列 'p' 不存在，对列 sched_arr_time 不过滤，直接选择所有非无效值。
clean_bool length:2
newest best op: Uniop(df,'sched_arr_time','05:35 AM',(['flight'], {('CO-1614-LAX-IAH',)}),{left: ("[FunctionalDependency:(s: {flight}, t: {sched_arr_time})]", 0.0), operator: *, right: (1.0, 1.0), result: 0.0})
now error: 0.0
Block processing time: 0.032139 seconds
Computing Block 67 out of 100
Processing Block size=21
begin cleaner{left: ("[FunctionalDependency:(s: {flight}, t: {sched_arr_time})]", 0.0), operator: *, right: (1.0, 1.0), result: 0.0}
列 'p' 不存在，对列 sched_arr_time 不过滤，直接选择所有非无效值。
clean_bool length:2
newest best op: Uniop(df,'sched_arr_time','01:16 PM',(['flight'], {('CO-1090-BOS-IAH',)}),{left: ("[FunctionalDependency:(s: {flight}, t: {sched_arr_time})]", 0.0), operator: *, right: (1.0, 1.0), result: 0.0})
now error: 0.0
Block processing time: 0.03161 seconds
Computing Block 68 out of 100
Processing Block size=27
begin cleaner{left: ("[FunctionalDependency:(s: {flight}, t: {sched_arr_time})]", 0.0), operator: *, right: (1.0, 1.0), result: 0.0}
列 'p' 不存在，对列 sched_arr_time 不过滤，直接选择所有非无效值。
clean_bool length:3
newest best op: Uniop(df,'sched_arr_time','12:29 AM',(['flight'], {('UA-233-LAX-JFK',)}),{left: ("[FunctionalDependency:(s: {flight}, t: {sched_arr_time})]", 0.0), operator: *, right: (1.0, 1.0), result: 0.0})
now error: 0.0
Block processing time: 0.060779 seconds
Computing Block 69 out of 100
Processing Block size=26
begin cleaner{left: ("[FunctionalDependency:(s: {flight}, t: {sched_arr_time})]", 0.0), operator: *, right: (1.0, 1.0), result: 0.0}
列 'p' 不存在，对列 sched_arr_time 不过滤，直接选择所有非无效值。
clean_bool length:3
newest best op: Uniop(df,'sched_arr_time','11:10 AM',(['flight'], {('AA-2525-DFW-MIA',)}),{left: ("[FunctionalDependency:(s: {flight}, t: {sched_arr_time})]", 0.0), operator: *, right: (1.0, 1.0), result: 0.0})
now error: 0.0
Block processing time: 0.05832 seconds
Computing Block 70 out of 100
Processing Block size=22
begin cleaner{left: ("[FunctionalDependency:(s: {flight}, t: {sched_arr_time})]", 0.0), operator: *, right: (1.0, 1.0), result: 0.0}
列 'p' 不存在，对列 sched_arr_time 不过滤，直接选择所有非无效值。
clean_bool length:3
newest best op: Uniop(df,'sched_arr_time','12:51 PM',(['flight'], {('CO-1023-IAH-DEN',)}),{left: ("[FunctionalDependency:(s: {flight}, t: {sched_arr_time})]", 0.0), operator: *, right: (1.0, 1.0), result: 0.0})
now error: 0.0
newest best op: Uniop(df,'sched_arr_time','01:17 PM',(['flight'], {('CO-1023-IAH-DEN',)}),{left: ("[FunctionalDependency:(s: {flight}, t: {sched_arr_time})]", 0.0), operator: *, right: (1.0, 1.0), result: 0.0})
now error: 0.0
Block processing time: 0.051258 seconds
Computing Block 71 out of 100
Processing Block size=22
begin cleaner{left: ("[FunctionalDependency:(s: {flight}, t: {sched_arr_time})]", 0.0), operator: *, right: (1.0, 1.0), result: 0.0}
列 'p' 不存在，对列 sched_arr_time 不过滤，直接选择所有非无效值。
clean_bool length:2
newest best op: Uniop(df,'sched_arr_time','11:55 AM',(['flight'], {('UA-397-JFK-SFO',)}),{left: ("[FunctionalDependency:(s: {flight}, t: {sched_arr_time})]", 0.0), operator: *, right: (1.0, 1.0), result: 0.0})
now error: 0.0
Block processing time: 0.034196 seconds
Computing Block 72 out of 100
Processing Block size=20
begin cleaner{left: ("[FunctionalDependency:(s: {flight}, t: {sched_arr_time})]", 0.0), operator: *, right: (1.0, 1.0), result: 0.0}
列 'p' 不存在，对列 sched_arr_time 不过滤，直接选择所有非无效值。
clean_bool length:3
newest best op: Uniop(df,'sched_arr_time','09:11 AM',(['flight'], {('CO-52-IAH-LAX',)}),{left: ("[FunctionalDependency:(s: {flight}, t: {sched_arr_time})]", 0.0), operator: *, right: (1.0, 1.0), result: 0.0})
now error: 0.0
newest best op: Uniop(df,'sched_arr_time','09:21 AM',(['flight'], {('CO-52-IAH-LAX',)}),{left: ("[FunctionalDependency:(s: {flight}, t: {sched_arr_time})]", 0.0), operator: *, right: (1.0, 1.0), result: 0.0})
now error: 0.0
Block processing time: 0.045644 seconds
Computing Block 73 out of 100
Processing Block size=19
begin cleaner{left: ("[FunctionalDependency:(s: {flight}, t: {sched_arr_time})]", 0.0), operator: *, right: (1.0, 1.0), result: 0.0}
列 'p' 不存在，对列 sched_arr_time 不过滤，直接选择所有非无效值。
clean_bool length:2
newest best op: Uniop(df,'sched_arr_time','02:20 PM',(['flight'], {('AA-1886-BOS-MIA',)}),{left: ("[FunctionalDependency:(s: {flight}, t: {sched_arr_time})]", 0.0), operator: *, right: (1.0, 1.0), result: 0.0})
now error: 0.0
Block processing time: 0.03087 seconds
Computing Block 74 out of 100
Processing Block size=23
begin cleaner{left: ("[FunctionalDependency:(s: {flight}, t: {sched_arr_time})]", 0.0), operator: *, right: (1.0, 1.0), result: 0.0}
列 'p' 不存在，对列 sched_arr_time 不过滤，直接选择所有非无效值。
clean_bool length:3
newest best op: Uniop(df,'sched_arr_time','09:25 AM',(['flight'], {('AA-518-MIA-JFK',)}),{left: ("[FunctionalDependency:(s: {flight}, t: {sched_arr_time})]", 0.0), operator: *, right: (1.0, 1.0), result: 0.0})
now error: 0.0
Block processing time: 0.052304 seconds
Computing Block 75 out of 100
Processing Block size=21
begin cleaner{left: ("[FunctionalDependency:(s: {flight}, t: {sched_arr_time})]", 0.0), operator: *, right: (1.0, 1.0), result: 0.0}
列 'p' 不存在，对列 sched_arr_time 不过滤，直接选择所有非无效值。
clean_bool length:2
newest best op: Uniop(df,'sched_arr_time','11:35 AM',(['flight'], {('CO-1561-PHX-IAH',)}),{left: ("[FunctionalDependency:(s: {flight}, t: {sched_arr_time})]", 0.0), operator: *, right: (1.0, 1.0), result: 0.0})
now error: 0.0
Block processing time: 0.031812 seconds
Computing Block 76 out of 100
Processing Block size=26
begin cleaner{left: ("[FunctionalDependency:(s: {flight}, t: {sched_arr_time})]", 0.0), operator: *, right: (1.0, 1.0), result: 0.0}
列 'p' 不存在，对列 sched_arr_time 不过滤，直接选择所有非无效值。
clean_bool length:3
newest best op: Uniop(df,'sched_arr_time','09:00 AM',(['flight'], {('AA-643-MIA-ORD',)}),{left: ("[FunctionalDependency:(s: {flight}, t: {sched_arr_time})]", 0.0), operator: *, right: (1.0, 1.0), result: 0.0})
now error: 0.0
newest best op: Uniop(df,'sched_arr_time','09:35 AM',(['flight'], {('AA-643-MIA-ORD',)}),{left: ("[FunctionalDependency:(s: {flight}, t: {sched_arr_time})]", 0.0), operator: *, right: (1.0, 1.0), result: 0.0})
now error: 0.0
Block processing time: 0.058914 seconds
Computing Block 77 out of 100
Processing Block size=18
begin cleaner{left: ("[FunctionalDependency:(s: {flight}, t: {sched_arr_time})]", 0.0), operator: *, right: (1.0, 1.0), result: 0.0}
列 'p' 不存在，对列 sched_arr_time 不过滤，直接选择所有非无效值。
clean_bool length:2
newest best op: Uniop(df,'sched_arr_time','11:19 AM',(['flight'], {('UA-5487-SFO-MRY',)}),{left: ("[FunctionalDependency:(s: {flight}, t: {sched_arr_time})]", 0.0), operator: *, right: (1.0, 1.0), result: 0.0})
now error: 0.0
Block processing time: 0.027963 seconds
Computing Block 78 out of 100
Processing Block size=25
begin cleaner{left: ("[FunctionalDependency:(s: {flight}, t: {sched_arr_time})]", 0.0), operator: *, right: (1.0, 1.0), result: 0.0}
列 'p' 不存在，对列 sched_arr_time 不过滤，直接选择所有非无效值。
clean_bool length:3
newest best op: Uniop(df,'sched_arr_time','02:14 PM',(['flight'], {('AA-1279-DFW-PHX',)}),{left: ("[FunctionalDependency:(s: {flight}, t: {sched_arr_time})]", 0.0), operator: *, right: (1.0, 1.0), result: 0.0})
now error: 0.0
newest best op: Uniop(df,'sched_arr_time','02:35 PM',(['flight'], {('AA-1279-DFW-PHX',)}),{left: ("[FunctionalDependency:(s: {flight}, t: {sched_arr_time})]", 0.0), operator: *, right: (1.0, 1.0), result: 0.0})
now error: 0.0
Block processing time: 0.056252 seconds
Computing Block 79 out of 100
Processing Block size=27
begin cleaner{left: ("[FunctionalDependency:(s: {flight}, t: {sched_arr_time})]", 0.0), operator: *, right: (1.0, 1.0), result: 0.0}
列 'p' 不存在，对列 sched_arr_time 不过滤，直接选择所有非无效值。
clean_bool length:3
newest best op: Uniop(df,'sched_arr_time','06:40 AM',(['flight'], {('AA-3809-PHX-LAX',)}),{left: ("[FunctionalDependency:(s: {flight}, t: {sched_arr_time})]", 0.0), operator: *, right: (1.0, 1.0), result: 0.0})
now error: 0.0
Block processing time: 0.061079 seconds
Computing Block 80 out of 100
Processing Block size=17
begin cleaner{left: ("[FunctionalDependency:(s: {flight}, t: {sched_arr_time})]", 0.0), operator: *, right: (1.0, 1.0), result: 0.0}
列 'p' 不存在，对列 sched_arr_time 不过滤，直接选择所有非无效值。
clean_bool length:3
newest best op: Uniop(df,'sched_arr_time','12:05 PM',(['flight'], {('UA-1500-IAH-GUA',)}),{left: ("[FunctionalDependency:(s: {flight}, t: {sched_arr_time})]", 0.0), operator: *, right: (1.0, 1.0), result: 0.0})
now error: 0.0
newest best op: Uniop(df,'sched_arr_time','11:45 AM',(['flight'], {('UA-1500-IAH-GUA',)}),{left: ("[FunctionalDependency:(s: {flight}, t: {sched_arr_time})]", 0.0), operator: *, right: (1.0, 1.0), result: 0.0})
now error: 0.0
Block processing time: 0.038601 seconds
Computing Block 81 out of 100
Processing Block size=24
begin cleaner{left: ("[FunctionalDependency:(s: {flight}, t: {sched_arr_time})]", 0.0), operator: *, right: (1.0, 1.0), result: 0.0}
列 'p' 不存在，对列 sched_arr_time 不过滤，直接选择所有非无效值。
clean_bool length:3
newest best op: Uniop(df,'sched_arr_time','06:00 PM',(['flight'], {('UA-2906-PHL-MCO',)}),{left: ("[FunctionalDependency:(s: {flight}, t: {sched_arr_time})]", 0.0), operator: *, right: (1.0, 1.0), result: 0.0})
now error: 0.0
newest best op: Uniop(df,'sched_arr_time','06:23 PM',(['flight'], {('UA-2906-PHL-MCO',)}),{left: ("[FunctionalDependency:(s: {flight}, t: {sched_arr_time})]", 0.0), operator: *, right: (1.0, 1.0), result: 0.0})
now error: 0.0
Block processing time: 0.053553 seconds
Computing Block 82 out of 100
Processing Block size=28
begin cleaner{left: ("[FunctionalDependency:(s: {flight}, t: {sched_arr_time})]", 0.0), operator: *, right: (1.0, 1.0), result: 0.0}
列 'p' 不存在，对列 sched_arr_time 不过滤，直接选择所有非无效值。
clean_bool length:3
newest best op: Uniop(df,'sched_arr_time','07:25 PM',(['flight'], {('AA-1640-MIA-MCO',)}),{left: ("[FunctionalDependency:(s: {flight}, t: {sched_arr_time})]", 0.0), operator: *, right: (1.0, 1.0), result: 0.0})
now error: 0.0
Block processing time: 0.065492 seconds
Computing Block 83 out of 100
Processing Block size=28
begin cleaner{left: ("[FunctionalDependency:(s: {flight}, t: {sched_arr_time})]", 0.0), operator: *, right: (1.0, 1.0), result: 0.0}
列 'p' 不存在，对列 sched_arr_time 不过滤，直接选择所有非无效值。
clean_bool length:3
newest best op: Uniop(df,'sched_arr_time','09:45 PM',(['flight'], {('AA-1221-MCO-ORD',)}),{left: ("[FunctionalDependency:(s: {flight}, t: {sched_arr_time})]", 0.0), operator: *, right: (1.0, 1.0), result: 0.0})
now error: 0.0
Block processing time: 0.065355 seconds
Computing Block 84 out of 100
Processing Block size=27
begin cleaner{left: ("[FunctionalDependency:(s: {flight}, t: {sched_arr_time})]", 0.0), operator: *, right: (1.0, 1.0), result: 0.0}
列 'p' 不存在，对列 sched_arr_time 不过滤，直接选择所有非无效值。
clean_bool length:3
newest best op: Uniop(df,'sched_arr_time','11:31 PM',(['flight'], {('AA-2312-DFW-DTW',)}),{left: ("[FunctionalDependency:(s: {flight}, t: {sched_arr_time})]", 0.0), operator: *, right: (1.0, 1.0), result: 0.0})
now error: 0.0
newest best op: Uniop(df,'sched_arr_time','11:50 PM',(['flight'], {('AA-2312-DFW-DTW',)}),{left: ("[FunctionalDependency:(s: {flight}, t: {sched_arr_time})]", 0.0), operator: *, right: (1.0, 1.0), result: 0.0})
now error: 0.0
Block processing time: 0.062361 seconds
Computing Block 85 out of 100
Processing Block size=24
begin cleaner{left: ("[FunctionalDependency:(s: {flight}, t: {sched_arr_time})]", 0.0), operator: *, right: (1.0, 1.0), result: 0.0}
列 'p' 不存在，对列 sched_arr_time 不过滤，直接选择所有非无效值。
clean_bool length:3
newest best op: Uniop(df,'sched_arr_time','05:11 AM',(['flight'], {('UA-828-SFO-ORD',)}),{left: ("[FunctionalDependency:(s: {flight}, t: {sched_arr_time})]", 0.0), operator: *, right: (1.0, 1.0), result: 0.0})
now error: 0.0
Block processing time: 0.056131 seconds
Computing Block 86 out of 100
Processing Block size=20
begin cleaner{left: ("[FunctionalDependency:(s: {flight}, t: {sched_arr_time})]", 0.0), operator: *, right: (1.0, 1.0), result: 0.0}
列 'p' 不存在，对列 sched_arr_time 不过滤，直接选择所有非无效值。
clean_bool length:2
newest best op: Uniop(df,'sched_arr_time','04:53 PM',(['flight'], {('UA-2708-EWR-CLT',)}),{left: ("[FunctionalDependency:(s: {flight}, t: {sched_arr_time})]", 0.0), operator: *, right: (1.0, 1.0), result: 0.0})
now error: 0.0
Block processing time: 0.031172 seconds
Computing Block 87 out of 100
Processing Block size=20
begin cleaner{left: ("[FunctionalDependency:(s: {flight}, t: {sched_arr_time})]", 0.0), operator: *, right: (1.0, 1.0), result: 0.0}
列 'p' 不存在，对列 sched_arr_time 不过滤，直接选择所有非无效值。
clean_bool length:2
newest best op: Uniop(df,'sched_arr_time','10:20 AM',(['flight'], {('CO-89-IAH-EWR',)}),{left: ("[FunctionalDependency:(s: {flight}, t: {sched_arr_time})]", 0.0), operator: *, right: (1.0, 1.0), result: 0.0})
now error: 0.0
Block processing time: 0.030604 seconds
Computing Block 88 out of 100
Processing Block size=22
begin cleaner{left: ("[FunctionalDependency:(s: {flight}, t: {sched_arr_time})]", 0.0), operator: *, right: (1.0, 1.0), result: 0.0}
列 'p' 不存在，对列 sched_arr_time 不过滤，直接选择所有非无效值。
clean_bool length:2
newest best op: Uniop(df,'sched_arr_time','10:40 AM',(['flight'], {('AA-415-BOS-ORD',)}),{left: ("[FunctionalDependency:(s: {flight}, t: {sched_arr_time})]", 0.0), operator: *, right: (1.0, 1.0), result: 0.0})
now error: 0.0
Block processing time: 0.032382 seconds
Computing Block 89 out of 100
Processing Block size=26
begin cleaner{left: ("[FunctionalDependency:(s: {flight}, t: {sched_arr_time})]", 0.0), operator: *, right: (1.0, 1.0), result: 0.0}
列 'p' 不存在，对列 sched_arr_time 不过滤，直接选择所有非无效值。
WARNING:root:No partitioning rule specified, processing might be slow
clean_bool length:3
newest best op: Uniop(df,'sched_arr_time','12:18 PM',(['flight'], {('CO-1193-EWR-MCO',)}),{left: ("[FunctionalDependency:(s: {flight}, t: {sched_arr_time})]", 0.0), operator: *, right: (1.0, 1.0), result: 0.0})
now error: 0.0
Block processing time: 0.057117 seconds
Computing Block 90 out of 100
Processing Block size=24
begin cleaner{left: ("[FunctionalDependency:(s: {flight}, t: {sched_arr_time})]", 0.0), operator: *, right: (1.0, 1.0), result: 0.0}
列 'p' 不存在，对列 sched_arr_time 不过滤，直接选择所有非无效值。
clean_bool length:4
newest best op: Uniop(df,'sched_arr_time','09:20 PM',(['flight'], {('AA-3063-SLC-LAX',)}),{left: ("[FunctionalDependency:(s: {flight}, t: {sched_arr_time})]", 0.0), operator: *, right: (1.0, 1.0), result: 0.0})
now error: 0.0
Block processing time: 0.072123 seconds
Computing Block 91 out of 100
Processing Block size=23
begin cleaner{left: ("[FunctionalDependency:(s: {flight}, t: {sched_arr_time})]", 0.0), operator: *, right: (1.0, 1.0), result: 0.0}
列 'p' 不存在，对列 sched_arr_time 不过滤，直接选择所有非无效值。
clean_bool length:3
newest best op: Uniop(df,'sched_arr_time','10:15 PM',(['flight'], {('CO-1586-IAH-MCO',)}),{left: ("[FunctionalDependency:(s: {flight}, t: {sched_arr_time})]", 0.0), operator: *, right: (1.0, 1.0), result: 0.0})
now error: 0.0
Block processing time: 0.051298 seconds
Computing Block 92 out of 100
Processing Block size=23
begin cleaner{left: ("[FunctionalDependency:(s: {flight}, t: {sched_arr_time})]", 0.0), operator: *, right: (1.0, 1.0), result: 0.0}
列 'p' 不存在，对列 sched_arr_time 不过滤，直接选择所有非无效值。
clean_bool length:3
newest best op: Uniop(df,'sched_arr_time','06:17 PM',(['flight'], {('UA-3099-PHX-PHL',)}),{left: ("[FunctionalDependency:(s: {flight}, t: {sched_arr_time})]", 0.0), operator: *, right: (1.0, 1.0), result: 0.0})
now error: 0.0
Block processing time: 0.051355 seconds
Computing Block 93 out of 100
Processing Block size=27
begin cleaner{left: ("[FunctionalDependency:(s: {flight}, t: {sched_arr_time})]", 0.0), operator: *, right: (1.0, 1.0), result: 0.0}
列 'p' 不存在，对列 sched_arr_time 不过滤，直接选择所有非无效值。
clean_bool length:3
newest best op: Uniop(df,'sched_arr_time','07:25 AM',(['flight'], {('AA-404-MIA-MCO',)}),{left: ("[FunctionalDependency:(s: {flight}, t: {sched_arr_time})]", 0.0), operator: *, right: (1.0, 1.0), result: 0.0})
now error: 0.0
newest best op: Uniop(df,'sched_arr_time','07:45 AM',(['flight'], {('AA-404-MIA-MCO',)}),{left: ("[FunctionalDependency:(s: {flight}, t: {sched_arr_time})]", 0.0), operator: *, right: (1.0, 1.0), result: 0.0})
now error: 0.0
Block processing time: 0.060128 seconds
Computing Block 94 out of 100
Processing Block size=23
begin cleaner{left: ("[FunctionalDependency:(s: {flight}, t: {sched_arr_time})]", 0.0), operator: *, right: (1.0, 1.0), result: 0.0}
列 'p' 不存在，对列 sched_arr_time 不过滤，直接选择所有非无效值。
clean_bool length:3
newest best op: Uniop(df,'sched_arr_time','06:46 PM',(['flight'], {('UA-2726-FLL-PHL',)}),{left: ("[FunctionalDependency:(s: {flight}, t: {sched_arr_time})]", 0.0), operator: *, right: (1.0, 1.0), result: 0.0})
now error: 0.0
Block processing time: 0.050705 seconds
Computing Block 95 out of 100
Processing Block size=27
begin cleaner{left: ("[FunctionalDependency:(s: {flight}, t: {sched_arr_time})]", 0.0), operator: *, right: (1.0, 1.0), result: 0.0}
列 'p' 不存在，对列 sched_arr_time 不过滤，直接选择所有非无效值。
clean_bool length:3
newest best op: Uniop(df,'sched_arr_time','08:51 AM',(['flight'], {('AA-466-IAH-MIA',)}),{left: ("[FunctionalDependency:(s: {flight}, t: {sched_arr_time})]", 0.0), operator: *, right: (1.0, 1.0), result: 0.0})
now error: 0.0
newest best op: Uniop(df,'sched_arr_time','09:20 AM',(['flight'], {('AA-466-IAH-MIA',)}),{left: ("[FunctionalDependency:(s: {flight}, t: {sched_arr_time})]", 0.0), operator: *, right: (1.0, 1.0), result: 0.0})
now error: 0.0
Block processing time: 0.059339 seconds
Computing Block 96 out of 100
Processing Block size=26
begin cleaner{left: ("[FunctionalDependency:(s: {flight}, t: {sched_arr_time})]", 0.0), operator: *, right: (1.0, 1.0), result: 0.0}
列 'p' 不存在，对列 sched_arr_time 不过滤，直接选择所有非无效值。
clean_bool length:3
newest best op: Uniop(df,'sched_arr_time','05:57 PM',(['flight'], {('AA-85-JFK-SFO',)}),{left: ("[FunctionalDependency:(s: {flight}, t: {sched_arr_time})]", 0.0), operator: *, right: (1.0, 1.0), result: 0.0})
now error: 0.0
newest best op: Uniop(df,'sched_arr_time','06:30 PM',(['flight'], {('AA-85-JFK-SFO',)}),{left: ("[FunctionalDependency:(s: {flight}, t: {sched_arr_time})]", 0.0), operator: *, right: (1.0, 1.0), result: 0.0})
now error: 0.0
Block processing time: 0.05839 seconds
Computing Block 97 out of 100
Processing Block size=25
begin cleaner{left: ("[FunctionalDependency:(s: {flight}, t: {sched_arr_time})]", 0.0), operator: *, right: (1.0, 1.0), result: 0.0}
列 'p' 不存在，对列 sched_arr_time 不过滤，直接选择所有非无效值。
clean_bool length:3
newest best op: Uniop(df,'sched_arr_time','11:05 AM',(['flight'], {('AA-2957-DFW-CVG',)}),{left: ("[FunctionalDependency:(s: {flight}, t: {sched_arr_time})]", 0.0), operator: *, right: (1.0, 1.0), result: 0.0})
now error: 0.0
Block processing time: 0.055454 seconds
Computing Block 98 out of 100
Processing Block size=22
begin cleaner{left: ("[FunctionalDependency:(s: {flight}, t: {sched_arr_time})]", 0.0), operator: *, right: (1.0, 1.0), result: 0.0}
列 'p' 不存在，对列 sched_arr_time 不过滤，直接选择所有非无效值。
clean_bool length:3
newest best op: Uniop(df,'sched_arr_time','03:30 PM',(['flight'], {('AA-649-ORD-SNA',)}),{left: ("[FunctionalDependency:(s: {flight}, t: {sched_arr_time})]", 0.0), operator: *, right: (1.0, 1.0), result: 0.0})
now error: 0.0
newest best op: Uniop(df,'sched_arr_time','03:50 PM',(['flight'], {('AA-649-ORD-SNA',)}),{left: ("[FunctionalDependency:(s: {flight}, t: {sched_arr_time})]", 0.0), operator: *, right: (1.0, 1.0), result: 0.0})
now error: 0.0
Block processing time: 0.049325 seconds
Computing Block 99 out of 100
Processing Block size=23
begin cleaner{left: ("[FunctionalDependency:(s: {flight}, t: {sched_arr_time})]", 0.0), operator: *, right: (1.0, 1.0), result: 0.0}
列 'p' 不存在，对列 sched_arr_time 不过滤，直接选择所有非无效值。
clean_bool length:2
newest best op: Uniop(df,'sched_arr_time','05:50 AM',(['flight'], {('AA-1522-SFO-ORD',)}),{left: ("[FunctionalDependency:(s: {flight}, t: {sched_arr_time})]", 0.0), operator: *, right: (1.0, 1.0), result: 0.0})
now error: 0.0
Block processing time: 0.034078 seconds
Computing Block 100 out of 100
Processing Block size=21
begin cleaner{left: ("[FunctionalDependency:(s: {flight}, t: {sched_arr_time})]", 0.0), operator: *, right: (1.0, 1.0), result: 0.0}
列 'p' 不存在，对列 sched_arr_time 不过滤，直接选择所有非无效值。
clean_bool length:2
newest best op: Uniop(df,'sched_arr_time','07:53 PM',(['flight'], {('UA-843-LAX-ORD',)}),{left: ("[FunctionalDependency:(s: {flight}, t: {sched_arr_time})]", 0.0), operator: *, right: (1.0, 1.0), result: 0.0})
now error: 0.0
Block processing time: 0.031312 seconds
  当前节点: sched_arr_time 有 100 个清洗操作
  当前节点: act_arr_time 存在可用清洗信号
数据块大小: 2376
分块属性:
[['flight']]
Starting initial block mapping...
Initial number of blocks: 100
Final number of blocks after further splitting: 100
Computing Block 1 out of 100
Processing Block size=21
begin cleaner[FunctionalDependency:(s: {'flight'}, t: {'act_arr_time'})]*1.0
列 'p' 不存在，对列 act_arr_time 不过滤，直接选择所有非无效值。
clean_bool length:4
newest best op: Uniop(df,'act_arr_time','01:23 PM',(['flight'], {('UA-854-SFO-IAH',)}),{left: ("[FunctionalDependency:(s: {flight}, t: {act_arr_time})]", 0.0), operator: *, right: (1.0, 1.0), result: 0.0})
now error: 0.0
newest best op: Uniop(df,'act_arr_time','01:30 PM',(['flight'], {('UA-854-SFO-IAH',)}),{left: ("[FunctionalDependency:(s: {flight}, t: {act_arr_time})]", 0.0), operator: *, right: (1.0, 1.0), result: 0.0})
now error: 0.0
Block processing time: 0.063296 seconds
Computing Block 2 out of 100
Processing Block size=20
begin cleaner{left: ("[FunctionalDependency:(s: {flight}, t: {act_arr_time})]", 0.0), operator: *, right: (1.0, 1.0), result: 0.0}
列 'p' 不存在，对列 act_arr_time 不过滤，直接选择所有非无效值。
clean_bool length:3
newest best op: Uniop(df,'act_arr_time','09:54 AM',(['flight'], {('UA-3515-IAD-MSP',)}),{left: ("[FunctionalDependency:(s: {flight}, t: {act_arr_time})]", 0.0), operator: *, right: (1.0, 1.0), result: 0.0})
now error: 0.0
newest best op: Uniop(df,'act_arr_time','09:56 AM',(['flight'], {('UA-3515-IAD-MSP',)}),{left: ("[FunctionalDependency:(s: {flight}, t: {act_arr_time})]", 0.0), operator: *, right: (1.0, 1.0), result: 0.0})
now error: 0.0
Block processing time: 0.044746 seconds
Computing Block 3 out of 100
Processing Block size=18
begin cleaner{left: ("[FunctionalDependency:(s: {flight}, t: {act_arr_time})]", 0.0), operator: *, right: (1.0, 1.0), result: 0.0}
列 'p' 不存在，对列 act_arr_time 不过滤，直接选择所有非无效值。
clean_bool length:4
newest best op: Uniop(df,'act_arr_time','07:58 AM',(['flight'], {('UA-858-PVG-SFO',)}),{left: ("[FunctionalDependency:(s: {flight}, t: {act_arr_time})]", 0.0), operator: *, right: (1.0, 1.0), result: 0.0})
now error: 0.0
newest best op: Uniop(df,'act_arr_time','08:02 AM',(['flight'], {('UA-858-PVG-SFO',)}),{left: ("[FunctionalDependency:(s: {flight}, t: {act_arr_time})]", 0.0), operator: *, right: (1.0, 1.0), result: 0.0})
now error: 0.0
Block processing time: 0.053754 seconds
Computing Block 4 out of 100
Processing Block size=27
begin cleaner{left: ("[FunctionalDependency:(s: {flight}, t: {act_arr_time})]", 0.0), operator: *, right: (1.0, 1.0), result: 0.0}
列 'p' 不存在，对列 act_arr_time 不过滤，直接选择所有非无效值。
clean_bool length:6
newest best op: Uniop(df,'act_arr_time','09:29 AM',(['flight'], {('UA-3925-IAD-ORF',)}),{left: ("[FunctionalDependency:(s: {flight}, t: {act_arr_time})]", 0.0), operator: *, right: (1.0, 1.0), result: 0.0})
now error: 0.0
newest best op: Uniop(df,'act_arr_time','09:40 AM',(['flight'], {('UA-3925-IAD-ORF',)}),{left: ("[FunctionalDependency:(s: {flight}, t: {act_arr_time})]", 0.0), operator: *, right: (1.0, 1.0), result: 0.0})
now error: 0.0
newest best op: Uniop(df,'act_arr_time','09:44 AM',(['flight'], {('UA-3925-IAD-ORF',)}),{left: ("[FunctionalDependency:(s: {flight}, t: {act_arr_time})]", 0.0), operator: *, right: (1.0, 1.0), result: 0.0})
now error: 0.0
newest best op: Uniop(df,'act_arr_time','09:43 AM',(['flight'], {('UA-3925-IAD-ORF',)}),{left: ("[FunctionalDependency:(s: {flight}, t: {act_arr_time})]", 0.0), operator: *, right: (1.0, 1.0), result: 0.0})
now error: 0.0
Block processing time: 0.119437 seconds
Computing Block 5 out of 100
Processing Block size=27
begin cleaner{left: ("[FunctionalDependency:(s: {flight}, t: {act_arr_time})]", 0.0), operator: *, right: (1.0, 1.0), result: 0.0}
列 'p' 不存在，对列 act_arr_time 不过滤，直接选择所有非无效值。
clean_bool length:4
newest best op: Uniop(df,'act_arr_time','10:28 PM',(['flight'], {('AA-1733-ORD-PHX',)}),{left: ("[FunctionalDependency:(s: {flight}, t: {act_arr_time})]", 0.0), operator: *, right: (1.0, 1.0), result: 0.0})
now error: 0.0
newest best op: Uniop(df,'act_arr_time','10:31 PM',(['flight'], {('AA-1733-ORD-PHX',)}),{left: ("[FunctionalDependency:(s: {flight}, t: {act_arr_time})]", 0.0), operator: *, right: (1.0, 1.0), result: 0.0})
now error: 0.0
Block processing time: 0.08022 seconds
Computing Block 6 out of 100
Processing Block size=25
begin cleaner{left: ("[FunctionalDependency:(s: {flight}, t: {act_arr_time})]", 0.0), operator: *, right: (1.0, 1.0), result: 0.0}
列 'p' 不存在，对列 act_arr_time 不过滤，直接选择所有非无效值。
clean_bool length:5
newest best op: Uniop(df,'act_arr_time','05:39 PM',(['flight'], {('AA-1917-JFK-MCO',)}),{left: ("[FunctionalDependency:(s: {flight}, t: {act_arr_time})]", 0.0), operator: *, right: (1.0, 1.0), result: 0.0})
now error: 0.0
newest best op: Uniop(df,'act_arr_time','05:43 PM',(['flight'], {('AA-1917-JFK-MCO',)}),{left: ("[FunctionalDependency:(s: {flight}, t: {act_arr_time})]", 0.0), operator: *, right: (1.0, 1.0), result: 0.0})
now error: 0.0
Block processing time: 0.094398 seconds
Computing Block 7 out of 100
Processing Block size=26
begin cleaner{left: ("[FunctionalDependency:(s: {flight}, t: {act_arr_time})]", 0.0), operator: *, right: (1.0, 1.0), result: 0.0}
列 'p' 不存在，对列 act_arr_time 不过滤，直接选择所有非无效值。
clean_bool length:3
newest best op: Uniop(df,'act_arr_time','11:56 AM',(['flight'], {('AA-1664-MIA-ATL',)}),{left: ("[FunctionalDependency:(s: {flight}, t: {act_arr_time})]", 0.0), operator: *, right: (1.0, 1.0), result: 0.0})
now error: 0.0
newest best op: Uniop(df,'act_arr_time','11:50 AM',(['flight'], {('AA-1664-MIA-ATL',)}),{left: ("[FunctionalDependency:(s: {flight}, t: {act_arr_time})]", 0.0), operator: *, right: (1.0, 1.0), result: 0.0})
now error: 0.0
Block processing time: 0.057146 seconds
Computing Block 8 out of 100
Processing Block size=21
begin cleaner{left: ("[FunctionalDependency:(s: {flight}, t: {act_arr_time})]", 0.0), operator: *, right: (1.0, 1.0), result: 0.0}
列 'p' 不存在，对列 act_arr_time 不过滤，直接选择所有非无效值。
clean_bool length:5
newest best op: Uniop(df,'act_arr_time','04:45 PM',(['flight'], {('UA-2314-ATL-PHL',)}),{left: ("[FunctionalDependency:(s: {flight}, t: {act_arr_time})]", 0.0), operator: *, right: (1.0, 1.0), result: 0.0})
now error: 0.0
newest best op: Uniop(df,'act_arr_time','04:43 PM',(['flight'], {('UA-2314-ATL-PHL',)}),{left: ("[FunctionalDependency:(s: {flight}, t: {act_arr_time})]", 0.0), operator: *, right: (1.0, 1.0), result: 0.0})
now error: 0.0
newest best op: Uniop(df,'act_arr_time','04:47 PM',(['flight'], {('UA-2314-ATL-PHL',)}),{left: ("[FunctionalDependency:(s: {flight}, t: {act_arr_time})]", 0.0), operator: *, right: (1.0, 1.0), result: 0.0})
now error: 0.0
Block processing time: 0.078144 seconds
Computing Block 9 out of 100
Processing Block size=26
begin cleaner{left: ("[FunctionalDependency:(s: {flight}, t: {act_arr_time})]", 0.0), operator: *, right: (1.0, 1.0), result: 0.0}
列 'p' 不存在，对列 act_arr_time 不过滤，直接选择所有非无效值。
clean_bool length:4
newest best op: Uniop(df,'act_arr_time','07:59 AM',(['flight'], {('AA-3979-CVG-ORD',)}),{left: ("[FunctionalDependency:(s: {flight}, t: {act_arr_time})]", 0.0), operator: *, right: (1.0, 1.0), result: 0.0})
now error: 0.0
Block processing time: 0.076877 seconds
Computing Block 10 out of 100
Processing Block size=28
begin cleaner{left: ("[FunctionalDependency:(s: {flight}, t: {act_arr_time})]", 0.0), operator: *, right: (1.0, 1.0), result: 0.0}
列 'p' 不存在，对列 act_arr_time 不过滤，直接选择所有非无效值。
clean_bool length:5
newest best op: Uniop(df,'act_arr_time','02:37 PM',(['flight'], {('AA-2050-ORD-MIA',)}),{left: ("[FunctionalDependency:(s: {flight}, t: {act_arr_time})]", 0.0), operator: *, right: (1.0, 1.0), result: 0.0})
now error: 0.0
newest best op: Uniop(df,'act_arr_time','02:46 PM',(['flight'], {('AA-2050-ORD-MIA',)}),{left: ("[FunctionalDependency:(s: {flight}, t: {act_arr_time})]", 0.0), operator: *, right: (1.0, 1.0), result: 0.0})
now error: 0.0
Block processing time: 0.103582 seconds
Computing Block 11 out of 100
Processing Block size=27
begin cleaner{left: ("[FunctionalDependency:(s: {flight}, t: {act_arr_time})]", 0.0), operator: *, right: (1.0, 1.0), result: 0.0}
列 'p' 不存在，对列 act_arr_time 不过滤，直接选择所有非无效值。
clean_bool length:5
newest best op: Uniop(df,'act_arr_time','11:44 AM',(['flight'], {('AA-431-MIA-SFO',)}),{left: ("[FunctionalDependency:(s: {flight}, t: {act_arr_time})]", 0.0), operator: *, right: (1.0, 1.0), result: 0.0})
now error: 0.0
Block processing time: 0.100988 seconds
Computing Block 12 out of 100
Processing Block size=26
begin cleaner{left: ("[FunctionalDependency:(s: {flight}, t: {act_arr_time})]", 0.0), operator: *, right: (1.0, 1.0), result: 0.0}
列 'p' 不存在，对列 act_arr_time 不过滤，直接选择所有非无效值。
clean_bool length:4
newest best op: Uniop(df,'act_arr_time','04:08 PM',(['flight'], {('AA-446-DFW-PHL',)}),{left: ("[FunctionalDependency:(s: {flight}, t: {act_arr_time})]", 0.0), operator: *, right: (1.0, 1.0), result: 0.0})
now error: 0.0
newest best op: Uniop(df,'act_arr_time','04:09 PM',(['flight'], {('AA-446-DFW-PHL',)}),{left: ("[FunctionalDependency:(s: {flight}, t: {act_arr_time})]", 0.0), operator: *, right: (1.0, 1.0), result: 0.0})
now error: 0.0
Block processing time: 0.08047 seconds
Computing Block 13 out of 100
Processing Block size=21
begin cleaner{left: ("[FunctionalDependency:(s: {flight}, t: {act_arr_time})]", 0.0), operator: *, right: (1.0, 1.0), result: 0.0}
列 'p' 不存在，对列 act_arr_time 不过滤，直接选择所有非无效值。
clean_bool length:3
newest best op: Uniop(df,'act_arr_time','05:09 PM',(['flight'], {('CO-50-CLE-EWR',)}),{left: ("[FunctionalDependency:(s: {flight}, t: {act_arr_time})]", 0.0), operator: *, right: (1.0, 1.0), result: 0.0})
now error: 0.0
newest best op: Uniop(df,'act_arr_time','05:26 PM',(['flight'], {('CO-50-CLE-EWR',)}),{left: ("[FunctionalDependency:(s: {flight}, t: {act_arr_time})]", 0.0), operator: *, right: (1.0, 1.0), result: 0.0})
now error: 0.0
Block processing time: 0.049238 seconds
Computing Block 14 out of 100
Processing Block size=25
begin cleaner{left: ("[FunctionalDependency:(s: {flight}, t: {act_arr_time})]", 0.0), operator: *, right: (1.0, 1.0), result: 0.0}
列 'p' 不存在，对列 act_arr_time 不过滤，直接选择所有非无效值。
clean_bool length:5
newest best op: Uniop(df,'act_arr_time','05:05 PM',(['flight'], {('UA-3050-PHX-CLT',)}),{left: ("[FunctionalDependency:(s: {flight}, t: {act_arr_time})]", 0.0), operator: *, right: (1.0, 1.0), result: 0.0})
now error: 0.0
Block processing time: 0.095486 seconds
Computing Block 15 out of 100
Processing Block size=21
begin cleaner{left: ("[FunctionalDependency:(s: {flight}, t: {act_arr_time})]", 0.0), operator: *, right: (1.0, 1.0), result: 0.0}
列 'p' 不存在，对列 act_arr_time 不过滤，直接选择所有非无效值。
clean_bool length:4
newest best op: Uniop(df,'act_arr_time','08:45 AM',(['flight'], {('UA-6273-YYC-SFO',)}),{left: ("[FunctionalDependency:(s: {flight}, t: {act_arr_time})]", 0.0), operator: *, right: (1.0, 1.0), result: 0.0})
now error: 0.0
Block processing time: 0.062124 seconds
Computing Block 16 out of 100
Processing Block size=27
begin cleaner{left: ("[FunctionalDependency:(s: {flight}, t: {act_arr_time})]", 0.0), operator: *, right: (1.0, 1.0), result: 0.0}
列 'p' 不存在，对列 act_arr_time 不过滤，直接选择所有非无效值。
clean_bool length:3
newest best op: Uniop(df,'act_arr_time','07:49 AM',(['flight'], {('AA-3842-MSP-ORD',)}),{left: ("[FunctionalDependency:(s: {flight}, t: {act_arr_time})]", 0.0), operator: *, right: (1.0, 1.0), result: 0.0})
now error: 0.0
newest best op: Uniop(df,'act_arr_time','07:51 AM',(['flight'], {('AA-3842-MSP-ORD',)}),{left: ("[FunctionalDependency:(s: {flight}, t: {act_arr_time})]", 0.0), operator: *, right: (1.0, 1.0), result: 0.0})
now error: 0.0
Block processing time: 0.05983 seconds
Computing Block 17 out of 100
Processing Block size=20
begin cleaner{left: ("[FunctionalDependency:(s: {flight}, t: {act_arr_time})]", 0.0), operator: *, right: (1.0, 1.0), result: 0.0}
列 'p' 不存在，对列 act_arr_time 不过滤，直接选择所有非无效值。
clean_bool length:3
newest best op: Uniop(df,'act_arr_time','12:00 PM',(['flight'], {('UA-37-EDI-EWR',)}),{left: ("[FunctionalDependency:(s: {flight}, t: {act_arr_time})]", 0.0), operator: *, right: (1.0, 1.0), result: 0.0})
now error: 0.0
newest best op: Uniop(df,'act_arr_time','12:09 PM',(['flight'], {('UA-37-EDI-EWR',)}),{left: ("[FunctionalDependency:(s: {flight}, t: {act_arr_time})]", 0.0), operator: *, right: (1.0, 1.0), result: 0.0})
now error: 0.0
Block processing time: 0.044128 seconds
Computing Block 18 out of 100
Processing Block size=22
begin cleaner{left: ("[FunctionalDependency:(s: {flight}, t: {act_arr_time})]", 0.0), operator: *, right: (1.0, 1.0), result: 0.0}
列 'p' 不存在，对列 act_arr_time 不过滤，直接选择所有非无效值。
clean_bool length:4
newest best op: Uniop(df,'act_arr_time','06:40 PM',(['flight'], {('CO-4888-IAH-DAL',)}),{left: ("[FunctionalDependency:(s: {flight}, t: {act_arr_time})]", 0.0), operator: *, right: (1.0, 1.0), result: 0.0})
now error: 0.0
newest best op: Uniop(df,'act_arr_time','06:56 PM',(['flight'], {('CO-4888-IAH-DAL',)}),{left: ("[FunctionalDependency:(s: {flight}, t: {act_arr_time})]", 0.0), operator: *, right: (1.0, 1.0), result: 0.0})
now error: 0.0
newest best op: Uniop(df,'act_arr_time','06:19 PM',(['flight'], {('CO-4888-IAH-DAL',)}),{left: ("[FunctionalDependency:(s: {flight}, t: {act_arr_time})]", 0.0), operator: *, right: (1.0, 1.0), result: 0.0})
now error: 0.0
Block processing time: 0.065579 seconds
Computing Block 19 out of 100
Processing Block size=25
begin cleaner{left: ("[FunctionalDependency:(s: {flight}, t: {act_arr_time})]", 0.0), operator: *, right: (1.0, 1.0), result: 0.0}
列 'p' 不存在，对列 act_arr_time 不过滤，直接选择所有非无效值。
clean_bool length:5
newest best op: Uniop(df,'act_arr_time','10:04 AM',(['flight'], {('AA-1165-JFK-MIA',)}),{left: ("[FunctionalDependency:(s: {flight}, t: {act_arr_time})]", 0.0), operator: *, right: (1.0, 1.0), result: 0.0})
now error: 0.0
Block processing time: 0.093176 seconds
Computing Block 20 out of 100
Processing Block size=24
begin cleaner{left: ("[FunctionalDependency:(s: {flight}, t: {act_arr_time})]", 0.0), operator: *, right: (1.0, 1.0), result: 0.0}
列 'p' 不存在，对列 act_arr_time 不过滤，直接选择所有非无效值。
clean_bool length:5
newest best op: Uniop(df,'act_arr_time','01:15 PM',(['flight'], {('UA-2945-PHL-CLT',)}),{left: ("[FunctionalDependency:(s: {flight}, t: {act_arr_time})]", 0.0), operator: *, right: (1.0, 1.0), result: 0.0})
now error: 0.0
Block processing time: 0.089156 seconds
Computing Block 21 out of 100
Processing Block size=25
begin cleaner{left: ("[FunctionalDependency:(s: {flight}, t: {act_arr_time})]", 0.0), operator: *, right: (1.0, 1.0), result: 0.0}
列 'p' 不存在，对列 act_arr_time 不过滤，直接选择所有非无效值。
clean_bool length:5
newest best op: Uniop(df,'act_arr_time','02:21 PM',(['flight'], {('AA-271-MIA-LAX',)}),{left: ("[FunctionalDependency:(s: {flight}, t: {act_arr_time})]", 0.0), operator: *, right: (1.0, 1.0), result: 0.0})
now error: 0.0
newest best op: Uniop(df,'act_arr_time','02:27 PM',(['flight'], {('AA-271-MIA-LAX',)}),{left: ("[FunctionalDependency:(s: {flight}, t: {act_arr_time})]", 0.0), operator: *, right: (1.0, 1.0), result: 0.0})
now error: 0.0
Block processing time: 0.095831 seconds
Computing Block 22 out of 100
Processing Block size=21
begin cleaner{left: ("[FunctionalDependency:(s: {flight}, t: {act_arr_time})]", 0.0), operator: *, right: (1.0, 1.0), result: 0.0}
列 'p' 不存在，对列 act_arr_time 不过滤，直接选择所有非无效值。
clean_bool length:4
newest best op: Uniop(df,'act_arr_time','10:45 AM',(['flight'], {('UA-2515-DFW-CLT',)}),{left: ("[FunctionalDependency:(s: {flight}, t: {act_arr_time})]", 0.0), operator: *, right: (1.0, 1.0), result: 0.0})
now error: 0.0
Block processing time: 0.066 seconds
Computing Block 23 out of 100
Processing Block size=21
begin cleaner{left: ("[FunctionalDependency:(s: {flight}, t: {act_arr_time})]", 0.0), operator: *, right: (1.0, 1.0), result: 0.0}
列 'p' 不存在，对列 act_arr_time 不过滤，直接选择所有非无效值。
clean_bool length:3
newest best op: Uniop(df,'act_arr_time','06:59 PM',(['flight'], {('CO-62-IAH-EWR',)}),{left: ("[FunctionalDependency:(s: {flight}, t: {act_arr_time})]", 0.0), operator: *, right: (1.0, 1.0), result: 0.0})
now error: 0.0
newest best op: Uniop(df,'act_arr_time','07:10 PM',(['flight'], {('CO-62-IAH-EWR',)}),{left: ("[FunctionalDependency:(s: {flight}, t: {act_arr_time})]", 0.0), operator: *, right: (1.0, 1.0), result: 0.0})
now error: 0.0
Block processing time: 0.046601 seconds
Computing Block 24 out of 100
Processing Block size=24
begin cleaner{left: ("[FunctionalDependency:(s: {flight}, t: {act_arr_time})]", 0.0), operator: *, right: (1.0, 1.0), result: 0.0}
列 'p' 不存在，对列 act_arr_time 不过滤，直接选择所有非无效值。
clean_bool length:5
newest best op: Uniop(df,'act_arr_time','03:04 PM',(['flight'], {('AA-400-DFW-JFK',)}),{left: ("[FunctionalDependency:(s: {flight}, t: {act_arr_time})]", 0.0), operator: *, right: (1.0, 1.0), result: 0.0})
now error: 0.0
Block processing time: 0.089266 seconds
Computing Block 25 out of 100
Processing Block size=20
begin cleaner{left: ("[FunctionalDependency:(s: {flight}, t: {act_arr_time})]", 0.0), operator: *, right: (1.0, 1.0), result: 0.0}
列 'p' 不存在，对列 act_arr_time 不过滤，直接选择所有非无效值。
clean_bool length:3
newest best op: Uniop(df,'act_arr_time','03:31 PM',(['flight'], {('CO-58-DEN-IAH',)}),{left: ("[FunctionalDependency:(s: {flight}, t: {act_arr_time})]", 0.0), operator: *, right: (1.0, 1.0), result: 0.0})
now error: 0.0
Block processing time: 0.045255 seconds
Computing Block 26 out of 100
Processing Block size=26
begin cleaner{left: ("[FunctionalDependency:(s: {flight}, t: {act_arr_time})]", 0.0), operator: *, right: (1.0, 1.0), result: 0.0}
列 'p' 不存在，对列 act_arr_time 不过滤，直接选择所有非无效值。
clean_bool length:3
newest best op: Uniop(df,'act_arr_time','12:21 AM',(['flight'], {('CO-1694-LAX-IAH',)}),{left: ("[FunctionalDependency:(s: {flight}, t: {act_arr_time})]", 0.0), operator: *, right: (1.0, 1.0), result: 0.0})
now error: 0.0
newest best op: Uniop(df,'act_arr_time','12:02 AM',(['flight'], {('CO-1694-LAX-IAH',)}),{left: ("[FunctionalDependency:(s: {flight}, t: {act_arr_time})]", 0.0), operator: *, right: (1.0, 1.0), result: 0.0})
now error: 0.0
Block processing time: 0.058325 seconds
Computing Block 27 out of 100
Processing Block size=28
begin cleaner{left: ("[FunctionalDependency:(s: {flight}, t: {act_arr_time})]", 0.0), operator: *, right: (1.0, 1.0), result: 0.0}
列 'p' 不存在，对列 act_arr_time 不过滤，直接选择所有非无效值。
clean_bool length:4
newest best op: Uniop(df,'act_arr_time','06:15 PM',(['flight'], {('AA-3786-IAH-ORD',)}),{left: ("[FunctionalDependency:(s: {flight}, t: {act_arr_time})]", 0.0), operator: *, right: (1.0, 1.0), result: 0.0})
now error: 0.0
Block processing time: 0.083529 seconds
Computing Block 28 out of 100
Processing Block size=23
begin cleaner{left: ("[FunctionalDependency:(s: {flight}, t: {act_arr_time})]", 0.0), operator: *, right: (1.0, 1.0), result: 0.0}
列 'p' 不存在，对列 act_arr_time 不过滤，直接选择所有非无效值。
clean_bool length:4
newest best op: Uniop(df,'act_arr_time','03:26 PM',(['flight'], {('AA-4330-CVG-ORD',)}),{left: ("[FunctionalDependency:(s: {flight}, t: {act_arr_time})]", 0.0), operator: *, right: (1.0, 1.0), result: 0.0})
now error: 0.0
newest best op: Uniop(df,'act_arr_time','03:25 PM',(['flight'], {('AA-4330-CVG-ORD',)}),{left: ("[FunctionalDependency:(s: {flight}, t: {act_arr_time})]", 0.0), operator: *, right: (1.0, 1.0), result: 0.0})
now error: 0.0
Block processing time: 0.06954 seconds
Computing Block 29 out of 100
Processing Block size=26
begin cleaner{left: ("[FunctionalDependency:(s: {flight}, t: {act_arr_time})]", 0.0), operator: *, right: (1.0, 1.0), result: 0.0}
列 'p' 不存在，对列 act_arr_time 不过滤，直接选择所有非无效值。
clean_bool length:5
newest best op: Uniop(df,'act_arr_time','01:18 PM',(['flight'], {('AA-616-DFW-DTW',)}),{left: ("[FunctionalDependency:(s: {flight}, t: {act_arr_time})]", 0.0), operator: *, right: (1.0, 1.0), result: 0.0})
now error: 0.0
newest best op: Uniop(df,'act_arr_time','01:11 PM',(['flight'], {('AA-616-DFW-DTW',)}),{left: ("[FunctionalDependency:(s: {flight}, t: {act_arr_time})]", 0.0), operator: *, right: (1.0, 1.0), result: 0.0})
now error: 0.0
Block processing time: 0.09759 seconds
Computing Block 30 out of 100
Processing Block size=20
begin cleaner{left: ("[FunctionalDependency:(s: {flight}, t: {act_arr_time})]", 0.0), operator: *, right: (1.0, 1.0), result: 0.0}
列 'p' 不存在，对列 act_arr_time 不过滤，直接选择所有非无效值。
clean_bool length:3
newest best op: Uniop(df,'act_arr_time','05:24 PM',(['flight'], {('UA-248-PHX-ORD',)}),{left: ("[FunctionalDependency:(s: {flight}, t: {act_arr_time})]", 0.0), operator: *, right: (1.0, 1.0), result: 0.0})
now error: 0.0
newest best op: Uniop(df,'act_arr_time','05:34 PM',(['flight'], {('UA-248-PHX-ORD',)}),{left: ("[FunctionalDependency:(s: {flight}, t: {act_arr_time})]", 0.0), operator: *, right: (1.0, 1.0), result: 0.0})
now error: 0.0
Block processing time: 0.046497 seconds
Computing Block 31 out of 100
Processing Block size=21
begin cleaner{left: ("[FunctionalDependency:(s: {flight}, t: {act_arr_time})]", 0.0), operator: *, right: (1.0, 1.0), result: 0.0}
列 'p' 不存在，对列 act_arr_time 不过滤，直接选择所有非无效值。
clean_bool length:4
newest best op: Uniop(df,'act_arr_time','07:53 PM',(['flight'], {('AA-1007-MIA-PHX',)}),{left: ("[FunctionalDependency:(s: {flight}, t: {act_arr_time})]", 0.0), operator: *, right: (1.0, 1.0), result: 0.0})
now error: 0.0
Block processing time: 0.066583 seconds
Computing Block 32 out of 100
Processing Block size=26
begin cleaner{left: ("[FunctionalDependency:(s: {flight}, t: {act_arr_time})]", 0.0), operator: *, right: (1.0, 1.0), result: 0.0}
列 'p' 不存在，对列 act_arr_time 不过滤，直接选择所有非无效值。
clean_bool length:4
newest best op: Uniop(df,'act_arr_time','02:50 PM',(['flight'], {('AA-3756-ORD-SLC',)}),{left: ("[FunctionalDependency:(s: {flight}, t: {act_arr_time})]", 0.0), operator: *, right: (1.0, 1.0), result: 0.0})
now error: 0.0
Block processing time: 0.079319 seconds
Computing Block 33 out of 100
Processing Block size=28
begin cleaner{left: ("[FunctionalDependency:(s: {flight}, t: {act_arr_time})]", 0.0), operator: *, right: (1.0, 1.0), result: 0.0}
列 'p' 不存在，对列 act_arr_time 不过滤，直接选择所有非无效值。
clean_bool length:4
newest best op: Uniop(df,'act_arr_time','08:38 PM',(['flight'], {('AA-4307-ORD-DTW',)}),{left: ("[FunctionalDependency:(s: {flight}, t: {act_arr_time})]", 0.0), operator: *, right: (1.0, 1.0), result: 0.0})
now error: 0.0
newest best op: Uniop(df,'act_arr_time','08:43 PM',(['flight'], {('AA-4307-ORD-DTW',)}),{left: ("[FunctionalDependency:(s: {flight}, t: {act_arr_time})]", 0.0), operator: *, right: (1.0, 1.0), result: 0.0})
now error: 0.0
newest best op: Uniop(df,'act_arr_time','08:53 PM',(['flight'], {('AA-4307-ORD-DTW',)}),{left: ("[FunctionalDependency:(s: {flight}, t: {act_arr_time})]", 0.0), operator: *, right: (1.0, 1.0), result: 0.0})
now error: 0.0
Block processing time: 0.088388 seconds
Computing Block 34 out of 100
Processing Block size=27
begin cleaner{left: ("[FunctionalDependency:(s: {flight}, t: {act_arr_time})]", 0.0), operator: *, right: (1.0, 1.0), result: 0.0}
列 'p' 不存在，对列 act_arr_time 不过滤，直接选择所有非无效值。
clean_bool length:5
newest best op: Uniop(df,'act_arr_time','05:42 PM',(['flight'], {('UA-257-JFK-SFO',)}),{left: ("[FunctionalDependency:(s: {flight}, t: {act_arr_time})]", 0.0), operator: *, right: (1.0, 1.0), result: 0.0})
now error: 0.0
Block processing time: 0.108565 seconds
Computing Block 35 out of 100
Processing Block size=25
begin cleaner{left: ("[FunctionalDependency:(s: {flight}, t: {act_arr_time})]", 0.0), operator: *, right: (1.0, 1.0), result: 0.0}
列 'p' 不存在，对列 act_arr_time 不过滤，直接选择所有非无效值。
clean_bool length:5
newest best op: Uniop(df,'act_arr_time','06:35 AM',(['flight'], {('AA-204-LAX-MCO',)}),{left: ("[FunctionalDependency:(s: {flight}, t: {act_arr_time})]", 0.0), operator: *, right: (1.0, 1.0), result: 0.0})
now error: 0.0
Block processing time: 0.096764 seconds
Computing Block 36 out of 100
Processing Block size=22
begin cleaner{left: ("[FunctionalDependency:(s: {flight}, t: {act_arr_time})]", 0.0), operator: *, right: (1.0, 1.0), result: 0.0}
列 'p' 不存在，对列 act_arr_time 不过滤，直接选择所有非无效值。
clean_bool length:3
newest best op: Uniop(df,'act_arr_time','04:59 PM',(['flight'], {('CO-1250-MIA-IAH',)}),{left: ("[FunctionalDependency:(s: {flight}, t: {act_arr_time})]", 0.0), operator: *, right: (1.0, 1.0), result: 0.0})
now error: 0.0
Block processing time: 0.050076 seconds
Computing Block 37 out of 100
Processing Block size=22
begin cleaner{left: ("[FunctionalDependency:(s: {flight}, t: {act_arr_time})]", 0.0), operator: *, right: (1.0, 1.0), result: 0.0}
列 'p' 不存在，对列 act_arr_time 不过滤，直接选择所有非无效值。
clean_bool length:4
newest best op: Uniop(df,'act_arr_time','04:54 PM',(['flight'], {('AA-1544-SAN-ORD',)}),{left: ("[FunctionalDependency:(s: {flight}, t: {act_arr_time})]", 0.0), operator: *, right: (1.0, 1.0), result: 0.0})
now error: 0.0
newest best op: Uniop(df,'act_arr_time','04:56 PM',(['flight'], {('AA-1544-SAN-ORD',)}),{left: ("[FunctionalDependency:(s: {flight}, t: {act_arr_time})]", 0.0), operator: *, right: (1.0, 1.0), result: 0.0})
now error: 0.0
Block processing time: 0.066822 seconds
Computing Block 38 out of 100
Processing Block size=25
begin cleaner{left: ("[FunctionalDependency:(s: {flight}, t: {act_arr_time})]", 0.0), operator: *, right: (1.0, 1.0), result: 0.0}
列 'p' 不存在，对列 act_arr_time 不过滤，直接选择所有非无效值。
clean_bool length:4
newest best op: Uniop(df,'act_arr_time','12:50 PM',(['flight'], {('AA-4198-ORD-CLE',)}),{left: ("[FunctionalDependency:(s: {flight}, t: {act_arr_time})]", 0.0), operator: *, right: (1.0, 1.0), result: 0.0})
now error: 0.0
Block processing time: 0.078321 seconds
Computing Block 39 out of 100
Processing Block size=24
begin cleaner{left: ("[FunctionalDependency:(s: {flight}, t: {act_arr_time})]", 0.0), operator: *, right: (1.0, 1.0), result: 0.0}
列 'p' 不存在，对列 act_arr_time 不过滤，直接选择所有非无效值。
clean_bool length:5
newest best op: Uniop(df,'act_arr_time','03:09 PM',(['flight'], {('UA-382-IAD-LAX',)}),{left: ("[FunctionalDependency:(s: {flight}, t: {act_arr_time})]", 0.0), operator: *, right: (1.0, 1.0), result: 0.0})
now error: 0.0
newest best op: Uniop(df,'act_arr_time','03:20 PM',(['flight'], {('UA-382-IAD-LAX',)}),{left: ("[FunctionalDependency:(s: {flight}, t: {act_arr_time})]", 0.0), operator: *, right: (1.0, 1.0), result: 0.0})
now error: 0.0
newest best op: Uniop(df,'act_arr_time','03:21 PM',(['flight'], {('UA-382-IAD-LAX',)}),{left: ("[FunctionalDependency:(s: {flight}, t: {act_arr_time})]", 0.0), operator: *, right: (1.0, 1.0), result: 0.0})
now error: 0.0
Block processing time: 0.091458 seconds
Computing Block 40 out of 100
Processing Block size=27
begin cleaner{left: ("[FunctionalDependency:(s: {flight}, t: {act_arr_time})]", 0.0), operator: *, right: (1.0, 1.0), result: 0.0}
列 'p' 不存在，对列 act_arr_time 不过滤，直接选择所有非无效值。
clean_bool length:3
newest best op: Uniop(df,'act_arr_time','09:32 AM',(['flight'], {('AA-3859-IAH-ORD',)}),{left: ("[FunctionalDependency:(s: {flight}, t: {act_arr_time})]", 0.0), operator: *, right: (1.0, 1.0), result: 0.0})
now error: 0.0
newest best op: Uniop(df,'act_arr_time','09:22 AM',(['flight'], {('AA-3859-IAH-ORD',)}),{left: ("[FunctionalDependency:(s: {flight}, t: {act_arr_time})]", 0.0), operator: *, right: (1.0, 1.0), result: 0.0})
now error: 0.0
Block processing time: 0.061689 seconds
Computing Block 41 out of 100
Processing Block size=21
begin cleaner{left: ("[FunctionalDependency:(s: {flight}, t: {act_arr_time})]", 0.0), operator: *, right: (1.0, 1.0), result: 0.0}
列 'p' 不存在，对列 act_arr_time 不过滤，直接选择所有非无效值。
clean_bool length:3
newest best op: Uniop(df,'act_arr_time','06:34 PM',(['flight'], {('CO-16-LAX-EWR',)}),{left: ("[FunctionalDependency:(s: {flight}, t: {act_arr_time})]", 0.0), operator: *, right: (1.0, 1.0), result: 0.0})
now error: 0.0
Block processing time: 0.048015 seconds
Computing Block 42 out of 100
Processing Block size=23
begin cleaner{left: ("[FunctionalDependency:(s: {flight}, t: {act_arr_time})]", 0.0), operator: *, right: (1.0, 1.0), result: 0.0}
列 'p' 不存在，对列 act_arr_time 不过滤，直接选择所有非无效值。
clean_bool length:3
newest best op: Uniop(df,'act_arr_time','09:13 AM',(['flight'], {('UA-3373-IAD-PHL',)}),{left: ("[FunctionalDependency:(s: {flight}, t: {act_arr_time})]", 0.0), operator: *, right: (1.0, 1.0), result: 0.0})
now error: 0.0
Block processing time: 0.052281 seconds
Computing Block 43 out of 100
Processing Block size=21
begin cleaner{left: ("[FunctionalDependency:(s: {flight}, t: {act_arr_time})]", 0.0), operator: *, right: (1.0, 1.0), result: 0.0}
列 'p' 不存在，对列 act_arr_time 不过滤，直接选择所有非无效值。
clean_bool length:4
newest best op: Uniop(df,'act_arr_time','04:17 PM',(['flight'], {('UA-37-EWR-MCO',)}),{left: ("[FunctionalDependency:(s: {flight}, t: {act_arr_time})]", 0.0), operator: *, right: (1.0, 1.0), result: 0.0})
now error: 0.0
Block processing time: 0.066661 seconds
Computing Block 44 out of 100
Processing Block size=21
begin cleaner{left: ("[FunctionalDependency:(s: {flight}, t: {act_arr_time})]", 0.0), operator: *, right: (1.0, 1.0), result: 0.0}
列 'p' 不存在，对列 act_arr_time 不过滤，直接选择所有非无效值。
clean_bool length:3
newest best op: Uniop(df,'act_arr_time','05:14 PM',(['flight'], {('UA-2830-MCO-CLT',)}),{left: ("[FunctionalDependency:(s: {flight}, t: {act_arr_time})]", 0.0), operator: *, right: (1.0, 1.0), result: 0.0})
now error: 0.0
newest best op: Uniop(df,'act_arr_time','05:17 PM',(['flight'], {('UA-2830-MCO-CLT',)}),{left: ("[FunctionalDependency:(s: {flight}, t: {act_arr_time})]", 0.0), operator: *, right: (1.0, 1.0), result: 0.0})
now error: 0.0
Block processing time: 0.048201 seconds
Computing Block 45 out of 100
Processing Block size=24
begin cleaner{left: ("[FunctionalDependency:(s: {flight}, t: {act_arr_time})]", 0.0), operator: *, right: (1.0, 1.0), result: 0.0}
列 'p' 不存在，对列 act_arr_time 不过滤，直接选择所有非无效值。
clean_bool length:4
newest best op: Uniop(df,'act_arr_time','03:14 PM',(['flight'], {('AA-222-LAX-BOS',)}),{left: ("[FunctionalDependency:(s: {flight}, t: {act_arr_time})]", 0.0), operator: *, right: (1.0, 1.0), result: 0.0})
now error: 0.0
Block processing time: 0.074836 seconds
Computing Block 46 out of 100
Processing Block size=20
begin cleaner{left: ("[FunctionalDependency:(s: {flight}, t: {act_arr_time})]", 0.0), operator: *, right: (1.0, 1.0), result: 0.0}
列 'p' 不存在，对列 act_arr_time 不过滤，直接选择所有非无效值。
clean_bool length:3
newest best op: Uniop(df,'act_arr_time','10:56 AM',(['flight'], {('CO-1088-CLE-IAH',)}),{left: ("[FunctionalDependency:(s: {flight}, t: {act_arr_time})]", 0.0), operator: *, right: (1.0, 1.0), result: 0.0})
now error: 0.0
Block processing time: 0.047112 seconds
Computing Block 47 out of 100
Processing Block size=28
begin cleaner{left: ("[FunctionalDependency:(s: {flight}, t: {act_arr_time})]", 0.0), operator: *, right: (1.0, 1.0), result: 0.0}
列 'p' 不存在，对列 act_arr_time 不过滤，直接选择所有非无效值。
clean_bool length:4
newest best op: Uniop(df,'act_arr_time','02:49 PM',(['flight'], {('AA-789-ORD-DEN',)}),{left: ("[FunctionalDependency:(s: {flight}, t: {act_arr_time})]", 0.0), operator: *, right: (1.0, 1.0), result: 0.0})
now error: 0.0
newest best op: Uniop(df,'act_arr_time','03:01 PM',(['flight'], {('AA-789-ORD-DEN',)}),{left: ("[FunctionalDependency:(s: {flight}, t: {act_arr_time})]", 0.0), operator: *, right: (1.0, 1.0), result: 0.0})
now error: 0.0
newest best op: Uniop(df,'act_arr_time','03:13 PM',(['flight'], {('AA-789-ORD-DEN',)}),{left: ("[FunctionalDependency:(s: {flight}, t: {act_arr_time})]", 0.0), operator: *, right: (1.0, 1.0), result: 0.0})
now error: 0.0
Block processing time: 0.086434 seconds
Computing Block 48 out of 100
Processing Block size=27
begin cleaner{left: ("[FunctionalDependency:(s: {flight}, t: {act_arr_time})]", 0.0), operator: *, right: (1.0, 1.0), result: 0.0}
列 'p' 不存在，对列 act_arr_time 不过滤，直接选择所有非无效值。
clean_bool length:4
newest best op: Uniop(df,'act_arr_time','09:42 AM',(['flight'], {('AA-3468-CVG-MIA',)}),{left: ("[FunctionalDependency:(s: {flight}, t: {act_arr_time})]", 0.0), operator: *, right: (1.0, 1.0), result: 0.0})
now error: 0.0
newest best op: Uniop(df,'act_arr_time','09:45 AM',(['flight'], {('AA-3468-CVG-MIA',)}),{left: ("[FunctionalDependency:(s: {flight}, t: {act_arr_time})]", 0.0), operator: *, right: (1.0, 1.0), result: 0.0})
now error: 0.0
Block processing time: 0.085112 seconds
Computing Block 49 out of 100
Processing Block size=25
begin cleaner{left: ("[FunctionalDependency:(s: {flight}, t: {act_arr_time})]", 0.0), operator: *, right: (1.0, 1.0), result: 0.0}
列 'p' 不存在，对列 act_arr_time 不过滤，直接选择所有非无效值。
clean_bool length:5
newest best op: Uniop(df,'act_arr_time','03:04 PM',(['flight'], {('AA-3-JFK-LAX',)}),{left: ("[FunctionalDependency:(s: {flight}, t: {act_arr_time})]", 0.0), operator: *, right: (1.0, 1.0), result: 0.0})
now error: 0.0
newest best op: Uniop(df,'act_arr_time','03:10 PM',(['flight'], {('AA-3-JFK-LAX',)}),{left: ("[FunctionalDependency:(s: {flight}, t: {act_arr_time})]", 0.0), operator: *, right: (1.0, 1.0), result: 0.0})
now error: 0.0
newest best op: Uniop(df,'act_arr_time','03:16 PM',(['flight'], {('AA-3-JFK-LAX',)}),{left: ("[FunctionalDependency:(s: {flight}, t: {act_arr_time})]", 0.0), operator: *, right: (1.0, 1.0), result: 0.0})
now error: 0.0
Block processing time: 0.099152 seconds
Computing Block 50 out of 100
Processing Block size=26
begin cleaner{left: ("[FunctionalDependency:(s: {flight}, t: {act_arr_time})]", 0.0), operator: *, right: (1.0, 1.0), result: 0.0}
列 'p' 不存在，对列 act_arr_time 不过滤，直接选择所有非无效值。
clean_bool length:4
newest best op: Uniop(df,'act_arr_time','11:04 AM',(['flight'], {('AA-2268-PHX-ORD',)}),{left: ("[FunctionalDependency:(s: {flight}, t: {act_arr_time})]", 0.0), operator: *, right: (1.0, 1.0), result: 0.0})
now error: 0.0
Block processing time: 0.079683 seconds
Computing Block 51 out of 100
Processing Block size=26
begin cleaner{left: ("[FunctionalDependency:(s: {flight}, t: {act_arr_time})]", 0.0), operator: *, right: (1.0, 1.0), result: 0.0}
列 'p' 不存在，对列 act_arr_time 不过滤，直接选择所有非无效值。
clean_bool length:4
newest best op: Uniop(df,'act_arr_time','07:37 PM',(['flight'], {('AA-484-DFW-MIA',)}),{left: ("[FunctionalDependency:(s: {flight}, t: {act_arr_time})]", 0.0), operator: *, right: (1.0, 1.0), result: 0.0})
now error: 0.0
newest best op: Uniop(df,'act_arr_time','07:39 PM',(['flight'], {('AA-484-DFW-MIA',)}),{left: ("[FunctionalDependency:(s: {flight}, t: {act_arr_time})]", 0.0), operator: *, right: (1.0, 1.0), result: 0.0})
now error: 0.0
Block processing time: 0.081036 seconds
Computing Block 52 out of 100
Processing Block size=22
begin cleaner{left: ("[FunctionalDependency:(s: {flight}, t: {act_arr_time})]", 0.0), operator: *, right: (1.0, 1.0), result: 0.0}
列 'p' 不存在，对列 act_arr_time 不过滤，直接选择所有非无效值。
clean_bool length:3
newest best op: Uniop(df,'act_arr_time','06:33 PM',(['flight'], {('CO-45-EWR-MIA',)}),{left: ("[FunctionalDependency:(s: {flight}, t: {act_arr_time})]", 0.0), operator: *, right: (1.0, 1.0), result: 0.0})
now error: 0.0
newest best op: Uniop(df,'act_arr_time','06:36 PM',(['flight'], {('CO-45-EWR-MIA',)}),{left: ("[FunctionalDependency:(s: {flight}, t: {act_arr_time})]", 0.0), operator: *, right: (1.0, 1.0), result: 0.0})
now error: 0.0
Block processing time: 0.049826 seconds
Computing Block 53 out of 100
Processing Block size=21
begin cleaner{left: ("[FunctionalDependency:(s: {flight}, t: {act_arr_time})]", 0.0), operator: *, right: (1.0, 1.0), result: 0.0}
列 'p' 不存在，对列 act_arr_time 不过滤，直接选择所有非无效值。
clean_bool length:4
newest best op: Uniop(df,'act_arr_time','02:02 PM',(['flight'], {('UA-2704-DTW-PHX',)}),{left: ("[FunctionalDependency:(s: {flight}, t: {act_arr_time})]", 0.0), operator: *, right: (1.0, 1.0), result: 0.0})
now error: 0.0
Block processing time: 0.061535 seconds
Computing Block 54 out of 100
Processing Block size=29
begin cleaner{left: ("[FunctionalDependency:(s: {flight}, t: {act_arr_time})]", 0.0), operator: *, right: (1.0, 1.0), result: 0.0}
列 'p' 不存在，对列 act_arr_time 不过滤，直接选择所有非无效值。
clean_bool length:5
newest best op: Uniop(df,'act_arr_time','11:00 AM',(['flight'], {('AA-59-JFK-SFO',)}),{left: ("[FunctionalDependency:(s: {flight}, t: {act_arr_time})]", 0.0), operator: *, right: (1.0, 1.0), result: 0.0})
now error: 0.0
newest best op: Uniop(df,'act_arr_time','10:52 AM',(['flight'], {('AA-59-JFK-SFO',)}),{left: ("[FunctionalDependency:(s: {flight}, t: {act_arr_time})]", 0.0), operator: *, right: (1.0, 1.0), result: 0.0})
now error: 0.0
newest best op: Uniop(df,'act_arr_time','11:12 AM',(['flight'], {('AA-59-JFK-SFO',)}),{left: ("[FunctionalDependency:(s: {flight}, t: {act_arr_time})]", 0.0), operator: *, right: (1.0, 1.0), result: 0.0})
now error: 0.0
Block processing time: 0.111323 seconds
Computing Block 55 out of 100
Processing Block size=26
begin cleaner{left: ("[FunctionalDependency:(s: {flight}, t: {act_arr_time})]", 0.0), operator: *, right: (1.0, 1.0), result: 0.0}
列 'p' 不存在，对列 act_arr_time 不过滤，直接选择所有非无效值。
clean_bool length:5
newest best op: Uniop(df,'act_arr_time','10:29 AM',(['flight'], {('AA-1434-DFW-MCO',)}),{left: ("[FunctionalDependency:(s: {flight}, t: {act_arr_time})]", 0.0), operator: *, right: (1.0, 1.0), result: 0.0})
now error: 0.0
newest best op: Uniop(df,'act_arr_time','10:36 AM',(['flight'], {('AA-1434-DFW-MCO',)}),{left: ("[FunctionalDependency:(s: {flight}, t: {act_arr_time})]", 0.0), operator: *, right: (1.0, 1.0), result: 0.0})
now error: 0.0
Block processing time: 0.100633 seconds
Computing Block 56 out of 100
Processing Block size=21
begin cleaner{left: ("[FunctionalDependency:(s: {flight}, t: {act_arr_time})]", 0.0), operator: *, right: (1.0, 1.0), result: 0.0}
列 'p' 不存在，对列 act_arr_time 不过滤，直接选择所有非无效值。
clean_bool length:4
newest best op: Uniop(df,'act_arr_time','07:55 PM',(['flight'], {('CO-63-EWR-IAH',)}),{left: ("[FunctionalDependency:(s: {flight}, t: {act_arr_time})]", 0.0), operator: *, right: (1.0, 1.0), result: 0.0})
now error: 0.0
newest best op: Uniop(df,'act_arr_time','07:43 PM',(['flight'], {('CO-63-EWR-IAH',)}),{left: ("[FunctionalDependency:(s: {flight}, t: {act_arr_time})]", 0.0), operator: *, right: (1.0, 1.0), result: 0.0})
now error: 0.0
newest best op: Uniop(df,'act_arr_time','08:03 PM',(['flight'], {('CO-63-EWR-IAH',)}),{left: ("[FunctionalDependency:(s: {flight}, t: {act_arr_time})]", 0.0), operator: *, right: (1.0, 1.0), result: 0.0})
now error: 0.0
Block processing time: 0.064178 seconds
Computing Block 57 out of 100
Processing Block size=26
begin cleaner{left: ("[FunctionalDependency:(s: {flight}, t: {act_arr_time})]", 0.0), operator: *, right: (1.0, 1.0), result: 0.0}
列 'p' 不存在，对列 act_arr_time 不过滤，直接选择所有非无效值。
clean_bool length:3
newest best op: Uniop(df,'act_arr_time','11:49 PM',(['flight'], {('AA-3823-LAX-DEN',)}),{left: ("[FunctionalDependency:(s: {flight}, t: {act_arr_time})]", 0.0), operator: *, right: (1.0, 1.0), result: 0.0})
now error: 0.0
Block processing time: 0.059793 seconds
Computing Block 58 out of 100
Processing Block size=20
begin cleaner{left: ("[FunctionalDependency:(s: {flight}, t: {act_arr_time})]", 0.0), operator: *, right: (1.0, 1.0), result: 0.0}
列 'p' 不存在，对列 act_arr_time 不过滤，直接选择所有非无效值。
clean_bool length:3
newest best op: Uniop(df,'act_arr_time','06:59 PM',(['flight'], {('UA-62-IAH-EWR',)}),{left: ("[FunctionalDependency:(s: {flight}, t: {act_arr_time})]", 0.0), operator: *, right: (1.0, 1.0), result: 0.0})
now error: 0.0
newest best op: Uniop(df,'act_arr_time','07:10 PM',(['flight'], {('UA-62-IAH-EWR',)}),{left: ("[FunctionalDependency:(s: {flight}, t: {act_arr_time})]", 0.0), operator: *, right: (1.0, 1.0), result: 0.0})
now error: 0.0
Block processing time: 0.045582 seconds
Computing Block 59 out of 100
Processing Block size=23
begin cleaner{left: ("[FunctionalDependency:(s: {flight}, t: {act_arr_time})]", 0.0), operator: *, right: (1.0, 1.0), result: 0.0}
列 'p' 不存在，对列 act_arr_time 不过滤，直接选择所有非无效值。
clean_bool length:4
newest best op: Uniop(df,'act_arr_time','07:04 AM',(['flight'], {('UA-414-LAX-SFO',)}),{left: ("[FunctionalDependency:(s: {flight}, t: {act_arr_time})]", 0.0), operator: *, right: (1.0, 1.0), result: 0.0})
now error: 0.0
newest best op: Uniop(df,'act_arr_time','07:10 AM',(['flight'], {('UA-414-LAX-SFO',)}),{left: ("[FunctionalDependency:(s: {flight}, t: {act_arr_time})]", 0.0), operator: *, right: (1.0, 1.0), result: 0.0})
now error: 0.0
newest best op: Uniop(df,'act_arr_time','07:17 AM',(['flight'], {('UA-414-LAX-SFO',)}),{left: ("[FunctionalDependency:(s: {flight}, t: {act_arr_time})]", 0.0), operator: *, right: (1.0, 1.0), result: 0.0})
now error: 0.0
Block processing time: 0.066573 seconds
Computing Block 60 out of 100
Processing Block size=23
begin cleaner{left: ("[FunctionalDependency:(s: {flight}, t: {act_arr_time})]", 0.0), operator: *, right: (1.0, 1.0), result: 0.0}
列 'p' 不存在，对列 act_arr_time 不过滤，直接选择所有非无效值。
clean_bool length:4
newest best op: Uniop(df,'act_arr_time','07:36 PM',(['flight'], {('UA-938-DEN-ORD',)}),{left: ("[FunctionalDependency:(s: {flight}, t: {act_arr_time})]", 0.0), operator: *, right: (1.0, 1.0), result: 0.0})
now error: 0.0
Block processing time: 0.065879 seconds
Computing Block 61 out of 100
Processing Block size=23
begin cleaner{left: ("[FunctionalDependency:(s: {flight}, t: {act_arr_time})]", 0.0), operator: *, right: (1.0, 1.0), result: 0.0}
列 'p' 不存在，对列 act_arr_time 不过滤，直接选择所有非无效值。
clean_bool length:4
newest best op: Uniop(df,'act_arr_time','02:01 PM',(['flight'], {('AA-4344-ORD-DTW',)}),{left: ("[FunctionalDependency:(s: {flight}, t: {act_arr_time})]", 0.0), operator: *, right: (1.0, 1.0), result: 0.0})
now error: 0.0
newest best op: Uniop(df,'act_arr_time','02:10 PM',(['flight'], {('AA-4344-ORD-DTW',)}),{left: ("[FunctionalDependency:(s: {flight}, t: {act_arr_time})]", 0.0), operator: *, right: (1.0, 1.0), result: 0.0})
now error: 0.0
Block processing time: 0.066064 seconds
Computing Block 62 out of 100
Processing Block size=27
begin cleaner{left: ("[FunctionalDependency:(s: {flight}, t: {act_arr_time})]", 0.0), operator: *, right: (1.0, 1.0), result: 0.0}
列 'p' 不存在，对列 act_arr_time 不过滤，直接选择所有非无效值。
clean_bool length:3
newest best op: Uniop(df,'act_arr_time','03:36 PM',(['flight'], {('AA-3804-PHL-ORD',)}),{left: ("[FunctionalDependency:(s: {flight}, t: {act_arr_time})]", 0.0), operator: *, right: (1.0, 1.0), result: 0.0})
now error: 0.0
Block processing time: 0.057098 seconds
Computing Block 63 out of 100
Processing Block size=26
begin cleaner{left: ("[FunctionalDependency:(s: {flight}, t: {act_arr_time})]", 0.0), operator: *, right: (1.0, 1.0), result: 0.0}
列 'p' 不存在，对列 act_arr_time 不过滤，直接选择所有非无效值。
clean_bool length:4
newest best op: Uniop(df,'act_arr_time','01:43 PM',(['flight'], {('AA-4277-CVG-JFK',)}),{left: ("[FunctionalDependency:(s: {flight}, t: {act_arr_time})]", 0.0), operator: *, right: (1.0, 1.0), result: 0.0})
now error: 0.0
Block processing time: 0.074197 seconds
Computing Block 64 out of 100
Processing Block size=29
begin cleaner{left: ("[FunctionalDependency:(s: {flight}, t: {act_arr_time})]", 0.0), operator: *, right: (1.0, 1.0), result: 0.0}
列 'p' 不存在，对列 act_arr_time 不过滤，直接选择所有非无效值。
clean_bool length:4
newest best op: Uniop(df,'act_arr_time','04:20 PM',(['flight'], {('UA-664-ORD-PHL',)}),{left: ("[FunctionalDependency:(s: {flight}, t: {act_arr_time})]", 0.0), operator: *, right: (1.0, 1.0), result: 0.0})
now error: 0.0
newest best op: Uniop(df,'act_arr_time','04:23 PM',(['flight'], {('UA-664-ORD-PHL',)}),{left: ("[FunctionalDependency:(s: {flight}, t: {act_arr_time})]", 0.0), operator: *, right: (1.0, 1.0), result: 0.0})
now error: 0.0
Block processing time: 0.082431 seconds
Computing Block 65 out of 100
Processing Block size=21
begin cleaner{left: ("[FunctionalDependency:(s: {flight}, t: {act_arr_time})]", 0.0), operator: *, right: (1.0, 1.0), result: 0.0}
列 'p' 不存在，对列 act_arr_time 不过滤，直接选择所有非无效值。
clean_bool length:5
newest best op: Uniop(df,'act_arr_time','08:46 PM',(['flight'], {('CO-47-IAH-LAX',)}),{left: ("[FunctionalDependency:(s: {flight}, t: {act_arr_time})]", 0.0), operator: *, right: (1.0, 1.0), result: 0.0})
now error: 0.0
newest best op: Uniop(df,'act_arr_time','09:38 PM',(['flight'], {('CO-47-IAH-LAX',)}),{left: ("[FunctionalDependency:(s: {flight}, t: {act_arr_time})]", 0.0), operator: *, right: (1.0, 1.0), result: 0.0})
now error: 0.0
Block processing time: 0.075379 seconds
Computing Block 66 out of 100
Processing Block size=22
begin cleaner{left: ("[FunctionalDependency:(s: {flight}, t: {act_arr_time})]", 0.0), operator: *, right: (1.0, 1.0), result: 0.0}
列 'p' 不存在，对列 act_arr_time 不过滤，直接选择所有非无效值。
clean_bool length:4
newest best op: Uniop(df,'act_arr_time','05:25 AM',(['flight'], {('CO-1614-LAX-IAH',)}),{left: ("[FunctionalDependency:(s: {flight}, t: {act_arr_time})]", 0.0), operator: *, right: (1.0, 1.0), result: 0.0})
now error: 0.0
newest best op: Uniop(df,'act_arr_time','05:26 AM',(['flight'], {('CO-1614-LAX-IAH',)}),{left: ("[FunctionalDependency:(s: {flight}, t: {act_arr_time})]", 0.0), operator: *, right: (1.0, 1.0), result: 0.0})
now error: 0.0
Block processing time: 0.067102 seconds
Computing Block 67 out of 100
Processing Block size=21
begin cleaner{left: ("[FunctionalDependency:(s: {flight}, t: {act_arr_time})]", 0.0), operator: *, right: (1.0, 1.0), result: 0.0}
列 'p' 不存在，对列 act_arr_time 不过滤，直接选择所有非无效值。
clean_bool length:3
newest best op: Uniop(df,'act_arr_time','01:09 PM',(['flight'], {('CO-1090-BOS-IAH',)}),{left: ("[FunctionalDependency:(s: {flight}, t: {act_arr_time})]", 0.0), operator: *, right: (1.0, 1.0), result: 0.0})
now error: 0.0
newest best op: Uniop(df,'act_arr_time','01:19 PM',(['flight'], {('CO-1090-BOS-IAH',)}),{left: ("[FunctionalDependency:(s: {flight}, t: {act_arr_time})]", 0.0), operator: *, right: (1.0, 1.0), result: 0.0})
now error: 0.0
Block processing time: 0.048524 seconds
Computing Block 68 out of 100
Processing Block size=27
begin cleaner{left: ("[FunctionalDependency:(s: {flight}, t: {act_arr_time})]", 0.0), operator: *, right: (1.0, 1.0), result: 0.0}
列 'p' 不存在，对列 act_arr_time 不过滤，直接选择所有非无效值。
clean_bool length:5
newest best op: Uniop(df,'act_arr_time','12:01 AM',(['flight'], {('UA-233-LAX-JFK',)}),{left: ("[FunctionalDependency:(s: {flight}, t: {act_arr_time})]", 0.0), operator: *, right: (1.0, 1.0), result: 0.0})
now error: 0.0
Block processing time: 0.104381 seconds
Computing Block 69 out of 100
Processing Block size=26
begin cleaner{left: ("[FunctionalDependency:(s: {flight}, t: {act_arr_time})]", 0.0), operator: *, right: (1.0, 1.0), result: 0.0}
列 'p' 不存在，对列 act_arr_time 不过滤，直接选择所有非无效值。
clean_bool length:5
newest best op: Uniop(df,'act_arr_time','10:53 AM',(['flight'], {('AA-2525-DFW-MIA',)}),{left: ("[FunctionalDependency:(s: {flight}, t: {act_arr_time})]", 0.0), operator: *, right: (1.0, 1.0), result: 0.0})
now error: 0.0
newest best op: Uniop(df,'act_arr_time','11:06 AM',(['flight'], {('AA-2525-DFW-MIA',)}),{left: ("[FunctionalDependency:(s: {flight}, t: {act_arr_time})]", 0.0), operator: *, right: (1.0, 1.0), result: 0.0})
now error: 0.0
Block processing time: 0.098902 seconds
Computing Block 70 out of 100
Processing Block size=22
begin cleaner{left: ("[FunctionalDependency:(s: {flight}, t: {act_arr_time})]", 0.0), operator: *, right: (1.0, 1.0), result: 0.0}
列 'p' 不存在，对列 act_arr_time 不过滤，直接选择所有非无效值。
clean_bool length:5
newest best op: Uniop(df,'act_arr_time','01:06 PM',(['flight'], {('CO-1023-IAH-DEN',)}),{left: ("[FunctionalDependency:(s: {flight}, t: {act_arr_time})]", 0.0), operator: *, right: (1.0, 1.0), result: 0.0})
now error: 0.0
newest best op: Uniop(df,'act_arr_time','01:07 PM',(['flight'], {('CO-1023-IAH-DEN',)}),{left: ("[FunctionalDependency:(s: {flight}, t: {act_arr_time})]", 0.0), operator: *, right: (1.0, 1.0), result: 0.0})
now error: 0.0
newest best op: Uniop(df,'act_arr_time','01:14 PM',(['flight'], {('CO-1023-IAH-DEN',)}),{left: ("[FunctionalDependency:(s: {flight}, t: {act_arr_time})]", 0.0), operator: *, right: (1.0, 1.0), result: 0.0})
now error: 0.0
Block processing time: 0.0799 seconds
Computing Block 71 out of 100
Processing Block size=22
begin cleaner{left: ("[FunctionalDependency:(s: {flight}, t: {act_arr_time})]", 0.0), operator: *, right: (1.0, 1.0), result: 0.0}
列 'p' 不存在，对列 act_arr_time 不过滤，直接选择所有非无效值。
clean_bool length:5
newest best op: Uniop(df,'act_arr_time','11:30 AM',(['flight'], {('UA-397-JFK-SFO',)}),{left: ("[FunctionalDependency:(s: {flight}, t: {act_arr_time})]", 0.0), operator: *, right: (1.0, 1.0), result: 0.0})
now error: 0.0
newest best op: Uniop(df,'act_arr_time','11:58 AM',(['flight'], {('UA-397-JFK-SFO',)}),{left: ("[FunctionalDependency:(s: {flight}, t: {act_arr_time})]", 0.0), operator: *, right: (1.0, 1.0), result: 0.0})
now error: 0.0
Block processing time: 0.078997 seconds
Computing Block 72 out of 100
Processing Block size=20
begin cleaner{left: ("[FunctionalDependency:(s: {flight}, t: {act_arr_time})]", 0.0), operator: *, right: (1.0, 1.0), result: 0.0}
列 'p' 不存在，对列 act_arr_time 不过滤，直接选择所有非无效值。
clean_bool length:4
newest best op: Uniop(df,'act_arr_time','09:08 AM',(['flight'], {('CO-52-IAH-LAX',)}),{left: ("[FunctionalDependency:(s: {flight}, t: {act_arr_time})]", 0.0), operator: *, right: (1.0, 1.0), result: 0.0})
now error: 0.0
newest best op: Uniop(df,'act_arr_time','09:14 AM',(['flight'], {('CO-52-IAH-LAX',)}),{left: ("[FunctionalDependency:(s: {flight}, t: {act_arr_time})]", 0.0), operator: *, right: (1.0, 1.0), result: 0.0})
now error: 0.0
newest best op: Uniop(df,'act_arr_time','09:09 AM',(['flight'], {('CO-52-IAH-LAX',)}),{left: ("[FunctionalDependency:(s: {flight}, t: {act_arr_time})]", 0.0), operator: *, right: (1.0, 1.0), result: 0.0})
now error: 0.0
Block processing time: 0.057625 seconds
Computing Block 73 out of 100
Processing Block size=19
begin cleaner{left: ("[FunctionalDependency:(s: {flight}, t: {act_arr_time})]", 0.0), operator: *, right: (1.0, 1.0), result: 0.0}
列 'p' 不存在，对列 act_arr_time 不过滤，直接选择所有非无效值。
clean_bool length:4
newest best op: Uniop(df,'act_arr_time','01:34 PM',(['flight'], {('AA-1886-BOS-MIA',)}),{left: ("[FunctionalDependency:(s: {flight}, t: {act_arr_time})]", 0.0), operator: *, right: (1.0, 1.0), result: 0.0})
now error: 0.0
newest best op: Uniop(df,'act_arr_time','01:36 PM',(['flight'], {('AA-1886-BOS-MIA',)}),{left: ("[FunctionalDependency:(s: {flight}, t: {act_arr_time})]", 0.0), operator: *, right: (1.0, 1.0), result: 0.0})
now error: 0.0
newest best op: Uniop(df,'act_arr_time','01:40 PM',(['flight'], {('AA-1886-BOS-MIA',)}),{left: ("[FunctionalDependency:(s: {flight}, t: {act_arr_time})]", 0.0), operator: *, right: (1.0, 1.0), result: 0.0})
now error: 0.0
Block processing time: 0.054954 seconds
Computing Block 74 out of 100
Processing Block size=23
begin cleaner{left: ("[FunctionalDependency:(s: {flight}, t: {act_arr_time})]", 0.0), operator: *, right: (1.0, 1.0), result: 0.0}
列 'p' 不存在，对列 act_arr_time 不过滤，直接选择所有非无效值。
clean_bool length:5
newest best op: Uniop(df,'act_arr_time','09:09 AM',(['flight'], {('AA-518-MIA-JFK',)}),{left: ("[FunctionalDependency:(s: {flight}, t: {act_arr_time})]", 0.0), operator: *, right: (1.0, 1.0), result: 0.0})
now error: 0.0
newest best op: Uniop(df,'act_arr_time','09:28 AM',(['flight'], {('AA-518-MIA-JFK',)}),{left: ("[FunctionalDependency:(s: {flight}, t: {act_arr_time})]", 0.0), operator: *, right: (1.0, 1.0), result: 0.0})
now error: 0.0
Block processing time: 0.087137 seconds
Computing Block 75 out of 100
Processing Block size=21
begin cleaner{left: ("[FunctionalDependency:(s: {flight}, t: {act_arr_time})]", 0.0), operator: *, right: (1.0, 1.0), result: 0.0}
列 'p' 不存在，对列 act_arr_time 不过滤，直接选择所有非无效值。
clean_bool length:4
newest best op: Uniop(df,'act_arr_time','11:26 AM',(['flight'], {('CO-1561-PHX-IAH',)}),{left: ("[FunctionalDependency:(s: {flight}, t: {act_arr_time})]", 0.0), operator: *, right: (1.0, 1.0), result: 0.0})
now error: 0.0
newest best op: Uniop(df,'act_arr_time','11:32 AM',(['flight'], {('CO-1561-PHX-IAH',)}),{left: ("[FunctionalDependency:(s: {flight}, t: {act_arr_time})]", 0.0), operator: *, right: (1.0, 1.0), result: 0.0})
now error: 0.0
Block processing time: 0.063664 seconds
Computing Block 76 out of 100
Processing Block size=26
begin cleaner{left: ("[FunctionalDependency:(s: {flight}, t: {act_arr_time})]", 0.0), operator: *, right: (1.0, 1.0), result: 0.0}
列 'p' 不存在，对列 act_arr_time 不过滤，直接选择所有非无效值。
clean_bool length:5
newest best op: Uniop(df,'act_arr_time','09:31 AM',(['flight'], {('AA-643-MIA-ORD',)}),{left: ("[FunctionalDependency:(s: {flight}, t: {act_arr_time})]", 0.0), operator: *, right: (1.0, 1.0), result: 0.0})
now error: 0.0
newest best op: Uniop(df,'act_arr_time','09:29 AM',(['flight'], {('AA-643-MIA-ORD',)}),{left: ("[FunctionalDependency:(s: {flight}, t: {act_arr_time})]", 0.0), operator: *, right: (1.0, 1.0), result: 0.0})
now error: 0.0
newest best op: Uniop(df,'act_arr_time','09:26 AM',(['flight'], {('AA-643-MIA-ORD',)}),{left: ("[FunctionalDependency:(s: {flight}, t: {act_arr_time})]", 0.0), operator: *, right: (1.0, 1.0), result: 0.0})
now error: 0.0
Block processing time: 0.09949 seconds
Computing Block 77 out of 100
Processing Block size=18
begin cleaner{left: ("[FunctionalDependency:(s: {flight}, t: {act_arr_time})]", 0.0), operator: *, right: (1.0, 1.0), result: 0.0}
列 'p' 不存在，对列 act_arr_time 不过滤，直接选择所有非无效值。
clean_bool length:5
newest best op: Uniop(df,'act_arr_time','11:21 AM',(['flight'], {('UA-5487-SFO-MRY',)}),{left: ("[FunctionalDependency:(s: {flight}, t: {act_arr_time})]", 0.0), operator: *, right: (1.0, 1.0), result: 0.0})
now error: 0.0
Block processing time: 0.069851 seconds
Computing Block 78 out of 100
Processing Block size=25
begin cleaner{left: ("[FunctionalDependency:(s: {flight}, t: {act_arr_time})]", 0.0), operator: *, right: (1.0, 1.0), result: 0.0}
列 'p' 不存在，对列 act_arr_time 不过滤，直接选择所有非无效值。
clean_bool length:4
newest best op: Uniop(df,'act_arr_time','03:30 PM',(['flight'], {('AA-1279-DFW-PHX',)}),{left: ("[FunctionalDependency:(s: {flight}, t: {act_arr_time})]", 0.0), operator: *, right: (1.0, 1.0), result: 0.0})
now error: 0.0
newest best op: Uniop(df,'act_arr_time','03:19 PM',(['flight'], {('AA-1279-DFW-PHX',)}),{left: ("[FunctionalDependency:(s: {flight}, t: {act_arr_time})]", 0.0), operator: *, right: (1.0, 1.0), result: 0.0})
now error: 0.0
newest best op: Uniop(df,'act_arr_time','03:13 PM',(['flight'], {('AA-1279-DFW-PHX',)}),{left: ("[FunctionalDependency:(s: {flight}, t: {act_arr_time})]", 0.0), operator: *, right: (1.0, 1.0), result: 0.0})
now error: 0.0
Block processing time: 0.076818 seconds
Computing Block 79 out of 100
Processing Block size=27
begin cleaner{left: ("[FunctionalDependency:(s: {flight}, t: {act_arr_time})]", 0.0), operator: *, right: (1.0, 1.0), result: 0.0}
列 'p' 不存在，对列 act_arr_time 不过滤，直接选择所有非无效值。
clean_bool length:6
newest best op: Uniop(df,'act_arr_time','06:19 AM',(['flight'], {('AA-3809-PHX-LAX',)}),{left: ("[FunctionalDependency:(s: {flight}, t: {act_arr_time})]", 0.0), operator: *, right: (1.0, 1.0), result: 0.0})
now error: 0.0
Block processing time: 0.117914 seconds
Computing Block 80 out of 100
Processing Block size=17
begin cleaner{left: ("[FunctionalDependency:(s: {flight}, t: {act_arr_time})]", 0.0), operator: *, right: (1.0, 1.0), result: 0.0}
列 'p' 不存在，对列 act_arr_time 不过滤，直接选择所有非无效值。
clean_bool length:5
newest best op: Uniop(df,'act_arr_time','12:12 PM',(['flight'], {('UA-1500-IAH-GUA',)}),{left: ("[FunctionalDependency:(s: {flight}, t: {act_arr_time})]", 0.0), operator: *, right: (1.0, 1.0), result: 0.0})
now error: 0.0
Block processing time: 0.063036 seconds
Computing Block 81 out of 100
Processing Block size=24
begin cleaner{left: ("[FunctionalDependency:(s: {flight}, t: {act_arr_time})]", 0.0), operator: *, right: (1.0, 1.0), result: 0.0}
列 'p' 不存在，对列 act_arr_time 不过滤，直接选择所有非无效值。
clean_bool length:6
newest best op: Uniop(df,'act_arr_time','06:34 PM',(['flight'], {('UA-2906-PHL-MCO',)}),{left: ("[FunctionalDependency:(s: {flight}, t: {act_arr_time})]", 0.0), operator: *, right: (1.0, 1.0), result: 0.0})
now error: 0.0
newest best op: Uniop(df,'act_arr_time','06:38 PM',(['flight'], {('UA-2906-PHL-MCO',)}),{left: ("[FunctionalDependency:(s: {flight}, t: {act_arr_time})]", 0.0), operator: *, right: (1.0, 1.0), result: 0.0})
now error: 0.0
Block processing time: 0.105416 seconds
Computing Block 82 out of 100
Processing Block size=28
begin cleaner{left: ("[FunctionalDependency:(s: {flight}, t: {act_arr_time})]", 0.0), operator: *, right: (1.0, 1.0), result: 0.0}
列 'p' 不存在，对列 act_arr_time 不过滤，直接选择所有非无效值。
clean_bool length:4
newest best op: Uniop(df,'act_arr_time','07:25 PM',(['flight'], {('AA-1640-MIA-MCO',)}),{left: ("[FunctionalDependency:(s: {flight}, t: {act_arr_time})]", 0.0), operator: *, right: (1.0, 1.0), result: 0.0})
now error: 0.0
Block processing time: 0.082768 seconds
Computing Block 83 out of 100
Processing Block size=28
begin cleaner{left: ("[FunctionalDependency:(s: {flight}, t: {act_arr_time})]", 0.0), operator: *, right: (1.0, 1.0), result: 0.0}
列 'p' 不存在，对列 act_arr_time 不过滤，直接选择所有非无效值。
clean_bool length:4
newest best op: Uniop(df,'act_arr_time','09:47 PM',(['flight'], {('AA-1221-MCO-ORD',)}),{left: ("[FunctionalDependency:(s: {flight}, t: {act_arr_time})]", 0.0), operator: *, right: (1.0, 1.0), result: 0.0})
now error: 0.0
Block processing time: 0.080891 seconds
Computing Block 84 out of 100
Processing Block size=27
begin cleaner{left: ("[FunctionalDependency:(s: {flight}, t: {act_arr_time})]", 0.0), operator: *, right: (1.0, 1.0), result: 0.0}
列 'p' 不存在，对列 act_arr_time 不过滤，直接选择所有非无效值。
clean_bool length:3
newest best op: Uniop(df,'act_arr_time','11:35 PM',(['flight'], {('AA-2312-DFW-DTW',)}),{left: ("[FunctionalDependency:(s: {flight}, t: {act_arr_time})]", 0.0), operator: *, right: (1.0, 1.0), result: 0.0})
now error: 0.0
Block processing time: 0.060496 seconds
Computing Block 85 out of 100
Processing Block size=24
begin cleaner{left: ("[FunctionalDependency:(s: {flight}, t: {act_arr_time})]", 0.0), operator: *, right: (1.0, 1.0), result: 0.0}
列 'p' 不存在，对列 act_arr_time 不过滤，直接选择所有非无效值。
clean_bool length:4
newest best op: Uniop(df,'act_arr_time','05:11 AM',(['flight'], {('UA-828-SFO-ORD',)}),{left: ("[FunctionalDependency:(s: {flight}, t: {act_arr_time})]", 0.0), operator: *, right: (1.0, 1.0), result: 0.0})
now error: 0.0
newest best op: Uniop(df,'act_arr_time','05:21 AM',(['flight'], {('UA-828-SFO-ORD',)}),{left: ("[FunctionalDependency:(s: {flight}, t: {act_arr_time})]", 0.0), operator: *, right: (1.0, 1.0), result: 0.0})
now error: 0.0
Block processing time: 0.077778 seconds
Computing Block 86 out of 100
Processing Block size=20
begin cleaner{left: ("[FunctionalDependency:(s: {flight}, t: {act_arr_time})]", 0.0), operator: *, right: (1.0, 1.0), result: 0.0}
列 'p' 不存在，对列 act_arr_time 不过滤，直接选择所有非无效值。
clean_bool length:4
newest best op: Uniop(df,'act_arr_time','04:24 PM',(['flight'], {('UA-2708-EWR-CLT',)}),{left: ("[FunctionalDependency:(s: {flight}, t: {act_arr_time})]", 0.0), operator: *, right: (1.0, 1.0), result: 0.0})
now error: 0.0
Block processing time: 0.060279 seconds
Computing Block 87 out of 100
Processing Block size=20
begin cleaner{left: ("[FunctionalDependency:(s: {flight}, t: {act_arr_time})]", 0.0), operator: *, right: (1.0, 1.0), result: 0.0}
列 'p' 不存在，对列 act_arr_time 不过滤，直接选择所有非无效值。
clean_bool length:3
newest best op: Uniop(df,'act_arr_time','10:18 AM',(['flight'], {('CO-89-IAH-EWR',)}),{left: ("[FunctionalDependency:(s: {flight}, t: {act_arr_time})]", 0.0), operator: *, right: (1.0, 1.0), result: 0.0})
now error: 0.0
newest best op: Uniop(df,'act_arr_time','10:27 AM',(['flight'], {('CO-89-IAH-EWR',)}),{left: ("[FunctionalDependency:(s: {flight}, t: {act_arr_time})]", 0.0), operator: *, right: (1.0, 1.0), result: 0.0})
now error: 0.0
Block processing time: 0.044781 seconds
Computing Block 88 out of 100
Processing Block size=22
begin cleaner{left: ("[FunctionalDependency:(s: {flight}, t: {act_arr_time})]", 0.0), operator: *, right: (1.0, 1.0), result: 0.0}
列 'p' 不存在，对列 act_arr_time 不过滤，直接选择所有非无效值。
clean_bool length:4
newest best op: Uniop(df,'act_arr_time','10:10 AM',(['flight'], {('AA-415-BOS-ORD',)}),{left: ("[FunctionalDependency:(s: {flight}, t: {act_arr_time})]", 0.0), operator: *, right: (1.0, 1.0), result: 0.0})
now error: 0.0
newest best op: Uniop(df,'act_arr_time','10:16 AM',(['flight'], {('AA-415-BOS-ORD',)}),{left: ("[FunctionalDependency:(s: {flight}, t: {act_arr_time})]", 0.0), operator: *, right: (1.0, 1.0), result: 0.0})
now error: 0.0
Block processing time: 0.06519 seconds
Computing Block 89 out of 100
Processing Block size=26
begin cleaner{left: ("[FunctionalDependency:(s: {flight}, t: {act_arr_time})]", 0.0), operator: *, right: (1.0, 1.0), result: 0.0}
列 'p' 不存在，对列 act_arr_time 不过滤，直接选择所有非无效值。
clean_bool length:4
newest best op: Uniop(df,'act_arr_time','12:03 PM',(['flight'], {('CO-1193-EWR-MCO',)}),{left: ("[FunctionalDependency:(s: {flight}, t: {act_arr_time})]", 0.0), operator: *, right: (1.0, 1.0), result: 0.0})
now error: 0.0
newest best op: Uniop(df,'act_arr_time','12:02 PM',(['flight'], {('CO-1193-EWR-MCO',)}),{left: ("[FunctionalDependency:(s: {flight}, t: {act_arr_time})]", 0.0), operator: *, right: (1.0, 1.0), result: 0.0})
now error: 0.0
newest best op: Uniop(df,'act_arr_time','12:09 PM',(['flight'], {('CO-1193-EWR-MCO',)}),{left: ("[FunctionalDependency:(s: {flight}, t: {act_arr_time})]", 0.0), operator: *, right: (1.0, 1.0), result: 0.0})
now error: 0.0
Block processing time: 0.078389 seconds
Computing Block 90 out of 100
Processing Block size=24
begin cleaner{left: ("[FunctionalDependency:(s: {flight}, t: {act_arr_time})]", 0.0), operator: *, right: (1.0, 1.0), result: 0.0}
列 'p' 不存在，对列 act_arr_time 不过滤，直接选择所有非无效值。
clean_bool length:5
newest best op: Uniop(df,'act_arr_time','09:20 PM',(['flight'], {('AA-3063-SLC-LAX',)}),{left: ("[FunctionalDependency:(s: {flight}, t: {act_arr_time})]", 0.0), operator: *, right: (1.0, 1.0), result: 0.0})
now error: 0.0
newest best op: Uniop(df,'act_arr_time','09:12 PM',(['flight'], {('AA-3063-SLC-LAX',)}),{left: ("[FunctionalDependency:(s: {flight}, t: {act_arr_time})]", 0.0), operator: *, right: (1.0, 1.0), result: 0.0})
now error: 0.0
newest best op: Uniop(df,'act_arr_time','09:11 PM',(['flight'], {('AA-3063-SLC-LAX',)}),{left: ("[FunctionalDependency:(s: {flight}, t: {act_arr_time})]", 0.0), operator: *, right: (1.0, 1.0), result: 0.0})
now error: 0.0
Block processing time: 0.089152 seconds
Computing Block 91 out of 100
Processing Block size=23
begin cleaner{left: ("[FunctionalDependency:(s: {flight}, t: {act_arr_time})]", 0.0), operator: *, right: (1.0, 1.0), result: 0.0}
列 'p' 不存在，对列 act_arr_time 不过滤，直接选择所有非无效值。
clean_bool length:7
newest best op: Uniop(df,'act_arr_time','10:25 PM',(['flight'], {('CO-1586-IAH-MCO',)}),{left: ("[FunctionalDependency:(s: {flight}, t: {act_arr_time})]", 0.0), operator: *, right: (1.0, 1.0), result: 0.0})
now error: 0.0
newest best op: Uniop(df,'act_arr_time','10:23 PM',(['flight'], {('CO-1586-IAH-MCO',)}),{left: ("[FunctionalDependency:(s: {flight}, t: {act_arr_time})]", 0.0), operator: *, right: (1.0, 1.0), result: 0.0})
now error: 0.0
newest best op: Uniop(df,'act_arr_time','10:22 PM',(['flight'], {('CO-1586-IAH-MCO',)}),{left: ("[FunctionalDependency:(s: {flight}, t: {act_arr_time})]", 0.0), operator: *, right: (1.0, 1.0), result: 0.0})
now error: 0.0
newest best op: Uniop(df,'act_arr_time','10:29 PM',(['flight'], {('CO-1586-IAH-MCO',)}),{left: ("[FunctionalDependency:(s: {flight}, t: {act_arr_time})]", 0.0), operator: *, right: (1.0, 1.0), result: 0.0})
now error: 0.0
Block processing time: 0.119611 seconds
Computing Block 92 out of 100
Processing Block size=23
begin cleaner{left: ("[FunctionalDependency:(s: {flight}, t: {act_arr_time})]", 0.0), operator: *, right: (1.0, 1.0), result: 0.0}
列 'p' 不存在，对列 act_arr_time 不过滤，直接选择所有非无效值。
clean_bool length:5
newest best op: Uniop(df,'act_arr_time','06:17 PM',(['flight'], {('UA-3099-PHX-PHL',)}),{left: ("[FunctionalDependency:(s: {flight}, t: {act_arr_time})]", 0.0), operator: *, right: (1.0, 1.0), result: 0.0})
now error: 0.0
newest best op: Uniop(df,'act_arr_time','05:35 PM',(['flight'], {('UA-3099-PHX-PHL',)}),{left: ("[FunctionalDependency:(s: {flight}, t: {act_arr_time})]", 0.0), operator: *, right: (1.0, 1.0), result: 0.0})
now error: 0.0
newest best op: Uniop(df,'act_arr_time','05:38 PM',(['flight'], {('UA-3099-PHX-PHL',)}),{left: ("[FunctionalDependency:(s: {flight}, t: {act_arr_time})]", 0.0), operator: *, right: (1.0, 1.0), result: 0.0})
now error: 0.0
Block processing time: 0.088122 seconds
Computing Block 93 out of 100
Processing Block size=27
begin cleaner{left: ("[FunctionalDependency:(s: {flight}, t: {act_arr_time})]", 0.0), operator: *, right: (1.0, 1.0), result: 0.0}
列 'p' 不存在，对列 act_arr_time 不过滤，直接选择所有非无效值。
clean_bool length:6
newest best op: Uniop(df,'act_arr_time','07:37 AM',(['flight'], {('AA-404-MIA-MCO',)}),{left: ("[FunctionalDependency:(s: {flight}, t: {act_arr_time})]", 0.0), operator: *, right: (1.0, 1.0), result: 0.0})
now error: 0.0
newest best op: Uniop(df,'act_arr_time','07:32 AM',(['flight'], {('AA-404-MIA-MCO',)}),{left: ("[FunctionalDependency:(s: {flight}, t: {act_arr_time})]", 0.0), operator: *, right: (1.0, 1.0), result: 0.0})
now error: 0.0
newest best op: Uniop(df,'act_arr_time','07:40 AM',(['flight'], {('AA-404-MIA-MCO',)}),{left: ("[FunctionalDependency:(s: {flight}, t: {act_arr_time})]", 0.0), operator: *, right: (1.0, 1.0), result: 0.0})
now error: 0.0
Block processing time: 0.120989 seconds
Computing Block 94 out of 100
Processing Block size=23
begin cleaner{left: ("[FunctionalDependency:(s: {flight}, t: {act_arr_time})]", 0.0), operator: *, right: (1.0, 1.0), result: 0.0}
列 'p' 不存在，对列 act_arr_time 不过滤，直接选择所有非无效值。
clean_bool length:4
newest best op: Uniop(df,'act_arr_time','06:28 PM',(['flight'], {('UA-2726-FLL-PHL',)}),{left: ("[FunctionalDependency:(s: {flight}, t: {act_arr_time})]", 0.0), operator: *, right: (1.0, 1.0), result: 0.0})
now error: 0.0
newest best op: Uniop(df,'act_arr_time','06:25 PM',(['flight'], {('UA-2726-FLL-PHL',)}),{left: ("[FunctionalDependency:(s: {flight}, t: {act_arr_time})]", 0.0), operator: *, right: (1.0, 1.0), result: 0.0})
now error: 0.0
Block processing time: 0.068722 seconds
Computing Block 95 out of 100
Processing Block size=27
begin cleaner{left: ("[FunctionalDependency:(s: {flight}, t: {act_arr_time})]", 0.0), operator: *, right: (1.0, 1.0), result: 0.0}
列 'p' 不存在，对列 act_arr_time 不过滤，直接选择所有非无效值。
clean_bool length:4
newest best op: Uniop(df,'act_arr_time','09:00 AM',(['flight'], {('AA-466-IAH-MIA',)}),{left: ("[FunctionalDependency:(s: {flight}, t: {act_arr_time})]", 0.0), operator: *, right: (1.0, 1.0), result: 0.0})
now error: 0.0
newest best op: Uniop(df,'act_arr_time','09:05 AM',(['flight'], {('AA-466-IAH-MIA',)}),{left: ("[FunctionalDependency:(s: {flight}, t: {act_arr_time})]", 0.0), operator: *, right: (1.0, 1.0), result: 0.0})
now error: 0.0
Block processing time: 0.078657 seconds
Computing Block 96 out of 100
Processing Block size=26
begin cleaner{left: ("[FunctionalDependency:(s: {flight}, t: {act_arr_time})]", 0.0), operator: *, right: (1.0, 1.0), result: 0.0}
列 'p' 不存在，对列 act_arr_time 不过滤，直接选择所有非无效值。
clean_bool length:4
newest best op: Uniop(df,'act_arr_time','06:43 PM',(['flight'], {('AA-85-JFK-SFO',)}),{left: ("[FunctionalDependency:(s: {flight}, t: {act_arr_time})]", 0.0), operator: *, right: (1.0, 1.0), result: 0.0})
now error: 0.0
Block processing time: 0.075769 seconds
Computing Block 97 out of 100
Processing Block size=25
begin cleaner{left: ("[FunctionalDependency:(s: {flight}, t: {act_arr_time})]", 0.0), operator: *, right: (1.0, 1.0), result: 0.0}
列 'p' 不存在，对列 act_arr_time 不过滤，直接选择所有非无效值。
clean_bool length:4
newest best op: Uniop(df,'act_arr_time','11:01 AM',(['flight'], {('AA-2957-DFW-CVG',)}),{left: ("[FunctionalDependency:(s: {flight}, t: {act_arr_time})]", 0.0), operator: *, right: (1.0, 1.0), result: 0.0})
now error: 0.0
Block processing time: 0.073571 seconds
Computing Block 98 out of 100
Processing Block size=22
begin cleaner{left: ("[FunctionalDependency:(s: {flight}, t: {act_arr_time})]", 0.0), operator: *, right: (1.0, 1.0), result: 0.0}
列 'p' 不存在，对列 act_arr_time 不过滤，直接选择所有非无效值。
clean_bool length:3
newest best op: Uniop(df,'act_arr_time','03:29 PM',(['flight'], {('AA-649-ORD-SNA',)}),{left: ("[FunctionalDependency:(s: {flight}, t: {act_arr_time})]", 0.0), operator: *, right: (1.0, 1.0), result: 0.0})
now error: 0.0
Block processing time: 0.049231 seconds
Computing Block 99 out of 100
Processing Block size=23
begin cleaner{left: ("[FunctionalDependency:(s: {flight}, t: {act_arr_time})]", 0.0), operator: *, right: (1.0, 1.0), result: 0.0}
列 'p' 不存在，对列 act_arr_time 不过滤，直接选择所有非无效值。
clean_bool length:3
newest best op: Uniop(df,'act_arr_time','05:52 AM',(['flight'], {('AA-1522-SFO-ORD',)}),{left: ("[FunctionalDependency:(s: {flight}, t: {act_arr_time})]", 0.0), operator: *, right: (1.0, 1.0), result: 0.0})
now error: 0.0
Block processing time: 0.052503 seconds
Computing Block 100 out of 100
Processing Block size=21
begin cleaner{left: ("[FunctionalDependency:(s: {flight}, t: {act_arr_time})]", 0.0), operator: *, right: (1.0, 1.0), result: 0.0}
列 'p' 不存在，对列 act_arr_time 不过滤，直接选择所有非无效值。
clean_bool length:4
newest best op: Uniop(df,'act_arr_time','07:53 PM',(['flight'], {('UA-843-LAX-ORD',)}),{left: ("[FunctionalDependency:(s: {flight}, t: {act_arr_time})]", 0.0), operator: *, right: (1.0, 1.0), result: 0.0})
now error: 0.0
newest best op: Uniop(df,'act_arr_time','07:58 PM',(['flight'], {('UA-843-LAX-ORD',)}),{left: ("[FunctionalDependency:(s: {flight}, t: {act_arr_time})]", 0.0), operator: *, right: (1.0, 1.0), result: 0.0})
now error: 0.0
Block processing time: 0.064472 seconds
  当前节点: act_arr_time 有 100 个清洗操作
['sched_dep_time', 'act_dep_time', 'sched_arr_time', 'act_arr_time']的清洗完成

本层累积的编辑规则数: 398
WARNING:root:No partitioning rule specified, processing might be slow
读入数据大小：2376
处理了 398 条规则，更新数据...
所有编辑规则已更新完成

处理第 1 层级, 包含节点: ['flight']
  跳过已清洗结束的节点: flight
['flight']的清洗完成

本层累积的编辑规则数: 0
本层没有可以进行的清洗操作，进行下一层

处理第 2 层级, 包含节点: ['sched_dep_time', 'act_dep_time', 'sched_arr_time', 'act_arr_time']
  当前节点: sched_dep_time 存在可用清洗信号
数据块大小: 2376
分块属性:
[['flight']]
Starting initial block mapping...
Initial number of blocks: 100
Final number of blocks after further splitting: 100
Computing Block 1 out of 100
Processing Block size=21
begin cleaner[FunctionalDependency:(s: {'flight'}, t: {'sched_dep_time'})]*1.0
列 'p' 不存在，对列 sched_dep_time 不过滤，直接选择所有非无效值。
Block processing time: 0.015101 seconds
Computing Block 2 out of 100
Processing Block size=20
begin cleaner{left: ("[FunctionalDependency:(s: {flight}, t: {sched_dep_time})]", 0.0), operator: *, right: (1.0, 1.0), result: 0.0}
列 'p' 不存在，对列 sched_dep_time 不过滤，直接选择所有非无效值。
Block processing time: 0.014563 seconds
Computing Block 3 out of 100
Processing Block size=18
begin cleaner{left: ("[FunctionalDependency:(s: {flight}, t: {sched_dep_time})]", 0.0), operator: *, right: (1.0, 1.0), result: 0.0}
列 'p' 不存在，对列 sched_dep_time 不过滤，直接选择所有非无效值。
Block processing time: 0.013083 seconds
Computing Block 4 out of 100
Processing Block size=27
begin cleaner{left: ("[FunctionalDependency:(s: {flight}, t: {sched_dep_time})]", 0.0), operator: *, right: (1.0, 1.0), result: 0.0}
列 'p' 不存在，对列 sched_dep_time 不过滤，直接选择所有非无效值。
Block processing time: 0.0193 seconds
Computing Block 5 out of 100
Processing Block size=27
begin cleaner{left: ("[FunctionalDependency:(s: {flight}, t: {sched_dep_time})]", 0.0), operator: *, right: (1.0, 1.0), result: 0.0}
列 'p' 不存在，对列 sched_dep_time 不过滤，直接选择所有非无效值。
Block processing time: 0.019181 seconds
Computing Block 6 out of 100
Processing Block size=25
begin cleaner{left: ("[FunctionalDependency:(s: {flight}, t: {sched_dep_time})]", 0.0), operator: *, right: (1.0, 1.0), result: 0.0}
列 'p' 不存在，对列 sched_dep_time 不过滤，直接选择所有非无效值。
Block processing time: 0.017838 seconds
Computing Block 7 out of 100
Processing Block size=26
begin cleaner{left: ("[FunctionalDependency:(s: {flight}, t: {sched_dep_time})]", 0.0), operator: *, right: (1.0, 1.0), result: 0.0}
列 'p' 不存在，对列 sched_dep_time 不过滤，直接选择所有非无效值。
Block processing time: 0.018507 seconds
Computing Block 8 out of 100
Processing Block size=21
begin cleaner{left: ("[FunctionalDependency:(s: {flight}, t: {sched_dep_time})]", 0.0), operator: *, right: (1.0, 1.0), result: 0.0}
列 'p' 不存在，对列 sched_dep_time 不过滤，直接选择所有非无效值。
Block processing time: 0.01503 seconds
Computing Block 9 out of 100
Processing Block size=26
begin cleaner{left: ("[FunctionalDependency:(s: {flight}, t: {sched_dep_time})]", 0.0), operator: *, right: (1.0, 1.0), result: 0.0}
列 'p' 不存在，对列 sched_dep_time 不过滤，直接选择所有非无效值。
Block processing time: 0.018515 seconds
Computing Block 10 out of 100
Processing Block size=28
begin cleaner{left: ("[FunctionalDependency:(s: {flight}, t: {sched_dep_time})]", 0.0), operator: *, right: (1.0, 1.0), result: 0.0}
列 'p' 不存在，对列 sched_dep_time 不过滤，直接选择所有非无效值。
Block processing time: 0.020655 seconds
Computing Block 11 out of 100
Processing Block size=27
begin cleaner{left: ("[FunctionalDependency:(s: {flight}, t: {sched_dep_time})]", 0.0), operator: *, right: (1.0, 1.0), result: 0.0}
列 'p' 不存在，对列 sched_dep_time 不过滤，直接选择所有非无效值。
Block processing time: 0.020185 seconds
Computing Block 12 out of 100
Processing Block size=26
begin cleaner{left: ("[FunctionalDependency:(s: {flight}, t: {sched_dep_time})]", 0.0), operator: *, right: (1.0, 1.0), result: 0.0}
列 'p' 不存在，对列 sched_dep_time 不过滤，直接选择所有非无效值。
Block processing time: 0.01995 seconds
Computing Block 13 out of 100
Processing Block size=21
begin cleaner{left: ("[FunctionalDependency:(s: {flight}, t: {sched_dep_time})]", 0.0), operator: *, right: (1.0, 1.0), result: 0.0}
列 'p' 不存在，对列 sched_dep_time 不过滤，直接选择所有非无效值。
Block processing time: 0.015475 seconds
Computing Block 14 out of 100
Processing Block size=25
begin cleaner{left: ("[FunctionalDependency:(s: {flight}, t: {sched_dep_time})]", 0.0), operator: *, right: (1.0, 1.0), result: 0.0}
列 'p' 不存在，对列 sched_dep_time 不过滤，直接选择所有非无效值。
Block processing time: 0.018222 seconds
Computing Block 15 out of 100
Processing Block size=21
begin cleaner{left: ("[FunctionalDependency:(s: {flight}, t: {sched_dep_time})]", 0.0), operator: *, right: (1.0, 1.0), result: 0.0}
列 'p' 不存在，对列 sched_dep_time 不过滤，直接选择所有非无效值。
Block processing time: 0.015546 seconds
Computing Block 16 out of 100
Processing Block size=27
begin cleaner{left: ("[FunctionalDependency:(s: {flight}, t: {sched_dep_time})]", 0.0), operator: *, right: (1.0, 1.0), result: 0.0}
列 'p' 不存在，对列 sched_dep_time 不过滤，直接选择所有非无效值。
Block processing time: 0.020458 seconds
Computing Block 17 out of 100
Processing Block size=20
begin cleaner{left: ("[FunctionalDependency:(s: {flight}, t: {sched_dep_time})]", 0.0), operator: *, right: (1.0, 1.0), result: 0.0}
列 'p' 不存在，对列 sched_dep_time 不过滤，直接选择所有非无效值。
Block processing time: 0.015704 seconds
Computing Block 18 out of 100
Processing Block size=22
begin cleaner{left: ("[FunctionalDependency:(s: {flight}, t: {sched_dep_time})]", 0.0), operator: *, right: (1.0, 1.0), result: 0.0}
列 'p' 不存在，对列 sched_dep_time 不过滤，直接选择所有非无效值。
Block processing time: 0.016094 seconds
Computing Block 19 out of 100
Processing Block size=25
begin cleaner{left: ("[FunctionalDependency:(s: {flight}, t: {sched_dep_time})]", 0.0), operator: *, right: (1.0, 1.0), result: 0.0}
列 'p' 不存在，对列 sched_dep_time 不过滤，直接选择所有非无效值。
Block processing time: 0.018291 seconds
Computing Block 20 out of 100
Processing Block size=24
begin cleaner{left: ("[FunctionalDependency:(s: {flight}, t: {sched_dep_time})]", 0.0), operator: *, right: (1.0, 1.0), result: 0.0}
列 'p' 不存在，对列 sched_dep_time 不过滤，直接选择所有非无效值。
Block processing time: 0.017598 seconds
Computing Block 21 out of 100
Processing Block size=25
begin cleaner{left: ("[FunctionalDependency:(s: {flight}, t: {sched_dep_time})]", 0.0), operator: *, right: (1.0, 1.0), result: 0.0}
列 'p' 不存在，对列 sched_dep_time 不过滤，直接选择所有非无效值。
Block processing time: 0.019743 seconds
Computing Block 22 out of 100
Processing Block size=21
begin cleaner{left: ("[FunctionalDependency:(s: {flight}, t: {sched_dep_time})]", 0.0), operator: *, right: (1.0, 1.0), result: 0.0}
列 'p' 不存在，对列 sched_dep_time 不过滤，直接选择所有非无效值。
Block processing time: 0.034836 seconds
Computing Block 23 out of 100
Processing Block size=21
begin cleaner{left: ("[FunctionalDependency:(s: {flight}, t: {sched_dep_time})]", 0.0), operator: *, right: (1.0, 1.0), result: 0.0}
列 'p' 不存在，对列 sched_dep_time 不过滤，直接选择所有非无效值。
Block processing time: 0.027744 seconds
Computing Block 24 out of 100
Processing Block size=24
begin cleaner{left: ("[FunctionalDependency:(s: {flight}, t: {sched_dep_time})]", 0.0), operator: *, right: (1.0, 1.0), result: 0.0}
列 'p' 不存在，对列 sched_dep_time 不过滤，直接选择所有非无效值。
Block processing time: 0.022277 seconds
Computing Block 25 out of 100
Processing Block size=20
begin cleaner{left: ("[FunctionalDependency:(s: {flight}, t: {sched_dep_time})]", 0.0), operator: *, right: (1.0, 1.0), result: 0.0}
列 'p' 不存在，对列 sched_dep_time 不过滤，直接选择所有非无效值。
Block processing time: 0.016381 seconds
Computing Block 26 out of 100
Processing Block size=26
begin cleaner{left: ("[FunctionalDependency:(s: {flight}, t: {sched_dep_time})]", 0.0), operator: *, right: (1.0, 1.0), result: 0.0}
列 'p' 不存在，对列 sched_dep_time 不过滤，直接选择所有非无效值。
Block processing time: 0.020713 seconds
Computing Block 27 out of 100
Processing Block size=28
begin cleaner{left: ("[FunctionalDependency:(s: {flight}, t: {sched_dep_time})]", 0.0), operator: *, right: (1.0, 1.0), result: 0.0}
列 'p' 不存在，对列 sched_dep_time 不过滤，直接选择所有非无效值。
Block processing time: 0.024108 seconds
Computing Block 28 out of 100
Processing Block size=23
begin cleaner{left: ("[FunctionalDependency:(s: {flight}, t: {sched_dep_time})]", 0.0), operator: *, right: (1.0, 1.0), result: 0.0}
列 'p' 不存在，对列 sched_dep_time 不过滤，直接选择所有非无效值。
Block processing time: 0.019165 seconds
Computing Block 29 out of 100
Processing Block size=26
begin cleaner{left: ("[FunctionalDependency:(s: {flight}, t: {sched_dep_time})]", 0.0), operator: *, right: (1.0, 1.0), result: 0.0}
列 'p' 不存在，对列 sched_dep_time 不过滤，直接选择所有非无效值。
Block processing time: 0.020274 seconds
Computing Block 30 out of 100
Processing Block size=20
begin cleaner{left: ("[FunctionalDependency:(s: {flight}, t: {sched_dep_time})]", 0.0), operator: *, right: (1.0, 1.0), result: 0.0}
列 'p' 不存在，对列 sched_dep_time 不过滤，直接选择所有非无效值。
Block processing time: 0.016504 seconds
Computing Block 31 out of 100
Processing Block size=21
begin cleaner{left: ("[FunctionalDependency:(s: {flight}, t: {sched_dep_time})]", 0.0), operator: *, right: (1.0, 1.0), result: 0.0}
列 'p' 不存在，对列 sched_dep_time 不过滤，直接选择所有非无效值。
Block processing time: 0.015731 seconds
Computing Block 32 out of 100
Processing Block size=26
begin cleaner{left: ("[FunctionalDependency:(s: {flight}, t: {sched_dep_time})]", 0.0), operator: *, right: (1.0, 1.0), result: 0.0}
列 'p' 不存在，对列 sched_dep_time 不过滤，直接选择所有非无效值。
Block processing time: 0.021103 seconds
Computing Block 33 out of 100
Processing Block size=28
begin cleaner{left: ("[FunctionalDependency:(s: {flight}, t: {sched_dep_time})]", 0.0), operator: *, right: (1.0, 1.0), result: 0.0}
列 'p' 不存在，对列 sched_dep_time 不过滤，直接选择所有非无效值。
Block processing time: 0.020994 seconds
Computing Block 34 out of 100
Processing Block size=27
begin cleaner{left: ("[FunctionalDependency:(s: {flight}, t: {sched_dep_time})]", 0.0), operator: *, right: (1.0, 1.0), result: 0.0}
列 'p' 不存在，对列 sched_dep_time 不过滤，直接选择所有非无效值。
Block processing time: 0.023245 seconds
Computing Block 35 out of 100
Processing Block size=25
begin cleaner{left: ("[FunctionalDependency:(s: {flight}, t: {sched_dep_time})]", 0.0), operator: *, right: (1.0, 1.0), result: 0.0}
列 'p' 不存在，对列 sched_dep_time 不过滤，直接选择所有非无效值。
Block processing time: 0.020659 seconds
Computing Block 36 out of 100
Processing Block size=22
begin cleaner{left: ("[FunctionalDependency:(s: {flight}, t: {sched_dep_time})]", 0.0), operator: *, right: (1.0, 1.0), result: 0.0}
列 'p' 不存在，对列 sched_dep_time 不过滤，直接选择所有非无效值。
Block processing time: 0.019082 seconds
Computing Block 37 out of 100
Processing Block size=22
begin cleaner{left: ("[FunctionalDependency:(s: {flight}, t: {sched_dep_time})]", 0.0), operator: *, right: (1.0, 1.0), result: 0.0}
列 'p' 不存在，对列 sched_dep_time 不过滤，直接选择所有非无效值。
Block processing time: 0.01729 seconds
Computing Block 38 out of 100
Processing Block size=25
begin cleaner{left: ("[FunctionalDependency:(s: {flight}, t: {sched_dep_time})]", 0.0), operator: *, right: (1.0, 1.0), result: 0.0}
列 'p' 不存在，对列 sched_dep_time 不过滤，直接选择所有非无效值。
Block processing time: 0.019735 seconds
Computing Block 39 out of 100
Processing Block size=24
begin cleaner{left: ("[FunctionalDependency:(s: {flight}, t: {sched_dep_time})]", 0.0), operator: *, right: (1.0, 1.0), result: 0.0}
列 'p' 不存在，对列 sched_dep_time 不过滤，直接选择所有非无效值。
Block processing time: 0.018655 seconds
Computing Block 40 out of 100
Processing Block size=27
begin cleaner{left: ("[FunctionalDependency:(s: {flight}, t: {sched_dep_time})]", 0.0), operator: *, right: (1.0, 1.0), result: 0.0}
列 'p' 不存在，对列 sched_dep_time 不过滤，直接选择所有非无效值。
Block processing time: 0.020628 seconds
Computing Block 41 out of 100
Processing Block size=21
begin cleaner{left: ("[FunctionalDependency:(s: {flight}, t: {sched_dep_time})]", 0.0), operator: *, right: (1.0, 1.0), result: 0.0}
列 'p' 不存在，对列 sched_dep_time 不过滤，直接选择所有非无效值。
Block processing time: 0.016433 seconds
Computing Block 42 out of 100
Processing Block size=23
begin cleaner{left: ("[FunctionalDependency:(s: {flight}, t: {sched_dep_time})]", 0.0), operator: *, right: (1.0, 1.0), result: 0.0}
列 'p' 不存在，对列 sched_dep_time 不过滤，直接选择所有非无效值。
Block processing time: 0.017678 seconds
Computing Block 43 out of 100
Processing Block size=21
begin cleaner{left: ("[FunctionalDependency:(s: {flight}, t: {sched_dep_time})]", 0.0), operator: *, right: (1.0, 1.0), result: 0.0}
列 'p' 不存在，对列 sched_dep_time 不过滤，直接选择所有非无效值。
Block processing time: 0.017096 seconds
Computing Block 44 out of 100
Processing Block size=21
begin cleaner{left: ("[FunctionalDependency:(s: {flight}, t: {sched_dep_time})]", 0.0), operator: *, right: (1.0, 1.0), result: 0.0}
列 'p' 不存在，对列 sched_dep_time 不过滤，直接选择所有非无效值。
Block processing time: 0.018521 seconds
Computing Block 45 out of 100
Processing Block size=24
begin cleaner{left: ("[FunctionalDependency:(s: {flight}, t: {sched_dep_time})]", 0.0), operator: *, right: (1.0, 1.0), result: 0.0}
列 'p' 不存在，对列 sched_dep_time 不过滤，直接选择所有非无效值。
Block processing time: 0.022907 seconds
Computing Block 46 out of 100
Processing Block size=20
begin cleaner{left: ("[FunctionalDependency:(s: {flight}, t: {sched_dep_time})]", 0.0), operator: *, right: (1.0, 1.0), result: 0.0}
列 'p' 不存在，对列 sched_dep_time 不过滤，直接选择所有非无效值。
Block processing time: 0.027433 seconds
Computing Block 47 out of 100
Processing Block size=28
begin cleaner{left: ("[FunctionalDependency:(s: {flight}, t: {sched_dep_time})]", 0.0), operator: *, right: (1.0, 1.0), result: 0.0}
列 'p' 不存在，对列 sched_dep_time 不过滤，直接选择所有非无效值。
Block processing time: 0.025613 seconds
Computing Block 48 out of 100
Processing Block size=27
begin cleaner{left: ("[FunctionalDependency:(s: {flight}, t: {sched_dep_time})]", 0.0), operator: *, right: (1.0, 1.0), result: 0.0}
列 'p' 不存在，对列 sched_dep_time 不过滤，直接选择所有非无效值。
Block processing time: 0.021382 seconds
Computing Block 49 out of 100
Processing Block size=25
begin cleaner{left: ("[FunctionalDependency:(s: {flight}, t: {sched_dep_time})]", 0.0), operator: *, right: (1.0, 1.0), result: 0.0}
列 'p' 不存在，对列 sched_dep_time 不过滤，直接选择所有非无效值。
Block processing time: 0.019432 seconds
Computing Block 50 out of 100
Processing Block size=26
begin cleaner{left: ("[FunctionalDependency:(s: {flight}, t: {sched_dep_time})]", 0.0), operator: *, right: (1.0, 1.0), result: 0.0}
列 'p' 不存在，对列 sched_dep_time 不过滤，直接选择所有非无效值。
Block processing time: 0.020513 seconds
Computing Block 51 out of 100
Processing Block size=26
begin cleaner{left: ("[FunctionalDependency:(s: {flight}, t: {sched_dep_time})]", 0.0), operator: *, right: (1.0, 1.0), result: 0.0}
列 'p' 不存在，对列 sched_dep_time 不过滤，直接选择所有非无效值。
Block processing time: 0.020016 seconds
Computing Block 52 out of 100
Processing Block size=22
begin cleaner{left: ("[FunctionalDependency:(s: {flight}, t: {sched_dep_time})]", 0.0), operator: *, right: (1.0, 1.0), result: 0.0}
列 'p' 不存在，对列 sched_dep_time 不过滤，直接选择所有非无效值。
Block processing time: 0.017762 seconds
Computing Block 53 out of 100
Processing Block size=21
begin cleaner{left: ("[FunctionalDependency:(s: {flight}, t: {sched_dep_time})]", 0.0), operator: *, right: (1.0, 1.0), result: 0.0}
列 'p' 不存在，对列 sched_dep_time 不过滤，直接选择所有非无效值。
Block processing time: 0.016573 seconds
Computing Block 54 out of 100
Processing Block size=29
begin cleaner{left: ("[FunctionalDependency:(s: {flight}, t: {sched_dep_time})]", 0.0), operator: *, right: (1.0, 1.0), result: 0.0}
列 'p' 不存在，对列 sched_dep_time 不过滤，直接选择所有非无效值。
Block processing time: 0.023238 seconds
Computing Block 55 out of 100
Processing Block size=26
begin cleaner{left: ("[FunctionalDependency:(s: {flight}, t: {sched_dep_time})]", 0.0), operator: *, right: (1.0, 1.0), result: 0.0}
列 'p' 不存在，对列 sched_dep_time 不过滤，直接选择所有非无效值。
Block processing time: 0.020248 seconds
Computing Block 56 out of 100
Processing Block size=21
begin cleaner{left: ("[FunctionalDependency:(s: {flight}, t: {sched_dep_time})]", 0.0), operator: *, right: (1.0, 1.0), result: 0.0}
列 'p' 不存在，对列 sched_dep_time 不过滤，直接选择所有非无效值。
Block processing time: 0.016452 seconds
Computing Block 57 out of 100
Processing Block size=26
begin cleaner{left: ("[FunctionalDependency:(s: {flight}, t: {sched_dep_time})]", 0.0), operator: *, right: (1.0, 1.0), result: 0.0}
列 'p' 不存在，对列 sched_dep_time 不过滤，直接选择所有非无效值。
Block processing time: 0.020495 seconds
Computing Block 58 out of 100
Processing Block size=20
begin cleaner{left: ("[FunctionalDependency:(s: {flight}, t: {sched_dep_time})]", 0.0), operator: *, right: (1.0, 1.0), result: 0.0}
列 'p' 不存在，对列 sched_dep_time 不过滤，直接选择所有非无效值。
Block processing time: 0.015413 seconds
Computing Block 59 out of 100
Processing Block size=23
begin cleaner{left: ("[FunctionalDependency:(s: {flight}, t: {sched_dep_time})]", 0.0), operator: *, right: (1.0, 1.0), result: 0.0}
列 'p' 不存在，对列 sched_dep_time 不过滤，直接选择所有非无效值。
Block processing time: 0.017958 seconds
Computing Block 60 out of 100
Processing Block size=23
begin cleaner{left: ("[FunctionalDependency:(s: {flight}, t: {sched_dep_time})]", 0.0), operator: *, right: (1.0, 1.0), result: 0.0}
列 'p' 不存在，对列 sched_dep_time 不过滤，直接选择所有非无效值。
Block processing time: 0.018498 seconds
Computing Block 61 out of 100
Processing Block size=23
begin cleaner{left: ("[FunctionalDependency:(s: {flight}, t: {sched_dep_time})]", 0.0), operator: *, right: (1.0, 1.0), result: 0.0}
列 'p' 不存在，对列 sched_dep_time 不过滤，直接选择所有非无效值。
Block processing time: 0.017509 seconds
Computing Block 62 out of 100
Processing Block size=27
begin cleaner{left: ("[FunctionalDependency:(s: {flight}, t: {sched_dep_time})]", 0.0), operator: *, right: (1.0, 1.0), result: 0.0}
列 'p' 不存在，对列 sched_dep_time 不过滤，直接选择所有非无效值。
Block processing time: 0.020875 seconds
Computing Block 63 out of 100
Processing Block size=26
begin cleaner{left: ("[FunctionalDependency:(s: {flight}, t: {sched_dep_time})]", 0.0), operator: *, right: (1.0, 1.0), result: 0.0}
列 'p' 不存在，对列 sched_dep_time 不过滤，直接选择所有非无效值。
Block processing time: 0.019909 seconds
Computing Block 64 out of 100
Processing Block size=29
begin cleaner{left: ("[FunctionalDependency:(s: {flight}, t: {sched_dep_time})]", 0.0), operator: *, right: (1.0, 1.0), result: 0.0}
列 'p' 不存在，对列 sched_dep_time 不过滤，直接选择所有非无效值。
Block processing time: 0.021549 seconds
Computing Block 65 out of 100
Processing Block size=21
begin cleaner{left: ("[FunctionalDependency:(s: {flight}, t: {sched_dep_time})]", 0.0), operator: *, right: (1.0, 1.0), result: 0.0}
列 'p' 不存在，对列 sched_dep_time 不过滤，直接选择所有非无效值。
Block processing time: 0.015202 seconds
Computing Block 66 out of 100
Processing Block size=22
begin cleaner{left: ("[FunctionalDependency:(s: {flight}, t: {sched_dep_time})]", 0.0), operator: *, right: (1.0, 1.0), result: 0.0}
列 'p' 不存在，对列 sched_dep_time 不过滤，直接选择所有非无效值。
Block processing time: 0.016236 seconds
Computing Block 67 out of 100
Processing Block size=21
begin cleaner{left: ("[FunctionalDependency:(s: {flight}, t: {sched_dep_time})]", 0.0), operator: *, right: (1.0, 1.0), result: 0.0}
列 'p' 不存在，对列 sched_dep_time 不过滤，直接选择所有非无效值。
Block processing time: 0.015796 seconds
Computing Block 68 out of 100
Processing Block size=27
begin cleaner{left: ("[FunctionalDependency:(s: {flight}, t: {sched_dep_time})]", 0.0), operator: *, right: (1.0, 1.0), result: 0.0}
列 'p' 不存在，对列 sched_dep_time 不过滤，直接选择所有非无效值。
Block processing time: 0.01959 seconds
Computing Block 69 out of 100
Processing Block size=26
begin cleaner{left: ("[FunctionalDependency:(s: {flight}, t: {sched_dep_time})]", 0.0), operator: *, right: (1.0, 1.0), result: 0.0}
列 'p' 不存在，对列 sched_dep_time 不过滤，直接选择所有非无效值。
Block processing time: 0.01868 seconds
Computing Block 70 out of 100
Processing Block size=22
begin cleaner{left: ("[FunctionalDependency:(s: {flight}, t: {sched_dep_time})]", 0.0), operator: *, right: (1.0, 1.0), result: 0.0}
列 'p' 不存在，对列 sched_dep_time 不过滤，直接选择所有非无效值。
Block processing time: 0.015604 seconds
Computing Block 71 out of 100
Processing Block size=22
begin cleaner{left: ("[FunctionalDependency:(s: {flight}, t: {sched_dep_time})]", 0.0), operator: *, right: (1.0, 1.0), result: 0.0}
列 'p' 不存在，对列 sched_dep_time 不过滤，直接选择所有非无效值。
Block processing time: 0.015653 seconds
Computing Block 72 out of 100
Processing Block size=20
begin cleaner{left: ("[FunctionalDependency:(s: {flight}, t: {sched_dep_time})]", 0.0), operator: *, right: (1.0, 1.0), result: 0.0}
列 'p' 不存在，对列 sched_dep_time 不过滤，直接选择所有非无效值。
Block processing time: 0.014379 seconds
Computing Block 73 out of 100
Processing Block size=19
begin cleaner{left: ("[FunctionalDependency:(s: {flight}, t: {sched_dep_time})]", 0.0), operator: *, right: (1.0, 1.0), result: 0.0}
列 'p' 不存在，对列 sched_dep_time 不过滤，直接选择所有非无效值。
Block processing time: 0.013909 seconds
Computing Block 74 out of 100
Processing Block size=23
begin cleaner{left: ("[FunctionalDependency:(s: {flight}, t: {sched_dep_time})]", 0.0), operator: *, right: (1.0, 1.0), result: 0.0}
列 'p' 不存在，对列 sched_dep_time 不过滤，直接选择所有非无效值。
Block processing time: 0.016777 seconds
Computing Block 75 out of 100
Processing Block size=21
begin cleaner{left: ("[FunctionalDependency:(s: {flight}, t: {sched_dep_time})]", 0.0), operator: *, right: (1.0, 1.0), result: 0.0}
列 'p' 不存在，对列 sched_dep_time 不过滤，直接选择所有非无效值。
Block processing time: 0.015129 seconds
Computing Block 76 out of 100
Processing Block size=26
begin cleaner{left: ("[FunctionalDependency:(s: {flight}, t: {sched_dep_time})]", 0.0), operator: *, right: (1.0, 1.0), result: 0.0}
列 'p' 不存在，对列 sched_dep_time 不过滤，直接选择所有非无效值。
WARNING:root:No partitioning rule specified, processing might be slow
Block processing time: 0.018375 seconds
Computing Block 77 out of 100
Processing Block size=18
begin cleaner{left: ("[FunctionalDependency:(s: {flight}, t: {sched_dep_time})]", 0.0), operator: *, right: (1.0, 1.0), result: 0.0}
列 'p' 不存在，对列 sched_dep_time 不过滤，直接选择所有非无效值。
Block processing time: 0.012693 seconds
Computing Block 78 out of 100
Processing Block size=25
begin cleaner{left: ("[FunctionalDependency:(s: {flight}, t: {sched_dep_time})]", 0.0), operator: *, right: (1.0, 1.0), result: 0.0}
列 'p' 不存在，对列 sched_dep_time 不过滤，直接选择所有非无效值。
Block processing time: 0.017806 seconds
Computing Block 79 out of 100
Processing Block size=27
begin cleaner{left: ("[FunctionalDependency:(s: {flight}, t: {sched_dep_time})]", 0.0), operator: *, right: (1.0, 1.0), result: 0.0}
列 'p' 不存在，对列 sched_dep_time 不过滤，直接选择所有非无效值。
Block processing time: 0.019146 seconds
Computing Block 80 out of 100
Processing Block size=17
begin cleaner{left: ("[FunctionalDependency:(s: {flight}, t: {sched_dep_time})]", 0.0), operator: *, right: (1.0, 1.0), result: 0.0}
列 'p' 不存在，对列 sched_dep_time 不过滤，直接选择所有非无效值。
Block processing time: 0.012163 seconds
Computing Block 81 out of 100
Processing Block size=24
begin cleaner{left: ("[FunctionalDependency:(s: {flight}, t: {sched_dep_time})]", 0.0), operator: *, right: (1.0, 1.0), result: 0.0}
列 'p' 不存在，对列 sched_dep_time 不过滤，直接选择所有非无效值。
Block processing time: 0.017064 seconds
Computing Block 82 out of 100
Processing Block size=28
begin cleaner{left: ("[FunctionalDependency:(s: {flight}, t: {sched_dep_time})]", 0.0), operator: *, right: (1.0, 1.0), result: 0.0}
列 'p' 不存在，对列 sched_dep_time 不过滤，直接选择所有非无效值。
Block processing time: 0.019876 seconds
Computing Block 83 out of 100
Processing Block size=28
begin cleaner{left: ("[FunctionalDependency:(s: {flight}, t: {sched_dep_time})]", 0.0), operator: *, right: (1.0, 1.0), result: 0.0}
列 'p' 不存在，对列 sched_dep_time 不过滤，直接选择所有非无效值。
Block processing time: 0.01993 seconds
Computing Block 84 out of 100
Processing Block size=27
begin cleaner{left: ("[FunctionalDependency:(s: {flight}, t: {sched_dep_time})]", 0.0), operator: *, right: (1.0, 1.0), result: 0.0}
列 'p' 不存在，对列 sched_dep_time 不过滤，直接选择所有非无效值。
Block processing time: 0.019423 seconds
Computing Block 85 out of 100
Processing Block size=24
begin cleaner{left: ("[FunctionalDependency:(s: {flight}, t: {sched_dep_time})]", 0.0), operator: *, right: (1.0, 1.0), result: 0.0}
列 'p' 不存在，对列 sched_dep_time 不过滤，直接选择所有非无效值。
Block processing time: 0.017234 seconds
Computing Block 86 out of 100
Processing Block size=20
begin cleaner{left: ("[FunctionalDependency:(s: {flight}, t: {sched_dep_time})]", 0.0), operator: *, right: (1.0, 1.0), result: 0.0}
列 'p' 不存在，对列 sched_dep_time 不过滤，直接选择所有非无效值。
Block processing time: 0.014329 seconds
Computing Block 87 out of 100
Processing Block size=20
begin cleaner{left: ("[FunctionalDependency:(s: {flight}, t: {sched_dep_time})]", 0.0), operator: *, right: (1.0, 1.0), result: 0.0}
列 'p' 不存在，对列 sched_dep_time 不过滤，直接选择所有非无效值。
Block processing time: 0.01447 seconds
Computing Block 88 out of 100
Processing Block size=22
begin cleaner{left: ("[FunctionalDependency:(s: {flight}, t: {sched_dep_time})]", 0.0), operator: *, right: (1.0, 1.0), result: 0.0}
列 'p' 不存在，对列 sched_dep_time 不过滤，直接选择所有非无效值。
Block processing time: 0.015727 seconds
Computing Block 89 out of 100
Processing Block size=26
begin cleaner{left: ("[FunctionalDependency:(s: {flight}, t: {sched_dep_time})]", 0.0), operator: *, right: (1.0, 1.0), result: 0.0}
列 'p' 不存在，对列 sched_dep_time 不过滤，直接选择所有非无效值。
Block processing time: 0.018442 seconds
Computing Block 90 out of 100
Processing Block size=24
begin cleaner{left: ("[FunctionalDependency:(s: {flight}, t: {sched_dep_time})]", 0.0), operator: *, right: (1.0, 1.0), result: 0.0}
列 'p' 不存在，对列 sched_dep_time 不过滤，直接选择所有非无效值。
Block processing time: 0.017196 seconds
Computing Block 91 out of 100
Processing Block size=23
begin cleaner{left: ("[FunctionalDependency:(s: {flight}, t: {sched_dep_time})]", 0.0), operator: *, right: (1.0, 1.0), result: 0.0}
列 'p' 不存在，对列 sched_dep_time 不过滤，直接选择所有非无效值。
Block processing time: 0.016839 seconds
Computing Block 92 out of 100
Processing Block size=23
begin cleaner{left: ("[FunctionalDependency:(s: {flight}, t: {sched_dep_time})]", 0.0), operator: *, right: (1.0, 1.0), result: 0.0}
列 'p' 不存在，对列 sched_dep_time 不过滤，直接选择所有非无效值。
Block processing time: 0.017511 seconds
Computing Block 93 out of 100
Processing Block size=27
begin cleaner{left: ("[FunctionalDependency:(s: {flight}, t: {sched_dep_time})]", 0.0), operator: *, right: (1.0, 1.0), result: 0.0}
列 'p' 不存在，对列 sched_dep_time 不过滤，直接选择所有非无效值。
Block processing time: 0.019367 seconds
Computing Block 94 out of 100
Processing Block size=23
begin cleaner{left: ("[FunctionalDependency:(s: {flight}, t: {sched_dep_time})]", 0.0), operator: *, right: (1.0, 1.0), result: 0.0}
列 'p' 不存在，对列 sched_dep_time 不过滤，直接选择所有非无效值。
Block processing time: 0.017007 seconds
Computing Block 95 out of 100
Processing Block size=27
begin cleaner{left: ("[FunctionalDependency:(s: {flight}, t: {sched_dep_time})]", 0.0), operator: *, right: (1.0, 1.0), result: 0.0}
列 'p' 不存在，对列 sched_dep_time 不过滤，直接选择所有非无效值。
Block processing time: 0.020935 seconds
Computing Block 96 out of 100
Processing Block size=26
begin cleaner{left: ("[FunctionalDependency:(s: {flight}, t: {sched_dep_time})]", 0.0), operator: *, right: (1.0, 1.0), result: 0.0}
列 'p' 不存在，对列 sched_dep_time 不过滤，直接选择所有非无效值。
Block processing time: 0.020321 seconds
Computing Block 97 out of 100
Processing Block size=25
begin cleaner{left: ("[FunctionalDependency:(s: {flight}, t: {sched_dep_time})]", 0.0), operator: *, right: (1.0, 1.0), result: 0.0}
列 'p' 不存在，对列 sched_dep_time 不过滤，直接选择所有非无效值。
Block processing time: 0.018111 seconds
Computing Block 98 out of 100
Processing Block size=22
begin cleaner{left: ("[FunctionalDependency:(s: {flight}, t: {sched_dep_time})]", 0.0), operator: *, right: (1.0, 1.0), result: 0.0}
列 'p' 不存在，对列 sched_dep_time 不过滤，直接选择所有非无效值。
Block processing time: 0.01688 seconds
Computing Block 99 out of 100
Processing Block size=23
begin cleaner{left: ("[FunctionalDependency:(s: {flight}, t: {sched_dep_time})]", 0.0), operator: *, right: (1.0, 1.0), result: 0.0}
列 'p' 不存在，对列 sched_dep_time 不过滤，直接选择所有非无效值。
Block processing time: 0.016404 seconds
Computing Block 100 out of 100
Processing Block size=21
begin cleaner{left: ("[FunctionalDependency:(s: {flight}, t: {sched_dep_time})]", 0.0), operator: *, right: (1.0, 1.0), result: 0.0}
列 'p' 不存在，对列 sched_dep_time 不过滤，直接选择所有非无效值。
Block processing time: 0.014974 seconds
  当前节点: sched_dep_time 无清洗操作
  当前节点: act_dep_time 存在可用清洗信号
数据块大小: 2376
分块属性:
[['flight']]
Starting initial block mapping...
Initial number of blocks: 100
Final number of blocks after further splitting: 100
Computing Block 1 out of 100
Processing Block size=21
begin cleaner[FunctionalDependency:(s: {'flight'}, t: {'act_dep_time'})]*1.0
列 'p' 不存在，对列 act_dep_time 不过滤，直接选择所有非无效值。
Block processing time: 0.015547 seconds
Computing Block 2 out of 100
Processing Block size=20
begin cleaner{left: ("[FunctionalDependency:(s: {flight}, t: {act_dep_time})]", 0.0), operator: *, right: (1.0, 1.0), result: 0.0}
列 'p' 不存在，对列 act_dep_time 不过滤，直接选择所有非无效值。
Block processing time: 0.015844 seconds
Computing Block 3 out of 100
Processing Block size=18
begin cleaner{left: ("[FunctionalDependency:(s: {flight}, t: {act_dep_time})]", 0.0), operator: *, right: (1.0, 1.0), result: 0.0}
列 'p' 不存在，对列 act_dep_time 不过滤，直接选择所有非无效值。
Block processing time: 0.01325 seconds
Computing Block 4 out of 100
Processing Block size=27
begin cleaner{left: ("[FunctionalDependency:(s: {flight}, t: {act_dep_time})]", 0.0), operator: *, right: (1.0, 1.0), result: 0.0}
列 'p' 不存在，对列 act_dep_time 不过滤，直接选择所有非无效值。
Block processing time: 0.019396 seconds
Computing Block 5 out of 100
Processing Block size=27
begin cleaner{left: ("[FunctionalDependency:(s: {flight}, t: {act_dep_time})]", 0.0), operator: *, right: (1.0, 1.0), result: 0.0}
列 'p' 不存在，对列 act_dep_time 不过滤，直接选择所有非无效值。
Block processing time: 0.019114 seconds
Computing Block 6 out of 100
Processing Block size=25
begin cleaner{left: ("[FunctionalDependency:(s: {flight}, t: {act_dep_time})]", 0.0), operator: *, right: (1.0, 1.0), result: 0.0}
列 'p' 不存在，对列 act_dep_time 不过滤，直接选择所有非无效值。
Block processing time: 0.017986 seconds
Computing Block 7 out of 100
Processing Block size=26
begin cleaner{left: ("[FunctionalDependency:(s: {flight}, t: {act_dep_time})]", 0.0), operator: *, right: (1.0, 1.0), result: 0.0}
列 'p' 不存在，对列 act_dep_time 不过滤，直接选择所有非无效值。
Block processing time: 0.018549 seconds
Computing Block 8 out of 100
Processing Block size=21
begin cleaner{left: ("[FunctionalDependency:(s: {flight}, t: {act_dep_time})]", 0.0), operator: *, right: (1.0, 1.0), result: 0.0}
列 'p' 不存在，对列 act_dep_time 不过滤，直接选择所有非无效值。
Block processing time: 0.014901 seconds
Computing Block 9 out of 100
Processing Block size=26
begin cleaner{left: ("[FunctionalDependency:(s: {flight}, t: {act_dep_time})]", 0.0), operator: *, right: (1.0, 1.0), result: 0.0}
列 'p' 不存在，对列 act_dep_time 不过滤，直接选择所有非无效值。
Block processing time: 0.018579 seconds
Computing Block 10 out of 100
Processing Block size=28
begin cleaner{left: ("[FunctionalDependency:(s: {flight}, t: {act_dep_time})]", 0.0), operator: *, right: (1.0, 1.0), result: 0.0}
列 'p' 不存在，对列 act_dep_time 不过滤，直接选择所有非无效值。
Block processing time: 0.019861 seconds
Computing Block 11 out of 100
Processing Block size=27
begin cleaner{left: ("[FunctionalDependency:(s: {flight}, t: {act_dep_time})]", 0.0), operator: *, right: (1.0, 1.0), result: 0.0}
列 'p' 不存在，对列 act_dep_time 不过滤，直接选择所有非无效值。
Block processing time: 0.019321 seconds
Computing Block 12 out of 100
Processing Block size=26
begin cleaner{left: ("[FunctionalDependency:(s: {flight}, t: {act_dep_time})]", 0.0), operator: *, right: (1.0, 1.0), result: 0.0}
列 'p' 不存在，对列 act_dep_time 不过滤，直接选择所有非无效值。
Block processing time: 0.018445 seconds
Computing Block 13 out of 100
Processing Block size=21
begin cleaner{left: ("[FunctionalDependency:(s: {flight}, t: {act_dep_time})]", 0.0), operator: *, right: (1.0, 1.0), result: 0.0}
列 'p' 不存在，对列 act_dep_time 不过滤，直接选择所有非无效值。
Block processing time: 0.014776 seconds
Computing Block 14 out of 100
Processing Block size=25
begin cleaner{left: ("[FunctionalDependency:(s: {flight}, t: {act_dep_time})]", 0.0), operator: *, right: (1.0, 1.0), result: 0.0}
列 'p' 不存在，对列 act_dep_time 不过滤，直接选择所有非无效值。
Block processing time: 0.017636 seconds
Computing Block 15 out of 100
Processing Block size=21
begin cleaner{left: ("[FunctionalDependency:(s: {flight}, t: {act_dep_time})]", 0.0), operator: *, right: (1.0, 1.0), result: 0.0}
列 'p' 不存在，对列 act_dep_time 不过滤，直接选择所有非无效值。
Block processing time: 0.0148 seconds
Computing Block 16 out of 100
Processing Block size=27
begin cleaner{left: ("[FunctionalDependency:(s: {flight}, t: {act_dep_time})]", 0.0), operator: *, right: (1.0, 1.0), result: 0.0}
列 'p' 不存在，对列 act_dep_time 不过滤，直接选择所有非无效值。
Block processing time: 0.019171 seconds
Computing Block 17 out of 100
Processing Block size=20
begin cleaner{left: ("[FunctionalDependency:(s: {flight}, t: {act_dep_time})]", 0.0), operator: *, right: (1.0, 1.0), result: 0.0}
列 'p' 不存在，对列 act_dep_time 不过滤，直接选择所有非无效值。
Block processing time: 0.01414 seconds
Computing Block 18 out of 100
Processing Block size=22
begin cleaner{left: ("[FunctionalDependency:(s: {flight}, t: {act_dep_time})]", 0.0), operator: *, right: (1.0, 1.0), result: 0.0}
列 'p' 不存在，对列 act_dep_time 不过滤，直接选择所有非无效值。
Block processing time: 0.015566 seconds
Computing Block 19 out of 100
Processing Block size=25
begin cleaner{left: ("[FunctionalDependency:(s: {flight}, t: {act_dep_time})]", 0.0), operator: *, right: (1.0, 1.0), result: 0.0}
列 'p' 不存在，对列 act_dep_time 不过滤，直接选择所有非无效值。
Block processing time: 0.017997 seconds
Computing Block 20 out of 100
Processing Block size=24
begin cleaner{left: ("[FunctionalDependency:(s: {flight}, t: {act_dep_time})]", 0.0), operator: *, right: (1.0, 1.0), result: 0.0}
列 'p' 不存在，对列 act_dep_time 不过滤，直接选择所有非无效值。
Block processing time: 0.01734 seconds
Computing Block 21 out of 100
Processing Block size=25
begin cleaner{left: ("[FunctionalDependency:(s: {flight}, t: {act_dep_time})]", 0.0), operator: *, right: (1.0, 1.0), result: 0.0}
列 'p' 不存在，对列 act_dep_time 不过滤，直接选择所有非无效值。
Block processing time: 0.017957 seconds
Computing Block 22 out of 100
Processing Block size=21
begin cleaner{left: ("[FunctionalDependency:(s: {flight}, t: {act_dep_time})]", 0.0), operator: *, right: (1.0, 1.0), result: 0.0}
列 'p' 不存在，对列 act_dep_time 不过滤，直接选择所有非无效值。
Block processing time: 0.016034 seconds
Computing Block 23 out of 100
Processing Block size=21
begin cleaner{left: ("[FunctionalDependency:(s: {flight}, t: {act_dep_time})]", 0.0), operator: *, right: (1.0, 1.0), result: 0.0}
列 'p' 不存在，对列 act_dep_time 不过滤，直接选择所有非无效值。
Block processing time: 0.017781 seconds
Computing Block 24 out of 100
Processing Block size=24
begin cleaner{left: ("[FunctionalDependency:(s: {flight}, t: {act_dep_time})]", 0.0), operator: *, right: (1.0, 1.0), result: 0.0}
列 'p' 不存在，对列 act_dep_time 不过滤，直接选择所有非无效值。
Block processing time: 0.025054 seconds
Computing Block 25 out of 100
Processing Block size=20
begin cleaner{left: ("[FunctionalDependency:(s: {flight}, t: {act_dep_time})]", 0.0), operator: *, right: (1.0, 1.0), result: 0.0}
列 'p' 不存在，对列 act_dep_time 不过滤，直接选择所有非无效值。
Block processing time: 0.016466 seconds
Computing Block 26 out of 100
Processing Block size=26
begin cleaner{left: ("[FunctionalDependency:(s: {flight}, t: {act_dep_time})]", 0.0), operator: *, right: (1.0, 1.0), result: 0.0}
列 'p' 不存在，对列 act_dep_time 不过滤，直接选择所有非无效值。
Block processing time: 0.023204 seconds
Computing Block 27 out of 100
Processing Block size=28
begin cleaner{left: ("[FunctionalDependency:(s: {flight}, t: {act_dep_time})]", 0.0), operator: *, right: (1.0, 1.0), result: 0.0}
列 'p' 不存在，对列 act_dep_time 不过滤，直接选择所有非无效值。
Block processing time: 0.024882 seconds
Computing Block 28 out of 100
Processing Block size=23
begin cleaner{left: ("[FunctionalDependency:(s: {flight}, t: {act_dep_time})]", 0.0), operator: *, right: (1.0, 1.0), result: 0.0}
列 'p' 不存在，对列 act_dep_time 不过滤，直接选择所有非无效值。
Block processing time: 0.01822 seconds
Computing Block 29 out of 100
Processing Block size=26
begin cleaner{left: ("[FunctionalDependency:(s: {flight}, t: {act_dep_time})]", 0.0), operator: *, right: (1.0, 1.0), result: 0.0}
列 'p' 不存在，对列 act_dep_time 不过滤，直接选择所有非无效值。
Block processing time: 0.020688 seconds
Computing Block 30 out of 100
Processing Block size=20
begin cleaner{left: ("[FunctionalDependency:(s: {flight}, t: {act_dep_time})]", 0.0), operator: *, right: (1.0, 1.0), result: 0.0}
列 'p' 不存在，对列 act_dep_time 不过滤，直接选择所有非无效值。
Block processing time: 0.015998 seconds
Computing Block 31 out of 100
Processing Block size=21
begin cleaner{left: ("[FunctionalDependency:(s: {flight}, t: {act_dep_time})]", 0.0), operator: *, right: (1.0, 1.0), result: 0.0}
列 'p' 不存在，对列 act_dep_time 不过滤，直接选择所有非无效值。
Block processing time: 0.017119 seconds
Computing Block 32 out of 100
Processing Block size=26
begin cleaner{left: ("[FunctionalDependency:(s: {flight}, t: {act_dep_time})]", 0.0), operator: *, right: (1.0, 1.0), result: 0.0}
列 'p' 不存在，对列 act_dep_time 不过滤，直接选择所有非无效值。
Block processing time: 0.020721 seconds
Computing Block 33 out of 100
Processing Block size=28
begin cleaner{left: ("[FunctionalDependency:(s: {flight}, t: {act_dep_time})]", 0.0), operator: *, right: (1.0, 1.0), result: 0.0}
列 'p' 不存在，对列 act_dep_time 不过滤，直接选择所有非无效值。
Block processing time: 0.0222 seconds
Computing Block 34 out of 100
Processing Block size=27
begin cleaner{left: ("[FunctionalDependency:(s: {flight}, t: {act_dep_time})]", 0.0), operator: *, right: (1.0, 1.0), result: 0.0}
列 'p' 不存在，对列 act_dep_time 不过滤，直接选择所有非无效值。
Block processing time: 0.021347 seconds
Computing Block 35 out of 100
Processing Block size=25
begin cleaner{left: ("[FunctionalDependency:(s: {flight}, t: {act_dep_time})]", 0.0), operator: *, right: (1.0, 1.0), result: 0.0}
列 'p' 不存在，对列 act_dep_time 不过滤，直接选择所有非无效值。
Block processing time: 0.019757 seconds
Computing Block 36 out of 100
Processing Block size=22
begin cleaner{left: ("[FunctionalDependency:(s: {flight}, t: {act_dep_time})]", 0.0), operator: *, right: (1.0, 1.0), result: 0.0}
列 'p' 不存在，对列 act_dep_time 不过滤，直接选择所有非无效值。
Block processing time: 0.01743 seconds
Computing Block 37 out of 100
Processing Block size=22
begin cleaner{left: ("[FunctionalDependency:(s: {flight}, t: {act_dep_time})]", 0.0), operator: *, right: (1.0, 1.0), result: 0.0}
列 'p' 不存在，对列 act_dep_time 不过滤，直接选择所有非无效值。
Block processing time: 0.017311 seconds
Computing Block 38 out of 100
Processing Block size=25
begin cleaner{left: ("[FunctionalDependency:(s: {flight}, t: {act_dep_time})]", 0.0), operator: *, right: (1.0, 1.0), result: 0.0}
列 'p' 不存在，对列 act_dep_time 不过滤，直接选择所有非无效值。
Block processing time: 0.018702 seconds
Computing Block 39 out of 100
Processing Block size=24
begin cleaner{left: ("[FunctionalDependency:(s: {flight}, t: {act_dep_time})]", 0.0), operator: *, right: (1.0, 1.0), result: 0.0}
列 'p' 不存在，对列 act_dep_time 不过滤，直接选择所有非无效值。
Block processing time: 0.017226 seconds
Computing Block 40 out of 100
Processing Block size=27
begin cleaner{left: ("[FunctionalDependency:(s: {flight}, t: {act_dep_time})]", 0.0), operator: *, right: (1.0, 1.0), result: 0.0}
列 'p' 不存在，对列 act_dep_time 不过滤，直接选择所有非无效值。
Block processing time: 0.019098 seconds
Computing Block 41 out of 100
Processing Block size=21
begin cleaner{left: ("[FunctionalDependency:(s: {flight}, t: {act_dep_time})]", 0.0), operator: *, right: (1.0, 1.0), result: 0.0}
列 'p' 不存在，对列 act_dep_time 不过滤，直接选择所有非无效值。
Block processing time: 0.014959 seconds
Computing Block 42 out of 100
Processing Block size=23
begin cleaner{left: ("[FunctionalDependency:(s: {flight}, t: {act_dep_time})]", 0.0), operator: *, right: (1.0, 1.0), result: 0.0}
列 'p' 不存在，对列 act_dep_time 不过滤，直接选择所有非无效值。
Block processing time: 0.016475 seconds
Computing Block 43 out of 100
Processing Block size=21
begin cleaner{left: ("[FunctionalDependency:(s: {flight}, t: {act_dep_time})]", 0.0), operator: *, right: (1.0, 1.0), result: 0.0}
列 'p' 不存在，对列 act_dep_time 不过滤，直接选择所有非无效值。
Block processing time: 0.014795 seconds
Computing Block 44 out of 100
Processing Block size=21
begin cleaner{left: ("[FunctionalDependency:(s: {flight}, t: {act_dep_time})]", 0.0), operator: *, right: (1.0, 1.0), result: 0.0}
列 'p' 不存在，对列 act_dep_time 不过滤，直接选择所有非无效值。
Block processing time: 0.014975 seconds
Computing Block 45 out of 100
Processing Block size=24
begin cleaner{left: ("[FunctionalDependency:(s: {flight}, t: {act_dep_time})]", 0.0), operator: *, right: (1.0, 1.0), result: 0.0}
列 'p' 不存在，对列 act_dep_time 不过滤，直接选择所有非无效值。
Block processing time: 0.017244 seconds
Computing Block 46 out of 100
Processing Block size=20
begin cleaner{left: ("[FunctionalDependency:(s: {flight}, t: {act_dep_time})]", 0.0), operator: *, right: (1.0, 1.0), result: 0.0}
列 'p' 不存在，对列 act_dep_time 不过滤，直接选择所有非无效值。
Block processing time: 0.014106 seconds
Computing Block 47 out of 100
Processing Block size=28
begin cleaner{left: ("[FunctionalDependency:(s: {flight}, t: {act_dep_time})]", 0.0), operator: *, right: (1.0, 1.0), result: 0.0}
列 'p' 不存在，对列 act_dep_time 不过滤，直接选择所有非无效值。
Block processing time: 0.019738 seconds
Computing Block 48 out of 100
Processing Block size=27
begin cleaner{left: ("[FunctionalDependency:(s: {flight}, t: {act_dep_time})]", 0.0), operator: *, right: (1.0, 1.0), result: 0.0}
列 'p' 不存在，对列 act_dep_time 不过滤，直接选择所有非无效值。
Block processing time: 0.01918 seconds
Computing Block 49 out of 100
Processing Block size=25
begin cleaner{left: ("[FunctionalDependency:(s: {flight}, t: {act_dep_time})]", 0.0), operator: *, right: (1.0, 1.0), result: 0.0}
列 'p' 不存在，对列 act_dep_time 不过滤，直接选择所有非无效值。
Block processing time: 0.017773 seconds
Computing Block 50 out of 100
Processing Block size=26
begin cleaner{left: ("[FunctionalDependency:(s: {flight}, t: {act_dep_time})]", 0.0), operator: *, right: (1.0, 1.0), result: 0.0}
列 'p' 不存在，对列 act_dep_time 不过滤，直接选择所有非无效值。
Block processing time: 0.018498 seconds
Computing Block 51 out of 100
Processing Block size=26
begin cleaner{left: ("[FunctionalDependency:(s: {flight}, t: {act_dep_time})]", 0.0), operator: *, right: (1.0, 1.0), result: 0.0}
列 'p' 不存在，对列 act_dep_time 不过滤，直接选择所有非无效值。
Block processing time: 0.018453 seconds
Computing Block 52 out of 100
Processing Block size=22
begin cleaner{left: ("[FunctionalDependency:(s: {flight}, t: {act_dep_time})]", 0.0), operator: *, right: (1.0, 1.0), result: 0.0}
列 'p' 不存在，对列 act_dep_time 不过滤，直接选择所有非无效值。
Block processing time: 0.015496 seconds
Computing Block 53 out of 100
Processing Block size=21
begin cleaner{left: ("[FunctionalDependency:(s: {flight}, t: {act_dep_time})]", 0.0), operator: *, right: (1.0, 1.0), result: 0.0}
列 'p' 不存在，对列 act_dep_time 不过滤，直接选择所有非无效值。
Block processing time: 0.014932 seconds
Computing Block 54 out of 100
Processing Block size=29
begin cleaner{left: ("[FunctionalDependency:(s: {flight}, t: {act_dep_time})]", 0.0), operator: *, right: (1.0, 1.0), result: 0.0}
列 'p' 不存在，对列 act_dep_time 不过滤，直接选择所有非无效值。
Block processing time: 0.020673 seconds
Computing Block 55 out of 100
Processing Block size=26
begin cleaner{left: ("[FunctionalDependency:(s: {flight}, t: {act_dep_time})]", 0.0), operator: *, right: (1.0, 1.0), result: 0.0}
列 'p' 不存在，对列 act_dep_time 不过滤，直接选择所有非无效值。
Block processing time: 0.018659 seconds
Computing Block 56 out of 100
Processing Block size=21
begin cleaner{left: ("[FunctionalDependency:(s: {flight}, t: {act_dep_time})]", 0.0), operator: *, right: (1.0, 1.0), result: 0.0}
列 'p' 不存在，对列 act_dep_time 不过滤，直接选择所有非无效值。
Block processing time: 0.016106 seconds
Computing Block 57 out of 100
Processing Block size=26
begin cleaner{left: ("[FunctionalDependency:(s: {flight}, t: {act_dep_time})]", 0.0), operator: *, right: (1.0, 1.0), result: 0.0}
列 'p' 不存在，对列 act_dep_time 不过滤，直接选择所有非无效值。
Block processing time: 0.019852 seconds
Computing Block 58 out of 100
Processing Block size=20
begin cleaner{left: ("[FunctionalDependency:(s: {flight}, t: {act_dep_time})]", 0.0), operator: *, right: (1.0, 1.0), result: 0.0}
列 'p' 不存在，对列 act_dep_time 不过滤，直接选择所有非无效值。
Block processing time: 0.015549 seconds
Computing Block 59 out of 100
Processing Block size=23
begin cleaner{left: ("[FunctionalDependency:(s: {flight}, t: {act_dep_time})]", 0.0), operator: *, right: (1.0, 1.0), result: 0.0}
列 'p' 不存在，对列 act_dep_time 不过滤，直接选择所有非无效值。
Block processing time: 0.017672 seconds
Computing Block 60 out of 100
Processing Block size=23
begin cleaner{left: ("[FunctionalDependency:(s: {flight}, t: {act_dep_time})]", 0.0), operator: *, right: (1.0, 1.0), result: 0.0}
列 'p' 不存在，对列 act_dep_time 不过滤，直接选择所有非无效值。
Block processing time: 0.01786 seconds
Computing Block 61 out of 100
Processing Block size=23
begin cleaner{left: ("[FunctionalDependency:(s: {flight}, t: {act_dep_time})]", 0.0), operator: *, right: (1.0, 1.0), result: 0.0}
列 'p' 不存在，对列 act_dep_time 不过滤，直接选择所有非无效值。
Block processing time: 0.017628 seconds
Computing Block 62 out of 100
Processing Block size=27
begin cleaner{left: ("[FunctionalDependency:(s: {flight}, t: {act_dep_time})]", 0.0), operator: *, right: (1.0, 1.0), result: 0.0}
列 'p' 不存在，对列 act_dep_time 不过滤，直接选择所有非无效值。
Block processing time: 0.020836 seconds
Computing Block 63 out of 100
Processing Block size=26
begin cleaner{left: ("[FunctionalDependency:(s: {flight}, t: {act_dep_time})]", 0.0), operator: *, right: (1.0, 1.0), result: 0.0}
列 'p' 不存在，对列 act_dep_time 不过滤，直接选择所有非无效值。
Block processing time: 0.020244 seconds
Computing Block 64 out of 100
Processing Block size=29
begin cleaner{left: ("[FunctionalDependency:(s: {flight}, t: {act_dep_time})]", 0.0), operator: *, right: (1.0, 1.0), result: 0.0}
列 'p' 不存在，对列 act_dep_time 不过滤，直接选择所有非无效值。
Block processing time: 0.022122 seconds
Computing Block 65 out of 100
Processing Block size=21
begin cleaner{left: ("[FunctionalDependency:(s: {flight}, t: {act_dep_time})]", 0.0), operator: *, right: (1.0, 1.0), result: 0.0}
列 'p' 不存在，对列 act_dep_time 不过滤，直接选择所有非无效值。
Block processing time: 0.016587 seconds
Computing Block 66 out of 100
Processing Block size=22
begin cleaner{left: ("[FunctionalDependency:(s: {flight}, t: {act_dep_time})]", 0.0), operator: *, right: (1.0, 1.0), result: 0.0}
列 'p' 不存在，对列 act_dep_time 不过滤，直接选择所有非无效值。
Block processing time: 0.017313 seconds
Computing Block 67 out of 100
Processing Block size=21
begin cleaner{left: ("[FunctionalDependency:(s: {flight}, t: {act_dep_time})]", 0.0), operator: *, right: (1.0, 1.0), result: 0.0}
列 'p' 不存在，对列 act_dep_time 不过滤，直接选择所有非无效值。
Block processing time: 0.016356 seconds
Computing Block 68 out of 100
Processing Block size=27
begin cleaner{left: ("[FunctionalDependency:(s: {flight}, t: {act_dep_time})]", 0.0), operator: *, right: (1.0, 1.0), result: 0.0}
列 'p' 不存在，对列 act_dep_time 不过滤，直接选择所有非无效值。
Block processing time: 0.020784 seconds
Computing Block 69 out of 100
Processing Block size=26
begin cleaner{left: ("[FunctionalDependency:(s: {flight}, t: {act_dep_time})]", 0.0), operator: *, right: (1.0, 1.0), result: 0.0}
列 'p' 不存在，对列 act_dep_time 不过滤，直接选择所有非无效值。
Block processing time: 0.01974 seconds
Computing Block 70 out of 100
Processing Block size=22
begin cleaner{left: ("[FunctionalDependency:(s: {flight}, t: {act_dep_time})]", 0.0), operator: *, right: (1.0, 1.0), result: 0.0}
列 'p' 不存在，对列 act_dep_time 不过滤，直接选择所有非无效值。
Block processing time: 0.016753 seconds
Computing Block 71 out of 100
Processing Block size=22
begin cleaner{left: ("[FunctionalDependency:(s: {flight}, t: {act_dep_time})]", 0.0), operator: *, right: (1.0, 1.0), result: 0.0}
列 'p' 不存在，对列 act_dep_time 不过滤，直接选择所有非无效值。
Block processing time: 0.016912 seconds
Computing Block 72 out of 100
Processing Block size=20
begin cleaner{left: ("[FunctionalDependency:(s: {flight}, t: {act_dep_time})]", 0.0), operator: *, right: (1.0, 1.0), result: 0.0}
列 'p' 不存在，对列 act_dep_time 不过滤，直接选择所有非无效值。
Block processing time: 0.015325 seconds
Computing Block 73 out of 100
Processing Block size=19
begin cleaner{left: ("[FunctionalDependency:(s: {flight}, t: {act_dep_time})]", 0.0), operator: *, right: (1.0, 1.0), result: 0.0}
列 'p' 不存在，对列 act_dep_time 不过滤，直接选择所有非无效值。
Block processing time: 0.014526 seconds
Computing Block 74 out of 100
Processing Block size=23
begin cleaner{left: ("[FunctionalDependency:(s: {flight}, t: {act_dep_time})]", 0.0), operator: *, right: (1.0, 1.0), result: 0.0}
列 'p' 不存在，对列 act_dep_time 不过滤，直接选择所有非无效值。
Block processing time: 0.017873 seconds
Computing Block 75 out of 100
Processing Block size=21
begin cleaner{left: ("[FunctionalDependency:(s: {flight}, t: {act_dep_time})]", 0.0), operator: *, right: (1.0, 1.0), result: 0.0}
列 'p' 不存在，对列 act_dep_time 不过滤，直接选择所有非无效值。
Block processing time: 0.015962 seconds
Computing Block 76 out of 100
Processing Block size=26
begin cleaner{left: ("[FunctionalDependency:(s: {flight}, t: {act_dep_time})]", 0.0), operator: *, right: (1.0, 1.0), result: 0.0}
列 'p' 不存在，对列 act_dep_time 不过滤，直接选择所有非无效值。
Block processing time: 0.020045 seconds
Computing Block 77 out of 100
Processing Block size=18
begin cleaner{left: ("[FunctionalDependency:(s: {flight}, t: {act_dep_time})]", 0.0), operator: *, right: (1.0, 1.0), result: 0.0}
列 'p' 不存在，对列 act_dep_time 不过滤，直接选择所有非无效值。
Block processing time: 0.013781 seconds
Computing Block 78 out of 100
Processing Block size=25
begin cleaner{left: ("[FunctionalDependency:(s: {flight}, t: {act_dep_time})]", 0.0), operator: *, right: (1.0, 1.0), result: 0.0}
列 'p' 不存在，对列 act_dep_time 不过滤，直接选择所有非无效值。
Block processing time: 0.019257 seconds
Computing Block 79 out of 100
Processing Block size=27
begin cleaner{left: ("[FunctionalDependency:(s: {flight}, t: {act_dep_time})]", 0.0), operator: *, right: (1.0, 1.0), result: 0.0}
列 'p' 不存在，对列 act_dep_time 不过滤，直接选择所有非无效值。
Block processing time: 0.020577 seconds
Computing Block 80 out of 100
Processing Block size=17
WARNING:root:No partitioning rule specified, processing might be slow
begin cleaner{left: ("[FunctionalDependency:(s: {flight}, t: {act_dep_time})]", 0.0), operator: *, right: (1.0, 1.0), result: 0.0}
列 'p' 不存在，对列 act_dep_time 不过滤，直接选择所有非无效值。
Block processing time: 0.012172 seconds
Computing Block 81 out of 100
Processing Block size=24
begin cleaner{left: ("[FunctionalDependency:(s: {flight}, t: {act_dep_time})]", 0.0), operator: *, right: (1.0, 1.0), result: 0.0}
列 'p' 不存在，对列 act_dep_time 不过滤，直接选择所有非无效值。
Block processing time: 0.017119 seconds
Computing Block 82 out of 100
Processing Block size=28
begin cleaner{left: ("[FunctionalDependency:(s: {flight}, t: {act_dep_time})]", 0.0), operator: *, right: (1.0, 1.0), result: 0.0}
列 'p' 不存在，对列 act_dep_time 不过滤，直接选择所有非无效值。
Block processing time: 0.019978 seconds
Computing Block 83 out of 100
Processing Block size=28
begin cleaner{left: ("[FunctionalDependency:(s: {flight}, t: {act_dep_time})]", 0.0), operator: *, right: (1.0, 1.0), result: 0.0}
列 'p' 不存在，对列 act_dep_time 不过滤，直接选择所有非无效值。
Block processing time: 0.019849 seconds
Computing Block 84 out of 100
Processing Block size=27
begin cleaner{left: ("[FunctionalDependency:(s: {flight}, t: {act_dep_time})]", 0.0), operator: *, right: (1.0, 1.0), result: 0.0}
列 'p' 不存在，对列 act_dep_time 不过滤，直接选择所有非无效值。
Block processing time: 0.019287 seconds
Computing Block 85 out of 100
Processing Block size=24
begin cleaner{left: ("[FunctionalDependency:(s: {flight}, t: {act_dep_time})]", 0.0), operator: *, right: (1.0, 1.0), result: 0.0}
列 'p' 不存在，对列 act_dep_time 不过滤，直接选择所有非无效值。
Block processing time: 0.017075 seconds
Computing Block 86 out of 100
Processing Block size=20
begin cleaner{left: ("[FunctionalDependency:(s: {flight}, t: {act_dep_time})]", 0.0), operator: *, right: (1.0, 1.0), result: 0.0}
列 'p' 不存在，对列 act_dep_time 不过滤，直接选择所有非无效值。
Block processing time: 0.014195 seconds
Computing Block 87 out of 100
Processing Block size=20
begin cleaner{left: ("[FunctionalDependency:(s: {flight}, t: {act_dep_time})]", 0.0), operator: *, right: (1.0, 1.0), result: 0.0}
列 'p' 不存在，对列 act_dep_time 不过滤，直接选择所有非无效值。
Block processing time: 0.014169 seconds
Computing Block 88 out of 100
Processing Block size=22
begin cleaner{left: ("[FunctionalDependency:(s: {flight}, t: {act_dep_time})]", 0.0), operator: *, right: (1.0, 1.0), result: 0.0}
列 'p' 不存在，对列 act_dep_time 不过滤，直接选择所有非无效值。
Block processing time: 0.015478 seconds
Computing Block 89 out of 100
Processing Block size=26
begin cleaner{left: ("[FunctionalDependency:(s: {flight}, t: {act_dep_time})]", 0.0), operator: *, right: (1.0, 1.0), result: 0.0}
列 'p' 不存在，对列 act_dep_time 不过滤，直接选择所有非无效值。
Block processing time: 0.01834 seconds
Computing Block 90 out of 100
Processing Block size=24
begin cleaner{left: ("[FunctionalDependency:(s: {flight}, t: {act_dep_time})]", 0.0), operator: *, right: (1.0, 1.0), result: 0.0}
列 'p' 不存在，对列 act_dep_time 不过滤，直接选择所有非无效值。
Block processing time: 0.017672 seconds
Computing Block 91 out of 100
Processing Block size=23
begin cleaner{left: ("[FunctionalDependency:(s: {flight}, t: {act_dep_time})]", 0.0), operator: *, right: (1.0, 1.0), result: 0.0}
列 'p' 不存在，对列 act_dep_time 不过滤，直接选择所有非无效值。
Block processing time: 0.016393 seconds
Computing Block 92 out of 100
Processing Block size=23
begin cleaner{left: ("[FunctionalDependency:(s: {flight}, t: {act_dep_time})]", 0.0), operator: *, right: (1.0, 1.0), result: 0.0}
列 'p' 不存在，对列 act_dep_time 不过滤，直接选择所有非无效值。
Block processing time: 0.016343 seconds
Computing Block 93 out of 100
Processing Block size=27
begin cleaner{left: ("[FunctionalDependency:(s: {flight}, t: {act_dep_time})]", 0.0), operator: *, right: (1.0, 1.0), result: 0.0}
列 'p' 不存在，对列 act_dep_time 不过滤，直接选择所有非无效值。
Block processing time: 0.019191 seconds
Computing Block 94 out of 100
Processing Block size=23
begin cleaner{left: ("[FunctionalDependency:(s: {flight}, t: {act_dep_time})]", 0.0), operator: *, right: (1.0, 1.0), result: 0.0}
列 'p' 不存在，对列 act_dep_time 不过滤，直接选择所有非无效值。
Block processing time: 0.01623 seconds
Computing Block 95 out of 100
Processing Block size=27
begin cleaner{left: ("[FunctionalDependency:(s: {flight}, t: {act_dep_time})]", 0.0), operator: *, right: (1.0, 1.0), result: 0.0}
列 'p' 不存在，对列 act_dep_time 不过滤，直接选择所有非无效值。
Block processing time: 0.019021 seconds
Computing Block 96 out of 100
Processing Block size=26
begin cleaner{left: ("[FunctionalDependency:(s: {flight}, t: {act_dep_time})]", 0.0), operator: *, right: (1.0, 1.0), result: 0.0}
列 'p' 不存在，对列 act_dep_time 不过滤，直接选择所有非无效值。
Block processing time: 0.018562 seconds
Computing Block 97 out of 100
Processing Block size=25
begin cleaner{left: ("[FunctionalDependency:(s: {flight}, t: {act_dep_time})]", 0.0), operator: *, right: (1.0, 1.0), result: 0.0}
列 'p' 不存在，对列 act_dep_time 不过滤，直接选择所有非无效值。
Block processing time: 0.017567 seconds
Computing Block 98 out of 100
Processing Block size=22
begin cleaner{left: ("[FunctionalDependency:(s: {flight}, t: {act_dep_time})]", 0.0), operator: *, right: (1.0, 1.0), result: 0.0}
列 'p' 不存在，对列 act_dep_time 不过滤，直接选择所有非无效值。
Block processing time: 0.015835 seconds
Computing Block 99 out of 100
Processing Block size=23
begin cleaner{left: ("[FunctionalDependency:(s: {flight}, t: {act_dep_time})]", 0.0), operator: *, right: (1.0, 1.0), result: 0.0}
列 'p' 不存在，对列 act_dep_time 不过滤，直接选择所有非无效值。
Block processing time: 0.016662 seconds
Computing Block 100 out of 100
Processing Block size=21
begin cleaner{left: ("[FunctionalDependency:(s: {flight}, t: {act_dep_time})]", 0.0), operator: *, right: (1.0, 1.0), result: 0.0}
列 'p' 不存在，对列 act_dep_time 不过滤，直接选择所有非无效值。
Block processing time: 0.014828 seconds
  当前节点: act_dep_time 无清洗操作
  当前节点: sched_arr_time 存在可用清洗信号
数据块大小: 2376
分块属性:
[['flight']]
Starting initial block mapping...
Initial number of blocks: 100
Final number of blocks after further splitting: 100
Computing Block 1 out of 100
Processing Block size=21
begin cleaner[FunctionalDependency:(s: {'flight'}, t: {'sched_arr_time'})]*1.0
列 'p' 不存在，对列 sched_arr_time 不过滤，直接选择所有非无效值。
Block processing time: 0.015269 seconds
Computing Block 2 out of 100
Processing Block size=20
begin cleaner{left: ("[FunctionalDependency:(s: {flight}, t: {sched_arr_time})]", 0.0), operator: *, right: (1.0, 1.0), result: 0.0}
列 'p' 不存在，对列 sched_arr_time 不过滤，直接选择所有非无效值。
Block processing time: 0.014424 seconds
Computing Block 3 out of 100
Processing Block size=18
begin cleaner{left: ("[FunctionalDependency:(s: {flight}, t: {sched_arr_time})]", 0.0), operator: *, right: (1.0, 1.0), result: 0.0}
列 'p' 不存在，对列 sched_arr_time 不过滤，直接选择所有非无效值。
Block processing time: 0.012731 seconds
Computing Block 4 out of 100
Processing Block size=27
begin cleaner{left: ("[FunctionalDependency:(s: {flight}, t: {sched_arr_time})]", 0.0), operator: *, right: (1.0, 1.0), result: 0.0}
列 'p' 不存在，对列 sched_arr_time 不过滤，直接选择所有非无效值。
Block processing time: 0.019421 seconds
Computing Block 5 out of 100
Processing Block size=27
begin cleaner{left: ("[FunctionalDependency:(s: {flight}, t: {sched_arr_time})]", 0.0), operator: *, right: (1.0, 1.0), result: 0.0}
列 'p' 不存在，对列 sched_arr_time 不过滤，直接选择所有非无效值。
Block processing time: 0.020679 seconds
Computing Block 6 out of 100
Processing Block size=25
begin cleaner{left: ("[FunctionalDependency:(s: {flight}, t: {sched_arr_time})]", 0.0), operator: *, right: (1.0, 1.0), result: 0.0}
列 'p' 不存在，对列 sched_arr_time 不过滤，直接选择所有非无效值。
Block processing time: 0.019047 seconds
Computing Block 7 out of 100
Processing Block size=26
begin cleaner{left: ("[FunctionalDependency:(s: {flight}, t: {sched_arr_time})]", 0.0), operator: *, right: (1.0, 1.0), result: 0.0}
列 'p' 不存在，对列 sched_arr_time 不过滤，直接选择所有非无效值。
Block processing time: 0.01991 seconds
Computing Block 8 out of 100
Processing Block size=21
begin cleaner{left: ("[FunctionalDependency:(s: {flight}, t: {sched_arr_time})]", 0.0), operator: *, right: (1.0, 1.0), result: 0.0}
列 'p' 不存在，对列 sched_arr_time 不过滤，直接选择所有非无效值。
Block processing time: 0.01609 seconds
Computing Block 9 out of 100
Processing Block size=26
begin cleaner{left: ("[FunctionalDependency:(s: {flight}, t: {sched_arr_time})]", 0.0), operator: *, right: (1.0, 1.0), result: 0.0}
列 'p' 不存在，对列 sched_arr_time 不过滤，直接选择所有非无效值。
Block processing time: 0.019813 seconds
Computing Block 10 out of 100
Processing Block size=28
begin cleaner{left: ("[FunctionalDependency:(s: {flight}, t: {sched_arr_time})]", 0.0), operator: *, right: (1.0, 1.0), result: 0.0}
列 'p' 不存在，对列 sched_arr_time 不过滤，直接选择所有非无效值。
Block processing time: 0.021526 seconds
Computing Block 11 out of 100
Processing Block size=27
begin cleaner{left: ("[FunctionalDependency:(s: {flight}, t: {sched_arr_time})]", 0.0), operator: *, right: (1.0, 1.0), result: 0.0}
列 'p' 不存在，对列 sched_arr_time 不过滤，直接选择所有非无效值。
Block processing time: 0.020492 seconds
Computing Block 12 out of 100
Processing Block size=26
begin cleaner{left: ("[FunctionalDependency:(s: {flight}, t: {sched_arr_time})]", 0.0), operator: *, right: (1.0, 1.0), result: 0.0}
列 'p' 不存在，对列 sched_arr_time 不过滤，直接选择所有非无效值。
Block processing time: 0.019775 seconds
Computing Block 13 out of 100
Processing Block size=21
begin cleaner{left: ("[FunctionalDependency:(s: {flight}, t: {sched_arr_time})]", 0.0), operator: *, right: (1.0, 1.0), result: 0.0}
列 'p' 不存在，对列 sched_arr_time 不过滤，直接选择所有非无效值。
Block processing time: 0.016982 seconds
Computing Block 14 out of 100
Processing Block size=25
begin cleaner{left: ("[FunctionalDependency:(s: {flight}, t: {sched_arr_time})]", 0.0), operator: *, right: (1.0, 1.0), result: 0.0}
列 'p' 不存在，对列 sched_arr_time 不过滤，直接选择所有非无效值。
Block processing time: 0.017799 seconds
Computing Block 15 out of 100
Processing Block size=21
begin cleaner{left: ("[FunctionalDependency:(s: {flight}, t: {sched_arr_time})]", 0.0), operator: *, right: (1.0, 1.0), result: 0.0}
列 'p' 不存在，对列 sched_arr_time 不过滤，直接选择所有非无效值。
Block processing time: 0.014918 seconds
Computing Block 16 out of 100
Processing Block size=27
begin cleaner{left: ("[FunctionalDependency:(s: {flight}, t: {sched_arr_time})]", 0.0), operator: *, right: (1.0, 1.0), result: 0.0}
列 'p' 不存在，对列 sched_arr_time 不过滤，直接选择所有非无效值。
Block processing time: 0.019175 seconds
Computing Block 17 out of 100
Processing Block size=20
begin cleaner{left: ("[FunctionalDependency:(s: {flight}, t: {sched_arr_time})]", 0.0), operator: *, right: (1.0, 1.0), result: 0.0}
列 'p' 不存在，对列 sched_arr_time 不过滤，直接选择所有非无效值。
Block processing time: 0.014299 seconds
Computing Block 18 out of 100
Processing Block size=22
begin cleaner{left: ("[FunctionalDependency:(s: {flight}, t: {sched_arr_time})]", 0.0), operator: *, right: (1.0, 1.0), result: 0.0}
列 'p' 不存在，对列 sched_arr_time 不过滤，直接选择所有非无效值。
Block processing time: 0.015622 seconds
Computing Block 19 out of 100
Processing Block size=25
begin cleaner{left: ("[FunctionalDependency:(s: {flight}, t: {sched_arr_time})]", 0.0), operator: *, right: (1.0, 1.0), result: 0.0}
列 'p' 不存在，对列 sched_arr_time 不过滤，直接选择所有非无效值。
Block processing time: 0.017801 seconds
Computing Block 20 out of 100
Processing Block size=24
begin cleaner{left: ("[FunctionalDependency:(s: {flight}, t: {sched_arr_time})]", 0.0), operator: *, right: (1.0, 1.0), result: 0.0}
列 'p' 不存在，对列 sched_arr_time 不过滤，直接选择所有非无效值。
Block processing time: 0.017246 seconds
Computing Block 21 out of 100
Processing Block size=25
begin cleaner{left: ("[FunctionalDependency:(s: {flight}, t: {sched_arr_time})]", 0.0), operator: *, right: (1.0, 1.0), result: 0.0}
列 'p' 不存在，对列 sched_arr_time 不过滤，直接选择所有非无效值。
Block processing time: 0.017541 seconds
Computing Block 22 out of 100
Processing Block size=21
begin cleaner{left: ("[FunctionalDependency:(s: {flight}, t: {sched_arr_time})]", 0.0), operator: *, right: (1.0, 1.0), result: 0.0}
列 'p' 不存在，对列 sched_arr_time 不过滤，直接选择所有非无效值。
Block processing time: 0.014989 seconds
Computing Block 23 out of 100
Processing Block size=21
begin cleaner{left: ("[FunctionalDependency:(s: {flight}, t: {sched_arr_time})]", 0.0), operator: *, right: (1.0, 1.0), result: 0.0}
列 'p' 不存在，对列 sched_arr_time 不过滤，直接选择所有非无效值。
Block processing time: 0.014763 seconds
Computing Block 24 out of 100
Processing Block size=24
begin cleaner{left: ("[FunctionalDependency:(s: {flight}, t: {sched_arr_time})]", 0.0), operator: *, right: (1.0, 1.0), result: 0.0}
列 'p' 不存在，对列 sched_arr_time 不过滤，直接选择所有非无效值。
Block processing time: 0.0168 seconds
Computing Block 25 out of 100
Processing Block size=20
begin cleaner{left: ("[FunctionalDependency:(s: {flight}, t: {sched_arr_time})]", 0.0), operator: *, right: (1.0, 1.0), result: 0.0}
列 'p' 不存在，对列 sched_arr_time 不过滤，直接选择所有非无效值。
Block processing time: 0.014184 seconds
Computing Block 26 out of 100
Processing Block size=26
begin cleaner{left: ("[FunctionalDependency:(s: {flight}, t: {sched_arr_time})]", 0.0), operator: *, right: (1.0, 1.0), result: 0.0}
列 'p' 不存在，对列 sched_arr_time 不过滤，直接选择所有非无效值。
Block processing time: 0.018393 seconds
Computing Block 27 out of 100
Processing Block size=28
begin cleaner{left: ("[FunctionalDependency:(s: {flight}, t: {sched_arr_time})]", 0.0), operator: *, right: (1.0, 1.0), result: 0.0}
列 'p' 不存在，对列 sched_arr_time 不过滤，直接选择所有非无效值。
Block processing time: 0.01995 seconds
Computing Block 28 out of 100
Processing Block size=23
begin cleaner{left: ("[FunctionalDependency:(s: {flight}, t: {sched_arr_time})]", 0.0), operator: *, right: (1.0, 1.0), result: 0.0}
列 'p' 不存在，对列 sched_arr_time 不过滤，直接选择所有非无效值。
Block processing time: 0.016615 seconds
Computing Block 29 out of 100
Processing Block size=26
begin cleaner{left: ("[FunctionalDependency:(s: {flight}, t: {sched_arr_time})]", 0.0), operator: *, right: (1.0, 1.0), result: 0.0}
列 'p' 不存在，对列 sched_arr_time 不过滤，直接选择所有非无效值。
Block processing time: 0.018356 seconds
Computing Block 30 out of 100
Processing Block size=20
begin cleaner{left: ("[FunctionalDependency:(s: {flight}, t: {sched_arr_time})]", 0.0), operator: *, right: (1.0, 1.0), result: 0.0}
列 'p' 不存在，对列 sched_arr_time 不过滤，直接选择所有非无效值。
Block processing time: 0.014131 seconds
Computing Block 31 out of 100
Processing Block size=21
begin cleaner{left: ("[FunctionalDependency:(s: {flight}, t: {sched_arr_time})]", 0.0), operator: *, right: (1.0, 1.0), result: 0.0}
列 'p' 不存在，对列 sched_arr_time 不过滤，直接选择所有非无效值。
Block processing time: 0.014931 seconds
Computing Block 32 out of 100
Processing Block size=26
begin cleaner{left: ("[FunctionalDependency:(s: {flight}, t: {sched_arr_time})]", 0.0), operator: *, right: (1.0, 1.0), result: 0.0}
列 'p' 不存在，对列 sched_arr_time 不过滤，直接选择所有非无效值。
Block processing time: 0.018907 seconds
Computing Block 33 out of 100
Processing Block size=28
begin cleaner{left: ("[FunctionalDependency:(s: {flight}, t: {sched_arr_time})]", 0.0), operator: *, right: (1.0, 1.0), result: 0.0}
列 'p' 不存在，对列 sched_arr_time 不过滤，直接选择所有非无效值。
Block processing time: 0.019812 seconds
Computing Block 34 out of 100
Processing Block size=27
begin cleaner{left: ("[FunctionalDependency:(s: {flight}, t: {sched_arr_time})]", 0.0), operator: *, right: (1.0, 1.0), result: 0.0}
列 'p' 不存在，对列 sched_arr_time 不过滤，直接选择所有非无效值。
Block processing time: 0.019071 seconds
Computing Block 35 out of 100
Processing Block size=25
begin cleaner{left: ("[FunctionalDependency:(s: {flight}, t: {sched_arr_time})]", 0.0), operator: *, right: (1.0, 1.0), result: 0.0}
列 'p' 不存在，对列 sched_arr_time 不过滤，直接选择所有非无效值。
Block processing time: 0.017763 seconds
Computing Block 36 out of 100
Processing Block size=22
begin cleaner{left: ("[FunctionalDependency:(s: {flight}, t: {sched_arr_time})]", 0.0), operator: *, right: (1.0, 1.0), result: 0.0}
列 'p' 不存在，对列 sched_arr_time 不过滤，直接选择所有非无效值。
Block processing time: 0.015475 seconds
Computing Block 37 out of 100
Processing Block size=22
begin cleaner{left: ("[FunctionalDependency:(s: {flight}, t: {sched_arr_time})]", 0.0), operator: *, right: (1.0, 1.0), result: 0.0}
列 'p' 不存在，对列 sched_arr_time 不过滤，直接选择所有非无效值。
Block processing time: 0.015494 seconds
Computing Block 38 out of 100
Processing Block size=25
begin cleaner{left: ("[FunctionalDependency:(s: {flight}, t: {sched_arr_time})]", 0.0), operator: *, right: (1.0, 1.0), result: 0.0}
列 'p' 不存在，对列 sched_arr_time 不过滤，直接选择所有非无效值。
Block processing time: 0.017636 seconds
Computing Block 39 out of 100
Processing Block size=24
begin cleaner{left: ("[FunctionalDependency:(s: {flight}, t: {sched_arr_time})]", 0.0), operator: *, right: (1.0, 1.0), result: 0.0}
列 'p' 不存在，对列 sched_arr_time 不过滤，直接选择所有非无效值。
Block processing time: 0.017095 seconds
Computing Block 40 out of 100
Processing Block size=27
begin cleaner{left: ("[FunctionalDependency:(s: {flight}, t: {sched_arr_time})]", 0.0), operator: *, right: (1.0, 1.0), result: 0.0}
列 'p' 不存在，对列 sched_arr_time 不过滤，直接选择所有非无效值。
Block processing time: 0.01918 seconds
Computing Block 41 out of 100
Processing Block size=21
begin cleaner{left: ("[FunctionalDependency:(s: {flight}, t: {sched_arr_time})]", 0.0), operator: *, right: (1.0, 1.0), result: 0.0}
列 'p' 不存在，对列 sched_arr_time 不过滤，直接选择所有非无效值。
Block processing time: 0.014808 seconds
Computing Block 42 out of 100
Processing Block size=23
begin cleaner{left: ("[FunctionalDependency:(s: {flight}, t: {sched_arr_time})]", 0.0), operator: *, right: (1.0, 1.0), result: 0.0}
列 'p' 不存在，对列 sched_arr_time 不过滤，直接选择所有非无效值。
Block processing time: 0.016204 seconds
Computing Block 43 out of 100
Processing Block size=21
begin cleaner{left: ("[FunctionalDependency:(s: {flight}, t: {sched_arr_time})]", 0.0), operator: *, right: (1.0, 1.0), result: 0.0}
列 'p' 不存在，对列 sched_arr_time 不过滤，直接选择所有非无效值。
Block processing time: 0.015398 seconds
Computing Block 44 out of 100
Processing Block size=21
begin cleaner{left: ("[FunctionalDependency:(s: {flight}, t: {sched_arr_time})]", 0.0), operator: *, right: (1.0, 1.0), result: 0.0}
列 'p' 不存在，对列 sched_arr_time 不过滤，直接选择所有非无效值。
Block processing time: 0.016123 seconds
Computing Block 45 out of 100
Processing Block size=24
begin cleaner{left: ("[FunctionalDependency:(s: {flight}, t: {sched_arr_time})]", 0.0), operator: *, right: (1.0, 1.0), result: 0.0}
列 'p' 不存在，对列 sched_arr_time 不过滤，直接选择所有非无效值。
Block processing time: 0.0182 seconds
Computing Block 46 out of 100
Processing Block size=20
begin cleaner{left: ("[FunctionalDependency:(s: {flight}, t: {sched_arr_time})]", 0.0), operator: *, right: (1.0, 1.0), result: 0.0}
列 'p' 不存在，对列 sched_arr_time 不过滤，直接选择所有非无效值。
Block processing time: 0.01519 seconds
Computing Block 47 out of 100
Processing Block size=28
begin cleaner{left: ("[FunctionalDependency:(s: {flight}, t: {sched_arr_time})]", 0.0), operator: *, right: (1.0, 1.0), result: 0.0}
列 'p' 不存在，对列 sched_arr_time 不过滤，直接选择所有非无效值。
Block processing time: 0.021369 seconds
Computing Block 48 out of 100
Processing Block size=27
begin cleaner{left: ("[FunctionalDependency:(s: {flight}, t: {sched_arr_time})]", 0.0), operator: *, right: (1.0, 1.0), result: 0.0}
列 'p' 不存在，对列 sched_arr_time 不过滤，直接选择所有非无效值。
Block processing time: 0.02054 seconds
Computing Block 49 out of 100
Processing Block size=25
begin cleaner{left: ("[FunctionalDependency:(s: {flight}, t: {sched_arr_time})]", 0.0), operator: *, right: (1.0, 1.0), result: 0.0}
列 'p' 不存在，对列 sched_arr_time 不过滤，直接选择所有非无效值。
Block processing time: 0.019049 seconds
Computing Block 50 out of 100
Processing Block size=26
begin cleaner{left: ("[FunctionalDependency:(s: {flight}, t: {sched_arr_time})]", 0.0), operator: *, right: (1.0, 1.0), result: 0.0}
列 'p' 不存在，对列 sched_arr_time 不过滤，直接选择所有非无效值。
Block processing time: 0.019704 seconds
Computing Block 51 out of 100
Processing Block size=26
begin cleaner{left: ("[FunctionalDependency:(s: {flight}, t: {sched_arr_time})]", 0.0), operator: *, right: (1.0, 1.0), result: 0.0}
列 'p' 不存在，对列 sched_arr_time 不过滤，直接选择所有非无效值。
Block processing time: 0.019724 seconds
Computing Block 52 out of 100
Processing Block size=22
begin cleaner{left: ("[FunctionalDependency:(s: {flight}, t: {sched_arr_time})]", 0.0), operator: *, right: (1.0, 1.0), result: 0.0}
列 'p' 不存在，对列 sched_arr_time 不过滤，直接选择所有非无效值。
Block processing time: 0.016776 seconds
Computing Block 53 out of 100
Processing Block size=21
begin cleaner{left: ("[FunctionalDependency:(s: {flight}, t: {sched_arr_time})]", 0.0), operator: *, right: (1.0, 1.0), result: 0.0}
列 'p' 不存在，对列 sched_arr_time 不过滤，直接选择所有非无效值。
Block processing time: 0.016152 seconds
Computing Block 54 out of 100
Processing Block size=29
begin cleaner{left: ("[FunctionalDependency:(s: {flight}, t: {sched_arr_time})]", 0.0), operator: *, right: (1.0, 1.0), result: 0.0}
列 'p' 不存在，对列 sched_arr_time 不过滤，直接选择所有非无效值。
Block processing time: 0.022059 seconds
Computing Block 55 out of 100
Processing Block size=26
begin cleaner{left: ("[FunctionalDependency:(s: {flight}, t: {sched_arr_time})]", 0.0), operator: *, right: (1.0, 1.0), result: 0.0}
列 'p' 不存在，对列 sched_arr_time 不过滤，直接选择所有非无效值。
Block processing time: 0.019888 seconds
Computing Block 56 out of 100
Processing Block size=21
begin cleaner{left: ("[FunctionalDependency:(s: {flight}, t: {sched_arr_time})]", 0.0), operator: *, right: (1.0, 1.0), result: 0.0}
列 'p' 不存在，对列 sched_arr_time 不过滤，直接选择所有非无效值。
Block processing time: 0.016024 seconds
Computing Block 57 out of 100
Processing Block size=26
begin cleaner{left: ("[FunctionalDependency:(s: {flight}, t: {sched_arr_time})]", 0.0), operator: *, right: (1.0, 1.0), result: 0.0}
列 'p' 不存在，对列 sched_arr_time 不过滤，直接选择所有非无效值。
Block processing time: 0.018539 seconds
Computing Block 58 out of 100
Processing Block size=20
begin cleaner{left: ("[FunctionalDependency:(s: {flight}, t: {sched_arr_time})]", 0.0), operator: *, right: (1.0, 1.0), result: 0.0}
列 'p' 不存在，对列 sched_arr_time 不过滤，直接选择所有非无效值。
Block processing time: 0.014157 seconds
Computing Block 59 out of 100
Processing Block size=23
begin cleaner{left: ("[FunctionalDependency:(s: {flight}, t: {sched_arr_time})]", 0.0), operator: *, right: (1.0, 1.0), result: 0.0}
列 'p' 不存在，对列 sched_arr_time 不过滤，直接选择所有非无效值。
Block processing time: 0.016355 seconds
Computing Block 60 out of 100
Processing Block size=23
begin cleaner{left: ("[FunctionalDependency:(s: {flight}, t: {sched_arr_time})]", 0.0), operator: *, right: (1.0, 1.0), result: 0.0}
列 'p' 不存在，对列 sched_arr_time 不过滤，直接选择所有非无效值。
Block processing time: 0.016231 seconds
Computing Block 61 out of 100
Processing Block size=23
begin cleaner{left: ("[FunctionalDependency:(s: {flight}, t: {sched_arr_time})]", 0.0), operator: *, right: (1.0, 1.0), result: 0.0}
列 'p' 不存在，对列 sched_arr_time 不过滤，直接选择所有非无效值。
Block processing time: 0.016644 seconds
Computing Block 62 out of 100
Processing Block size=27
begin cleaner{left: ("[FunctionalDependency:(s: {flight}, t: {sched_arr_time})]", 0.0), operator: *, right: (1.0, 1.0), result: 0.0}
列 'p' 不存在，对列 sched_arr_time 不过滤，直接选择所有非无效值。
Block processing time: 0.018946 seconds
Computing Block 63 out of 100
Processing Block size=26
begin cleaner{left: ("[FunctionalDependency:(s: {flight}, t: {sched_arr_time})]", 0.0), operator: *, right: (1.0, 1.0), result: 0.0}
列 'p' 不存在，对列 sched_arr_time 不过滤，直接选择所有非无效值。
Block processing time: 0.018458 seconds
Computing Block 64 out of 100
Processing Block size=29
begin cleaner{left: ("[FunctionalDependency:(s: {flight}, t: {sched_arr_time})]", 0.0), operator: *, right: (1.0, 1.0), result: 0.0}
列 'p' 不存在，对列 sched_arr_time 不过滤，直接选择所有非无效值。
Block processing time: 0.020713 seconds
Computing Block 65 out of 100
Processing Block size=21
begin cleaner{left: ("[FunctionalDependency:(s: {flight}, t: {sched_arr_time})]", 0.0), operator: *, right: (1.0, 1.0), result: 0.0}
列 'p' 不存在，对列 sched_arr_time 不过滤，直接选择所有非无效值。
Block processing time: 0.014816 seconds
Computing Block 66 out of 100
Processing Block size=22
begin cleaner{left: ("[FunctionalDependency:(s: {flight}, t: {sched_arr_time})]", 0.0), operator: *, right: (1.0, 1.0), result: 0.0}
列 'p' 不存在，对列 sched_arr_time 不过滤，直接选择所有非无效值。
Block processing time: 0.015657 seconds
Computing Block 67 out of 100
Processing Block size=21
begin cleaner{left: ("[FunctionalDependency:(s: {flight}, t: {sched_arr_time})]", 0.0), operator: *, right: (1.0, 1.0), result: 0.0}
列 'p' 不存在，对列 sched_arr_time 不过滤，直接选择所有非无效值。
Block processing time: 0.014855 seconds
Computing Block 68 out of 100
Processing Block size=27
begin cleaner{left: ("[FunctionalDependency:(s: {flight}, t: {sched_arr_time})]", 0.0), operator: *, right: (1.0, 1.0), result: 0.0}
列 'p' 不存在，对列 sched_arr_time 不过滤，直接选择所有非无效值。
Block processing time: 0.018994 seconds
Computing Block 69 out of 100
Processing Block size=26
begin cleaner{left: ("[FunctionalDependency:(s: {flight}, t: {sched_arr_time})]", 0.0), operator: *, right: (1.0, 1.0), result: 0.0}
列 'p' 不存在，对列 sched_arr_time 不过滤，直接选择所有非无效值。
Block processing time: 0.018544 seconds
Computing Block 70 out of 100
Processing Block size=22
begin cleaner{left: ("[FunctionalDependency:(s: {flight}, t: {sched_arr_time})]", 0.0), operator: *, right: (1.0, 1.0), result: 0.0}
列 'p' 不存在，对列 sched_arr_time 不过滤，直接选择所有非无效值。
Block processing time: 0.015491 seconds
Computing Block 71 out of 100
Processing Block size=22
begin cleaner{left: ("[FunctionalDependency:(s: {flight}, t: {sched_arr_time})]", 0.0), operator: *, right: (1.0, 1.0), result: 0.0}
列 'p' 不存在，对列 sched_arr_time 不过滤，直接选择所有非无效值。
Block processing time: 0.015786 seconds
Computing Block 72 out of 100
Processing Block size=20
begin cleaner{left: ("[FunctionalDependency:(s: {flight}, t: {sched_arr_time})]", 0.0), operator: *, right: (1.0, 1.0), result: 0.0}
列 'p' 不存在，对列 sched_arr_time 不过滤，直接选择所有非无效值。
Block processing time: 0.014324 seconds
Computing Block 73 out of 100
Processing Block size=19
begin cleaner{left: ("[FunctionalDependency:(s: {flight}, t: {sched_arr_time})]", 0.0), operator: *, right: (1.0, 1.0), result: 0.0}
列 'p' 不存在，对列 sched_arr_time 不过滤，直接选择所有非无效值。
Block processing time: 0.013426 seconds
Computing Block 74 out of 100
Processing Block size=23
begin cleaner{left: ("[FunctionalDependency:(s: {flight}, t: {sched_arr_time})]", 0.0), operator: *, right: (1.0, 1.0), result: 0.0}
列 'p' 不存在，对列 sched_arr_time 不过滤，直接选择所有非无效值。
Block processing time: 0.016445 seconds
Computing Block 75 out of 100
Processing Block size=21
begin cleaner{left: ("[FunctionalDependency:(s: {flight}, t: {sched_arr_time})]", 0.0), operator: *, right: (1.0, 1.0), result: 0.0}
列 'p' 不存在，对列 sched_arr_time 不过滤，直接选择所有非无效值。
Block processing time: 0.015453 seconds
Computing Block 76 out of 100
Processing Block size=26
begin cleaner{left: ("[FunctionalDependency:(s: {flight}, t: {sched_arr_time})]", 0.0), operator: *, right: (1.0, 1.0), result: 0.0}
列 'p' 不存在，对列 sched_arr_time 不过滤，直接选择所有非无效值。
Block processing time: 0.018803 seconds
Computing Block 77 out of 100
Processing Block size=18
begin cleaner{left: ("[FunctionalDependency:(s: {flight}, t: {sched_arr_time})]", 0.0), operator: *, right: (1.0, 1.0), result: 0.0}
列 'p' 不存在，对列 sched_arr_time 不过滤，直接选择所有非无效值。
Block processing time: 0.012904 seconds
Computing Block 78 out of 100
Processing Block size=25
begin cleaner{left: ("[FunctionalDependency:(s: {flight}, t: {sched_arr_time})]", 0.0), operator: *, right: (1.0, 1.0), result: 0.0}
列 'p' 不存在，对列 sched_arr_time 不过滤，直接选择所有非无效值。
Block processing time: 0.017915 seconds
Computing Block 79 out of 100
Processing Block size=27
begin cleaner{left: ("[FunctionalDependency:(s: {flight}, t: {sched_arr_time})]", 0.0), operator: *, right: (1.0, 1.0), result: 0.0}
列 'p' 不存在，对列 sched_arr_time 不过滤，直接选择所有非无效值。
Block processing time: 0.019153 seconds
Computing Block 80 out of 100
Processing Block size=17
begin cleaner{left: ("[FunctionalDependency:(s: {flight}, t: {sched_arr_time})]", 0.0), operator: *, right: (1.0, 1.0), result: 0.0}
列 'p' 不存在，对列 sched_arr_time 不过滤，直接选择所有非无效值。
Block processing time: 0.012061 seconds
Computing Block 81 out of 100
Processing Block size=24
begin cleaner{left: ("[FunctionalDependency:(s: {flight}, t: {sched_arr_time})]", 0.0), operator: *, right: (1.0, 1.0), result: 0.0}
列 'p' 不存在，对列 sched_arr_time 不过滤，直接选择所有非无效值。
Block processing time: 0.01709 seconds
Computing Block 82 out of 100
Processing Block size=28
begin cleaner{left: ("[FunctionalDependency:(s: {flight}, t: {sched_arr_time})]", 0.0), operator: *, right: (1.0, 1.0), result: 0.0}
列 'p' 不存在，对列 sched_arr_time 不过滤，直接选择所有非无效值。
Block processing time: 0.019883 seconds
WARNING:root:No partitioning rule specified, processing might be slow
Computing Block 83 out of 100
Processing Block size=28
begin cleaner{left: ("[FunctionalDependency:(s: {flight}, t: {sched_arr_time})]", 0.0), operator: *, right: (1.0, 1.0), result: 0.0}
列 'p' 不存在，对列 sched_arr_time 不过滤，直接选择所有非无效值。
Block processing time: 0.019852 seconds
Computing Block 84 out of 100
Processing Block size=27
begin cleaner{left: ("[FunctionalDependency:(s: {flight}, t: {sched_arr_time})]", 0.0), operator: *, right: (1.0, 1.0), result: 0.0}
列 'p' 不存在，对列 sched_arr_time 不过滤，直接选择所有非无效值。
Block processing time: 0.019097 seconds
Computing Block 85 out of 100
Processing Block size=24
begin cleaner{left: ("[FunctionalDependency:(s: {flight}, t: {sched_arr_time})]", 0.0), operator: *, right: (1.0, 1.0), result: 0.0}
列 'p' 不存在，对列 sched_arr_time 不过滤，直接选择所有非无效值。
Block processing time: 0.017423 seconds
Computing Block 86 out of 100
Processing Block size=20
begin cleaner{left: ("[FunctionalDependency:(s: {flight}, t: {sched_arr_time})]", 0.0), operator: *, right: (1.0, 1.0), result: 0.0}
列 'p' 不存在，对列 sched_arr_time 不过滤，直接选择所有非无效值。
Block processing time: 0.01476 seconds
Computing Block 87 out of 100
Processing Block size=20
begin cleaner{left: ("[FunctionalDependency:(s: {flight}, t: {sched_arr_time})]", 0.0), operator: *, right: (1.0, 1.0), result: 0.0}
列 'p' 不存在，对列 sched_arr_time 不过滤，直接选择所有非无效值。
Block processing time: 0.015331 seconds
Computing Block 88 out of 100
Processing Block size=22
begin cleaner{left: ("[FunctionalDependency:(s: {flight}, t: {sched_arr_time})]", 0.0), operator: *, right: (1.0, 1.0), result: 0.0}
列 'p' 不存在，对列 sched_arr_time 不过滤，直接选择所有非无效值。
Block processing time: 0.016879 seconds
Computing Block 89 out of 100
Processing Block size=26
begin cleaner{left: ("[FunctionalDependency:(s: {flight}, t: {sched_arr_time})]", 0.0), operator: *, right: (1.0, 1.0), result: 0.0}
列 'p' 不存在，对列 sched_arr_time 不过滤，直接选择所有非无效值。
Block processing time: 0.019877 seconds
Computing Block 90 out of 100
Processing Block size=24
begin cleaner{left: ("[FunctionalDependency:(s: {flight}, t: {sched_arr_time})]", 0.0), operator: *, right: (1.0, 1.0), result: 0.0}
列 'p' 不存在，对列 sched_arr_time 不过滤，直接选择所有非无效值。
Block processing time: 0.018389 seconds
Computing Block 91 out of 100
Processing Block size=23
begin cleaner{left: ("[FunctionalDependency:(s: {flight}, t: {sched_arr_time})]", 0.0), operator: *, right: (1.0, 1.0), result: 0.0}
列 'p' 不存在，对列 sched_arr_time 不过滤，直接选择所有非无效值。
Block processing time: 0.017411 seconds
Computing Block 92 out of 100
Processing Block size=23
begin cleaner{left: ("[FunctionalDependency:(s: {flight}, t: {sched_arr_time})]", 0.0), operator: *, right: (1.0, 1.0), result: 0.0}
列 'p' 不存在，对列 sched_arr_time 不过滤，直接选择所有非无效值。
Block processing time: 0.017358 seconds
Computing Block 93 out of 100
Processing Block size=27
begin cleaner{left: ("[FunctionalDependency:(s: {flight}, t: {sched_arr_time})]", 0.0), operator: *, right: (1.0, 1.0), result: 0.0}
列 'p' 不存在，对列 sched_arr_time 不过滤，直接选择所有非无效值。
Block processing time: 0.021001 seconds
Computing Block 94 out of 100
Processing Block size=23
begin cleaner{left: ("[FunctionalDependency:(s: {flight}, t: {sched_arr_time})]", 0.0), operator: *, right: (1.0, 1.0), result: 0.0}
列 'p' 不存在，对列 sched_arr_time 不过滤，直接选择所有非无效值。
Block processing time: 0.017568 seconds
Computing Block 95 out of 100
Processing Block size=27
begin cleaner{left: ("[FunctionalDependency:(s: {flight}, t: {sched_arr_time})]", 0.0), operator: *, right: (1.0, 1.0), result: 0.0}
列 'p' 不存在，对列 sched_arr_time 不过滤，直接选择所有非无效值。
Block processing time: 0.020701 seconds
Computing Block 96 out of 100
Processing Block size=26
begin cleaner{left: ("[FunctionalDependency:(s: {flight}, t: {sched_arr_time})]", 0.0), operator: *, right: (1.0, 1.0), result: 0.0}
列 'p' 不存在，对列 sched_arr_time 不过滤，直接选择所有非无效值。
Block processing time: 0.019871 seconds
Computing Block 97 out of 100
Processing Block size=25
begin cleaner{left: ("[FunctionalDependency:(s: {flight}, t: {sched_arr_time})]", 0.0), operator: *, right: (1.0, 1.0), result: 0.0}
列 'p' 不存在，对列 sched_arr_time 不过滤，直接选择所有非无效值。
Block processing time: 0.019024 seconds
Computing Block 98 out of 100
Processing Block size=22
begin cleaner{left: ("[FunctionalDependency:(s: {flight}, t: {sched_arr_time})]", 0.0), operator: *, right: (1.0, 1.0), result: 0.0}
列 'p' 不存在，对列 sched_arr_time 不过滤，直接选择所有非无效值。
Block processing time: 0.017121 seconds
Computing Block 99 out of 100
Processing Block size=23
begin cleaner{left: ("[FunctionalDependency:(s: {flight}, t: {sched_arr_time})]", 0.0), operator: *, right: (1.0, 1.0), result: 0.0}
列 'p' 不存在，对列 sched_arr_time 不过滤，直接选择所有非无效值。
Block processing time: 0.017729 seconds
Computing Block 100 out of 100
Processing Block size=21
begin cleaner{left: ("[FunctionalDependency:(s: {flight}, t: {sched_arr_time})]", 0.0), operator: *, right: (1.0, 1.0), result: 0.0}
列 'p' 不存在，对列 sched_arr_time 不过滤，直接选择所有非无效值。
Block processing time: 0.016434 seconds
  当前节点: sched_arr_time 无清洗操作
  当前节点: act_arr_time 存在可用清洗信号
数据块大小: 2376
分块属性:
[['flight']]
Starting initial block mapping...
Initial number of blocks: 100
Final number of blocks after further splitting: 100
Computing Block 1 out of 100
Processing Block size=21
begin cleaner[FunctionalDependency:(s: {'flight'}, t: {'act_arr_time'})]*1.0
列 'p' 不存在，对列 act_arr_time 不过滤，直接选择所有非无效值。
Block processing time: 0.015275 seconds
Computing Block 2 out of 100
Processing Block size=20
begin cleaner{left: ("[FunctionalDependency:(s: {flight}, t: {act_arr_time})]", 0.0), operator: *, right: (1.0, 1.0), result: 0.0}
列 'p' 不存在，对列 act_arr_time 不过滤，直接选择所有非无效值。
Block processing time: 0.014204 seconds
Computing Block 3 out of 100
Processing Block size=18
begin cleaner{left: ("[FunctionalDependency:(s: {flight}, t: {act_arr_time})]", 0.0), operator: *, right: (1.0, 1.0), result: 0.0}
列 'p' 不存在，对列 act_arr_time 不过滤，直接选择所有非无效值。
Block processing time: 0.012824 seconds
Computing Block 4 out of 100
Processing Block size=27
begin cleaner{left: ("[FunctionalDependency:(s: {flight}, t: {act_arr_time})]", 0.0), operator: *, right: (1.0, 1.0), result: 0.0}
列 'p' 不存在，对列 act_arr_time 不过滤，直接选择所有非无效值。
Block processing time: 0.019212 seconds
Computing Block 5 out of 100
Processing Block size=27
begin cleaner{left: ("[FunctionalDependency:(s: {flight}, t: {act_arr_time})]", 0.0), operator: *, right: (1.0, 1.0), result: 0.0}
列 'p' 不存在，对列 act_arr_time 不过滤，直接选择所有非无效值。
Block processing time: 0.019124 seconds
Computing Block 6 out of 100
Processing Block size=25
begin cleaner{left: ("[FunctionalDependency:(s: {flight}, t: {act_arr_time})]", 0.0), operator: *, right: (1.0, 1.0), result: 0.0}
列 'p' 不存在，对列 act_arr_time 不过滤，直接选择所有非无效值。
Block processing time: 0.017704 seconds
Computing Block 7 out of 100
Processing Block size=26
begin cleaner{left: ("[FunctionalDependency:(s: {flight}, t: {act_arr_time})]", 0.0), operator: *, right: (1.0, 1.0), result: 0.0}
列 'p' 不存在，对列 act_arr_time 不过滤，直接选择所有非无效值。
Block processing time: 0.018381 seconds
Computing Block 8 out of 100
Processing Block size=21
begin cleaner{left: ("[FunctionalDependency:(s: {flight}, t: {act_arr_time})]", 0.0), operator: *, right: (1.0, 1.0), result: 0.0}
列 'p' 不存在，对列 act_arr_time 不过滤，直接选择所有非无效值。
Block processing time: 0.0149 seconds
Computing Block 9 out of 100
Processing Block size=26
begin cleaner{left: ("[FunctionalDependency:(s: {flight}, t: {act_arr_time})]", 0.0), operator: *, right: (1.0, 1.0), result: 0.0}
列 'p' 不存在，对列 act_arr_time 不过滤，直接选择所有非无效值。
Block processing time: 0.01836 seconds
Computing Block 10 out of 100
Processing Block size=28
begin cleaner{left: ("[FunctionalDependency:(s: {flight}, t: {act_arr_time})]", 0.0), operator: *, right: (1.0, 1.0), result: 0.0}
列 'p' 不存在，对列 act_arr_time 不过滤，直接选择所有非无效值。
Block processing time: 0.020076 seconds
Computing Block 11 out of 100
Processing Block size=27
begin cleaner{left: ("[FunctionalDependency:(s: {flight}, t: {act_arr_time})]", 0.0), operator: *, right: (1.0, 1.0), result: 0.0}
列 'p' 不存在，对列 act_arr_time 不过滤，直接选择所有非无效值。
Block processing time: 0.01931 seconds
Computing Block 12 out of 100
Processing Block size=26
begin cleaner{left: ("[FunctionalDependency:(s: {flight}, t: {act_arr_time})]", 0.0), operator: *, right: (1.0, 1.0), result: 0.0}
列 'p' 不存在，对列 act_arr_time 不过滤，直接选择所有非无效值。
Block processing time: 0.018434 seconds
Computing Block 13 out of 100
Processing Block size=21
begin cleaner{left: ("[FunctionalDependency:(s: {flight}, t: {act_arr_time})]", 0.0), operator: *, right: (1.0, 1.0), result: 0.0}
列 'p' 不存在，对列 act_arr_time 不过滤，直接选择所有非无效值。
Block processing time: 0.014794 seconds
Computing Block 14 out of 100
Processing Block size=25
begin cleaner{left: ("[FunctionalDependency:(s: {flight}, t: {act_arr_time})]", 0.0), operator: *, right: (1.0, 1.0), result: 0.0}
列 'p' 不存在，对列 act_arr_time 不过滤，直接选择所有非无效值。
Block processing time: 0.017864 seconds
Computing Block 15 out of 100
Processing Block size=21
begin cleaner{left: ("[FunctionalDependency:(s: {flight}, t: {act_arr_time})]", 0.0), operator: *, right: (1.0, 1.0), result: 0.0}
列 'p' 不存在，对列 act_arr_time 不过滤，直接选择所有非无效值。
Block processing time: 0.014902 seconds
Computing Block 16 out of 100
Processing Block size=27
begin cleaner{left: ("[FunctionalDependency:(s: {flight}, t: {act_arr_time})]", 0.0), operator: *, right: (1.0, 1.0), result: 0.0}
列 'p' 不存在，对列 act_arr_time 不过滤，直接选择所有非无效值。
Block processing time: 0.019238 seconds
Computing Block 17 out of 100
Processing Block size=20
begin cleaner{left: ("[FunctionalDependency:(s: {flight}, t: {act_arr_time})]", 0.0), operator: *, right: (1.0, 1.0), result: 0.0}
列 'p' 不存在，对列 act_arr_time 不过滤，直接选择所有非无效值。
Block processing time: 0.014245 seconds
Computing Block 18 out of 100
Processing Block size=22
begin cleaner{left: ("[FunctionalDependency:(s: {flight}, t: {act_arr_time})]", 0.0), operator: *, right: (1.0, 1.0), result: 0.0}
列 'p' 不存在，对列 act_arr_time 不过滤，直接选择所有非无效值。
Block processing time: 0.015775 seconds
Computing Block 19 out of 100
Processing Block size=25
begin cleaner{left: ("[FunctionalDependency:(s: {flight}, t: {act_arr_time})]", 0.0), operator: *, right: (1.0, 1.0), result: 0.0}
列 'p' 不存在，对列 act_arr_time 不过滤，直接选择所有非无效值。
Block processing time: 0.017949 seconds
Computing Block 20 out of 100
Processing Block size=24
begin cleaner{left: ("[FunctionalDependency:(s: {flight}, t: {act_arr_time})]", 0.0), operator: *, right: (1.0, 1.0), result: 0.0}
列 'p' 不存在，对列 act_arr_time 不过滤，直接选择所有非无效值。
Block processing time: 0.016948 seconds
Computing Block 21 out of 100
Processing Block size=25
begin cleaner{left: ("[FunctionalDependency:(s: {flight}, t: {act_arr_time})]", 0.0), operator: *, right: (1.0, 1.0), result: 0.0}
列 'p' 不存在，对列 act_arr_time 不过滤，直接选择所有非无效值。
Block processing time: 0.017664 seconds
Computing Block 22 out of 100
Processing Block size=21
begin cleaner{left: ("[FunctionalDependency:(s: {flight}, t: {act_arr_time})]", 0.0), operator: *, right: (1.0, 1.0), result: 0.0}
列 'p' 不存在，对列 act_arr_time 不过滤，直接选择所有非无效值。
Block processing time: 0.014881 seconds
Computing Block 23 out of 100
Processing Block size=21
begin cleaner{left: ("[FunctionalDependency:(s: {flight}, t: {act_arr_time})]", 0.0), operator: *, right: (1.0, 1.0), result: 0.0}
列 'p' 不存在，对列 act_arr_time 不过滤，直接选择所有非无效值。
Block processing time: 0.014816 seconds
Computing Block 24 out of 100
Processing Block size=24
begin cleaner{left: ("[FunctionalDependency:(s: {flight}, t: {act_arr_time})]", 0.0), operator: *, right: (1.0, 1.0), result: 0.0}
列 'p' 不存在，对列 act_arr_time 不过滤，直接选择所有非无效值。
Block processing time: 0.017077 seconds
Computing Block 25 out of 100
Processing Block size=20
begin cleaner{left: ("[FunctionalDependency:(s: {flight}, t: {act_arr_time})]", 0.0), operator: *, right: (1.0, 1.0), result: 0.0}
列 'p' 不存在，对列 act_arr_time 不过滤，直接选择所有非无效值。
Block processing time: 0.014167 seconds
Computing Block 26 out of 100
Processing Block size=26
begin cleaner{left: ("[FunctionalDependency:(s: {flight}, t: {act_arr_time})]", 0.0), operator: *, right: (1.0, 1.0), result: 0.0}
列 'p' 不存在，对列 act_arr_time 不过滤，直接选择所有非无效值。
Block processing time: 0.018789 seconds
Computing Block 27 out of 100
Processing Block size=28
begin cleaner{left: ("[FunctionalDependency:(s: {flight}, t: {act_arr_time})]", 0.0), operator: *, right: (1.0, 1.0), result: 0.0}
列 'p' 不存在，对列 act_arr_time 不过滤，直接选择所有非无效值。
Block processing time: 0.020182 seconds
Computing Block 28 out of 100
Processing Block size=23
begin cleaner{left: ("[FunctionalDependency:(s: {flight}, t: {act_arr_time})]", 0.0), operator: *, right: (1.0, 1.0), result: 0.0}
列 'p' 不存在，对列 act_arr_time 不过滤，直接选择所有非无效值。
Block processing time: 0.018169 seconds
Computing Block 29 out of 100
Processing Block size=26
begin cleaner{left: ("[FunctionalDependency:(s: {flight}, t: {act_arr_time})]", 0.0), operator: *, right: (1.0, 1.0), result: 0.0}
列 'p' 不存在，对列 act_arr_time 不过滤，直接选择所有非无效值。
Block processing time: 0.02039 seconds
Computing Block 30 out of 100
Processing Block size=20
begin cleaner{left: ("[FunctionalDependency:(s: {flight}, t: {act_arr_time})]", 0.0), operator: *, right: (1.0, 1.0), result: 0.0}
列 'p' 不存在，对列 act_arr_time 不过滤，直接选择所有非无效值。
Block processing time: 0.015553 seconds
Computing Block 31 out of 100
Processing Block size=21
begin cleaner{left: ("[FunctionalDependency:(s: {flight}, t: {act_arr_time})]", 0.0), operator: *, right: (1.0, 1.0), result: 0.0}
列 'p' 不存在，对列 act_arr_time 不过滤，直接选择所有非无效值。
Block processing time: 0.016153 seconds
Computing Block 32 out of 100
Processing Block size=26
begin cleaner{left: ("[FunctionalDependency:(s: {flight}, t: {act_arr_time})]", 0.0), operator: *, right: (1.0, 1.0), result: 0.0}
列 'p' 不存在，对列 act_arr_time 不过滤，直接选择所有非无效值。
Block processing time: 0.020288 seconds
Computing Block 33 out of 100
Processing Block size=28
begin cleaner{left: ("[FunctionalDependency:(s: {flight}, t: {act_arr_time})]", 0.0), operator: *, right: (1.0, 1.0), result: 0.0}
列 'p' 不存在，对列 act_arr_time 不过滤，直接选择所有非无效值。
Block processing time: 0.021677 seconds
Computing Block 34 out of 100
Processing Block size=27
begin cleaner{left: ("[FunctionalDependency:(s: {flight}, t: {act_arr_time})]", 0.0), operator: *, right: (1.0, 1.0), result: 0.0}
列 'p' 不存在，对列 act_arr_time 不过滤，直接选择所有非无效值。
Block processing time: 0.019598 seconds
Computing Block 35 out of 100
Processing Block size=25
begin cleaner{left: ("[FunctionalDependency:(s: {flight}, t: {act_arr_time})]", 0.0), operator: *, right: (1.0, 1.0), result: 0.0}
列 'p' 不存在，对列 act_arr_time 不过滤，直接选择所有非无效值。
Block processing time: 0.017888 seconds
Computing Block 36 out of 100
Processing Block size=22
begin cleaner{left: ("[FunctionalDependency:(s: {flight}, t: {act_arr_time})]", 0.0), operator: *, right: (1.0, 1.0), result: 0.0}
列 'p' 不存在，对列 act_arr_time 不过滤，直接选择所有非无效值。
Block processing time: 0.015743 seconds
Computing Block 37 out of 100
Processing Block size=22
begin cleaner{left: ("[FunctionalDependency:(s: {flight}, t: {act_arr_time})]", 0.0), operator: *, right: (1.0, 1.0), result: 0.0}
列 'p' 不存在，对列 act_arr_time 不过滤，直接选择所有非无效值。
Block processing time: 0.015779 seconds
Computing Block 38 out of 100
Processing Block size=25
begin cleaner{left: ("[FunctionalDependency:(s: {flight}, t: {act_arr_time})]", 0.0), operator: *, right: (1.0, 1.0), result: 0.0}
列 'p' 不存在，对列 act_arr_time 不过滤，直接选择所有非无效值。
Block processing time: 0.017998 seconds
Computing Block 39 out of 100
Processing Block size=24
begin cleaner{left: ("[FunctionalDependency:(s: {flight}, t: {act_arr_time})]", 0.0), operator: *, right: (1.0, 1.0), result: 0.0}
列 'p' 不存在，对列 act_arr_time 不过滤，直接选择所有非无效值。
Block processing time: 0.017349 seconds
Computing Block 40 out of 100
Processing Block size=27
begin cleaner{left: ("[FunctionalDependency:(s: {flight}, t: {act_arr_time})]", 0.0), operator: *, right: (1.0, 1.0), result: 0.0}
列 'p' 不存在，对列 act_arr_time 不过滤，直接选择所有非无效值。
Block processing time: 0.01975 seconds
Computing Block 41 out of 100
Processing Block size=21
begin cleaner{left: ("[FunctionalDependency:(s: {flight}, t: {act_arr_time})]", 0.0), operator: *, right: (1.0, 1.0), result: 0.0}
列 'p' 不存在，对列 act_arr_time 不过滤，直接选择所有非无效值。
Block processing time: 0.015892 seconds
Computing Block 42 out of 100
Processing Block size=23
begin cleaner{left: ("[FunctionalDependency:(s: {flight}, t: {act_arr_time})]", 0.0), operator: *, right: (1.0, 1.0), result: 0.0}
列 'p' 不存在，对列 act_arr_time 不过滤，直接选择所有非无效值。
Block processing time: 0.016556 seconds
Computing Block 43 out of 100
Processing Block size=21
begin cleaner{left: ("[FunctionalDependency:(s: {flight}, t: {act_arr_time})]", 0.0), operator: *, right: (1.0, 1.0), result: 0.0}
列 'p' 不存在，对列 act_arr_time 不过滤，直接选择所有非无效值。
Block processing time: 0.015132 seconds
Computing Block 44 out of 100
Processing Block size=21
begin cleaner{left: ("[FunctionalDependency:(s: {flight}, t: {act_arr_time})]", 0.0), operator: *, right: (1.0, 1.0), result: 0.0}
列 'p' 不存在，对列 act_arr_time 不过滤，直接选择所有非无效值。
Block processing time: 0.015337 seconds
Computing Block 45 out of 100
Processing Block size=24
begin cleaner{left: ("[FunctionalDependency:(s: {flight}, t: {act_arr_time})]", 0.0), operator: *, right: (1.0, 1.0), result: 0.0}
列 'p' 不存在，对列 act_arr_time 不过滤，直接选择所有非无效值。
Block processing time: 0.017105 seconds
Computing Block 46 out of 100
Processing Block size=20
begin cleaner{left: ("[FunctionalDependency:(s: {flight}, t: {act_arr_time})]", 0.0), operator: *, right: (1.0, 1.0), result: 0.0}
列 'p' 不存在，对列 act_arr_time 不过滤，直接选择所有非无效值。
Block processing time: 0.014314 seconds
Computing Block 47 out of 100
Processing Block size=28
begin cleaner{left: ("[FunctionalDependency:(s: {flight}, t: {act_arr_time})]", 0.0), operator: *, right: (1.0, 1.0), result: 0.0}
列 'p' 不存在，对列 act_arr_time 不过滤，直接选择所有非无效值。
Block processing time: 0.019964 seconds
Computing Block 48 out of 100
Processing Block size=27
begin cleaner{left: ("[FunctionalDependency:(s: {flight}, t: {act_arr_time})]", 0.0), operator: *, right: (1.0, 1.0), result: 0.0}
列 'p' 不存在，对列 act_arr_time 不过滤，直接选择所有非无效值。
Block processing time: 0.019323 seconds
Computing Block 49 out of 100
Processing Block size=25
begin cleaner{left: ("[FunctionalDependency:(s: {flight}, t: {act_arr_time})]", 0.0), operator: *, right: (1.0, 1.0), result: 0.0}
列 'p' 不存在，对列 act_arr_time 不过滤，直接选择所有非无效值。
Block processing time: 0.017905 seconds
Computing Block 50 out of 100
Processing Block size=26
begin cleaner{left: ("[FunctionalDependency:(s: {flight}, t: {act_arr_time})]", 0.0), operator: *, right: (1.0, 1.0), result: 0.0}
列 'p' 不存在，对列 act_arr_time 不过滤，直接选择所有非无效值。
Block processing time: 0.018486 seconds
Computing Block 51 out of 100
Processing Block size=26
begin cleaner{left: ("[FunctionalDependency:(s: {flight}, t: {act_arr_time})]", 0.0), operator: *, right: (1.0, 1.0), result: 0.0}
列 'p' 不存在，对列 act_arr_time 不过滤，直接选择所有非无效值。
Block processing time: 0.018773 seconds
Computing Block 52 out of 100
Processing Block size=22
begin cleaner{left: ("[FunctionalDependency:(s: {flight}, t: {act_arr_time})]", 0.0), operator: *, right: (1.0, 1.0), result: 0.0}
列 'p' 不存在，对列 act_arr_time 不过滤，直接选择所有非无效值。
Block processing time: 0.015737 seconds
Computing Block 53 out of 100
Processing Block size=21
begin cleaner{left: ("[FunctionalDependency:(s: {flight}, t: {act_arr_time})]", 0.0), operator: *, right: (1.0, 1.0), result: 0.0}
列 'p' 不存在，对列 act_arr_time 不过滤，直接选择所有非无效值。
Block processing time: 0.014996 seconds
Computing Block 54 out of 100
Processing Block size=29
begin cleaner{left: ("[FunctionalDependency:(s: {flight}, t: {act_arr_time})]", 0.0), operator: *, right: (1.0, 1.0), result: 0.0}
列 'p' 不存在，对列 act_arr_time 不过滤，直接选择所有非无效值。
Block processing time: 0.020555 seconds
Computing Block 55 out of 100
Processing Block size=26
begin cleaner{left: ("[FunctionalDependency:(s: {flight}, t: {act_arr_time})]", 0.0), operator: *, right: (1.0, 1.0), result: 0.0}
列 'p' 不存在，对列 act_arr_time 不过滤，直接选择所有非无效值。
Block processing time: 0.018433 seconds
Computing Block 56 out of 100
Processing Block size=21
begin cleaner{left: ("[FunctionalDependency:(s: {flight}, t: {act_arr_time})]", 0.0), operator: *, right: (1.0, 1.0), result: 0.0}
列 'p' 不存在，对列 act_arr_time 不过滤，直接选择所有非无效值。
Block processing time: 0.015015 seconds
Computing Block 57 out of 100
Processing Block size=26
begin cleaner{left: ("[FunctionalDependency:(s: {flight}, t: {act_arr_time})]", 0.0), operator: *, right: (1.0, 1.0), result: 0.0}
列 'p' 不存在，对列 act_arr_time 不过滤，直接选择所有非无效值。
Block processing time: 0.018871 seconds
Computing Block 58 out of 100
Processing Block size=20
begin cleaner{left: ("[FunctionalDependency:(s: {flight}, t: {act_arr_time})]", 0.0), operator: *, right: (1.0, 1.0), result: 0.0}
列 'p' 不存在，对列 act_arr_time 不过滤，直接选择所有非无效值。
Block processing time: 0.014221 seconds
Computing Block 59 out of 100
Processing Block size=23
begin cleaner{left: ("[FunctionalDependency:(s: {flight}, t: {act_arr_time})]", 0.0), operator: *, right: (1.0, 1.0), result: 0.0}
列 'p' 不存在，对列 act_arr_time 不过滤，直接选择所有非无效值。
Block processing time: 0.016505 seconds
Computing Block 60 out of 100
Processing Block size=23
begin cleaner{left: ("[FunctionalDependency:(s: {flight}, t: {act_arr_time})]", 0.0), operator: *, right: (1.0, 1.0), result: 0.0}
列 'p' 不存在，对列 act_arr_time 不过滤，直接选择所有非无效值。
Block processing time: 0.01648 seconds
Computing Block 61 out of 100
Processing Block size=23
begin cleaner{left: ("[FunctionalDependency:(s: {flight}, t: {act_arr_time})]", 0.0), operator: *, right: (1.0, 1.0), result: 0.0}
列 'p' 不存在，对列 act_arr_time 不过滤，直接选择所有非无效值。
Block processing time: 0.016471 seconds
Computing Block 62 out of 100
Processing Block size=27
begin cleaner{left: ("[FunctionalDependency:(s: {flight}, t: {act_arr_time})]", 0.0), operator: *, right: (1.0, 1.0), result: 0.0}
列 'p' 不存在，对列 act_arr_time 不过滤，直接选择所有非无效值。
Block processing time: 0.019341 seconds
Computing Block 63 out of 100
Processing Block size=26
begin cleaner{left: ("[FunctionalDependency:(s: {flight}, t: {act_arr_time})]", 0.0), operator: *, right: (1.0, 1.0), result: 0.0}
列 'p' 不存在，对列 act_arr_time 不过滤，直接选择所有非无效值。
Block processing time: 0.020591 seconds
Computing Block 64 out of 100
Processing Block size=29
begin cleaner{left: ("[FunctionalDependency:(s: {flight}, t: {act_arr_time})]", 0.0), operator: *, right: (1.0, 1.0), result: 0.0}
列 'p' 不存在，对列 act_arr_time 不过滤，直接选择所有非无效值。
Block processing time: 0.020614 seconds
Computing Block 65 out of 100
Processing Block size=21
begin cleaner{left: ("[FunctionalDependency:(s: {flight}, t: {act_arr_time})]", 0.0), operator: *, right: (1.0, 1.0), result: 0.0}
列 'p' 不存在，对列 act_arr_time 不过滤，直接选择所有非无效值。
Block processing time: 0.014844 seconds
Computing Block 66 out of 100
Processing Block size=22
begin cleaner{left: ("[FunctionalDependency:(s: {flight}, t: {act_arr_time})]", 0.0), operator: *, right: (1.0, 1.0), result: 0.0}
列 'p' 不存在，对列 act_arr_time 不过滤，直接选择所有非无效值。
Block processing time: 0.01559 seconds
Computing Block 67 out of 100
Processing Block size=21
begin cleaner{left: ("[FunctionalDependency:(s: {flight}, t: {act_arr_time})]", 0.0), operator: *, right: (1.0, 1.0), result: 0.0}
列 'p' 不存在，对列 act_arr_time 不过滤，直接选择所有非无效值。
Block processing time: 0.0148 seconds
Computing Block 68 out of 100
Processing Block size=27
begin cleaner{left: ("[FunctionalDependency:(s: {flight}, t: {act_arr_time})]", 0.0), operator: *, right: (1.0, 1.0), result: 0.0}
列 'p' 不存在，对列 act_arr_time 不过滤，直接选择所有非无效值。
Block processing time: 0.019066 seconds
Computing Block 69 out of 100
Processing Block size=26
begin cleaner{left: ("[FunctionalDependency:(s: {flight}, t: {act_arr_time})]", 0.0), operator: *, right: (1.0, 1.0), result: 0.0}
列 'p' 不存在，对列 act_arr_time 不过滤，直接选择所有非无效值。
Block processing time: 0.018656 seconds
Computing Block 70 out of 100
Processing Block size=22
begin cleaner{left: ("[FunctionalDependency:(s: {flight}, t: {act_arr_time})]", 0.0), operator: *, right: (1.0, 1.0), result: 0.0}
列 'p' 不存在，对列 act_arr_time 不过滤，直接选择所有非无效值。
Block processing time: 0.015568 seconds
Computing Block 71 out of 100
Processing Block size=22
begin cleaner{left: ("[FunctionalDependency:(s: {flight}, t: {act_arr_time})]", 0.0), operator: *, right: (1.0, 1.0), result: 0.0}
列 'p' 不存在，对列 act_arr_time 不过滤，直接选择所有非无效值。
Block processing time: 0.015596 seconds
Computing Block 72 out of 100
Processing Block size=20
begin cleaner{left: ("[FunctionalDependency:(s: {flight}, t: {act_arr_time})]", 0.0), operator: *, right: (1.0, 1.0), result: 0.0}
列 'p' 不存在，对列 act_arr_time 不过滤，直接选择所有非无效值。
Block processing time: 0.014349 seconds
Computing Block 73 out of 100
Processing Block size=19
begin cleaner{left: ("[FunctionalDependency:(s: {flight}, t: {act_arr_time})]", 0.0), operator: *, right: (1.0, 1.0), result: 0.0}
列 'p' 不存在，对列 act_arr_time 不过滤，直接选择所有非无效值。
Block processing time: 0.013588 seconds
Computing Block 74 out of 100
Processing Block size=23
begin cleaner{left: ("[FunctionalDependency:(s: {flight}, t: {act_arr_time})]", 0.0), operator: *, right: (1.0, 1.0), result: 0.0}
列 'p' 不存在，对列 act_arr_time 不过滤，直接选择所有非无效值。
Block processing time: 0.016166 seconds
Computing Block 75 out of 100
Processing Block size=21
begin cleaner{left: ("[FunctionalDependency:(s: {flight}, t: {act_arr_time})]", 0.0), operator: *, right: (1.0, 1.0), result: 0.0}
列 'p' 不存在，对列 act_arr_time 不过滤，直接选择所有非无效值。
Block processing time: 0.015193 seconds
Computing Block 76 out of 100
Processing Block size=26
begin cleaner{left: ("[FunctionalDependency:(s: {flight}, t: {act_arr_time})]", 0.0), operator: *, right: (1.0, 1.0), result: 0.0}
列 'p' 不存在，对列 act_arr_time 不过滤，直接选择所有非无效值。
Block processing time: 0.018767 seconds
Computing Block 77 out of 100
Processing Block size=18
begin cleaner{left: ("[FunctionalDependency:(s: {flight}, t: {act_arr_time})]", 0.0), operator: *, right: (1.0, 1.0), result: 0.0}
列 'p' 不存在，对列 act_arr_time 不过滤，直接选择所有非无效值。
Block processing time: 0.013199 seconds
Computing Block 78 out of 100
Processing Block size=25
begin cleaner{left: ("[FunctionalDependency:(s: {flight}, t: {act_arr_time})]", 0.0), operator: *, right: (1.0, 1.0), result: 0.0}
列 'p' 不存在，对列 act_arr_time 不过滤，直接选择所有非无效值。
Block processing time: 0.017974 seconds
Computing Block 79 out of 100
Processing Block size=27
begin cleaner{left: ("[FunctionalDependency:(s: {flight}, t: {act_arr_time})]", 0.0), operator: *, right: (1.0, 1.0), result: 0.0}
列 'p' 不存在，对列 act_arr_time 不过滤，直接选择所有非无效值。
Block processing time: 0.019204 seconds
Computing Block 80 out of 100
Processing Block size=17
begin cleaner{left: ("[FunctionalDependency:(s: {flight}, t: {act_arr_time})]", 0.0), operator: *, right: (1.0, 1.0), result: 0.0}
列 'p' 不存在，对列 act_arr_time 不过滤，直接选择所有非无效值。
Block processing time: 0.012089 seconds
Computing Block 81 out of 100
Processing Block size=24
begin cleaner{left: ("[FunctionalDependency:(s: {flight}, t: {act_arr_time})]", 0.0), operator: *, right: (1.0, 1.0), result: 0.0}
列 'p' 不存在，对列 act_arr_time 不过滤，直接选择所有非无效值。
Block processing time: 0.017174 seconds
Computing Block 82 out of 100
Processing Block size=28
begin cleaner{left: ("[FunctionalDependency:(s: {flight}, t: {act_arr_time})]", 0.0), operator: *, right: (1.0, 1.0), result: 0.0}
列 'p' 不存在，对列 act_arr_time 不过滤，直接选择所有非无效值。
Block processing time: 0.019686 seconds
Computing Block 83 out of 100
Processing Block size=28
begin cleaner{left: ("[FunctionalDependency:(s: {flight}, t: {act_arr_time})]", 0.0), operator: *, right: (1.0, 1.0), result: 0.0}
列 'p' 不存在，对列 act_arr_time 不过滤，直接选择所有非无效值。
Block processing time: 0.019755 seconds
Computing Block 84 out of 100
Processing Block size=27
begin cleaner{left: ("[FunctionalDependency:(s: {flight}, t: {act_arr_time})]", 0.0), operator: *, right: (1.0, 1.0), result: 0.0}
列 'p' 不存在，对列 act_arr_time 不过滤，直接选择所有非无效值。
Block processing time: 0.019287 seconds
Computing Block 85 out of 100
Processing Block size=24
begin cleaner{left: ("[FunctionalDependency:(s: {flight}, t: {act_arr_time})]", 0.0), operator: *, right: (1.0, 1.0), result: 0.0}
列 'p' 不存在，对列 act_arr_time 不过滤，直接选择所有非无效值。
Block processing time: 0.017553 seconds
Computing Block 86 out of 100
Processing Block size=20
begin cleaner{left: ("[FunctionalDependency:(s: {flight}, t: {act_arr_time})]", 0.0), operator: *, right: (1.0, 1.0), result: 0.0}
列 'p' 不存在，对列 act_arr_time 不过滤，直接选择所有非无效值。
Block processing time: 0.014305 seconds
Computing Block 87 out of 100
Processing Block size=20
begin cleaner{left: ("[FunctionalDependency:(s: {flight}, t: {act_arr_time})]", 0.0), operator: *, right: (1.0, 1.0), result: 0.0}
列 'p' 不存在，对列 act_arr_time 不过滤，直接选择所有非无效值。
Block processing time: 0.014325 seconds
Computing Block 88 out of 100
Processing Block size=22
begin cleaner{left: ("[FunctionalDependency:(s: {flight}, t: {act_arr_time})]", 0.0), operator: *, right: (1.0, 1.0), result: 0.0}
列 'p' 不存在，对列 act_arr_time 不过滤，直接选择所有非无效值。
Block processing time: 0.016409 seconds
Computing Block 89 out of 100
Processing Block size=26
begin cleaner{left: ("[FunctionalDependency:(s: {flight}, t: {act_arr_time})]", 0.0), operator: *, right: (1.0, 1.0), result: 0.0}
列 'p' 不存在，对列 act_arr_time 不过滤，直接选择所有非无效值。
Block processing time: 0.019353 seconds
Computing Block 90 out of 100
Processing Block size=24
begin cleaner{left: ("[FunctionalDependency:(s: {flight}, t: {act_arr_time})]", 0.0), operator: *, right: (1.0, 1.0), result: 0.0}
列 'p' 不存在，对列 act_arr_time 不过滤，直接选择所有非无效值。
Block processing time: 0.018075 seconds
Computing Block 91 out of 100
Processing Block size=23
begin cleaner{left: ("[FunctionalDependency:(s: {flight}, t: {act_arr_time})]", 0.0), operator: *, right: (1.0, 1.0), result: 0.0}
列 'p' 不存在，对列 act_arr_time 不过滤，直接选择所有非无效值。
Block processing time: 0.016649 seconds
Computing Block 92 out of 100
Processing Block size=23
begin cleaner{left: ("[FunctionalDependency:(s: {flight}, t: {act_arr_time})]", 0.0), operator: *, right: (1.0, 1.0), result: 0.0}
列 'p' 不存在，对列 act_arr_time 不过滤，直接选择所有非无效值。
Block processing time: 0.016282 seconds
Computing Block 93 out of 100
Processing Block size=27
begin cleaner{left: ("[FunctionalDependency:(s: {flight}, t: {act_arr_time})]", 0.0), operator: *, right: (1.0, 1.0), result: 0.0}
列 'p' 不存在，对列 act_arr_time 不过滤，直接选择所有非无效值。
Block processing time: 0.0203 seconds
Computing Block 94 out of 100
Processing Block size=23
begin cleaner{left: ("[FunctionalDependency:(s: {flight}, t: {act_arr_time})]", 0.0), operator: *, right: (1.0, 1.0), result: 0.0}
列 'p' 不存在，对列 act_arr_time 不过滤，直接选择所有非无效值。
Block processing time: 0.017715 seconds
Computing Block 95 out of 100
Processing Block size=27
begin cleaner{left: ("[FunctionalDependency:(s: {flight}, t: {act_arr_time})]", 0.0), operator: *, right: (1.0, 1.0), result: 0.0}
列 'p' 不存在，对列 act_arr_time 不过滤，直接选择所有非无效值。
Block processing time: 0.020848 seconds
Computing Block 96 out of 100
Processing Block size=26
begin cleaner{left: ("[FunctionalDependency:(s: {flight}, t: {act_arr_time})]", 0.0), operator: *, right: (1.0, 1.0), result: 0.0}
列 'p' 不存在，对列 act_arr_time 不过滤，直接选择所有非无效值。
Block processing time: 0.019922 seconds
Computing Block 97 out of 100
Processing Block size=25
begin cleaner{left: ("[FunctionalDependency:(s: {flight}, t: {act_arr_time})]", 0.0), operator: *, right: (1.0, 1.0), result: 0.0}
列 'p' 不存在，对列 act_arr_time 不过滤，直接选择所有非无效值。
Block processing time: 0.019403 seconds
Computing Block 98 out of 100
Processing Block size=22
begin cleaner{left: ("[FunctionalDependency:(s: {flight}, t: {act_arr_time})]", 0.0), operator: *, right: (1.0, 1.0), result: 0.0}
列 'p' 不存在，对列 act_arr_time 不过滤，直接选择所有非无效值。
Block processing time: 0.017188 seconds
Computing Block 99 out of 100
Processing Block size=23
begin cleaner{left: ("[FunctionalDependency:(s: {flight}, t: {act_arr_time})]", 0.0), operator: *, right: (1.0, 1.0), result: 0.0}
列 'p' 不存在，对列 act_arr_time 不过滤，直接选择所有非无效值。
Block processing time: 0.01763 seconds
Computing Block 100 out of 100
Processing Block size=21
begin cleaner{left: ("[FunctionalDependency:(s: {flight}, t: {act_arr_time})]", 0.0), operator: *, right: (1.0, 1.0), result: 0.0}
列 'p' 不存在，对列 act_arr_time 不过滤，直接选择所有非无效值。
Block processing time: 0.016396 seconds
  当前节点: act_arr_time 无清洗操作
['sched_dep_time', 'act_dep_time', 'sched_arr_time', 'act_arr_time']的清洗完成

本层累积的编辑规则数: 0
本层没有可以进行的清洗操作，进行下一层

清洗规则溯源分析:

处理第 1 层级, 包含节点: ['flight']

处理第 2 层级, 包含节点: ['sched_dep_time', 'act_dep_time', 'sched_arr_time', 'act_arr_time']

清洗流程展示:
关联图存储到: Uniclean_cleaned_data/original_error_cleaned_data/2_flights_runtime/acplt.png
清洗总执行时间: 45.5482 秒
清洗结果已保存到: Uniclean_cleaned_data/original_error_cleaned_data/2_flights_runtime/2_flights_runtimeCleaned.csv
测评性能开始：
没有指定错误比例，仅进行原数据集的空值替换，不添加错误
已将注入错误的文件保存到: Uniclean_cleaned_data/original_error_cleaned_data/2_flights_runtime/2_flights_runtimeCleaned.csv
差异文件已保存到:
Uniclean_cleaned_data/original_error_cleaned_data/2_flights_runtime/2_flights_runtime_clean_vs_dirty.csv
Uniclean_cleaned_data/original_error_cleaned_data/2_flights_runtime/2_flights_runtime_dirty_vs_cleaned.csv
Uniclean_cleaned_data/original_error_cleaned_data/2_flights_runtime/2_flights_runtime_clean_vs_cleaned.csv
修复错误数据文件已保存到: Uniclean_cleaned_data/original_error_cleaned_data/2_flights_runtime/2_flights_runtime_repair_errors.csv
未修复但是应该修复数据文件已保存到: Uniclean_cleaned_data/original_error_cleaned_data/2_flights_runtime/2_flights_runtime_unrepaired.csv
修复准确率: 0.6810193321616872, 修复召回率: 0.6300813008130082, F1值: 0.6545608107608862
========================================
EDR 结果已保存到: Uniclean_cleaned_data/original_error_cleaned_data/2_flights_runtime/2_flights_runtime_edr_evaluation.txt
错误减少率 (EDR): 0.5191056910569106
========================================
混合距离结果已保存到: Uniclean_cleaned_data/original_error_cleaned_data/2_flights_runtime/2_flights_runtime_hybrid_distance_evaluation.txt
混合距离 (Hybrid Distance): 0.10759069849952319
========================================
R-EDR 结果已保存到: Uniclean_cleaned_data/original_error_cleaned_data/2_flights_runtime/2_flights_runtime_record_based_edr_evaluation.txt
基于条目的错误减少率 (R-EDR): 0.0430672268907563
========================================
测试结果:
Accuracy: 0.6810193321616872
Recall: 0.6300813008130082
F1 Score: 0.6545608107608862
EDR: 0.5191056910569106
Hybrid Distance: 0.10759069849952319
R-EDR: 0.0430672268907563
time(s): 45.548181917
speed: 1.917011023442761 seconds/100num
测评结束，详细测评日志见：Uniclean_cleaned_data/original_error_cleaned_data/2_flights_runtime
