26/05/05 11:03:18 WARN Utils: Your hostname, qianzekaideMacBook-Air.local resolves to a loopback address: 127.0.0.1; using 192.168.3.1 instead (on interface bridge0)
26/05/05 11:03:18 WARN Utils: Set SPARK_LOCAL_IP if you need to bind to another address
26/05/05 11:03:18 WARN NativeCodeLoader: Unable to load native-hadoop library for your platform... using builtin-java classes where applicable
Using Spark's default log4j profile: org/apache/spark/log4j-defaults.properties
Setting default log level to "WARN".
To adjust logging level use sc.setLogLevel(newLevel). For SparkR, use setLogLevel(newLevel).
26/05/05 11:03:18 WARN Utils: Service 'SparkUI' could not bind on port 4040. Attempting port 4041.
WARNING:root:No partitioning rule specified, processing might be slow
WARNING:root:No partitioning rule specified, processing might be slow
WARNING:root:No partitioning rule specified, processing might be slow
初始化清洗器和分析依赖关系...
处理单属性清洗算子：
处理单属性清洗算子：[Number:(domain=ounces, format=[-inf, inf])]
开始清洗属性 ounces 的数据
属性 ounces 的数据大小: 27
应用 ounces 的清洗规则，编辑规则数量: 26
读入数据大小：2410
处理了 26 条规则，更新数据...
所有编辑规则已更新完成
处理单属性清洗算子：[Number:(domain=abv, format=[-inf, inf])]
开始清洗属性 abv 的数据
属性 abv 的数据大小: 80
应用 abv 的清洗规则，编辑规则数量: 79
读入数据大小：2410
处理了 79 条规则，更新数据...
所有编辑规则已更新完成
执行层级和目标模型分类...
执行层级 (并行组): [[{'brewery_id'}], [{'brewery_name'}, {'city'}, {'state'}]]
目标模型分类: {'brewery_name': [<SampleScrubber.cleaner.multiple.AttrRelation object at 0x104eaf3a0>], 'city': [<SampleScrubber.cleaner.multiple.AttrRelation object at 0x16760e2e0>], 'state': [<SampleScrubber.cleaner.multiple.AttrRelation object at 0x16760e4c0>]}

处理第 1 层级, 包含节点: ['brewery_id']
  当前节点: brewery_id 无可用清洗信号
  当前节点: brewery_id 无清洗操作
['brewery_id']的清洗完成

本层累积的编辑规则数: 0
本层没有可以进行的清洗操作，进行下一层

处理第 2 层级, 包含节点: ['brewery_name', 'city', 'state']
  当前节点: brewery_name 存在可用清洗信号
数据块大小: 2410
分块属性:
[['brewery_id']]
Starting initial block mapping...
Initial number of blocks: 560
Final number of blocks after further splitting: 560
Computing Block 1 out of 560
Processing Block size=8
begin cleaner[FunctionalDependency:(s: {'brewery_id'}, t: {'brewery_name'})]*1.0
列 'p' 不存在，对列 brewery_name 不过滤，直接选择所有非无效值。
Block processing time: 0.00664 seconds
Computing Block 2 out of 560
Processing Block size=5
begin cleaner{left: ("[FunctionalDependency:(s: {brewery_id}, t: {brewery_name})]", 0.0), operator: *, right: (1.0, 1.0), result: 0.0}
列 'p' 不存在，对列 brewery_name 不过滤，直接选择所有非无效值。
Block processing time: 0.003878 seconds
Computing Block 3 out of 560
Processing Block size=19
begin cleaner{left: ("[FunctionalDependency:(s: {brewery_id}, t: {brewery_name})]", 0.0), operator: *, right: (1.0, 1.0), result: 0.0}
列 'p' 不存在，对列 brewery_name 不过滤，直接选择所有非无效值。
Block processing time: 0.013979 seconds
Computing Block 4 out of 560
Processing Block size=2
begin cleaner{left: ("[FunctionalDependency:(s: {brewery_id}, t: {brewery_name})]", 0.0), operator: *, right: (1.0, 1.0), result: 0.0}
列 'p' 不存在，对列 brewery_name 不过滤，直接选择所有非无效值。
Block processing time: 0.001593 seconds
Computing Block 5 out of 560
Processing Block size=4
begin cleaner{left: ("[FunctionalDependency:(s: {brewery_id}, t: {brewery_name})]", 0.0), operator: *, right: (1.0, 1.0), result: 0.0}
列 'p' 不存在，对列 brewery_name 不过滤，直接选择所有非无效值。
Block processing time: 0.003116 seconds
Computing Block 6 out of 560
Processing Block size=2
begin cleaner{left: ("[FunctionalDependency:(s: {brewery_id}, t: {brewery_name})]", 0.0), operator: *, right: (1.0, 1.0), result: 0.0}
列 'p' 不存在，对列 brewery_name 不过滤，直接选择所有非无效值。
Block processing time: 0.00162 seconds
Computing Block 7 out of 560
Processing Block size=4
begin cleaner{left: ("[FunctionalDependency:(s: {brewery_id}, t: {brewery_name})]", 0.0), operator: *, right: (1.0, 1.0), result: 0.0}
列 'p' 不存在，对列 brewery_name 不过滤，直接选择所有非无效值。
Block processing time: 0.003092 seconds
Computing Block 8 out of 560
Processing Block size=2
begin cleaner{left: ("[FunctionalDependency:(s: {brewery_id}, t: {brewery_name})]", 0.0), operator: *, right: (1.0, 1.0), result: 0.0}
列 'p' 不存在，对列 brewery_name 不过滤，直接选择所有非无效值。
Block processing time: 0.001602 seconds
Computing Block 11 out of 560
Processing Block size=6
begin cleaner{left: ("[FunctionalDependency:(s: {brewery_id}, t: {brewery_name})]", 0.0), operator: *, right: (1.0, 1.0), result: 0.0}
列 'p' 不存在，对列 brewery_name 不过滤，直接选择所有非无效值。
Block processing time: 0.004519 seconds
Computing Block 12 out of 560
Processing Block size=3
begin cleaner{left: ("[FunctionalDependency:(s: {brewery_id}, t: {brewery_name})]", 0.0), operator: *, right: (1.0, 1.0), result: 0.0}
列 'p' 不存在，对列 brewery_name 不过滤，直接选择所有非无效值。
Block processing time: 0.002308 seconds
Computing Block 15 out of 560
Processing Block size=5
begin cleaner{left: ("[FunctionalDependency:(s: {brewery_id}, t: {brewery_name})]", 0.0), operator: *, right: (1.0, 1.0), result: 0.0}
列 'p' 不存在，对列 brewery_name 不过滤，直接选择所有非无效值。
Block processing time: 0.003716 seconds
Computing Block 17 out of 560
Processing Block size=2
begin cleaner{left: ("[FunctionalDependency:(s: {brewery_id}, t: {brewery_name})]", 0.0), operator: *, right: (1.0, 1.0), result: 0.0}
列 'p' 不存在，对列 brewery_name 不过滤，直接选择所有非无效值。
Block processing time: 0.001566 seconds
Computing Block 18 out of 560
Processing Block size=3
begin cleaner{left: ("[FunctionalDependency:(s: {brewery_id}, t: {brewery_name})]", 0.0), operator: *, right: (1.0, 1.0), result: 0.0}
列 'p' 不存在，对列 brewery_name 不过滤，直接选择所有非无效值。
Block processing time: 0.002282 seconds
Computing Block 19 out of 560
Processing Block size=3
begin cleaner{left: ("[FunctionalDependency:(s: {brewery_id}, t: {brewery_name})]", 0.0), operator: *, right: (1.0, 1.0), result: 0.0}
列 'p' 不存在，对列 brewery_name 不过滤，直接选择所有非无效值。
Block processing time: 0.002299 seconds
Computing Block 21 out of 560
Processing Block size=5
begin cleaner{left: ("[FunctionalDependency:(s: {brewery_id}, t: {brewery_name})]", 0.0), operator: *, right: (1.0, 1.0), result: 0.0}
列 'p' 不存在，对列 brewery_name 不过滤，直接选择所有非无效值。
Block processing time: 0.003716 seconds
Computing Block 24 out of 560
Processing Block size=17
begin cleaner{left: ("[FunctionalDependency:(s: {brewery_id}, t: {brewery_name})]", 0.0), operator: *, right: (1.0, 1.0), result: 0.0}
列 'p' 不存在，对列 brewery_name 不过滤，直接选择所有非无效值。
Block processing time: 0.012594 seconds
Computing Block 25 out of 560
Processing Block size=7
begin cleaner{left: ("[FunctionalDependency:(s: {brewery_id}, t: {brewery_name})]", 0.0), operator: *, right: (1.0, 1.0), result: 0.0}
列 'p' 不存在，对列 brewery_name 不过滤，直接选择所有非无效值。
Block processing time: 0.005361 seconds
Computing Block 26 out of 560
Processing Block size=5
begin cleaner{left: ("[FunctionalDependency:(s: {brewery_id}, t: {brewery_name})]", 0.0), operator: *, right: (1.0, 1.0), result: 0.0}
列 'p' 不存在，对列 brewery_name 不过滤，直接选择所有非无效值。
Block processing time: 0.003741 seconds
Computing Block 27 out of 560
Processing Block size=3
begin cleaner{left: ("[FunctionalDependency:(s: {brewery_id}, t: {brewery_name})]", 0.0), operator: *, right: (1.0, 1.0), result: 0.0}
列 'p' 不存在，对列 brewery_name 不过滤，直接选择所有非无效值。
Block processing time: 0.002303 seconds
Computing Block 28 out of 560
Processing Block size=8
begin cleaner{left: ("[FunctionalDependency:(s: {brewery_id}, t: {brewery_name})]", 0.0), operator: *, right: (1.0, 1.0), result: 0.0}
列 'p' 不存在，对列 brewery_name 不过滤，直接选择所有非无效值。
Block processing time: 0.00588 seconds
Computing Block 30 out of 560
Processing Block size=2
begin cleaner{left: ("[FunctionalDependency:(s: {brewery_id}, t: {brewery_name})]", 0.0), operator: *, right: (1.0, 1.0), result: 0.0}
列 'p' 不存在，对列 brewery_name 不过滤，直接选择所有非无效值。
Block processing time: 0.001529 seconds
Computing Block 31 out of 560
Processing Block size=62
begin cleaner{left: ("[FunctionalDependency:(s: {brewery_id}, t: {brewery_name})]", 0.0), operator: *, right: (1.0, 1.0), result: 0.0}
列 'p' 不存在，对列 brewery_name 不过滤，直接选择所有非无效值。
Block processing time: 0.045382 seconds
Computing Block 32 out of 560
Processing Block size=6
begin cleaner{left: ("[FunctionalDependency:(s: {brewery_id}, t: {brewery_name})]", 0.0), operator: *, right: (1.0, 1.0), result: 0.0}
列 'p' 不存在，对列 brewery_name 不过滤，直接选择所有非无效值。
Block processing time: 0.004392 seconds
Computing Block 33 out of 560
Processing Block size=4
begin cleaner{left: ("[FunctionalDependency:(s: {brewery_id}, t: {brewery_name})]", 0.0), operator: *, right: (1.0, 1.0), result: 0.0}
列 'p' 不存在，对列 brewery_name 不过滤，直接选择所有非无效值。
Block processing time: 0.003052 seconds
Computing Block 34 out of 560
Processing Block size=6
begin cleaner{left: ("[FunctionalDependency:(s: {brewery_id}, t: {brewery_name})]", 0.0), operator: *, right: (1.0, 1.0), result: 0.0}
列 'p' 不存在，对列 brewery_name 不过滤，直接选择所有非无效值。
Block processing time: 0.004342 seconds
Computing Block 35 out of 560
Processing Block size=3
begin cleaner{left: ("[FunctionalDependency:(s: {brewery_id}, t: {brewery_name})]", 0.0), operator: *, right: (1.0, 1.0), result: 0.0}
列 'p' 不存在，对列 brewery_name 不过滤，直接选择所有非无效值。
Block processing time: 0.00221 seconds
Computing Block 36 out of 560
Processing Block size=2
begin cleaner{left: ("[FunctionalDependency:(s: {brewery_id}, t: {brewery_name})]", 0.0), operator: *, right: (1.0, 1.0), result: 0.0}
列 'p' 不存在，对列 brewery_name 不过滤，直接选择所有非无效值。
Block processing time: 0.001517 seconds
Computing Block 37 out of 560
Processing Block size=11
begin cleaner{left: ("[FunctionalDependency:(s: {brewery_id}, t: {brewery_name})]", 0.0), operator: *, right: (1.0, 1.0), result: 0.0}
列 'p' 不存在，对列 brewery_name 不过滤，直接选择所有非无效值。
Block processing time: 0.007742 seconds
Computing Block 38 out of 560
Processing Block size=3
begin cleaner{left: ("[FunctionalDependency:(s: {brewery_id}, t: {brewery_name})]", 0.0), operator: *, right: (1.0, 1.0), result: 0.0}
列 'p' 不存在，对列 brewery_name 不过滤，直接选择所有非无效值。
Block processing time: 0.002319 seconds
Computing Block 39 out of 560
Processing Block size=3
begin cleaner{left: ("[FunctionalDependency:(s: {brewery_id}, t: {brewery_name})]", 0.0), operator: *, right: (1.0, 1.0), result: 0.0}
列 'p' 不存在，对列 brewery_name 不过滤，直接选择所有非无效值。
Block processing time: 0.002211 seconds
Computing Block 40 out of 560
Processing Block size=3
begin cleaner{left: ("[FunctionalDependency:(s: {brewery_id}, t: {brewery_name})]", 0.0), operator: *, right: (1.0, 1.0), result: 0.0}
列 'p' 不存在，对列 brewery_name 不过滤，直接选择所有非无效值。
Block processing time: 0.002388 seconds
Computing Block 43 out of 560
Processing Block size=12
begin cleaner{left: ("[FunctionalDependency:(s: {brewery_id}, t: {brewery_name})]", 0.0), operator: *, right: (1.0, 1.0), result: 0.0}
列 'p' 不存在，对列 brewery_name 不过滤，直接选择所有非无效值。
Block processing time: 0.009014 seconds
Computing Block 44 out of 560
Processing Block size=5
begin cleaner{left: ("[FunctionalDependency:(s: {brewery_id}, t: {brewery_name})]", 0.0), operator: *, right: (1.0, 1.0), result: 0.0}
列 'p' 不存在，对列 brewery_name 不过滤，直接选择所有非无效值。
Block processing time: 0.003671 seconds
Computing Block 46 out of 560
Processing Block size=8
begin cleaner{left: ("[FunctionalDependency:(s: {brewery_id}, t: {brewery_name})]", 0.0), operator: *, right: (1.0, 1.0), result: 0.0}
列 'p' 不存在，对列 brewery_name 不过滤，直接选择所有非无效值。
Block processing time: 0.006102 seconds
Computing Block 47 out of 560
Processing Block size=9
begin cleaner{left: ("[FunctionalDependency:(s: {brewery_id}, t: {brewery_name})]", 0.0), operator: *, right: (1.0, 1.0), result: 0.0}
列 'p' 不存在，对列 brewery_name 不过滤，直接选择所有非无效值。
Block processing time: 0.006677 seconds
Computing Block 48 out of 560
Processing Block size=2
begin cleaner{left: ("[FunctionalDependency:(s: {brewery_id}, t: {brewery_name})]", 0.0), operator: *, right: (1.0, 1.0), result: 0.0}
列 'p' 不存在，对列 brewery_name 不过滤，直接选择所有非无效值。
Block processing time: 0.00162 seconds
Computing Block 50 out of 560
Processing Block size=3
begin cleaner{left: ("[FunctionalDependency:(s: {brewery_id}, t: {brewery_name})]", 0.0), operator: *, right: (1.0, 1.0), result: 0.0}
列 'p' 不存在，对列 brewery_name 不过滤，直接选择所有非无效值。
Block processing time: 0.002361 seconds
Computing Block 51 out of 560
Processing Block size=4
begin cleaner{left: ("[FunctionalDependency:(s: {brewery_id}, t: {brewery_name})]", 0.0), operator: *, right: (1.0, 1.0), result: 0.0}
列 'p' 不存在，对列 brewery_name 不过滤，直接选择所有非无效值。
Block processing time: 0.002944 seconds
Computing Block 53 out of 560
Processing Block size=3
begin cleaner{left: ("[FunctionalDependency:(s: {brewery_id}, t: {brewery_name})]", 0.0), operator: *, right: (1.0, 1.0), result: 0.0}
列 'p' 不存在，对列 brewery_name 不过滤，直接选择所有非无效值。
Block processing time: 0.002398 seconds
Computing Block 54 out of 560
Processing Block size=2
begin cleaner{left: ("[FunctionalDependency:(s: {brewery_id}, t: {brewery_name})]", 0.0), operator: *, right: (1.0, 1.0), result: 0.0}
列 'p' 不存在，对列 brewery_name 不过滤，直接选择所有非无效值。
Block processing time: 0.001529 seconds
Computing Block 56 out of 560
Processing Block size=11
begin cleaner{left: ("[FunctionalDependency:(s: {brewery_id}, t: {brewery_name})]", 0.0), operator: *, right: (1.0, 1.0), result: 0.0}
列 'p' 不存在，对列 brewery_name 不过滤，直接选择所有非无效值。
Block processing time: 0.007878 seconds
Computing Block 57 out of 560
Processing Block size=3
begin cleaner{left: ("[FunctionalDependency:(s: {brewery_id}, t: {brewery_name})]", 0.0), operator: *, right: (1.0, 1.0), result: 0.0}
列 'p' 不存在，对列 brewery_name 不过滤，直接选择所有非无效值。
Block processing time: 0.002249 seconds
Computing Block 58 out of 560
Processing Block size=24
begin cleaner{left: ("[FunctionalDependency:(s: {brewery_id}, t: {brewery_name})]", 0.0), operator: *, right: (1.0, 1.0), result: 0.0}
列 'p' 不存在，对列 brewery_name 不过滤，直接选择所有非无效值。
Block processing time: 0.017306 seconds
Computing Block 59 out of 560
Processing Block size=2
begin cleaner{left: ("[FunctionalDependency:(s: {brewery_id}, t: {brewery_name})]", 0.0), operator: *, right: (1.0, 1.0), result: 0.0}
列 'p' 不存在，对列 brewery_name 不过滤，直接选择所有非无效值。
Block processing time: 0.001575 seconds
Computing Block 61 out of 560
Processing Block size=4
begin cleaner{left: ("[FunctionalDependency:(s: {brewery_id}, t: {brewery_name})]", 0.0), operator: *, right: (1.0, 1.0), result: 0.0}
列 'p' 不存在，对列 brewery_name 不过滤，直接选择所有非无效值。
Block processing time: 0.002988 seconds
Computing Block 62 out of 560
Processing Block size=9
begin cleaner{left: ("[FunctionalDependency:(s: {brewery_id}, t: {brewery_name})]", 0.0), operator: *, right: (1.0, 1.0), result: 0.0}
列 'p' 不存在，对列 brewery_name 不过滤，直接选择所有非无效值。
Block processing time: 0.006379 seconds
Computing Block 63 out of 560
Processing Block size=13
begin cleaner{left: ("[FunctionalDependency:(s: {brewery_id}, t: {brewery_name})]", 0.0), operator: *, right: (1.0, 1.0), result: 0.0}
列 'p' 不存在，对列 brewery_name 不过滤，直接选择所有非无效值。
Block processing time: 0.009212 seconds
Computing Block 64 out of 560
Processing Block size=2
begin cleaner{left: ("[FunctionalDependency:(s: {brewery_id}, t: {brewery_name})]", 0.0), operator: *, right: (1.0, 1.0), result: 0.0}
列 'p' 不存在，对列 brewery_name 不过滤，直接选择所有非无效值。
Block processing time: 0.001513 seconds
Computing Block 66 out of 560
Processing Block size=7
begin cleaner{left: ("[FunctionalDependency:(s: {brewery_id}, t: {brewery_name})]", 0.0), operator: *, right: (1.0, 1.0), result: 0.0}
列 'p' 不存在，对列 brewery_name 不过滤，直接选择所有非无效值。
Block processing time: 0.005068 seconds
Computing Block 67 out of 560
Processing Block size=10
begin cleaner{left: ("[FunctionalDependency:(s: {brewery_id}, t: {brewery_name})]", 0.0), operator: *, right: (1.0, 1.0), result: 0.0}
列 'p' 不存在，对列 brewery_name 不过滤，直接选择所有非无效值。
Block processing time: 0.007101 seconds
Computing Block 68 out of 560
Processing Block size=2
begin cleaner{left: ("[FunctionalDependency:(s: {brewery_id}, t: {brewery_name})]", 0.0), operator: *, right: (1.0, 1.0), result: 0.0}
列 'p' 不存在，对列 brewery_name 不过滤，直接选择所有非无效值。
Block processing time: 0.001506 seconds
Computing Block 70 out of 560
Processing Block size=2
begin cleaner{left: ("[FunctionalDependency:(s: {brewery_id}, t: {brewery_name})]", 0.0), operator: *, right: (1.0, 1.0), result: 0.0}
列 'p' 不存在，对列 brewery_name 不过滤，直接选择所有非无效值。
Block processing time: 0.001496 seconds
Computing Block 71 out of 560
Processing Block size=2
begin cleaner{left: ("[FunctionalDependency:(s: {brewery_id}, t: {brewery_name})]", 0.0), operator: *, right: (1.0, 1.0), result: 0.0}
列 'p' 不存在，对列 brewery_name 不过滤，直接选择所有非无效值。
Block processing time: 0.001557 seconds
Computing Block 72 out of 560
Processing Block size=4
begin cleaner{left: ("[FunctionalDependency:(s: {brewery_id}, t: {brewery_name})]", 0.0), operator: *, right: (1.0, 1.0), result: 0.0}
列 'p' 不存在，对列 brewery_name 不过滤，直接选择所有非无效值。
Block processing time: 0.002925 seconds
Computing Block 74 out of 560
Processing Block size=7
begin cleaner{left: ("[FunctionalDependency:(s: {brewery_id}, t: {brewery_name})]", 0.0), operator: *, right: (1.0, 1.0), result: 0.0}
列 'p' 不存在，对列 brewery_name 不过滤，直接选择所有非无效值。
Block processing time: 0.005138 seconds
Computing Block 76 out of 560
Processing Block size=2
begin cleaner{left: ("[FunctionalDependency:(s: {brewery_id}, t: {brewery_name})]", 0.0), operator: *, right: (1.0, 1.0), result: 0.0}
列 'p' 不存在，对列 brewery_name 不过滤，直接选择所有非无效值。
Block processing time: 0.001581 seconds
Computing Block 77 out of 560
Processing Block size=9
begin cleaner{left: ("[FunctionalDependency:(s: {brewery_id}, t: {brewery_name})]", 0.0), operator: *, right: (1.0, 1.0), result: 0.0}
列 'p' 不存在，对列 brewery_name 不过滤，直接选择所有非无效值。
Block processing time: 0.006756 seconds
Computing Block 78 out of 560
Processing Block size=6
begin cleaner{left: ("[FunctionalDependency:(s: {brewery_id}, t: {brewery_name})]", 0.0), operator: *, right: (1.0, 1.0), result: 0.0}
列 'p' 不存在，对列 brewery_name 不过滤，直接选择所有非无效值。
Block processing time: 0.004325 seconds
Computing Block 79 out of 560
Processing Block size=3
begin cleaner{left: ("[FunctionalDependency:(s: {brewery_id}, t: {brewery_name})]", 0.0), operator: *, right: (1.0, 1.0), result: 0.0}
列 'p' 不存在，对列 brewery_name 不过滤，直接选择所有非无效值。
Block processing time: 0.002259 seconds
Computing Block 81 out of 560
Processing Block size=4
begin cleaner{left: ("[FunctionalDependency:(s: {brewery_id}, t: {brewery_name})]", 0.0), operator: *, right: (1.0, 1.0), result: 0.0}
列 'p' 不存在，对列 brewery_name 不过滤，直接选择所有非无效值。
Block processing time: 0.003051 seconds
Computing Block 82 out of 560
Processing Block size=2
begin cleaner{left: ("[FunctionalDependency:(s: {brewery_id}, t: {brewery_name})]", 0.0), operator: *, right: (1.0, 1.0), result: 0.0}
列 'p' 不存在，对列 brewery_name 不过滤，直接选择所有非无效值。
Block processing time: 0.001585 seconds
Computing Block 83 out of 560
Processing Block size=17
begin cleaner{left: ("[FunctionalDependency:(s: {brewery_id}, t: {brewery_name})]", 0.0), operator: *, right: (1.0, 1.0), result: 0.0}
列 'p' 不存在，对列 brewery_name 不过滤，直接选择所有非无效值。
Block processing time: 0.012112 seconds
Computing Block 84 out of 560
Processing Block size=3
begin cleaner{left: ("[FunctionalDependency:(s: {brewery_id}, t: {brewery_name})]", 0.0), operator: *, right: (1.0, 1.0), result: 0.0}
列 'p' 不存在，对列 brewery_name 不过滤，直接选择所有非无效值。
Block processing time: 0.002241 seconds
Computing Block 87 out of 560
Processing Block size=2
begin cleaner{left: ("[FunctionalDependency:(s: {brewery_id}, t: {brewery_name})]", 0.0), operator: *, right: (1.0, 1.0), result: 0.0}
列 'p' 不存在，对列 brewery_name 不过滤，直接选择所有非无效值。
Block processing time: 0.001578 seconds
Computing Block 88 out of 560
Processing Block size=2
begin cleaner{left: ("[FunctionalDependency:(s: {brewery_id}, t: {brewery_name})]", 0.0), operator: *, right: (1.0, 1.0), result: 0.0}
列 'p' 不存在，对列 brewery_name 不过滤，直接选择所有非无效值。
Block processing time: 0.001573 seconds
Computing Block 89 out of 560
Processing Block size=4
begin cleaner{left: ("[FunctionalDependency:(s: {brewery_id}, t: {brewery_name})]", 0.0), operator: *, right: (1.0, 1.0), result: 0.0}
列 'p' 不存在，对列 brewery_name 不过滤，直接选择所有非无效值。
Block processing time: 0.002883 seconds
Computing Block 90 out of 560
Processing Block size=7
begin cleaner{left: ("[FunctionalDependency:(s: {brewery_id}, t: {brewery_name})]", 0.0), operator: *, right: (1.0, 1.0), result: 0.0}
列 'p' 不存在，对列 brewery_name 不过滤，直接选择所有非无效值。
Block processing time: 0.005024 seconds
Computing Block 91 out of 560
Processing Block size=4
begin cleaner{left: ("[FunctionalDependency:(s: {brewery_id}, t: {brewery_name})]", 0.0), operator: *, right: (1.0, 1.0), result: 0.0}
列 'p' 不存在，对列 brewery_name 不过滤，直接选择所有非无效值。
Block processing time: 0.002915 seconds
Computing Block 92 out of 560
Processing Block size=6
begin cleaner{left: ("[FunctionalDependency:(s: {brewery_id}, t: {brewery_name})]", 0.0), operator: *, right: (1.0, 1.0), result: 0.0}
列 'p' 不存在，对列 brewery_name 不过滤，直接选择所有非无效值。
Block processing time: 0.004292 seconds
Computing Block 93 out of 560
Processing Block size=18
begin cleaner{left: ("[FunctionalDependency:(s: {brewery_id}, t: {brewery_name})]", 0.0), operator: *, right: (1.0, 1.0), result: 0.0}
列 'p' 不存在，对列 brewery_name 不过滤，直接选择所有非无效值。
Block processing time: 0.012674 seconds
Computing Block 94 out of 560
Processing Block size=6
begin cleaner{left: ("[FunctionalDependency:(s: {brewery_id}, t: {brewery_name})]", 0.0), operator: *, right: (1.0, 1.0), result: 0.0}
列 'p' 不存在，对列 brewery_name 不过滤，直接选择所有非无效值。
Block processing time: 0.004348 seconds
Computing Block 95 out of 560
Processing Block size=4
begin cleaner{left: ("[FunctionalDependency:(s: {brewery_id}, t: {brewery_name})]", 0.0), operator: *, right: (1.0, 1.0), result: 0.0}
列 'p' 不存在，对列 brewery_name 不过滤，直接选择所有非无效值。
Block processing time: 0.002886 seconds
Computing Block 96 out of 560
Processing Block size=2
begin cleaner{left: ("[FunctionalDependency:(s: {brewery_id}, t: {brewery_name})]", 0.0), operator: *, right: (1.0, 1.0), result: 0.0}
列 'p' 不存在，对列 brewery_name 不过滤，直接选择所有非无效值。
Block processing time: 0.001537 seconds
Computing Block 97 out of 560
Processing Block size=3
begin cleaner{left: ("[FunctionalDependency:(s: {brewery_id}, t: {brewery_name})]", 0.0), operator: *, right: (1.0, 1.0), result: 0.0}
列 'p' 不存在，对列 brewery_name 不过滤，直接选择所有非无效值。
Block processing time: 0.0022 seconds
Computing Block 98 out of 560
Processing Block size=2
begin cleaner{left: ("[FunctionalDependency:(s: {brewery_id}, t: {brewery_name})]", 0.0), operator: *, right: (1.0, 1.0), result: 0.0}
列 'p' 不存在，对列 brewery_name 不过滤，直接选择所有非无效值。
Block processing time: 0.001503 seconds
Computing Block 99 out of 560
Processing Block size=3
begin cleaner{left: ("[FunctionalDependency:(s: {brewery_id}, t: {brewery_name})]", 0.0), operator: *, right: (1.0, 1.0), result: 0.0}
列 'p' 不存在，对列 brewery_name 不过滤，直接选择所有非无效值。
Block processing time: 0.002237 seconds
Computing Block 102 out of 560
Processing Block size=3
begin cleaner{left: ("[FunctionalDependency:(s: {brewery_id}, t: {brewery_name})]", 0.0), operator: *, right: (1.0, 1.0), result: 0.0}
列 'p' 不存在，对列 brewery_name 不过滤，直接选择所有非无效值。
Block processing time: 0.002193 seconds
Computing Block 103 out of 560
Processing Block size=6
begin cleaner{left: ("[FunctionalDependency:(s: {brewery_id}, t: {brewery_name})]", 0.0), operator: *, right: (1.0, 1.0), result: 0.0}
列 'p' 不存在，对列 brewery_name 不过滤，直接选择所有非无效值。
Block processing time: 0.00426 seconds
Computing Block 104 out of 560
Processing Block size=5
begin cleaner{left: ("[FunctionalDependency:(s: {brewery_id}, t: {brewery_name})]", 0.0), operator: *, right: (1.0, 1.0), result: 0.0}
列 'p' 不存在，对列 brewery_name 不过滤，直接选择所有非无效值。
Block processing time: 0.003645 seconds
Computing Block 105 out of 560
Processing Block size=2
begin cleaner{left: ("[FunctionalDependency:(s: {brewery_id}, t: {brewery_name})]", 0.0), operator: *, right: (1.0, 1.0), result: 0.0}
列 'p' 不存在，对列 brewery_name 不过滤，直接选择所有非无效值。
Block processing time: 0.001488 seconds
Computing Block 106 out of 560
Processing Block size=20
begin cleaner{left: ("[FunctionalDependency:(s: {brewery_id}, t: {brewery_name})]", 0.0), operator: *, right: (1.0, 1.0), result: 0.0}
列 'p' 不存在，对列 brewery_name 不过滤，直接选择所有非无效值。
Block processing time: 0.014175 seconds
Computing Block 107 out of 560
Processing Block size=8
begin cleaner{left: ("[FunctionalDependency:(s: {brewery_id}, t: {brewery_name})]", 0.0), operator: *, right: (1.0, 1.0), result: 0.0}
列 'p' 不存在，对列 brewery_name 不过滤，直接选择所有非无效值。
Block processing time: 0.005793 seconds
Computing Block 108 out of 560
Processing Block size=2
begin cleaner{left: ("[FunctionalDependency:(s: {brewery_id}, t: {brewery_name})]", 0.0), operator: *, right: (1.0, 1.0), result: 0.0}
列 'p' 不存在，对列 brewery_name 不过滤，直接选择所有非无效值。
Block processing time: 0.001533 seconds
Computing Block 109 out of 560
Processing Block size=5
begin cleaner{left: ("[FunctionalDependency:(s: {brewery_id}, t: {brewery_name})]", 0.0), operator: *, right: (1.0, 1.0), result: 0.0}
列 'p' 不存在，对列 brewery_name 不过滤，直接选择所有非无效值。
Block processing time: 0.003618 seconds
Computing Block 110 out of 560
Processing Block size=4
begin cleaner{left: ("[FunctionalDependency:(s: {brewery_id}, t: {brewery_name})]", 0.0), operator: *, right: (1.0, 1.0), result: 0.0}
列 'p' 不存在，对列 brewery_name 不过滤，直接选择所有非无效值。
Block processing time: 0.003092 seconds
Computing Block 112 out of 560
Processing Block size=6
begin cleaner{left: ("[FunctionalDependency:(s: {brewery_id}, t: {brewery_name})]", 0.0), operator: *, right: (1.0, 1.0), result: 0.0}
列 'p' 不存在，对列 brewery_name 不过滤，直接选择所有非无效值。
Block processing time: 0.004663 seconds
Computing Block 113 out of 560
Processing Block size=2
begin cleaner{left: ("[FunctionalDependency:(s: {brewery_id}, t: {brewery_name})]", 0.0), operator: *, right: (1.0, 1.0), result: 0.0}
列 'p' 不存在，对列 brewery_name 不过滤，直接选择所有非无效值。
Block processing time: 0.001624 seconds
Computing Block 114 out of 560
Processing Block size=4
begin cleaner{left: ("[FunctionalDependency:(s: {brewery_id}, t: {brewery_name})]", 0.0), operator: *, right: (1.0, 1.0), result: 0.0}
列 'p' 不存在，对列 brewery_name 不过滤，直接选择所有非无效值。
Block processing time: 0.003175 seconds
Computing Block 115 out of 560
Processing Block size=2
begin cleaner{left: ("[FunctionalDependency:(s: {brewery_id}, t: {brewery_name})]", 0.0), operator: *, right: (1.0, 1.0), result: 0.0}
列 'p' 不存在，对列 brewery_name 不过滤，直接选择所有非无效值。
Block processing time: 0.001542 seconds
Computing Block 116 out of 560
Processing Block size=2
begin cleaner{left: ("[FunctionalDependency:(s: {brewery_id}, t: {brewery_name})]", 0.0), operator: *, right: (1.0, 1.0), result: 0.0}
列 'p' 不存在，对列 brewery_name 不过滤，直接选择所有非无效值。
Block processing time: 0.00152 seconds
Computing Block 117 out of 560
Processing Block size=6
begin cleaner{left: ("[FunctionalDependency:(s: {brewery_id}, t: {brewery_name})]", 0.0), operator: *, right: (1.0, 1.0), result: 0.0}
列 'p' 不存在，对列 brewery_name 不过滤，直接选择所有非无效值。
Block processing time: 0.004345 seconds
Computing Block 120 out of 560
Processing Block size=5
begin cleaner{left: ("[FunctionalDependency:(s: {brewery_id}, t: {brewery_name})]", 0.0), operator: *, right: (1.0, 1.0), result: 0.0}
列 'p' 不存在，对列 brewery_name 不过滤，直接选择所有非无效值。
Block processing time: 0.00359 seconds
Computing Block 122 out of 560
Processing Block size=38
begin cleaner{left: ("[FunctionalDependency:(s: {brewery_id}, t: {brewery_name})]", 0.0), operator: *, right: (1.0, 1.0), result: 0.0}
列 'p' 不存在，对列 brewery_name 不过滤，直接选择所有非无效值。
Block processing time: 0.026784 seconds
Computing Block 123 out of 560
Processing Block size=6
begin cleaner{left: ("[FunctionalDependency:(s: {brewery_id}, t: {brewery_name})]", 0.0), operator: *, right: (1.0, 1.0), result: 0.0}
列 'p' 不存在，对列 brewery_name 不过滤，直接选择所有非无效值。
Block processing time: 0.004335 seconds
Computing Block 124 out of 560
Processing Block size=4
begin cleaner{left: ("[FunctionalDependency:(s: {brewery_id}, t: {brewery_name})]", 0.0), operator: *, right: (1.0, 1.0), result: 0.0}
列 'p' 不存在，对列 brewery_name 不过滤，直接选择所有非无效值。
Block processing time: 0.002892 seconds
Computing Block 125 out of 560
Processing Block size=3
begin cleaner{left: ("[FunctionalDependency:(s: {brewery_id}, t: {brewery_name})]", 0.0), operator: *, right: (1.0, 1.0), result: 0.0}
列 'p' 不存在，对列 brewery_name 不过滤，直接选择所有非无效值。
Block processing time: 0.00221 seconds
Computing Block 126 out of 560
Processing Block size=6
begin cleaner{left: ("[FunctionalDependency:(s: {brewery_id}, t: {brewery_name})]", 0.0), operator: *, right: (1.0, 1.0), result: 0.0}
列 'p' 不存在，对列 brewery_name 不过滤，直接选择所有非无效值。
Block processing time: 0.004267 seconds
Computing Block 127 out of 560
Processing Block size=8
begin cleaner{left: ("[FunctionalDependency:(s: {brewery_id}, t: {brewery_name})]", 0.0), operator: *, right: (1.0, 1.0), result: 0.0}
列 'p' 不存在，对列 brewery_name 不过滤，直接选择所有非无效值。
Block processing time: 0.005673 seconds
Computing Block 128 out of 560
Processing Block size=4
begin cleaner{left: ("[FunctionalDependency:(s: {brewery_id}, t: {brewery_name})]", 0.0), operator: *, right: (1.0, 1.0), result: 0.0}
列 'p' 不存在，对列 brewery_name 不过滤，直接选择所有非无效值。
Block processing time: 0.002941 seconds
Computing Block 129 out of 560
Processing Block size=4
begin cleaner{left: ("[FunctionalDependency:(s: {brewery_id}, t: {brewery_name})]", 0.0), operator: *, right: (1.0, 1.0), result: 0.0}
列 'p' 不存在，对列 brewery_name 不过滤，直接选择所有非无效值。
Block processing time: 0.002901 seconds
Computing Block 130 out of 560
Processing Block size=5
begin cleaner{left: ("[FunctionalDependency:(s: {brewery_id}, t: {brewery_name})]", 0.0), operator: *, right: (1.0, 1.0), result: 0.0}
列 'p' 不存在，对列 brewery_name 不过滤，直接选择所有非无效值。
Block processing time: 0.003673 seconds
Computing Block 131 out of 560
Processing Block size=7
begin cleaner{left: ("[FunctionalDependency:(s: {brewery_id}, t: {brewery_name})]", 0.0), operator: *, right: (1.0, 1.0), result: 0.0}
列 'p' 不存在，对列 brewery_name 不过滤，直接选择所有非无效值。
Block processing time: 0.005001 seconds
Computing Block 132 out of 560
Processing Block size=3
begin cleaner{left: ("[FunctionalDependency:(s: {brewery_id}, t: {brewery_name})]", 0.0), operator: *, right: (1.0, 1.0), result: 0.0}
列 'p' 不存在，对列 brewery_name 不过滤，直接选择所有非无效值。
Block processing time: 0.002193 seconds
Computing Block 133 out of 560
Processing Block size=11
begin cleaner{left: ("[FunctionalDependency:(s: {brewery_id}, t: {brewery_name})]", 0.0), operator: *, right: (1.0, 1.0), result: 0.0}
列 'p' 不存在，对列 brewery_name 不过滤，直接选择所有非无效值。
Block processing time: 0.007751 seconds
Computing Block 134 out of 560
Processing Block size=3
begin cleaner{left: ("[FunctionalDependency:(s: {brewery_id}, t: {brewery_name})]", 0.0), operator: *, right: (1.0, 1.0), result: 0.0}
列 'p' 不存在，对列 brewery_name 不过滤，直接选择所有非无效值。
Block processing time: 0.002196 seconds
Computing Block 136 out of 560
Processing Block size=5
begin cleaner{left: ("[FunctionalDependency:(s: {brewery_id}, t: {brewery_name})]", 0.0), operator: *, right: (1.0, 1.0), result: 0.0}
列 'p' 不存在，对列 brewery_name 不过滤，直接选择所有非无效值。
Block processing time: 0.003654 seconds
Computing Block 137 out of 560
Processing Block size=7
begin cleaner{left: ("[FunctionalDependency:(s: {brewery_id}, t: {brewery_name})]", 0.0), operator: *, right: (1.0, 1.0), result: 0.0}
列 'p' 不存在，对列 brewery_name 不过滤，直接选择所有非无效值。
Block processing time: 0.005108 seconds
Computing Block 138 out of 560
Processing Block size=4
begin cleaner{left: ("[FunctionalDependency:(s: {brewery_id}, t: {brewery_name})]", 0.0), operator: *, right: (1.0, 1.0), result: 0.0}
列 'p' 不存在，对列 brewery_name 不过滤，直接选择所有非无效值。
Block processing time: 0.002889 seconds
Computing Block 139 out of 560
Processing Block size=3
begin cleaner{left: ("[FunctionalDependency:(s: {brewery_id}, t: {brewery_name})]", 0.0), operator: *, right: (1.0, 1.0), result: 0.0}
列 'p' 不存在，对列 brewery_name 不过滤，直接选择所有非无效值。
Block processing time: 0.002184 seconds
Computing Block 140 out of 560
Processing Block size=9
begin cleaner{left: ("[FunctionalDependency:(s: {brewery_id}, t: {brewery_name})]", 0.0), operator: *, right: (1.0, 1.0), result: 0.0}
列 'p' 不存在，对列 brewery_name 不过滤，直接选择所有非无效值。
Block processing time: 0.006397 seconds
Computing Block 141 out of 560
Processing Block size=3
begin cleaner{left: ("[FunctionalDependency:(s: {brewery_id}, t: {brewery_name})]", 0.0), operator: *, right: (1.0, 1.0), result: 0.0}
列 'p' 不存在，对列 brewery_name 不过滤，直接选择所有非无效值。
Block processing time: 0.002249 seconds
Computing Block 142 out of 560
Processing Block size=2
begin cleaner{left: ("[FunctionalDependency:(s: {brewery_id}, t: {brewery_name})]", 0.0), operator: *, right: (1.0, 1.0), result: 0.0}
列 'p' 不存在，对列 brewery_name 不过滤，直接选择所有非无效值。
Block processing time: 0.001537 seconds
Computing Block 144 out of 560
Processing Block size=2
begin cleaner{left: ("[FunctionalDependency:(s: {brewery_id}, t: {brewery_name})]", 0.0), operator: *, right: (1.0, 1.0), result: 0.0}
列 'p' 不存在，对列 brewery_name 不过滤，直接选择所有非无效值。
Block processing time: 0.0015 seconds
Computing Block 145 out of 560
Processing Block size=5
begin cleaner{left: ("[FunctionalDependency:(s: {brewery_id}, t: {brewery_name})]", 0.0), operator: *, right: (1.0, 1.0), result: 0.0}
列 'p' 不存在，对列 brewery_name 不过滤，直接选择所有非无效值。
Block processing time: 0.003699 seconds
Computing Block 146 out of 560
Processing Block size=20
begin cleaner{left: ("[FunctionalDependency:(s: {brewery_id}, t: {brewery_name})]", 0.0), operator: *, right: (1.0, 1.0), result: 0.0}
列 'p' 不存在，对列 brewery_name 不过滤，直接选择所有非无效值。
Block processing time: 0.014351 seconds
Computing Block 147 out of 560
Processing Block size=2
begin cleaner{left: ("[FunctionalDependency:(s: {brewery_id}, t: {brewery_name})]", 0.0), operator: *, right: (1.0, 1.0), result: 0.0}
列 'p' 不存在，对列 brewery_name 不过滤，直接选择所有非无效值。
Block processing time: 0.00153 seconds
Computing Block 150 out of 560
Processing Block size=5
begin cleaner{left: ("[FunctionalDependency:(s: {brewery_id}, t: {brewery_name})]", 0.0), operator: *, right: (1.0, 1.0), result: 0.0}
列 'p' 不存在，对列 brewery_name 不过滤，直接选择所有非无效值。
Block processing time: 0.003716 seconds
Computing Block 151 out of 560
Processing Block size=5
begin cleaner{left: ("[FunctionalDependency:(s: {brewery_id}, t: {brewery_name})]", 0.0), operator: *, right: (1.0, 1.0), result: 0.0}
列 'p' 不存在，对列 brewery_name 不过滤，直接选择所有非无效值。
Block processing time: 0.003748 seconds
Computing Block 152 out of 560
Processing Block size=3
begin cleaner{left: ("[FunctionalDependency:(s: {brewery_id}, t: {brewery_name})]", 0.0), operator: *, right: (1.0, 1.0), result: 0.0}
列 'p' 不存在，对列 brewery_name 不过滤，直接选择所有非无效值。
Block processing time: 0.002383 seconds
Computing Block 154 out of 560
Processing Block size=3
begin cleaner{left: ("[FunctionalDependency:(s: {brewery_id}, t: {brewery_name})]", 0.0), operator: *, right: (1.0, 1.0), result: 0.0}
列 'p' 不存在，对列 brewery_name 不过滤，直接选择所有非无效值。
Block processing time: 0.002301 seconds
Computing Block 155 out of 560
Processing Block size=6
begin cleaner{left: ("[FunctionalDependency:(s: {brewery_id}, t: {brewery_name})]", 0.0), operator: *, right: (1.0, 1.0), result: 0.0}
列 'p' 不存在，对列 brewery_name 不过滤，直接选择所有非无效值。
Block processing time: 0.004779 seconds
Computing Block 156 out of 560
Processing Block size=2
begin cleaner{left: ("[FunctionalDependency:(s: {brewery_id}, t: {brewery_name})]", 0.0), operator: *, right: (1.0, 1.0), result: 0.0}
列 'p' 不存在，对列 brewery_name 不过滤，直接选择所有非无效值。
Block processing time: 0.001589 seconds
Computing Block 157 out of 560
Processing Block size=7
begin cleaner{left: ("[FunctionalDependency:(s: {brewery_id}, t: {brewery_name})]", 0.0), operator: *, right: (1.0, 1.0), result: 0.0}
列 'p' 不存在，对列 brewery_name 不过滤，直接选择所有非无效值。
Block processing time: 0.005148 seconds
Computing Block 158 out of 560
Processing Block size=7
begin cleaner{left: ("[FunctionalDependency:(s: {brewery_id}, t: {brewery_name})]", 0.0), operator: *, right: (1.0, 1.0), result: 0.0}
列 'p' 不存在，对列 brewery_name 不过滤，直接选择所有非无效值。
Block processing time: 0.005067 seconds
Computing Block 159 out of 560
Processing Block size=4
begin cleaner{left: ("[FunctionalDependency:(s: {brewery_id}, t: {brewery_name})]", 0.0), operator: *, right: (1.0, 1.0), result: 0.0}
列 'p' 不存在，对列 brewery_name 不过滤，直接选择所有非无效值。
Block processing time: 0.00304 seconds
Computing Block 160 out of 560
Processing Block size=2
begin cleaner{left: ("[FunctionalDependency:(s: {brewery_id}, t: {brewery_name})]", 0.0), operator: *, right: (1.0, 1.0), result: 0.0}
列 'p' 不存在，对列 brewery_name 不过滤，直接选择所有非无效值。
Block processing time: 0.001553 seconds
Computing Block 161 out of 560
Processing Block size=4
begin cleaner{left: ("[FunctionalDependency:(s: {brewery_id}, t: {brewery_name})]", 0.0), operator: *, right: (1.0, 1.0), result: 0.0}
列 'p' 不存在，对列 brewery_name 不过滤，直接选择所有非无效值。
Block processing time: 0.003016 seconds
Computing Block 162 out of 560
Processing Block size=4
begin cleaner{left: ("[FunctionalDependency:(s: {brewery_id}, t: {brewery_name})]", 0.0), operator: *, right: (1.0, 1.0), result: 0.0}
列 'p' 不存在，对列 brewery_name 不过滤，直接选择所有非无效值。
Block processing time: 0.003039 seconds
Computing Block 163 out of 560
Processing Block size=4
begin cleaner{left: ("[FunctionalDependency:(s: {brewery_id}, t: {brewery_name})]", 0.0), operator: *, right: (1.0, 1.0), result: 0.0}
列 'p' 不存在，对列 brewery_name 不过滤，直接选择所有非无效值。
Block processing time: 0.002966 seconds
Computing Block 164 out of 560
Processing Block size=4
begin cleaner{left: ("[FunctionalDependency:(s: {brewery_id}, t: {brewery_name})]", 0.0), operator: *, right: (1.0, 1.0), result: 0.0}
列 'p' 不存在，对列 brewery_name 不过滤，直接选择所有非无效值。
Block processing time: 0.003055 seconds
Computing Block 165 out of 560
Processing Block size=3
begin cleaner{left: ("[FunctionalDependency:(s: {brewery_id}, t: {brewery_name})]", 0.0), operator: *, right: (1.0, 1.0), result: 0.0}
列 'p' 不存在，对列 brewery_name 不过滤，直接选择所有非无效值。
Block processing time: 0.002233 seconds
Computing Block 166 out of 560
Processing Block size=2
begin cleaner{left: ("[FunctionalDependency:(s: {brewery_id}, t: {brewery_name})]", 0.0), operator: *, right: (1.0, 1.0), result: 0.0}
列 'p' 不存在，对列 brewery_name 不过滤，直接选择所有非无效值。
Block processing time: 0.001554 seconds
Computing Block 167 out of 560
Processing Block size=3
begin cleaner{left: ("[FunctionalDependency:(s: {brewery_id}, t: {brewery_name})]", 0.0), operator: *, right: (1.0, 1.0), result: 0.0}
列 'p' 不存在，对列 brewery_name 不过滤，直接选择所有非无效值。
Block processing time: 0.002208 seconds
Computing Block 168 out of 560
Processing Block size=3
begin cleaner{left: ("[FunctionalDependency:(s: {brewery_id}, t: {brewery_name})]", 0.0), operator: *, right: (1.0, 1.0), result: 0.0}
列 'p' 不存在，对列 brewery_name 不过滤，直接选择所有非无效值。
Block processing time: 0.002214 seconds
Computing Block 172 out of 560
Processing Block size=3
begin cleaner{left: ("[FunctionalDependency:(s: {brewery_id}, t: {brewery_name})]", 0.0), operator: *, right: (1.0, 1.0), result: 0.0}
列 'p' 不存在，对列 brewery_name 不过滤，直接选择所有非无效值。
Block processing time: 0.002224 seconds
Computing Block 173 out of 560
Processing Block size=6
begin cleaner{left: ("[FunctionalDependency:(s: {brewery_id}, t: {brewery_name})]", 0.0), operator: *, right: (1.0, 1.0), result: 0.0}
列 'p' 不存在，对列 brewery_name 不过滤，直接选择所有非无效值。
Block processing time: 0.0043 seconds
Computing Block 175 out of 560
Processing Block size=8
begin cleaner{left: ("[FunctionalDependency:(s: {brewery_id}, t: {brewery_name})]", 0.0), operator: *, right: (1.0, 1.0), result: 0.0}
列 'p' 不存在，对列 brewery_name 不过滤，直接选择所有非无效值。
Block processing time: 0.005715 seconds
Computing Block 178 out of 560
Processing Block size=2
begin cleaner{left: ("[FunctionalDependency:(s: {brewery_id}, t: {brewery_name})]", 0.0), operator: *, right: (1.0, 1.0), result: 0.0}
列 'p' 不存在，对列 brewery_name 不过滤，直接选择所有非无效值。
Block processing time: 0.001532 seconds
Computing Block 179 out of 560
Processing Block size=5
begin cleaner{left: ("[FunctionalDependency:(s: {brewery_id}, t: {brewery_name})]", 0.0), operator: *, right: (1.0, 1.0), result: 0.0}
列 'p' 不存在，对列 brewery_name 不过滤，直接选择所有非无效值。
Block processing time: 0.003702 seconds
Computing Block 181 out of 560
Processing Block size=18
begin cleaner{left: ("[FunctionalDependency:(s: {brewery_id}, t: {brewery_name})]", 0.0), operator: *, right: (1.0, 1.0), result: 0.0}
列 'p' 不存在，对列 brewery_name 不过滤，直接选择所有非无效值。
Block processing time: 0.012716 seconds
Computing Block 183 out of 560
Processing Block size=6
begin cleaner{left: ("[FunctionalDependency:(s: {brewery_id}, t: {brewery_name})]", 0.0), operator: *, right: (1.0, 1.0), result: 0.0}
列 'p' 不存在，对列 brewery_name 不过滤，直接选择所有非无效值。
Block processing time: 0.004378 seconds
Computing Block 184 out of 560
Processing Block size=2
begin cleaner{left: ("[FunctionalDependency:(s: {brewery_id}, t: {brewery_name})]", 0.0), operator: *, right: (1.0, 1.0), result: 0.0}
列 'p' 不存在，对列 brewery_name 不过滤，直接选择所有非无效值。
Block processing time: 0.001607 seconds
Computing Block 185 out of 560
Processing Block size=5
begin cleaner{left: ("[FunctionalDependency:(s: {brewery_id}, t: {brewery_name})]", 0.0), operator: *, right: (1.0, 1.0), result: 0.0}
列 'p' 不存在，对列 brewery_name 不过滤，直接选择所有非无效值。
Block processing time: 0.003636 seconds
Computing Block 186 out of 560
Processing Block size=5
begin cleaner{left: ("[FunctionalDependency:(s: {brewery_id}, t: {brewery_name})]", 0.0), operator: *, right: (1.0, 1.0), result: 0.0}
列 'p' 不存在，对列 brewery_name 不过滤，直接选择所有非无效值。
Block processing time: 0.003861 seconds
Computing Block 189 out of 560
Processing Block size=9
begin cleaner{left: ("[FunctionalDependency:(s: {brewery_id}, t: {brewery_name})]", 0.0), operator: *, right: (1.0, 1.0), result: 0.0}
列 'p' 不存在，对列 brewery_name 不过滤，直接选择所有非无效值。
Block processing time: 0.006609 seconds
Computing Block 190 out of 560
Processing Block size=6
begin cleaner{left: ("[FunctionalDependency:(s: {brewery_id}, t: {brewery_name})]", 0.0), operator: *, right: (1.0, 1.0), result: 0.0}
列 'p' 不存在，对列 brewery_name 不过滤，直接选择所有非无效值。
Block processing time: 0.004355 seconds
Computing Block 191 out of 560
Processing Block size=8
begin cleaner{left: ("[FunctionalDependency:(s: {brewery_id}, t: {brewery_name})]", 0.0), operator: *, right: (1.0, 1.0), result: 0.0}
列 'p' 不存在，对列 brewery_name 不过滤，直接选择所有非无效值。
Block processing time: 0.005947 seconds
Computing Block 192 out of 560
Processing Block size=2
begin cleaner{left: ("[FunctionalDependency:(s: {brewery_id}, t: {brewery_name})]", 0.0), operator: *, right: (1.0, 1.0), result: 0.0}
列 'p' 不存在，对列 brewery_name 不过滤，直接选择所有非无效值。
Block processing time: 0.00154 seconds
Computing Block 193 out of 560
Processing Block size=5
begin cleaner{left: ("[FunctionalDependency:(s: {brewery_id}, t: {brewery_name})]", 0.0), operator: *, right: (1.0, 1.0), result: 0.0}
列 'p' 不存在，对列 brewery_name 不过滤，直接选择所有非无效值。
Block processing time: 0.003628 seconds
Computing Block 194 out of 560
Processing Block size=5
begin cleaner{left: ("[FunctionalDependency:(s: {brewery_id}, t: {brewery_name})]", 0.0), operator: *, right: (1.0, 1.0), result: 0.0}
列 'p' 不存在，对列 brewery_name 不过滤，直接选择所有非无效值。
Block processing time: 0.003815 seconds
Computing Block 197 out of 560
Processing Block size=3
begin cleaner{left: ("[FunctionalDependency:(s: {brewery_id}, t: {brewery_name})]", 0.0), operator: *, right: (1.0, 1.0), result: 0.0}
列 'p' 不存在，对列 brewery_name 不过滤，直接选择所有非无效值。
Block processing time: 0.002382 seconds
Computing Block 198 out of 560
Processing Block size=6
begin cleaner{left: ("[FunctionalDependency:(s: {brewery_id}, t: {brewery_name})]", 0.0), operator: *, right: (1.0, 1.0), result: 0.0}
列 'p' 不存在，对列 brewery_name 不过滤，直接选择所有非无效值。
Block processing time: 0.004607 seconds
Computing Block 200 out of 560
Processing Block size=4
begin cleaner{left: ("[FunctionalDependency:(s: {brewery_id}, t: {brewery_name})]", 0.0), operator: *, right: (1.0, 1.0), result: 0.0}
列 'p' 不存在，对列 brewery_name 不过滤，直接选择所有非无效值。
Block processing time: 0.002994 seconds
Computing Block 203 out of 560
Processing Block size=3
begin cleaner{left: ("[FunctionalDependency:(s: {brewery_id}, t: {brewery_name})]", 0.0), operator: *, right: (1.0, 1.0), result: 0.0}
列 'p' 不存在，对列 brewery_name 不过滤，直接选择所有非无效值。
Block processing time: 0.00236 seconds
Computing Block 205 out of 560
Processing Block size=3
begin cleaner{left: ("[FunctionalDependency:(s: {brewery_id}, t: {brewery_name})]", 0.0), operator: *, right: (1.0, 1.0), result: 0.0}
列 'p' 不存在，对列 brewery_name 不过滤，直接选择所有非无效值。
Block processing time: 0.002221 seconds
Computing Block 206 out of 560
Processing Block size=3
begin cleaner{left: ("[FunctionalDependency:(s: {brewery_id}, t: {brewery_name})]", 0.0), operator: *, right: (1.0, 1.0), result: 0.0}
列 'p' 不存在，对列 brewery_name 不过滤，直接选择所有非无效值。
Block processing time: 0.002332 seconds
Computing Block 208 out of 560
Processing Block size=7
begin cleaner{left: ("[FunctionalDependency:(s: {brewery_id}, t: {brewery_name})]", 0.0), operator: *, right: (1.0, 1.0), result: 0.0}
列 'p' 不存在，对列 brewery_name 不过滤，直接选择所有非无效值。
Block processing time: 0.0052 seconds
Computing Block 209 out of 560
Processing Block size=3
begin cleaner{left: ("[FunctionalDependency:(s: {brewery_id}, t: {brewery_name})]", 0.0), operator: *, right: (1.0, 1.0), result: 0.0}
列 'p' 不存在，对列 brewery_name 不过滤，直接选择所有非无效值。
Block processing time: 0.002347 seconds
Computing Block 211 out of 560
Processing Block size=2
begin cleaner{left: ("[FunctionalDependency:(s: {brewery_id}, t: {brewery_name})]", 0.0), operator: *, right: (1.0, 1.0), result: 0.0}
列 'p' 不存在，对列 brewery_name 不过滤，直接选择所有非无效值。
Block processing time: 0.001507 seconds
Computing Block 213 out of 560
Processing Block size=4
begin cleaner{left: ("[FunctionalDependency:(s: {brewery_id}, t: {brewery_name})]", 0.0), operator: *, right: (1.0, 1.0), result: 0.0}
列 'p' 不存在，对列 brewery_name 不过滤，直接选择所有非无效值。
Block processing time: 0.00304 seconds
Computing Block 214 out of 560
Processing Block size=9
begin cleaner{left: ("[FunctionalDependency:(s: {brewery_id}, t: {brewery_name})]", 0.0), operator: *, right: (1.0, 1.0), result: 0.0}
列 'p' 不存在，对列 brewery_name 不过滤，直接选择所有非无效值。
Block processing time: 0.006584 seconds
Computing Block 215 out of 560
Processing Block size=2
begin cleaner{left: ("[FunctionalDependency:(s: {brewery_id}, t: {brewery_name})]", 0.0), operator: *, right: (1.0, 1.0), result: 0.0}
列 'p' 不存在，对列 brewery_name 不过滤，直接选择所有非无效值。
Block processing time: 0.001571 seconds
Computing Block 216 out of 560
Processing Block size=2
begin cleaner{left: ("[FunctionalDependency:(s: {brewery_id}, t: {brewery_name})]", 0.0), operator: *, right: (1.0, 1.0), result: 0.0}
列 'p' 不存在，对列 brewery_name 不过滤，直接选择所有非无效值。
Block processing time: 0.001601 seconds
Computing Block 217 out of 560
Processing Block size=2
begin cleaner{left: ("[FunctionalDependency:(s: {brewery_id}, t: {brewery_name})]", 0.0), operator: *, right: (1.0, 1.0), result: 0.0}
列 'p' 不存在，对列 brewery_name 不过滤，直接选择所有非无效值。
Block processing time: 0.001583 seconds
Computing Block 218 out of 560
Processing Block size=2
begin cleaner{left: ("[FunctionalDependency:(s: {brewery_id}, t: {brewery_name})]", 0.0), operator: *, right: (1.0, 1.0), result: 0.0}
列 'p' 不存在，对列 brewery_name 不过滤，直接选择所有非无效值。
Block processing time: 0.001513 seconds
Computing Block 219 out of 560
Processing Block size=11
begin cleaner{left: ("[FunctionalDependency:(s: {brewery_id}, t: {brewery_name})]", 0.0), operator: *, right: (1.0, 1.0), result: 0.0}
列 'p' 不存在，对列 brewery_name 不过滤，直接选择所有非无效值。
Block processing time: 0.008442 seconds
Computing Block 220 out of 560
Processing Block size=3
begin cleaner{left: ("[FunctionalDependency:(s: {brewery_id}, t: {brewery_name})]", 0.0), operator: *, right: (1.0, 1.0), result: 0.0}
列 'p' 不存在，对列 brewery_name 不过滤，直接选择所有非无效值。
Block processing time: 0.002353 seconds
Computing Block 221 out of 560
Processing Block size=8
begin cleaner{left: ("[FunctionalDependency:(s: {brewery_id}, t: {brewery_name})]", 0.0), operator: *, right: (1.0, 1.0), result: 0.0}
列 'p' 不存在，对列 brewery_name 不过滤，直接选择所有非无效值。
Block processing time: 0.005996 seconds
Computing Block 222 out of 560
Processing Block size=13
begin cleaner{left: ("[FunctionalDependency:(s: {brewery_id}, t: {brewery_name})]", 0.0), operator: *, right: (1.0, 1.0), result: 0.0}
列 'p' 不存在，对列 brewery_name 不过滤，直接选择所有非无效值。
Block processing time: 0.010102 seconds
Computing Block 223 out of 560
Processing Block size=2
begin cleaner{left: ("[FunctionalDependency:(s: {brewery_id}, t: {brewery_name})]", 0.0), operator: *, right: (1.0, 1.0), result: 0.0}
列 'p' 不存在，对列 brewery_name 不过滤，直接选择所有非无效值。
Block processing time: 0.001584 seconds
Computing Block 224 out of 560
Processing Block size=2
begin cleaner{left: ("[FunctionalDependency:(s: {brewery_id}, t: {brewery_name})]", 0.0), operator: *, right: (1.0, 1.0), result: 0.0}
列 'p' 不存在，对列 brewery_name 不过滤，直接选择所有非无效值。
Block processing time: 0.00167 seconds
Computing Block 226 out of 560
Processing Block size=2
begin cleaner{left: ("[FunctionalDependency:(s: {brewery_id}, t: {brewery_name})]", 0.0), operator: *, right: (1.0, 1.0), result: 0.0}
列 'p' 不存在，对列 brewery_name 不过滤，直接选择所有非无效值。
Block processing time: 0.001621 seconds
Computing Block 227 out of 560
Processing Block size=2
begin cleaner{left: ("[FunctionalDependency:(s: {brewery_id}, t: {brewery_name})]", 0.0), operator: *, right: (1.0, 1.0), result: 0.0}
列 'p' 不存在，对列 brewery_name 不过滤，直接选择所有非无效值。
Block processing time: 0.001633 seconds
Computing Block 228 out of 560
Processing Block size=9
begin cleaner{left: ("[FunctionalDependency:(s: {brewery_id}, t: {brewery_name})]", 0.0), operator: *, right: (1.0, 1.0), result: 0.0}
列 'p' 不存在，对列 brewery_name 不过滤，直接选择所有非无效值。
Block processing time: 0.006948 seconds
Computing Block 229 out of 560
Processing Block size=3
begin cleaner{left: ("[FunctionalDependency:(s: {brewery_id}, t: {brewery_name})]", 0.0), operator: *, right: (1.0, 1.0), result: 0.0}
列 'p' 不存在，对列 brewery_name 不过滤，直接选择所有非无效值。
Block processing time: 0.002491 seconds
Computing Block 230 out of 560
Processing Block size=3
begin cleaner{left: ("[FunctionalDependency:(s: {brewery_id}, t: {brewery_name})]", 0.0), operator: *, right: (1.0, 1.0), result: 0.0}
列 'p' 不存在，对列 brewery_name 不过滤，直接选择所有非无效值。
Block processing time: 0.002225 seconds
Computing Block 231 out of 560
Processing Block size=10
begin cleaner{left: ("[FunctionalDependency:(s: {brewery_id}, t: {brewery_name})]", 0.0), operator: *, right: (1.0, 1.0), result: 0.0}
列 'p' 不存在，对列 brewery_name 不过滤，直接选择所有非无效值。
Block processing time: 0.007284 seconds
Computing Block 232 out of 560
Processing Block size=2
begin cleaner{left: ("[FunctionalDependency:(s: {brewery_id}, t: {brewery_name})]", 0.0), operator: *, right: (1.0, 1.0), result: 0.0}
列 'p' 不存在，对列 brewery_name 不过滤，直接选择所有非无效值。
Block processing time: 0.00166 seconds
Computing Block 234 out of 560
Processing Block size=13
begin cleaner{left: ("[FunctionalDependency:(s: {brewery_id}, t: {brewery_name})]", 0.0), operator: *, right: (1.0, 1.0), result: 0.0}
列 'p' 不存在，对列 brewery_name 不过滤，直接选择所有非无效值。
Block processing time: 0.009742 seconds
Computing Block 236 out of 560
Processing Block size=2
begin cleaner{left: ("[FunctionalDependency:(s: {brewery_id}, t: {brewery_name})]", 0.0), operator: *, right: (1.0, 1.0), result: 0.0}
列 'p' 不存在，对列 brewery_name 不过滤，直接选择所有非无效值。
Block processing time: 0.001614 seconds
Computing Block 237 out of 560
Processing Block size=2
begin cleaner{left: ("[FunctionalDependency:(s: {brewery_id}, t: {brewery_name})]", 0.0), operator: *, right: (1.0, 1.0), result: 0.0}
列 'p' 不存在，对列 brewery_name 不过滤，直接选择所有非无效值。
Block processing time: 0.001535 seconds
Computing Block 238 out of 560
Processing Block size=4
begin cleaner{left: ("[FunctionalDependency:(s: {brewery_id}, t: {brewery_name})]", 0.0), operator: *, right: (1.0, 1.0), result: 0.0}
列 'p' 不存在，对列 brewery_name 不过滤，直接选择所有非无效值。
Block processing time: 0.003112 seconds
Computing Block 239 out of 560
Processing Block size=2
begin cleaner{left: ("[FunctionalDependency:(s: {brewery_id}, t: {brewery_name})]", 0.0), operator: *, right: (1.0, 1.0), result: 0.0}
列 'p' 不存在，对列 brewery_name 不过滤，直接选择所有非无效值。
Block processing time: 0.001614 seconds
Computing Block 240 out of 560
Processing Block size=14
begin cleaner{left: ("[FunctionalDependency:(s: {brewery_id}, t: {brewery_name})]", 0.0), operator: *, right: (1.0, 1.0), result: 0.0}
列 'p' 不存在，对列 brewery_name 不过滤，直接选择所有非无效值。
Block processing time: 0.0105 seconds
Computing Block 241 out of 560
Processing Block size=3
begin cleaner{left: ("[FunctionalDependency:(s: {brewery_id}, t: {brewery_name})]", 0.0), operator: *, right: (1.0, 1.0), result: 0.0}
列 'p' 不存在，对列 brewery_name 不过滤，直接选择所有非无效值。
Block processing time: 0.002373 seconds
Computing Block 242 out of 560
Processing Block size=5
begin cleaner{left: ("[FunctionalDependency:(s: {brewery_id}, t: {brewery_name})]", 0.0), operator: *, right: (1.0, 1.0), result: 0.0}
列 'p' 不存在，对列 brewery_name 不过滤，直接选择所有非无效值。
Block processing time: 0.003887 seconds
Computing Block 245 out of 560
Processing Block size=4
begin cleaner{left: ("[FunctionalDependency:(s: {brewery_id}, t: {brewery_name})]", 0.0), operator: *, right: (1.0, 1.0), result: 0.0}
列 'p' 不存在，对列 brewery_name 不过滤，直接选择所有非无效值。
Block processing time: 0.002966 seconds
Computing Block 246 out of 560
Processing Block size=4
begin cleaner{left: ("[FunctionalDependency:(s: {brewery_id}, t: {brewery_name})]", 0.0), operator: *, right: (1.0, 1.0), result: 0.0}
列 'p' 不存在，对列 brewery_name 不过滤，直接选择所有非无效值。
Block processing time: 0.002993 seconds
Computing Block 247 out of 560
Processing Block size=2
begin cleaner{left: ("[FunctionalDependency:(s: {brewery_id}, t: {brewery_name})]", 0.0), operator: *, right: (1.0, 1.0), result: 0.0}
列 'p' 不存在，对列 brewery_name 不过滤，直接选择所有非无效值。
Block processing time: 0.001531 seconds
Computing Block 248 out of 560
Processing Block size=3
begin cleaner{left: ("[FunctionalDependency:(s: {brewery_id}, t: {brewery_name})]", 0.0), operator: *, right: (1.0, 1.0), result: 0.0}
列 'p' 不存在，对列 brewery_name 不过滤，直接选择所有非无效值。
Block processing time: 0.002455 seconds
Computing Block 251 out of 560
Processing Block size=4
begin cleaner{left: ("[FunctionalDependency:(s: {brewery_id}, t: {brewery_name})]", 0.0), operator: *, right: (1.0, 1.0), result: 0.0}
列 'p' 不存在，对列 brewery_name 不过滤，直接选择所有非无效值。
Block processing time: 0.003115 seconds
Computing Block 252 out of 560
Processing Block size=2
begin cleaner{left: ("[FunctionalDependency:(s: {brewery_id}, t: {brewery_name})]", 0.0), operator: *, right: (1.0, 1.0), result: 0.0}
列 'p' 不存在，对列 brewery_name 不过滤，直接选择所有非无效值。
Block processing time: 0.001635 seconds
Computing Block 253 out of 560
Processing Block size=9
begin cleaner{left: ("[FunctionalDependency:(s: {brewery_id}, t: {brewery_name})]", 0.0), operator: *, right: (1.0, 1.0), result: 0.0}
列 'p' 不存在，对列 brewery_name 不过滤，直接选择所有非无效值。
Block processing time: 0.006545 seconds
Computing Block 254 out of 560
Processing Block size=2
begin cleaner{left: ("[FunctionalDependency:(s: {brewery_id}, t: {brewery_name})]", 0.0), operator: *, right: (1.0, 1.0), result: 0.0}
列 'p' 不存在，对列 brewery_name 不过滤，直接选择所有非无效值。
Block processing time: 0.001512 seconds
Computing Block 255 out of 560
Processing Block size=4
begin cleaner{left: ("[FunctionalDependency:(s: {brewery_id}, t: {brewery_name})]", 0.0), operator: *, right: (1.0, 1.0), result: 0.0}
列 'p' 不存在，对列 brewery_name 不过滤，直接选择所有非无效值。
Block processing time: 0.002983 seconds
Computing Block 256 out of 560
Processing Block size=4
begin cleaner{left: ("[FunctionalDependency:(s: {brewery_id}, t: {brewery_name})]", 0.0), operator: *, right: (1.0, 1.0), result: 0.0}
列 'p' 不存在，对列 brewery_name 不过滤，直接选择所有非无效值。
Block processing time: 0.002942 seconds
Computing Block 257 out of 560
Processing Block size=10
begin cleaner{left: ("[FunctionalDependency:(s: {brewery_id}, t: {brewery_name})]", 0.0), operator: *, right: (1.0, 1.0), result: 0.0}
列 'p' 不存在，对列 brewery_name 不过滤，直接选择所有非无效值。
Block processing time: 0.007503 seconds
Computing Block 259 out of 560
Processing Block size=2
begin cleaner{left: ("[FunctionalDependency:(s: {brewery_id}, t: {brewery_name})]", 0.0), operator: *, right: (1.0, 1.0), result: 0.0}
列 'p' 不存在，对列 brewery_name 不过滤，直接选择所有非无效值。
Block processing time: 0.001564 seconds
Computing Block 261 out of 560
Processing Block size=7
begin cleaner{left: ("[FunctionalDependency:(s: {brewery_id}, t: {brewery_name})]", 0.0), operator: *, right: (1.0, 1.0), result: 0.0}
列 'p' 不存在，对列 brewery_name 不过滤，直接选择所有非无效值。
Block processing time: 0.005139 seconds
Computing Block 262 out of 560
Processing Block size=7
begin cleaner{left: ("[FunctionalDependency:(s: {brewery_id}, t: {brewery_name})]", 0.0), operator: *, right: (1.0, 1.0), result: 0.0}
列 'p' 不存在，对列 brewery_name 不过滤，直接选择所有非无效值。
Block processing time: 0.005214 seconds
Computing Block 267 out of 560
Processing Block size=3
begin cleaner{left: ("[FunctionalDependency:(s: {brewery_id}, t: {brewery_name})]", 0.0), operator: *, right: (1.0, 1.0), result: 0.0}
列 'p' 不存在，对列 brewery_name 不过滤，直接选择所有非无效值。
Block processing time: 0.0024 seconds
Computing Block 268 out of 560
Processing Block size=4
begin cleaner{left: ("[FunctionalDependency:(s: {brewery_id}, t: {brewery_name})]", 0.0), operator: *, right: (1.0, 1.0), result: 0.0}
列 'p' 不存在，对列 brewery_name 不过滤，直接选择所有非无效值。
Block processing time: 0.003109 seconds
Computing Block 270 out of 560
Processing Block size=3
begin cleaner{left: ("[FunctionalDependency:(s: {brewery_id}, t: {brewery_name})]", 0.0), operator: *, right: (1.0, 1.0), result: 0.0}
列 'p' 不存在，对列 brewery_name 不过滤，直接选择所有非无效值。
Block processing time: 0.002356 seconds
Computing Block 271 out of 560
Processing Block size=2
begin cleaner{left: ("[FunctionalDependency:(s: {brewery_id}, t: {brewery_name})]", 0.0), operator: *, right: (1.0, 1.0), result: 0.0}
列 'p' 不存在，对列 brewery_name 不过滤，直接选择所有非无效值。
Block processing time: 0.001624 seconds
Computing Block 272 out of 560
Processing Block size=2
begin cleaner{left: ("[FunctionalDependency:(s: {brewery_id}, t: {brewery_name})]", 0.0), operator: *, right: (1.0, 1.0), result: 0.0}
列 'p' 不存在，对列 brewery_name 不过滤，直接选择所有非无效值。
Block processing time: 0.001632 seconds
Computing Block 274 out of 560
Processing Block size=2
begin cleaner{left: ("[FunctionalDependency:(s: {brewery_id}, t: {brewery_name})]", 0.0), operator: *, right: (1.0, 1.0), result: 0.0}
列 'p' 不存在，对列 brewery_name 不过滤，直接选择所有非无效值。
Block processing time: 0.001786 seconds
Computing Block 275 out of 560
Processing Block size=2
begin cleaner{left: ("[FunctionalDependency:(s: {brewery_id}, t: {brewery_name})]", 0.0), operator: *, right: (1.0, 1.0), result: 0.0}
列 'p' 不存在，对列 brewery_name 不过滤，直接选择所有非无效值。
Block processing time: 0.00167 seconds
Computing Block 277 out of 560
Processing Block size=2
begin cleaner{left: ("[FunctionalDependency:(s: {brewery_id}, t: {brewery_name})]", 0.0), operator: *, right: (1.0, 1.0), result: 0.0}
列 'p' 不存在，对列 brewery_name 不过滤，直接选择所有非无效值。
Block processing time: 0.001653 seconds
Computing Block 279 out of 560
Processing Block size=2
begin cleaner{left: ("[FunctionalDependency:(s: {brewery_id}, t: {brewery_name})]", 0.0), operator: *, right: (1.0, 1.0), result: 0.0}
列 'p' 不存在，对列 brewery_name 不过滤，直接选择所有非无效值。
Block processing time: 0.001602 seconds
Computing Block 280 out of 560
Processing Block size=32
begin cleaner{left: ("[FunctionalDependency:(s: {brewery_id}, t: {brewery_name})]", 0.0), operator: *, right: (1.0, 1.0), result: 0.0}
列 'p' 不存在，对列 brewery_name 不过滤，直接选择所有非无效值。
Block processing time: 0.023699 seconds
Computing Block 281 out of 560
Processing Block size=4
begin cleaner{left: ("[FunctionalDependency:(s: {brewery_id}, t: {brewery_name})]", 0.0), operator: *, right: (1.0, 1.0), result: 0.0}
列 'p' 不存在，对列 brewery_name 不过滤，直接选择所有非无效值。
Block processing time: 0.003184 seconds
Computing Block 282 out of 560
Processing Block size=5
begin cleaner{left: ("[FunctionalDependency:(s: {brewery_id}, t: {brewery_name})]", 0.0), operator: *, right: (1.0, 1.0), result: 0.0}
列 'p' 不存在，对列 brewery_name 不过滤，直接选择所有非无效值。
Block processing time: 0.00407 seconds
Computing Block 283 out of 560
Processing Block size=5
begin cleaner{left: ("[FunctionalDependency:(s: {brewery_id}, t: {brewery_name})]", 0.0), operator: *, right: (1.0, 1.0), result: 0.0}
列 'p' 不存在，对列 brewery_name 不过滤，直接选择所有非无效值。
Block processing time: 0.004078 seconds
Computing Block 284 out of 560
Processing Block size=3
begin cleaner{left: ("[FunctionalDependency:(s: {brewery_id}, t: {brewery_name})]", 0.0), operator: *, right: (1.0, 1.0), result: 0.0}
列 'p' 不存在，对列 brewery_name 不过滤，直接选择所有非无效值。
Block processing time: 0.002425 seconds
Computing Block 285 out of 560
Processing Block size=3
begin cleaner{left: ("[FunctionalDependency:(s: {brewery_id}, t: {brewery_name})]", 0.0), operator: *, right: (1.0, 1.0), result: 0.0}
列 'p' 不存在，对列 brewery_name 不过滤，直接选择所有非无效值。
Block processing time: 0.002344 seconds
Computing Block 286 out of 560
Processing Block size=5
begin cleaner{left: ("[FunctionalDependency:(s: {brewery_id}, t: {brewery_name})]", 0.0), operator: *, right: (1.0, 1.0), result: 0.0}
列 'p' 不存在，对列 brewery_name 不过滤，直接选择所有非无效值。
Block processing time: 0.004143 seconds
Computing Block 287 out of 560
Processing Block size=3
begin cleaner{left: ("[FunctionalDependency:(s: {brewery_id}, t: {brewery_name})]", 0.0), operator: *, right: (1.0, 1.0), result: 0.0}
列 'p' 不存在，对列 brewery_name 不过滤，直接选择所有非无效值。
Block processing time: 0.002792 seconds
Computing Block 288 out of 560
Processing Block size=14
begin cleaner{left: ("[FunctionalDependency:(s: {brewery_id}, t: {brewery_name})]", 0.0), operator: *, right: (1.0, 1.0), result: 0.0}
列 'p' 不存在，对列 brewery_name 不过滤，直接选择所有非无效值。
Block processing time: 0.01118 seconds
Computing Block 290 out of 560
Processing Block size=2
begin cleaner{left: ("[FunctionalDependency:(s: {brewery_id}, t: {brewery_name})]", 0.0), operator: *, right: (1.0, 1.0), result: 0.0}
列 'p' 不存在，对列 brewery_name 不过滤，直接选择所有非无效值。
Block processing time: 0.001769 seconds
Computing Block 291 out of 560
Processing Block size=2
begin cleaner{left: ("[FunctionalDependency:(s: {brewery_id}, t: {brewery_name})]", 0.0), operator: *, right: (1.0, 1.0), result: 0.0}
列 'p' 不存在，对列 brewery_name 不过滤，直接选择所有非无效值。
Block processing time: 0.001756 seconds
Computing Block 292 out of 560
Processing Block size=4
begin cleaner{left: ("[FunctionalDependency:(s: {brewery_id}, t: {brewery_name})]", 0.0), operator: *, right: (1.0, 1.0), result: 0.0}
列 'p' 不存在，对列 brewery_name 不过滤，直接选择所有非无效值。
Block processing time: 0.003353 seconds
Computing Block 294 out of 560
Processing Block size=2
begin cleaner{left: ("[FunctionalDependency:(s: {brewery_id}, t: {brewery_name})]", 0.0), operator: *, right: (1.0, 1.0), result: 0.0}
列 'p' 不存在，对列 brewery_name 不过滤，直接选择所有非无效值。
Block processing time: 0.001737 seconds
Computing Block 295 out of 560
Processing Block size=6
begin cleaner{left: ("[FunctionalDependency:(s: {brewery_id}, t: {brewery_name})]", 0.0), operator: *, right: (1.0, 1.0), result: 0.0}
列 'p' 不存在，对列 brewery_name 不过滤，直接选择所有非无效值。
Block processing time: 0.004916 seconds
Computing Block 296 out of 560
Processing Block size=4
begin cleaner{left: ("[FunctionalDependency:(s: {brewery_id}, t: {brewery_name})]", 0.0), operator: *, right: (1.0, 1.0), result: 0.0}
列 'p' 不存在，对列 brewery_name 不过滤，直接选择所有非无效值。
Block processing time: 0.003582 seconds
Computing Block 297 out of 560
Processing Block size=3
begin cleaner{left: ("[FunctionalDependency:(s: {brewery_id}, t: {brewery_name})]", 0.0), operator: *, right: (1.0, 1.0), result: 0.0}
列 'p' 不存在，对列 brewery_name 不过滤，直接选择所有非无效值。
Block processing time: 0.002433 seconds
Computing Block 299 out of 560
Processing Block size=9
begin cleaner{left: ("[FunctionalDependency:(s: {brewery_id}, t: {brewery_name})]", 0.0), operator: *, right: (1.0, 1.0), result: 0.0}
列 'p' 不存在，对列 brewery_name 不过滤，直接选择所有非无效值。
Block processing time: 0.007181 seconds
Computing Block 301 out of 560
Processing Block size=5
begin cleaner{left: ("[FunctionalDependency:(s: {brewery_id}, t: {brewery_name})]", 0.0), operator: *, right: (1.0, 1.0), result: 0.0}
列 'p' 不存在，对列 brewery_name 不过滤，直接选择所有非无效值。
Block processing time: 0.004147 seconds
Computing Block 303 out of 560
Processing Block size=5
begin cleaner{left: ("[FunctionalDependency:(s: {brewery_id}, t: {brewery_name})]", 0.0), operator: *, right: (1.0, 1.0), result: 0.0}
列 'p' 不存在，对列 brewery_name 不过滤，直接选择所有非无效值。
Block processing time: 0.004053 seconds
Computing Block 304 out of 560
Processing Block size=9
begin cleaner{left: ("[FunctionalDependency:(s: {brewery_id}, t: {brewery_name})]", 0.0), operator: *, right: (1.0, 1.0), result: 0.0}
列 'p' 不存在，对列 brewery_name 不过滤，直接选择所有非无效值。
Block processing time: 0.006734 seconds
Computing Block 306 out of 560
Processing Block size=3
begin cleaner{left: ("[FunctionalDependency:(s: {brewery_id}, t: {brewery_name})]", 0.0), operator: *, right: (1.0, 1.0), result: 0.0}
列 'p' 不存在，对列 brewery_name 不过滤，直接选择所有非无效值。
Block processing time: 0.00241 seconds
Computing Block 307 out of 560
Processing Block size=7
begin cleaner{left: ("[FunctionalDependency:(s: {brewery_id}, t: {brewery_name})]", 0.0), operator: *, right: (1.0, 1.0), result: 0.0}
列 'p' 不存在，对列 brewery_name 不过滤，直接选择所有非无效值。
Block processing time: 0.00539 seconds
Computing Block 308 out of 560
Processing Block size=8
begin cleaner{left: ("[FunctionalDependency:(s: {brewery_id}, t: {brewery_name})]", 0.0), operator: *, right: (1.0, 1.0), result: 0.0}
列 'p' 不存在，对列 brewery_name 不过滤，直接选择所有非无效值。
Block processing time: 0.005977 seconds
Computing Block 309 out of 560
Processing Block size=3
begin cleaner{left: ("[FunctionalDependency:(s: {brewery_id}, t: {brewery_name})]", 0.0), operator: *, right: (1.0, 1.0), result: 0.0}
列 'p' 不存在，对列 brewery_name 不过滤，直接选择所有非无效值。
Block processing time: 0.002348 seconds
Computing Block 310 out of 560
Processing Block size=4
begin cleaner{left: ("[FunctionalDependency:(s: {brewery_id}, t: {brewery_name})]", 0.0), operator: *, right: (1.0, 1.0), result: 0.0}
列 'p' 不存在，对列 brewery_name 不过滤，直接选择所有非无效值。
Block processing time: 0.003165 seconds
Computing Block 313 out of 560
Processing Block size=3
begin cleaner{left: ("[FunctionalDependency:(s: {brewery_id}, t: {brewery_name})]", 0.0), operator: *, right: (1.0, 1.0), result: 0.0}
列 'p' 不存在，对列 brewery_name 不过滤，直接选择所有非无效值。
Block processing time: 0.002499 seconds
Computing Block 314 out of 560
Processing Block size=4
begin cleaner{left: ("[FunctionalDependency:(s: {brewery_id}, t: {brewery_name})]", 0.0), operator: *, right: (1.0, 1.0), result: 0.0}
列 'p' 不存在，对列 brewery_name 不过滤，直接选择所有非无效值。
Block processing time: 0.00325 seconds
Computing Block 315 out of 560
Processing Block size=4
begin cleaner{left: ("[FunctionalDependency:(s: {brewery_id}, t: {brewery_name})]", 0.0), operator: *, right: (1.0, 1.0), result: 0.0}
列 'p' 不存在，对列 brewery_name 不过滤，直接选择所有非无效值。
Block processing time: 0.003127 seconds
Computing Block 316 out of 560
Processing Block size=4
begin cleaner{left: ("[FunctionalDependency:(s: {brewery_id}, t: {brewery_name})]", 0.0), operator: *, right: (1.0, 1.0), result: 0.0}
列 'p' 不存在，对列 brewery_name 不过滤，直接选择所有非无效值。
Block processing time: 0.003064 seconds
Computing Block 317 out of 560
Processing Block size=3
begin cleaner{left: ("[FunctionalDependency:(s: {brewery_id}, t: {brewery_name})]", 0.0), operator: *, right: (1.0, 1.0), result: 0.0}
列 'p' 不存在，对列 brewery_name 不过滤，直接选择所有非无效值。
Block processing time: 0.002428 seconds
Computing Block 318 out of 560
Processing Block size=6
begin cleaner{left: ("[FunctionalDependency:(s: {brewery_id}, t: {brewery_name})]", 0.0), operator: *, right: (1.0, 1.0), result: 0.0}
列 'p' 不存在，对列 brewery_name 不过滤，直接选择所有非无效值。
Block processing time: 0.00491 seconds
Computing Block 319 out of 560
Processing Block size=4
begin cleaner{left: ("[FunctionalDependency:(s: {brewery_id}, t: {brewery_name})]", 0.0), operator: *, right: (1.0, 1.0), result: 0.0}
列 'p' 不存在，对列 brewery_name 不过滤，直接选择所有非无效值。
Block processing time: 0.00311 seconds
Computing Block 320 out of 560
Processing Block size=13
begin cleaner{left: ("[FunctionalDependency:(s: {brewery_id}, t: {brewery_name})]", 0.0), operator: *, right: (1.0, 1.0), result: 0.0}
列 'p' 不存在，对列 brewery_name 不过滤，直接选择所有非无效值。
Block processing time: 0.009757 seconds
Computing Block 321 out of 560
Processing Block size=2
begin cleaner{left: ("[FunctionalDependency:(s: {brewery_id}, t: {brewery_name})]", 0.0), operator: *, right: (1.0, 1.0), result: 0.0}
列 'p' 不存在，对列 brewery_name 不过滤，直接选择所有非无效值。
Block processing time: 0.001565 seconds
Computing Block 322 out of 560
Processing Block size=3
begin cleaner{left: ("[FunctionalDependency:(s: {brewery_id}, t: {brewery_name})]", 0.0), operator: *, right: (1.0, 1.0), result: 0.0}
列 'p' 不存在，对列 brewery_name 不过滤，直接选择所有非无效值。
Block processing time: 0.002364 seconds
Computing Block 324 out of 560
Processing Block size=4
begin cleaner{left: ("[FunctionalDependency:(s: {brewery_id}, t: {brewery_name})]", 0.0), operator: *, right: (1.0, 1.0), result: 0.0}
列 'p' 不存在，对列 brewery_name 不过滤，直接选择所有非无效值。
Block processing time: 0.003155 seconds
Computing Block 325 out of 560
Processing Block size=3
begin cleaner{left: ("[FunctionalDependency:(s: {brewery_id}, t: {brewery_name})]", 0.0), operator: *, right: (1.0, 1.0), result: 0.0}
列 'p' 不存在，对列 brewery_name 不过滤，直接选择所有非无效值。
Block processing time: 0.002271 seconds
Computing Block 328 out of 560
Processing Block size=5
begin cleaner{left: ("[FunctionalDependency:(s: {brewery_id}, t: {brewery_name})]", 0.0), operator: *, right: (1.0, 1.0), result: 0.0}
列 'p' 不存在，对列 brewery_name 不过滤，直接选择所有非无效值。
Block processing time: 0.00369 seconds
Computing Block 329 out of 560
Processing Block size=2
begin cleaner{left: ("[FunctionalDependency:(s: {brewery_id}, t: {brewery_name})]", 0.0), operator: *, right: (1.0, 1.0), result: 0.0}
列 'p' 不存在，对列 brewery_name 不过滤，直接选择所有非无效值。
Block processing time: 0.001566 seconds
Computing Block 330 out of 560
Processing Block size=6
begin cleaner{left: ("[FunctionalDependency:(s: {brewery_id}, t: {brewery_name})]", 0.0), operator: *, right: (1.0, 1.0), result: 0.0}
列 'p' 不存在，对列 brewery_name 不过滤，直接选择所有非无效值。
Block processing time: 0.004634 seconds
Computing Block 331 out of 560
Processing Block size=8
begin cleaner{left: ("[FunctionalDependency:(s: {brewery_id}, t: {brewery_name})]", 0.0), operator: *, right: (1.0, 1.0), result: 0.0}
列 'p' 不存在，对列 brewery_name 不过滤，直接选择所有非无效值。
Block processing time: 0.005947 seconds
Computing Block 332 out of 560
Processing Block size=2
begin cleaner{left: ("[FunctionalDependency:(s: {brewery_id}, t: {brewery_name})]", 0.0), operator: *, right: (1.0, 1.0), result: 0.0}
列 'p' 不存在，对列 brewery_name 不过滤，直接选择所有非无效值。
Block processing time: 0.001623 seconds
Computing Block 333 out of 560
Processing Block size=6
begin cleaner{left: ("[FunctionalDependency:(s: {brewery_id}, t: {brewery_name})]", 0.0), operator: *, right: (1.0, 1.0), result: 0.0}
列 'p' 不存在，对列 brewery_name 不过滤，直接选择所有非无效值。
Block processing time: 0.00443 seconds
Computing Block 336 out of 560
Processing Block size=2
begin cleaner{left: ("[FunctionalDependency:(s: {brewery_id}, t: {brewery_name})]", 0.0), operator: *, right: (1.0, 1.0), result: 0.0}
列 'p' 不存在，对列 brewery_name 不过滤，直接选择所有非无效值。
Block processing time: 0.001584 seconds
Computing Block 338 out of 560
Processing Block size=12
begin cleaner{left: ("[FunctionalDependency:(s: {brewery_id}, t: {brewery_name})]", 0.0), operator: *, right: (1.0, 1.0), result: 0.0}
列 'p' 不存在，对列 brewery_name 不过滤，直接选择所有非无效值。
Block processing time: 0.010302 seconds
Computing Block 339 out of 560
Processing Block size=9
begin cleaner{left: ("[FunctionalDependency:(s: {brewery_id}, t: {brewery_name})]", 0.0), operator: *, right: (1.0, 1.0), result: 0.0}
列 'p' 不存在，对列 brewery_name 不过滤，直接选择所有非无效值。
Block processing time: 0.007207 seconds
Computing Block 341 out of 560
Processing Block size=15
begin cleaner{left: ("[FunctionalDependency:(s: {brewery_id}, t: {brewery_name})]", 0.0), operator: *, right: (1.0, 1.0), result: 0.0}
列 'p' 不存在，对列 brewery_name 不过滤，直接选择所有非无效值。
Block processing time: 0.011719 seconds
Computing Block 342 out of 560
Processing Block size=9
begin cleaner{left: ("[FunctionalDependency:(s: {brewery_id}, t: {brewery_name})]", 0.0), operator: *, right: (1.0, 1.0), result: 0.0}
列 'p' 不存在，对列 brewery_name 不过滤，直接选择所有非无效值。
Block processing time: 0.007359 seconds
Computing Block 343 out of 560
Processing Block size=2
begin cleaner{left: ("[FunctionalDependency:(s: {brewery_id}, t: {brewery_name})]", 0.0), operator: *, right: (1.0, 1.0), result: 0.0}
列 'p' 不存在，对列 brewery_name 不过滤，直接选择所有非无效值。
Block processing time: 0.00182 seconds
Computing Block 346 out of 560
Processing Block size=3
begin cleaner{left: ("[FunctionalDependency:(s: {brewery_id}, t: {brewery_name})]", 0.0), operator: *, right: (1.0, 1.0), result: 0.0}
列 'p' 不存在，对列 brewery_name 不过滤，直接选择所有非无效值。
Block processing time: 0.002664 seconds
Computing Block 347 out of 560
Processing Block size=2
begin cleaner{left: ("[FunctionalDependency:(s: {brewery_id}, t: {brewery_name})]", 0.0), operator: *, right: (1.0, 1.0), result: 0.0}
列 'p' 不存在，对列 brewery_name 不过滤，直接选择所有非无效值。
Block processing time: 0.001695 seconds
Computing Block 348 out of 560
Processing Block size=4
begin cleaner{left: ("[FunctionalDependency:(s: {brewery_id}, t: {brewery_name})]", 0.0), operator: *, right: (1.0, 1.0), result: 0.0}
列 'p' 不存在，对列 brewery_name 不过滤，直接选择所有非无效值。
Block processing time: 0.003157 seconds
Computing Block 351 out of 560
Processing Block size=6
begin cleaner{left: ("[FunctionalDependency:(s: {brewery_id}, t: {brewery_name})]", 0.0), operator: *, right: (1.0, 1.0), result: 0.0}
列 'p' 不存在，对列 brewery_name 不过滤，直接选择所有非无效值。
Block processing time: 0.005151 seconds
Computing Block 352 out of 560
Processing Block size=2
begin cleaner{left: ("[FunctionalDependency:(s: {brewery_id}, t: {brewery_name})]", 0.0), operator: *, right: (1.0, 1.0), result: 0.0}
列 'p' 不存在，对列 brewery_name 不过滤，直接选择所有非无效值。
Block processing time: 0.001708 seconds
Computing Block 354 out of 560
Processing Block size=2
begin cleaner{left: ("[FunctionalDependency:(s: {brewery_id}, t: {brewery_name})]", 0.0), operator: *, right: (1.0, 1.0), result: 0.0}
列 'p' 不存在，对列 brewery_name 不过滤，直接选择所有非无效值。
Block processing time: 0.001713 seconds
Computing Block 355 out of 560
Processing Block size=2
begin cleaner{left: ("[FunctionalDependency:(s: {brewery_id}, t: {brewery_name})]", 0.0), operator: *, right: (1.0, 1.0), result: 0.0}
列 'p' 不存在，对列 brewery_name 不过滤，直接选择所有非无效值。
Block processing time: 0.00183 seconds
Computing Block 356 out of 560
Processing Block size=4
begin cleaner{left: ("[FunctionalDependency:(s: {brewery_id}, t: {brewery_name})]", 0.0), operator: *, right: (1.0, 1.0), result: 0.0}
列 'p' 不存在，对列 brewery_name 不过滤，直接选择所有非无效值。
Block processing time: 0.003255 seconds
Computing Block 357 out of 560
Processing Block size=4
begin cleaner{left: ("[FunctionalDependency:(s: {brewery_id}, t: {brewery_name})]", 0.0), operator: *, right: (1.0, 1.0), result: 0.0}
列 'p' 不存在，对列 brewery_name 不过滤，直接选择所有非无效值。
Block processing time: 0.003274 seconds
Computing Block 358 out of 560
Processing Block size=3
begin cleaner{left: ("[FunctionalDependency:(s: {brewery_id}, t: {brewery_name})]", 0.0), operator: *, right: (1.0, 1.0), result: 0.0}
列 'p' 不存在，对列 brewery_name 不过滤，直接选择所有非无效值。
Block processing time: 0.002413 seconds
Computing Block 360 out of 560
Processing Block size=2
begin cleaner{left: ("[FunctionalDependency:(s: {brewery_id}, t: {brewery_name})]", 0.0), operator: *, right: (1.0, 1.0), result: 0.0}
列 'p' 不存在，对列 brewery_name 不过滤，直接选择所有非无效值。
Block processing time: 0.001684 seconds
Computing Block 361 out of 560
Processing Block size=7
begin cleaner{left: ("[FunctionalDependency:(s: {brewery_id}, t: {brewery_name})]", 0.0), operator: *, right: (1.0, 1.0), result: 0.0}
列 'p' 不存在，对列 brewery_name 不过滤，直接选择所有非无效值。
Block processing time: 0.005956 seconds
Computing Block 362 out of 560
Processing Block size=12
begin cleaner{left: ("[FunctionalDependency:(s: {brewery_id}, t: {brewery_name})]", 0.0), operator: *, right: (1.0, 1.0), result: 0.0}
列 'p' 不存在，对列 brewery_name 不过滤，直接选择所有非无效值。
Block processing time: 0.009491 seconds
Computing Block 364 out of 560
Processing Block size=22
begin cleaner{left: ("[FunctionalDependency:(s: {brewery_id}, t: {brewery_name})]", 0.0), operator: *, right: (1.0, 1.0), result: 0.0}
列 'p' 不存在，对列 brewery_name 不过滤，直接选择所有非无效值。
Block processing time: 0.017101 seconds
Computing Block 365 out of 560
Processing Block size=10
begin cleaner{left: ("[FunctionalDependency:(s: {brewery_id}, t: {brewery_name})]", 0.0), operator: *, right: (1.0, 1.0), result: 0.0}
列 'p' 不存在，对列 brewery_name 不过滤，直接选择所有非无效值。
Block processing time: 0.007613 seconds
Computing Block 366 out of 560
Processing Block size=3
begin cleaner{left: ("[FunctionalDependency:(s: {brewery_id}, t: {brewery_name})]", 0.0), operator: *, right: (1.0, 1.0), result: 0.0}
列 'p' 不存在，对列 brewery_name 不过滤，直接选择所有非无效值。
Block processing time: 0.002366 seconds
Computing Block 367 out of 560
Processing Block size=8
begin cleaner{left: ("[FunctionalDependency:(s: {brewery_id}, t: {brewery_name})]", 0.0), operator: *, right: (1.0, 1.0), result: 0.0}
列 'p' 不存在，对列 brewery_name 不过滤，直接选择所有非无效值。
Block processing time: 0.006843 seconds
Computing Block 368 out of 560
Processing Block size=3
begin cleaner{left: ("[FunctionalDependency:(s: {brewery_id}, t: {brewery_name})]", 0.0), operator: *, right: (1.0, 1.0), result: 0.0}
列 'p' 不存在，对列 brewery_name 不过滤，直接选择所有非无效值。
Block processing time: 0.002381 seconds
Computing Block 370 out of 560
Processing Block size=4
begin cleaner{left: ("[FunctionalDependency:(s: {brewery_id}, t: {brewery_name})]", 0.0), operator: *, right: (1.0, 1.0), result: 0.0}
列 'p' 不存在，对列 brewery_name 不过滤，直接选择所有非无效值。
Block processing time: 0.003102 seconds
Computing Block 371 out of 560
Processing Block size=4
begin cleaner{left: ("[FunctionalDependency:(s: {brewery_id}, t: {brewery_name})]", 0.0), operator: *, right: (1.0, 1.0), result: 0.0}
列 'p' 不存在，对列 brewery_name 不过滤，直接选择所有非无效值。
Block processing time: 0.003169 seconds
Computing Block 372 out of 560
Processing Block size=5
begin cleaner{left: ("[FunctionalDependency:(s: {brewery_id}, t: {brewery_name})]", 0.0), operator: *, right: (1.0, 1.0), result: 0.0}
列 'p' 不存在，对列 brewery_name 不过滤，直接选择所有非无效值。
Block processing time: 0.004299 seconds
Computing Block 373 out of 560
Processing Block size=3
begin cleaner{left: ("[FunctionalDependency:(s: {brewery_id}, t: {brewery_name})]", 0.0), operator: *, right: (1.0, 1.0), result: 0.0}
列 'p' 不存在，对列 brewery_name 不过滤，直接选择所有非无效值。
Block processing time: 0.002378 seconds
Computing Block 374 out of 560
Processing Block size=5
begin cleaner{left: ("[FunctionalDependency:(s: {brewery_id}, t: {brewery_name})]", 0.0), operator: *, right: (1.0, 1.0), result: 0.0}
列 'p' 不存在，对列 brewery_name 不过滤，直接选择所有非无效值。
Block processing time: 0.004105 seconds
Computing Block 375 out of 560
Processing Block size=2
begin cleaner{left: ("[FunctionalDependency:(s: {brewery_id}, t: {brewery_name})]", 0.0), operator: *, right: (1.0, 1.0), result: 0.0}
列 'p' 不存在，对列 brewery_name 不过滤，直接选择所有非无效值。
Block processing time: 0.00175 seconds
Computing Block 376 out of 560
Processing Block size=2
begin cleaner{left: ("[FunctionalDependency:(s: {brewery_id}, t: {brewery_name})]", 0.0), operator: *, right: (1.0, 1.0), result: 0.0}
列 'p' 不存在，对列 brewery_name 不过滤，直接选择所有非无效值。
Block processing time: 0.001622 seconds
Computing Block 378 out of 560
Processing Block size=2
begin cleaner{left: ("[FunctionalDependency:(s: {brewery_id}, t: {brewery_name})]", 0.0), operator: *, right: (1.0, 1.0), result: 0.0}
列 'p' 不存在，对列 brewery_name 不过滤，直接选择所有非无效值。
Block processing time: 0.001642 seconds
Computing Block 379 out of 560
Processing Block size=4
begin cleaner{left: ("[FunctionalDependency:(s: {brewery_id}, t: {brewery_name})]", 0.0), operator: *, right: (1.0, 1.0), result: 0.0}
列 'p' 不存在，对列 brewery_name 不过滤，直接选择所有非无效值。
Block processing time: 0.003432 seconds
Computing Block 380 out of 560
Processing Block size=7
begin cleaner{left: ("[FunctionalDependency:(s: {brewery_id}, t: {brewery_name})]", 0.0), operator: *, right: (1.0, 1.0), result: 0.0}
列 'p' 不存在，对列 brewery_name 不过滤，直接选择所有非无效值。
Block processing time: 0.00536 seconds
Computing Block 381 out of 560
Processing Block size=19
begin cleaner{left: ("[FunctionalDependency:(s: {brewery_id}, t: {brewery_name})]", 0.0), operator: *, right: (1.0, 1.0), result: 0.0}
列 'p' 不存在，对列 brewery_name 不过滤，直接选择所有非无效值。
Block processing time: 0.014807 seconds
Computing Block 382 out of 560
Processing Block size=3
begin cleaner{left: ("[FunctionalDependency:(s: {brewery_id}, t: {brewery_name})]", 0.0), operator: *, right: (1.0, 1.0), result: 0.0}
列 'p' 不存在，对列 brewery_name 不过滤，直接选择所有非无效值。
Block processing time: 0.002646 seconds
Computing Block 383 out of 560
Processing Block size=2
begin cleaner{left: ("[FunctionalDependency:(s: {brewery_id}, t: {brewery_name})]", 0.0), operator: *, right: (1.0, 1.0), result: 0.0}
列 'p' 不存在，对列 brewery_name 不过滤，直接选择所有非无效值。
Block processing time: 0.001835 seconds
Computing Block 384 out of 560
Processing Block size=3
begin cleaner{left: ("[FunctionalDependency:(s: {brewery_id}, t: {brewery_name})]", 0.0), operator: *, right: (1.0, 1.0), result: 0.0}
列 'p' 不存在，对列 brewery_name 不过滤，直接选择所有非无效值。
Block processing time: 0.002488 seconds
Computing Block 385 out of 560
Processing Block size=2
begin cleaner{left: ("[FunctionalDependency:(s: {brewery_id}, t: {brewery_name})]", 0.0), operator: *, right: (1.0, 1.0), result: 0.0}
列 'p' 不存在，对列 brewery_name 不过滤，直接选择所有非无效值。
Block processing time: 0.001684 seconds
Computing Block 386 out of 560
Processing Block size=4
begin cleaner{left: ("[FunctionalDependency:(s: {brewery_id}, t: {brewery_name})]", 0.0), operator: *, right: (1.0, 1.0), result: 0.0}
列 'p' 不存在，对列 brewery_name 不过滤，直接选择所有非无效值。
Block processing time: 0.003892 seconds
Computing Block 387 out of 560
Processing Block size=4
begin cleaner{left: ("[FunctionalDependency:(s: {brewery_id}, t: {brewery_name})]", 0.0), operator: *, right: (1.0, 1.0), result: 0.0}
列 'p' 不存在，对列 brewery_name 不过滤，直接选择所有非无效值。
Block processing time: 0.003335 seconds
Computing Block 388 out of 560
Processing Block size=3
begin cleaner{left: ("[FunctionalDependency:(s: {brewery_id}, t: {brewery_name})]", 0.0), operator: *, right: (1.0, 1.0), result: 0.0}
列 'p' 不存在，对列 brewery_name 不过滤，直接选择所有非无效值。
Block processing time: 0.002254 seconds
Computing Block 389 out of 560
Processing Block size=4
begin cleaner{left: ("[FunctionalDependency:(s: {brewery_id}, t: {brewery_name})]", 0.0), operator: *, right: (1.0, 1.0), result: 0.0}
列 'p' 不存在，对列 brewery_name 不过滤，直接选择所有非无效值。
Block processing time: 0.003146 seconds
Computing Block 390 out of 560
Processing Block size=3
begin cleaner{left: ("[FunctionalDependency:(s: {brewery_id}, t: {brewery_name})]", 0.0), operator: *, right: (1.0, 1.0), result: 0.0}
列 'p' 不存在，对列 brewery_name 不过滤，直接选择所有非无效值。
Block processing time: 0.002344 seconds
Computing Block 391 out of 560
Processing Block size=2
begin cleaner{left: ("[FunctionalDependency:(s: {brewery_id}, t: {brewery_name})]", 0.0), operator: *, right: (1.0, 1.0), result: 0.0}
列 'p' 不存在，对列 brewery_name 不过滤，直接选择所有非无效值。
Block processing time: 0.00158 seconds
Computing Block 392 out of 560
Processing Block size=2
begin cleaner{left: ("[FunctionalDependency:(s: {brewery_id}, t: {brewery_name})]", 0.0), operator: *, right: (1.0, 1.0), result: 0.0}
列 'p' 不存在，对列 brewery_name 不过滤，直接选择所有非无效值。
Block processing time: 0.001724 seconds
Computing Block 393 out of 560
Processing Block size=3
begin cleaner{left: ("[FunctionalDependency:(s: {brewery_id}, t: {brewery_name})]", 0.0), operator: *, right: (1.0, 1.0), result: 0.0}
列 'p' 不存在，对列 brewery_name 不过滤，直接选择所有非无效值。
Block processing time: 0.002413 seconds
Computing Block 394 out of 560
Processing Block size=7
begin cleaner{left: ("[FunctionalDependency:(s: {brewery_id}, t: {brewery_name})]", 0.0), operator: *, right: (1.0, 1.0), result: 0.0}
列 'p' 不存在，对列 brewery_name 不过滤，直接选择所有非无效值。
Block processing time: 0.005338 seconds
Computing Block 397 out of 560
Processing Block size=3
begin cleaner{left: ("[FunctionalDependency:(s: {brewery_id}, t: {brewery_name})]", 0.0), operator: *, right: (1.0, 1.0), result: 0.0}
列 'p' 不存在，对列 brewery_name 不过滤，直接选择所有非无效值。
Block processing time: 0.002394 seconds
Computing Block 398 out of 560
Processing Block size=12
begin cleaner{left: ("[FunctionalDependency:(s: {brewery_id}, t: {brewery_name})]", 0.0), operator: *, right: (1.0, 1.0), result: 0.0}
列 'p' 不存在，对列 brewery_name 不过滤，直接选择所有非无效值。
Block processing time: 0.009247 seconds
Computing Block 399 out of 560
Processing Block size=10
begin cleaner{left: ("[FunctionalDependency:(s: {brewery_id}, t: {brewery_name})]", 0.0), operator: *, right: (1.0, 1.0), result: 0.0}
列 'p' 不存在，对列 brewery_name 不过滤，直接选择所有非无效值。
Block processing time: 0.00753 seconds
Computing Block 400 out of 560
Processing Block size=4
begin cleaner{left: ("[FunctionalDependency:(s: {brewery_id}, t: {brewery_name})]", 0.0), operator: *, right: (1.0, 1.0), result: 0.0}
列 'p' 不存在，对列 brewery_name 不过滤，直接选择所有非无效值。
Block processing time: 0.003111 seconds
Computing Block 401 out of 560
Processing Block size=2
begin cleaner{left: ("[FunctionalDependency:(s: {brewery_id}, t: {brewery_name})]", 0.0), operator: *, right: (1.0, 1.0), result: 0.0}
列 'p' 不存在，对列 brewery_name 不过滤，直接选择所有非无效值。
Block processing time: 0.001712 seconds
Computing Block 402 out of 560
Processing Block size=8
begin cleaner{left: ("[FunctionalDependency:(s: {brewery_id}, t: {brewery_name})]", 0.0), operator: *, right: (1.0, 1.0), result: 0.0}
列 'p' 不存在，对列 brewery_name 不过滤，直接选择所有非无效值。
Block processing time: 0.006455 seconds
Computing Block 403 out of 560
Processing Block size=4
begin cleaner{left: ("[FunctionalDependency:(s: {brewery_id}, t: {brewery_name})]", 0.0), operator: *, right: (1.0, 1.0), result: 0.0}
列 'p' 不存在，对列 brewery_name 不过滤，直接选择所有非无效值。
Block processing time: 0.003216 seconds
Computing Block 405 out of 560
Processing Block size=5
begin cleaner{left: ("[FunctionalDependency:(s: {brewery_id}, t: {brewery_name})]", 0.0), operator: *, right: (1.0, 1.0), result: 0.0}
列 'p' 不存在，对列 brewery_name 不过滤，直接选择所有非无效值。
Block processing time: 0.003971 seconds
Computing Block 406 out of 560
Processing Block size=3
begin cleaner{left: ("[FunctionalDependency:(s: {brewery_id}, t: {brewery_name})]", 0.0), operator: *, right: (1.0, 1.0), result: 0.0}
列 'p' 不存在，对列 brewery_name 不过滤，直接选择所有非无效值。
Block processing time: 0.002611 seconds
Computing Block 408 out of 560
Processing Block size=2
begin cleaner{left: ("[FunctionalDependency:(s: {brewery_id}, t: {brewery_name})]", 0.0), operator: *, right: (1.0, 1.0), result: 0.0}
列 'p' 不存在，对列 brewery_name 不过滤，直接选择所有非无效值。
Block processing time: 0.001833 seconds
Computing Block 409 out of 560
Processing Block size=5
begin cleaner{left: ("[FunctionalDependency:(s: {brewery_id}, t: {brewery_name})]", 0.0), operator: *, right: (1.0, 1.0), result: 0.0}
列 'p' 不存在，对列 brewery_name 不过滤，直接选择所有非无效值。
Block processing time: 0.003974 seconds
Computing Block 410 out of 560
Processing Block size=2
begin cleaner{left: ("[FunctionalDependency:(s: {brewery_id}, t: {brewery_name})]", 0.0), operator: *, right: (1.0, 1.0), result: 0.0}
列 'p' 不存在，对列 brewery_name 不过滤，直接选择所有非无效值。
Block processing time: 0.001635 seconds
Computing Block 411 out of 560
Processing Block size=3
begin cleaner{left: ("[FunctionalDependency:(s: {brewery_id}, t: {brewery_name})]", 0.0), operator: *, right: (1.0, 1.0), result: 0.0}
列 'p' 不存在，对列 brewery_name 不过滤，直接选择所有非无效值。
Block processing time: 0.002398 seconds
Computing Block 412 out of 560
Processing Block size=4
begin cleaner{left: ("[FunctionalDependency:(s: {brewery_id}, t: {brewery_name})]", 0.0), operator: *, right: (1.0, 1.0), result: 0.0}
列 'p' 不存在，对列 brewery_name 不过滤，直接选择所有非无效值。
Block processing time: 0.003115 seconds
Computing Block 413 out of 560
Processing Block size=5
begin cleaner{left: ("[FunctionalDependency:(s: {brewery_id}, t: {brewery_name})]", 0.0), operator: *, right: (1.0, 1.0), result: 0.0}
列 'p' 不存在，对列 brewery_name 不过滤，直接选择所有非无效值。
Block processing time: 0.004168 seconds
Computing Block 414 out of 560
Processing Block size=4
begin cleaner{left: ("[FunctionalDependency:(s: {brewery_id}, t: {brewery_name})]", 0.0), operator: *, right: (1.0, 1.0), result: 0.0}
列 'p' 不存在，对列 brewery_name 不过滤，直接选择所有非无效值。
Block processing time: 0.003185 seconds
Computing Block 415 out of 560
Processing Block size=4
begin cleaner{left: ("[FunctionalDependency:(s: {brewery_id}, t: {brewery_name})]", 0.0), operator: *, right: (1.0, 1.0), result: 0.0}
列 'p' 不存在，对列 brewery_name 不过滤，直接选择所有非无效值。
Block processing time: 0.002992 seconds
Computing Block 416 out of 560
Processing Block size=2
begin cleaner{left: ("[FunctionalDependency:(s: {brewery_id}, t: {brewery_name})]", 0.0), operator: *, right: (1.0, 1.0), result: 0.0}
列 'p' 不存在，对列 brewery_name 不过滤，直接选择所有非无效值。
Block processing time: 0.001633 seconds
Computing Block 417 out of 560
Processing Block size=2
begin cleaner{left: ("[FunctionalDependency:(s: {brewery_id}, t: {brewery_name})]", 0.0), operator: *, right: (1.0, 1.0), result: 0.0}
列 'p' 不存在，对列 brewery_name 不过滤，直接选择所有非无效值。
Block processing time: 0.001595 seconds
Computing Block 418 out of 560
Processing Block size=5
begin cleaner{left: ("[FunctionalDependency:(s: {brewery_id}, t: {brewery_name})]", 0.0), operator: *, right: (1.0, 1.0), result: 0.0}
列 'p' 不存在，对列 brewery_name 不过滤，直接选择所有非无效值。
Block processing time: 0.003957 seconds
Computing Block 420 out of 560
Processing Block size=5
begin cleaner{left: ("[FunctionalDependency:(s: {brewery_id}, t: {brewery_name})]", 0.0), operator: *, right: (1.0, 1.0), result: 0.0}
列 'p' 不存在，对列 brewery_name 不过滤，直接选择所有非无效值。
Block processing time: 0.003902 seconds
Computing Block 421 out of 560
Processing Block size=2
begin cleaner{left: ("[FunctionalDependency:(s: {brewery_id}, t: {brewery_name})]", 0.0), operator: *, right: (1.0, 1.0), result: 0.0}
列 'p' 不存在，对列 brewery_name 不过滤，直接选择所有非无效值。
Block processing time: 0.001619 seconds
Computing Block 422 out of 560
Processing Block size=2
begin cleaner{left: ("[FunctionalDependency:(s: {brewery_id}, t: {brewery_name})]", 0.0), operator: *, right: (1.0, 1.0), result: 0.0}
列 'p' 不存在，对列 brewery_name 不过滤，直接选择所有非无效值。
Block processing time: 0.001555 seconds
Computing Block 423 out of 560
Processing Block size=3
begin cleaner{left: ("[FunctionalDependency:(s: {brewery_id}, t: {brewery_name})]", 0.0), operator: *, right: (1.0, 1.0), result: 0.0}
列 'p' 不存在，对列 brewery_name 不过滤，直接选择所有非无效值。
Block processing time: 0.002325 seconds
Computing Block 424 out of 560
Processing Block size=5
begin cleaner{left: ("[FunctionalDependency:(s: {brewery_id}, t: {brewery_name})]", 0.0), operator: *, right: (1.0, 1.0), result: 0.0}
列 'p' 不存在，对列 brewery_name 不过滤，直接选择所有非无效值。
Block processing time: 0.00359 seconds
Computing Block 425 out of 560
Processing Block size=2
begin cleaner{left: ("[FunctionalDependency:(s: {brewery_id}, t: {brewery_name})]", 0.0), operator: *, right: (1.0, 1.0), result: 0.0}
列 'p' 不存在，对列 brewery_name 不过滤，直接选择所有非无效值。
Block processing time: 0.001559 seconds
Computing Block 426 out of 560
Processing Block size=4
begin cleaner{left: ("[FunctionalDependency:(s: {brewery_id}, t: {brewery_name})]", 0.0), operator: *, right: (1.0, 1.0), result: 0.0}
列 'p' 不存在，对列 brewery_name 不过滤，直接选择所有非无效值。
Block processing time: 0.003473 seconds
Computing Block 427 out of 560
Processing Block size=4
begin cleaner{left: ("[FunctionalDependency:(s: {brewery_id}, t: {brewery_name})]", 0.0), operator: *, right: (1.0, 1.0), result: 0.0}
列 'p' 不存在，对列 brewery_name 不过滤，直接选择所有非无效值。
Block processing time: 0.003234 seconds
Computing Block 428 out of 560
Processing Block size=2
begin cleaner{left: ("[FunctionalDependency:(s: {brewery_id}, t: {brewery_name})]", 0.0), operator: *, right: (1.0, 1.0), result: 0.0}
列 'p' 不存在，对列 brewery_name 不过滤，直接选择所有非无效值。
Block processing time: 0.001643 seconds
Computing Block 430 out of 560
Processing Block size=3
begin cleaner{left: ("[FunctionalDependency:(s: {brewery_id}, t: {brewery_name})]", 0.0), operator: *, right: (1.0, 1.0), result: 0.0}
列 'p' 不存在，对列 brewery_name 不过滤，直接选择所有非无效值。
Block processing time: 0.002275 seconds
Computing Block 431 out of 560
Processing Block size=7
begin cleaner{left: ("[FunctionalDependency:(s: {brewery_id}, t: {brewery_name})]", 0.0), operator: *, right: (1.0, 1.0), result: 0.0}
列 'p' 不存在，对列 brewery_name 不过滤，直接选择所有非无效值。
Block processing time: 0.00528 seconds
Computing Block 432 out of 560
Processing Block size=2
begin cleaner{left: ("[FunctionalDependency:(s: {brewery_id}, t: {brewery_name})]", 0.0), operator: *, right: (1.0, 1.0), result: 0.0}
列 'p' 不存在，对列 brewery_name 不过滤，直接选择所有非无效值。
Block processing time: 0.001633 seconds
Computing Block 433 out of 560
Processing Block size=10
begin cleaner{left: ("[FunctionalDependency:(s: {brewery_id}, t: {brewery_name})]", 0.0), operator: *, right: (1.0, 1.0), result: 0.0}
列 'p' 不存在，对列 brewery_name 不过滤，直接选择所有非无效值。
Block processing time: 0.00754 seconds
Computing Block 434 out of 560
Processing Block size=2
begin cleaner{left: ("[FunctionalDependency:(s: {brewery_id}, t: {brewery_name})]", 0.0), operator: *, right: (1.0, 1.0), result: 0.0}
列 'p' 不存在，对列 brewery_name 不过滤，直接选择所有非无效值。
Block processing time: 0.001611 seconds
Computing Block 436 out of 560
Processing Block size=12
begin cleaner{left: ("[FunctionalDependency:(s: {brewery_id}, t: {brewery_name})]", 0.0), operator: *, right: (1.0, 1.0), result: 0.0}
列 'p' 不存在，对列 brewery_name 不过滤，直接选择所有非无效值。
Block processing time: 0.008843 seconds
Computing Block 437 out of 560
Processing Block size=4
begin cleaner{left: ("[FunctionalDependency:(s: {brewery_id}, t: {brewery_name})]", 0.0), operator: *, right: (1.0, 1.0), result: 0.0}
列 'p' 不存在，对列 brewery_name 不过滤，直接选择所有非无效值。
Block processing time: 0.003084 seconds
Computing Block 438 out of 560
Processing Block size=4
begin cleaner{left: ("[FunctionalDependency:(s: {brewery_id}, t: {brewery_name})]", 0.0), operator: *, right: (1.0, 1.0), result: 0.0}
列 'p' 不存在，对列 brewery_name 不过滤，直接选择所有非无效值。
Block processing time: 0.003032 seconds
Computing Block 439 out of 560
Processing Block size=4
begin cleaner{left: ("[FunctionalDependency:(s: {brewery_id}, t: {brewery_name})]", 0.0), operator: *, right: (1.0, 1.0), result: 0.0}
列 'p' 不存在，对列 brewery_name 不过滤，直接选择所有非无效值。
Block processing time: 0.003128 seconds
Computing Block 440 out of 560
Processing Block size=2
begin cleaner{left: ("[FunctionalDependency:(s: {brewery_id}, t: {brewery_name})]", 0.0), operator: *, right: (1.0, 1.0), result: 0.0}
列 'p' 不存在，对列 brewery_name 不过滤，直接选择所有非无效值。
Block processing time: 0.001607 seconds
Computing Block 441 out of 560
Processing Block size=2
begin cleaner{left: ("[FunctionalDependency:(s: {brewery_id}, t: {brewery_name})]", 0.0), operator: *, right: (1.0, 1.0), result: 0.0}
列 'p' 不存在，对列 brewery_name 不过滤，直接选择所有非无效值。
Block processing time: 0.001562 seconds
Computing Block 442 out of 560
Processing Block size=5
begin cleaner{left: ("[FunctionalDependency:(s: {brewery_id}, t: {brewery_name})]", 0.0), operator: *, right: (1.0, 1.0), result: 0.0}
列 'p' 不存在，对列 brewery_name 不过滤，直接选择所有非无效值。
Block processing time: 0.003908 seconds
Computing Block 443 out of 560
Processing Block size=6
begin cleaner{left: ("[FunctionalDependency:(s: {brewery_id}, t: {brewery_name})]", 0.0), operator: *, right: (1.0, 1.0), result: 0.0}
列 'p' 不存在，对列 brewery_name 不过滤，直接选择所有非无效值。
Block processing time: 0.004633 seconds
Computing Block 445 out of 560
Processing Block size=6
begin cleaner{left: ("[FunctionalDependency:(s: {brewery_id}, t: {brewery_name})]", 0.0), operator: *, right: (1.0, 1.0), result: 0.0}
列 'p' 不存在，对列 brewery_name 不过滤，直接选择所有非无效值。
Block processing time: 0.00455 seconds
Computing Block 446 out of 560
Processing Block size=2
begin cleaner{left: ("[FunctionalDependency:(s: {brewery_id}, t: {brewery_name})]", 0.0), operator: *, right: (1.0, 1.0), result: 0.0}
列 'p' 不存在，对列 brewery_name 不过滤，直接选择所有非无效值。
Block processing time: 0.001688 seconds
Computing Block 448 out of 560
Processing Block size=6
begin cleaner{left: ("[FunctionalDependency:(s: {brewery_id}, t: {brewery_name})]", 0.0), operator: *, right: (1.0, 1.0), result: 0.0}
列 'p' 不存在，对列 brewery_name 不过滤，直接选择所有非无效值。
Block processing time: 0.004564 seconds
Computing Block 449 out of 560
Processing Block size=4
begin cleaner{left: ("[FunctionalDependency:(s: {brewery_id}, t: {brewery_name})]", 0.0), operator: *, right: (1.0, 1.0), result: 0.0}
列 'p' 不存在，对列 brewery_name 不过滤，直接选择所有非无效值。
Block processing time: 0.00303 seconds
Computing Block 450 out of 560
Processing Block size=6
begin cleaner{left: ("[FunctionalDependency:(s: {brewery_id}, t: {brewery_name})]", 0.0), operator: *, right: (1.0, 1.0), result: 0.0}
列 'p' 不存在，对列 brewery_name 不过滤，直接选择所有非无效值。
Block processing time: 0.004489 seconds
Computing Block 451 out of 560
Processing Block size=6
begin cleaner{left: ("[FunctionalDependency:(s: {brewery_id}, t: {brewery_name})]", 0.0), operator: *, right: (1.0, 1.0), result: 0.0}
列 'p' 不存在，对列 brewery_name 不过滤，直接选择所有非无效值。
Block processing time: 0.00436 seconds
Computing Block 452 out of 560
Processing Block size=6
begin cleaner{left: ("[FunctionalDependency:(s: {brewery_id}, t: {brewery_name})]", 0.0), operator: *, right: (1.0, 1.0), result: 0.0}
列 'p' 不存在，对列 brewery_name 不过滤，直接选择所有非无效值。
Block processing time: 0.004455 seconds
Computing Block 453 out of 560
Processing Block size=5
begin cleaner{left: ("[FunctionalDependency:(s: {brewery_id}, t: {brewery_name})]", 0.0), operator: *, right: (1.0, 1.0), result: 0.0}
列 'p' 不存在，对列 brewery_name 不过滤，直接选择所有非无效值。
Block processing time: 0.003707 seconds
Computing Block 454 out of 560
Processing Block size=4
begin cleaner{left: ("[FunctionalDependency:(s: {brewery_id}, t: {brewery_name})]", 0.0), operator: *, right: (1.0, 1.0), result: 0.0}
列 'p' 不存在，对列 brewery_name 不过滤，直接选择所有非无效值。
Block processing time: 0.002911 seconds
Computing Block 455 out of 560
Processing Block size=5
begin cleaner{left: ("[FunctionalDependency:(s: {brewery_id}, t: {brewery_name})]", 0.0), operator: *, right: (1.0, 1.0), result: 0.0}
列 'p' 不存在，对列 brewery_name 不过滤，直接选择所有非无效值。
Block processing time: 0.003663 seconds
Computing Block 456 out of 560
Processing Block size=2
begin cleaner{left: ("[FunctionalDependency:(s: {brewery_id}, t: {brewery_name})]", 0.0), operator: *, right: (1.0, 1.0), result: 0.0}
列 'p' 不存在，对列 brewery_name 不过滤，直接选择所有非无效值。
Block processing time: 0.001591 seconds
Computing Block 457 out of 560
Processing Block size=18
begin cleaner{left: ("[FunctionalDependency:(s: {brewery_id}, t: {brewery_name})]", 0.0), operator: *, right: (1.0, 1.0), result: 0.0}
列 'p' 不存在，对列 brewery_name 不过滤，直接选择所有非无效值。
Block processing time: 0.014152 seconds
Computing Block 459 out of 560
Processing Block size=14
begin cleaner{left: ("[FunctionalDependency:(s: {brewery_id}, t: {brewery_name})]", 0.0), operator: *, right: (1.0, 1.0), result: 0.0}
列 'p' 不存在，对列 brewery_name 不过滤，直接选择所有非无效值。
Block processing time: 0.01092 seconds
Computing Block 460 out of 560
Processing Block size=15
begin cleaner{left: ("[FunctionalDependency:(s: {brewery_id}, t: {brewery_name})]", 0.0), operator: *, right: (1.0, 1.0), result: 0.0}
列 'p' 不存在，对列 brewery_name 不过滤，直接选择所有非无效值。
Block processing time: 0.011938 seconds
Computing Block 461 out of 560
Processing Block size=7
begin cleaner{left: ("[FunctionalDependency:(s: {brewery_id}, t: {brewery_name})]", 0.0), operator: *, right: (1.0, 1.0), result: 0.0}
列 'p' 不存在，对列 brewery_name 不过滤，直接选择所有非无效值。
Block processing time: 0.005258 seconds
Computing Block 462 out of 560
Processing Block size=4
begin cleaner{left: ("[FunctionalDependency:(s: {brewery_id}, t: {brewery_name})]", 0.0), operator: *, right: (1.0, 1.0), result: 0.0}
列 'p' 不存在，对列 brewery_name 不过滤，直接选择所有非无效值。
Block processing time: 0.002973 seconds
Computing Block 463 out of 560
Processing Block size=4
begin cleaner{left: ("[FunctionalDependency:(s: {brewery_id}, t: {brewery_name})]", 0.0), operator: *, right: (1.0, 1.0), result: 0.0}
列 'p' 不存在，对列 brewery_name 不过滤，直接选择所有非无效值。
Block processing time: 0.002947 seconds
Computing Block 464 out of 560
Processing Block size=2
begin cleaner{left: ("[FunctionalDependency:(s: {brewery_id}, t: {brewery_name})]", 0.0), operator: *, right: (1.0, 1.0), result: 0.0}
列 'p' 不存在，对列 brewery_name 不过滤，直接选择所有非无效值。
Block processing time: 0.00176 seconds
Computing Block 465 out of 560
Processing Block size=12
begin cleaner{left: ("[FunctionalDependency:(s: {brewery_id}, t: {brewery_name})]", 0.0), operator: *, right: (1.0, 1.0), result: 0.0}
列 'p' 不存在，对列 brewery_name 不过滤，直接选择所有非无效值。
Block processing time: 0.009016 seconds
Computing Block 466 out of 560
Processing Block size=25
begin cleaner{left: ("[FunctionalDependency:(s: {brewery_id}, t: {brewery_name})]", 0.0), operator: *, right: (1.0, 1.0), result: 0.0}
列 'p' 不存在，对列 brewery_name 不过滤，直接选择所有非无效值。
Block processing time: 0.018132 seconds
Computing Block 468 out of 560
Processing Block size=3
begin cleaner{left: ("[FunctionalDependency:(s: {brewery_id}, t: {brewery_name})]", 0.0), operator: *, right: (1.0, 1.0), result: 0.0}
列 'p' 不存在，对列 brewery_name 不过滤，直接选择所有非无效值。
Block processing time: 0.002243 seconds
Computing Block 470 out of 560
Processing Block size=2
begin cleaner{left: ("[FunctionalDependency:(s: {brewery_id}, t: {brewery_name})]", 0.0), operator: *, right: (1.0, 1.0), result: 0.0}
列 'p' 不存在，对列 brewery_name 不过滤，直接选择所有非无效值。
Block processing time: 0.001502 seconds
Computing Block 471 out of 560
Processing Block size=3
begin cleaner{left: ("[FunctionalDependency:(s: {brewery_id}, t: {brewery_name})]", 0.0), operator: *, right: (1.0, 1.0), result: 0.0}
列 'p' 不存在，对列 brewery_name 不过滤，直接选择所有非无效值。
Block processing time: 0.002218 seconds
Computing Block 473 out of 560
Processing Block size=4
begin cleaner{left: ("[FunctionalDependency:(s: {brewery_id}, t: {brewery_name})]", 0.0), operator: *, right: (1.0, 1.0), result: 0.0}
列 'p' 不存在，对列 brewery_name 不过滤，直接选择所有非无效值。
Block processing time: 0.00303 seconds
Computing Block 474 out of 560
Processing Block size=4
begin cleaner{left: ("[FunctionalDependency:(s: {brewery_id}, t: {brewery_name})]", 0.0), operator: *, right: (1.0, 1.0), result: 0.0}
列 'p' 不存在，对列 brewery_name 不过滤，直接选择所有非无效值。
Block processing time: 0.003017 seconds
Computing Block 476 out of 560
Processing Block size=2
begin cleaner{left: ("[FunctionalDependency:(s: {brewery_id}, t: {brewery_name})]", 0.0), operator: *, right: (1.0, 1.0), result: 0.0}
列 'p' 不存在，对列 brewery_name 不过滤，直接选择所有非无效值。
Block processing time: 0.001602 seconds
Computing Block 477 out of 560
Processing Block size=3
begin cleaner{left: ("[FunctionalDependency:(s: {brewery_id}, t: {brewery_name})]", 0.0), operator: *, right: (1.0, 1.0), result: 0.0}
列 'p' 不存在，对列 brewery_name 不过滤，直接选择所有非无效值。
Block processing time: 0.00235 seconds
Computing Block 478 out of 560
Processing Block size=2
begin cleaner{left: ("[FunctionalDependency:(s: {brewery_id}, t: {brewery_name})]", 0.0), operator: *, right: (1.0, 1.0), result: 0.0}
列 'p' 不存在，对列 brewery_name 不过滤，直接选择所有非无效值。
Block processing time: 0.001508 seconds
Computing Block 479 out of 560
Processing Block size=2
begin cleaner{left: ("[FunctionalDependency:(s: {brewery_id}, t: {brewery_name})]", 0.0), operator: *, right: (1.0, 1.0), result: 0.0}
列 'p' 不存在，对列 brewery_name 不过滤，直接选择所有非无效值。
Block processing time: 0.001509 seconds
Computing Block 480 out of 560
Processing Block size=2
begin cleaner{left: ("[FunctionalDependency:(s: {brewery_id}, t: {brewery_name})]", 0.0), operator: *, right: (1.0, 1.0), result: 0.0}
列 'p' 不存在，对列 brewery_name 不过滤，直接选择所有非无效值。
Block processing time: 0.001527 seconds
Computing Block 481 out of 560
Processing Block size=3
begin cleaner{left: ("[FunctionalDependency:(s: {brewery_id}, t: {brewery_name})]", 0.0), operator: *, right: (1.0, 1.0), result: 0.0}
列 'p' 不存在，对列 brewery_name 不过滤，直接选择所有非无效值。
Block processing time: 0.002279 seconds
Computing Block 483 out of 560
Processing Block size=2
begin cleaner{left: ("[FunctionalDependency:(s: {brewery_id}, t: {brewery_name})]", 0.0), operator: *, right: (1.0, 1.0), result: 0.0}
列 'p' 不存在，对列 brewery_name 不过滤，直接选择所有非无效值。
Block processing time: 0.001501 seconds
Computing Block 484 out of 560
Processing Block size=2
begin cleaner{left: ("[FunctionalDependency:(s: {brewery_id}, t: {brewery_name})]", 0.0), operator: *, right: (1.0, 1.0), result: 0.0}
列 'p' 不存在，对列 brewery_name 不过滤，直接选择所有非无效值。
Block processing time: 0.001546 seconds
Computing Block 485 out of 560
Processing Block size=2
begin cleaner{left: ("[FunctionalDependency:(s: {brewery_id}, t: {brewery_name})]", 0.0), operator: *, right: (1.0, 1.0), result: 0.0}
列 'p' 不存在，对列 brewery_name 不过滤，直接选择所有非无效值。
Block processing time: 0.001543 seconds
Computing Block 486 out of 560
Processing Block size=14
begin cleaner{left: ("[FunctionalDependency:(s: {brewery_id}, t: {brewery_name})]", 0.0), operator: *, right: (1.0, 1.0), result: 0.0}
列 'p' 不存在，对列 brewery_name 不过滤，直接选择所有非无效值。
Block processing time: 0.010308 seconds
Computing Block 487 out of 560
Processing Block size=2
begin cleaner{left: ("[FunctionalDependency:(s: {brewery_id}, t: {brewery_name})]", 0.0), operator: *, right: (1.0, 1.0), result: 0.0}
列 'p' 不存在，对列 brewery_name 不过滤，直接选择所有非无效值。
Block processing time: 0.001601 seconds
Computing Block 489 out of 560
Processing Block size=8
begin cleaner{left: ("[FunctionalDependency:(s: {brewery_id}, t: {brewery_name})]", 0.0), operator: *, right: (1.0, 1.0), result: 0.0}
列 'p' 不存在，对列 brewery_name 不过滤，直接选择所有非无效值。
Block processing time: 0.005708 seconds
Computing Block 491 out of 560
Processing Block size=7
begin cleaner{left: ("[FunctionalDependency:(s: {brewery_id}, t: {brewery_name})]", 0.0), operator: *, right: (1.0, 1.0), result: 0.0}
列 'p' 不存在，对列 brewery_name 不过滤，直接选择所有非无效值。
Block processing time: 0.00508 seconds
Computing Block 492 out of 560
Processing Block size=3
begin cleaner{left: ("[FunctionalDependency:(s: {brewery_id}, t: {brewery_name})]", 0.0), operator: *, right: (1.0, 1.0), result: 0.0}
列 'p' 不存在，对列 brewery_name 不过滤，直接选择所有非无效值。
Block processing time: 0.002244 seconds
Computing Block 493 out of 560
Processing Block size=8
begin cleaner{left: ("[FunctionalDependency:(s: {brewery_id}, t: {brewery_name})]", 0.0), operator: *, right: (1.0, 1.0), result: 0.0}
列 'p' 不存在，对列 brewery_name 不过滤，直接选择所有非无效值。
Block processing time: 0.005732 seconds
Computing Block 494 out of 560
Processing Block size=23
begin cleaner{left: ("[FunctionalDependency:(s: {brewery_id}, t: {brewery_name})]", 0.0), operator: *, right: (1.0, 1.0), result: 0.0}
列 'p' 不存在，对列 brewery_name 不过滤，直接选择所有非无效值。
Block processing time: 0.016141 seconds
Computing Block 495 out of 560
Processing Block size=5
begin cleaner{left: ("[FunctionalDependency:(s: {brewery_id}, t: {brewery_name})]", 0.0), operator: *, right: (1.0, 1.0), result: 0.0}
列 'p' 不存在，对列 brewery_name 不过滤，直接选择所有非无效值。
Block processing time: 0.003657 seconds
Computing Block 496 out of 560
Processing Block size=2
begin cleaner{left: ("[FunctionalDependency:(s: {brewery_id}, t: {brewery_name})]", 0.0), operator: *, right: (1.0, 1.0), result: 0.0}
列 'p' 不存在，对列 brewery_name 不过滤，直接选择所有非无效值。
Block processing time: 0.001504 seconds
Computing Block 497 out of 560
Processing Block size=2
begin cleaner{left: ("[FunctionalDependency:(s: {brewery_id}, t: {brewery_name})]", 0.0), operator: *, right: (1.0, 1.0), result: 0.0}
列 'p' 不存在，对列 brewery_name 不过滤，直接选择所有非无效值。
Block processing time: 0.001534 seconds
Computing Block 498 out of 560
Processing Block size=4
begin cleaner{left: ("[FunctionalDependency:(s: {brewery_id}, t: {brewery_name})]", 0.0), operator: *, right: (1.0, 1.0), result: 0.0}
列 'p' 不存在，对列 brewery_name 不过滤，直接选择所有非无效值。
Block processing time: 0.002946 seconds
Computing Block 499 out of 560
Processing Block size=3
begin cleaner{left: ("[FunctionalDependency:(s: {brewery_id}, t: {brewery_name})]", 0.0), operator: *, right: (1.0, 1.0), result: 0.0}
列 'p' 不存在，对列 brewery_name 不过滤，直接选择所有非无效值。
Block processing time: 0.002185 seconds
Computing Block 501 out of 560
Processing Block size=4
begin cleaner{left: ("[FunctionalDependency:(s: {brewery_id}, t: {brewery_name})]", 0.0), operator: *, right: (1.0, 1.0), result: 0.0}
列 'p' 不存在，对列 brewery_name 不过滤，直接选择所有非无效值。
Block processing time: 0.003051 seconds
Computing Block 504 out of 560
Processing Block size=2
begin cleaner{left: ("[FunctionalDependency:(s: {brewery_id}, t: {brewery_name})]", 0.0), operator: *, right: (1.0, 1.0), result: 0.0}
列 'p' 不存在，对列 brewery_name 不过滤，直接选择所有非无效值。
Block processing time: 0.00152 seconds
Computing Block 505 out of 560
Processing Block size=4
begin cleaner{left: ("[FunctionalDependency:(s: {brewery_id}, t: {brewery_name})]", 0.0), operator: *, right: (1.0, 1.0), result: 0.0}
列 'p' 不存在，对列 brewery_name 不过滤，直接选择所有非无效值。
Block processing time: 0.00288 seconds
Computing Block 507 out of 560
Processing Block size=4
begin cleaner{left: ("[FunctionalDependency:(s: {brewery_id}, t: {brewery_name})]", 0.0), operator: *, right: (1.0, 1.0), result: 0.0}
列 'p' 不存在，对列 brewery_name 不过滤，直接选择所有非无效值。
Block processing time: 0.00294 seconds
Computing Block 508 out of 560
Processing Block size=2
begin cleaner{left: ("[FunctionalDependency:(s: {brewery_id}, t: {brewery_name})]", 0.0), operator: *, right: (1.0, 1.0), result: 0.0}
列 'p' 不存在，对列 brewery_name 不过滤，直接选择所有非无效值。
Block processing time: 0.001498 seconds
Computing Block 509 out of 560
Processing Block size=4
begin cleaner{left: ("[FunctionalDependency:(s: {brewery_id}, t: {brewery_name})]", 0.0), operator: *, right: (1.0, 1.0), result: 0.0}
列 'p' 不存在，对列 brewery_name 不过滤，直接选择所有非无效值。
Block processing time: 0.002931 seconds
Computing Block 511 out of 560
Processing Block size=3
begin cleaner{left: ("[FunctionalDependency:(s: {brewery_id}, t: {brewery_name})]", 0.0), operator: *, right: (1.0, 1.0), result: 0.0}
列 'p' 不存在，对列 brewery_name 不过滤，直接选择所有非无效值。
Block processing time: 0.002215 seconds
Computing Block 512 out of 560
Processing Block size=3
begin cleaner{left: ("[FunctionalDependency:(s: {brewery_id}, t: {brewery_name})]", 0.0), operator: *, right: (1.0, 1.0), result: 0.0}
列 'p' 不存在，对列 brewery_name 不过滤，直接选择所有非无效值。
Block processing time: 0.002213 seconds
Computing Block 513 out of 560
Processing Block size=12
begin cleaner{left: ("[FunctionalDependency:(s: {brewery_id}, t: {brewery_name})]", 0.0), operator: *, right: (1.0, 1.0), result: 0.0}
列 'p' 不存在，对列 brewery_name 不过滤，直接选择所有非无效值。
Block processing time: 0.00856 seconds
Computing Block 514 out of 560
Processing Block size=8
begin cleaner{left: ("[FunctionalDependency:(s: {brewery_id}, t: {brewery_name})]", 0.0), operator: *, right: (1.0, 1.0), result: 0.0}
列 'p' 不存在，对列 brewery_name 不过滤，直接选择所有非无效值。
Block processing time: 0.005803 seconds
Computing Block 517 out of 560
Processing Block size=2
begin cleaner{left: ("[FunctionalDependency:(s: {brewery_id}, t: {brewery_name})]", 0.0), operator: *, right: (1.0, 1.0), result: 0.0}
列 'p' 不存在，对列 brewery_name 不过滤，直接选择所有非无效值。
Block processing time: 0.001502 seconds
Computing Block 519 out of 560
Processing Block size=3
begin cleaner{left: ("[FunctionalDependency:(s: {brewery_id}, t: {brewery_name})]", 0.0), operator: *, right: (1.0, 1.0), result: 0.0}
列 'p' 不存在，对列 brewery_name 不过滤，直接选择所有非无效值。
Block processing time: 0.002209 seconds
Computing Block 520 out of 560
Processing Block size=18
begin cleaner{left: ("[FunctionalDependency:(s: {brewery_id}, t: {brewery_name})]", 0.0), operator: *, right: (1.0, 1.0), result: 0.0}
列 'p' 不存在，对列 brewery_name 不过滤，直接选择所有非无效值。
Block processing time: 0.012812 seconds
Computing Block 523 out of 560
Processing Block size=5
begin cleaner{left: ("[FunctionalDependency:(s: {brewery_id}, t: {brewery_name})]", 0.0), operator: *, right: (1.0, 1.0), result: 0.0}
列 'p' 不存在，对列 brewery_name 不过滤，直接选择所有非无效值。
Block processing time: 0.003582 seconds
Computing Block 524 out of 560
Processing Block size=6
begin cleaner{left: ("[FunctionalDependency:(s: {brewery_id}, t: {brewery_name})]", 0.0), operator: *, right: (1.0, 1.0), result: 0.0}
列 'p' 不存在，对列 brewery_name 不过滤，直接选择所有非无效值。
Block processing time: 0.004363 seconds
Computing Block 525 out of 560
Processing Block size=12
begin cleaner{left: ("[FunctionalDependency:(s: {brewery_id}, t: {brewery_name})]", 0.0), operator: *, right: (1.0, 1.0), result: 0.0}
列 'p' 不存在，对列 brewery_name 不过滤，直接选择所有非无效值。
Block processing time: 0.008383 seconds
Computing Block 526 out of 560
Processing Block size=5
begin cleaner{left: ("[FunctionalDependency:(s: {brewery_id}, t: {brewery_name})]", 0.0), operator: *, right: (1.0, 1.0), result: 0.0}
列 'p' 不存在，对列 brewery_name 不过滤，直接选择所有非无效值。
Block processing time: 0.003612 seconds
Computing Block 527 out of 560
Processing Block size=5
begin cleaner{left: ("[FunctionalDependency:(s: {brewery_id}, t: {brewery_name})]", 0.0), operator: *, right: (1.0, 1.0), result: 0.0}
列 'p' 不存在，对列 brewery_name 不过滤，直接选择所有非无效值。
Block processing time: 0.003603 seconds
Computing Block 528 out of 560
Processing Block size=5
begin cleaner{left: ("[FunctionalDependency:(s: {brewery_id}, t: {brewery_name})]", 0.0), operator: *, right: (1.0, 1.0), result: 0.0}
列 'p' 不存在，对列 brewery_name 不过滤，直接选择所有非无效值。
Block processing time: 0.003596 seconds
Computing Block 529 out of 560
Processing Block size=3
begin cleaner{left: ("[FunctionalDependency:(s: {brewery_id}, t: {brewery_name})]", 0.0), operator: *, right: (1.0, 1.0), result: 0.0}
列 'p' 不存在，对列 brewery_name 不过滤，直接选择所有非无效值。
Block processing time: 0.002215 seconds
WARNING:root:No partitioning rule specified, processing might be slow
Computing Block 530 out of 560
Processing Block size=2
begin cleaner{left: ("[FunctionalDependency:(s: {brewery_id}, t: {brewery_name})]", 0.0), operator: *, right: (1.0, 1.0), result: 0.0}
列 'p' 不存在，对列 brewery_name 不过滤，直接选择所有非无效值。
Block processing time: 0.001496 seconds
Computing Block 534 out of 560
Processing Block size=3
begin cleaner{left: ("[FunctionalDependency:(s: {brewery_id}, t: {brewery_name})]", 0.0), operator: *, right: (1.0, 1.0), result: 0.0}
列 'p' 不存在，对列 brewery_name 不过滤，直接选择所有非无效值。
Block processing time: 0.002195 seconds
Computing Block 535 out of 560
Processing Block size=3
begin cleaner{left: ("[FunctionalDependency:(s: {brewery_id}, t: {brewery_name})]", 0.0), operator: *, right: (1.0, 1.0), result: 0.0}
列 'p' 不存在，对列 brewery_name 不过滤，直接选择所有非无效值。
Block processing time: 0.002207 seconds
Computing Block 536 out of 560
Processing Block size=3
begin cleaner{left: ("[FunctionalDependency:(s: {brewery_id}, t: {brewery_name})]", 0.0), operator: *, right: (1.0, 1.0), result: 0.0}
列 'p' 不存在，对列 brewery_name 不过滤，直接选择所有非无效值。
Block processing time: 0.002213 seconds
Computing Block 537 out of 560
Processing Block size=7
begin cleaner{left: ("[FunctionalDependency:(s: {brewery_id}, t: {brewery_name})]", 0.0), operator: *, right: (1.0, 1.0), result: 0.0}
列 'p' 不存在，对列 brewery_name 不过滤，直接选择所有非无效值。
Block processing time: 0.005103 seconds
Computing Block 538 out of 560
Processing Block size=3
begin cleaner{left: ("[FunctionalDependency:(s: {brewery_id}, t: {brewery_name})]", 0.0), operator: *, right: (1.0, 1.0), result: 0.0}
列 'p' 不存在，对列 brewery_name 不过滤，直接选择所有非无效值。
Block processing time: 0.00222 seconds
Computing Block 539 out of 560
Processing Block size=2
begin cleaner{left: ("[FunctionalDependency:(s: {brewery_id}, t: {brewery_name})]", 0.0), operator: *, right: (1.0, 1.0), result: 0.0}
列 'p' 不存在，对列 brewery_name 不过滤，直接选择所有非无效值。
Block processing time: 0.001555 seconds
Computing Block 540 out of 560
Processing Block size=3
begin cleaner{left: ("[FunctionalDependency:(s: {brewery_id}, t: {brewery_name})]", 0.0), operator: *, right: (1.0, 1.0), result: 0.0}
列 'p' 不存在，对列 brewery_name 不过滤，直接选择所有非无效值。
Block processing time: 0.002256 seconds
Computing Block 542 out of 560
Processing Block size=3
begin cleaner{left: ("[FunctionalDependency:(s: {brewery_id}, t: {brewery_name})]", 0.0), operator: *, right: (1.0, 1.0), result: 0.0}
列 'p' 不存在，对列 brewery_name 不过滤，直接选择所有非无效值。
Block processing time: 0.002265 seconds
Computing Block 543 out of 560
Processing Block size=2
begin cleaner{left: ("[FunctionalDependency:(s: {brewery_id}, t: {brewery_name})]", 0.0), operator: *, right: (1.0, 1.0), result: 0.0}
列 'p' 不存在，对列 brewery_name 不过滤，直接选择所有非无效值。
Block processing time: 0.001577 seconds
Computing Block 544 out of 560
Processing Block size=7
begin cleaner{left: ("[FunctionalDependency:(s: {brewery_id}, t: {brewery_name})]", 0.0), operator: *, right: (1.0, 1.0), result: 0.0}
列 'p' 不存在，对列 brewery_name 不过滤，直接选择所有非无效值。
Block processing time: 0.005034 seconds
Computing Block 546 out of 560
Processing Block size=4
begin cleaner{left: ("[FunctionalDependency:(s: {brewery_id}, t: {brewery_name})]", 0.0), operator: *, right: (1.0, 1.0), result: 0.0}
列 'p' 不存在，对列 brewery_name 不过滤，直接选择所有非无效值。
Block processing time: 0.003017 seconds
Computing Block 548 out of 560
Processing Block size=4
begin cleaner{left: ("[FunctionalDependency:(s: {brewery_id}, t: {brewery_name})]", 0.0), operator: *, right: (1.0, 1.0), result: 0.0}
列 'p' 不存在，对列 brewery_name 不过滤，直接选择所有非无效值。
Block processing time: 0.002937 seconds
Computing Block 549 out of 560
Processing Block size=2
begin cleaner{left: ("[FunctionalDependency:(s: {brewery_id}, t: {brewery_name})]", 0.0), operator: *, right: (1.0, 1.0), result: 0.0}
列 'p' 不存在，对列 brewery_name 不过滤，直接选择所有非无效值。
Block processing time: 0.001511 seconds
Computing Block 550 out of 560
Processing Block size=3
begin cleaner{left: ("[FunctionalDependency:(s: {brewery_id}, t: {brewery_name})]", 0.0), operator: *, right: (1.0, 1.0), result: 0.0}
列 'p' 不存在，对列 brewery_name 不过滤，直接选择所有非无效值。
Block processing time: 0.002184 seconds
Computing Block 551 out of 560
Processing Block size=3
begin cleaner{left: ("[FunctionalDependency:(s: {brewery_id}, t: {brewery_name})]", 0.0), operator: *, right: (1.0, 1.0), result: 0.0}
列 'p' 不存在，对列 brewery_name 不过滤，直接选择所有非无效值。
Block processing time: 0.002268 seconds
Computing Block 552 out of 560
Processing Block size=6
begin cleaner{left: ("[FunctionalDependency:(s: {brewery_id}, t: {brewery_name})]", 0.0), operator: *, right: (1.0, 1.0), result: 0.0}
列 'p' 不存在，对列 brewery_name 不过滤，直接选择所有非无效值。
Block processing time: 0.004366 seconds
Computing Block 553 out of 560
Processing Block size=2
begin cleaner{left: ("[FunctionalDependency:(s: {brewery_id}, t: {brewery_name})]", 0.0), operator: *, right: (1.0, 1.0), result: 0.0}
列 'p' 不存在，对列 brewery_name 不过滤，直接选择所有非无效值。
Block processing time: 0.001494 seconds
Computing Block 554 out of 560
Processing Block size=8
begin cleaner{left: ("[FunctionalDependency:(s: {brewery_id}, t: {brewery_name})]", 0.0), operator: *, right: (1.0, 1.0), result: 0.0}
列 'p' 不存在，对列 brewery_name 不过滤，直接选择所有非无效值。
Block processing time: 0.005713 seconds
Computing Block 556 out of 560
Processing Block size=2
begin cleaner{left: ("[FunctionalDependency:(s: {brewery_id}, t: {brewery_name})]", 0.0), operator: *, right: (1.0, 1.0), result: 0.0}
列 'p' 不存在，对列 brewery_name 不过滤，直接选择所有非无效值。
Block processing time: 0.00149 seconds
Computing Block 557 out of 560
Processing Block size=4
begin cleaner{left: ("[FunctionalDependency:(s: {brewery_id}, t: {brewery_name})]", 0.0), operator: *, right: (1.0, 1.0), result: 0.0}
列 'p' 不存在，对列 brewery_name 不过滤，直接选择所有非无效值。
Block processing time: 0.002931 seconds
Computing Block 559 out of 560
Processing Block size=13
begin cleaner{left: ("[FunctionalDependency:(s: {brewery_id}, t: {brewery_name})]", 0.0), operator: *, right: (1.0, 1.0), result: 0.0}
列 'p' 不存在，对列 brewery_name 不过滤，直接选择所有非无效值。
Block processing time: 0.009813 seconds
Computing Block 560 out of 560
Processing Block size=7
begin cleaner{left: ("[FunctionalDependency:(s: {brewery_id}, t: {brewery_name})]", 0.0), operator: *, right: (1.0, 1.0), result: 0.0}
列 'p' 不存在，对列 brewery_name 不过滤，直接选择所有非无效值。
Block processing time: 0.005016 seconds
  当前节点: brewery_name 无清洗操作
  当前节点: city 存在可用清洗信号
数据块大小: 2410
分块属性:
[['brewery_id']]
Starting initial block mapping...
Initial number of blocks: 560
Final number of blocks after further splitting: 560
Computing Block 1 out of 560
Processing Block size=8
begin cleaner[FunctionalDependency:(s: {'brewery_id'}, t: {'city'})]*1.0
列 'p' 不存在，对列 city 不过滤，直接选择所有非无效值。
Block processing time: 0.006394 seconds
Computing Block 2 out of 560
Processing Block size=5
begin cleaner{left: ("[FunctionalDependency:(s: {brewery_id}, t: {city})]", 0.0), operator: *, right: (1.0, 1.0), result: 0.0}
列 'p' 不存在，对列 city 不过滤，直接选择所有非无效值。
Block processing time: 0.003924 seconds
Computing Block 3 out of 560
Processing Block size=19
begin cleaner{left: ("[FunctionalDependency:(s: {brewery_id}, t: {city})]", 0.0), operator: *, right: (1.0, 1.0), result: 0.0}
列 'p' 不存在，对列 city 不过滤，直接选择所有非无效值。
clean_bool length:3
newest best op: Uniop(df,'city','Chandler AZ',(['brewery_id'], {('30',)}),{left: ("[FunctionalDependency:(s: {brewery_id}, t: {city})]", 0.0), operator: *, right: (1.0, 1.0), result: 0.0})
now error: 0.0
newest best op: Uniop(df,'city','Chandler',(['brewery_id'], {('30',)}),{left: ("[FunctionalDependency:(s: {brewery_id}, t: {city})]", 0.0), operator: *, right: (1.0, 1.0), result: 0.0})
now error: 0.0
Block processing time: 0.043513 seconds
Computing Block 4 out of 560
Processing Block size=2
begin cleaner{left: ("[FunctionalDependency:(s: {brewery_id}, t: {city})]", 0.0), operator: *, right: (1.0, 1.0), result: 0.0}
列 'p' 不存在，对列 city 不过滤，直接选择所有非无效值。
Block processing time: 0.001698 seconds
Computing Block 5 out of 560
Processing Block size=4
begin cleaner{left: ("[FunctionalDependency:(s: {brewery_id}, t: {city})]", 0.0), operator: *, right: (1.0, 1.0), result: 0.0}
列 'p' 不存在，对列 city 不过滤，直接选择所有非无效值。
Block processing time: 0.003531 seconds
Computing Block 6 out of 560
Processing Block size=2
begin cleaner{left: ("[FunctionalDependency:(s: {brewery_id}, t: {city})]", 0.0), operator: *, right: (1.0, 1.0), result: 0.0}
列 'p' 不存在，对列 city 不过滤，直接选择所有非无效值。
Block processing time: 0.001702 seconds
Computing Block 7 out of 560
Processing Block size=4
begin cleaner{left: ("[FunctionalDependency:(s: {brewery_id}, t: {city})]", 0.0), operator: *, right: (1.0, 1.0), result: 0.0}
列 'p' 不存在，对列 city 不过滤，直接选择所有非无效值。
Block processing time: 0.003094 seconds
Computing Block 8 out of 560
Processing Block size=2
begin cleaner{left: ("[FunctionalDependency:(s: {brewery_id}, t: {city})]", 0.0), operator: *, right: (1.0, 1.0), result: 0.0}
列 'p' 不存在，对列 city 不过滤，直接选择所有非无效值。
Block processing time: 0.00165 seconds
Computing Block 11 out of 560
Processing Block size=6
begin cleaner{left: ("[FunctionalDependency:(s: {brewery_id}, t: {city})]", 0.0), operator: *, right: (1.0, 1.0), result: 0.0}
列 'p' 不存在，对列 city 不过滤，直接选择所有非无效值。
Block processing time: 0.004551 seconds
Computing Block 12 out of 560
Processing Block size=3
begin cleaner{left: ("[FunctionalDependency:(s: {brewery_id}, t: {city})]", 0.0), operator: *, right: (1.0, 1.0), result: 0.0}
列 'p' 不存在，对列 city 不过滤，直接选择所有非无效值。
Block processing time: 0.002368 seconds
Computing Block 15 out of 560
Processing Block size=5
begin cleaner{left: ("[FunctionalDependency:(s: {brewery_id}, t: {city})]", 0.0), operator: *, right: (1.0, 1.0), result: 0.0}
列 'p' 不存在，对列 city 不过滤，直接选择所有非无效值。
clean_bool length:3
newest best op: Uniop(df,'city','Boulder',(['brewery_id'], {('405',)}),{left: ("[FunctionalDependency:(s: {brewery_id}, t: {city})]", 0.0), operator: *, right: (1.0, 1.0), result: 0.0})
now error: 0.0
Block processing time: 0.012235 seconds
Computing Block 17 out of 560
Processing Block size=2
begin cleaner{left: ("[FunctionalDependency:(s: {brewery_id}, t: {city})]", 0.0), operator: *, right: (1.0, 1.0), result: 0.0}
列 'p' 不存在，对列 city 不过滤，直接选择所有非无效值。
Block processing time: 0.001615 seconds
Computing Block 18 out of 560
Processing Block size=3
begin cleaner{left: ("[FunctionalDependency:(s: {brewery_id}, t: {city})]", 0.0), operator: *, right: (1.0, 1.0), result: 0.0}
列 'p' 不存在，对列 city 不过滤，直接选择所有非无效值。
Block processing time: 0.002516 seconds
Computing Block 19 out of 560
Processing Block size=3
begin cleaner{left: ("[FunctionalDependency:(s: {brewery_id}, t: {city})]", 0.0), operator: *, right: (1.0, 1.0), result: 0.0}
列 'p' 不存在，对列 city 不过滤，直接选择所有非无效值。
Block processing time: 0.002419 seconds
Computing Block 21 out of 560
Processing Block size=5
begin cleaner{left: ("[FunctionalDependency:(s: {brewery_id}, t: {city})]", 0.0), operator: *, right: (1.0, 1.0), result: 0.0}
列 'p' 不存在，对列 city 不过滤，直接选择所有非无效值。
Block processing time: 0.003898 seconds
Computing Block 24 out of 560
Processing Block size=17
begin cleaner{left: ("[FunctionalDependency:(s: {brewery_id}, t: {city})]", 0.0), operator: *, right: (1.0, 1.0), result: 0.0}
列 'p' 不存在，对列 city 不过滤，直接选择所有非无效值。
Block processing time: 0.012984 seconds
Computing Block 25 out of 560
Processing Block size=7
begin cleaner{left: ("[FunctionalDependency:(s: {brewery_id}, t: {city})]", 0.0), operator: *, right: (1.0, 1.0), result: 0.0}
列 'p' 不存在，对列 city 不过滤，直接选择所有非无效值。
clean_bool length:3
newest best op: Uniop(df,'city','Dillon',(['brewery_id'], {('135',)}),{left: ("[FunctionalDependency:(s: {brewery_id}, t: {city})]", 0.0), operator: *, right: (1.0, 1.0), result: 0.0})
now error: 0.0
Block processing time: 0.01673 seconds
Computing Block 26 out of 560
Processing Block size=5
begin cleaner{left: ("[FunctionalDependency:(s: {brewery_id}, t: {city})]", 0.0), operator: *, right: (1.0, 1.0), result: 0.0}
列 'p' 不存在，对列 city 不过滤，直接选择所有非无效值。
Block processing time: 0.003861 seconds
Computing Block 27 out of 560
Processing Block size=3
begin cleaner{left: ("[FunctionalDependency:(s: {brewery_id}, t: {city})]", 0.0), operator: *, right: (1.0, 1.0), result: 0.0}
列 'p' 不存在，对列 city 不过滤，直接选择所有非无效值。
clean_bool length:3
newest best op: Uniop(df,'city','St. Paul',(['brewery_id'], {('58',)}),{left: ("[FunctionalDependency:(s: {brewery_id}, t: {city})]", 0.0), operator: *, right: (1.0, 1.0), result: 0.0})
now error: 0.0
Block processing time: 0.007825 seconds
Computing Block 28 out of 560
Processing Block size=8
begin cleaner{left: ("[FunctionalDependency:(s: {brewery_id}, t: {city})]", 0.0), operator: *, right: (1.0, 1.0), result: 0.0}
列 'p' 不存在，对列 city 不过滤，直接选择所有非无效值。
clean_bool length:3
newest best op: Uniop(df,'city','Chicago IL',(['brewery_id'], {('65',)}),{left: ("[FunctionalDependency:(s: {brewery_id}, t: {city})]", 0.0), operator: *, right: (1.0, 1.0), result: 0.0})
now error: 0.0
newest best op: Uniop(df,'city','Chicago',(['brewery_id'], {('65',)}),{left: ("[FunctionalDependency:(s: {brewery_id}, t: {city})]", 0.0), operator: *, right: (1.0, 1.0), result: 0.0})
now error: 0.0
Block processing time: 0.018839 seconds
Computing Block 30 out of 560
Processing Block size=2
begin cleaner{left: ("[FunctionalDependency:(s: {brewery_id}, t: {city})]", 0.0), operator: *, right: (1.0, 1.0), result: 0.0}
列 'p' 不存在，对列 city 不过滤，直接选择所有非无效值。
Block processing time: 0.001782 seconds
Computing Block 31 out of 560
Processing Block size=62
begin cleaner{left: ("[FunctionalDependency:(s: {brewery_id}, t: {city})]", 0.0), operator: *, right: (1.0, 1.0), result: 0.0}
列 'p' 不存在，对列 city 不过滤，直接选择所有非无效值。
clean_bool length:3
newest best op: Uniop(df,'city','Grand Rapids MI',(['brewery_id'], {('10',)}),{left: ("[FunctionalDependency:(s: {brewery_id}, t: {city})]", 0.0), operator: *, right: (1.0, 1.0), result: 0.0})
now error: 0.0
newest best op: Uniop(df,'city','Grand Rapids',(['brewery_id'], {('10',)}),{left: ("[FunctionalDependency:(s: {brewery_id}, t: {city})]", 0.0), operator: *, right: (1.0, 1.0), result: 0.0})
now error: 0.0
Block processing time: 0.140282 seconds
Computing Block 32 out of 560
Processing Block size=6
begin cleaner{left: ("[FunctionalDependency:(s: {brewery_id}, t: {city})]", 0.0), operator: *, right: (1.0, 1.0), result: 0.0}
列 'p' 不存在，对列 city 不过滤，直接选择所有非无效值。
clean_bool length:3
newest best op: Uniop(df,'city','Brooklyn',(['brewery_id'], {('437',)}),{left: ("[FunctionalDependency:(s: {brewery_id}, t: {city})]", 0.0), operator: *, right: (1.0, 1.0), result: 0.0})
now error: 0.0
Block processing time: 0.014457 seconds
Computing Block 33 out of 560
Processing Block size=4
begin cleaner{left: ("[FunctionalDependency:(s: {brewery_id}, t: {city})]", 0.0), operator: *, right: (1.0, 1.0), result: 0.0}
列 'p' 不存在，对列 city 不过滤，直接选择所有非无效值。
Block processing time: 0.00308 seconds
Computing Block 34 out of 560
Processing Block size=6
begin cleaner{left: ("[FunctionalDependency:(s: {brewery_id}, t: {city})]", 0.0), operator: *, right: (1.0, 1.0), result: 0.0}
列 'p' 不存在，对列 city 不过滤，直接选择所有非无效值。
Block processing time: 0.004767 seconds
Computing Block 35 out of 560
Processing Block size=3
begin cleaner{left: ("[FunctionalDependency:(s: {brewery_id}, t: {city})]", 0.0), operator: *, right: (1.0, 1.0), result: 0.0}
列 'p' 不存在，对列 city 不过滤，直接选择所有非无效值。
Block processing time: 0.002299 seconds
Computing Block 36 out of 560
Processing Block size=2
begin cleaner{left: ("[FunctionalDependency:(s: {brewery_id}, t: {city})]", 0.0), operator: *, right: (1.0, 1.0), result: 0.0}
列 'p' 不存在，对列 city 不过滤，直接选择所有非无效值。
Block processing time: 0.001543 seconds
Computing Block 37 out of 560
Processing Block size=11
begin cleaner{left: ("[FunctionalDependency:(s: {brewery_id}, t: {city})]", 0.0), operator: *, right: (1.0, 1.0), result: 0.0}
列 'p' 不存在，对列 city 不过滤，直接选择所有非无效值。
Block processing time: 0.00844 seconds
Computing Block 38 out of 560
Processing Block size=3
begin cleaner{left: ("[FunctionalDependency:(s: {brewery_id}, t: {city})]", 0.0), operator: *, right: (1.0, 1.0), result: 0.0}
列 'p' 不存在，对列 city 不过滤，直接选择所有非无效值。
Block processing time: 0.002607 seconds
Computing Block 39 out of 560
Processing Block size=3
begin cleaner{left: ("[FunctionalDependency:(s: {brewery_id}, t: {city})]", 0.0), operator: *, right: (1.0, 1.0), result: 0.0}
列 'p' 不存在，对列 city 不过滤，直接选择所有非无效值。
Block processing time: 0.002408 seconds
Computing Block 40 out of 560
Processing Block size=3
begin cleaner{left: ("[FunctionalDependency:(s: {brewery_id}, t: {city})]", 0.0), operator: *, right: (1.0, 1.0), result: 0.0}
列 'p' 不存在，对列 city 不过滤，直接选择所有非无效值。
Block processing time: 0.002331 seconds
Computing Block 43 out of 560
Processing Block size=12
begin cleaner{left: ("[FunctionalDependency:(s: {brewery_id}, t: {city})]", 0.0), operator: *, right: (1.0, 1.0), result: 0.0}
列 'p' 不存在，对列 city 不过滤，直接选择所有非无效值。
Block processing time: 0.008911 seconds
Computing Block 44 out of 560
Processing Block size=5
begin cleaner{left: ("[FunctionalDependency:(s: {brewery_id}, t: {city})]", 0.0), operator: *, right: (1.0, 1.0), result: 0.0}
列 'p' 不存在，对列 city 不过滤，直接选择所有非无效值。
Block processing time: 0.003901 seconds
Computing Block 46 out of 560
Processing Block size=8
begin cleaner{left: ("[FunctionalDependency:(s: {brewery_id}, t: {city})]", 0.0), operator: *, right: (1.0, 1.0), result: 0.0}
列 'p' 不存在，对列 city 不过滤，直接选择所有非无效值。
Block processing time: 0.005822 seconds
Computing Block 47 out of 560
Processing Block size=9
begin cleaner{left: ("[FunctionalDependency:(s: {brewery_id}, t: {city})]", 0.0), operator: *, right: (1.0, 1.0), result: 0.0}
列 'p' 不存在，对列 city 不过滤，直接选择所有非无效值。
clean_bool length:3
newest best op: Uniop(df,'city','Cincinnati OH',(['brewery_id'], {('91',)}),{left: ("[FunctionalDependency:(s: {brewery_id}, t: {city})]", 0.0), operator: *, right: (1.0, 1.0), result: 0.0})
now error: 0.0
newest best op: Uniop(df,'city','Cincinnati',(['brewery_id'], {('91',)}),{left: ("[FunctionalDependency:(s: {brewery_id}, t: {city})]", 0.0), operator: *, right: (1.0, 1.0), result: 0.0})
now error: 0.0
Block processing time: 0.021613 seconds
Computing Block 48 out of 560
Processing Block size=2
begin cleaner{left: ("[FunctionalDependency:(s: {brewery_id}, t: {city})]", 0.0), operator: *, right: (1.0, 1.0), result: 0.0}
列 'p' 不存在，对列 city 不过滤，直接选择所有非无效值。
Block processing time: 0.001707 seconds
Computing Block 50 out of 560
Processing Block size=3
begin cleaner{left: ("[FunctionalDependency:(s: {brewery_id}, t: {city})]", 0.0), operator: *, right: (1.0, 1.0), result: 0.0}
列 'p' 不存在，对列 city 不过滤，直接选择所有非无效值。
Block processing time: 0.002367 seconds
Computing Block 51 out of 560
Processing Block size=4
begin cleaner{left: ("[FunctionalDependency:(s: {brewery_id}, t: {city})]", 0.0), operator: *, right: (1.0, 1.0), result: 0.0}
列 'p' 不存在，对列 city 不过滤，直接选择所有非无效值。
clean_bool length:3
newest best op: Uniop(df,'city','Springdale AR',(['brewery_id'], {('139',)}),{left: ("[FunctionalDependency:(s: {brewery_id}, t: {city})]", 0.0), operator: *, right: (1.0, 1.0), result: 0.0})
now error: 0.0
newest best op: Uniop(df,'city','Springdale',(['brewery_id'], {('139',)}),{left: ("[FunctionalDependency:(s: {brewery_id}, t: {city})]", 0.0), operator: *, right: (1.0, 1.0), result: 0.0})
now error: 0.0
Block processing time: 0.010087 seconds
Computing Block 53 out of 560
Processing Block size=3
begin cleaner{left: ("[FunctionalDependency:(s: {brewery_id}, t: {city})]", 0.0), operator: *, right: (1.0, 1.0), result: 0.0}
列 'p' 不存在，对列 city 不过滤，直接选择所有非无效值。
Block processing time: 0.002427 seconds
Computing Block 54 out of 560
Processing Block size=2
begin cleaner{left: ("[FunctionalDependency:(s: {brewery_id}, t: {city})]", 0.0), operator: *, right: (1.0, 1.0), result: 0.0}
列 'p' 不存在，对列 city 不过滤，直接选择所有非无效值。
Block processing time: 0.001642 seconds
Computing Block 56 out of 560
Processing Block size=11
begin cleaner{left: ("[FunctionalDependency:(s: {brewery_id}, t: {city})]", 0.0), operator: *, right: (1.0, 1.0), result: 0.0}
列 'p' 不存在，对列 city 不过滤，直接选择所有非无效值。
Block processing time: 0.008317 seconds
Computing Block 57 out of 560
Processing Block size=3
begin cleaner{left: ("[FunctionalDependency:(s: {brewery_id}, t: {city})]", 0.0), operator: *, right: (1.0, 1.0), result: 0.0}
列 'p' 不存在，对列 city 不过滤，直接选择所有非无效值。
clean_bool length:3
newest best op: Uniop(df,'city','Evanston IL',(['brewery_id'], {('210',)}),{left: ("[FunctionalDependency:(s: {brewery_id}, t: {city})]", 0.0), operator: *, right: (1.0, 1.0), result: 0.0})
now error: 0.0
newest best op: Uniop(df,'city','Evanston',(['brewery_id'], {('210',)}),{left: ("[FunctionalDependency:(s: {brewery_id}, t: {city})]", 0.0), operator: *, right: (1.0, 1.0), result: 0.0})
now error: 0.0
Block processing time: 0.007967 seconds
Computing Block 58 out of 560
Processing Block size=24
begin cleaner{left: ("[FunctionalDependency:(s: {brewery_id}, t: {city})]", 0.0), operator: *, right: (1.0, 1.0), result: 0.0}
列 'p' 不存在，对列 city 不过滤，直接选择所有非无效值。
clean_bool length:3
newest best op: Uniop(df,'city','Brooklyn',(['brewery_id'], {('46',)}),{left: ("[FunctionalDependency:(s: {brewery_id}, t: {city})]", 0.0), operator: *, right: (1.0, 1.0), result: 0.0})
now error: 0.0
Block processing time: 0.053914 seconds
Computing Block 59 out of 560
Processing Block size=2
begin cleaner{left: ("[FunctionalDependency:(s: {brewery_id}, t: {city})]", 0.0), operator: *, right: (1.0, 1.0), result: 0.0}
列 'p' 不存在，对列 city 不过滤，直接选择所有非无效值。
Block processing time: 0.001663 seconds
Computing Block 61 out of 560
Processing Block size=4
begin cleaner{left: ("[FunctionalDependency:(s: {brewery_id}, t: {city})]", 0.0), operator: *, right: (1.0, 1.0), result: 0.0}
列 'p' 不存在，对列 city 不过滤，直接选择所有非无效值。
clean_bool length:3
newest best op: Uniop(df,'city','San Luis Obispo CA',(['brewery_id'], {('350',)}),{left: ("[FunctionalDependency:(s: {brewery_id}, t: {city})]", 0.0), operator: *, right: (1.0, 1.0), result: 0.0})
now error: 0.0
newest best op: Uniop(df,'city','San Luis Obispo',(['brewery_id'], {('350',)}),{left: ("[FunctionalDependency:(s: {brewery_id}, t: {city})]", 0.0), operator: *, right: (1.0, 1.0), result: 0.0})
now error: 0.0
Block processing time: 0.009614 seconds
Computing Block 62 out of 560
Processing Block size=9
begin cleaner{left: ("[FunctionalDependency:(s: {brewery_id}, t: {city})]", 0.0), operator: *, right: (1.0, 1.0), result: 0.0}
列 'p' 不存在，对列 city 不过滤，直接选择所有非无效值。
Block processing time: 0.006548 seconds
Computing Block 63 out of 560
Processing Block size=13
begin cleaner{left: ("[FunctionalDependency:(s: {brewery_id}, t: {city})]", 0.0), operator: *, right: (1.0, 1.0), result: 0.0}
列 'p' 不存在，对列 city 不过滤，直接选择所有非无效值。
clean_bool length:3
newest best op: Uniop(df,'city','Brooklyn Center',(['brewery_id'], {('61',)}),{left: ("[FunctionalDependency:(s: {brewery_id}, t: {city})]", 0.0), operator: *, right: (1.0, 1.0), result: 0.0})
now error: 0.0
Block processing time: 0.028828 seconds
Computing Block 64 out of 560
Processing Block size=2
begin cleaner{left: ("[FunctionalDependency:(s: {brewery_id}, t: {city})]", 0.0), operator: *, right: (1.0, 1.0), result: 0.0}
列 'p' 不存在，对列 city 不过滤，直接选择所有非无效值。
clean_bool length:3
newest best op: Uniop(df,'city','Tampa Bay FL',(['brewery_id'], {('467',)}),{left: ("[FunctionalDependency:(s: {brewery_id}, t: {city})]", 0.0), operator: *, right: (1.0, 1.0), result: 0.0})
now error: 0.0
Block processing time: 0.00538 seconds
Computing Block 66 out of 560
Processing Block size=7
begin cleaner{left: ("[FunctionalDependency:(s: {brewery_id}, t: {city})]", 0.0), operator: *, right: (1.0, 1.0), result: 0.0}
列 'p' 不存在，对列 city 不过滤，直接选择所有非无效值。
Block processing time: 0.005033 seconds
Computing Block 67 out of 560
Processing Block size=10
begin cleaner{left: ("[FunctionalDependency:(s: {brewery_id}, t: {city})]", 0.0), operator: *, right: (1.0, 1.0), result: 0.0}
列 'p' 不存在，对列 city 不过滤，直接选择所有非无效值。
Block processing time: 0.007152 seconds
Computing Block 68 out of 560
Processing Block size=2
begin cleaner{left: ("[FunctionalDependency:(s: {brewery_id}, t: {city})]", 0.0), operator: *, right: (1.0, 1.0), result: 0.0}
列 'p' 不存在，对列 city 不过滤，直接选择所有非无效值。
Block processing time: 0.001561 seconds
Computing Block 70 out of 560
Processing Block size=2
begin cleaner{left: ("[FunctionalDependency:(s: {brewery_id}, t: {city})]", 0.0), operator: *, right: (1.0, 1.0), result: 0.0}
列 'p' 不存在，对列 city 不过滤，直接选择所有非无效值。
Block processing time: 0.001518 seconds
Computing Block 71 out of 560
Processing Block size=2
begin cleaner{left: ("[FunctionalDependency:(s: {brewery_id}, t: {city})]", 0.0), operator: *, right: (1.0, 1.0), result: 0.0}
列 'p' 不存在，对列 city 不过滤，直接选择所有非无效值。
clean_bool length:3
newest best op: Uniop(df,'city','Idaho Springs CO',(['brewery_id'], {('291',)}),{left: ("[FunctionalDependency:(s: {brewery_id}, t: {city})]", 0.0), operator: *, right: (1.0, 1.0), result: 0.0})
now error: 0.0
Block processing time: 0.005257 seconds
Computing Block 72 out of 560
Processing Block size=4
begin cleaner{left: ("[FunctionalDependency:(s: {brewery_id}, t: {city})]", 0.0), operator: *, right: (1.0, 1.0), result: 0.0}
列 'p' 不存在，对列 city 不过滤，直接选择所有非无效值。
Block processing time: 0.002951 seconds
Computing Block 74 out of 560
Processing Block size=7
begin cleaner{left: ("[FunctionalDependency:(s: {brewery_id}, t: {city})]", 0.0), operator: *, right: (1.0, 1.0), result: 0.0}
列 'p' 不存在，对列 city 不过滤，直接选择所有非无效值。
Block processing time: 0.005013 seconds
Computing Block 76 out of 560
Processing Block size=2
begin cleaner{left: ("[FunctionalDependency:(s: {brewery_id}, t: {city})]", 0.0), operator: *, right: (1.0, 1.0), result: 0.0}
列 'p' 不存在，对列 city 不过滤，直接选择所有非无效值。
Block processing time: 0.001524 seconds
Computing Block 77 out of 560
Processing Block size=9
begin cleaner{left: ("[FunctionalDependency:(s: {brewery_id}, t: {city})]", 0.0), operator: *, right: (1.0, 1.0), result: 0.0}
列 'p' 不存在，对列 city 不过滤，直接选择所有非无效值。
clean_bool length:3
newest best op: Uniop(df,'city','Chico CA',(['brewery_id'], {('83',)}),{left: ("[FunctionalDependency:(s: {brewery_id}, t: {city})]", 0.0), operator: *, right: (1.0, 1.0), result: 0.0})
now error: 0.0
newest best op: Uniop(df,'city','Chico',(['brewery_id'], {('83',)}),{left: ("[FunctionalDependency:(s: {brewery_id}, t: {city})]", 0.0), operator: *, right: (1.0, 1.0), result: 0.0})
now error: 0.0
Block processing time: 0.019614 seconds
Computing Block 78 out of 560
Processing Block size=6
begin cleaner{left: ("[FunctionalDependency:(s: {brewery_id}, t: {city})]", 0.0), operator: *, right: (1.0, 1.0), result: 0.0}
列 'p' 不存在，对列 city 不过滤，直接选择所有非无效值。
clean_bool length:3
newest best op: Uniop(df,'city','Waterbury',(['brewery_id'], {('272',)}),{left: ("[FunctionalDependency:(s: {brewery_id}, t: {city})]", 0.0), operator: *, right: (1.0, 1.0), result: 0.0})
now error: 0.0
Block processing time: 0.013716 seconds
Computing Block 79 out of 560
Processing Block size=3
begin cleaner{left: ("[FunctionalDependency:(s: {brewery_id}, t: {city})]", 0.0), operator: *, right: (1.0, 1.0), result: 0.0}
列 'p' 不存在，对列 city 不过滤，直接选择所有非无效值。
clean_bool length:3
newest best op: Uniop(df,'city','Houston',(['brewery_id'], {('214',)}),{left: ("[FunctionalDependency:(s: {brewery_id}, t: {city})]", 0.0), operator: *, right: (1.0, 1.0), result: 0.0})
now error: 0.0
Block processing time: 0.00724 seconds
Computing Block 81 out of 560
Processing Block size=4
begin cleaner{left: ("[FunctionalDependency:(s: {brewery_id}, t: {city})]", 0.0), operator: *, right: (1.0, 1.0), result: 0.0}
列 'p' 不存在，对列 city 不过滤，直接选择所有非无效值。
Block processing time: 0.002966 seconds
Computing Block 82 out of 560
Processing Block size=2
begin cleaner{left: ("[FunctionalDependency:(s: {brewery_id}, t: {city})]", 0.0), operator: *, right: (1.0, 1.0), result: 0.0}
列 'p' 不存在，对列 city 不过滤，直接选择所有非无效值。
Block processing time: 0.001521 seconds
Computing Block 83 out of 560
Processing Block size=17
begin cleaner{left: ("[FunctionalDependency:(s: {brewery_id}, t: {city})]", 0.0), operator: *, right: (1.0, 1.0), result: 0.0}
列 'p' 不存在，对列 city 不过滤，直接选择所有非无效值。
clean_bool length:3
newest best op: Uniop(df,'city','Boise ID',(['brewery_id'], {('309',)}),{left: ("[FunctionalDependency:(s: {brewery_id}, t: {city})]", 0.0), operator: *, right: (1.0, 1.0), result: 0.0})
now error: 0.0
newest best op: Uniop(df,'city','Boise',(['brewery_id'], {('309',)}),{left: ("[FunctionalDependency:(s: {brewery_id}, t: {city})]", 0.0), operator: *, right: (1.0, 1.0), result: 0.0})
now error: 0.0
Block processing time: 0.036374 seconds
Computing Block 84 out of 560
Processing Block size=3
begin cleaner{left: ("[FunctionalDependency:(s: {brewery_id}, t: {city})]", 0.0), operator: *, right: (1.0, 1.0), result: 0.0}
列 'p' 不存在，对列 city 不过滤，直接选择所有非无效值。
Block processing time: 0.002258 seconds
Computing Block 87 out of 560
Processing Block size=2
begin cleaner{left: ("[FunctionalDependency:(s: {brewery_id}, t: {city})]", 0.0), operator: *, right: (1.0, 1.0), result: 0.0}
列 'p' 不存在，对列 city 不过滤，直接选择所有非无效值。
Block processing time: 0.001584 seconds
Computing Block 88 out of 560
Processing Block size=2
begin cleaner{left: ("[FunctionalDependency:(s: {brewery_id}, t: {city})]", 0.0), operator: *, right: (1.0, 1.0), result: 0.0}
列 'p' 不存在，对列 city 不过滤，直接选择所有非无效值。
Block processing time: 0.001558 seconds
Computing Block 89 out of 560
Processing Block size=4
begin cleaner{left: ("[FunctionalDependency:(s: {brewery_id}, t: {city})]", 0.0), operator: *, right: (1.0, 1.0), result: 0.0}
列 'p' 不存在，对列 city 不过滤，直接选择所有非无效值。
clean_bool length:3
newest best op: Uniop(df,'city','Soldotna',(['brewery_id'], {('458',)}),{left: ("[FunctionalDependency:(s: {brewery_id}, t: {city})]", 0.0), operator: *, right: (1.0, 1.0), result: 0.0})
now error: 0.0
Block processing time: 0.009422 seconds
Computing Block 90 out of 560
Processing Block size=7
begin cleaner{left: ("[FunctionalDependency:(s: {brewery_id}, t: {city})]", 0.0), operator: *, right: (1.0, 1.0), result: 0.0}
列 'p' 不存在，对列 city 不过滤，直接选择所有非无效值。
Block processing time: 0.005009 seconds
Computing Block 91 out of 560
Processing Block size=4
begin cleaner{left: ("[FunctionalDependency:(s: {brewery_id}, t: {city})]", 0.0), operator: *, right: (1.0, 1.0), result: 0.0}
列 'p' 不存在，对列 city 不过滤，直接选择所有非无效值。
Block processing time: 0.002978 seconds
Computing Block 92 out of 560
Processing Block size=6
begin cleaner{left: ("[FunctionalDependency:(s: {brewery_id}, t: {city})]", 0.0), operator: *, right: (1.0, 1.0), result: 0.0}
列 'p' 不存在，对列 city 不过滤，直接选择所有非无效值。
clean_bool length:3
newest best op: Uniop(df,'city','Duluth MN',(['brewery_id'], {('75',)}),{left: ("[FunctionalDependency:(s: {brewery_id}, t: {city})]", 0.0), operator: *, right: (1.0, 1.0), result: 0.0})
now error: 0.0
newest best op: Uniop(df,'city','Duluth',(['brewery_id'], {('75',)}),{left: ("[FunctionalDependency:(s: {brewery_id}, t: {city})]", 0.0), operator: *, right: (1.0, 1.0), result: 0.0})
now error: 0.0
Block processing time: 0.013441 seconds
Computing Block 93 out of 560
Processing Block size=18
begin cleaner{left: ("[FunctionalDependency:(s: {brewery_id}, t: {city})]", 0.0), operator: *, right: (1.0, 1.0), result: 0.0}
列 'p' 不存在，对列 city 不过滤，直接选择所有非无效值。
clean_bool length:3
newest best op: Uniop(df,'city','Boulder',(['brewery_id'], {('51',)}),{left: ("[FunctionalDependency:(s: {brewery_id}, t: {city})]", 0.0), operator: *, right: (1.0, 1.0), result: 0.0})
now error: 0.0
Block processing time: 0.038361 seconds
Computing Block 94 out of 560
Processing Block size=6
begin cleaner{left: ("[FunctionalDependency:(s: {brewery_id}, t: {city})]", 0.0), operator: *, right: (1.0, 1.0), result: 0.0}
列 'p' 不存在，对列 city 不过滤，直接选择所有非无效值。
clean_bool length:3
newest best op: Uniop(df,'city','Meadville PA',(['brewery_id'], {('322',)}),{left: ("[FunctionalDependency:(s: {brewery_id}, t: {city})]", 0.0), operator: *, right: (1.0, 1.0), result: 0.0})
now error: 0.0
newest best op: Uniop(df,'city','Meadville',(['brewery_id'], {('322',)}),{left: ("[FunctionalDependency:(s: {brewery_id}, t: {city})]", 0.0), operator: *, right: (1.0, 1.0), result: 0.0})
now error: 0.0
Block processing time: 0.013643 seconds
Computing Block 95 out of 560
Processing Block size=4
begin cleaner{left: ("[FunctionalDependency:(s: {brewery_id}, t: {city})]", 0.0), operator: *, right: (1.0, 1.0), result: 0.0}
列 'p' 不存在，对列 city 不过滤，直接选择所有非无效值。
Block processing time: 0.002908 seconds
Computing Block 96 out of 560
Processing Block size=2
begin cleaner{left: ("[FunctionalDependency:(s: {brewery_id}, t: {city})]", 0.0), operator: *, right: (1.0, 1.0), result: 0.0}
列 'p' 不存在，对列 city 不过滤，直接选择所有非无效值。
Block processing time: 0.001583 seconds
Computing Block 97 out of 560
Processing Block size=3
begin cleaner{left: ("[FunctionalDependency:(s: {brewery_id}, t: {city})]", 0.0), operator: *, right: (1.0, 1.0), result: 0.0}
列 'p' 不存在，对列 city 不过滤，直接选择所有非无效值。
clean_bool length:3
newest best op: Uniop(df,'city','Frankenmuth',(['brewery_id'], {('253',)}),{left: ("[FunctionalDependency:(s: {brewery_id}, t: {city})]", 0.0), operator: *, right: (1.0, 1.0), result: 0.0})
now error: 0.0
Block processing time: 0.007562 seconds
Computing Block 98 out of 560
Processing Block size=2
begin cleaner{left: ("[FunctionalDependency:(s: {brewery_id}, t: {city})]", 0.0), operator: *, right: (1.0, 1.0), result: 0.0}
列 'p' 不存在，对列 city 不过滤，直接选择所有非无效值。
Block processing time: 0.001526 seconds
Computing Block 99 out of 560
Processing Block size=3
begin cleaner{left: ("[FunctionalDependency:(s: {brewery_id}, t: {city})]", 0.0), operator: *, right: (1.0, 1.0), result: 0.0}
列 'p' 不存在，对列 city 不过滤，直接选择所有非无效值。
Block processing time: 0.002256 seconds
Computing Block 102 out of 560
Processing Block size=3
begin cleaner{left: ("[FunctionalDependency:(s: {brewery_id}, t: {city})]", 0.0), operator: *, right: (1.0, 1.0), result: 0.0}
列 'p' 不存在，对列 city 不过滤，直接选择所有非无效值。
Block processing time: 0.002225 seconds
Computing Block 103 out of 560
Processing Block size=6
begin cleaner{left: ("[FunctionalDependency:(s: {brewery_id}, t: {city})]", 0.0), operator: *, right: (1.0, 1.0), result: 0.0}
列 'p' 不存在，对列 city 不过滤，直接选择所有非无效值。
Block processing time: 0.004585 seconds
Computing Block 104 out of 560
Processing Block size=5
begin cleaner{left: ("[FunctionalDependency:(s: {brewery_id}, t: {city})]", 0.0), operator: *, right: (1.0, 1.0), result: 0.0}
列 'p' 不存在，对列 city 不过滤，直接选择所有非无效值。
Block processing time: 0.003953 seconds
Computing Block 105 out of 560
Processing Block size=2
begin cleaner{left: ("[FunctionalDependency:(s: {brewery_id}, t: {city})]", 0.0), operator: *, right: (1.0, 1.0), result: 0.0}
列 'p' 不存在，对列 city 不过滤，直接选择所有非无效值。
Block processing time: 0.001635 seconds
Computing Block 106 out of 560
Processing Block size=20
begin cleaner{left: ("[FunctionalDependency:(s: {brewery_id}, t: {city})]", 0.0), operator: *, right: (1.0, 1.0), result: 0.0}
列 'p' 不存在，对列 city 不过滤，直接选择所有非无效值。
clean_bool length:3
newest best op: Uniop(df,'city','Aurora',(['brewery_id'], {('165',)}),{left: ("[FunctionalDependency:(s: {brewery_id}, t: {city})]", 0.0), operator: *, right: (1.0, 1.0), result: 0.0})
now error: 0.0
Block processing time: 0.046547 seconds
Computing Block 107 out of 560
Processing Block size=8
begin cleaner{left: ("[FunctionalDependency:(s: {brewery_id}, t: {city})]", 0.0), operator: *, right: (1.0, 1.0), result: 0.0}
列 'p' 不存在，对列 city 不过滤，直接选择所有非无效值。
Block processing time: 0.006377 seconds
Computing Block 108 out of 560
Processing Block size=2
begin cleaner{left: ("[FunctionalDependency:(s: {brewery_id}, t: {city})]", 0.0), operator: *, right: (1.0, 1.0), result: 0.0}
列 'p' 不存在，对列 city 不过滤，直接选择所有非无效值。
Block processing time: 0.001632 seconds
Computing Block 109 out of 560
Processing Block size=5
begin cleaner{left: ("[FunctionalDependency:(s: {brewery_id}, t: {city})]", 0.0), operator: *, right: (1.0, 1.0), result: 0.0}
列 'p' 不存在，对列 city 不过滤，直接选择所有非无效值。
clean_bool length:3
newest best op: Uniop(df,'city','Paso Robles CA',(['brewery_id'], {('48',)}),{left: ("[FunctionalDependency:(s: {brewery_id}, t: {city})]", 0.0), operator: *, right: (1.0, 1.0), result: 0.0})
now error: 0.0
newest best op: Uniop(df,'city','Paso Robles',(['brewery_id'], {('48',)}),{left: ("[FunctionalDependency:(s: {brewery_id}, t: {city})]", 0.0), operator: *, right: (1.0, 1.0), result: 0.0})
now error: 0.0
Block processing time: 0.012505 seconds
Computing Block 110 out of 560
Processing Block size=4
begin cleaner{left: ("[FunctionalDependency:(s: {brewery_id}, t: {city})]", 0.0), operator: *, right: (1.0, 1.0), result: 0.0}
列 'p' 不存在，对列 city 不过滤，直接选择所有非无效值。
Block processing time: 0.003053 seconds
Computing Block 112 out of 560
Processing Block size=6
begin cleaner{left: ("[FunctionalDependency:(s: {brewery_id}, t: {city})]", 0.0), operator: *, right: (1.0, 1.0), result: 0.0}
列 'p' 不存在，对列 city 不过滤，直接选择所有非无效值。
clean_bool length:3
newest best op: Uniop(df,'city','Oklahoma City OK',(['brewery_id'], {('182',)}),{left: ("[FunctionalDependency:(s: {brewery_id}, t: {city})]", 0.0), operator: *, right: (1.0, 1.0), result: 0.0})
now error: 0.0
newest best op: Uniop(df,'city','Oklahoma City',(['brewery_id'], {('182',)}),{left: ("[FunctionalDependency:(s: {brewery_id}, t: {city})]", 0.0), operator: *, right: (1.0, 1.0), result: 0.0})
now error: 0.0
Block processing time: 0.013717 seconds
Computing Block 113 out of 560
Processing Block size=2
begin cleaner{left: ("[FunctionalDependency:(s: {brewery_id}, t: {city})]", 0.0), operator: *, right: (1.0, 1.0), result: 0.0}
列 'p' 不存在，对列 city 不过滤，直接选择所有非无效值。
Block processing time: 0.001594 seconds
Computing Block 114 out of 560
Processing Block size=4
begin cleaner{left: ("[FunctionalDependency:(s: {brewery_id}, t: {city})]", 0.0), operator: *, right: (1.0, 1.0), result: 0.0}
列 'p' 不存在，对列 city 不过滤，直接选择所有非无效值。
Block processing time: 0.002979 seconds
Computing Block 115 out of 560
Processing Block size=2
begin cleaner{left: ("[FunctionalDependency:(s: {brewery_id}, t: {city})]", 0.0), operator: *, right: (1.0, 1.0), result: 0.0}
列 'p' 不存在，对列 city 不过滤，直接选择所有非无效值。
Block processing time: 0.001667 seconds
Computing Block 116 out of 560
Processing Block size=2
begin cleaner{left: ("[FunctionalDependency:(s: {brewery_id}, t: {city})]", 0.0), operator: *, right: (1.0, 1.0), result: 0.0}
列 'p' 不存在，对列 city 不过滤，直接选择所有非无效值。
clean_bool length:3
newest best op: Uniop(df,'city','Albuquerque',(['brewery_id'], {('332',)}),{left: ("[FunctionalDependency:(s: {brewery_id}, t: {city})]", 0.0), operator: *, right: (1.0, 1.0), result: 0.0})
now error: 0.0
Block processing time: 0.005605 seconds
Computing Block 117 out of 560
Processing Block size=6
begin cleaner{left: ("[FunctionalDependency:(s: {brewery_id}, t: {city})]", 0.0), operator: *, right: (1.0, 1.0), result: 0.0}
列 'p' 不存在，对列 city 不过滤，直接选择所有非无效值。
Block processing time: 0.004408 seconds
Computing Block 120 out of 560
Processing Block size=5
begin cleaner{left: ("[FunctionalDependency:(s: {brewery_id}, t: {city})]", 0.0), operator: *, right: (1.0, 1.0), result: 0.0}
列 'p' 不存在，对列 city 不过滤，直接选择所有非无效值。
Block processing time: 0.003636 seconds
Computing Block 122 out of 560
Processing Block size=38
begin cleaner{left: ("[FunctionalDependency:(s: {brewery_id}, t: {city})]", 0.0), operator: *, right: (1.0, 1.0), result: 0.0}
列 'p' 不存在，对列 city 不过滤，直接选择所有非无效值。
clean_bool length:3
newest best op: Uniop(df,'city','Indianapolis',(['brewery_id'], {('25',)}),{left: ("[FunctionalDependency:(s: {brewery_id}, t: {city})]", 0.0), operator: *, right: (1.0, 1.0), result: 0.0})
now error: 0.0
Block processing time: 0.08196 seconds
Computing Block 123 out of 560
Processing Block size=6
begin cleaner{left: ("[FunctionalDependency:(s: {brewery_id}, t: {city})]", 0.0), operator: *, right: (1.0, 1.0), result: 0.0}
列 'p' 不存在，对列 city 不过滤，直接选择所有非无效值。
clean_bool length:3
newest best op: Uniop(df,'city','San Diego',(['brewery_id'], {('34',)}),{left: ("[FunctionalDependency:(s: {brewery_id}, t: {city})]", 0.0), operator: *, right: (1.0, 1.0), result: 0.0})
now error: 0.0
Block processing time: 0.014058 seconds
Computing Block 124 out of 560
Processing Block size=4
begin cleaner{left: ("[FunctionalDependency:(s: {brewery_id}, t: {city})]", 0.0), operator: *, right: (1.0, 1.0), result: 0.0}
列 'p' 不存在，对列 city 不过滤，直接选择所有非无效值。
Block processing time: 0.00299 seconds
Computing Block 125 out of 560
Processing Block size=3
begin cleaner{left: ("[FunctionalDependency:(s: {brewery_id}, t: {city})]", 0.0), operator: *, right: (1.0, 1.0), result: 0.0}
列 'p' 不存在，对列 city 不过滤，直接选择所有非无效值。
Block processing time: 0.002224 seconds
Computing Block 126 out of 560
Processing Block size=6
begin cleaner{left: ("[FunctionalDependency:(s: {brewery_id}, t: {city})]", 0.0), operator: *, right: (1.0, 1.0), result: 0.0}
列 'p' 不存在，对列 city 不过滤，直接选择所有非无效值。
Block processing time: 0.004306 seconds
Computing Block 127 out of 560
Processing Block size=8
begin cleaner{left: ("[FunctionalDependency:(s: {brewery_id}, t: {city})]", 0.0), operator: *, right: (1.0, 1.0), result: 0.0}
列 'p' 不存在，对列 city 不过滤，直接选择所有非无效值。
Block processing time: 0.005772 seconds
Computing Block 128 out of 560
Processing Block size=4
begin cleaner{left: ("[FunctionalDependency:(s: {brewery_id}, t: {city})]", 0.0), operator: *, right: (1.0, 1.0), result: 0.0}
列 'p' 不存在，对列 city 不过滤，直接选择所有非无效值。
Block processing time: 0.002958 seconds
Computing Block 129 out of 560
Processing Block size=4
begin cleaner{left: ("[FunctionalDependency:(s: {brewery_id}, t: {city})]", 0.0), operator: *, right: (1.0, 1.0), result: 0.0}
列 'p' 不存在，对列 city 不过滤，直接选择所有非无效值。
Block processing time: 0.002943 seconds
Computing Block 130 out of 560
Processing Block size=5
begin cleaner{left: ("[FunctionalDependency:(s: {brewery_id}, t: {city})]", 0.0), operator: *, right: (1.0, 1.0), result: 0.0}
列 'p' 不存在，对列 city 不过滤，直接选择所有非无效值。
clean_bool length:3
newest best op: Uniop(df,'city','Santa Cruz CA',(['brewery_id'], {('522',)}),{left: ("[FunctionalDependency:(s: {brewery_id}, t: {city})]", 0.0), operator: *, right: (1.0, 1.0), result: 0.0})
now error: 0.0
newest best op: Uniop(df,'city','Santa Cruz',(['brewery_id'], {('522',)}),{left: ("[FunctionalDependency:(s: {brewery_id}, t: {city})]", 0.0), operator: *, right: (1.0, 1.0), result: 0.0})
now error: 0.0
Block processing time: 0.01165 seconds
Computing Block 131 out of 560
Processing Block size=7
begin cleaner{left: ("[FunctionalDependency:(s: {brewery_id}, t: {city})]", 0.0), operator: *, right: (1.0, 1.0), result: 0.0}
列 'p' 不存在，对列 city 不过滤，直接选择所有非无效值。
clean_bool length:3
newest best op: Uniop(df,'city','Rochester MI',(['brewery_id'], {('229',)}),{left: ("[FunctionalDependency:(s: {brewery_id}, t: {city})]", 0.0), operator: *, right: (1.0, 1.0), result: 0.0})
now error: 0.0
newest best op: Uniop(df,'city','Rochester',(['brewery_id'], {('229',)}),{left: ("[FunctionalDependency:(s: {brewery_id}, t: {city})]", 0.0), operator: *, right: (1.0, 1.0), result: 0.0})
now error: 0.0
Block processing time: 0.01566 seconds
Computing Block 132 out of 560
Processing Block size=3
begin cleaner{left: ("[FunctionalDependency:(s: {brewery_id}, t: {city})]", 0.0), operator: *, right: (1.0, 1.0), result: 0.0}
列 'p' 不存在，对列 city 不过滤，直接选择所有非无效值。
Block processing time: 0.002327 seconds
Computing Block 133 out of 560
Processing Block size=11
begin cleaner{left: ("[FunctionalDependency:(s: {brewery_id}, t: {city})]", 0.0), operator: *, right: (1.0, 1.0), result: 0.0}
列 'p' 不存在，对列 city 不过滤，直接选择所有非无效值。
clean_bool length:3
newest best op: Uniop(df,'city','Westminster',(['brewery_id'], {('295',)}),{left: ("[FunctionalDependency:(s: {brewery_id}, t: {city})]", 0.0), operator: *, right: (1.0, 1.0), result: 0.0})
now error: 0.0
Block processing time: 0.024789 seconds
Computing Block 134 out of 560
Processing Block size=3
begin cleaner{left: ("[FunctionalDependency:(s: {brewery_id}, t: {city})]", 0.0), operator: *, right: (1.0, 1.0), result: 0.0}
列 'p' 不存在，对列 city 不过滤，直接选择所有非无效值。
Block processing time: 0.002373 seconds
Computing Block 136 out of 560
Processing Block size=5
begin cleaner{left: ("[FunctionalDependency:(s: {brewery_id}, t: {city})]", 0.0), operator: *, right: (1.0, 1.0), result: 0.0}
列 'p' 不存在，对列 city 不过滤，直接选择所有非无效值。
Block processing time: 0.003691 seconds
Computing Block 137 out of 560
Processing Block size=7
begin cleaner{left: ("[FunctionalDependency:(s: {brewery_id}, t: {city})]", 0.0), operator: *, right: (1.0, 1.0), result: 0.0}
列 'p' 不存在，对列 city 不过滤，直接选择所有非无效值。
Block processing time: 0.005492 seconds
Computing Block 138 out of 560
Processing Block size=4
begin cleaner{left: ("[FunctionalDependency:(s: {brewery_id}, t: {city})]", 0.0), operator: *, right: (1.0, 1.0), result: 0.0}
列 'p' 不存在，对列 city 不过滤，直接选择所有非无效值。
Block processing time: 0.003147 seconds
Computing Block 139 out of 560
Processing Block size=3
begin cleaner{left: ("[FunctionalDependency:(s: {brewery_id}, t: {city})]", 0.0), operator: *, right: (1.0, 1.0), result: 0.0}
列 'p' 不存在，对列 city 不过滤，直接选择所有非无效值。
Block processing time: 0.00226 seconds
Computing Block 140 out of 560
Processing Block size=9
begin cleaner{left: ("[FunctionalDependency:(s: {brewery_id}, t: {city})]", 0.0), operator: *, right: (1.0, 1.0), result: 0.0}
列 'p' 不存在，对列 city 不过滤，直接选择所有非无效值。
clean_bool length:3
newest best op: Uniop(df,'city','Denver CO',(['brewery_id'], {('6',)}),{left: ("[FunctionalDependency:(s: {brewery_id}, t: {city})]", 0.0), operator: *, right: (1.0, 1.0), result: 0.0})
now error: 0.0
newest best op: Uniop(df,'city','Denver',(['brewery_id'], {('6',)}),{left: ("[FunctionalDependency:(s: {brewery_id}, t: {city})]", 0.0), operator: *, right: (1.0, 1.0), result: 0.0})
now error: 0.0
Block processing time: 0.021309 seconds
Computing Block 141 out of 560
Processing Block size=3
begin cleaner{left: ("[FunctionalDependency:(s: {brewery_id}, t: {city})]", 0.0), operator: *, right: (1.0, 1.0), result: 0.0}
列 'p' 不存在，对列 city 不过滤，直接选择所有非无效值。
Block processing time: 0.00269 seconds
Computing Block 142 out of 560
Processing Block size=2
begin cleaner{left: ("[FunctionalDependency:(s: {brewery_id}, t: {city})]", 0.0), operator: *, right: (1.0, 1.0), result: 0.0}
列 'p' 不存在，对列 city 不过滤，直接选择所有非无效值。
Block processing time: 0.00189 seconds
Computing Block 144 out of 560
Processing Block size=2
begin cleaner{left: ("[FunctionalDependency:(s: {brewery_id}, t: {city})]", 0.0), operator: *, right: (1.0, 1.0), result: 0.0}
列 'p' 不存在，对列 city 不过滤，直接选择所有非无效值。
Block processing time: 0.001817 seconds
Computing Block 145 out of 560
Processing Block size=5
begin cleaner{left: ("[FunctionalDependency:(s: {brewery_id}, t: {city})]", 0.0), operator: *, right: (1.0, 1.0), result: 0.0}
列 'p' 不存在，对列 city 不过滤，直接选择所有非无效值。
Block processing time: 0.003921 seconds
Computing Block 146 out of 560
Processing Block size=20
begin cleaner{left: ("[FunctionalDependency:(s: {brewery_id}, t: {city})]", 0.0), operator: *, right: (1.0, 1.0), result: 0.0}
列 'p' 不存在，对列 city 不过滤，直接选择所有非无效值。
clean_bool length:3
newest best op: Uniop(df,'city','San Francisco CA',(['brewery_id'], {('368',)}),{left: ("[FunctionalDependency:(s: {brewery_id}, t: {city})]", 0.0), operator: *, right: (1.0, 1.0), result: 0.0})
now error: 0.0
newest best op: Uniop(df,'city','San Francisco',(['brewery_id'], {('368',)}),{left: ("[FunctionalDependency:(s: {brewery_id}, t: {city})]", 0.0), operator: *, right: (1.0, 1.0), result: 0.0})
now error: 0.0
Block processing time: 0.0477 seconds
Computing Block 147 out of 560
Processing Block size=2
begin cleaner{left: ("[FunctionalDependency:(s: {brewery_id}, t: {city})]", 0.0), operator: *, right: (1.0, 1.0), result: 0.0}
列 'p' 不存在，对列 city 不过滤，直接选择所有非无效值。
clean_bool length:3
newest best op: Uniop(df,'city','Myrtle Beach SC',(['brewery_id'], {('518',)}),{left: ("[FunctionalDependency:(s: {brewery_id}, t: {city})]", 0.0), operator: *, right: (1.0, 1.0), result: 0.0})
now error: 0.0
Block processing time: 0.005496 seconds
Computing Block 150 out of 560
Processing Block size=5
begin cleaner{left: ("[FunctionalDependency:(s: {brewery_id}, t: {city})]", 0.0), operator: *, right: (1.0, 1.0), result: 0.0}
列 'p' 不存在，对列 city 不过滤，直接选择所有非无效值。
Block processing time: 0.003838 seconds
Computing Block 151 out of 560
Processing Block size=5
begin cleaner{left: ("[FunctionalDependency:(s: {brewery_id}, t: {city})]", 0.0), operator: *, right: (1.0, 1.0), result: 0.0}
列 'p' 不存在，对列 city 不过滤，直接选择所有非无效值。
Block processing time: 0.003634 seconds
Computing Block 152 out of 560
Processing Block size=3
begin cleaner{left: ("[FunctionalDependency:(s: {brewery_id}, t: {city})]", 0.0), operator: *, right: (1.0, 1.0), result: 0.0}
列 'p' 不存在，对列 city 不过滤，直接选择所有非无效值。
Block processing time: 0.002211 seconds
Computing Block 154 out of 560
Processing Block size=3
begin cleaner{left: ("[FunctionalDependency:(s: {brewery_id}, t: {city})]", 0.0), operator: *, right: (1.0, 1.0), result: 0.0}
列 'p' 不存在，对列 city 不过滤，直接选择所有非无效值。
Block processing time: 0.002219 seconds
Computing Block 155 out of 560
Processing Block size=6
begin cleaner{left: ("[FunctionalDependency:(s: {brewery_id}, t: {city})]", 0.0), operator: *, right: (1.0, 1.0), result: 0.0}
列 'p' 不存在，对列 city 不过滤，直接选择所有非无效值。
Block processing time: 0.004369 seconds
Computing Block 156 out of 560
Processing Block size=2
begin cleaner{left: ("[FunctionalDependency:(s: {brewery_id}, t: {city})]", 0.0), operator: *, right: (1.0, 1.0), result: 0.0}
列 'p' 不存在，对列 city 不过滤，直接选择所有非无效值。
Block processing time: 0.001654 seconds
Computing Block 157 out of 560
Processing Block size=7
begin cleaner{left: ("[FunctionalDependency:(s: {brewery_id}, t: {city})]", 0.0), operator: *, right: (1.0, 1.0), result: 0.0}
列 'p' 不存在，对列 city 不过滤，直接选择所有非无效值。
clean_bool length:3
newest best op: Uniop(df,'city','Reno',(['brewery_id'], {('530',)}),{left: ("[FunctionalDependency:(s: {brewery_id}, t: {city})]", 0.0), operator: *, right: (1.0, 1.0), result: 0.0})
now error: 0.0
Block processing time: 0.015935 seconds
Computing Block 158 out of 560
Processing Block size=7
begin cleaner{left: ("[FunctionalDependency:(s: {brewery_id}, t: {city})]", 0.0), operator: *, right: (1.0, 1.0), result: 0.0}
列 'p' 不存在，对列 city 不过滤，直接选择所有非无效值。
Block processing time: 0.005037 seconds
Computing Block 159 out of 560
Processing Block size=4
begin cleaner{left: ("[FunctionalDependency:(s: {brewery_id}, t: {city})]", 0.0), operator: *, right: (1.0, 1.0), result: 0.0}
列 'p' 不存在，对列 city 不过滤，直接选择所有非无效值。
Block processing time: 0.00295 seconds
Computing Block 160 out of 560
Processing Block size=2
begin cleaner{left: ("[FunctionalDependency:(s: {brewery_id}, t: {city})]", 0.0), operator: *, right: (1.0, 1.0), result: 0.0}
列 'p' 不存在，对列 city 不过滤，直接选择所有非无效值。
Block processing time: 0.001554 seconds
Computing Block 161 out of 560
Processing Block size=4
begin cleaner{left: ("[FunctionalDependency:(s: {brewery_id}, t: {city})]", 0.0), operator: *, right: (1.0, 1.0), result: 0.0}
列 'p' 不存在，对列 city 不过滤，直接选择所有非无效值。
Block processing time: 0.002933 seconds
Computing Block 162 out of 560
Processing Block size=4
begin cleaner{left: ("[FunctionalDependency:(s: {brewery_id}, t: {city})]", 0.0), operator: *, right: (1.0, 1.0), result: 0.0}
列 'p' 不存在，对列 city 不过滤，直接选择所有非无效值。
clean_bool length:3
newest best op: Uniop(df,'city','Kearney',(['brewery_id'], {('282',)}),{left: ("[FunctionalDependency:(s: {brewery_id}, t: {city})]", 0.0), operator: *, right: (1.0, 1.0), result: 0.0})
now error: 0.0
Block processing time: 0.009528 seconds
Computing Block 163 out of 560
Processing Block size=4
begin cleaner{left: ("[FunctionalDependency:(s: {brewery_id}, t: {city})]", 0.0), operator: *, right: (1.0, 1.0), result: 0.0}
列 'p' 不存在，对列 city 不过滤，直接选择所有非无效值。
Block processing time: 0.002906 seconds
Computing Block 164 out of 560
Processing Block size=4
begin cleaner{left: ("[FunctionalDependency:(s: {brewery_id}, t: {city})]", 0.0), operator: *, right: (1.0, 1.0), result: 0.0}
列 'p' 不存在，对列 city 不过滤，直接选择所有非无效值。
Block processing time: 0.002913 seconds
Computing Block 165 out of 560
Processing Block size=3
begin cleaner{left: ("[FunctionalDependency:(s: {brewery_id}, t: {city})]", 0.0), operator: *, right: (1.0, 1.0), result: 0.0}
列 'p' 不存在，对列 city 不过滤，直接选择所有非无效值。
Block processing time: 0.002261 seconds
Computing Block 166 out of 560
Processing Block size=2
begin cleaner{left: ("[FunctionalDependency:(s: {brewery_id}, t: {city})]", 0.0), operator: *, right: (1.0, 1.0), result: 0.0}
列 'p' 不存在，对列 city 不过滤，直接选择所有非无效值。
Block processing time: 0.001565 seconds
Computing Block 167 out of 560
Processing Block size=3
begin cleaner{left: ("[FunctionalDependency:(s: {brewery_id}, t: {city})]", 0.0), operator: *, right: (1.0, 1.0), result: 0.0}
列 'p' 不存在，对列 city 不过滤，直接选择所有非无效值。
clean_bool length:3
newest best op: Uniop(df,'city','Marietta',(['brewery_id'], {('475',)}),{left: ("[FunctionalDependency:(s: {brewery_id}, t: {city})]", 0.0), operator: *, right: (1.0, 1.0), result: 0.0})
now error: 0.0
Block processing time: 0.007862 seconds
Computing Block 168 out of 560
Processing Block size=3
begin cleaner{left: ("[FunctionalDependency:(s: {brewery_id}, t: {city})]", 0.0), operator: *, right: (1.0, 1.0), result: 0.0}
列 'p' 不存在，对列 city 不过滤，直接选择所有非无效值。
Block processing time: 0.002347 seconds
Computing Block 172 out of 560
Processing Block size=3
begin cleaner{left: ("[FunctionalDependency:(s: {brewery_id}, t: {city})]", 0.0), operator: *, right: (1.0, 1.0), result: 0.0}
列 'p' 不存在，对列 city 不过滤，直接选择所有非无效值。
clean_bool length:3
newest best op: Uniop(df,'city','Dallas',(['brewery_id'], {('287',)}),{left: ("[FunctionalDependency:(s: {brewery_id}, t: {city})]", 0.0), operator: *, right: (1.0, 1.0), result: 0.0})
now error: 0.0
Block processing time: 0.007632 seconds
Computing Block 173 out of 560
Processing Block size=6
begin cleaner{left: ("[FunctionalDependency:(s: {brewery_id}, t: {city})]", 0.0), operator: *, right: (1.0, 1.0), result: 0.0}
列 'p' 不存在，对列 city 不过滤，直接选择所有非无效值。
Block processing time: 0.004565 seconds
Computing Block 175 out of 560
Processing Block size=8
begin cleaner{left: ("[FunctionalDependency:(s: {brewery_id}, t: {city})]", 0.0), operator: *, right: (1.0, 1.0), result: 0.0}
列 'p' 不存在，对列 city 不过滤，直接选择所有非无效值。
clean_bool length:3
newest best op: Uniop(df,'city','Cincinnati OH',(['brewery_id'], {('93',)}),{left: ("[FunctionalDependency:(s: {brewery_id}, t: {city})]", 0.0), operator: *, right: (1.0, 1.0), result: 0.0})
now error: 0.0
newest best op: Uniop(df,'city','Cincinnati',(['brewery_id'], {('93',)}),{left: ("[FunctionalDependency:(s: {brewery_id}, t: {city})]", 0.0), operator: *, right: (1.0, 1.0), result: 0.0})
now error: 0.0
Block processing time: 0.018327 seconds
Computing Block 178 out of 560
Processing Block size=2
begin cleaner{left: ("[FunctionalDependency:(s: {brewery_id}, t: {city})]", 0.0), operator: *, right: (1.0, 1.0), result: 0.0}
列 'p' 不存在，对列 city 不过滤，直接选择所有非无效值。
clean_bool length:3
newest best op: Uniop(df,'city','Portland',(['brewery_id'], {('485',)}),{left: ("[FunctionalDependency:(s: {brewery_id}, t: {city})]", 0.0), operator: *, right: (1.0, 1.0), result: 0.0})
now error: 0.0
Block processing time: 0.005246 seconds
Computing Block 179 out of 560
Processing Block size=5
begin cleaner{left: ("[FunctionalDependency:(s: {brewery_id}, t: {city})]", 0.0), operator: *, right: (1.0, 1.0), result: 0.0}
列 'p' 不存在，对列 city 不过滤，直接选择所有非无效值。
clean_bool length:3
newest best op: Uniop(df,'city','Framingham',(['brewery_id'], {('2',)}),{left: ("[FunctionalDependency:(s: {brewery_id}, t: {city})]", 0.0), operator: *, right: (1.0, 1.0), result: 0.0})
now error: 0.0
Block processing time: 0.011382 seconds
Computing Block 181 out of 560
Processing Block size=18
begin cleaner{left: ("[FunctionalDependency:(s: {brewery_id}, t: {city})]", 0.0), operator: *, right: (1.0, 1.0), result: 0.0}
列 'p' 不存在，对列 city 不过滤，直接选择所有非无效值。
Block processing time: 0.012676 seconds
Computing Block 183 out of 560
Processing Block size=6
begin cleaner{left: ("[FunctionalDependency:(s: {brewery_id}, t: {city})]", 0.0), operator: *, right: (1.0, 1.0), result: 0.0}
列 'p' 不存在，对列 city 不过滤，直接选择所有非无效值。
Block processing time: 0.004327 seconds
Computing Block 184 out of 560
Processing Block size=2
begin cleaner{left: ("[FunctionalDependency:(s: {brewery_id}, t: {city})]", 0.0), operator: *, right: (1.0, 1.0), result: 0.0}
列 'p' 不存在，对列 city 不过滤，直接选择所有非无效值。
Block processing time: 0.001506 seconds
Computing Block 185 out of 560
Processing Block size=5
begin cleaner{left: ("[FunctionalDependency:(s: {brewery_id}, t: {city})]", 0.0), operator: *, right: (1.0, 1.0), result: 0.0}
列 'p' 不存在，对列 city 不过滤，直接选择所有非无效值。
Block processing time: 0.003606 seconds
Computing Block 186 out of 560
Processing Block size=5
begin cleaner{left: ("[FunctionalDependency:(s: {brewery_id}, t: {city})]", 0.0), operator: *, right: (1.0, 1.0), result: 0.0}
列 'p' 不存在，对列 city 不过滤，直接选择所有非无效值。
Block processing time: 0.003667 seconds
Computing Block 189 out of 560
Processing Block size=9
begin cleaner{left: ("[FunctionalDependency:(s: {brewery_id}, t: {city})]", 0.0), operator: *, right: (1.0, 1.0), result: 0.0}
列 'p' 不存在，对列 city 不过滤，直接选择所有非无效值。
Block processing time: 0.006389 seconds
Computing Block 190 out of 560
Processing Block size=6
begin cleaner{left: ("[FunctionalDependency:(s: {brewery_id}, t: {city})]", 0.0), operator: *, right: (1.0, 1.0), result: 0.0}
列 'p' 不存在，对列 city 不过滤，直接选择所有非无效值。
Block processing time: 0.004441 seconds
Computing Block 191 out of 560
Processing Block size=8
begin cleaner{left: ("[FunctionalDependency:(s: {brewery_id}, t: {city})]", 0.0), operator: *, right: (1.0, 1.0), result: 0.0}
列 'p' 不存在，对列 city 不过滤，直接选择所有非无效值。
clean_bool length:3
newest best op: Uniop(df,'city','Saint Louis',(['brewery_id'], {('60',)}),{left: ("[FunctionalDependency:(s: {brewery_id}, t: {city})]", 0.0), operator: *, right: (1.0, 1.0), result: 0.0})
now error: 0.0
Block processing time: 0.017801 seconds
Computing Block 192 out of 560
Processing Block size=2
begin cleaner{left: ("[FunctionalDependency:(s: {brewery_id}, t: {city})]", 0.0), operator: *, right: (1.0, 1.0), result: 0.0}
列 'p' 不存在，对列 city 不过滤，直接选择所有非无效值。
Block processing time: 0.001733 seconds
Computing Block 193 out of 560
Processing Block size=5
begin cleaner{left: ("[FunctionalDependency:(s: {brewery_id}, t: {city})]", 0.0), operator: *, right: (1.0, 1.0), result: 0.0}
列 'p' 不存在，对列 city 不过滤，直接选择所有非无效值。
Block processing time: 0.003949 seconds
Computing Block 194 out of 560
Processing Block size=5
begin cleaner{left: ("[FunctionalDependency:(s: {brewery_id}, t: {city})]", 0.0), operator: *, right: (1.0, 1.0), result: 0.0}
列 'p' 不存在，对列 city 不过滤，直接选择所有非无效值。
Block processing time: 0.004015 seconds
Computing Block 197 out of 560
Processing Block size=3
begin cleaner{left: ("[FunctionalDependency:(s: {brewery_id}, t: {city})]", 0.0), operator: *, right: (1.0, 1.0), result: 0.0}
列 'p' 不存在，对列 city 不过滤，直接选择所有非无效值。
Block processing time: 0.002412 seconds
Computing Block 198 out of 560
Processing Block size=6
begin cleaner{left: ("[FunctionalDependency:(s: {brewery_id}, t: {city})]", 0.0), operator: *, right: (1.0, 1.0), result: 0.0}
列 'p' 不存在，对列 city 不过滤，直接选择所有非无效值。
Block processing time: 0.004642 seconds
Computing Block 200 out of 560
Processing Block size=4
begin cleaner{left: ("[FunctionalDependency:(s: {brewery_id}, t: {city})]", 0.0), operator: *, right: (1.0, 1.0), result: 0.0}
列 'p' 不存在，对列 city 不过滤，直接选择所有非无效值。
Block processing time: 0.003173 seconds
Computing Block 203 out of 560
Processing Block size=3
begin cleaner{left: ("[FunctionalDependency:(s: {brewery_id}, t: {city})]", 0.0), operator: *, right: (1.0, 1.0), result: 0.0}
列 'p' 不存在，对列 city 不过滤，直接选择所有非无效值。
Block processing time: 0.002584 seconds
Computing Block 205 out of 560
Processing Block size=3
begin cleaner{left: ("[FunctionalDependency:(s: {brewery_id}, t: {city})]", 0.0), operator: *, right: (1.0, 1.0), result: 0.0}
列 'p' 不存在，对列 city 不过滤，直接选择所有非无效值。
Block processing time: 0.002516 seconds
Computing Block 206 out of 560
Processing Block size=3
begin cleaner{left: ("[FunctionalDependency:(s: {brewery_id}, t: {city})]", 0.0), operator: *, right: (1.0, 1.0), result: 0.0}
列 'p' 不存在，对列 city 不过滤，直接选择所有非无效值。
Block processing time: 0.002437 seconds
Computing Block 208 out of 560
Processing Block size=7
begin cleaner{left: ("[FunctionalDependency:(s: {brewery_id}, t: {city})]", 0.0), operator: *, right: (1.0, 1.0), result: 0.0}
列 'p' 不存在，对列 city 不过滤，直接选择所有非无效值。
clean_bool length:3
newest best op: Uniop(df,'city','Lansdale PA',(['brewery_id'], {('164',)}),{left: ("[FunctionalDependency:(s: {brewery_id}, t: {city})]", 0.0), operator: *, right: (1.0, 1.0), result: 0.0})
now error: 0.0
newest best op: Uniop(df,'city','Lansdale',(['brewery_id'], {('164',)}),{left: ("[FunctionalDependency:(s: {brewery_id}, t: {city})]", 0.0), operator: *, right: (1.0, 1.0), result: 0.0})
now error: 0.0
Block processing time: 0.017165 seconds
Computing Block 209 out of 560
Processing Block size=3
begin cleaner{left: ("[FunctionalDependency:(s: {brewery_id}, t: {city})]", 0.0), operator: *, right: (1.0, 1.0), result: 0.0}
列 'p' 不存在，对列 city 不过滤，直接选择所有非无效值。
Block processing time: 0.002434 seconds
Computing Block 211 out of 560
Processing Block size=2
begin cleaner{left: ("[FunctionalDependency:(s: {brewery_id}, t: {city})]", 0.0), operator: *, right: (1.0, 1.0), result: 0.0}
列 'p' 不存在，对列 city 不过滤，直接选择所有非无效值。
Block processing time: 0.001688 seconds
Computing Block 213 out of 560
Processing Block size=4
begin cleaner{left: ("[FunctionalDependency:(s: {brewery_id}, t: {city})]", 0.0), operator: *, right: (1.0, 1.0), result: 0.0}
列 'p' 不存在，对列 city 不过滤，直接选择所有非无效值。
Block processing time: 0.003182 seconds
Computing Block 214 out of 560
Processing Block size=9
begin cleaner{left: ("[FunctionalDependency:(s: {brewery_id}, t: {city})]", 0.0), operator: *, right: (1.0, 1.0), result: 0.0}
列 'p' 不存在，对列 city 不过滤，直接选择所有非无效值。
Block processing time: 0.006908 seconds
Computing Block 215 out of 560
Processing Block size=2
begin cleaner{left: ("[FunctionalDependency:(s: {brewery_id}, t: {city})]", 0.0), operator: *, right: (1.0, 1.0), result: 0.0}
列 'p' 不存在，对列 city 不过滤，直接选择所有非无效值。
Block processing time: 0.001695 seconds
Computing Block 216 out of 560
Processing Block size=2
begin cleaner{left: ("[FunctionalDependency:(s: {brewery_id}, t: {city})]", 0.0), operator: *, right: (1.0, 1.0), result: 0.0}
列 'p' 不存在，对列 city 不过滤，直接选择所有非无效值。
Block processing time: 0.00162 seconds
Computing Block 217 out of 560
Processing Block size=2
begin cleaner{left: ("[FunctionalDependency:(s: {brewery_id}, t: {city})]", 0.0), operator: *, right: (1.0, 1.0), result: 0.0}
列 'p' 不存在，对列 city 不过滤，直接选择所有非无效值。
Block processing time: 0.001645 seconds
Computing Block 218 out of 560
Processing Block size=2
begin cleaner{left: ("[FunctionalDependency:(s: {brewery_id}, t: {city})]", 0.0), operator: *, right: (1.0, 1.0), result: 0.0}
列 'p' 不存在，对列 city 不过滤，直接选择所有非无效值。
Block processing time: 0.001641 seconds
Computing Block 219 out of 560
Processing Block size=11
begin cleaner{left: ("[FunctionalDependency:(s: {brewery_id}, t: {city})]", 0.0), operator: *, right: (1.0, 1.0), result: 0.0}
列 'p' 不存在，对列 city 不过滤，直接选择所有非无效值。
Block processing time: 0.008822 seconds
Computing Block 220 out of 560
Processing Block size=3
begin cleaner{left: ("[FunctionalDependency:(s: {brewery_id}, t: {city})]", 0.0), operator: *, right: (1.0, 1.0), result: 0.0}
列 'p' 不存在，对列 city 不过滤，直接选择所有非无效值。
clean_bool length:3
newest best op: Uniop(df,'city','Pittsburgh PA',(['brewery_id'], {('297',)}),{left: ("[FunctionalDependency:(s: {brewery_id}, t: {city})]", 0.0), operator: *, right: (1.0, 1.0), result: 0.0})
now error: 0.0
newest best op: Uniop(df,'city','Pittsburgh',(['brewery_id'], {('297',)}),{left: ("[FunctionalDependency:(s: {brewery_id}, t: {city})]", 0.0), operator: *, right: (1.0, 1.0), result: 0.0})
now error: 0.0
Block processing time: 0.008024 seconds
Computing Block 221 out of 560
Processing Block size=8
begin cleaner{left: ("[FunctionalDependency:(s: {brewery_id}, t: {city})]", 0.0), operator: *, right: (1.0, 1.0), result: 0.0}
列 'p' 不存在，对列 city 不过滤，直接选择所有非无效值。
Block processing time: 0.006183 seconds
Computing Block 222 out of 560
Processing Block size=13
begin cleaner{left: ("[FunctionalDependency:(s: {brewery_id}, t: {city})]", 0.0), operator: *, right: (1.0, 1.0), result: 0.0}
列 'p' 不存在，对列 city 不过滤，直接选择所有非无效值。
clean_bool length:3
newest best op: Uniop(df,'city','Monroe',(['brewery_id'], {('134',)}),{left: ("[FunctionalDependency:(s: {brewery_id}, t: {city})]", 0.0), operator: *, right: (1.0, 1.0), result: 0.0})
now error: 0.0
Block processing time: 0.030201 seconds
Computing Block 223 out of 560
Processing Block size=2
begin cleaner{left: ("[FunctionalDependency:(s: {brewery_id}, t: {city})]", 0.0), operator: *, right: (1.0, 1.0), result: 0.0}
列 'p' 不存在，对列 city 不过滤，直接选择所有非无效值。
Block processing time: 0.001656 seconds
Computing Block 224 out of 560
Processing Block size=2
begin cleaner{left: ("[FunctionalDependency:(s: {brewery_id}, t: {city})]", 0.0), operator: *, right: (1.0, 1.0), result: 0.0}
列 'p' 不存在，对列 city 不过滤，直接选择所有非无效值。
Block processing time: 0.001628 seconds
Computing Block 226 out of 560
Processing Block size=2
begin cleaner{left: ("[FunctionalDependency:(s: {brewery_id}, t: {city})]", 0.0), operator: *, right: (1.0, 1.0), result: 0.0}
列 'p' 不存在，对列 city 不过滤，直接选择所有非无效值。
Block processing time: 0.001524 seconds
Computing Block 227 out of 560
Processing Block size=2
begin cleaner{left: ("[FunctionalDependency:(s: {brewery_id}, t: {city})]", 0.0), operator: *, right: (1.0, 1.0), result: 0.0}
列 'p' 不存在，对列 city 不过滤，直接选择所有非无效值。
Block processing time: 0.001499 seconds
Computing Block 228 out of 560
Processing Block size=9
begin cleaner{left: ("[FunctionalDependency:(s: {brewery_id}, t: {city})]", 0.0), operator: *, right: (1.0, 1.0), result: 0.0}
列 'p' 不存在，对列 city 不过滤，直接选择所有非无效值。
Block processing time: 0.006396 seconds
Computing Block 229 out of 560
Processing Block size=3
begin cleaner{left: ("[FunctionalDependency:(s: {brewery_id}, t: {city})]", 0.0), operator: *, right: (1.0, 1.0), result: 0.0}
列 'p' 不存在，对列 city 不过滤，直接选择所有非无效值。
Block processing time: 0.002272 seconds
Computing Block 230 out of 560
Processing Block size=3
begin cleaner{left: ("[FunctionalDependency:(s: {brewery_id}, t: {city})]", 0.0), operator: *, right: (1.0, 1.0), result: 0.0}
列 'p' 不存在，对列 city 不过滤，直接选择所有非无效值。
Block processing time: 0.002317 seconds
Computing Block 231 out of 560
Processing Block size=10
begin cleaner{left: ("[FunctionalDependency:(s: {brewery_id}, t: {city})]", 0.0), operator: *, right: (1.0, 1.0), result: 0.0}
列 'p' 不存在，对列 city 不过滤，直接选择所有非无效值。
clean_bool length:3
newest best op: Uniop(df,'city','Houston',(['brewery_id'], {('125',)}),{left: ("[FunctionalDependency:(s: {brewery_id}, t: {city})]", 0.0), operator: *, right: (1.0, 1.0), result: 0.0})
now error: 0.0
Block processing time: 0.023775 seconds
Computing Block 232 out of 560
Processing Block size=2
begin cleaner{left: ("[FunctionalDependency:(s: {brewery_id}, t: {city})]", 0.0), operator: *, right: (1.0, 1.0), result: 0.0}
列 'p' 不存在，对列 city 不过滤，直接选择所有非无效值。
Block processing time: 0.00171 seconds
Computing Block 234 out of 560
Processing Block size=13
begin cleaner{left: ("[FunctionalDependency:(s: {brewery_id}, t: {city})]", 0.0), operator: *, right: (1.0, 1.0), result: 0.0}
列 'p' 不存在，对列 city 不过滤，直接选择所有非无效值。
Block processing time: 0.010152 seconds
Computing Block 236 out of 560
Processing Block size=2
begin cleaner{left: ("[FunctionalDependency:(s: {brewery_id}, t: {city})]", 0.0), operator: *, right: (1.0, 1.0), result: 0.0}
列 'p' 不存在，对列 city 不过滤，直接选择所有非无效值。
Block processing time: 0.001666 seconds
Computing Block 237 out of 560
Processing Block size=2
begin cleaner{left: ("[FunctionalDependency:(s: {brewery_id}, t: {city})]", 0.0), operator: *, right: (1.0, 1.0), result: 0.0}
列 'p' 不存在，对列 city 不过滤，直接选择所有非无效值。
clean_bool length:3
newest best op: Uniop(df,'city','Silverton OR',(['brewery_id'], {('494',)}),{left: ("[FunctionalDependency:(s: {brewery_id}, t: {city})]", 0.0), operator: *, right: (1.0, 1.0), result: 0.0})
now error: 0.0
Block processing time: 0.005979 seconds
Computing Block 238 out of 560
Processing Block size=4
begin cleaner{left: ("[FunctionalDependency:(s: {brewery_id}, t: {city})]", 0.0), operator: *, right: (1.0, 1.0), result: 0.0}
列 'p' 不存在，对列 city 不过滤，直接选择所有非无效值。
Block processing time: 0.004186 seconds
Computing Block 239 out of 560
Processing Block size=2
begin cleaner{left: ("[FunctionalDependency:(s: {brewery_id}, t: {city})]", 0.0), operator: *, right: (1.0, 1.0), result: 0.0}
列 'p' 不存在，对列 city 不过滤，直接选择所有非无效值。
clean_bool length:3
newest best op: Uniop(df,'city','Hayward WI',(['brewery_id'], {('542',)}),{left: ("[FunctionalDependency:(s: {brewery_id}, t: {city})]", 0.0), operator: *, right: (1.0, 1.0), result: 0.0})
now error: 0.0
Block processing time: 0.006071 seconds
Computing Block 240 out of 560
Processing Block size=14
begin cleaner{left: ("[FunctionalDependency:(s: {brewery_id}, t: {city})]", 0.0), operator: *, right: (1.0, 1.0), result: 0.0}
列 'p' 不存在，对列 city 不过滤，直接选择所有非无效值。
Block processing time: 0.009945 seconds
Computing Block 241 out of 560
Processing Block size=3
begin cleaner{left: ("[FunctionalDependency:(s: {brewery_id}, t: {city})]", 0.0), operator: *, right: (1.0, 1.0), result: 0.0}
列 'p' 不存在，对列 city 不过滤，直接选择所有非无效值。
Block processing time: 0.002268 seconds
Computing Block 242 out of 560
Processing Block size=5
begin cleaner{left: ("[FunctionalDependency:(s: {brewery_id}, t: {city})]", 0.0), operator: *, right: (1.0, 1.0), result: 0.0}
列 'p' 不存在，对列 city 不过滤，直接选择所有非无效值。
Block processing time: 0.003699 seconds
Computing Block 245 out of 560
Processing Block size=4
begin cleaner{left: ("[FunctionalDependency:(s: {brewery_id}, t: {city})]", 0.0), operator: *, right: (1.0, 1.0), result: 0.0}
列 'p' 不存在，对列 city 不过滤，直接选择所有非无效值。
clean_bool length:3
newest best op: Uniop(df,'city','Angola',(['brewery_id'], {('250',)}),{left: ("[FunctionalDependency:(s: {brewery_id}, t: {city})]", 0.0), operator: *, right: (1.0, 1.0), result: 0.0})
now error: 0.0
Block processing time: 0.009366 seconds
Computing Block 246 out of 560
Processing Block size=4
begin cleaner{left: ("[FunctionalDependency:(s: {brewery_id}, t: {city})]", 0.0), operator: *, right: (1.0, 1.0), result: 0.0}
列 'p' 不存在，对列 city 不过滤，直接选择所有非无效值。
Block processing time: 0.002936 seconds
Computing Block 247 out of 560
Processing Block size=2
begin cleaner{left: ("[FunctionalDependency:(s: {brewery_id}, t: {city})]", 0.0), operator: *, right: (1.0, 1.0), result: 0.0}
列 'p' 不存在，对列 city 不过滤，直接选择所有非无效值。
Block processing time: 0.001556 seconds
Computing Block 248 out of 560
Processing Block size=3
begin cleaner{left: ("[FunctionalDependency:(s: {brewery_id}, t: {city})]", 0.0), operator: *, right: (1.0, 1.0), result: 0.0}
列 'p' 不存在，对列 city 不过滤，直接选择所有非无效值。
clean_bool length:3
newest best op: Uniop(df,'city','Des Moines',(['brewery_id'], {('482',)}),{left: ("[FunctionalDependency:(s: {brewery_id}, t: {city})]", 0.0), operator: *, right: (1.0, 1.0), result: 0.0})
now error: 0.0
Block processing time: 0.007509 seconds
Computing Block 251 out of 560
Processing Block size=4
begin cleaner{left: ("[FunctionalDependency:(s: {brewery_id}, t: {city})]", 0.0), operator: *, right: (1.0, 1.0), result: 0.0}
列 'p' 不存在，对列 city 不过滤，直接选择所有非无效值。
Block processing time: 0.002995 seconds
Computing Block 252 out of 560
Processing Block size=2
begin cleaner{left: ("[FunctionalDependency:(s: {brewery_id}, t: {city})]", 0.0), operator: *, right: (1.0, 1.0), result: 0.0}
列 'p' 不存在，对列 city 不过滤，直接选择所有非无效值。
Block processing time: 0.001507 seconds
Computing Block 253 out of 560
Processing Block size=9
begin cleaner{left: ("[FunctionalDependency:(s: {brewery_id}, t: {city})]", 0.0), operator: *, right: (1.0, 1.0), result: 0.0}
列 'p' 不存在，对列 city 不过滤，直接选择所有非无效值。
clean_bool length:3
newest best op: Uniop(df,'city','Evansville',(['brewery_id'], {('17',)}),{left: ("[FunctionalDependency:(s: {brewery_id}, t: {city})]", 0.0), operator: *, right: (1.0, 1.0), result: 0.0})
now error: 0.0
Block processing time: 0.019937 seconds
Computing Block 254 out of 560
Processing Block size=2
begin cleaner{left: ("[FunctionalDependency:(s: {brewery_id}, t: {city})]", 0.0), operator: *, right: (1.0, 1.0), result: 0.0}
列 'p' 不存在，对列 city 不过滤，直接选择所有非无效值。
Block processing time: 0.001555 seconds
Computing Block 255 out of 560
Processing Block size=4
begin cleaner{left: ("[FunctionalDependency:(s: {brewery_id}, t: {city})]", 0.0), operator: *, right: (1.0, 1.0), result: 0.0}
列 'p' 不存在，对列 city 不过滤，直接选择所有非无效值。
Block processing time: 0.002969 seconds
Computing Block 256 out of 560
Processing Block size=4
begin cleaner{left: ("[FunctionalDependency:(s: {brewery_id}, t: {city})]", 0.0), operator: *, right: (1.0, 1.0), result: 0.0}
列 'p' 不存在，对列 city 不过滤，直接选择所有非无效值。
Block processing time: 0.002949 seconds
Computing Block 257 out of 560
Processing Block size=10
begin cleaner{left: ("[FunctionalDependency:(s: {brewery_id}, t: {city})]", 0.0), operator: *, right: (1.0, 1.0), result: 0.0}
列 'p' 不存在，对列 city 不过滤，直接选择所有非无效值。
Block processing time: 0.007076 seconds
Computing Block 259 out of 560
Processing Block size=2
begin cleaner{left: ("[FunctionalDependency:(s: {brewery_id}, t: {city})]", 0.0), operator: *, right: (1.0, 1.0), result: 0.0}
列 'p' 不存在，对列 city 不过滤，直接选择所有非无效值。
Block processing time: 0.001512 seconds
Computing Block 261 out of 560
Processing Block size=7
begin cleaner{left: ("[FunctionalDependency:(s: {brewery_id}, t: {city})]", 0.0), operator: *, right: (1.0, 1.0), result: 0.0}
列 'p' 不存在，对列 city 不过滤，直接选择所有非无效值。
Block processing time: 0.005036 seconds
Computing Block 262 out of 560
Processing Block size=7
begin cleaner{left: ("[FunctionalDependency:(s: {brewery_id}, t: {city})]", 0.0), operator: *, right: (1.0, 1.0), result: 0.0}
列 'p' 不存在，对列 city 不过滤，直接选择所有非无效值。
Block processing time: 0.004961 seconds
Computing Block 267 out of 560
Processing Block size=3
begin cleaner{left: ("[FunctionalDependency:(s: {brewery_id}, t: {city})]", 0.0), operator: *, right: (1.0, 1.0), result: 0.0}
列 'p' 不存在，对列 city 不过滤，直接选择所有非无效值。
clean_bool length:3
newest best op: Uniop(df,'city','Baltimore',(['brewery_id'], {('255',)}),{left: ("[FunctionalDependency:(s: {brewery_id}, t: {city})]", 0.0), operator: *, right: (1.0, 1.0), result: 0.0})
now error: 0.0
Block processing time: 0.007207 seconds
Computing Block 268 out of 560
Processing Block size=4
begin cleaner{left: ("[FunctionalDependency:(s: {brewery_id}, t: {city})]", 0.0), operator: *, right: (1.0, 1.0), result: 0.0}
列 'p' 不存在，对列 city 不过滤，直接选择所有非无效值。
Block processing time: 0.002905 seconds
Computing Block 270 out of 560
Processing Block size=3
begin cleaner{left: ("[FunctionalDependency:(s: {brewery_id}, t: {city})]", 0.0), operator: *, right: (1.0, 1.0), result: 0.0}
列 'p' 不存在，对列 city 不过滤，直接选择所有非无效值。
Block processing time: 0.0022 seconds
Computing Block 271 out of 560
Processing Block size=2
begin cleaner{left: ("[FunctionalDependency:(s: {brewery_id}, t: {city})]", 0.0), operator: *, right: (1.0, 1.0), result: 0.0}
列 'p' 不存在，对列 city 不过滤，直接选择所有非无效值。
Block processing time: 0.001535 seconds
Computing Block 272 out of 560
Processing Block size=2
begin cleaner{left: ("[FunctionalDependency:(s: {brewery_id}, t: {city})]", 0.0), operator: *, right: (1.0, 1.0), result: 0.0}
列 'p' 不存在，对列 city 不过滤，直接选择所有非无效值。
Block processing time: 0.001512 seconds
Computing Block 274 out of 560
Processing Block size=2
begin cleaner{left: ("[FunctionalDependency:(s: {brewery_id}, t: {city})]", 0.0), operator: *, right: (1.0, 1.0), result: 0.0}
列 'p' 不存在，对列 city 不过滤，直接选择所有非无效值。
Block processing time: 0.001509 seconds
Computing Block 275 out of 560
Processing Block size=2
begin cleaner{left: ("[FunctionalDependency:(s: {brewery_id}, t: {city})]", 0.0), operator: *, right: (1.0, 1.0), result: 0.0}
列 'p' 不存在，对列 city 不过滤，直接选择所有非无效值。
Block processing time: 0.001491 seconds
Computing Block 277 out of 560
Processing Block size=2
begin cleaner{left: ("[FunctionalDependency:(s: {brewery_id}, t: {city})]", 0.0), operator: *, right: (1.0, 1.0), result: 0.0}
列 'p' 不存在，对列 city 不过滤，直接选择所有非无效值。
Block processing time: 0.001489 seconds
Computing Block 279 out of 560
Processing Block size=2
begin cleaner{left: ("[FunctionalDependency:(s: {brewery_id}, t: {city})]", 0.0), operator: *, right: (1.0, 1.0), result: 0.0}
列 'p' 不存在，对列 city 不过滤，直接选择所有非无效值。
Block processing time: 0.001491 seconds
Computing Block 280 out of 560
Processing Block size=32
begin cleaner{left: ("[FunctionalDependency:(s: {brewery_id}, t: {city})]", 0.0), operator: *, right: (1.0, 1.0), result: 0.0}
列 'p' 不存在，对列 city 不过滤，直接选择所有非无效值。
clean_bool length:3
newest best op: Uniop(df,'city','Longmont CO',(['brewery_id'], {('166',)}),{left: ("[FunctionalDependency:(s: {brewery_id}, t: {city})]", 0.0), operator: *, right: (1.0, 1.0), result: 0.0})
now error: 0.0
newest best op: Uniop(df,'city','Longmont',(['brewery_id'], {('166',)}),{left: ("[FunctionalDependency:(s: {brewery_id}, t: {city})]", 0.0), operator: *, right: (1.0, 1.0), result: 0.0})
now error: 0.0
Block processing time: 0.068506 seconds
Computing Block 281 out of 560
Processing Block size=4
begin cleaner{left: ("[FunctionalDependency:(s: {brewery_id}, t: {city})]", 0.0), operator: *, right: (1.0, 1.0), result: 0.0}
列 'p' 不存在，对列 city 不过滤，直接选择所有非无效值。
Block processing time: 0.002927 seconds
Computing Block 282 out of 560
Processing Block size=5
begin cleaner{left: ("[FunctionalDependency:(s: {brewery_id}, t: {city})]", 0.0), operator: *, right: (1.0, 1.0), result: 0.0}
列 'p' 不存在，对列 city 不过滤，直接选择所有非无效值。
Block processing time: 0.003663 seconds
Computing Block 283 out of 560
Processing Block size=5
begin cleaner{left: ("[FunctionalDependency:(s: {brewery_id}, t: {city})]", 0.0), operator: *, right: (1.0, 1.0), result: 0.0}
列 'p' 不存在，对列 city 不过滤，直接选择所有非无效值。
Block processing time: 0.00375 seconds
Computing Block 284 out of 560
Processing Block size=3
begin cleaner{left: ("[FunctionalDependency:(s: {brewery_id}, t: {city})]", 0.0), operator: *, right: (1.0, 1.0), result: 0.0}
列 'p' 不存在，对列 city 不过滤，直接选择所有非无效值。
Block processing time: 0.002197 seconds
Computing Block 285 out of 560
Processing Block size=3
begin cleaner{left: ("[FunctionalDependency:(s: {brewery_id}, t: {city})]", 0.0), operator: *, right: (1.0, 1.0), result: 0.0}
列 'p' 不存在，对列 city 不过滤，直接选择所有非无效值。
Block processing time: 0.00224 seconds
Computing Block 286 out of 560
Processing Block size=5
begin cleaner{left: ("[FunctionalDependency:(s: {brewery_id}, t: {city})]", 0.0), operator: *, right: (1.0, 1.0), result: 0.0}
列 'p' 不存在，对列 city 不过滤，直接选择所有非无效值。
Block processing time: 0.003587 seconds
Computing Block 287 out of 560
Processing Block size=3
begin cleaner{left: ("[FunctionalDependency:(s: {brewery_id}, t: {city})]", 0.0), operator: *, right: (1.0, 1.0), result: 0.0}
列 'p' 不存在，对列 city 不过滤，直接选择所有非无效值。
Block processing time: 0.002235 seconds
Computing Block 288 out of 560
Processing Block size=14
begin cleaner{left: ("[FunctionalDependency:(s: {brewery_id}, t: {city})]", 0.0), operator: *, right: (1.0, 1.0), result: 0.0}
列 'p' 不存在，对列 city 不过滤，直接选择所有非无效值。
clean_bool length:3
newest best op: Uniop(df,'city','Ashland OR',(['brewery_id'], {('155',)}),{left: ("[FunctionalDependency:(s: {brewery_id}, t: {city})]", 0.0), operator: *, right: (1.0, 1.0), result: 0.0})
now error: 0.0
newest best op: Uniop(df,'city','Ashland',(['brewery_id'], {('155',)}),{left: ("[FunctionalDependency:(s: {brewery_id}, t: {city})]", 0.0), operator: *, right: (1.0, 1.0), result: 0.0})
now error: 0.0
Block processing time: 0.030558 seconds
Computing Block 290 out of 560
Processing Block size=2
begin cleaner{left: ("[FunctionalDependency:(s: {brewery_id}, t: {city})]", 0.0), operator: *, right: (1.0, 1.0), result: 0.0}
列 'p' 不存在，对列 city 不过滤，直接选择所有非无效值。
Block processing time: 0.001532 seconds
Computing Block 291 out of 560
Processing Block size=2
begin cleaner{left: ("[FunctionalDependency:(s: {brewery_id}, t: {city})]", 0.0), operator: *, right: (1.0, 1.0), result: 0.0}
列 'p' 不存在，对列 city 不过滤，直接选择所有非无效值。
Block processing time: 0.001519 seconds
Computing Block 292 out of 560
Processing Block size=4
begin cleaner{left: ("[FunctionalDependency:(s: {brewery_id}, t: {city})]", 0.0), operator: *, right: (1.0, 1.0), result: 0.0}
列 'p' 不存在，对列 city 不过滤，直接选择所有非无效值。
clean_bool length:3
newest best op: Uniop(df,'city','Petoskey MI',(['brewery_id'], {('11',)}),{left: ("[FunctionalDependency:(s: {brewery_id}, t: {city})]", 0.0), operator: *, right: (1.0, 1.0), result: 0.0})
now error: 0.0
newest best op: Uniop(df,'city','Petoskey',(['brewery_id'], {('11',)}),{left: ("[FunctionalDependency:(s: {brewery_id}, t: {city})]", 0.0), operator: *, right: (1.0, 1.0), result: 0.0})
now error: 0.0
Block processing time: 0.009631 seconds
Computing Block 294 out of 560
Processing Block size=2
begin cleaner{left: ("[FunctionalDependency:(s: {brewery_id}, t: {city})]", 0.0), operator: *, right: (1.0, 1.0), result: 0.0}
列 'p' 不存在，对列 city 不过滤，直接选择所有非无效值。
Block processing time: 0.001521 seconds
Computing Block 295 out of 560
Processing Block size=6
begin cleaner{left: ("[FunctionalDependency:(s: {brewery_id}, t: {city})]", 0.0), operator: *, right: (1.0, 1.0), result: 0.0}
列 'p' 不存在，对列 city 不过滤，直接选择所有非无效值。
Block processing time: 0.004275 seconds
Computing Block 296 out of 560
Processing Block size=4
begin cleaner{left: ("[FunctionalDependency:(s: {brewery_id}, t: {city})]", 0.0), operator: *, right: (1.0, 1.0), result: 0.0}
列 'p' 不存在，对列 city 不过滤，直接选择所有非无效值。
Block processing time: 0.002883 seconds
Computing Block 297 out of 560
Processing Block size=3
begin cleaner{left: ("[FunctionalDependency:(s: {brewery_id}, t: {city})]", 0.0), operator: *, right: (1.0, 1.0), result: 0.0}
列 'p' 不存在，对列 city 不过滤，直接选择所有非无效值。
Block processing time: 0.002208 seconds
Computing Block 299 out of 560
Processing Block size=9
begin cleaner{left: ("[FunctionalDependency:(s: {brewery_id}, t: {city})]", 0.0), operator: *, right: (1.0, 1.0), result: 0.0}
列 'p' 不存在，对列 city 不过滤，直接选择所有非无效值。
Block processing time: 0.006574 seconds
Computing Block 301 out of 560
Processing Block size=5
begin cleaner{left: ("[FunctionalDependency:(s: {brewery_id}, t: {city})]", 0.0), operator: *, right: (1.0, 1.0), result: 0.0}
列 'p' 不存在，对列 city 不过滤，直接选择所有非无效值。
Block processing time: 0.003703 seconds
Computing Block 303 out of 560
Processing Block size=5
begin cleaner{left: ("[FunctionalDependency:(s: {brewery_id}, t: {city})]", 0.0), operator: *, right: (1.0, 1.0), result: 0.0}
列 'p' 不存在，对列 city 不过滤，直接选择所有非无效值。
Block processing time: 0.00367 seconds
Computing Block 304 out of 560
Processing Block size=9
begin cleaner{left: ("[FunctionalDependency:(s: {brewery_id}, t: {city})]", 0.0), operator: *, right: (1.0, 1.0), result: 0.0}
列 'p' 不存在，对列 city 不过滤，直接选择所有非无效值。
Block processing time: 0.006418 seconds
Computing Block 306 out of 560
Processing Block size=3
begin cleaner{left: ("[FunctionalDependency:(s: {brewery_id}, t: {city})]", 0.0), operator: *, right: (1.0, 1.0), result: 0.0}
列 'p' 不存在，对列 city 不过滤，直接选择所有非无效值。
Block processing time: 0.002251 seconds
Computing Block 307 out of 560
Processing Block size=7
begin cleaner{left: ("[FunctionalDependency:(s: {brewery_id}, t: {city})]", 0.0), operator: *, right: (1.0, 1.0), result: 0.0}
列 'p' 不存在，对列 city 不过滤，直接选择所有非无效值。
Block processing time: 0.004979 seconds
Computing Block 308 out of 560
Processing Block size=8
begin cleaner{left: ("[FunctionalDependency:(s: {brewery_id}, t: {city})]", 0.0), operator: *, right: (1.0, 1.0), result: 0.0}
列 'p' 不存在，对列 city 不过滤，直接选择所有非无效值。
clean_bool length:3
newest best op: Uniop(df,'city','Paonia',(['brewery_id'], {('386',)}),{left: ("[FunctionalDependency:(s: {brewery_id}, t: {city})]", 0.0), operator: *, right: (1.0, 1.0), result: 0.0})
now error: 0.0
Block processing time: 0.017851 seconds
Computing Block 309 out of 560
Processing Block size=3
begin cleaner{left: ("[FunctionalDependency:(s: {brewery_id}, t: {city})]", 0.0), operator: *, right: (1.0, 1.0), result: 0.0}
列 'p' 不存在，对列 city 不过滤，直接选择所有非无效值。
Block processing time: 0.002259 seconds
Computing Block 310 out of 560
Processing Block size=4
begin cleaner{left: ("[FunctionalDependency:(s: {brewery_id}, t: {city})]", 0.0), operator: *, right: (1.0, 1.0), result: 0.0}
列 'p' 不存在，对列 city 不过滤，直接选择所有非无效值。
Block processing time: 0.002915 seconds
Computing Block 313 out of 560
Processing Block size=3
begin cleaner{left: ("[FunctionalDependency:(s: {brewery_id}, t: {city})]", 0.0), operator: *, right: (1.0, 1.0), result: 0.0}
列 'p' 不存在，对列 city 不过滤，直接选择所有非无效值。
Block processing time: 0.002189 seconds
Computing Block 314 out of 560
Processing Block size=4
begin cleaner{left: ("[FunctionalDependency:(s: {brewery_id}, t: {city})]", 0.0), operator: *, right: (1.0, 1.0), result: 0.0}
列 'p' 不存在，对列 city 不过滤，直接选择所有非无效值。
Block processing time: 0.002924 seconds
Computing Block 315 out of 560
Processing Block size=4
begin cleaner{left: ("[FunctionalDependency:(s: {brewery_id}, t: {city})]", 0.0), operator: *, right: (1.0, 1.0), result: 0.0}
列 'p' 不存在，对列 city 不过滤，直接选择所有非无效值。
Block processing time: 0.002978 seconds
Computing Block 316 out of 560
Processing Block size=4
begin cleaner{left: ("[FunctionalDependency:(s: {brewery_id}, t: {city})]", 0.0), operator: *, right: (1.0, 1.0), result: 0.0}
列 'p' 不存在，对列 city 不过滤，直接选择所有非无效值。
Block processing time: 0.002938 seconds
Computing Block 317 out of 560
Processing Block size=3
begin cleaner{left: ("[FunctionalDependency:(s: {brewery_id}, t: {city})]", 0.0), operator: *, right: (1.0, 1.0), result: 0.0}
列 'p' 不存在，对列 city 不过滤，直接选择所有非无效值。
Block processing time: 0.002264 seconds
Computing Block 318 out of 560
Processing Block size=6
begin cleaner{left: ("[FunctionalDependency:(s: {brewery_id}, t: {city})]", 0.0), operator: *, right: (1.0, 1.0), result: 0.0}
列 'p' 不存在，对列 city 不过滤，直接选择所有非无效值。
Block processing time: 0.004354 seconds
Computing Block 319 out of 560
Processing Block size=4
begin cleaner{left: ("[FunctionalDependency:(s: {brewery_id}, t: {city})]", 0.0), operator: *, right: (1.0, 1.0), result: 0.0}
列 'p' 不存在，对列 city 不过滤，直接选择所有非无效值。
Block processing time: 0.002991 seconds
Computing Block 320 out of 560
Processing Block size=13
begin cleaner{left: ("[FunctionalDependency:(s: {brewery_id}, t: {city})]", 0.0), operator: *, right: (1.0, 1.0), result: 0.0}
列 'p' 不存在，对列 city 不过滤，直接选择所有非无效值。
clean_bool length:3
newest best op: Uniop(df,'city','Utica',(['brewery_id'], {('299',)}),{left: ("[FunctionalDependency:(s: {brewery_id}, t: {city})]", 0.0), operator: *, right: (1.0, 1.0), result: 0.0})
now error: 0.0
Block processing time: 0.028102 seconds
Computing Block 321 out of 560
Processing Block size=2
begin cleaner{left: ("[FunctionalDependency:(s: {brewery_id}, t: {city})]", 0.0), operator: *, right: (1.0, 1.0), result: 0.0}
列 'p' 不存在，对列 city 不过滤，直接选择所有非无效值。
Block processing time: 0.001524 seconds
Computing Block 322 out of 560
Processing Block size=3
begin cleaner{left: ("[FunctionalDependency:(s: {brewery_id}, t: {city})]", 0.0), operator: *, right: (1.0, 1.0), result: 0.0}
列 'p' 不存在，对列 city 不过滤，直接选择所有非无效值。
clean_bool length:3
newest best op: Uniop(df,'city','Mooresville NC',(['brewery_id'], {('504',)}),{left: ("[FunctionalDependency:(s: {brewery_id}, t: {city})]", 0.0), operator: *, right: (1.0, 1.0), result: 0.0})
now error: 0.0
Block processing time: 0.007377 seconds
Computing Block 324 out of 560
Processing Block size=4
begin cleaner{left: ("[FunctionalDependency:(s: {brewery_id}, t: {city})]", 0.0), operator: *, right: (1.0, 1.0), result: 0.0}
列 'p' 不存在，对列 city 不过滤，直接选择所有非无效值。
Block processing time: 0.002975 seconds
Computing Block 325 out of 560
Processing Block size=3
begin cleaner{left: ("[FunctionalDependency:(s: {brewery_id}, t: {city})]", 0.0), operator: *, right: (1.0, 1.0), result: 0.0}
列 'p' 不存在，对列 city 不过滤，直接选择所有非无效值。
clean_bool length:3
newest best op: Uniop(df,'city','Lake Geneva WI',(['brewery_id'], {('228',)}),{left: ("[FunctionalDependency:(s: {brewery_id}, t: {city})]", 0.0), operator: *, right: (1.0, 1.0), result: 0.0})
now error: 0.0
newest best op: Uniop(df,'city','Lake Geneva',(['brewery_id'], {('228',)}),{left: ("[FunctionalDependency:(s: {brewery_id}, t: {city})]", 0.0), operator: *, right: (1.0, 1.0), result: 0.0})
now error: 0.0
Block processing time: 0.007379 seconds
Computing Block 328 out of 560
Processing Block size=5
begin cleaner{left: ("[FunctionalDependency:(s: {brewery_id}, t: {city})]", 0.0), operator: *, right: (1.0, 1.0), result: 0.0}
列 'p' 不存在，对列 city 不过滤，直接选择所有非无效值。
Block processing time: 0.003662 seconds
Computing Block 329 out of 560
Processing Block size=2
begin cleaner{left: ("[FunctionalDependency:(s: {brewery_id}, t: {city})]", 0.0), operator: *, right: (1.0, 1.0), result: 0.0}
列 'p' 不存在，对列 city 不过滤，直接选择所有非无效值。
Block processing time: 0.001553 seconds
Computing Block 330 out of 560
Processing Block size=6
begin cleaner{left: ("[FunctionalDependency:(s: {brewery_id}, t: {city})]", 0.0), operator: *, right: (1.0, 1.0), result: 0.0}
列 'p' 不存在，对列 city 不过滤，直接选择所有非无效值。
clean_bool length:3
newest best op: Uniop(df,'city','Detroit MI',(['brewery_id'], {('72',)}),{left: ("[FunctionalDependency:(s: {brewery_id}, t: {city})]", 0.0), operator: *, right: (1.0, 1.0), result: 0.0})
now error: 0.0
newest best op: Uniop(df,'city','Detroit',(['brewery_id'], {('72',)}),{left: ("[FunctionalDependency:(s: {brewery_id}, t: {city})]", 0.0), operator: *, right: (1.0, 1.0), result: 0.0})
now error: 0.0
Block processing time: 0.013419 seconds
Computing Block 331 out of 560
Processing Block size=8
begin cleaner{left: ("[FunctionalDependency:(s: {brewery_id}, t: {city})]", 0.0), operator: *, right: (1.0, 1.0), result: 0.0}
列 'p' 不存在，对列 city 不过滤，直接选择所有非无效值。
Block processing time: 0.005917 seconds
Computing Block 332 out of 560
Processing Block size=2
begin cleaner{left: ("[FunctionalDependency:(s: {brewery_id}, t: {city})]", 0.0), operator: *, right: (1.0, 1.0), result: 0.0}
列 'p' 不存在，对列 city 不过滤，直接选择所有非无效值。
Block processing time: 0.001545 seconds
Computing Block 333 out of 560
Processing Block size=6
begin cleaner{left: ("[FunctionalDependency:(s: {brewery_id}, t: {city})]", 0.0), operator: *, right: (1.0, 1.0), result: 0.0}
列 'p' 不存在，对列 city 不过滤，直接选择所有非无效值。
Block processing time: 0.004289 seconds
Computing Block 336 out of 560
Processing Block size=2
begin cleaner{left: ("[FunctionalDependency:(s: {brewery_id}, t: {city})]", 0.0), operator: *, right: (1.0, 1.0), result: 0.0}
列 'p' 不存在，对列 city 不过滤，直接选择所有非无效值。
Block processing time: 0.001522 seconds
Computing Block 338 out of 560
Processing Block size=12
begin cleaner{left: ("[FunctionalDependency:(s: {brewery_id}, t: {city})]", 0.0), operator: *, right: (1.0, 1.0), result: 0.0}
列 'p' 不存在，对列 city 不过滤，直接选择所有非无效值。
Block processing time: 0.008466 seconds
Computing Block 339 out of 560
Processing Block size=9
begin cleaner{left: ("[FunctionalDependency:(s: {brewery_id}, t: {city})]", 0.0), operator: *, right: (1.0, 1.0), result: 0.0}
列 'p' 不存在，对列 city 不过滤，直接选择所有非无效值。
Block processing time: 0.006685 seconds
Computing Block 341 out of 560
Processing Block size=15
begin cleaner{left: ("[FunctionalDependency:(s: {brewery_id}, t: {city})]", 0.0), operator: *, right: (1.0, 1.0), result: 0.0}
列 'p' 不存在，对列 city 不过滤，直接选择所有非无效值。
clean_bool length:3
newest best op: Uniop(df,'city','Export PA',(['brewery_id'], {('43',)}),{left: ("[FunctionalDependency:(s: {brewery_id}, t: {city})]", 0.0), operator: *, right: (1.0, 1.0), result: 0.0})
now error: 0.0
newest best op: Uniop(df,'city','Export',(['brewery_id'], {('43',)}),{left: ("[FunctionalDependency:(s: {brewery_id}, t: {city})]", 0.0), operator: *, right: (1.0, 1.0), result: 0.0})
now error: 0.0
Block processing time: 0.035368 seconds
Computing Block 342 out of 560
Processing Block size=9
begin cleaner{left: ("[FunctionalDependency:(s: {brewery_id}, t: {city})]", 0.0), operator: *, right: (1.0, 1.0), result: 0.0}
列 'p' 不存在，对列 city 不过滤，直接选择所有非无效值。
Block processing time: 0.006993 seconds
Computing Block 343 out of 560
Processing Block size=2
begin cleaner{left: ("[FunctionalDependency:(s: {brewery_id}, t: {city})]", 0.0), operator: *, right: (1.0, 1.0), result: 0.0}
列 'p' 不存在，对列 city 不过滤，直接选择所有非无效值。
Block processing time: 0.001663 seconds
Computing Block 346 out of 560
Processing Block size=3
begin cleaner{left: ("[FunctionalDependency:(s: {brewery_id}, t: {city})]", 0.0), operator: *, right: (1.0, 1.0), result: 0.0}
列 'p' 不存在，对列 city 不过滤，直接选择所有非无效值。
Block processing time: 0.002504 seconds
Computing Block 347 out of 560
Processing Block size=2
begin cleaner{left: ("[FunctionalDependency:(s: {brewery_id}, t: {city})]", 0.0), operator: *, right: (1.0, 1.0), result: 0.0}
列 'p' 不存在，对列 city 不过滤，直接选择所有非无效值。
Block processing time: 0.001513 seconds
Computing Block 348 out of 560
Processing Block size=4
begin cleaner{left: ("[FunctionalDependency:(s: {brewery_id}, t: {city})]", 0.0), operator: *, right: (1.0, 1.0), result: 0.0}
列 'p' 不存在，对列 city 不过滤，直接选择所有非无效值。
clean_bool length:3
newest best op: Uniop(df,'city','San Diego',(['brewery_id'], {('98',)}),{left: ("[FunctionalDependency:(s: {brewery_id}, t: {city})]", 0.0), operator: *, right: (1.0, 1.0), result: 0.0})
now error: 0.0
Block processing time: 0.009477 seconds
Computing Block 351 out of 560
Processing Block size=6
begin cleaner{left: ("[FunctionalDependency:(s: {brewery_id}, t: {city})]", 0.0), operator: *, right: (1.0, 1.0), result: 0.0}
列 'p' 不存在，对列 city 不过滤，直接选择所有非无效值。
Block processing time: 0.004538 seconds
Computing Block 352 out of 560
Processing Block size=2
begin cleaner{left: ("[FunctionalDependency:(s: {brewery_id}, t: {city})]", 0.0), operator: *, right: (1.0, 1.0), result: 0.0}
列 'p' 不存在，对列 city 不过滤，直接选择所有非无效值。
Block processing time: 0.001636 seconds
Computing Block 354 out of 560
Processing Block size=2
begin cleaner{left: ("[FunctionalDependency:(s: {brewery_id}, t: {city})]", 0.0), operator: *, right: (1.0, 1.0), result: 0.0}
列 'p' 不存在，对列 city 不过滤，直接选择所有非无效值。
Block processing time: 0.001501 seconds
Computing Block 355 out of 560
Processing Block size=2
begin cleaner{left: ("[FunctionalDependency:(s: {brewery_id}, t: {city})]", 0.0), operator: *, right: (1.0, 1.0), result: 0.0}
列 'p' 不存在，对列 city 不过滤，直接选择所有非无效值。
Block processing time: 0.001571 seconds
Computing Block 356 out of 560
Processing Block size=4
begin cleaner{left: ("[FunctionalDependency:(s: {brewery_id}, t: {city})]", 0.0), operator: *, right: (1.0, 1.0), result: 0.0}
列 'p' 不存在，对列 city 不过滤，直接选择所有非无效值。
clean_bool length:3
newest best op: Uniop(df,'city','Afton',(['brewery_id'], {('382',)}),{left: ("[FunctionalDependency:(s: {brewery_id}, t: {city})]", 0.0), operator: *, right: (1.0, 1.0), result: 0.0})
now error: 0.0
Block processing time: 0.009506 seconds
Computing Block 357 out of 560
Processing Block size=4
begin cleaner{left: ("[FunctionalDependency:(s: {brewery_id}, t: {city})]", 0.0), operator: *, right: (1.0, 1.0), result: 0.0}
列 'p' 不存在，对列 city 不过滤，直接选择所有非无效值。
Block processing time: 0.003103 seconds
Computing Block 358 out of 560
Processing Block size=3
begin cleaner{left: ("[FunctionalDependency:(s: {brewery_id}, t: {city})]", 0.0), operator: *, right: (1.0, 1.0), result: 0.0}
列 'p' 不存在，对列 city 不过滤，直接选择所有非无效值。
Block processing time: 0.002337 seconds
Computing Block 360 out of 560
Processing Block size=2
begin cleaner{left: ("[FunctionalDependency:(s: {brewery_id}, t: {city})]", 0.0), operator: *, right: (1.0, 1.0), result: 0.0}
列 'p' 不存在，对列 city 不过滤，直接选择所有非无效值。
Block processing time: 0.001582 seconds
Computing Block 361 out of 560
Processing Block size=7
begin cleaner{left: ("[FunctionalDependency:(s: {brewery_id}, t: {city})]", 0.0), operator: *, right: (1.0, 1.0), result: 0.0}
列 'p' 不存在，对列 city 不过滤，直接选择所有非无效值。
Block processing time: 0.005291 seconds
Computing Block 362 out of 560
Processing Block size=12
begin cleaner{left: ("[FunctionalDependency:(s: {brewery_id}, t: {city})]", 0.0), operator: *, right: (1.0, 1.0), result: 0.0}
列 'p' 不存在，对列 city 不过滤，直接选择所有非无效值。
clean_bool length:3
newest best op: Uniop(df,'city','Chicago IL',(['brewery_id'], {('175',)}),{left: ("[FunctionalDependency:(s: {brewery_id}, t: {city})]", 0.0), operator: *, right: (1.0, 1.0), result: 0.0})
now error: 0.0
newest best op: Uniop(df,'city','Chicago',(['brewery_id'], {('175',)}),{left: ("[FunctionalDependency:(s: {brewery_id}, t: {city})]", 0.0), operator: *, right: (1.0, 1.0), result: 0.0})
now error: 0.0
Block processing time: 0.026829 seconds
Computing Block 364 out of 560
Processing Block size=22
begin cleaner{left: ("[FunctionalDependency:(s: {brewery_id}, t: {city})]", 0.0), operator: *, right: (1.0, 1.0), result: 0.0}
列 'p' 不存在，对列 city 不过滤，直接选择所有非无效值。
Block processing time: 0.015818 seconds
Computing Block 365 out of 560
Processing Block size=10
begin cleaner{left: ("[FunctionalDependency:(s: {brewery_id}, t: {city})]", 0.0), operator: *, right: (1.0, 1.0), result: 0.0}
列 'p' 不存在，对列 city 不过滤，直接选择所有非无效值。
Block processing time: 0.007067 seconds
Computing Block 366 out of 560
Processing Block size=3
begin cleaner{left: ("[FunctionalDependency:(s: {brewery_id}, t: {city})]", 0.0), operator: *, right: (1.0, 1.0), result: 0.0}
列 'p' 不存在，对列 city 不过滤，直接选择所有非无效值。
Block processing time: 0.002226 seconds
Computing Block 367 out of 560
Processing Block size=8
begin cleaner{left: ("[FunctionalDependency:(s: {brewery_id}, t: {city})]", 0.0), operator: *, right: (1.0, 1.0), result: 0.0}
列 'p' 不存在，对列 city 不过滤，直接选择所有非无效值。
Block processing time: 0.00572 seconds
Computing Block 368 out of 560
Processing Block size=3
begin cleaner{left: ("[FunctionalDependency:(s: {brewery_id}, t: {city})]", 0.0), operator: *, right: (1.0, 1.0), result: 0.0}
列 'p' 不存在，对列 city 不过滤，直接选择所有非无效值。
Block processing time: 0.002224 seconds
Computing Block 370 out of 560
Processing Block size=4
begin cleaner{left: ("[FunctionalDependency:(s: {brewery_id}, t: {city})]", 0.0), operator: *, right: (1.0, 1.0), result: 0.0}
列 'p' 不存在，对列 city 不过滤，直接选择所有非无效值。
Block processing time: 0.003009 seconds
Computing Block 371 out of 560
Processing Block size=4
begin cleaner{left: ("[FunctionalDependency:(s: {brewery_id}, t: {city})]", 0.0), operator: *, right: (1.0, 1.0), result: 0.0}
列 'p' 不存在，对列 city 不过滤，直接选择所有非无效值。
Block processing time: 0.002971 seconds
Computing Block 372 out of 560
Processing Block size=5
begin cleaner{left: ("[FunctionalDependency:(s: {brewery_id}, t: {city})]", 0.0), operator: *, right: (1.0, 1.0), result: 0.0}
列 'p' 不存在，对列 city 不过滤，直接选择所有非无效值。
clean_bool length:3
newest best op: Uniop(df,'city','Gloucester',(['brewery_id'], {('230',)}),{left: ("[FunctionalDependency:(s: {brewery_id}, t: {city})]", 0.0), operator: *, right: (1.0, 1.0), result: 0.0})
now error: 0.0
Block processing time: 0.011476 seconds
Computing Block 373 out of 560
Processing Block size=3
begin cleaner{left: ("[FunctionalDependency:(s: {brewery_id}, t: {city})]", 0.0), operator: *, right: (1.0, 1.0), result: 0.0}
列 'p' 不存在，对列 city 不过滤，直接选择所有非无效值。
Block processing time: 0.002233 seconds
Computing Block 374 out of 560
Processing Block size=5
begin cleaner{left: ("[FunctionalDependency:(s: {brewery_id}, t: {city})]", 0.0), operator: *, right: (1.0, 1.0), result: 0.0}
列 'p' 不存在，对列 city 不过滤，直接选择所有非无效值。
Block processing time: 0.003604 seconds
Computing Block 375 out of 560
Processing Block size=2
begin cleaner{left: ("[FunctionalDependency:(s: {brewery_id}, t: {city})]", 0.0), operator: *, right: (1.0, 1.0), result: 0.0}
列 'p' 不存在，对列 city 不过滤，直接选择所有非无效值。
Block processing time: 0.001491 seconds
Computing Block 376 out of 560
Processing Block size=2
begin cleaner{left: ("[FunctionalDependency:(s: {brewery_id}, t: {city})]", 0.0), operator: *, right: (1.0, 1.0), result: 0.0}
列 'p' 不存在，对列 city 不过滤，直接选择所有非无效值。
Block processing time: 0.00153 seconds
Computing Block 378 out of 560
Processing Block size=2
begin cleaner{left: ("[FunctionalDependency:(s: {brewery_id}, t: {city})]", 0.0), operator: *, right: (1.0, 1.0), result: 0.0}
列 'p' 不存在，对列 city 不过滤，直接选择所有非无效值。
Block processing time: 0.0015 seconds
Computing Block 379 out of 560
Processing Block size=4
begin cleaner{left: ("[FunctionalDependency:(s: {brewery_id}, t: {city})]", 0.0), operator: *, right: (1.0, 1.0), result: 0.0}
列 'p' 不存在，对列 city 不过滤，直接选择所有非无效值。
Block processing time: 0.002899 seconds
Computing Block 380 out of 560
Processing Block size=7
begin cleaner{left: ("[FunctionalDependency:(s: {brewery_id}, t: {city})]", 0.0), operator: *, right: (1.0, 1.0), result: 0.0}
列 'p' 不存在，对列 city 不过滤，直接选择所有非无效值。
Block processing time: 0.005021 seconds
Computing Block 381 out of 560
Processing Block size=19
begin cleaner{left: ("[FunctionalDependency:(s: {brewery_id}, t: {city})]", 0.0), operator: *, right: (1.0, 1.0), result: 0.0}
列 'p' 不存在，对列 city 不过滤，直接选择所有非无效值。
clean_bool length:3
newest best op: Uniop(df,'city','Eagle',(['brewery_id'], {('107',)}),{left: ("[FunctionalDependency:(s: {brewery_id}, t: {city})]", 0.0), operator: *, right: (1.0, 1.0), result: 0.0})
now error: 0.0
Block processing time: 0.040225 seconds
Computing Block 382 out of 560
Processing Block size=3
begin cleaner{left: ("[FunctionalDependency:(s: {brewery_id}, t: {city})]", 0.0), operator: *, right: (1.0, 1.0), result: 0.0}
列 'p' 不存在，对列 city 不过滤，直接选择所有非无效值。
Block processing time: 0.002227 seconds
Computing Block 383 out of 560
Processing Block size=2
begin cleaner{left: ("[FunctionalDependency:(s: {brewery_id}, t: {city})]", 0.0), operator: *, right: (1.0, 1.0), result: 0.0}
列 'p' 不存在，对列 city 不过滤，直接选择所有非无效值。
Block processing time: 0.001525 seconds
Computing Block 384 out of 560
Processing Block size=3
begin cleaner{left: ("[FunctionalDependency:(s: {brewery_id}, t: {city})]", 0.0), operator: *, right: (1.0, 1.0), result: 0.0}
列 'p' 不存在，对列 city 不过滤，直接选择所有非无效值。
Block processing time: 0.002189 seconds
Computing Block 385 out of 560
Processing Block size=2
begin cleaner{left: ("[FunctionalDependency:(s: {brewery_id}, t: {city})]", 0.0), operator: *, right: (1.0, 1.0), result: 0.0}
列 'p' 不存在，对列 city 不过滤，直接选择所有非无效值。
Block processing time: 0.001521 seconds
Computing Block 386 out of 560
Processing Block size=4
begin cleaner{left: ("[FunctionalDependency:(s: {brewery_id}, t: {city})]", 0.0), operator: *, right: (1.0, 1.0), result: 0.0}
列 'p' 不存在，对列 city 不过滤，直接选择所有非无效值。
Block processing time: 0.002914 seconds
Computing Block 387 out of 560
Processing Block size=4
begin cleaner{left: ("[FunctionalDependency:(s: {brewery_id}, t: {city})]", 0.0), operator: *, right: (1.0, 1.0), result: 0.0}
列 'p' 不存在，对列 city 不过滤，直接选择所有非无效值。
Block processing time: 0.002894 seconds
Computing Block 388 out of 560
Processing Block size=3
begin cleaner{left: ("[FunctionalDependency:(s: {brewery_id}, t: {city})]", 0.0), operator: *, right: (1.0, 1.0), result: 0.0}
列 'p' 不存在，对列 city 不过滤，直接选择所有非无效值。
Block processing time: 0.002209 seconds
Computing Block 389 out of 560
Processing Block size=4
begin cleaner{left: ("[FunctionalDependency:(s: {brewery_id}, t: {city})]", 0.0), operator: *, right: (1.0, 1.0), result: 0.0}
列 'p' 不存在，对列 city 不过滤，直接选择所有非无效值。
clean_bool length:3
newest best op: Uniop(df,'city','Charlottesville VA',(['brewery_id'], {('236',)}),{left: ("[FunctionalDependency:(s: {brewery_id}, t: {city})]", 0.0), operator: *, right: (1.0, 1.0), result: 0.0})
now error: 0.0
newest best op: Uniop(df,'city','Charlottesville',(['brewery_id'], {('236',)}),{left: ("[FunctionalDependency:(s: {brewery_id}, t: {city})]", 0.0), operator: *, right: (1.0, 1.0), result: 0.0})
now error: 0.0
Block processing time: 0.009481 seconds
Computing Block 390 out of 560
Processing Block size=3
begin cleaner{left: ("[FunctionalDependency:(s: {brewery_id}, t: {city})]", 0.0), operator: *, right: (1.0, 1.0), result: 0.0}
列 'p' 不存在，对列 city 不过滤，直接选择所有非无效值。
Block processing time: 0.002213 seconds
Computing Block 391 out of 560
Processing Block size=2
begin cleaner{left: ("[FunctionalDependency:(s: {brewery_id}, t: {city})]", 0.0), operator: *, right: (1.0, 1.0), result: 0.0}
列 'p' 不存在，对列 city 不过滤，直接选择所有非无效值。
Block processing time: 0.001543 seconds
Computing Block 392 out of 560
Processing Block size=2
begin cleaner{left: ("[FunctionalDependency:(s: {brewery_id}, t: {city})]", 0.0), operator: *, right: (1.0, 1.0), result: 0.0}
列 'p' 不存在，对列 city 不过滤，直接选择所有非无效值。
Block processing time: 0.001542 seconds
Computing Block 393 out of 560
Processing Block size=3
begin cleaner{left: ("[FunctionalDependency:(s: {brewery_id}, t: {city})]", 0.0), operator: *, right: (1.0, 1.0), result: 0.0}
列 'p' 不存在，对列 city 不过滤，直接选择所有非无效值。
Block processing time: 0.002339 seconds
Computing Block 394 out of 560
Processing Block size=7
begin cleaner{left: ("[FunctionalDependency:(s: {brewery_id}, t: {city})]", 0.0), operator: *, right: (1.0, 1.0), result: 0.0}
列 'p' 不存在，对列 city 不过滤，直接选择所有非无效值。
Block processing time: 0.005021 seconds
Computing Block 397 out of 560
Processing Block size=3
begin cleaner{left: ("[FunctionalDependency:(s: {brewery_id}, t: {city})]", 0.0), operator: *, right: (1.0, 1.0), result: 0.0}
列 'p' 不存在，对列 city 不过滤，直接选择所有非无效值。
clean_bool length:3
newest best op: Uniop(df,'city','Stevensville MT',(['brewery_id'], {('499',)}),{left: ("[FunctionalDependency:(s: {brewery_id}, t: {city})]", 0.0), operator: *, right: (1.0, 1.0), result: 0.0})
now error: 0.0
newest best op: Uniop(df,'city','Stevensville',(['brewery_id'], {('499',)}),{left: ("[FunctionalDependency:(s: {brewery_id}, t: {city})]", 0.0), operator: *, right: (1.0, 1.0), result: 0.0})
now error: 0.0
Block processing time: 0.007365 seconds
Computing Block 398 out of 560
Processing Block size=12
begin cleaner{left: ("[FunctionalDependency:(s: {brewery_id}, t: {city})]", 0.0), operator: *, right: (1.0, 1.0), result: 0.0}
列 'p' 不存在，对列 city 不过滤，直接选择所有非无效值。
clean_bool length:3
newest best op: Uniop(df,'city','Pottstown',(['brewery_id'], {('371',)}),{left: ("[FunctionalDependency:(s: {brewery_id}, t: {city})]", 0.0), operator: *, right: (1.0, 1.0), result: 0.0})
now error: 0.0
Block processing time: 0.026146 seconds
Computing Block 399 out of 560
Processing Block size=10
begin cleaner{left: ("[FunctionalDependency:(s: {brewery_id}, t: {city})]", 0.0), operator: *, right: (1.0, 1.0), result: 0.0}
列 'p' 不存在，对列 city 不过滤，直接选择所有非无效值。
Block processing time: 0.007155 seconds
Computing Block 400 out of 560
Processing Block size=4
begin cleaner{left: ("[FunctionalDependency:(s: {brewery_id}, t: {city})]", 0.0), operator: *, right: (1.0, 1.0), result: 0.0}
列 'p' 不存在，对列 city 不过滤，直接选择所有非无效值。
Block processing time: 0.002888 seconds
Computing Block 401 out of 560
Processing Block size=2
begin cleaner{left: ("[FunctionalDependency:(s: {brewery_id}, t: {city})]", 0.0), operator: *, right: (1.0, 1.0), result: 0.0}
列 'p' 不存在，对列 city 不过滤，直接选择所有非无效值。
Block processing time: 0.001565 seconds
Computing Block 402 out of 560
Processing Block size=8
begin cleaner{left: ("[FunctionalDependency:(s: {brewery_id}, t: {city})]", 0.0), operator: *, right: (1.0, 1.0), result: 0.0}
列 'p' 不存在，对列 city 不过滤，直接选择所有非无效值。
clean_bool length:3
newest best op: Uniop(df,'city','Fort Worth TX',(['brewery_id'], {('161',)}),{left: ("[FunctionalDependency:(s: {brewery_id}, t: {city})]", 0.0), operator: *, right: (1.0, 1.0), result: 0.0})
now error: 0.0
newest best op: Uniop(df,'city','Fort Worth',(['brewery_id'], {('161',)}),{left: ("[FunctionalDependency:(s: {brewery_id}, t: {city})]", 0.0), operator: *, right: (1.0, 1.0), result: 0.0})
now error: 0.0
Block processing time: 0.017922 seconds
Computing Block 403 out of 560
Processing Block size=4
begin cleaner{left: ("[FunctionalDependency:(s: {brewery_id}, t: {city})]", 0.0), operator: *, right: (1.0, 1.0), result: 0.0}
列 'p' 不存在，对列 city 不过滤，直接选择所有非无效值。
Block processing time: 0.002887 seconds
Computing Block 405 out of 560
Processing Block size=5
begin cleaner{left: ("[FunctionalDependency:(s: {brewery_id}, t: {city})]", 0.0), operator: *, right: (1.0, 1.0), result: 0.0}
列 'p' 不存在，对列 city 不过滤，直接选择所有非无效值。
Block processing time: 0.003668 seconds
Computing Block 406 out of 560
Processing Block size=3
begin cleaner{left: ("[FunctionalDependency:(s: {brewery_id}, t: {city})]", 0.0), operator: *, right: (1.0, 1.0), result: 0.0}
列 'p' 不存在，对列 city 不过滤，直接选择所有非无效值。
Block processing time: 0.002225 seconds
Computing Block 408 out of 560
Processing Block size=2
begin cleaner{left: ("[FunctionalDependency:(s: {brewery_id}, t: {city})]", 0.0), operator: *, right: (1.0, 1.0), result: 0.0}
列 'p' 不存在，对列 city 不过滤，直接选择所有非无效值。
clean_bool length:3
newest best op: Uniop(df,'city','Denton',(['brewery_id'], {('426',)}),{left: ("[FunctionalDependency:(s: {brewery_id}, t: {city})]", 0.0), operator: *, right: (1.0, 1.0), result: 0.0})
now error: 0.0
Block processing time: 0.00517 seconds
Computing Block 409 out of 560
Processing Block size=5
begin cleaner{left: ("[FunctionalDependency:(s: {brewery_id}, t: {city})]", 0.0), operator: *, right: (1.0, 1.0), result: 0.0}
列 'p' 不存在，对列 city 不过滤，直接选择所有非无效值。
Block processing time: 0.003597 seconds
Computing Block 410 out of 560
Processing Block size=2
begin cleaner{left: ("[FunctionalDependency:(s: {brewery_id}, t: {city})]", 0.0), operator: *, right: (1.0, 1.0), result: 0.0}
列 'p' 不存在，对列 city 不过滤，直接选择所有非无效值。
Block processing time: 0.001505 seconds
Computing Block 411 out of 560
Processing Block size=3
begin cleaner{left: ("[FunctionalDependency:(s: {brewery_id}, t: {city})]", 0.0), operator: *, right: (1.0, 1.0), result: 0.0}
列 'p' 不存在，对列 city 不过滤，直接选择所有非无效值。
Block processing time: 0.002227 seconds
Computing Block 412 out of 560
Processing Block size=4
begin cleaner{left: ("[FunctionalDependency:(s: {brewery_id}, t: {city})]", 0.0), operator: *, right: (1.0, 1.0), result: 0.0}
列 'p' 不存在，对列 city 不过滤，直接选择所有非无效值。
Block processing time: 0.002876 seconds
Computing Block 413 out of 560
Processing Block size=5
begin cleaner{left: ("[FunctionalDependency:(s: {brewery_id}, t: {city})]", 0.0), operator: *, right: (1.0, 1.0), result: 0.0}
列 'p' 不存在，对列 city 不过滤，直接选择所有非无效值。
Block processing time: 0.003603 seconds
Computing Block 414 out of 560
Processing Block size=4
begin cleaner{left: ("[FunctionalDependency:(s: {brewery_id}, t: {city})]", 0.0), operator: *, right: (1.0, 1.0), result: 0.0}
列 'p' 不存在，对列 city 不过滤，直接选择所有非无效值。
Block processing time: 0.002937 seconds
Computing Block 415 out of 560
Processing Block size=4
begin cleaner{left: ("[FunctionalDependency:(s: {brewery_id}, t: {city})]", 0.0), operator: *, right: (1.0, 1.0), result: 0.0}
列 'p' 不存在，对列 city 不过滤，直接选择所有非无效值。
Block processing time: 0.002881 seconds
Computing Block 416 out of 560
Processing Block size=2
begin cleaner{left: ("[FunctionalDependency:(s: {brewery_id}, t: {city})]", 0.0), operator: *, right: (1.0, 1.0), result: 0.0}
列 'p' 不存在，对列 city 不过滤，直接选择所有非无效值。
clean_bool length:3
newest best op: Uniop(df,'city','Portland',(['brewery_id'], {('42',)}),{left: ("[FunctionalDependency:(s: {brewery_id}, t: {city})]", 0.0), operator: *, right: (1.0, 1.0), result: 0.0})
now error: 0.0
Block processing time: 0.005215 seconds
Computing Block 417 out of 560
Processing Block size=2
begin cleaner{left: ("[FunctionalDependency:(s: {brewery_id}, t: {city})]", 0.0), operator: *, right: (1.0, 1.0), result: 0.0}
列 'p' 不存在，对列 city 不过滤，直接选择所有非无效值。
Block processing time: 0.001505 seconds
Computing Block 418 out of 560
Processing Block size=5
begin cleaner{left: ("[FunctionalDependency:(s: {brewery_id}, t: {city})]", 0.0), operator: *, right: (1.0, 1.0), result: 0.0}
列 'p' 不存在，对列 city 不过滤，直接选择所有非无效值。
Block processing time: 0.003654 seconds
Computing Block 420 out of 560
Processing Block size=5
begin cleaner{left: ("[FunctionalDependency:(s: {brewery_id}, t: {city})]", 0.0), operator: *, right: (1.0, 1.0), result: 0.0}
列 'p' 不存在，对列 city 不过滤，直接选择所有非无效值。
Block processing time: 0.003591 seconds
Computing Block 421 out of 560
Processing Block size=2
begin cleaner{left: ("[FunctionalDependency:(s: {brewery_id}, t: {city})]", 0.0), operator: *, right: (1.0, 1.0), result: 0.0}
列 'p' 不存在，对列 city 不过滤，直接选择所有非无效值。
Block processing time: 0.001509 seconds
Computing Block 422 out of 560
Processing Block size=2
begin cleaner{left: ("[FunctionalDependency:(s: {brewery_id}, t: {city})]", 0.0), operator: *, right: (1.0, 1.0), result: 0.0}
列 'p' 不存在，对列 city 不过滤，直接选择所有非无效值。
Block processing time: 0.001489 seconds
Computing Block 423 out of 560
Processing Block size=3
begin cleaner{left: ("[FunctionalDependency:(s: {brewery_id}, t: {city})]", 0.0), operator: *, right: (1.0, 1.0), result: 0.0}
列 'p' 不存在，对列 city 不过滤，直接选择所有非无效值。
Block processing time: 0.002236 seconds
Computing Block 424 out of 560
Processing Block size=5
begin cleaner{left: ("[FunctionalDependency:(s: {brewery_id}, t: {city})]", 0.0), operator: *, right: (1.0, 1.0), result: 0.0}
列 'p' 不存在，对列 city 不过滤，直接选择所有非无效值。
Block processing time: 0.003579 seconds
Computing Block 425 out of 560
Processing Block size=2
begin cleaner{left: ("[FunctionalDependency:(s: {brewery_id}, t: {city})]", 0.0), operator: *, right: (1.0, 1.0), result: 0.0}
列 'p' 不存在，对列 city 不过滤，直接选择所有非无效值。
Block processing time: 0.001507 seconds
Computing Block 426 out of 560
Processing Block size=4
begin cleaner{left: ("[FunctionalDependency:(s: {brewery_id}, t: {city})]", 0.0), operator: *, right: (1.0, 1.0), result: 0.0}
列 'p' 不存在，对列 city 不过滤，直接选择所有非无效值。
Block processing time: 0.002911 seconds
Computing Block 427 out of 560
Processing Block size=4
begin cleaner{left: ("[FunctionalDependency:(s: {brewery_id}, t: {city})]", 0.0), operator: *, right: (1.0, 1.0), result: 0.0}
列 'p' 不存在，对列 city 不过滤，直接选择所有非无效值。
Block processing time: 0.002976 seconds
Computing Block 428 out of 560
Processing Block size=2
begin cleaner{left: ("[FunctionalDependency:(s: {brewery_id}, t: {city})]", 0.0), operator: *, right: (1.0, 1.0), result: 0.0}
列 'p' 不存在，对列 city 不过滤，直接选择所有非无效值。
clean_bool length:3
newest best op: Uniop(df,'city','Portland',(['brewery_id'], {('266',)}),{left: ("[FunctionalDependency:(s: {brewery_id}, t: {city})]", 0.0), operator: *, right: (1.0, 1.0), result: 0.0})
now error: 0.0
Block processing time: 0.005246 seconds
Computing Block 430 out of 560
Processing Block size=3
begin cleaner{left: ("[FunctionalDependency:(s: {brewery_id}, t: {city})]", 0.0), operator: *, right: (1.0, 1.0), result: 0.0}
列 'p' 不存在，对列 city 不过滤，直接选择所有非无效值。
Block processing time: 0.00227 seconds
Computing Block 431 out of 560
Processing Block size=7
begin cleaner{left: ("[FunctionalDependency:(s: {brewery_id}, t: {city})]", 0.0), operator: *, right: (1.0, 1.0), result: 0.0}
列 'p' 不存在，对列 city 不过滤，直接选择所有非无效值。
Block processing time: 0.005137 seconds
Computing Block 432 out of 560
Processing Block size=2
begin cleaner{left: ("[FunctionalDependency:(s: {brewery_id}, t: {city})]", 0.0), operator: *, right: (1.0, 1.0), result: 0.0}
列 'p' 不存在，对列 city 不过滤，直接选择所有非无效值。
clean_bool length:3
newest best op: Uniop(df,'city','Edwards CO',(['brewery_id'], {('452',)}),{left: ("[FunctionalDependency:(s: {brewery_id}, t: {city})]", 0.0), operator: *, right: (1.0, 1.0), result: 0.0})
now error: 0.0
Block processing time: 0.005136 seconds
Computing Block 433 out of 560
Processing Block size=10
begin cleaner{left: ("[FunctionalDependency:(s: {brewery_id}, t: {city})]", 0.0), operator: *, right: (1.0, 1.0), result: 0.0}
列 'p' 不存在，对列 city 不过滤，直接选择所有非无效值。
clean_bool length:3
newest best op: Uniop(df,'city','Lake Barrington IL',(['brewery_id'], {('361',)}),{left: ("[FunctionalDependency:(s: {brewery_id}, t: {city})]", 0.0), operator: *, right: (1.0, 1.0), result: 0.0})
now error: 0.0
newest best op: Uniop(df,'city','Lake Barrington',(['brewery_id'], {('361',)}),{left: ("[FunctionalDependency:(s: {brewery_id}, t: {city})]", 0.0), operator: *, right: (1.0, 1.0), result: 0.0})
now error: 0.0
Block processing time: 0.022478 seconds
Computing Block 434 out of 560
Processing Block size=2
begin cleaner{left: ("[FunctionalDependency:(s: {brewery_id}, t: {city})]", 0.0), operator: *, right: (1.0, 1.0), result: 0.0}
列 'p' 不存在，对列 city 不过滤，直接选择所有非无效值。
Block processing time: 0.001565 seconds
Computing Block 436 out of 560
Processing Block size=12
begin cleaner{left: ("[FunctionalDependency:(s: {brewery_id}, t: {city})]", 0.0), operator: *, right: (1.0, 1.0), result: 0.0}
列 'p' 不存在，对列 city 不过滤，直接选择所有非无效值。
Block processing time: 0.008464 seconds
Computing Block 437 out of 560
Processing Block size=4
begin cleaner{left: ("[FunctionalDependency:(s: {brewery_id}, t: {city})]", 0.0), operator: *, right: (1.0, 1.0), result: 0.0}
列 'p' 不存在，对列 city 不过滤，直接选择所有非无效值。
Block processing time: 0.002907 seconds
Computing Block 438 out of 560
Processing Block size=4
begin cleaner{left: ("[FunctionalDependency:(s: {brewery_id}, t: {city})]", 0.0), operator: *, right: (1.0, 1.0), result: 0.0}
列 'p' 不存在，对列 city 不过滤，直接选择所有非无效值。
Block processing time: 0.002937 seconds
Computing Block 439 out of 560
Processing Block size=4
begin cleaner{left: ("[FunctionalDependency:(s: {brewery_id}, t: {city})]", 0.0), operator: *, right: (1.0, 1.0), result: 0.0}
列 'p' 不存在，对列 city 不过滤，直接选择所有非无效值。
Block processing time: 0.002966 seconds
Computing Block 440 out of 560
Processing Block size=2
begin cleaner{left: ("[FunctionalDependency:(s: {brewery_id}, t: {city})]", 0.0), operator: *, right: (1.0, 1.0), result: 0.0}
列 'p' 不存在，对列 city 不过滤，直接选择所有非无效值。
Block processing time: 0.001495 seconds
Computing Block 441 out of 560
Processing Block size=2
begin cleaner{left: ("[FunctionalDependency:(s: {brewery_id}, t: {city})]", 0.0), operator: *, right: (1.0, 1.0), result: 0.0}
列 'p' 不存在，对列 city 不过滤，直接选择所有非无效值。
Block processing time: 0.00152 seconds
Computing Block 442 out of 560
Processing Block size=5
begin cleaner{left: ("[FunctionalDependency:(s: {brewery_id}, t: {city})]", 0.0), operator: *, right: (1.0, 1.0), result: 0.0}
列 'p' 不存在，对列 city 不过滤，直接选择所有非无效值。
Block processing time: 0.003584 seconds
Computing Block 443 out of 560
Processing Block size=6
begin cleaner{left: ("[FunctionalDependency:(s: {brewery_id}, t: {city})]", 0.0), operator: *, right: (1.0, 1.0), result: 0.0}
列 'p' 不存在，对列 city 不过滤，直接选择所有非无效值。
clean_bool length:3
newest best op: Uniop(df,'city','Stevens Point',(['brewery_id'], {('32',)}),{left: ("[FunctionalDependency:(s: {brewery_id}, t: {city})]", 0.0), operator: *, right: (1.0, 1.0), result: 0.0})
now error: 0.0
Block processing time: 0.01414 seconds
Computing Block 445 out of 560
Processing Block size=6
begin cleaner{left: ("[FunctionalDependency:(s: {brewery_id}, t: {city})]", 0.0), operator: *, right: (1.0, 1.0), result: 0.0}
列 'p' 不存在，对列 city 不过滤，直接选择所有非无效值。
Block processing time: 0.004278 seconds
Computing Block 446 out of 560
Processing Block size=2
begin cleaner{left: ("[FunctionalDependency:(s: {brewery_id}, t: {city})]", 0.0), operator: *, right: (1.0, 1.0), result: 0.0}
列 'p' 不存在，对列 city 不过滤，直接选择所有非无效值。
Block processing time: 0.001505 seconds
Computing Block 448 out of 560
Processing Block size=6
begin cleaner{left: ("[FunctionalDependency:(s: {brewery_id}, t: {city})]", 0.0), operator: *, right: (1.0, 1.0), result: 0.0}
列 'p' 不存在，对列 city 不过滤，直接选择所有非无效值。
clean_bool length:3
newest best op: Uniop(df,'city','Denver CO',(['brewery_id'], {('110',)}),{left: ("[FunctionalDependency:(s: {brewery_id}, t: {city})]", 0.0), operator: *, right: (1.0, 1.0), result: 0.0})
now error: 0.0
newest best op: Uniop(df,'city','Denver',(['brewery_id'], {('110',)}),{left: ("[FunctionalDependency:(s: {brewery_id}, t: {city})]", 0.0), operator: *, right: (1.0, 1.0), result: 0.0})
now error: 0.0
Block processing time: 0.013303 seconds
Computing Block 449 out of 560
Processing Block size=4
begin cleaner{left: ("[FunctionalDependency:(s: {brewery_id}, t: {city})]", 0.0), operator: *, right: (1.0, 1.0), result: 0.0}
列 'p' 不存在，对列 city 不过滤，直接选择所有非无效值。
Block processing time: 0.002933 seconds
Computing Block 450 out of 560
Processing Block size=6
begin cleaner{left: ("[FunctionalDependency:(s: {brewery_id}, t: {city})]", 0.0), operator: *, right: (1.0, 1.0), result: 0.0}
列 'p' 不存在，对列 city 不过滤，直接选择所有非无效值。
Block processing time: 0.004579 seconds
Computing Block 451 out of 560
Processing Block size=6
begin cleaner{left: ("[FunctionalDependency:(s: {brewery_id}, t: {city})]", 0.0), operator: *, right: (1.0, 1.0), result: 0.0}
列 'p' 不存在，对列 city 不过滤，直接选择所有非无效值。
clean_bool length:3
newest best op: Uniop(df,'city','Portland',(['brewery_id'], {('387',)}),{left: ("[FunctionalDependency:(s: {brewery_id}, t: {city})]", 0.0), operator: *, right: (1.0, 1.0), result: 0.0})
now error: 0.0
Block processing time: 0.013803 seconds
Computing Block 452 out of 560
Processing Block size=6
begin cleaner{left: ("[FunctionalDependency:(s: {brewery_id}, t: {city})]", 0.0), operator: *, right: (1.0, 1.0), result: 0.0}
列 'p' 不存在，对列 city 不过滤，直接选择所有非无效值。
Block processing time: 0.004439 seconds
Computing Block 453 out of 560
Processing Block size=5
begin cleaner{left: ("[FunctionalDependency:(s: {brewery_id}, t: {city})]", 0.0), operator: *, right: (1.0, 1.0), result: 0.0}
列 'p' 不存在，对列 city 不过滤，直接选择所有非无效值。
Block processing time: 0.003617 seconds
Computing Block 454 out of 560
Processing Block size=4
begin cleaner{left: ("[FunctionalDependency:(s: {brewery_id}, t: {city})]", 0.0), operator: *, right: (1.0, 1.0), result: 0.0}
列 'p' 不存在，对列 city 不过滤，直接选择所有非无效值。
Block processing time: 0.002901 seconds
Computing Block 455 out of 560
Processing Block size=5
begin cleaner{left: ("[FunctionalDependency:(s: {brewery_id}, t: {city})]", 0.0), operator: *, right: (1.0, 1.0), result: 0.0}
列 'p' 不存在，对列 city 不过滤，直接选择所有非无效值。
Block processing time: 0.003628 seconds
Computing Block 456 out of 560
Processing Block size=2
begin cleaner{left: ("[FunctionalDependency:(s: {brewery_id}, t: {city})]", 0.0), operator: *, right: (1.0, 1.0), result: 0.0}
列 'p' 不存在，对列 city 不过滤，直接选择所有非无效值。
Block processing time: 0.001544 seconds
Computing Block 457 out of 560
Processing Block size=18
begin cleaner{left: ("[FunctionalDependency:(s: {brewery_id}, t: {city})]", 0.0), operator: *, right: (1.0, 1.0), result: 0.0}
列 'p' 不存在，对列 city 不过滤，直接选择所有非无效值。
Block processing time: 0.013293 seconds
Computing Block 459 out of 560
Processing Block size=14
begin cleaner{left: ("[FunctionalDependency:(s: {brewery_id}, t: {city})]", 0.0), operator: *, right: (1.0, 1.0), result: 0.0}
列 'p' 不存在，对列 city 不过滤，直接选择所有非无效值。
Block processing time: 0.010724 seconds
Computing Block 460 out of 560
Processing Block size=15
begin cleaner{left: ("[FunctionalDependency:(s: {brewery_id}, t: {city})]", 0.0), operator: *, right: (1.0, 1.0), result: 0.0}
列 'p' 不存在，对列 city 不过滤，直接选择所有非无效值。
clean_bool length:3
newest best op: Uniop(df,'city','Los Angeles CA',(['brewery_id'], {('240',)}),{left: ("[FunctionalDependency:(s: {brewery_id}, t: {city})]", 0.0), operator: *, right: (1.0, 1.0), result: 0.0})
now error: 0.0
newest best op: Uniop(df,'city','Los Angeles',(['brewery_id'], {('240',)}),{left: ("[FunctionalDependency:(s: {brewery_id}, t: {city})]", 0.0), operator: *, right: (1.0, 1.0), result: 0.0})
now error: 0.0
Block processing time: 0.032449 seconds
Computing Block 461 out of 560
Processing Block size=7
begin cleaner{left: ("[FunctionalDependency:(s: {brewery_id}, t: {city})]", 0.0), operator: *, right: (1.0, 1.0), result: 0.0}
列 'p' 不存在，对列 city 不过滤，直接选择所有非无效值。
Block processing time: 0.005131 seconds
Computing Block 462 out of 560
Processing Block size=4
begin cleaner{left: ("[FunctionalDependency:(s: {brewery_id}, t: {city})]", 0.0), operator: *, right: (1.0, 1.0), result: 0.0}
列 'p' 不存在，对列 city 不过滤，直接选择所有非无效值。
clean_bool length:3
newest best op: Uniop(df,'city','Atlantic Highlands NJ',(['brewery_id'], {('222',)}),{left: ("[FunctionalDependency:(s: {brewery_id}, t: {city})]", 0.0), operator: *, right: (1.0, 1.0), result: 0.0})
now error: 0.0
newest best op: Uniop(df,'city','Atlantic Highlands',(['brewery_id'], {('222',)}),{left: ("[FunctionalDependency:(s: {brewery_id}, t: {city})]", 0.0), operator: *, right: (1.0, 1.0), result: 0.0})
now error: 0.0
Block processing time: 0.009597 seconds
Computing Block 463 out of 560
Processing Block size=4
begin cleaner{left: ("[FunctionalDependency:(s: {brewery_id}, t: {city})]", 0.0), operator: *, right: (1.0, 1.0), result: 0.0}
列 'p' 不存在，对列 city 不过滤，直接选择所有非无效值。
Block processing time: 0.002996 seconds
Computing Block 464 out of 560
Processing Block size=2
begin cleaner{left: ("[FunctionalDependency:(s: {brewery_id}, t: {city})]", 0.0), operator: *, right: (1.0, 1.0), result: 0.0}
列 'p' 不存在，对列 city 不过滤，直接选择所有非无效值。
Block processing time: 0.001509 seconds
Computing Block 465 out of 560
Processing Block size=12
begin cleaner{left: ("[FunctionalDependency:(s: {brewery_id}, t: {city})]", 0.0), operator: *, right: (1.0, 1.0), result: 0.0}
列 'p' 不存在，对列 city 不过滤，直接选择所有非无效值。
Block processing time: 0.008485 seconds
Computing Block 466 out of 560
Processing Block size=25
begin cleaner{left: ("[FunctionalDependency:(s: {brewery_id}, t: {city})]", 0.0), operator: *, right: (1.0, 1.0), result: 0.0}
列 'p' 不存在，对列 city 不过滤，直接选择所有非无效值。
clean_bool length:3
newest best op: Uniop(df,'city','Tampa',(['brewery_id'], {('141',)}),{left: ("[FunctionalDependency:(s: {brewery_id}, t: {city})]", 0.0), operator: *, right: (1.0, 1.0), result: 0.0})
now error: 0.0
Block processing time: 0.053612 seconds
Computing Block 468 out of 560
Processing Block size=3
begin cleaner{left: ("[FunctionalDependency:(s: {brewery_id}, t: {city})]", 0.0), operator: *, right: (1.0, 1.0), result: 0.0}
列 'p' 不存在，对列 city 不过滤，直接选择所有非无效值。
clean_bool length:3
newest best op: Uniop(df,'city','Brooklyn',(['brewery_id'], {('342',)}),{left: ("[FunctionalDependency:(s: {brewery_id}, t: {city})]", 0.0), operator: *, right: (1.0, 1.0), result: 0.0})
now error: 0.0
Block processing time: 0.007633 seconds
Computing Block 470 out of 560
Processing Block size=2
begin cleaner{left: ("[FunctionalDependency:(s: {brewery_id}, t: {city})]", 0.0), operator: *, right: (1.0, 1.0), result: 0.0}
列 'p' 不存在，对列 city 不过滤，直接选择所有非无效值。
Block processing time: 0.001653 seconds
Computing Block 471 out of 560
Processing Block size=3
begin cleaner{left: ("[FunctionalDependency:(s: {brewery_id}, t: {city})]", 0.0), operator: *, right: (1.0, 1.0), result: 0.0}
列 'p' 不存在，对列 city 不过滤，直接选择所有非无效值。
Block processing time: 0.002331 seconds
Computing Block 473 out of 560
Processing Block size=4
begin cleaner{left: ("[FunctionalDependency:(s: {brewery_id}, t: {city})]", 0.0), operator: *, right: (1.0, 1.0), result: 0.0}
列 'p' 不存在，对列 city 不过滤，直接选择所有非无效值。
clean_bool length:3
newest best op: Uniop(df,'city','Nellysford',(['brewery_id'], {('181',)}),{left: ("[FunctionalDependency:(s: {brewery_id}, t: {city})]", 0.0), operator: *, right: (1.0, 1.0), result: 0.0})
now error: 0.0
Block processing time: 0.009325 seconds
Computing Block 474 out of 560
Processing Block size=4
begin cleaner{left: ("[FunctionalDependency:(s: {brewery_id}, t: {city})]", 0.0), operator: *, right: (1.0, 1.0), result: 0.0}
列 'p' 不存在，对列 city 不过滤，直接选择所有非无效值。
Block processing time: 0.00297 seconds
Computing Block 476 out of 560
Processing Block size=2
begin cleaner{left: ("[FunctionalDependency:(s: {brewery_id}, t: {city})]", 0.0), operator: *, right: (1.0, 1.0), result: 0.0}
列 'p' 不存在，对列 city 不过滤，直接选择所有非无效值。
Block processing time: 0.001526 seconds
Computing Block 477 out of 560
Processing Block size=3
begin cleaner{left: ("[FunctionalDependency:(s: {brewery_id}, t: {city})]", 0.0), operator: *, right: (1.0, 1.0), result: 0.0}
列 'p' 不存在，对列 city 不过滤，直接选择所有非无效值。
Block processing time: 0.002201 seconds
Computing Block 478 out of 560
Processing Block size=2
begin cleaner{left: ("[FunctionalDependency:(s: {brewery_id}, t: {city})]", 0.0), operator: *, right: (1.0, 1.0), result: 0.0}
列 'p' 不存在，对列 city 不过滤，直接选择所有非无效值。
Block processing time: 0.001573 seconds
Computing Block 479 out of 560
Processing Block size=2
begin cleaner{left: ("[FunctionalDependency:(s: {brewery_id}, t: {city})]", 0.0), operator: *, right: (1.0, 1.0), result: 0.0}
列 'p' 不存在，对列 city 不过滤，直接选择所有非无效值。
Block processing time: 0.001534 seconds
Computing Block 480 out of 560
Processing Block size=2
begin cleaner{left: ("[FunctionalDependency:(s: {brewery_id}, t: {city})]", 0.0), operator: *, right: (1.0, 1.0), result: 0.0}
列 'p' 不存在，对列 city 不过滤，直接选择所有非无效值。
Block processing time: 0.001526 seconds
Computing Block 481 out of 560
Processing Block size=3
begin cleaner{left: ("[FunctionalDependency:(s: {brewery_id}, t: {city})]", 0.0), operator: *, right: (1.0, 1.0), result: 0.0}
列 'p' 不存在，对列 city 不过滤，直接选择所有非无效值。
clean_bool length:3
newest best op: Uniop(df,'city','Buellton',(['brewery_id'], {('36',)}),{left: ("[FunctionalDependency:(s: {brewery_id}, t: {city})]", 0.0), operator: *, right: (1.0, 1.0), result: 0.0})
now error: 0.0
Block processing time: 0.007206 seconds
Computing Block 483 out of 560
Processing Block size=2
begin cleaner{left: ("[FunctionalDependency:(s: {brewery_id}, t: {city})]", 0.0), operator: *, right: (1.0, 1.0), result: 0.0}
列 'p' 不存在，对列 city 不过滤，直接选择所有非无效值。
Block processing time: 0.001556 seconds
Computing Block 484 out of 560
Processing Block size=2
begin cleaner{left: ("[FunctionalDependency:(s: {brewery_id}, t: {city})]", 0.0), operator: *, right: (1.0, 1.0), result: 0.0}
列 'p' 不存在，对列 city 不过滤，直接选择所有非无效值。
Block processing time: 0.001503 seconds
Computing Block 485 out of 560
Processing Block size=2
begin cleaner{left: ("[FunctionalDependency:(s: {brewery_id}, t: {city})]", 0.0), operator: *, right: (1.0, 1.0), result: 0.0}
列 'p' 不存在，对列 city 不过滤，直接选择所有非无效值。
Block processing time: 0.001572 seconds
Computing Block 486 out of 560
Processing Block size=14
begin cleaner{left: ("[FunctionalDependency:(s: {brewery_id}, t: {city})]", 0.0), operator: *, right: (1.0, 1.0), result: 0.0}
列 'p' 不存在，对列 city 不过滤，直接选择所有非无效值。
clean_bool length:3
newest best op: Uniop(df,'city','Conroe TX',(['brewery_id'], {('118',)}),{left: ("[FunctionalDependency:(s: {brewery_id}, t: {city})]", 0.0), operator: *, right: (1.0, 1.0), result: 0.0})
now error: 0.0
newest best op: Uniop(df,'city','Conroe',(['brewery_id'], {('118',)}),{left: ("[FunctionalDependency:(s: {brewery_id}, t: {city})]", 0.0), operator: *, right: (1.0, 1.0), result: 0.0})
now error: 0.0
Block processing time: 0.030561 seconds
Computing Block 487 out of 560
Processing Block size=2
begin cleaner{left: ("[FunctionalDependency:(s: {brewery_id}, t: {city})]", 0.0), operator: *, right: (1.0, 1.0), result: 0.0}
列 'p' 不存在，对列 city 不过滤，直接选择所有非无效值。
Block processing time: 0.001536 seconds
Computing Block 489 out of 560
Processing Block size=8
begin cleaner{left: ("[FunctionalDependency:(s: {brewery_id}, t: {city})]", 0.0), operator: *, right: (1.0, 1.0), result: 0.0}
列 'p' 不存在，对列 city 不过滤，直接选择所有非无效值。
Block processing time: 0.005734 seconds
Computing Block 491 out of 560
Processing Block size=7
begin cleaner{left: ("[FunctionalDependency:(s: {brewery_id}, t: {city})]", 0.0), operator: *, right: (1.0, 1.0), result: 0.0}
列 'p' 不存在，对列 city 不过滤，直接选择所有非无效值。
Block processing time: 0.005381 seconds
Computing Block 492 out of 560
Processing Block size=3
begin cleaner{left: ("[FunctionalDependency:(s: {brewery_id}, t: {city})]", 0.0), operator: *, right: (1.0, 1.0), result: 0.0}
列 'p' 不存在，对列 city 不过滤，直接选择所有非无效值。
Block processing time: 0.002298 seconds
Computing Block 493 out of 560
Processing Block size=8
begin cleaner{left: ("[FunctionalDependency:(s: {brewery_id}, t: {city})]", 0.0), operator: *, right: (1.0, 1.0), result: 0.0}
列 'p' 不存在，对列 city 不过滤，直接选择所有非无效值。
Block processing time: 0.005851 seconds
Computing Block 494 out of 560
Processing Block size=23
begin cleaner{left: ("[FunctionalDependency:(s: {brewery_id}, t: {city})]", 0.0), operator: *, right: (1.0, 1.0), result: 0.0}
列 'p' 不存在，对列 city 不过滤，直接选择所有非无效值。
clean_bool length:3
newest best op: Uniop(df,'city','Portland',(['brewery_id'], {('80',)}),{left: ("[FunctionalDependency:(s: {brewery_id}, t: {city})]", 0.0), operator: *, right: (1.0, 1.0), result: 0.0})
now error: 0.0
Block processing time: 0.049264 seconds
Computing Block 495 out of 560
Processing Block size=5
begin cleaner{left: ("[FunctionalDependency:(s: {brewery_id}, t: {city})]", 0.0), operator: *, right: (1.0, 1.0), result: 0.0}
列 'p' 不存在，对列 city 不过滤，直接选择所有非无效值。
clean_bool length:3
newest best op: Uniop(df,'city','Hershey PA',(['brewery_id'], {('97',)}),{left: ("[FunctionalDependency:(s: {brewery_id}, t: {city})]", 0.0), operator: *, right: (1.0, 1.0), result: 0.0})
now error: 0.0
newest best op: Uniop(df,'city','Hershey',(['brewery_id'], {('97',)}),{left: ("[FunctionalDependency:(s: {brewery_id}, t: {city})]", 0.0), operator: *, right: (1.0, 1.0), result: 0.0})
now error: 0.0
Block processing time: 0.011693 seconds
Computing Block 496 out of 560
Processing Block size=2
begin cleaner{left: ("[FunctionalDependency:(s: {brewery_id}, t: {city})]", 0.0), operator: *, right: (1.0, 1.0), result: 0.0}
列 'p' 不存在，对列 city 不过滤，直接选择所有非无效值。
clean_bool length:3
newest best op: Uniop(df,'city','Cambridge MA',(['brewery_id'], {('178',)}),{left: ("[FunctionalDependency:(s: {brewery_id}, t: {city})]", 0.0), operator: *, right: (1.0, 1.0), result: 0.0})
now error: 0.0
Block processing time: 0.005285 seconds
Computing Block 497 out of 560
Processing Block size=2
begin cleaner{left: ("[FunctionalDependency:(s: {brewery_id}, t: {city})]", 0.0), operator: *, right: (1.0, 1.0), result: 0.0}
列 'p' 不存在，对列 city 不过滤，直接选择所有非无效值。
Block processing time: 0.00152 seconds
Computing Block 498 out of 560
Processing Block size=4
begin cleaner{left: ("[FunctionalDependency:(s: {brewery_id}, t: {city})]", 0.0), operator: *, right: (1.0, 1.0), result: 0.0}
列 'p' 不存在，对列 city 不过滤，直接选择所有非无效值。
Block processing time: 0.002944 seconds
Computing Block 499 out of 560
Processing Block size=3
begin cleaner{left: ("[FunctionalDependency:(s: {brewery_id}, t: {city})]", 0.0), operator: *, right: (1.0, 1.0), result: 0.0}
列 'p' 不存在，对列 city 不过滤，直接选择所有非无效值。
Block processing time: 0.002194 seconds
Computing Block 501 out of 560
Processing Block size=4
begin cleaner{left: ("[FunctionalDependency:(s: {brewery_id}, t: {city})]", 0.0), operator: *, right: (1.0, 1.0), result: 0.0}
列 'p' 不存在，对列 city 不过滤，直接选择所有非无效值。
Block processing time: 0.002924 seconds
Computing Block 504 out of 560
Processing Block size=2
begin cleaner{left: ("[FunctionalDependency:(s: {brewery_id}, t: {city})]", 0.0), operator: *, right: (1.0, 1.0), result: 0.0}
列 'p' 不存在，对列 city 不过滤，直接选择所有非无效值。
Block processing time: 0.001504 seconds
Computing Block 505 out of 560
Processing Block size=4
begin cleaner{left: ("[FunctionalDependency:(s: {brewery_id}, t: {city})]", 0.0), operator: *, right: (1.0, 1.0), result: 0.0}
列 'p' 不存在，对列 city 不过滤，直接选择所有非无效值。
clean_bool length:3
newest best op: Uniop(df,'city','Belmont',(['brewery_id'], {('491',)}),{left: ("[FunctionalDependency:(s: {brewery_id}, t: {city})]", 0.0), operator: *, right: (1.0, 1.0), result: 0.0})
now error: 0.0
Block processing time: 0.00931 seconds
Computing Block 507 out of 560
Processing Block size=4
begin cleaner{left: ("[FunctionalDependency:(s: {brewery_id}, t: {city})]", 0.0), operator: *, right: (1.0, 1.0), result: 0.0}
列 'p' 不存在，对列 city 不过滤，直接选择所有非无效值。
clean_bool length:3
newest best op: Uniop(df,'city','Denver CO',(['brewery_id'], {('391',)}),{left: ("[FunctionalDependency:(s: {brewery_id}, t: {city})]", 0.0), operator: *, right: (1.0, 1.0), result: 0.0})
now error: 0.0
newest best op: Uniop(df,'city','Denver',(['brewery_id'], {('391',)}),{left: ("[FunctionalDependency:(s: {brewery_id}, t: {city})]", 0.0), operator: *, right: (1.0, 1.0), result: 0.0})
now error: 0.0
Block processing time: 0.009344 seconds
Computing Block 508 out of 560
Processing Block size=2
begin cleaner{left: ("[FunctionalDependency:(s: {brewery_id}, t: {city})]", 0.0), operator: *, right: (1.0, 1.0), result: 0.0}
列 'p' 不存在，对列 city 不过滤，直接选择所有非无效值。
Block processing time: 0.001524 seconds
Computing Block 509 out of 560
Processing Block size=4
begin cleaner{left: ("[FunctionalDependency:(s: {brewery_id}, t: {city})]", 0.0), operator: *, right: (1.0, 1.0), result: 0.0}
列 'p' 不存在，对列 city 不过滤，直接选择所有非无效值。
Block processing time: 0.002928 seconds
Computing Block 511 out of 560
Processing Block size=3
begin cleaner{left: ("[FunctionalDependency:(s: {brewery_id}, t: {city})]", 0.0), operator: *, right: (1.0, 1.0), result: 0.0}
列 'p' 不存在，对列 city 不过滤，直接选择所有非无效值。
Block processing time: 0.002238 seconds
Computing Block 512 out of 560
Processing Block size=3
begin cleaner{left: ("[FunctionalDependency:(s: {brewery_id}, t: {city})]", 0.0), operator: *, right: (1.0, 1.0), result: 0.0}
列 'p' 不存在，对列 city 不过滤，直接选择所有非无效值。
Block processing time: 0.002219 seconds
Computing Block 513 out of 560
Processing Block size=12
begin cleaner{left: ("[FunctionalDependency:(s: {brewery_id}, t: {city})]", 0.0), operator: *, right: (1.0, 1.0), result: 0.0}
列 'p' 不存在，对列 city 不过滤，直接选择所有非无效值。
clean_bool length:3
newest best op: Uniop(df,'city','Boston',(['brewery_id'], {('234',)}),{left: ("[FunctionalDependency:(s: {brewery_id}, t: {city})]", 0.0), operator: *, right: (1.0, 1.0), result: 0.0})
now error: 0.0
Block processing time: 0.026343 seconds
Computing Block 514 out of 560
Processing Block size=8
begin cleaner{left: ("[FunctionalDependency:(s: {brewery_id}, t: {city})]", 0.0), operator: *, right: (1.0, 1.0), result: 0.0}
列 'p' 不存在，对列 city 不过滤，直接选择所有非无效值。
Block processing time: 0.006128 seconds
Computing Block 517 out of 560
Processing Block size=2
begin cleaner{left: ("[FunctionalDependency:(s: {brewery_id}, t: {city})]", 0.0), operator: *, right: (1.0, 1.0), result: 0.0}
列 'p' 不存在，对列 city 不过滤，直接选择所有非无效值。
clean_bool length:3
newest best op: Uniop(df,'city','North Woodstock NH',(['brewery_id'], {('109',)}),{left: ("[FunctionalDependency:(s: {brewery_id}, t: {city})]", 0.0), operator: *, right: (1.0, 1.0), result: 0.0})
now error: 0.0
Block processing time: 0.005293 seconds
Computing Block 519 out of 560
Processing Block size=3
begin cleaner{left: ("[FunctionalDependency:(s: {brewery_id}, t: {city})]", 0.0), operator: *, right: (1.0, 1.0), result: 0.0}
列 'p' 不存在，对列 city 不过滤，直接选择所有非无效值。
clean_bool length:3
newest best op: Uniop(df,'city','Asheville NC',(['brewery_id'], {('528',)}),{left: ("[FunctionalDependency:(s: {brewery_id}, t: {city})]", 0.0), operator: *, right: (1.0, 1.0), result: 0.0})
now error: 0.0
newest best op: Uniop(df,'city','Asheville',(['brewery_id'], {('528',)}),{left: ("[FunctionalDependency:(s: {brewery_id}, t: {city})]", 0.0), operator: *, right: (1.0, 1.0), result: 0.0})
now error: 0.0
Block processing time: 0.007392 seconds
Computing Block 520 out of 560
Processing Block size=18
begin cleaner{left: ("[FunctionalDependency:(s: {brewery_id}, t: {city})]", 0.0), operator: *, right: (1.0, 1.0), result: 0.0}
列 'p' 不存在，对列 city 不过滤，直接选择所有非无效值。
clean_bool length:3
newest best op: Uniop(df,'city','Manhattan KS',(['brewery_id'], {('45',)}),{left: ("[FunctionalDependency:(s: {brewery_id}, t: {city})]", 0.0), operator: *, right: (1.0, 1.0), result: 0.0})
now error: 0.0
newest best op: Uniop(df,'city','Manhattan',(['brewery_id'], {('45',)}),{left: ("[FunctionalDependency:(s: {brewery_id}, t: {city})]", 0.0), operator: *, right: (1.0, 1.0), result: 0.0})
now error: 0.0
Block processing time: 0.038824 seconds
Computing Block 523 out of 560
Processing Block size=5
begin cleaner{left: ("[FunctionalDependency:(s: {brewery_id}, t: {city})]", 0.0), operator: *, right: (1.0, 1.0), result: 0.0}
列 'p' 不存在，对列 city 不过滤，直接选择所有非无效值。
Block processing time: 0.003632 seconds
Computing Block 524 out of 560
Processing Block size=6
begin cleaner{left: ("[FunctionalDependency:(s: {brewery_id}, t: {city})]", 0.0), operator: *, right: (1.0, 1.0), result: 0.0}
列 'p' 不存在，对列 city 不过滤，直接选择所有非无效值。
Block processing time: 0.00428 seconds
Computing Block 525 out of 560
Processing Block size=12
begin cleaner{left: ("[FunctionalDependency:(s: {brewery_id}, t: {city})]", 0.0), operator: *, right: (1.0, 1.0), result: 0.0}
列 'p' 不存在，对列 city 不过滤，直接选择所有非无效值。
clean_bool length:3
newest best op: Uniop(df,'city','Durango CO',(['brewery_id'], {('264',)}),{left: ("[FunctionalDependency:(s: {brewery_id}, t: {city})]", 0.0), operator: *, right: (1.0, 1.0), result: 0.0})
now error: 0.0
newest best op: Uniop(df,'city','Durango',(['brewery_id'], {('264',)}),{left: ("[FunctionalDependency:(s: {brewery_id}, t: {city})]", 0.0), operator: *, right: (1.0, 1.0), result: 0.0})
now error: 0.0
Block processing time: 0.026373 seconds
Computing Block 526 out of 560
Processing Block size=5
begin cleaner{left: ("[FunctionalDependency:(s: {brewery_id}, t: {city})]", 0.0), operator: *, right: (1.0, 1.0), result: 0.0}
列 'p' 不存在，对列 city 不过滤，直接选择所有非无效值。
Block processing time: 0.003797 seconds
Computing Block 527 out of 560
Processing Block size=5
begin cleaner{left: ("[FunctionalDependency:(s: {brewery_id}, t: {city})]", 0.0), operator: *, right: (1.0, 1.0), result: 0.0}
列 'p' 不存在，对列 city 不过滤，直接选择所有非无效值。
clean_bool length:3
newest best op: Uniop(df,'city','Chicago IL',(['brewery_id'], {('88',)}),{left: ("[FunctionalDependency:(s: {brewery_id}, t: {city})]", 0.0), operator: *, right: (1.0, 1.0), result: 0.0})
now error: 0.0
newest best op: Uniop(df,'city','Chicago',(['brewery_id'], {('88',)}),{left: ("[FunctionalDependency:(s: {brewery_id}, t: {city})]", 0.0), operator: *, right: (1.0, 1.0), result: 0.0})
now error: 0.0
Block processing time: 0.011442 seconds
Computing Block 528 out of 560
Processing Block size=5
begin cleaner{left: ("[FunctionalDependency:(s: {brewery_id}, t: {city})]", 0.0), operator: *, right: (1.0, 1.0), result: 0.0}
列 'p' 不存在，对列 city 不过滤，直接选择所有非无效值。
clean_bool length:3
newest best op: Uniop(df,'city','Helena',(['brewery_id'], {('537',)}),{left: ("[FunctionalDependency:(s: {brewery_id}, t: {city})]", 0.0), operator: *, right: (1.0, 1.0), result: 0.0})
now error: 0.0
Block processing time: 0.011361 seconds
Computing Block 529 out of 560
Processing Block size=3
begin cleaner{left: ("[FunctionalDependency:(s: {brewery_id}, t: {city})]", 0.0), operator: *, right: (1.0, 1.0), result: 0.0}
列 'p' 不存在，对列 city 不过滤，直接选择所有非无效值。
clean_bool length:3
newest best op: Uniop(df,'city','Mill Valley CA',(['brewery_id'], {('280',)}),{left: ("[FunctionalDependency:(s: {brewery_id}, t: {city})]", 0.0), operator: *, right: (1.0, 1.0), result: 0.0})
now error: 0.0
newest best op: Uniop(df,'city','Mill Valley',(['brewery_id'], {('280',)}),{left: ("[FunctionalDependency:(s: {brewery_id}, t: {city})]", 0.0), operator: *, right: (1.0, 1.0), result: 0.0})
now error: 0.0
Block processing time: 0.007259 seconds
Computing Block 530 out of 560
Processing Block size=2
begin cleaner{left: ("[FunctionalDependency:(s: {brewery_id}, t: {city})]", 0.0), operator: *, right: (1.0, 1.0), result: 0.0}
列 'p' 不存在，对列 city 不过滤，直接选择所有非无效值。
Block processing time: 0.001545 seconds
Computing Block 534 out of 560
Processing Block size=3
begin cleaner{left: ("[FunctionalDependency:(s: {brewery_id}, t: {city})]", 0.0), operator: *, right: (1.0, 1.0), result: 0.0}
列 'p' 不存在，对列 city 不过滤，直接选择所有非无效值。
Block processing time: 0.002202 seconds
Computing Block 535 out of 560
Processing Block size=3
begin cleaner{left: ("[FunctionalDependency:(s: {brewery_id}, t: {city})]", 0.0), operator: *, right: (1.0, 1.0), result: 0.0}
列 'p' 不存在，对列 city 不过滤，直接选择所有非无效值。
Block processing time: 0.002201 seconds
Computing Block 536 out of 560
Processing Block size=3
begin cleaner{left: ("[FunctionalDependency:(s: {brewery_id}, t: {city})]", 0.0), operator: *, right: (1.0, 1.0), result: 0.0}
列 'p' 不存在，对列 city 不过滤，直接选择所有非无效值。
Block processing time: 0.002211 seconds
Computing Block 537 out of 560
Processing Block size=7
begin cleaner{left: ("[FunctionalDependency:(s: {brewery_id}, t: {city})]", 0.0), operator: *, right: (1.0, 1.0), result: 0.0}
列 'p' 不存在，对列 city 不过滤，直接选择所有非无效值。
clean_bool length:3
newest best op: Uniop(df,'city','Bloomington',(['brewery_id'], {('57',)}),{left: ("[FunctionalDependency:(s: {brewery_id}, t: {city})]", 0.0), operator: *, right: (1.0, 1.0), result: 0.0})
now error: 0.0
Block processing time: 0.016025 seconds
Computing Block 538 out of 560
Processing Block size=3
begin cleaner{left: ("[FunctionalDependency:(s: {brewery_id}, t: {city})]", 0.0), operator: *, right: (1.0, 1.0), result: 0.0}
列 'p' 不存在，对列 city 不过滤，直接选择所有非无效值。
Block processing time: 0.002404 seconds
Computing Block 539 out of 560
WARNING:root:No partitioning rule specified, processing might be slow
Processing Block size=2
begin cleaner{left: ("[FunctionalDependency:(s: {brewery_id}, t: {city})]", 0.0), operator: *, right: (1.0, 1.0), result: 0.0}
列 'p' 不存在，对列 city 不过滤，直接选择所有非无效值。
Block processing time: 0.001539 seconds
Computing Block 540 out of 560
Processing Block size=3
begin cleaner{left: ("[FunctionalDependency:(s: {brewery_id}, t: {city})]", 0.0), operator: *, right: (1.0, 1.0), result: 0.0}
列 'p' 不存在，对列 city 不过滤，直接选择所有非无效值。
Block processing time: 0.002298 seconds
Computing Block 542 out of 560
Processing Block size=3
begin cleaner{left: ("[FunctionalDependency:(s: {brewery_id}, t: {city})]", 0.0), operator: *, right: (1.0, 1.0), result: 0.0}
列 'p' 不存在，对列 city 不过滤，直接选择所有非无效值。
Block processing time: 0.002259 seconds
Computing Block 543 out of 560
Processing Block size=2
begin cleaner{left: ("[FunctionalDependency:(s: {brewery_id}, t: {city})]", 0.0), operator: *, right: (1.0, 1.0), result: 0.0}
列 'p' 不存在，对列 city 不过滤，直接选择所有非无效值。
Block processing time: 0.001585 seconds
Computing Block 544 out of 560
Processing Block size=7
begin cleaner{left: ("[FunctionalDependency:(s: {brewery_id}, t: {city})]", 0.0), operator: *, right: (1.0, 1.0), result: 0.0}
列 'p' 不存在，对列 city 不过滤，直接选择所有非无效值。
Block processing time: 0.005172 seconds
Computing Block 546 out of 560
Processing Block size=4
begin cleaner{left: ("[FunctionalDependency:(s: {brewery_id}, t: {city})]", 0.0), operator: *, right: (1.0, 1.0), result: 0.0}
列 'p' 不存在，对列 city 不过滤，直接选择所有非无效值。
clean_bool length:3
newest best op: Uniop(df,'city','York PA',(['brewery_id'], {('298',)}),{left: ("[FunctionalDependency:(s: {brewery_id}, t: {city})]", 0.0), operator: *, right: (1.0, 1.0), result: 0.0})
now error: 0.0
newest best op: Uniop(df,'city','York',(['brewery_id'], {('298',)}),{left: ("[FunctionalDependency:(s: {brewery_id}, t: {city})]", 0.0), operator: *, right: (1.0, 1.0), result: 0.0})
now error: 0.0
Block processing time: 0.009416 seconds
Computing Block 548 out of 560
Processing Block size=4
begin cleaner{left: ("[FunctionalDependency:(s: {brewery_id}, t: {city})]", 0.0), operator: *, right: (1.0, 1.0), result: 0.0}
列 'p' 不存在，对列 city 不过滤，直接选择所有非无效值。
Block processing time: 0.003028 seconds
Computing Block 549 out of 560
Processing Block size=2
begin cleaner{left: ("[FunctionalDependency:(s: {brewery_id}, t: {city})]", 0.0), operator: *, right: (1.0, 1.0), result: 0.0}
列 'p' 不存在，对列 city 不过滤，直接选择所有非无效值。
Block processing time: 0.001502 seconds
Computing Block 550 out of 560
Processing Block size=3
begin cleaner{left: ("[FunctionalDependency:(s: {brewery_id}, t: {city})]", 0.0), operator: *, right: (1.0, 1.0), result: 0.0}
列 'p' 不存在，对列 city 不过滤，直接选择所有非无效值。
Block processing time: 0.002286 seconds
Computing Block 551 out of 560
Processing Block size=3
begin cleaner{left: ("[FunctionalDependency:(s: {brewery_id}, t: {city})]", 0.0), operator: *, right: (1.0, 1.0), result: 0.0}
列 'p' 不存在，对列 city 不过滤，直接选择所有非无效值。
Block processing time: 0.002332 seconds
Computing Block 552 out of 560
Processing Block size=6
begin cleaner{left: ("[FunctionalDependency:(s: {brewery_id}, t: {city})]", 0.0), operator: *, right: (1.0, 1.0), result: 0.0}
列 'p' 不存在，对列 city 不过滤，直接选择所有非无效值。
Block processing time: 0.004462 seconds
Computing Block 553 out of 560
Processing Block size=2
begin cleaner{left: ("[FunctionalDependency:(s: {brewery_id}, t: {city})]", 0.0), operator: *, right: (1.0, 1.0), result: 0.0}
列 'p' 不存在，对列 city 不过滤，直接选择所有非无效值。
Block processing time: 0.001514 seconds
Computing Block 554 out of 560
Processing Block size=8
begin cleaner{left: ("[FunctionalDependency:(s: {brewery_id}, t: {city})]", 0.0), operator: *, right: (1.0, 1.0), result: 0.0}
列 'p' 不存在，对列 city 不过滤，直接选择所有非无效值。
Block processing time: 0.005838 seconds
Computing Block 556 out of 560
Processing Block size=2
begin cleaner{left: ("[FunctionalDependency:(s: {brewery_id}, t: {city})]", 0.0), operator: *, right: (1.0, 1.0), result: 0.0}
列 'p' 不存在，对列 city 不过滤，直接选择所有非无效值。
Block processing time: 0.001501 seconds
Computing Block 557 out of 560
Processing Block size=4
begin cleaner{left: ("[FunctionalDependency:(s: {brewery_id}, t: {city})]", 0.0), operator: *, right: (1.0, 1.0), result: 0.0}
列 'p' 不存在，对列 city 不过滤，直接选择所有非无效值。
Block processing time: 0.002896 seconds
Computing Block 559 out of 560
Processing Block size=13
begin cleaner{left: ("[FunctionalDependency:(s: {brewery_id}, t: {city})]", 0.0), operator: *, right: (1.0, 1.0), result: 0.0}
列 'p' 不存在，对列 city 不过滤，直接选择所有非无效值。
clean_bool length:3
newest best op: Uniop(df,'city','Lyons CO',(['brewery_id'], {('503',)}),{left: ("[FunctionalDependency:(s: {brewery_id}, t: {city})]", 0.0), operator: *, right: (1.0, 1.0), result: 0.0})
now error: 0.0
newest best op: Uniop(df,'city','Lyons',(['brewery_id'], {('503',)}),{left: ("[FunctionalDependency:(s: {brewery_id}, t: {city})]", 0.0), operator: *, right: (1.0, 1.0), result: 0.0})
now error: 0.0
Block processing time: 0.02832 seconds
Computing Block 560 out of 560
Processing Block size=7
begin cleaner{left: ("[FunctionalDependency:(s: {brewery_id}, t: {city})]", 0.0), operator: *, right: (1.0, 1.0), result: 0.0}
列 'p' 不存在，对列 city 不过滤，直接选择所有非无效值。
Block processing time: 0.005026 seconds
  当前节点: city 有 103 个清洗操作
  当前节点: state 存在可用清洗信号
数据块大小: 2410
分块属性:
[['brewery_id']]
Starting initial block mapping...
Initial number of blocks: 560
Final number of blocks after further splitting: 560
Computing Block 1 out of 560
Processing Block size=8
begin cleaner[FunctionalDependency:(s: {'brewery_id'}, t: {'state'})]*1.0
列 'p' 不存在，对列 state 不过滤，直接选择所有非无效值。
Block processing time: 0.006171 seconds
Computing Block 2 out of 560
Processing Block size=5
begin cleaner{left: ("[FunctionalDependency:(s: {brewery_id}, t: {state})]", 0.0), operator: *, right: (1.0, 1.0), result: 0.0}
列 'p' 不存在，对列 state 不过滤，直接选择所有非无效值。
Block processing time: 0.003733 seconds
Computing Block 3 out of 560
Processing Block size=19
begin cleaner{left: ("[FunctionalDependency:(s: {brewery_id}, t: {state})]", 0.0), operator: *, right: (1.0, 1.0), result: 0.0}
列 'p' 不存在，对列 state 不过滤，直接选择所有非无效值。
clean_bool length:2
newest best op: Uniop(df,'state','AZ',(['brewery_id'], {('30',)}),{left: ("[FunctionalDependency:(s: {brewery_id}, t: {state})]", 0.0), operator: *, right: (1.0, 1.0), result: 0.0})
now error: 0.0
Block processing time: 0.027011 seconds
Computing Block 4 out of 560
Processing Block size=2
begin cleaner{left: ("[FunctionalDependency:(s: {brewery_id}, t: {state})]", 0.0), operator: *, right: (1.0, 1.0), result: 0.0}
列 'p' 不存在，对列 state 不过滤，直接选择所有非无效值。
Block processing time: 0.00154 seconds
Computing Block 5 out of 560
Processing Block size=4
begin cleaner{left: ("[FunctionalDependency:(s: {brewery_id}, t: {state})]", 0.0), operator: *, right: (1.0, 1.0), result: 0.0}
列 'p' 不存在，对列 state 不过滤，直接选择所有非无效值。
Block processing time: 0.002952 seconds
Computing Block 6 out of 560
Processing Block size=2
begin cleaner{left: ("[FunctionalDependency:(s: {brewery_id}, t: {state})]", 0.0), operator: *, right: (1.0, 1.0), result: 0.0}
列 'p' 不存在，对列 state 不过滤，直接选择所有非无效值。
Block processing time: 0.001521 seconds
Computing Block 7 out of 560
Processing Block size=4
begin cleaner{left: ("[FunctionalDependency:(s: {brewery_id}, t: {state})]", 0.0), operator: *, right: (1.0, 1.0), result: 0.0}
列 'p' 不存在，对列 state 不过滤，直接选择所有非无效值。
Block processing time: 0.002959 seconds
Computing Block 8 out of 560
Processing Block size=2
begin cleaner{left: ("[FunctionalDependency:(s: {brewery_id}, t: {state})]", 0.0), operator: *, right: (1.0, 1.0), result: 0.0}
列 'p' 不存在，对列 state 不过滤，直接选择所有非无效值。
Block processing time: 0.001557 seconds
Computing Block 11 out of 560
Processing Block size=6
begin cleaner{left: ("[FunctionalDependency:(s: {brewery_id}, t: {state})]", 0.0), operator: *, right: (1.0, 1.0), result: 0.0}
列 'p' 不存在，对列 state 不过滤，直接选择所有非无效值。
Block processing time: 0.004453 seconds
Computing Block 12 out of 560
Processing Block size=3
begin cleaner{left: ("[FunctionalDependency:(s: {brewery_id}, t: {state})]", 0.0), operator: *, right: (1.0, 1.0), result: 0.0}
列 'p' 不存在，对列 state 不过滤，直接选择所有非无效值。
Block processing time: 0.002235 seconds
Computing Block 15 out of 560
Processing Block size=5
begin cleaner{left: ("[FunctionalDependency:(s: {brewery_id}, t: {state})]", 0.0), operator: *, right: (1.0, 1.0), result: 0.0}
列 'p' 不存在，对列 state 不过滤，直接选择所有非无效值。
clean_bool length:2
newest best op: Uniop(df,'state','CO',(['brewery_id'], {('405',)}),{left: ("[FunctionalDependency:(s: {brewery_id}, t: {state})]", 0.0), operator: *, right: (1.0, 1.0), result: 0.0})
now error: 0.0
Block processing time: 0.007757 seconds
Computing Block 17 out of 560
Processing Block size=2
begin cleaner{left: ("[FunctionalDependency:(s: {brewery_id}, t: {state})]", 0.0), operator: *, right: (1.0, 1.0), result: 0.0}
列 'p' 不存在，对列 state 不过滤，直接选择所有非无效值。
Block processing time: 0.001524 seconds
Computing Block 18 out of 560
Processing Block size=3
begin cleaner{left: ("[FunctionalDependency:(s: {brewery_id}, t: {state})]", 0.0), operator: *, right: (1.0, 1.0), result: 0.0}
列 'p' 不存在，对列 state 不过滤，直接选择所有非无效值。
Block processing time: 0.002278 seconds
Computing Block 19 out of 560
Processing Block size=3
begin cleaner{left: ("[FunctionalDependency:(s: {brewery_id}, t: {state})]", 0.0), operator: *, right: (1.0, 1.0), result: 0.0}
列 'p' 不存在，对列 state 不过滤，直接选择所有非无效值。
Block processing time: 0.002207 seconds
Computing Block 21 out of 560
Processing Block size=5
begin cleaner{left: ("[FunctionalDependency:(s: {brewery_id}, t: {state})]", 0.0), operator: *, right: (1.0, 1.0), result: 0.0}
列 'p' 不存在，对列 state 不过滤，直接选择所有非无效值。
Block processing time: 0.003674 seconds
Computing Block 24 out of 560
Processing Block size=17
begin cleaner{left: ("[FunctionalDependency:(s: {brewery_id}, t: {state})]", 0.0), operator: *, right: (1.0, 1.0), result: 0.0}
列 'p' 不存在，对列 state 不过滤，直接选择所有非无效值。
Block processing time: 0.01259 seconds
Computing Block 25 out of 560
Processing Block size=7
begin cleaner{left: ("[FunctionalDependency:(s: {brewery_id}, t: {state})]", 0.0), operator: *, right: (1.0, 1.0), result: 0.0}
列 'p' 不存在，对列 state 不过滤，直接选择所有非无效值。
clean_bool length:2
newest best op: Uniop(df,'state','CO',(['brewery_id'], {('135',)}),{left: ("[FunctionalDependency:(s: {brewery_id}, t: {state})]", 0.0), operator: *, right: (1.0, 1.0), result: 0.0})
now error: 0.0
Block processing time: 0.010405 seconds
Computing Block 26 out of 560
Processing Block size=5
begin cleaner{left: ("[FunctionalDependency:(s: {brewery_id}, t: {state})]", 0.0), operator: *, right: (1.0, 1.0), result: 0.0}
列 'p' 不存在，对列 state 不过滤，直接选择所有非无效值。
Block processing time: 0.003767 seconds
Computing Block 27 out of 560
Processing Block size=3
begin cleaner{left: ("[FunctionalDependency:(s: {brewery_id}, t: {state})]", 0.0), operator: *, right: (1.0, 1.0), result: 0.0}
列 'p' 不存在，对列 state 不过滤，直接选择所有非无效值。
clean_bool length:2
newest best op: Uniop(df,'state','MN',(['brewery_id'], {('58',)}),{left: ("[FunctionalDependency:(s: {brewery_id}, t: {state})]", 0.0), operator: *, right: (1.0, 1.0), result: 0.0})
now error: 0.0
Block processing time: 0.004945 seconds
Computing Block 28 out of 560
Processing Block size=8
begin cleaner{left: ("[FunctionalDependency:(s: {brewery_id}, t: {state})]", 0.0), operator: *, right: (1.0, 1.0), result: 0.0}
列 'p' 不存在，对列 state 不过滤，直接选择所有非无效值。
clean_bool length:2
newest best op: Uniop(df,'state','IL',(['brewery_id'], {('65',)}),{left: ("[FunctionalDependency:(s: {brewery_id}, t: {state})]", 0.0), operator: *, right: (1.0, 1.0), result: 0.0})
now error: 0.0
Block processing time: 0.011912 seconds
Computing Block 30 out of 560
Processing Block size=2
begin cleaner{left: ("[FunctionalDependency:(s: {brewery_id}, t: {state})]", 0.0), operator: *, right: (1.0, 1.0), result: 0.0}
列 'p' 不存在，对列 state 不过滤，直接选择所有非无效值。
Block processing time: 0.001529 seconds
Computing Block 31 out of 560
Processing Block size=62
begin cleaner{left: ("[FunctionalDependency:(s: {brewery_id}, t: {state})]", 0.0), operator: *, right: (1.0, 1.0), result: 0.0}
列 'p' 不存在，对列 state 不过滤，直接选择所有非无效值。
clean_bool length:2
newest best op: Uniop(df,'state','MI',(['brewery_id'], {('10',)}),{left: ("[FunctionalDependency:(s: {brewery_id}, t: {state})]", 0.0), operator: *, right: (1.0, 1.0), result: 0.0})
now error: 0.0
Block processing time: 0.086454 seconds
Computing Block 32 out of 560
Processing Block size=6
begin cleaner{left: ("[FunctionalDependency:(s: {brewery_id}, t: {state})]", 0.0), operator: *, right: (1.0, 1.0), result: 0.0}
列 'p' 不存在，对列 state 不过滤，直接选择所有非无效值。
clean_bool length:2
newest best op: Uniop(df,'state','NY',(['brewery_id'], {('437',)}),{left: ("[FunctionalDependency:(s: {brewery_id}, t: {state})]", 0.0), operator: *, right: (1.0, 1.0), result: 0.0})
now error: 0.0
Block processing time: 0.009037 seconds
Computing Block 33 out of 560
Processing Block size=4
begin cleaner{left: ("[FunctionalDependency:(s: {brewery_id}, t: {state})]", 0.0), operator: *, right: (1.0, 1.0), result: 0.0}
列 'p' 不存在，对列 state 不过滤，直接选择所有非无效值。
Block processing time: 0.003013 seconds
Computing Block 34 out of 560
Processing Block size=6
begin cleaner{left: ("[FunctionalDependency:(s: {brewery_id}, t: {state})]", 0.0), operator: *, right: (1.0, 1.0), result: 0.0}
列 'p' 不存在，对列 state 不过滤，直接选择所有非无效值。
Block processing time: 0.0044 seconds
Computing Block 35 out of 560
Processing Block size=3
begin cleaner{left: ("[FunctionalDependency:(s: {brewery_id}, t: {state})]", 0.0), operator: *, right: (1.0, 1.0), result: 0.0}
列 'p' 不存在，对列 state 不过滤，直接选择所有非无效值。
Block processing time: 0.002208 seconds
Computing Block 36 out of 560
Processing Block size=2
begin cleaner{left: ("[FunctionalDependency:(s: {brewery_id}, t: {state})]", 0.0), operator: *, right: (1.0, 1.0), result: 0.0}
列 'p' 不存在，对列 state 不过滤，直接选择所有非无效值。
Block processing time: 0.00151 seconds
Computing Block 37 out of 560
Processing Block size=11
begin cleaner{left: ("[FunctionalDependency:(s: {brewery_id}, t: {state})]", 0.0), operator: *, right: (1.0, 1.0), result: 0.0}
列 'p' 不存在，对列 state 不过滤，直接选择所有非无效值。
Block processing time: 0.008067 seconds
Computing Block 38 out of 560
Processing Block size=3
begin cleaner{left: ("[FunctionalDependency:(s: {brewery_id}, t: {state})]", 0.0), operator: *, right: (1.0, 1.0), result: 0.0}
列 'p' 不存在，对列 state 不过滤，直接选择所有非无效值。
Block processing time: 0.00224 seconds
Computing Block 39 out of 560
Processing Block size=3
begin cleaner{left: ("[FunctionalDependency:(s: {brewery_id}, t: {state})]", 0.0), operator: *, right: (1.0, 1.0), result: 0.0}
列 'p' 不存在，对列 state 不过滤，直接选择所有非无效值。
Block processing time: 0.00222 seconds
Computing Block 40 out of 560
Processing Block size=3
begin cleaner{left: ("[FunctionalDependency:(s: {brewery_id}, t: {state})]", 0.0), operator: *, right: (1.0, 1.0), result: 0.0}
列 'p' 不存在，对列 state 不过滤，直接选择所有非无效值。
Block processing time: 0.00221 seconds
Computing Block 43 out of 560
Processing Block size=12
begin cleaner{left: ("[FunctionalDependency:(s: {brewery_id}, t: {state})]", 0.0), operator: *, right: (1.0, 1.0), result: 0.0}
列 'p' 不存在，对列 state 不过滤，直接选择所有非无效值。
Block processing time: 0.008518 seconds
Computing Block 44 out of 560
Processing Block size=5
begin cleaner{left: ("[FunctionalDependency:(s: {brewery_id}, t: {state})]", 0.0), operator: *, right: (1.0, 1.0), result: 0.0}
列 'p' 不存在，对列 state 不过滤，直接选择所有非无效值。
Block processing time: 0.003697 seconds
Computing Block 46 out of 560
Processing Block size=8
begin cleaner{left: ("[FunctionalDependency:(s: {brewery_id}, t: {state})]", 0.0), operator: *, right: (1.0, 1.0), result: 0.0}
列 'p' 不存在，对列 state 不过滤，直接选择所有非无效值。
Block processing time: 0.005744 seconds
Computing Block 47 out of 560
Processing Block size=9
begin cleaner{left: ("[FunctionalDependency:(s: {brewery_id}, t: {state})]", 0.0), operator: *, right: (1.0, 1.0), result: 0.0}
列 'p' 不存在，对列 state 不过滤，直接选择所有非无效值。
clean_bool length:2
newest best op: Uniop(df,'state','OH',(['brewery_id'], {('91',)}),{left: ("[FunctionalDependency:(s: {brewery_id}, t: {state})]", 0.0), operator: *, right: (1.0, 1.0), result: 0.0})
now error: 0.0
Block processing time: 0.013013 seconds
Computing Block 48 out of 560
Processing Block size=2
begin cleaner{left: ("[FunctionalDependency:(s: {brewery_id}, t: {state})]", 0.0), operator: *, right: (1.0, 1.0), result: 0.0}
列 'p' 不存在，对列 state 不过滤，直接选择所有非无效值。
Block processing time: 0.00152 seconds
Computing Block 50 out of 560
Processing Block size=3
begin cleaner{left: ("[FunctionalDependency:(s: {brewery_id}, t: {state})]", 0.0), operator: *, right: (1.0, 1.0), result: 0.0}
列 'p' 不存在，对列 state 不过滤，直接选择所有非无效值。
Block processing time: 0.002204 seconds
Computing Block 51 out of 560
Processing Block size=4
begin cleaner{left: ("[FunctionalDependency:(s: {brewery_id}, t: {state})]", 0.0), operator: *, right: (1.0, 1.0), result: 0.0}
列 'p' 不存在，对列 state 不过滤，直接选择所有非无效值。
clean_bool length:2
newest best op: Uniop(df,'state','AR',(['brewery_id'], {('139',)}),{left: ("[FunctionalDependency:(s: {brewery_id}, t: {state})]", 0.0), operator: *, right: (1.0, 1.0), result: 0.0})
now error: 0.0
Block processing time: 0.006579 seconds
Computing Block 53 out of 560
Processing Block size=3
begin cleaner{left: ("[FunctionalDependency:(s: {brewery_id}, t: {state})]", 0.0), operator: *, right: (1.0, 1.0), result: 0.0}
列 'p' 不存在，对列 state 不过滤，直接选择所有非无效值。
Block processing time: 0.002236 seconds
Computing Block 54 out of 560
Processing Block size=2
begin cleaner{left: ("[FunctionalDependency:(s: {brewery_id}, t: {state})]", 0.0), operator: *, right: (1.0, 1.0), result: 0.0}
列 'p' 不存在，对列 state 不过滤，直接选择所有非无效值。
Block processing time: 0.001496 seconds
Computing Block 56 out of 560
Processing Block size=11
begin cleaner{left: ("[FunctionalDependency:(s: {brewery_id}, t: {state})]", 0.0), operator: *, right: (1.0, 1.0), result: 0.0}
列 'p' 不存在，对列 state 不过滤，直接选择所有非无效值。
Block processing time: 0.007791 seconds
Computing Block 57 out of 560
Processing Block size=3
begin cleaner{left: ("[FunctionalDependency:(s: {brewery_id}, t: {state})]", 0.0), operator: *, right: (1.0, 1.0), result: 0.0}
列 'p' 不存在，对列 state 不过滤，直接选择所有非无效值。
clean_bool length:2
newest best op: Uniop(df,'state','IL',(['brewery_id'], {('210',)}),{left: ("[FunctionalDependency:(s: {brewery_id}, t: {state})]", 0.0), operator: *, right: (1.0, 1.0), result: 0.0})
now error: 0.0
Block processing time: 0.004867 seconds
Computing Block 58 out of 560
Processing Block size=24
begin cleaner{left: ("[FunctionalDependency:(s: {brewery_id}, t: {state})]", 0.0), operator: *, right: (1.0, 1.0), result: 0.0}
列 'p' 不存在，对列 state 不过滤，直接选择所有非无效值。
clean_bool length:2
newest best op: Uniop(df,'state','NY',(['brewery_id'], {('46',)}),{left: ("[FunctionalDependency:(s: {brewery_id}, t: {state})]", 0.0), operator: *, right: (1.0, 1.0), result: 0.0})
now error: 0.0
Block processing time: 0.033583 seconds
Computing Block 59 out of 560
Processing Block size=2
begin cleaner{left: ("[FunctionalDependency:(s: {brewery_id}, t: {state})]", 0.0), operator: *, right: (1.0, 1.0), result: 0.0}
列 'p' 不存在，对列 state 不过滤，直接选择所有非无效值。
Block processing time: 0.00155 seconds
Computing Block 61 out of 560
Processing Block size=4
begin cleaner{left: ("[FunctionalDependency:(s: {brewery_id}, t: {state})]", 0.0), operator: *, right: (1.0, 1.0), result: 0.0}
列 'p' 不存在，对列 state 不过滤，直接选择所有非无效值。
clean_bool length:2
newest best op: Uniop(df,'state','CA',(['brewery_id'], {('350',)}),{left: ("[FunctionalDependency:(s: {brewery_id}, t: {state})]", 0.0), operator: *, right: (1.0, 1.0), result: 0.0})
now error: 0.0
Block processing time: 0.006136 seconds
Computing Block 62 out of 560
Processing Block size=9
begin cleaner{left: ("[FunctionalDependency:(s: {brewery_id}, t: {state})]", 0.0), operator: *, right: (1.0, 1.0), result: 0.0}
列 'p' 不存在，对列 state 不过滤，直接选择所有非无效值。
Block processing time: 0.006417 seconds
Computing Block 63 out of 560
Processing Block size=13
begin cleaner{left: ("[FunctionalDependency:(s: {brewery_id}, t: {state})]", 0.0), operator: *, right: (1.0, 1.0), result: 0.0}
列 'p' 不存在，对列 state 不过滤，直接选择所有非无效值。
clean_bool length:2
newest best op: Uniop(df,'state','MN',(['brewery_id'], {('61',)}),{left: ("[FunctionalDependency:(s: {brewery_id}, t: {state})]", 0.0), operator: *, right: (1.0, 1.0), result: 0.0})
now error: 0.0
Block processing time: 0.018661 seconds
Computing Block 64 out of 560
Processing Block size=2
begin cleaner{left: ("[FunctionalDependency:(s: {brewery_id}, t: {state})]", 0.0), operator: *, right: (1.0, 1.0), result: 0.0}
列 'p' 不存在，对列 state 不过滤，直接选择所有非无效值。
clean_bool length:2
newest best op: Uniop(df,'state','FL',(['brewery_id'], {('467',)}),{left: ("[FunctionalDependency:(s: {brewery_id}, t: {state})]", 0.0), operator: *, right: (1.0, 1.0), result: 0.0})
now error: 0.0
Block processing time: 0.003802 seconds
Computing Block 66 out of 560
Processing Block size=7
begin cleaner{left: ("[FunctionalDependency:(s: {brewery_id}, t: {state})]", 0.0), operator: *, right: (1.0, 1.0), result: 0.0}
列 'p' 不存在，对列 state 不过滤，直接选择所有非无效值。
Block processing time: 0.005643 seconds
Computing Block 67 out of 560
Processing Block size=10
begin cleaner{left: ("[FunctionalDependency:(s: {brewery_id}, t: {state})]", 0.0), operator: *, right: (1.0, 1.0), result: 0.0}
列 'p' 不存在，对列 state 不过滤，直接选择所有非无效值。
Block processing time: 0.007914 seconds
Computing Block 68 out of 560
Processing Block size=2
begin cleaner{left: ("[FunctionalDependency:(s: {brewery_id}, t: {state})]", 0.0), operator: *, right: (1.0, 1.0), result: 0.0}
列 'p' 不存在，对列 state 不过滤，直接选择所有非无效值。
Block processing time: 0.0017 seconds
Computing Block 70 out of 560
Processing Block size=2
begin cleaner{left: ("[FunctionalDependency:(s: {brewery_id}, t: {state})]", 0.0), operator: *, right: (1.0, 1.0), result: 0.0}
列 'p' 不存在，对列 state 不过滤，直接选择所有非无效值。
Block processing time: 0.001553 seconds
Computing Block 71 out of 560
Processing Block size=2
begin cleaner{left: ("[FunctionalDependency:(s: {brewery_id}, t: {state})]", 0.0), operator: *, right: (1.0, 1.0), result: 0.0}
列 'p' 不存在，对列 state 不过滤，直接选择所有非无效值。
clean_bool length:2
newest best op: Uniop(df,'state','CO',(['brewery_id'], {('291',)}),{left: ("[FunctionalDependency:(s: {brewery_id}, t: {state})]", 0.0), operator: *, right: (1.0, 1.0), result: 0.0})
now error: 0.0
Block processing time: 0.003524 seconds
Computing Block 72 out of 560
Processing Block size=4
begin cleaner{left: ("[FunctionalDependency:(s: {brewery_id}, t: {state})]", 0.0), operator: *, right: (1.0, 1.0), result: 0.0}
列 'p' 不存在，对列 state 不过滤，直接选择所有非无效值。
Block processing time: 0.003086 seconds
Computing Block 74 out of 560
Processing Block size=7
begin cleaner{left: ("[FunctionalDependency:(s: {brewery_id}, t: {state})]", 0.0), operator: *, right: (1.0, 1.0), result: 0.0}
列 'p' 不存在，对列 state 不过滤，直接选择所有非无效值。
Block processing time: 0.005012 seconds
Computing Block 76 out of 560
Processing Block size=2
begin cleaner{left: ("[FunctionalDependency:(s: {brewery_id}, t: {state})]", 0.0), operator: *, right: (1.0, 1.0), result: 0.0}
列 'p' 不存在，对列 state 不过滤，直接选择所有非无效值。
Block processing time: 0.001565 seconds
Computing Block 77 out of 560
Processing Block size=9
begin cleaner{left: ("[FunctionalDependency:(s: {brewery_id}, t: {state})]", 0.0), operator: *, right: (1.0, 1.0), result: 0.0}
列 'p' 不存在，对列 state 不过滤，直接选择所有非无效值。
clean_bool length:2
newest best op: Uniop(df,'state','CA',(['brewery_id'], {('83',)}),{left: ("[FunctionalDependency:(s: {brewery_id}, t: {state})]", 0.0), operator: *, right: (1.0, 1.0), result: 0.0})
now error: 0.0
Block processing time: 0.013199 seconds
Computing Block 78 out of 560
Processing Block size=6
begin cleaner{left: ("[FunctionalDependency:(s: {brewery_id}, t: {state})]", 0.0), operator: *, right: (1.0, 1.0), result: 0.0}
列 'p' 不存在，对列 state 不过滤，直接选择所有非无效值。
clean_bool length:2
newest best op: Uniop(df,'state','VT',(['brewery_id'], {('272',)}),{left: ("[FunctionalDependency:(s: {brewery_id}, t: {state})]", 0.0), operator: *, right: (1.0, 1.0), result: 0.0})
now error: 0.0
Block processing time: 0.008974 seconds
Computing Block 79 out of 560
Processing Block size=3
begin cleaner{left: ("[FunctionalDependency:(s: {brewery_id}, t: {state})]", 0.0), operator: *, right: (1.0, 1.0), result: 0.0}
列 'p' 不存在，对列 state 不过滤，直接选择所有非无效值。
clean_bool length:2
newest best op: Uniop(df,'state','TX',(['brewery_id'], {('214',)}),{left: ("[FunctionalDependency:(s: {brewery_id}, t: {state})]", 0.0), operator: *, right: (1.0, 1.0), result: 0.0})
now error: 0.0
Block processing time: 0.004864 seconds
Computing Block 81 out of 560
Processing Block size=4
begin cleaner{left: ("[FunctionalDependency:(s: {brewery_id}, t: {state})]", 0.0), operator: *, right: (1.0, 1.0), result: 0.0}
列 'p' 不存在，对列 state 不过滤，直接选择所有非无效值。
Block processing time: 0.002922 seconds
Computing Block 82 out of 560
Processing Block size=2
begin cleaner{left: ("[FunctionalDependency:(s: {brewery_id}, t: {state})]", 0.0), operator: *, right: (1.0, 1.0), result: 0.0}
列 'p' 不存在，对列 state 不过滤，直接选择所有非无效值。
Block processing time: 0.001507 seconds
Computing Block 83 out of 560
Processing Block size=17
begin cleaner{left: ("[FunctionalDependency:(s: {brewery_id}, t: {state})]", 0.0), operator: *, right: (1.0, 1.0), result: 0.0}
列 'p' 不存在，对列 state 不过滤，直接选择所有非无效值。
clean_bool length:2
newest best op: Uniop(df,'state','ID',(['brewery_id'], {('309',)}),{left: ("[FunctionalDependency:(s: {brewery_id}, t: {state})]", 0.0), operator: *, right: (1.0, 1.0), result: 0.0})
now error: 0.0
Block processing time: 0.023647 seconds
Computing Block 84 out of 560
Processing Block size=3
begin cleaner{left: ("[FunctionalDependency:(s: {brewery_id}, t: {state})]", 0.0), operator: *, right: (1.0, 1.0), result: 0.0}
列 'p' 不存在，对列 state 不过滤，直接选择所有非无效值。
Block processing time: 0.002232 seconds
Computing Block 87 out of 560
Processing Block size=2
begin cleaner{left: ("[FunctionalDependency:(s: {brewery_id}, t: {state})]", 0.0), operator: *, right: (1.0, 1.0), result: 0.0}
列 'p' 不存在，对列 state 不过滤，直接选择所有非无效值。
Block processing time: 0.001515 seconds
Computing Block 88 out of 560
Processing Block size=2
begin cleaner{left: ("[FunctionalDependency:(s: {brewery_id}, t: {state})]", 0.0), operator: *, right: (1.0, 1.0), result: 0.0}
列 'p' 不存在，对列 state 不过滤，直接选择所有非无效值。
Block processing time: 0.001505 seconds
Computing Block 89 out of 560
Processing Block size=4
begin cleaner{left: ("[FunctionalDependency:(s: {brewery_id}, t: {state})]", 0.0), operator: *, right: (1.0, 1.0), result: 0.0}
列 'p' 不存在，对列 state 不过滤，直接选择所有非无效值。
clean_bool length:2
newest best op: Uniop(df,'state','AK',(['brewery_id'], {('458',)}),{left: ("[FunctionalDependency:(s: {brewery_id}, t: {state})]", 0.0), operator: *, right: (1.0, 1.0), result: 0.0})
now error: 0.0
Block processing time: 0.006131 seconds
Computing Block 90 out of 560
Processing Block size=7
begin cleaner{left: ("[FunctionalDependency:(s: {brewery_id}, t: {state})]", 0.0), operator: *, right: (1.0, 1.0), result: 0.0}
列 'p' 不存在，对列 state 不过滤，直接选择所有非无效值。
Block processing time: 0.004992 seconds
Computing Block 91 out of 560
Processing Block size=4
begin cleaner{left: ("[FunctionalDependency:(s: {brewery_id}, t: {state})]", 0.0), operator: *, right: (1.0, 1.0), result: 0.0}
列 'p' 不存在，对列 state 不过滤，直接选择所有非无效值。
Block processing time: 0.00299 seconds
Computing Block 92 out of 560
Processing Block size=6
begin cleaner{left: ("[FunctionalDependency:(s: {brewery_id}, t: {state})]", 0.0), operator: *, right: (1.0, 1.0), result: 0.0}
列 'p' 不存在，对列 state 不过滤，直接选择所有非无效值。
clean_bool length:2
newest best op: Uniop(df,'state','MN',(['brewery_id'], {('75',)}),{left: ("[FunctionalDependency:(s: {brewery_id}, t: {state})]", 0.0), operator: *, right: (1.0, 1.0), result: 0.0})
now error: 0.0
Block processing time: 0.008882 seconds
Computing Block 93 out of 560
Processing Block size=18
begin cleaner{left: ("[FunctionalDependency:(s: {brewery_id}, t: {state})]", 0.0), operator: *, right: (1.0, 1.0), result: 0.0}
列 'p' 不存在，对列 state 不过滤，直接选择所有非无效值。
clean_bool length:2
newest best op: Uniop(df,'state','CO',(['brewery_id'], {('51',)}),{left: ("[FunctionalDependency:(s: {brewery_id}, t: {state})]", 0.0), operator: *, right: (1.0, 1.0), result: 0.0})
now error: 0.0
Block processing time: 0.025352 seconds
Computing Block 94 out of 560
Processing Block size=6
begin cleaner{left: ("[FunctionalDependency:(s: {brewery_id}, t: {state})]", 0.0), operator: *, right: (1.0, 1.0), result: 0.0}
列 'p' 不存在，对列 state 不过滤，直接选择所有非无效值。
clean_bool length:2
newest best op: Uniop(df,'state','PA',(['brewery_id'], {('322',)}),{left: ("[FunctionalDependency:(s: {brewery_id}, t: {state})]", 0.0), operator: *, right: (1.0, 1.0), result: 0.0})
now error: 0.0
Block processing time: 0.008902 seconds
Computing Block 95 out of 560
Processing Block size=4
begin cleaner{left: ("[FunctionalDependency:(s: {brewery_id}, t: {state})]", 0.0), operator: *, right: (1.0, 1.0), result: 0.0}
列 'p' 不存在，对列 state 不过滤，直接选择所有非无效值。
Block processing time: 0.002969 seconds
Computing Block 96 out of 560
Processing Block size=2
begin cleaner{left: ("[FunctionalDependency:(s: {brewery_id}, t: {state})]", 0.0), operator: *, right: (1.0, 1.0), result: 0.0}
列 'p' 不存在，对列 state 不过滤，直接选择所有非无效值。
Block processing time: 0.001504 seconds
Computing Block 97 out of 560
Processing Block size=3
begin cleaner{left: ("[FunctionalDependency:(s: {brewery_id}, t: {state})]", 0.0), operator: *, right: (1.0, 1.0), result: 0.0}
列 'p' 不存在，对列 state 不过滤，直接选择所有非无效值。
clean_bool length:2
newest best op: Uniop(df,'state','MI',(['brewery_id'], {('253',)}),{left: ("[FunctionalDependency:(s: {brewery_id}, t: {state})]", 0.0), operator: *, right: (1.0, 1.0), result: 0.0})
now error: 0.0
Block processing time: 0.0049 seconds
Computing Block 98 out of 560
Processing Block size=2
begin cleaner{left: ("[FunctionalDependency:(s: {brewery_id}, t: {state})]", 0.0), operator: *, right: (1.0, 1.0), result: 0.0}
列 'p' 不存在，对列 state 不过滤，直接选择所有非无效值。
Block processing time: 0.00158 seconds
Computing Block 99 out of 560
Processing Block size=3
begin cleaner{left: ("[FunctionalDependency:(s: {brewery_id}, t: {state})]", 0.0), operator: *, right: (1.0, 1.0), result: 0.0}
列 'p' 不存在，对列 state 不过滤，直接选择所有非无效值。
Block processing time: 0.002235 seconds
Computing Block 102 out of 560
Processing Block size=3
begin cleaner{left: ("[FunctionalDependency:(s: {brewery_id}, t: {state})]", 0.0), operator: *, right: (1.0, 1.0), result: 0.0}
列 'p' 不存在，对列 state 不过滤，直接选择所有非无效值。
Block processing time: 0.002256 seconds
Computing Block 103 out of 560
Processing Block size=6
begin cleaner{left: ("[FunctionalDependency:(s: {brewery_id}, t: {state})]", 0.0), operator: *, right: (1.0, 1.0), result: 0.0}
列 'p' 不存在，对列 state 不过滤，直接选择所有非无效值。
Block processing time: 0.004394 seconds
Computing Block 104 out of 560
Processing Block size=5
begin cleaner{left: ("[FunctionalDependency:(s: {brewery_id}, t: {state})]", 0.0), operator: *, right: (1.0, 1.0), result: 0.0}
列 'p' 不存在，对列 state 不过滤，直接选择所有非无效值。
Block processing time: 0.003626 seconds
Computing Block 105 out of 560
Processing Block size=2
begin cleaner{left: ("[FunctionalDependency:(s: {brewery_id}, t: {state})]", 0.0), operator: *, right: (1.0, 1.0), result: 0.0}
列 'p' 不存在，对列 state 不过滤，直接选择所有非无效值。
Block processing time: 0.001501 seconds
Computing Block 106 out of 560
Processing Block size=20
begin cleaner{left: ("[FunctionalDependency:(s: {brewery_id}, t: {state})]", 0.0), operator: *, right: (1.0, 1.0), result: 0.0}
列 'p' 不存在，对列 state 不过滤，直接选择所有非无效值。
clean_bool length:2
newest best op: Uniop(df,'state','IN',(['brewery_id'], {('165',)}),{left: ("[FunctionalDependency:(s: {brewery_id}, t: {state})]", 0.0), operator: *, right: (1.0, 1.0), result: 0.0})
now error: 0.0
Block processing time: 0.028286 seconds
Computing Block 107 out of 560
Processing Block size=8
begin cleaner{left: ("[FunctionalDependency:(s: {brewery_id}, t: {state})]", 0.0), operator: *, right: (1.0, 1.0), result: 0.0}
列 'p' 不存在，对列 state 不过滤，直接选择所有非无效值。
Block processing time: 0.005874 seconds
Computing Block 108 out of 560
Processing Block size=2
begin cleaner{left: ("[FunctionalDependency:(s: {brewery_id}, t: {state})]", 0.0), operator: *, right: (1.0, 1.0), result: 0.0}
列 'p' 不存在，对列 state 不过滤，直接选择所有非无效值。
Block processing time: 0.001924 seconds
Computing Block 109 out of 560
Processing Block size=5
begin cleaner{left: ("[FunctionalDependency:(s: {brewery_id}, t: {state})]", 0.0), operator: *, right: (1.0, 1.0), result: 0.0}
列 'p' 不存在，对列 state 不过滤，直接选择所有非无效值。
clean_bool length:2
newest best op: Uniop(df,'state','CA',(['brewery_id'], {('48',)}),{left: ("[FunctionalDependency:(s: {brewery_id}, t: {state})]", 0.0), operator: *, right: (1.0, 1.0), result: 0.0})
now error: 0.0
Block processing time: 0.008059 seconds
Computing Block 110 out of 560
Processing Block size=4
begin cleaner{left: ("[FunctionalDependency:(s: {brewery_id}, t: {state})]", 0.0), operator: *, right: (1.0, 1.0), result: 0.0}
列 'p' 不存在，对列 state 不过滤，直接选择所有非无效值。
Block processing time: 0.003039 seconds
Computing Block 112 out of 560
Processing Block size=6
begin cleaner{left: ("[FunctionalDependency:(s: {brewery_id}, t: {state})]", 0.0), operator: *, right: (1.0, 1.0), result: 0.0}
列 'p' 不存在，对列 state 不过滤，直接选择所有非无效值。
clean_bool length:2
newest best op: Uniop(df,'state','OK',(['brewery_id'], {('182',)}),{left: ("[FunctionalDependency:(s: {brewery_id}, t: {state})]", 0.0), operator: *, right: (1.0, 1.0), result: 0.0})
now error: 0.0
Block processing time: 0.009024 seconds
Computing Block 113 out of 560
Processing Block size=2
begin cleaner{left: ("[FunctionalDependency:(s: {brewery_id}, t: {state})]", 0.0), operator: *, right: (1.0, 1.0), result: 0.0}
列 'p' 不存在，对列 state 不过滤，直接选择所有非无效值。
Block processing time: 0.001548 seconds
Computing Block 114 out of 560
Processing Block size=4
begin cleaner{left: ("[FunctionalDependency:(s: {brewery_id}, t: {state})]", 0.0), operator: *, right: (1.0, 1.0), result: 0.0}
列 'p' 不存在，对列 state 不过滤，直接选择所有非无效值。
Block processing time: 0.002979 seconds
Computing Block 115 out of 560
Processing Block size=2
begin cleaner{left: ("[FunctionalDependency:(s: {brewery_id}, t: {state})]", 0.0), operator: *, right: (1.0, 1.0), result: 0.0}
列 'p' 不存在，对列 state 不过滤，直接选择所有非无效值。
Block processing time: 0.001514 seconds
Computing Block 116 out of 560
Processing Block size=2
begin cleaner{left: ("[FunctionalDependency:(s: {brewery_id}, t: {state})]", 0.0), operator: *, right: (1.0, 1.0), result: 0.0}
列 'p' 不存在，对列 state 不过滤，直接选择所有非无效值。
clean_bool length:2
newest best op: Uniop(df,'state','NM',(['brewery_id'], {('332',)}),{left: ("[FunctionalDependency:(s: {brewery_id}, t: {state})]", 0.0), operator: *, right: (1.0, 1.0), result: 0.0})
now error: 0.0
Block processing time: 0.003446 seconds
Computing Block 117 out of 560
Processing Block size=6
begin cleaner{left: ("[FunctionalDependency:(s: {brewery_id}, t: {state})]", 0.0), operator: *, right: (1.0, 1.0), result: 0.0}
列 'p' 不存在，对列 state 不过滤，直接选择所有非无效值。
Block processing time: 0.004355 seconds
Computing Block 120 out of 560
Processing Block size=5
begin cleaner{left: ("[FunctionalDependency:(s: {brewery_id}, t: {state})]", 0.0), operator: *, right: (1.0, 1.0), result: 0.0}
列 'p' 不存在，对列 state 不过滤，直接选择所有非无效值。
Block processing time: 0.003698 seconds
Computing Block 122 out of 560
Processing Block size=38
begin cleaner{left: ("[FunctionalDependency:(s: {brewery_id}, t: {state})]", 0.0), operator: *, right: (1.0, 1.0), result: 0.0}
列 'p' 不存在，对列 state 不过滤，直接选择所有非无效值。
clean_bool length:2
newest best op: Uniop(df,'state','IN',(['brewery_id'], {('25',)}),{left: ("[FunctionalDependency:(s: {brewery_id}, t: {state})]", 0.0), operator: *, right: (1.0, 1.0), result: 0.0})
now error: 0.0
Block processing time: 0.053021 seconds
Computing Block 123 out of 560
Processing Block size=6
begin cleaner{left: ("[FunctionalDependency:(s: {brewery_id}, t: {state})]", 0.0), operator: *, right: (1.0, 1.0), result: 0.0}
列 'p' 不存在，对列 state 不过滤，直接选择所有非无效值。
clean_bool length:2
newest best op: Uniop(df,'state','CA',(['brewery_id'], {('34',)}),{left: ("[FunctionalDependency:(s: {brewery_id}, t: {state})]", 0.0), operator: *, right: (1.0, 1.0), result: 0.0})
now error: 0.0
Block processing time: 0.009068 seconds
Computing Block 124 out of 560
Processing Block size=4
begin cleaner{left: ("[FunctionalDependency:(s: {brewery_id}, t: {state})]", 0.0), operator: *, right: (1.0, 1.0), result: 0.0}
列 'p' 不存在，对列 state 不过滤，直接选择所有非无效值。
Block processing time: 0.002971 seconds
Computing Block 125 out of 560
Processing Block size=3
begin cleaner{left: ("[FunctionalDependency:(s: {brewery_id}, t: {state})]", 0.0), operator: *, right: (1.0, 1.0), result: 0.0}
列 'p' 不存在，对列 state 不过滤，直接选择所有非无效值。
Block processing time: 0.002215 seconds
Computing Block 126 out of 560
Processing Block size=6
begin cleaner{left: ("[FunctionalDependency:(s: {brewery_id}, t: {state})]", 0.0), operator: *, right: (1.0, 1.0), result: 0.0}
列 'p' 不存在，对列 state 不过滤，直接选择所有非无效值。
Block processing time: 0.004389 seconds
Computing Block 127 out of 560
Processing Block size=8
begin cleaner{left: ("[FunctionalDependency:(s: {brewery_id}, t: {state})]", 0.0), operator: *, right: (1.0, 1.0), result: 0.0}
列 'p' 不存在，对列 state 不过滤，直接选择所有非无效值。
Block processing time: 0.005713 seconds
Computing Block 128 out of 560
Processing Block size=4
begin cleaner{left: ("[FunctionalDependency:(s: {brewery_id}, t: {state})]", 0.0), operator: *, right: (1.0, 1.0), result: 0.0}
列 'p' 不存在，对列 state 不过滤，直接选择所有非无效值。
Block processing time: 0.002967 seconds
Computing Block 129 out of 560
Processing Block size=4
begin cleaner{left: ("[FunctionalDependency:(s: {brewery_id}, t: {state})]", 0.0), operator: *, right: (1.0, 1.0), result: 0.0}
列 'p' 不存在，对列 state 不过滤，直接选择所有非无效值。
Block processing time: 0.003517 seconds
Computing Block 130 out of 560
Processing Block size=5
begin cleaner{left: ("[FunctionalDependency:(s: {brewery_id}, t: {state})]", 0.0), operator: *, right: (1.0, 1.0), result: 0.0}
列 'p' 不存在，对列 state 不过滤，直接选择所有非无效值。
clean_bool length:2
newest best op: Uniop(df,'state','CA',(['brewery_id'], {('522',)}),{left: ("[FunctionalDependency:(s: {brewery_id}, t: {state})]", 0.0), operator: *, right: (1.0, 1.0), result: 0.0})
now error: 0.0
Block processing time: 0.008158 seconds
Computing Block 131 out of 560
Processing Block size=7
begin cleaner{left: ("[FunctionalDependency:(s: {brewery_id}, t: {state})]", 0.0), operator: *, right: (1.0, 1.0), result: 0.0}
列 'p' 不存在，对列 state 不过滤，直接选择所有非无效值。
clean_bool length:2
newest best op: Uniop(df,'state','MI',(['brewery_id'], {('229',)}),{left: ("[FunctionalDependency:(s: {brewery_id}, t: {state})]", 0.0), operator: *, right: (1.0, 1.0), result: 0.0})
now error: 0.0
Block processing time: 0.011095 seconds
Computing Block 132 out of 560
Processing Block size=3
begin cleaner{left: ("[FunctionalDependency:(s: {brewery_id}, t: {state})]", 0.0), operator: *, right: (1.0, 1.0), result: 0.0}
列 'p' 不存在，对列 state 不过滤，直接选择所有非无效值。
Block processing time: 0.002397 seconds
Computing Block 133 out of 560
Processing Block size=11
begin cleaner{left: ("[FunctionalDependency:(s: {brewery_id}, t: {state})]", 0.0), operator: *, right: (1.0, 1.0), result: 0.0}
列 'p' 不存在，对列 state 不过滤，直接选择所有非无效值。
clean_bool length:2
newest best op: Uniop(df,'state','MA',(['brewery_id'], {('295',)}),{left: ("[FunctionalDependency:(s: {brewery_id}, t: {state})]", 0.0), operator: *, right: (1.0, 1.0), result: 0.0})
now error: 0.0
Block processing time: 0.018171 seconds
Computing Block 134 out of 560
Processing Block size=3
begin cleaner{left: ("[FunctionalDependency:(s: {brewery_id}, t: {state})]", 0.0), operator: *, right: (1.0, 1.0), result: 0.0}
列 'p' 不存在，对列 state 不过滤，直接选择所有非无效值。
Block processing time: 0.002466 seconds
Computing Block 136 out of 560
Processing Block size=5
begin cleaner{left: ("[FunctionalDependency:(s: {brewery_id}, t: {state})]", 0.0), operator: *, right: (1.0, 1.0), result: 0.0}
列 'p' 不存在，对列 state 不过滤，直接选择所有非无效值。
Block processing time: 0.003935 seconds
Computing Block 137 out of 560
Processing Block size=7
begin cleaner{left: ("[FunctionalDependency:(s: {brewery_id}, t: {state})]", 0.0), operator: *, right: (1.0, 1.0), result: 0.0}
列 'p' 不存在，对列 state 不过滤，直接选择所有非无效值。
Block processing time: 0.00542 seconds
Computing Block 138 out of 560
Processing Block size=4
begin cleaner{left: ("[FunctionalDependency:(s: {brewery_id}, t: {state})]", 0.0), operator: *, right: (1.0, 1.0), result: 0.0}
列 'p' 不存在，对列 state 不过滤，直接选择所有非无效值。
Block processing time: 0.003203 seconds
Computing Block 139 out of 560
Processing Block size=3
begin cleaner{left: ("[FunctionalDependency:(s: {brewery_id}, t: {state})]", 0.0), operator: *, right: (1.0, 1.0), result: 0.0}
列 'p' 不存在，对列 state 不过滤，直接选择所有非无效值。
Block processing time: 0.002697 seconds
Computing Block 140 out of 560
Processing Block size=9
begin cleaner{left: ("[FunctionalDependency:(s: {brewery_id}, t: {state})]", 0.0), operator: *, right: (1.0, 1.0), result: 0.0}
列 'p' 不存在，对列 state 不过滤，直接选择所有非无效值。
clean_bool length:2
newest best op: Uniop(df,'state','CO',(['brewery_id'], {('6',)}),{left: ("[FunctionalDependency:(s: {brewery_id}, t: {state})]", 0.0), operator: *, right: (1.0, 1.0), result: 0.0})
now error: 0.0
Block processing time: 0.014085 seconds
Computing Block 141 out of 560
Processing Block size=3
begin cleaner{left: ("[FunctionalDependency:(s: {brewery_id}, t: {state})]", 0.0), operator: *, right: (1.0, 1.0), result: 0.0}
列 'p' 不存在，对列 state 不过滤，直接选择所有非无效值。
Block processing time: 0.002413 seconds
Computing Block 142 out of 560
Processing Block size=2
begin cleaner{left: ("[FunctionalDependency:(s: {brewery_id}, t: {state})]", 0.0), operator: *, right: (1.0, 1.0), result: 0.0}
列 'p' 不存在，对列 state 不过滤，直接选择所有非无效值。
Block processing time: 0.001633 seconds
Computing Block 144 out of 560
Processing Block size=2
begin cleaner{left: ("[FunctionalDependency:(s: {brewery_id}, t: {state})]", 0.0), operator: *, right: (1.0, 1.0), result: 0.0}
列 'p' 不存在，对列 state 不过滤，直接选择所有非无效值。
Block processing time: 0.001624 seconds
Computing Block 145 out of 560
Processing Block size=5
begin cleaner{left: ("[FunctionalDependency:(s: {brewery_id}, t: {state})]", 0.0), operator: *, right: (1.0, 1.0), result: 0.0}
列 'p' 不存在，对列 state 不过滤，直接选择所有非无效值。
Block processing time: 0.003831 seconds
Computing Block 146 out of 560
Processing Block size=20
begin cleaner{left: ("[FunctionalDependency:(s: {brewery_id}, t: {state})]", 0.0), operator: *, right: (1.0, 1.0), result: 0.0}
列 'p' 不存在，对列 state 不过滤，直接选择所有非无效值。
clean_bool length:2
newest best op: Uniop(df,'state','CA',(['brewery_id'], {('368',)}),{left: ("[FunctionalDependency:(s: {brewery_id}, t: {state})]", 0.0), operator: *, right: (1.0, 1.0), result: 0.0})
now error: 0.0
Block processing time: 0.030936 seconds
Computing Block 147 out of 560
Processing Block size=2
begin cleaner{left: ("[FunctionalDependency:(s: {brewery_id}, t: {state})]", 0.0), operator: *, right: (1.0, 1.0), result: 0.0}
列 'p' 不存在，对列 state 不过滤，直接选择所有非无效值。
clean_bool length:2
newest best op: Uniop(df,'state','SC',(['brewery_id'], {('518',)}),{left: ("[FunctionalDependency:(s: {brewery_id}, t: {state})]", 0.0), operator: *, right: (1.0, 1.0), result: 0.0})
now error: 0.0
Block processing time: 0.003767 seconds
Computing Block 150 out of 560
Processing Block size=5
begin cleaner{left: ("[FunctionalDependency:(s: {brewery_id}, t: {state})]", 0.0), operator: *, right: (1.0, 1.0), result: 0.0}
列 'p' 不存在，对列 state 不过滤，直接选择所有非无效值。
Block processing time: 0.00391 seconds
Computing Block 151 out of 560
Processing Block size=5
begin cleaner{left: ("[FunctionalDependency:(s: {brewery_id}, t: {state})]", 0.0), operator: *, right: (1.0, 1.0), result: 0.0}
列 'p' 不存在，对列 state 不过滤，直接选择所有非无效值。
Block processing time: 0.00436 seconds
Computing Block 152 out of 560
Processing Block size=3
begin cleaner{left: ("[FunctionalDependency:(s: {brewery_id}, t: {state})]", 0.0), operator: *, right: (1.0, 1.0), result: 0.0}
列 'p' 不存在，对列 state 不过滤，直接选择所有非无效值。
Block processing time: 0.002421 seconds
Computing Block 154 out of 560
Processing Block size=3
begin cleaner{left: ("[FunctionalDependency:(s: {brewery_id}, t: {state})]", 0.0), operator: *, right: (1.0, 1.0), result: 0.0}
列 'p' 不存在，对列 state 不过滤，直接选择所有非无效值。
Block processing time: 0.002394 seconds
Computing Block 155 out of 560
Processing Block size=6
begin cleaner{left: ("[FunctionalDependency:(s: {brewery_id}, t: {state})]", 0.0), operator: *, right: (1.0, 1.0), result: 0.0}
列 'p' 不存在，对列 state 不过滤，直接选择所有非无效值。
Block processing time: 0.004635 seconds
Computing Block 156 out of 560
Processing Block size=2
begin cleaner{left: ("[FunctionalDependency:(s: {brewery_id}, t: {state})]", 0.0), operator: *, right: (1.0, 1.0), result: 0.0}
列 'p' 不存在，对列 state 不过滤，直接选择所有非无效值。
Block processing time: 0.001652 seconds
Computing Block 157 out of 560
Processing Block size=7
begin cleaner{left: ("[FunctionalDependency:(s: {brewery_id}, t: {state})]", 0.0), operator: *, right: (1.0, 1.0), result: 0.0}
列 'p' 不存在，对列 state 不过滤，直接选择所有非无效值。
clean_bool length:2
newest best op: Uniop(df,'state','NV',(['brewery_id'], {('530',)}),{left: ("[FunctionalDependency:(s: {brewery_id}, t: {state})]", 0.0), operator: *, right: (1.0, 1.0), result: 0.0})
now error: 0.0
Block processing time: 0.011247 seconds
Computing Block 158 out of 560
Processing Block size=7
begin cleaner{left: ("[FunctionalDependency:(s: {brewery_id}, t: {state})]", 0.0), operator: *, right: (1.0, 1.0), result: 0.0}
列 'p' 不存在，对列 state 不过滤，直接选择所有非无效值。
Block processing time: 0.005399 seconds
Computing Block 159 out of 560
Processing Block size=4
begin cleaner{left: ("[FunctionalDependency:(s: {brewery_id}, t: {state})]", 0.0), operator: *, right: (1.0, 1.0), result: 0.0}
列 'p' 不存在，对列 state 不过滤，直接选择所有非无效值。
Block processing time: 0.003576 seconds
Computing Block 160 out of 560
Processing Block size=2
begin cleaner{left: ("[FunctionalDependency:(s: {brewery_id}, t: {state})]", 0.0), operator: *, right: (1.0, 1.0), result: 0.0}
列 'p' 不存在，对列 state 不过滤，直接选择所有非无效值。
Block processing time: 0.001666 seconds
Computing Block 161 out of 560
Processing Block size=4
begin cleaner{left: ("[FunctionalDependency:(s: {brewery_id}, t: {state})]", 0.0), operator: *, right: (1.0, 1.0), result: 0.0}
列 'p' 不存在，对列 state 不过滤，直接选择所有非无效值。
Block processing time: 0.003139 seconds
Computing Block 162 out of 560
Processing Block size=4
begin cleaner{left: ("[FunctionalDependency:(s: {brewery_id}, t: {state})]", 0.0), operator: *, right: (1.0, 1.0), result: 0.0}
列 'p' 不存在，对列 state 不过滤，直接选择所有非无效值。
clean_bool length:2
newest best op: Uniop(df,'state','NE',(['brewery_id'], {('282',)}),{left: ("[FunctionalDependency:(s: {brewery_id}, t: {state})]", 0.0), operator: *, right: (1.0, 1.0), result: 0.0})
now error: 0.0
Block processing time: 0.006963 seconds
Computing Block 163 out of 560
Processing Block size=4
begin cleaner{left: ("[FunctionalDependency:(s: {brewery_id}, t: {state})]", 0.0), operator: *, right: (1.0, 1.0), result: 0.0}
列 'p' 不存在，对列 state 不过滤，直接选择所有非无效值。
Block processing time: 0.003359 seconds
Computing Block 164 out of 560
Processing Block size=4
begin cleaner{left: ("[FunctionalDependency:(s: {brewery_id}, t: {state})]", 0.0), operator: *, right: (1.0, 1.0), result: 0.0}
列 'p' 不存在，对列 state 不过滤，直接选择所有非无效值。
Block processing time: 0.00319 seconds
Computing Block 165 out of 560
Processing Block size=3
begin cleaner{left: ("[FunctionalDependency:(s: {brewery_id}, t: {state})]", 0.0), operator: *, right: (1.0, 1.0), result: 0.0}
列 'p' 不存在，对列 state 不过滤，直接选择所有非无效值。
Block processing time: 0.002452 seconds
Computing Block 166 out of 560
Processing Block size=2
begin cleaner{left: ("[FunctionalDependency:(s: {brewery_id}, t: {state})]", 0.0), operator: *, right: (1.0, 1.0), result: 0.0}
列 'p' 不存在，对列 state 不过滤，直接选择所有非无效值。
Block processing time: 0.001645 seconds
Computing Block 167 out of 560
Processing Block size=3
begin cleaner{left: ("[FunctionalDependency:(s: {brewery_id}, t: {state})]", 0.0), operator: *, right: (1.0, 1.0), result: 0.0}
列 'p' 不存在，对列 state 不过滤，直接选择所有非无效值。
clean_bool length:2
newest best op: Uniop(df,'state','GA',(['brewery_id'], {('475',)}),{left: ("[FunctionalDependency:(s: {brewery_id}, t: {state})]", 0.0), operator: *, right: (1.0, 1.0), result: 0.0})
now error: 0.0
Block processing time: 0.005443 seconds
Computing Block 168 out of 560
Processing Block size=3
begin cleaner{left: ("[FunctionalDependency:(s: {brewery_id}, t: {state})]", 0.0), operator: *, right: (1.0, 1.0), result: 0.0}
列 'p' 不存在，对列 state 不过滤，直接选择所有非无效值。
Block processing time: 0.002589 seconds
Computing Block 172 out of 560
Processing Block size=3
begin cleaner{left: ("[FunctionalDependency:(s: {brewery_id}, t: {state})]", 0.0), operator: *, right: (1.0, 1.0), result: 0.0}
列 'p' 不存在，对列 state 不过滤，直接选择所有非无效值。
clean_bool length:2
newest best op: Uniop(df,'state','TX',(['brewery_id'], {('287',)}),{left: ("[FunctionalDependency:(s: {brewery_id}, t: {state})]", 0.0), operator: *, right: (1.0, 1.0), result: 0.0})
now error: 0.0
Block processing time: 0.005569 seconds
Computing Block 173 out of 560
Processing Block size=6
begin cleaner{left: ("[FunctionalDependency:(s: {brewery_id}, t: {state})]", 0.0), operator: *, right: (1.0, 1.0), result: 0.0}
列 'p' 不存在，对列 state 不过滤，直接选择所有非无效值。
Block processing time: 0.004687 seconds
Computing Block 175 out of 560
Processing Block size=8
begin cleaner{left: ("[FunctionalDependency:(s: {brewery_id}, t: {state})]", 0.0), operator: *, right: (1.0, 1.0), result: 0.0}
列 'p' 不存在，对列 state 不过滤，直接选择所有非无效值。
clean_bool length:2
newest best op: Uniop(df,'state','OH',(['brewery_id'], {('93',)}),{left: ("[FunctionalDependency:(s: {brewery_id}, t: {state})]", 0.0), operator: *, right: (1.0, 1.0), result: 0.0})
now error: 0.0
Block processing time: 0.013393 seconds
Computing Block 178 out of 560
Processing Block size=2
begin cleaner{left: ("[FunctionalDependency:(s: {brewery_id}, t: {state})]", 0.0), operator: *, right: (1.0, 1.0), result: 0.0}
列 'p' 不存在，对列 state 不过滤，直接选择所有非无效值。
clean_bool length:2
newest best op: Uniop(df,'state','OR',(['brewery_id'], {('485',)}),{left: ("[FunctionalDependency:(s: {brewery_id}, t: {state})]", 0.0), operator: *, right: (1.0, 1.0), result: 0.0})
now error: 0.0
Block processing time: 0.003977 seconds
Computing Block 179 out of 560
Processing Block size=5
begin cleaner{left: ("[FunctionalDependency:(s: {brewery_id}, t: {state})]", 0.0), operator: *, right: (1.0, 1.0), result: 0.0}
列 'p' 不存在，对列 state 不过滤，直接选择所有非无效值。
clean_bool length:2
newest best op: Uniop(df,'state','MA',(['brewery_id'], {('2',)}),{left: ("[FunctionalDependency:(s: {brewery_id}, t: {state})]", 0.0), operator: *, right: (1.0, 1.0), result: 0.0})
now error: 0.0
Block processing time: 0.00813 seconds
Computing Block 181 out of 560
Processing Block size=18
begin cleaner{left: ("[FunctionalDependency:(s: {brewery_id}, t: {state})]", 0.0), operator: *, right: (1.0, 1.0), result: 0.0}
列 'p' 不存在，对列 state 不过滤，直接选择所有非无效值。
Block processing time: 0.013263 seconds
Computing Block 183 out of 560
Processing Block size=6
begin cleaner{left: ("[FunctionalDependency:(s: {brewery_id}, t: {state})]", 0.0), operator: *, right: (1.0, 1.0), result: 0.0}
列 'p' 不存在，对列 state 不过滤，直接选择所有非无效值。
Block processing time: 0.004444 seconds
Computing Block 184 out of 560
Processing Block size=2
begin cleaner{left: ("[FunctionalDependency:(s: {brewery_id}, t: {state})]", 0.0), operator: *, right: (1.0, 1.0), result: 0.0}
列 'p' 不存在，对列 state 不过滤，直接选择所有非无效值。
Block processing time: 0.001532 seconds
Computing Block 185 out of 560
Processing Block size=5
begin cleaner{left: ("[FunctionalDependency:(s: {brewery_id}, t: {state})]", 0.0), operator: *, right: (1.0, 1.0), result: 0.0}
列 'p' 不存在，对列 state 不过滤，直接选择所有非无效值。
Block processing time: 0.003638 seconds
Computing Block 186 out of 560
Processing Block size=5
begin cleaner{left: ("[FunctionalDependency:(s: {brewery_id}, t: {state})]", 0.0), operator: *, right: (1.0, 1.0), result: 0.0}
列 'p' 不存在，对列 state 不过滤，直接选择所有非无效值。
Block processing time: 0.003717 seconds
Computing Block 189 out of 560
Processing Block size=9
begin cleaner{left: ("[FunctionalDependency:(s: {brewery_id}, t: {state})]", 0.0), operator: *, right: (1.0, 1.0), result: 0.0}
列 'p' 不存在，对列 state 不过滤，直接选择所有非无效值。
Block processing time: 0.006603 seconds
Computing Block 190 out of 560
Processing Block size=6
begin cleaner{left: ("[FunctionalDependency:(s: {brewery_id}, t: {state})]", 0.0), operator: *, right: (1.0, 1.0), result: 0.0}
列 'p' 不存在，对列 state 不过滤，直接选择所有非无效值。
Block processing time: 0.00433 seconds
Computing Block 191 out of 560
Processing Block size=8
begin cleaner{left: ("[FunctionalDependency:(s: {brewery_id}, t: {state})]", 0.0), operator: *, right: (1.0, 1.0), result: 0.0}
列 'p' 不存在，对列 state 不过滤，直接选择所有非无效值。
clean_bool length:2
newest best op: Uniop(df,'state','MO',(['brewery_id'], {('60',)}),{left: ("[FunctionalDependency:(s: {brewery_id}, t: {state})]", 0.0), operator: *, right: (1.0, 1.0), result: 0.0})
now error: 0.0
Block processing time: 0.011892 seconds
Computing Block 192 out of 560
Processing Block size=2
begin cleaner{left: ("[FunctionalDependency:(s: {brewery_id}, t: {state})]", 0.0), operator: *, right: (1.0, 1.0), result: 0.0}
列 'p' 不存在，对列 state 不过滤，直接选择所有非无效值。
Block processing time: 0.001584 seconds
Computing Block 193 out of 560
Processing Block size=5
begin cleaner{left: ("[FunctionalDependency:(s: {brewery_id}, t: {state})]", 0.0), operator: *, right: (1.0, 1.0), result: 0.0}
列 'p' 不存在，对列 state 不过滤，直接选择所有非无效值。
Block processing time: 0.003637 seconds
Computing Block 194 out of 560
Processing Block size=5
begin cleaner{left: ("[FunctionalDependency:(s: {brewery_id}, t: {state})]", 0.0), operator: *, right: (1.0, 1.0), result: 0.0}
列 'p' 不存在，对列 state 不过滤，直接选择所有非无效值。
Block processing time: 0.00364 seconds
Computing Block 197 out of 560
Processing Block size=3
begin cleaner{left: ("[FunctionalDependency:(s: {brewery_id}, t: {state})]", 0.0), operator: *, right: (1.0, 1.0), result: 0.0}
列 'p' 不存在，对列 state 不过滤，直接选择所有非无效值。
Block processing time: 0.002313 seconds
Computing Block 198 out of 560
Processing Block size=6
begin cleaner{left: ("[FunctionalDependency:(s: {brewery_id}, t: {state})]", 0.0), operator: *, right: (1.0, 1.0), result: 0.0}
列 'p' 不存在，对列 state 不过滤，直接选择所有非无效值。
Block processing time: 0.004416 seconds
Computing Block 200 out of 560
Processing Block size=4
begin cleaner{left: ("[FunctionalDependency:(s: {brewery_id}, t: {state})]", 0.0), operator: *, right: (1.0, 1.0), result: 0.0}
列 'p' 不存在，对列 state 不过滤，直接选择所有非无效值。
Block processing time: 0.002953 seconds
Computing Block 203 out of 560
Processing Block size=3
begin cleaner{left: ("[FunctionalDependency:(s: {brewery_id}, t: {state})]", 0.0), operator: *, right: (1.0, 1.0), result: 0.0}
列 'p' 不存在，对列 state 不过滤，直接选择所有非无效值。
Block processing time: 0.002275 seconds
Computing Block 205 out of 560
Processing Block size=3
begin cleaner{left: ("[FunctionalDependency:(s: {brewery_id}, t: {state})]", 0.0), operator: *, right: (1.0, 1.0), result: 0.0}
列 'p' 不存在，对列 state 不过滤，直接选择所有非无效值。
Block processing time: 0.002231 seconds
Computing Block 206 out of 560
Processing Block size=3
begin cleaner{left: ("[FunctionalDependency:(s: {brewery_id}, t: {state})]", 0.0), operator: *, right: (1.0, 1.0), result: 0.0}
列 'p' 不存在，对列 state 不过滤，直接选择所有非无效值。
Block processing time: 0.002387 seconds
Computing Block 208 out of 560
Processing Block size=7
begin cleaner{left: ("[FunctionalDependency:(s: {brewery_id}, t: {state})]", 0.0), operator: *, right: (1.0, 1.0), result: 0.0}
列 'p' 不存在，对列 state 不过滤，直接选择所有非无效值。
clean_bool length:2
newest best op: Uniop(df,'state','PA',(['brewery_id'], {('164',)}),{left: ("[FunctionalDependency:(s: {brewery_id}, t: {state})]", 0.0), operator: *, right: (1.0, 1.0), result: 0.0})
now error: 0.0
Block processing time: 0.010665 seconds
Computing Block 209 out of 560
Processing Block size=3
begin cleaner{left: ("[FunctionalDependency:(s: {brewery_id}, t: {state})]", 0.0), operator: *, right: (1.0, 1.0), result: 0.0}
列 'p' 不存在，对列 state 不过滤，直接选择所有非无效值。
Block processing time: 0.002226 seconds
Computing Block 211 out of 560
Processing Block size=2
begin cleaner{left: ("[FunctionalDependency:(s: {brewery_id}, t: {state})]", 0.0), operator: *, right: (1.0, 1.0), result: 0.0}
列 'p' 不存在，对列 state 不过滤，直接选择所有非无效值。
Block processing time: 0.001505 seconds
Computing Block 213 out of 560
Processing Block size=4
begin cleaner{left: ("[FunctionalDependency:(s: {brewery_id}, t: {state})]", 0.0), operator: *, right: (1.0, 1.0), result: 0.0}
列 'p' 不存在，对列 state 不过滤，直接选择所有非无效值。
Block processing time: 0.002919 seconds
Computing Block 214 out of 560
Processing Block size=9
begin cleaner{left: ("[FunctionalDependency:(s: {brewery_id}, t: {state})]", 0.0), operator: *, right: (1.0, 1.0), result: 0.0}
列 'p' 不存在，对列 state 不过滤，直接选择所有非无效值。
Block processing time: 0.006583 seconds
Computing Block 215 out of 560
Processing Block size=2
begin cleaner{left: ("[FunctionalDependency:(s: {brewery_id}, t: {state})]", 0.0), operator: *, right: (1.0, 1.0), result: 0.0}
列 'p' 不存在，对列 state 不过滤，直接选择所有非无效值。
Block processing time: 0.001528 seconds
Computing Block 216 out of 560
Processing Block size=2
begin cleaner{left: ("[FunctionalDependency:(s: {brewery_id}, t: {state})]", 0.0), operator: *, right: (1.0, 1.0), result: 0.0}
列 'p' 不存在，对列 state 不过滤，直接选择所有非无效值。
Block processing time: 0.001535 seconds
Computing Block 217 out of 560
Processing Block size=2
begin cleaner{left: ("[FunctionalDependency:(s: {brewery_id}, t: {state})]", 0.0), operator: *, right: (1.0, 1.0), result: 0.0}
列 'p' 不存在，对列 state 不过滤，直接选择所有非无效值。
Block processing time: 0.001564 seconds
Computing Block 218 out of 560
Processing Block size=2
begin cleaner{left: ("[FunctionalDependency:(s: {brewery_id}, t: {state})]", 0.0), operator: *, right: (1.0, 1.0), result: 0.0}
列 'p' 不存在，对列 state 不过滤，直接选择所有非无效值。
Block processing time: 0.001499 seconds
Computing Block 219 out of 560
Processing Block size=11
begin cleaner{left: ("[FunctionalDependency:(s: {brewery_id}, t: {state})]", 0.0), operator: *, right: (1.0, 1.0), result: 0.0}
列 'p' 不存在，对列 state 不过滤，直接选择所有非无效值。
Block processing time: 0.007924 seconds
Computing Block 220 out of 560
Processing Block size=3
begin cleaner{left: ("[FunctionalDependency:(s: {brewery_id}, t: {state})]", 0.0), operator: *, right: (1.0, 1.0), result: 0.0}
列 'p' 不存在，对列 state 不过滤，直接选择所有非无效值。
clean_bool length:2
newest best op: Uniop(df,'state','PA',(['brewery_id'], {('297',)}),{left: ("[FunctionalDependency:(s: {brewery_id}, t: {state})]", 0.0), operator: *, right: (1.0, 1.0), result: 0.0})
now error: 0.0
Block processing time: 0.00495 seconds
Computing Block 221 out of 560
Processing Block size=8
begin cleaner{left: ("[FunctionalDependency:(s: {brewery_id}, t: {state})]", 0.0), operator: *, right: (1.0, 1.0), result: 0.0}
列 'p' 不存在，对列 state 不过滤，直接选择所有非无效值。
Block processing time: 0.005746 seconds
Computing Block 222 out of 560
Processing Block size=13
begin cleaner{left: ("[FunctionalDependency:(s: {brewery_id}, t: {state})]", 0.0), operator: *, right: (1.0, 1.0), result: 0.0}
列 'p' 不存在，对列 state 不过滤，直接选择所有非无效值。
clean_bool length:2
newest best op: Uniop(df,'state','WI',(['brewery_id'], {('134',)}),{left: ("[FunctionalDependency:(s: {brewery_id}, t: {state})]", 0.0), operator: *, right: (1.0, 1.0), result: 0.0})
now error: 0.0
Block processing time: 0.018536 seconds
Computing Block 223 out of 560
Processing Block size=2
begin cleaner{left: ("[FunctionalDependency:(s: {brewery_id}, t: {state})]", 0.0), operator: *, right: (1.0, 1.0), result: 0.0}
列 'p' 不存在，对列 state 不过滤，直接选择所有非无效值。
Block processing time: 0.001515 seconds
Computing Block 224 out of 560
Processing Block size=2
begin cleaner{left: ("[FunctionalDependency:(s: {brewery_id}, t: {state})]", 0.0), operator: *, right: (1.0, 1.0), result: 0.0}
列 'p' 不存在，对列 state 不过滤，直接选择所有非无效值。
Block processing time: 0.001521 seconds
Computing Block 226 out of 560
Processing Block size=2
begin cleaner{left: ("[FunctionalDependency:(s: {brewery_id}, t: {state})]", 0.0), operator: *, right: (1.0, 1.0), result: 0.0}
列 'p' 不存在，对列 state 不过滤，直接选择所有非无效值。
Block processing time: 0.001495 seconds
Computing Block 227 out of 560
Processing Block size=2
begin cleaner{left: ("[FunctionalDependency:(s: {brewery_id}, t: {state})]", 0.0), operator: *, right: (1.0, 1.0), result: 0.0}
列 'p' 不存在，对列 state 不过滤，直接选择所有非无效值。
Block processing time: 0.00167 seconds
Computing Block 228 out of 560
Processing Block size=9
begin cleaner{left: ("[FunctionalDependency:(s: {brewery_id}, t: {state})]", 0.0), operator: *, right: (1.0, 1.0), result: 0.0}
列 'p' 不存在，对列 state 不过滤，直接选择所有非无效值。
Block processing time: 0.006451 seconds
Computing Block 229 out of 560
Processing Block size=3
begin cleaner{left: ("[FunctionalDependency:(s: {brewery_id}, t: {state})]", 0.0), operator: *, right: (1.0, 1.0), result: 0.0}
列 'p' 不存在，对列 state 不过滤，直接选择所有非无效值。
Block processing time: 0.002204 seconds
Computing Block 230 out of 560
Processing Block size=3
begin cleaner{left: ("[FunctionalDependency:(s: {brewery_id}, t: {state})]", 0.0), operator: *, right: (1.0, 1.0), result: 0.0}
列 'p' 不存在，对列 state 不过滤，直接选择所有非无效值。
Block processing time: 0.002246 seconds
Computing Block 231 out of 560
Processing Block size=10
begin cleaner{left: ("[FunctionalDependency:(s: {brewery_id}, t: {state})]", 0.0), operator: *, right: (1.0, 1.0), result: 0.0}
列 'p' 不存在，对列 state 不过滤，直接选择所有非无效值。
clean_bool length:2
newest best op: Uniop(df,'state','TX',(['brewery_id'], {('125',)}),{left: ("[FunctionalDependency:(s: {brewery_id}, t: {state})]", 0.0), operator: *, right: (1.0, 1.0), result: 0.0})
now error: 0.0
Block processing time: 0.014471 seconds
Computing Block 232 out of 560
Processing Block size=2
begin cleaner{left: ("[FunctionalDependency:(s: {brewery_id}, t: {state})]", 0.0), operator: *, right: (1.0, 1.0), result: 0.0}
列 'p' 不存在，对列 state 不过滤，直接选择所有非无效值。
Block processing time: 0.001529 seconds
Computing Block 234 out of 560
Processing Block size=13
begin cleaner{left: ("[FunctionalDependency:(s: {brewery_id}, t: {state})]", 0.0), operator: *, right: (1.0, 1.0), result: 0.0}
列 'p' 不存在，对列 state 不过滤，直接选择所有非无效值。
Block processing time: 0.009368 seconds
Computing Block 236 out of 560
Processing Block size=2
begin cleaner{left: ("[FunctionalDependency:(s: {brewery_id}, t: {state})]", 0.0), operator: *, right: (1.0, 1.0), result: 0.0}
列 'p' 不存在，对列 state 不过滤，直接选择所有非无效值。
Block processing time: 0.001506 seconds
Computing Block 237 out of 560
Processing Block size=2
begin cleaner{left: ("[FunctionalDependency:(s: {brewery_id}, t: {state})]", 0.0), operator: *, right: (1.0, 1.0), result: 0.0}
列 'p' 不存在，对列 state 不过滤，直接选择所有非无效值。
clean_bool length:2
newest best op: Uniop(df,'state','OR',(['brewery_id'], {('494',)}),{left: ("[FunctionalDependency:(s: {brewery_id}, t: {state})]", 0.0), operator: *, right: (1.0, 1.0), result: 0.0})
now error: 0.0
Block processing time: 0.003476 seconds
Computing Block 238 out of 560
Processing Block size=4
begin cleaner{left: ("[FunctionalDependency:(s: {brewery_id}, t: {state})]", 0.0), operator: *, right: (1.0, 1.0), result: 0.0}
列 'p' 不存在，对列 state 不过滤，直接选择所有非无效值。
Block processing time: 0.002899 seconds
Computing Block 239 out of 560
Processing Block size=2
begin cleaner{left: ("[FunctionalDependency:(s: {brewery_id}, t: {state})]", 0.0), operator: *, right: (1.0, 1.0), result: 0.0}
列 'p' 不存在，对列 state 不过滤，直接选择所有非无效值。
clean_bool length:2
newest best op: Uniop(df,'state','WI',(['brewery_id'], {('542',)}),{left: ("[FunctionalDependency:(s: {brewery_id}, t: {state})]", 0.0), operator: *, right: (1.0, 1.0), result: 0.0})
now error: 0.0
Block processing time: 0.003417 seconds
Computing Block 240 out of 560
Processing Block size=14
begin cleaner{left: ("[FunctionalDependency:(s: {brewery_id}, t: {state})]", 0.0), operator: *, right: (1.0, 1.0), result: 0.0}
列 'p' 不存在，对列 state 不过滤，直接选择所有非无效值。
Block processing time: 0.010029 seconds
Computing Block 241 out of 560
Processing Block size=3
begin cleaner{left: ("[FunctionalDependency:(s: {brewery_id}, t: {state})]", 0.0), operator: *, right: (1.0, 1.0), result: 0.0}
列 'p' 不存在，对列 state 不过滤，直接选择所有非无效值。
Block processing time: 0.002215 seconds
Computing Block 242 out of 560
Processing Block size=5
begin cleaner{left: ("[FunctionalDependency:(s: {brewery_id}, t: {state})]", 0.0), operator: *, right: (1.0, 1.0), result: 0.0}
列 'p' 不存在，对列 state 不过滤，直接选择所有非无效值。
Block processing time: 0.003568 seconds
Computing Block 245 out of 560
Processing Block size=4
begin cleaner{left: ("[FunctionalDependency:(s: {brewery_id}, t: {state})]", 0.0), operator: *, right: (1.0, 1.0), result: 0.0}
列 'p' 不存在，对列 state 不过滤，直接选择所有非无效值。
clean_bool length:2
newest best op: Uniop(df,'state','IN',(['brewery_id'], {('250',)}),{left: ("[FunctionalDependency:(s: {brewery_id}, t: {state})]", 0.0), operator: *, right: (1.0, 1.0), result: 0.0})
now error: 0.0
Block processing time: 0.00623 seconds
Computing Block 246 out of 560
Processing Block size=4
begin cleaner{left: ("[FunctionalDependency:(s: {brewery_id}, t: {state})]", 0.0), operator: *, right: (1.0, 1.0), result: 0.0}
列 'p' 不存在，对列 state 不过滤，直接选择所有非无效值。
Block processing time: 0.002902 seconds
Computing Block 247 out of 560
Processing Block size=2
begin cleaner{left: ("[FunctionalDependency:(s: {brewery_id}, t: {state})]", 0.0), operator: *, right: (1.0, 1.0), result: 0.0}
列 'p' 不存在，对列 state 不过滤，直接选择所有非无效值。
Block processing time: 0.001592 seconds
Computing Block 248 out of 560
Processing Block size=3
begin cleaner{left: ("[FunctionalDependency:(s: {brewery_id}, t: {state})]", 0.0), operator: *, right: (1.0, 1.0), result: 0.0}
列 'p' 不存在，对列 state 不过滤，直接选择所有非无效值。
clean_bool length:2
newest best op: Uniop(df,'state','IA',(['brewery_id'], {('482',)}),{left: ("[FunctionalDependency:(s: {brewery_id}, t: {state})]", 0.0), operator: *, right: (1.0, 1.0), result: 0.0})
now error: 0.0
Block processing time: 0.004833 seconds
Computing Block 251 out of 560
Processing Block size=4
begin cleaner{left: ("[FunctionalDependency:(s: {brewery_id}, t: {state})]", 0.0), operator: *, right: (1.0, 1.0), result: 0.0}
列 'p' 不存在，对列 state 不过滤，直接选择所有非无效值。
Block processing time: 0.002968 seconds
Computing Block 252 out of 560
Processing Block size=2
begin cleaner{left: ("[FunctionalDependency:(s: {brewery_id}, t: {state})]", 0.0), operator: *, right: (1.0, 1.0), result: 0.0}
列 'p' 不存在，对列 state 不过滤，直接选择所有非无效值。
Block processing time: 0.001532 seconds
Computing Block 253 out of 560
Processing Block size=9
begin cleaner{left: ("[FunctionalDependency:(s: {brewery_id}, t: {state})]", 0.0), operator: *, right: (1.0, 1.0), result: 0.0}
列 'p' 不存在，对列 state 不过滤，直接选择所有非无效值。
clean_bool length:2
newest best op: Uniop(df,'state','IN',(['brewery_id'], {('17',)}),{left: ("[FunctionalDependency:(s: {brewery_id}, t: {state})]", 0.0), operator: *, right: (1.0, 1.0), result: 0.0})
now error: 0.0
Block processing time: 0.01285 seconds
Computing Block 254 out of 560
Processing Block size=2
begin cleaner{left: ("[FunctionalDependency:(s: {brewery_id}, t: {state})]", 0.0), operator: *, right: (1.0, 1.0), result: 0.0}
列 'p' 不存在，对列 state 不过滤，直接选择所有非无效值。
Block processing time: 0.001501 seconds
Computing Block 255 out of 560
Processing Block size=4
begin cleaner{left: ("[FunctionalDependency:(s: {brewery_id}, t: {state})]", 0.0), operator: *, right: (1.0, 1.0), result: 0.0}
列 'p' 不存在，对列 state 不过滤，直接选择所有非无效值。
Block processing time: 0.002951 seconds
Computing Block 256 out of 560
Processing Block size=4
begin cleaner{left: ("[FunctionalDependency:(s: {brewery_id}, t: {state})]", 0.0), operator: *, right: (1.0, 1.0), result: 0.0}
列 'p' 不存在，对列 state 不过滤，直接选择所有非无效值。
Block processing time: 0.00289 seconds
Computing Block 257 out of 560
Processing Block size=10
begin cleaner{left: ("[FunctionalDependency:(s: {brewery_id}, t: {state})]", 0.0), operator: *, right: (1.0, 1.0), result: 0.0}
列 'p' 不存在，对列 state 不过滤，直接选择所有非无效值。
Block processing time: 0.007172 seconds
Computing Block 259 out of 560
Processing Block size=2
begin cleaner{left: ("[FunctionalDependency:(s: {brewery_id}, t: {state})]", 0.0), operator: *, right: (1.0, 1.0), result: 0.0}
列 'p' 不存在，对列 state 不过滤，直接选择所有非无效值。
Block processing time: 0.001522 seconds
Computing Block 261 out of 560
Processing Block size=7
begin cleaner{left: ("[FunctionalDependency:(s: {brewery_id}, t: {state})]", 0.0), operator: *, right: (1.0, 1.0), result: 0.0}
列 'p' 不存在，对列 state 不过滤，直接选择所有非无效值。
Block processing time: 0.005041 seconds
Computing Block 262 out of 560
Processing Block size=7
begin cleaner{left: ("[FunctionalDependency:(s: {brewery_id}, t: {state})]", 0.0), operator: *, right: (1.0, 1.0), result: 0.0}
列 'p' 不存在，对列 state 不过滤，直接选择所有非无效值。
Block processing time: 0.005013 seconds
Computing Block 267 out of 560
Processing Block size=3
begin cleaner{left: ("[FunctionalDependency:(s: {brewery_id}, t: {state})]", 0.0), operator: *, right: (1.0, 1.0), result: 0.0}
列 'p' 不存在，对列 state 不过滤，直接选择所有非无效值。
clean_bool length:2
newest best op: Uniop(df,'state','MD',(['brewery_id'], {('255',)}),{left: ("[FunctionalDependency:(s: {brewery_id}, t: {state})]", 0.0), operator: *, right: (1.0, 1.0), result: 0.0})
now error: 0.0
Block processing time: 0.004908 seconds
Computing Block 268 out of 560
Processing Block size=4
begin cleaner{left: ("[FunctionalDependency:(s: {brewery_id}, t: {state})]", 0.0), operator: *, right: (1.0, 1.0), result: 0.0}
列 'p' 不存在，对列 state 不过滤，直接选择所有非无效值。
Block processing time: 0.002948 seconds
Computing Block 270 out of 560
Processing Block size=3
begin cleaner{left: ("[FunctionalDependency:(s: {brewery_id}, t: {state})]", 0.0), operator: *, right: (1.0, 1.0), result: 0.0}
列 'p' 不存在，对列 state 不过滤，直接选择所有非无效值。
Block processing time: 0.002253 seconds
Computing Block 271 out of 560
Processing Block size=2
begin cleaner{left: ("[FunctionalDependency:(s: {brewery_id}, t: {state})]", 0.0), operator: *, right: (1.0, 1.0), result: 0.0}
列 'p' 不存在，对列 state 不过滤，直接选择所有非无效值。
Block processing time: 0.0016 seconds
Computing Block 272 out of 560
Processing Block size=2
begin cleaner{left: ("[FunctionalDependency:(s: {brewery_id}, t: {state})]", 0.0), operator: *, right: (1.0, 1.0), result: 0.0}
列 'p' 不存在，对列 state 不过滤，直接选择所有非无效值。
Block processing time: 0.001529 seconds
Computing Block 274 out of 560
Processing Block size=2
begin cleaner{left: ("[FunctionalDependency:(s: {brewery_id}, t: {state})]", 0.0), operator: *, right: (1.0, 1.0), result: 0.0}
列 'p' 不存在，对列 state 不过滤，直接选择所有非无效值。
Block processing time: 0.001499 seconds
Computing Block 275 out of 560
Processing Block size=2
begin cleaner{left: ("[FunctionalDependency:(s: {brewery_id}, t: {state})]", 0.0), operator: *, right: (1.0, 1.0), result: 0.0}
列 'p' 不存在，对列 state 不过滤，直接选择所有非无效值。
Block processing time: 0.001536 seconds
Computing Block 277 out of 560
Processing Block size=2
begin cleaner{left: ("[FunctionalDependency:(s: {brewery_id}, t: {state})]", 0.0), operator: *, right: (1.0, 1.0), result: 0.0}
列 'p' 不存在，对列 state 不过滤，直接选择所有非无效值。
Block processing time: 0.001503 seconds
Computing Block 279 out of 560
Processing Block size=2
begin cleaner{left: ("[FunctionalDependency:(s: {brewery_id}, t: {state})]", 0.0), operator: *, right: (1.0, 1.0), result: 0.0}
列 'p' 不存在，对列 state 不过滤，直接选择所有非无效值。
Block processing time: 0.001497 seconds
Computing Block 280 out of 560
Processing Block size=32
begin cleaner{left: ("[FunctionalDependency:(s: {brewery_id}, t: {state})]", 0.0), operator: *, right: (1.0, 1.0), result: 0.0}
列 'p' 不存在，对列 state 不过滤，直接选择所有非无效值。
clean_bool length:2
newest best op: Uniop(df,'state','CO',(['brewery_id'], {('166',)}),{left: ("[FunctionalDependency:(s: {brewery_id}, t: {state})]", 0.0), operator: *, right: (1.0, 1.0), result: 0.0})
now error: 0.0
Block processing time: 0.044509 seconds
Computing Block 281 out of 560
Processing Block size=4
begin cleaner{left: ("[FunctionalDependency:(s: {brewery_id}, t: {state})]", 0.0), operator: *, right: (1.0, 1.0), result: 0.0}
列 'p' 不存在，对列 state 不过滤，直接选择所有非无效值。
Block processing time: 0.00304 seconds
Computing Block 282 out of 560
Processing Block size=5
begin cleaner{left: ("[FunctionalDependency:(s: {brewery_id}, t: {state})]", 0.0), operator: *, right: (1.0, 1.0), result: 0.0}
列 'p' 不存在，对列 state 不过滤，直接选择所有非无效值。
Block processing time: 0.003702 seconds
Computing Block 283 out of 560
Processing Block size=5
begin cleaner{left: ("[FunctionalDependency:(s: {brewery_id}, t: {state})]", 0.0), operator: *, right: (1.0, 1.0), result: 0.0}
列 'p' 不存在，对列 state 不过滤，直接选择所有非无效值。
Block processing time: 0.003635 seconds
Computing Block 284 out of 560
Processing Block size=3
begin cleaner{left: ("[FunctionalDependency:(s: {brewery_id}, t: {state})]", 0.0), operator: *, right: (1.0, 1.0), result: 0.0}
列 'p' 不存在，对列 state 不过滤，直接选择所有非无效值。
Block processing time: 0.002611 seconds
Computing Block 285 out of 560
Processing Block size=3
begin cleaner{left: ("[FunctionalDependency:(s: {brewery_id}, t: {state})]", 0.0), operator: *, right: (1.0, 1.0), result: 0.0}
列 'p' 不存在，对列 state 不过滤，直接选择所有非无效值。
Block processing time: 0.002194 seconds
Computing Block 286 out of 560
Processing Block size=5
begin cleaner{left: ("[FunctionalDependency:(s: {brewery_id}, t: {state})]", 0.0), operator: *, right: (1.0, 1.0), result: 0.0}
列 'p' 不存在，对列 state 不过滤，直接选择所有非无效值。
Block processing time: 0.003615 seconds
Computing Block 287 out of 560
Processing Block size=3
begin cleaner{left: ("[FunctionalDependency:(s: {brewery_id}, t: {state})]", 0.0), operator: *, right: (1.0, 1.0), result: 0.0}
列 'p' 不存在，对列 state 不过滤，直接选择所有非无效值。
Block processing time: 0.002304 seconds
Computing Block 288 out of 560
Processing Block size=14
begin cleaner{left: ("[FunctionalDependency:(s: {brewery_id}, t: {state})]", 0.0), operator: *, right: (1.0, 1.0), result: 0.0}
列 'p' 不存在，对列 state 不过滤，直接选择所有非无效值。
clean_bool length:2
newest best op: Uniop(df,'state','OR',(['brewery_id'], {('155',)}),{left: ("[FunctionalDependency:(s: {brewery_id}, t: {state})]", 0.0), operator: *, right: (1.0, 1.0), result: 0.0})
now error: 0.0
Block processing time: 0.020013 seconds
Computing Block 290 out of 560
Processing Block size=2
begin cleaner{left: ("[FunctionalDependency:(s: {brewery_id}, t: {state})]", 0.0), operator: *, right: (1.0, 1.0), result: 0.0}
列 'p' 不存在，对列 state 不过滤，直接选择所有非无效值。
Block processing time: 0.00158 seconds
Computing Block 291 out of 560
Processing Block size=2
begin cleaner{left: ("[FunctionalDependency:(s: {brewery_id}, t: {state})]", 0.0), operator: *, right: (1.0, 1.0), result: 0.0}
列 'p' 不存在，对列 state 不过滤，直接选择所有非无效值。
Block processing time: 0.001497 seconds
Computing Block 292 out of 560
Processing Block size=4
begin cleaner{left: ("[FunctionalDependency:(s: {brewery_id}, t: {state})]", 0.0), operator: *, right: (1.0, 1.0), result: 0.0}
列 'p' 不存在，对列 state 不过滤，直接选择所有非无效值。
clean_bool length:2
newest best op: Uniop(df,'state','MI',(['brewery_id'], {('11',)}),{left: ("[FunctionalDependency:(s: {brewery_id}, t: {state})]", 0.0), operator: *, right: (1.0, 1.0), result: 0.0})
now error: 0.0
Block processing time: 0.00668 seconds
Computing Block 294 out of 560
Processing Block size=2
begin cleaner{left: ("[FunctionalDependency:(s: {brewery_id}, t: {state})]", 0.0), operator: *, right: (1.0, 1.0), result: 0.0}
列 'p' 不存在，对列 state 不过滤，直接选择所有非无效值。
Block processing time: 0.001647 seconds
Computing Block 295 out of 560
Processing Block size=6
begin cleaner{left: ("[FunctionalDependency:(s: {brewery_id}, t: {state})]", 0.0), operator: *, right: (1.0, 1.0), result: 0.0}
列 'p' 不存在，对列 state 不过滤，直接选择所有非无效值。
Block processing time: 0.004455 seconds
Computing Block 296 out of 560
Processing Block size=4
begin cleaner{left: ("[FunctionalDependency:(s: {brewery_id}, t: {state})]", 0.0), operator: *, right: (1.0, 1.0), result: 0.0}
列 'p' 不存在，对列 state 不过滤，直接选择所有非无效值。
Block processing time: 0.002944 seconds
Computing Block 297 out of 560
Processing Block size=3
begin cleaner{left: ("[FunctionalDependency:(s: {brewery_id}, t: {state})]", 0.0), operator: *, right: (1.0, 1.0), result: 0.0}
列 'p' 不存在，对列 state 不过滤，直接选择所有非无效值。
Block processing time: 0.002235 seconds
Computing Block 299 out of 560
Processing Block size=9
begin cleaner{left: ("[FunctionalDependency:(s: {brewery_id}, t: {state})]", 0.0), operator: *, right: (1.0, 1.0), result: 0.0}
列 'p' 不存在，对列 state 不过滤，直接选择所有非无效值。
Block processing time: 0.006507 seconds
Computing Block 301 out of 560
Processing Block size=5
begin cleaner{left: ("[FunctionalDependency:(s: {brewery_id}, t: {state})]", 0.0), operator: *, right: (1.0, 1.0), result: 0.0}
列 'p' 不存在，对列 state 不过滤，直接选择所有非无效值。
Block processing time: 0.00363 seconds
Computing Block 303 out of 560
Processing Block size=5
begin cleaner{left: ("[FunctionalDependency:(s: {brewery_id}, t: {state})]", 0.0), operator: *, right: (1.0, 1.0), result: 0.0}
列 'p' 不存在，对列 state 不过滤，直接选择所有非无效值。
Block processing time: 0.003621 seconds
Computing Block 304 out of 560
Processing Block size=9
begin cleaner{left: ("[FunctionalDependency:(s: {brewery_id}, t: {state})]", 0.0), operator: *, right: (1.0, 1.0), result: 0.0}
列 'p' 不存在，对列 state 不过滤，直接选择所有非无效值。
Block processing time: 0.006361 seconds
Computing Block 306 out of 560
Processing Block size=3
begin cleaner{left: ("[FunctionalDependency:(s: {brewery_id}, t: {state})]", 0.0), operator: *, right: (1.0, 1.0), result: 0.0}
列 'p' 不存在，对列 state 不过滤，直接选择所有非无效值。
Block processing time: 0.002262 seconds
Computing Block 307 out of 560
Processing Block size=7
begin cleaner{left: ("[FunctionalDependency:(s: {brewery_id}, t: {state})]", 0.0), operator: *, right: (1.0, 1.0), result: 0.0}
列 'p' 不存在，对列 state 不过滤，直接选择所有非无效值。
Block processing time: 0.005141 seconds
Computing Block 308 out of 560
Processing Block size=8
begin cleaner{left: ("[FunctionalDependency:(s: {brewery_id}, t: {state})]", 0.0), operator: *, right: (1.0, 1.0), result: 0.0}
列 'p' 不存在，对列 state 不过滤，直接选择所有非无效值。
clean_bool length:2
newest best op: Uniop(df,'state','CO',(['brewery_id'], {('386',)}),{left: ("[FunctionalDependency:(s: {brewery_id}, t: {state})]", 0.0), operator: *, right: (1.0, 1.0), result: 0.0})
now error: 0.0
Block processing time: 0.011645 seconds
Computing Block 309 out of 560
Processing Block size=3
begin cleaner{left: ("[FunctionalDependency:(s: {brewery_id}, t: {state})]", 0.0), operator: *, right: (1.0, 1.0), result: 0.0}
列 'p' 不存在，对列 state 不过滤，直接选择所有非无效值。
Block processing time: 0.002299 seconds
Computing Block 310 out of 560
Processing Block size=4
begin cleaner{left: ("[FunctionalDependency:(s: {brewery_id}, t: {state})]", 0.0), operator: *, right: (1.0, 1.0), result: 0.0}
列 'p' 不存在，对列 state 不过滤，直接选择所有非无效值。
Block processing time: 0.003044 seconds
Computing Block 313 out of 560
Processing Block size=3
begin cleaner{left: ("[FunctionalDependency:(s: {brewery_id}, t: {state})]", 0.0), operator: *, right: (1.0, 1.0), result: 0.0}
列 'p' 不存在，对列 state 不过滤，直接选择所有非无效值。
Block processing time: 0.002239 seconds
Computing Block 314 out of 560
Processing Block size=4
begin cleaner{left: ("[FunctionalDependency:(s: {brewery_id}, t: {state})]", 0.0), operator: *, right: (1.0, 1.0), result: 0.0}
列 'p' 不存在，对列 state 不过滤，直接选择所有非无效值。
Block processing time: 0.002965 seconds
Computing Block 315 out of 560
Processing Block size=4
begin cleaner{left: ("[FunctionalDependency:(s: {brewery_id}, t: {state})]", 0.0), operator: *, right: (1.0, 1.0), result: 0.0}
列 'p' 不存在，对列 state 不过滤，直接选择所有非无效值。
Block processing time: 0.003015 seconds
Computing Block 316 out of 560
Processing Block size=4
begin cleaner{left: ("[FunctionalDependency:(s: {brewery_id}, t: {state})]", 0.0), operator: *, right: (1.0, 1.0), result: 0.0}
列 'p' 不存在，对列 state 不过滤，直接选择所有非无效值。
Block processing time: 0.00305 seconds
Computing Block 317 out of 560
Processing Block size=3
begin cleaner{left: ("[FunctionalDependency:(s: {brewery_id}, t: {state})]", 0.0), operator: *, right: (1.0, 1.0), result: 0.0}
列 'p' 不存在，对列 state 不过滤，直接选择所有非无效值。
Block processing time: 0.002282 seconds
Computing Block 318 out of 560
Processing Block size=6
begin cleaner{left: ("[FunctionalDependency:(s: {brewery_id}, t: {state})]", 0.0), operator: *, right: (1.0, 1.0), result: 0.0}
列 'p' 不存在，对列 state 不过滤，直接选择所有非无效值。
Block processing time: 0.004366 seconds
Computing Block 319 out of 560
Processing Block size=4
begin cleaner{left: ("[FunctionalDependency:(s: {brewery_id}, t: {state})]", 0.0), operator: *, right: (1.0, 1.0), result: 0.0}
列 'p' 不存在，对列 state 不过滤，直接选择所有非无效值。
Block processing time: 0.002963 seconds
Computing Block 320 out of 560
Processing Block size=13
begin cleaner{left: ("[FunctionalDependency:(s: {brewery_id}, t: {state})]", 0.0), operator: *, right: (1.0, 1.0), result: 0.0}
列 'p' 不存在，对列 state 不过滤，直接选择所有非无效值。
clean_bool length:2
newest best op: Uniop(df,'state','NY',(['brewery_id'], {('299',)}),{left: ("[FunctionalDependency:(s: {brewery_id}, t: {state})]", 0.0), operator: *, right: (1.0, 1.0), result: 0.0})
now error: 0.0
Block processing time: 0.018926 seconds
Computing Block 321 out of 560
Processing Block size=2
begin cleaner{left: ("[FunctionalDependency:(s: {brewery_id}, t: {state})]", 0.0), operator: *, right: (1.0, 1.0), result: 0.0}
列 'p' 不存在，对列 state 不过滤，直接选择所有非无效值。
Block processing time: 0.001663 seconds
Computing Block 322 out of 560
Processing Block size=3
begin cleaner{left: ("[FunctionalDependency:(s: {brewery_id}, t: {state})]", 0.0), operator: *, right: (1.0, 1.0), result: 0.0}
列 'p' 不存在，对列 state 不过滤，直接选择所有非无效值。
clean_bool length:2
newest best op: Uniop(df,'state','NC',(['brewery_id'], {('504',)}),{left: ("[FunctionalDependency:(s: {brewery_id}, t: {state})]", 0.0), operator: *, right: (1.0, 1.0), result: 0.0})
now error: 0.0
Block processing time: 0.005332 seconds
Computing Block 324 out of 560
Processing Block size=4
begin cleaner{left: ("[FunctionalDependency:(s: {brewery_id}, t: {state})]", 0.0), operator: *, right: (1.0, 1.0), result: 0.0}
列 'p' 不存在，对列 state 不过滤，直接选择所有非无效值。
Block processing time: 0.003329 seconds
Computing Block 325 out of 560
Processing Block size=3
begin cleaner{left: ("[FunctionalDependency:(s: {brewery_id}, t: {state})]", 0.0), operator: *, right: (1.0, 1.0), result: 0.0}
列 'p' 不存在，对列 state 不过滤，直接选择所有非无效值。
clean_bool length:2
newest best op: Uniop(df,'state','WI',(['brewery_id'], {('228',)}),{left: ("[FunctionalDependency:(s: {brewery_id}, t: {state})]", 0.0), operator: *, right: (1.0, 1.0), result: 0.0})
now error: 0.0
Block processing time: 0.005346 seconds
Computing Block 328 out of 560
Processing Block size=5
begin cleaner{left: ("[FunctionalDependency:(s: {brewery_id}, t: {state})]", 0.0), operator: *, right: (1.0, 1.0), result: 0.0}
列 'p' 不存在，对列 state 不过滤，直接选择所有非无效值。
Block processing time: 0.003943 seconds
Computing Block 329 out of 560
Processing Block size=2
begin cleaner{left: ("[FunctionalDependency:(s: {brewery_id}, t: {state})]", 0.0), operator: *, right: (1.0, 1.0), result: 0.0}
列 'p' 不存在，对列 state 不过滤，直接选择所有非无效值。
Block processing time: 0.001666 seconds
Computing Block 330 out of 560
Processing Block size=6
begin cleaner{left: ("[FunctionalDependency:(s: {brewery_id}, t: {state})]", 0.0), operator: *, right: (1.0, 1.0), result: 0.0}
列 'p' 不存在，对列 state 不过滤，直接选择所有非无效值。
clean_bool length:2
newest best op: Uniop(df,'state','MI',(['brewery_id'], {('72',)}),{left: ("[FunctionalDependency:(s: {brewery_id}, t: {state})]", 0.0), operator: *, right: (1.0, 1.0), result: 0.0})
now error: 0.0
Block processing time: 0.009559 seconds
Computing Block 331 out of 560
Processing Block size=8
begin cleaner{left: ("[FunctionalDependency:(s: {brewery_id}, t: {state})]", 0.0), operator: *, right: (1.0, 1.0), result: 0.0}
列 'p' 不存在，对列 state 不过滤，直接选择所有非无效值。
Block processing time: 0.006254 seconds
Computing Block 332 out of 560
Processing Block size=2
begin cleaner{left: ("[FunctionalDependency:(s: {brewery_id}, t: {state})]", 0.0), operator: *, right: (1.0, 1.0), result: 0.0}
列 'p' 不存在，对列 state 不过滤，直接选择所有非无效值。
Block processing time: 0.001656 seconds
Computing Block 333 out of 560
Processing Block size=6
begin cleaner{left: ("[FunctionalDependency:(s: {brewery_id}, t: {state})]", 0.0), operator: *, right: (1.0, 1.0), result: 0.0}
列 'p' 不存在，对列 state 不过滤，直接选择所有非无效值。
Block processing time: 0.004627 seconds
Computing Block 336 out of 560
Processing Block size=2
begin cleaner{left: ("[FunctionalDependency:(s: {brewery_id}, t: {state})]", 0.0), operator: *, right: (1.0, 1.0), result: 0.0}
列 'p' 不存在，对列 state 不过滤，直接选择所有非无效值。
Block processing time: 0.001575 seconds
Computing Block 338 out of 560
Processing Block size=12
begin cleaner{left: ("[FunctionalDependency:(s: {brewery_id}, t: {state})]", 0.0), operator: *, right: (1.0, 1.0), result: 0.0}
列 'p' 不存在，对列 state 不过滤，直接选择所有非无效值。
Block processing time: 0.0086 seconds
Computing Block 339 out of 560
Processing Block size=9
begin cleaner{left: ("[FunctionalDependency:(s: {brewery_id}, t: {state})]", 0.0), operator: *, right: (1.0, 1.0), result: 0.0}
列 'p' 不存在，对列 state 不过滤，直接选择所有非无效值。
Block processing time: 0.006481 seconds
Computing Block 341 out of 560
Processing Block size=15
begin cleaner{left: ("[FunctionalDependency:(s: {brewery_id}, t: {state})]", 0.0), operator: *, right: (1.0, 1.0), result: 0.0}
列 'p' 不存在，对列 state 不过滤，直接选择所有非无效值。
clean_bool length:2
newest best op: Uniop(df,'state','PA',(['brewery_id'], {('43',)}),{left: ("[FunctionalDependency:(s: {brewery_id}, t: {state})]", 0.0), operator: *, right: (1.0, 1.0), result: 0.0})
now error: 0.0
Block processing time: 0.022772 seconds
Computing Block 342 out of 560
Processing Block size=9
begin cleaner{left: ("[FunctionalDependency:(s: {brewery_id}, t: {state})]", 0.0), operator: *, right: (1.0, 1.0), result: 0.0}
列 'p' 不存在，对列 state 不过滤，直接选择所有非无效值。
Block processing time: 0.006918 seconds
Computing Block 343 out of 560
Processing Block size=2
begin cleaner{left: ("[FunctionalDependency:(s: {brewery_id}, t: {state})]", 0.0), operator: *, right: (1.0, 1.0), result: 0.0}
列 'p' 不存在，对列 state 不过滤，直接选择所有非无效值。
Block processing time: 0.002141 seconds
Computing Block 346 out of 560
Processing Block size=3
begin cleaner{left: ("[FunctionalDependency:(s: {brewery_id}, t: {state})]", 0.0), operator: *, right: (1.0, 1.0), result: 0.0}
列 'p' 不存在，对列 state 不过滤，直接选择所有非无效值。
Block processing time: 0.002643 seconds
Computing Block 347 out of 560
Processing Block size=2
begin cleaner{left: ("[FunctionalDependency:(s: {brewery_id}, t: {state})]", 0.0), operator: *, right: (1.0, 1.0), result: 0.0}
列 'p' 不存在，对列 state 不过滤，直接选择所有非无效值。
Block processing time: 0.001613 seconds
Computing Block 348 out of 560
Processing Block size=4
begin cleaner{left: ("[FunctionalDependency:(s: {brewery_id}, t: {state})]", 0.0), operator: *, right: (1.0, 1.0), result: 0.0}
列 'p' 不存在，对列 state 不过滤，直接选择所有非无效值。
clean_bool length:2
newest best op: Uniop(df,'state','CA',(['brewery_id'], {('98',)}),{left: ("[FunctionalDependency:(s: {brewery_id}, t: {state})]", 0.0), operator: *, right: (1.0, 1.0), result: 0.0})
now error: 0.0
Block processing time: 0.007226 seconds
Computing Block 351 out of 560
Processing Block size=6
begin cleaner{left: ("[FunctionalDependency:(s: {brewery_id}, t: {state})]", 0.0), operator: *, right: (1.0, 1.0), result: 0.0}
列 'p' 不存在，对列 state 不过滤，直接选择所有非无效值。
Block processing time: 0.005161 seconds
Computing Block 352 out of 560
Processing Block size=2
begin cleaner{left: ("[FunctionalDependency:(s: {brewery_id}, t: {state})]", 0.0), operator: *, right: (1.0, 1.0), result: 0.0}
列 'p' 不存在，对列 state 不过滤，直接选择所有非无效值。
Block processing time: 0.001733 seconds
Computing Block 354 out of 560
Processing Block size=2
begin cleaner{left: ("[FunctionalDependency:(s: {brewery_id}, t: {state})]", 0.0), operator: *, right: (1.0, 1.0), result: 0.0}
列 'p' 不存在，对列 state 不过滤，直接选择所有非无效值。
Block processing time: 0.001784 seconds
Computing Block 355 out of 560
Processing Block size=2
begin cleaner{left: ("[FunctionalDependency:(s: {brewery_id}, t: {state})]", 0.0), operator: *, right: (1.0, 1.0), result: 0.0}
列 'p' 不存在，对列 state 不过滤，直接选择所有非无效值。
Block processing time: 0.001661 seconds
Computing Block 356 out of 560
Processing Block size=4
begin cleaner{left: ("[FunctionalDependency:(s: {brewery_id}, t: {state})]", 0.0), operator: *, right: (1.0, 1.0), result: 0.0}
列 'p' 不存在，对列 state 不过滤，直接选择所有非无效值。
clean_bool length:2
newest best op: Uniop(df,'state','VA',(['brewery_id'], {('382',)}),{left: ("[FunctionalDependency:(s: {brewery_id}, t: {state})]", 0.0), operator: *, right: (1.0, 1.0), result: 0.0})
now error: 0.0
Block processing time: 0.006992 seconds
Computing Block 357 out of 560
Processing Block size=4
begin cleaner{left: ("[FunctionalDependency:(s: {brewery_id}, t: {state})]", 0.0), operator: *, right: (1.0, 1.0), result: 0.0}
列 'p' 不存在，对列 state 不过滤，直接选择所有非无效值。
Block processing time: 0.003243 seconds
Computing Block 358 out of 560
Processing Block size=3
begin cleaner{left: ("[FunctionalDependency:(s: {brewery_id}, t: {state})]", 0.0), operator: *, right: (1.0, 1.0), result: 0.0}
列 'p' 不存在，对列 state 不过滤，直接选择所有非无效值。
Block processing time: 0.002366 seconds
Computing Block 360 out of 560
Processing Block size=2
begin cleaner{left: ("[FunctionalDependency:(s: {brewery_id}, t: {state})]", 0.0), operator: *, right: (1.0, 1.0), result: 0.0}
列 'p' 不存在，对列 state 不过滤，直接选择所有非无效值。
Block processing time: 0.001615 seconds
Computing Block 361 out of 560
Processing Block size=7
begin cleaner{left: ("[FunctionalDependency:(s: {brewery_id}, t: {state})]", 0.0), operator: *, right: (1.0, 1.0), result: 0.0}
列 'p' 不存在，对列 state 不过滤，直接选择所有非无效值。
Block processing time: 0.005464 seconds
Computing Block 362 out of 560
Processing Block size=12
begin cleaner{left: ("[FunctionalDependency:(s: {brewery_id}, t: {state})]", 0.0), operator: *, right: (1.0, 1.0), result: 0.0}
列 'p' 不存在，对列 state 不过滤，直接选择所有非无效值。
clean_bool length:2
newest best op: Uniop(df,'state','IL',(['brewery_id'], {('175',)}),{left: ("[FunctionalDependency:(s: {brewery_id}, t: {state})]", 0.0), operator: *, right: (1.0, 1.0), result: 0.0})
now error: 0.0
Block processing time: 0.019789 seconds
Computing Block 364 out of 560
Processing Block size=22
begin cleaner{left: ("[FunctionalDependency:(s: {brewery_id}, t: {state})]", 0.0), operator: *, right: (1.0, 1.0), result: 0.0}
列 'p' 不存在，对列 state 不过滤，直接选择所有非无效值。
Block processing time: 0.019219 seconds
Computing Block 365 out of 560
Processing Block size=10
begin cleaner{left: ("[FunctionalDependency:(s: {brewery_id}, t: {state})]", 0.0), operator: *, right: (1.0, 1.0), result: 0.0}
列 'p' 不存在，对列 state 不过滤，直接选择所有非无效值。
Block processing time: 0.009414 seconds
Computing Block 366 out of 560
Processing Block size=3
begin cleaner{left: ("[FunctionalDependency:(s: {brewery_id}, t: {state})]", 0.0), operator: *, right: (1.0, 1.0), result: 0.0}
列 'p' 不存在，对列 state 不过滤，直接选择所有非无效值。
Block processing time: 0.003521 seconds
Computing Block 367 out of 560
Processing Block size=8
begin cleaner{left: ("[FunctionalDependency:(s: {brewery_id}, t: {state})]", 0.0), operator: *, right: (1.0, 1.0), result: 0.0}
列 'p' 不存在，对列 state 不过滤，直接选择所有非无效值。
Block processing time: 0.00764 seconds
Computing Block 368 out of 560
Processing Block size=3
begin cleaner{left: ("[FunctionalDependency:(s: {brewery_id}, t: {state})]", 0.0), operator: *, right: (1.0, 1.0), result: 0.0}
列 'p' 不存在，对列 state 不过滤，直接选择所有非无效值。
Block processing time: 0.002429 seconds
Computing Block 370 out of 560
Processing Block size=4
begin cleaner{left: ("[FunctionalDependency:(s: {brewery_id}, t: {state})]", 0.0), operator: *, right: (1.0, 1.0), result: 0.0}
列 'p' 不存在，对列 state 不过滤，直接选择所有非无效值。
Block processing time: 0.003267 seconds
Computing Block 371 out of 560
Processing Block size=4
begin cleaner{left: ("[FunctionalDependency:(s: {brewery_id}, t: {state})]", 0.0), operator: *, right: (1.0, 1.0), result: 0.0}
列 'p' 不存在，对列 state 不过滤，直接选择所有非无效值。
Block processing time: 0.00337 seconds
Computing Block 372 out of 560
Processing Block size=5
begin cleaner{left: ("[FunctionalDependency:(s: {brewery_id}, t: {state})]", 0.0), operator: *, right: (1.0, 1.0), result: 0.0}
列 'p' 不存在，对列 state 不过滤，直接选择所有非无效值。
clean_bool length:2
newest best op: Uniop(df,'state','MA',(['brewery_id'], {('230',)}),{left: ("[FunctionalDependency:(s: {brewery_id}, t: {state})]", 0.0), operator: *, right: (1.0, 1.0), result: 0.0})
now error: 0.0
Block processing time: 0.008343 seconds
Computing Block 373 out of 560
Processing Block size=3
begin cleaner{left: ("[FunctionalDependency:(s: {brewery_id}, t: {state})]", 0.0), operator: *, right: (1.0, 1.0), result: 0.0}
列 'p' 不存在，对列 state 不过滤，直接选择所有非无效值。
Block processing time: 0.002442 seconds
Computing Block 374 out of 560
Processing Block size=5
begin cleaner{left: ("[FunctionalDependency:(s: {brewery_id}, t: {state})]", 0.0), operator: *, right: (1.0, 1.0), result: 0.0}
列 'p' 不存在，对列 state 不过滤，直接选择所有非无效值。
Block processing time: 0.005555 seconds
Computing Block 375 out of 560
Processing Block size=2
begin cleaner{left: ("[FunctionalDependency:(s: {brewery_id}, t: {state})]", 0.0), operator: *, right: (1.0, 1.0), result: 0.0}
列 'p' 不存在，对列 state 不过滤，直接选择所有非无效值。
Block processing time: 0.001728 seconds
Computing Block 376 out of 560
Processing Block size=2
begin cleaner{left: ("[FunctionalDependency:(s: {brewery_id}, t: {state})]", 0.0), operator: *, right: (1.0, 1.0), result: 0.0}
列 'p' 不存在，对列 state 不过滤，直接选择所有非无效值。
Block processing time: 0.001885 seconds
Computing Block 378 out of 560
Processing Block size=2
begin cleaner{left: ("[FunctionalDependency:(s: {brewery_id}, t: {state})]", 0.0), operator: *, right: (1.0, 1.0), result: 0.0}
列 'p' 不存在，对列 state 不过滤，直接选择所有非无效值。
Block processing time: 0.001676 seconds
Computing Block 379 out of 560
Processing Block size=4
begin cleaner{left: ("[FunctionalDependency:(s: {brewery_id}, t: {state})]", 0.0), operator: *, right: (1.0, 1.0), result: 0.0}
列 'p' 不存在，对列 state 不过滤，直接选择所有非无效值。
Block processing time: 0.003386 seconds
Computing Block 380 out of 560
Processing Block size=7
begin cleaner{left: ("[FunctionalDependency:(s: {brewery_id}, t: {state})]", 0.0), operator: *, right: (1.0, 1.0), result: 0.0}
列 'p' 不存在，对列 state 不过滤，直接选择所有非无效值。
Block processing time: 0.005906 seconds
Computing Block 381 out of 560
Processing Block size=19
begin cleaner{left: ("[FunctionalDependency:(s: {brewery_id}, t: {state})]", 0.0), operator: *, right: (1.0, 1.0), result: 0.0}
列 'p' 不存在，对列 state 不过滤，直接选择所有非无效值。
clean_bool length:2
newest best op: Uniop(df,'state','CO',(['brewery_id'], {('107',)}),{left: ("[FunctionalDependency:(s: {brewery_id}, t: {state})]", 0.0), operator: *, right: (1.0, 1.0), result: 0.0})
now error: 0.0
Block processing time: 0.030136 seconds
Computing Block 382 out of 560
Processing Block size=3
begin cleaner{left: ("[FunctionalDependency:(s: {brewery_id}, t: {state})]", 0.0), operator: *, right: (1.0, 1.0), result: 0.0}
列 'p' 不存在，对列 state 不过滤，直接选择所有非无效值。
Block processing time: 0.002537 seconds
Computing Block 383 out of 560
Processing Block size=2
begin cleaner{left: ("[FunctionalDependency:(s: {brewery_id}, t: {state})]", 0.0), operator: *, right: (1.0, 1.0), result: 0.0}
列 'p' 不存在，对列 state 不过滤，直接选择所有非无效值。
Block processing time: 0.002073 seconds
Computing Block 384 out of 560
Processing Block size=3
begin cleaner{left: ("[FunctionalDependency:(s: {brewery_id}, t: {state})]", 0.0), operator: *, right: (1.0, 1.0), result: 0.0}
列 'p' 不存在，对列 state 不过滤，直接选择所有非无效值。
Block processing time: 0.002979 seconds
Computing Block 385 out of 560
Processing Block size=2
begin cleaner{left: ("[FunctionalDependency:(s: {brewery_id}, t: {state})]", 0.0), operator: *, right: (1.0, 1.0), result: 0.0}
列 'p' 不存在，对列 state 不过滤，直接选择所有非无效值。
Block processing time: 0.001685 seconds
Computing Block 386 out of 560
Processing Block size=4
begin cleaner{left: ("[FunctionalDependency:(s: {brewery_id}, t: {state})]", 0.0), operator: *, right: (1.0, 1.0), result: 0.0}
列 'p' 不存在，对列 state 不过滤，直接选择所有非无效值。
Block processing time: 0.003199 seconds
Computing Block 387 out of 560
Processing Block size=4
begin cleaner{left: ("[FunctionalDependency:(s: {brewery_id}, t: {state})]", 0.0), operator: *, right: (1.0, 1.0), result: 0.0}
列 'p' 不存在，对列 state 不过滤，直接选择所有非无效值。
Block processing time: 0.003174 seconds
Computing Block 388 out of 560
Processing Block size=3
begin cleaner{left: ("[FunctionalDependency:(s: {brewery_id}, t: {state})]", 0.0), operator: *, right: (1.0, 1.0), result: 0.0}
列 'p' 不存在，对列 state 不过滤，直接选择所有非无效值。
Block processing time: 0.002635 seconds
Computing Block 389 out of 560
Processing Block size=4
begin cleaner{left: ("[FunctionalDependency:(s: {brewery_id}, t: {state})]", 0.0), operator: *, right: (1.0, 1.0), result: 0.0}
列 'p' 不存在，对列 state 不过滤，直接选择所有非无效值。
clean_bool length:2
newest best op: Uniop(df,'state','VA',(['brewery_id'], {('236',)}),{left: ("[FunctionalDependency:(s: {brewery_id}, t: {state})]", 0.0), operator: *, right: (1.0, 1.0), result: 0.0})
now error: 0.0
Block processing time: 0.007636 seconds
Computing Block 390 out of 560
Processing Block size=3
begin cleaner{left: ("[FunctionalDependency:(s: {brewery_id}, t: {state})]", 0.0), operator: *, right: (1.0, 1.0), result: 0.0}
列 'p' 不存在，对列 state 不过滤，直接选择所有非无效值。
Block processing time: 0.002431 seconds
Computing Block 391 out of 560
Processing Block size=2
begin cleaner{left: ("[FunctionalDependency:(s: {brewery_id}, t: {state})]", 0.0), operator: *, right: (1.0, 1.0), result: 0.0}
列 'p' 不存在，对列 state 不过滤，直接选择所有非无效值。
Block processing time: 0.001699 seconds
Computing Block 392 out of 560
Processing Block size=2
begin cleaner{left: ("[FunctionalDependency:(s: {brewery_id}, t: {state})]", 0.0), operator: *, right: (1.0, 1.0), result: 0.0}
列 'p' 不存在，对列 state 不过滤，直接选择所有非无效值。
Block processing time: 0.001642 seconds
Computing Block 393 out of 560
Processing Block size=3
begin cleaner{left: ("[FunctionalDependency:(s: {brewery_id}, t: {state})]", 0.0), operator: *, right: (1.0, 1.0), result: 0.0}
列 'p' 不存在，对列 state 不过滤，直接选择所有非无效值。
Block processing time: 0.002578 seconds
Computing Block 394 out of 560
Processing Block size=7
begin cleaner{left: ("[FunctionalDependency:(s: {brewery_id}, t: {state})]", 0.0), operator: *, right: (1.0, 1.0), result: 0.0}
列 'p' 不存在，对列 state 不过滤，直接选择所有非无效值。
Block processing time: 0.006065 seconds
Computing Block 397 out of 560
Processing Block size=3
begin cleaner{left: ("[FunctionalDependency:(s: {brewery_id}, t: {state})]", 0.0), operator: *, right: (1.0, 1.0), result: 0.0}
列 'p' 不存在，对列 state 不过滤，直接选择所有非无效值。
clean_bool length:2
newest best op: Uniop(df,'state','MT',(['brewery_id'], {('499',)}),{left: ("[FunctionalDependency:(s: {brewery_id}, t: {state})]", 0.0), operator: *, right: (1.0, 1.0), result: 0.0})
now error: 0.0
Block processing time: 0.005656 seconds
Computing Block 398 out of 560
Processing Block size=12
begin cleaner{left: ("[FunctionalDependency:(s: {brewery_id}, t: {state})]", 0.0), operator: *, right: (1.0, 1.0), result: 0.0}
列 'p' 不存在，对列 state 不过滤，直接选择所有非无效值。
clean_bool length:2
newest best op: Uniop(df,'state','PA',(['brewery_id'], {('371',)}),{left: ("[FunctionalDependency:(s: {brewery_id}, t: {state})]", 0.0), operator: *, right: (1.0, 1.0), result: 0.0})
now error: 0.0
Block processing time: 0.019636 seconds
Computing Block 399 out of 560
Processing Block size=10
begin cleaner{left: ("[FunctionalDependency:(s: {brewery_id}, t: {state})]", 0.0), operator: *, right: (1.0, 1.0), result: 0.0}
列 'p' 不存在，对列 state 不过滤，直接选择所有非无效值。
Block processing time: 0.008303 seconds
Computing Block 400 out of 560
Processing Block size=4
begin cleaner{left: ("[FunctionalDependency:(s: {brewery_id}, t: {state})]", 0.0), operator: *, right: (1.0, 1.0), result: 0.0}
列 'p' 不存在，对列 state 不过滤，直接选择所有非无效值。
Block processing time: 0.00331 seconds
Computing Block 401 out of 560
Processing Block size=2
begin cleaner{left: ("[FunctionalDependency:(s: {brewery_id}, t: {state})]", 0.0), operator: *, right: (1.0, 1.0), result: 0.0}
列 'p' 不存在，对列 state 不过滤，直接选择所有非无效值。
Block processing time: 0.001742 seconds
Computing Block 402 out of 560
Processing Block size=8
begin cleaner{left: ("[FunctionalDependency:(s: {brewery_id}, t: {state})]", 0.0), operator: *, right: (1.0, 1.0), result: 0.0}
列 'p' 不存在，对列 state 不过滤，直接选择所有非无效值。
clean_bool length:2
newest best op: Uniop(df,'state','TX',(['brewery_id'], {('161',)}),{left: ("[FunctionalDependency:(s: {brewery_id}, t: {state})]", 0.0), operator: *, right: (1.0, 1.0), result: 0.0})
now error: 0.0
Block processing time: 0.013502 seconds
Computing Block 403 out of 560
Processing Block size=4
begin cleaner{left: ("[FunctionalDependency:(s: {brewery_id}, t: {state})]", 0.0), operator: *, right: (1.0, 1.0), result: 0.0}
列 'p' 不存在，对列 state 不过滤，直接选择所有非无效值。
Block processing time: 0.003254 seconds
Computing Block 405 out of 560
Processing Block size=5
begin cleaner{left: ("[FunctionalDependency:(s: {brewery_id}, t: {state})]", 0.0), operator: *, right: (1.0, 1.0), result: 0.0}
列 'p' 不存在，对列 state 不过滤，直接选择所有非无效值。
Block processing time: 0.003916 seconds
Computing Block 406 out of 560
Processing Block size=3
begin cleaner{left: ("[FunctionalDependency:(s: {brewery_id}, t: {state})]", 0.0), operator: *, right: (1.0, 1.0), result: 0.0}
列 'p' 不存在，对列 state 不过滤，直接选择所有非无效值。
Block processing time: 0.00243 seconds
Computing Block 408 out of 560
Processing Block size=2
begin cleaner{left: ("[FunctionalDependency:(s: {brewery_id}, t: {state})]", 0.0), operator: *, right: (1.0, 1.0), result: 0.0}
列 'p' 不存在，对列 state 不过滤，直接选择所有非无效值。
clean_bool length:2
newest best op: Uniop(df,'state','TX',(['brewery_id'], {('426',)}),{left: ("[FunctionalDependency:(s: {brewery_id}, t: {state})]", 0.0), operator: *, right: (1.0, 1.0), result: 0.0})
now error: 0.0
Block processing time: 0.003857 seconds
Computing Block 409 out of 560
Processing Block size=5
begin cleaner{left: ("[FunctionalDependency:(s: {brewery_id}, t: {state})]", 0.0), operator: *, right: (1.0, 1.0), result: 0.0}
列 'p' 不存在，对列 state 不过滤，直接选择所有非无效值。
Block processing time: 0.00418 seconds
Computing Block 410 out of 560
Processing Block size=2
begin cleaner{left: ("[FunctionalDependency:(s: {brewery_id}, t: {state})]", 0.0), operator: *, right: (1.0, 1.0), result: 0.0}
列 'p' 不存在，对列 state 不过滤，直接选择所有非无效值。
Block processing time: 0.001685 seconds
Computing Block 411 out of 560
Processing Block size=3
begin cleaner{left: ("[FunctionalDependency:(s: {brewery_id}, t: {state})]", 0.0), operator: *, right: (1.0, 1.0), result: 0.0}
列 'p' 不存在，对列 state 不过滤，直接选择所有非无效值。
Block processing time: 0.002395 seconds
Computing Block 412 out of 560
Processing Block size=4
begin cleaner{left: ("[FunctionalDependency:(s: {brewery_id}, t: {state})]", 0.0), operator: *, right: (1.0, 1.0), result: 0.0}
列 'p' 不存在，对列 state 不过滤，直接选择所有非无效值。
Block processing time: 0.003138 seconds
Computing Block 413 out of 560
Processing Block size=5
begin cleaner{left: ("[FunctionalDependency:(s: {brewery_id}, t: {state})]", 0.0), operator: *, right: (1.0, 1.0), result: 0.0}
列 'p' 不存在，对列 state 不过滤，直接选择所有非无效值。
Block processing time: 0.003888 seconds
Computing Block 414 out of 560
Processing Block size=4
begin cleaner{left: ("[FunctionalDependency:(s: {brewery_id}, t: {state})]", 0.0), operator: *, right: (1.0, 1.0), result: 0.0}
列 'p' 不存在，对列 state 不过滤，直接选择所有非无效值。
Block processing time: 0.003138 seconds
Computing Block 415 out of 560
Processing Block size=4
begin cleaner{left: ("[FunctionalDependency:(s: {brewery_id}, t: {state})]", 0.0), operator: *, right: (1.0, 1.0), result: 0.0}
列 'p' 不存在，对列 state 不过滤，直接选择所有非无效值。
Block processing time: 0.003289 seconds
Computing Block 416 out of 560
Processing Block size=2
begin cleaner{left: ("[FunctionalDependency:(s: {brewery_id}, t: {state})]", 0.0), operator: *, right: (1.0, 1.0), result: 0.0}
列 'p' 不存在，对列 state 不过滤，直接选择所有非无效值。
clean_bool length:2
newest best op: Uniop(df,'state','ME',(['brewery_id'], {('42',)}),{left: ("[FunctionalDependency:(s: {brewery_id}, t: {state})]", 0.0), operator: *, right: (1.0, 1.0), result: 0.0})
now error: 0.0
Block processing time: 0.003896 seconds
Computing Block 417 out of 560
Processing Block size=2
begin cleaner{left: ("[FunctionalDependency:(s: {brewery_id}, t: {state})]", 0.0), operator: *, right: (1.0, 1.0), result: 0.0}
列 'p' 不存在，对列 state 不过滤，直接选择所有非无效值。
Block processing time: 0.001645 seconds
Computing Block 418 out of 560
Processing Block size=5
begin cleaner{left: ("[FunctionalDependency:(s: {brewery_id}, t: {state})]", 0.0), operator: *, right: (1.0, 1.0), result: 0.0}
列 'p' 不存在，对列 state 不过滤，直接选择所有非无效值。
Block processing time: 0.004109 seconds
Computing Block 420 out of 560
Processing Block size=5
begin cleaner{left: ("[FunctionalDependency:(s: {brewery_id}, t: {state})]", 0.0), operator: *, right: (1.0, 1.0), result: 0.0}
列 'p' 不存在，对列 state 不过滤，直接选择所有非无效值。
Block processing time: 0.003875 seconds
Computing Block 421 out of 560
Processing Block size=2
begin cleaner{left: ("[FunctionalDependency:(s: {brewery_id}, t: {state})]", 0.0), operator: *, right: (1.0, 1.0), result: 0.0}
列 'p' 不存在，对列 state 不过滤，直接选择所有非无效值。
Block processing time: 0.001667 seconds
Computing Block 422 out of 560
Processing Block size=2
begin cleaner{left: ("[FunctionalDependency:(s: {brewery_id}, t: {state})]", 0.0), operator: *, right: (1.0, 1.0), result: 0.0}
列 'p' 不存在，对列 state 不过滤，直接选择所有非无效值。
Block processing time: 0.001645 seconds
Computing Block 423 out of 560
Processing Block size=3
begin cleaner{left: ("[FunctionalDependency:(s: {brewery_id}, t: {state})]", 0.0), operator: *, right: (1.0, 1.0), result: 0.0}
列 'p' 不存在，对列 state 不过滤，直接选择所有非无效值。
Block processing time: 0.002406 seconds
Computing Block 424 out of 560
Processing Block size=5
begin cleaner{left: ("[FunctionalDependency:(s: {brewery_id}, t: {state})]", 0.0), operator: *, right: (1.0, 1.0), result: 0.0}
列 'p' 不存在，对列 state 不过滤，直接选择所有非无效值。
Block processing time: 0.004024 seconds
Computing Block 425 out of 560
Processing Block size=2
begin cleaner{left: ("[FunctionalDependency:(s: {brewery_id}, t: {state})]", 0.0), operator: *, right: (1.0, 1.0), result: 0.0}
列 'p' 不存在，对列 state 不过滤，直接选择所有非无效值。
Block processing time: 0.001686 seconds
Computing Block 426 out of 560
Processing Block size=4
begin cleaner{left: ("[FunctionalDependency:(s: {brewery_id}, t: {state})]", 0.0), operator: *, right: (1.0, 1.0), result: 0.0}
列 'p' 不存在，对列 state 不过滤，直接选择所有非无效值。
Block processing time: 0.0031 seconds
Computing Block 427 out of 560
Processing Block size=4
begin cleaner{left: ("[FunctionalDependency:(s: {brewery_id}, t: {state})]", 0.0), operator: *, right: (1.0, 1.0), result: 0.0}
列 'p' 不存在，对列 state 不过滤，直接选择所有非无效值。
Block processing time: 0.003155 seconds
Computing Block 428 out of 560
Processing Block size=2
begin cleaner{left: ("[FunctionalDependency:(s: {brewery_id}, t: {state})]", 0.0), operator: *, right: (1.0, 1.0), result: 0.0}
列 'p' 不存在，对列 state 不过滤，直接选择所有非无效值。
clean_bool length:2
newest best op: Uniop(df,'state','ME',(['brewery_id'], {('266',)}),{left: ("[FunctionalDependency:(s: {brewery_id}, t: {state})]", 0.0), operator: *, right: (1.0, 1.0), result: 0.0})
now error: 0.0
Block processing time: 0.003967 seconds
Computing Block 430 out of 560
Processing Block size=3
begin cleaner{left: ("[FunctionalDependency:(s: {brewery_id}, t: {state})]", 0.0), operator: *, right: (1.0, 1.0), result: 0.0}
列 'p' 不存在，对列 state 不过滤，直接选择所有非无效值。
Block processing time: 0.002447 seconds
Computing Block 431 out of 560
Processing Block size=7
begin cleaner{left: ("[FunctionalDependency:(s: {brewery_id}, t: {state})]", 0.0), operator: *, right: (1.0, 1.0), result: 0.0}
列 'p' 不存在，对列 state 不过滤，直接选择所有非无效值。
Block processing time: 0.00564 seconds
Computing Block 432 out of 560
Processing Block size=2
begin cleaner{left: ("[FunctionalDependency:(s: {brewery_id}, t: {state})]", 0.0), operator: *, right: (1.0, 1.0), result: 0.0}
列 'p' 不存在，对列 state 不过滤，直接选择所有非无效值。
clean_bool length:2
newest best op: Uniop(df,'state','CO',(['brewery_id'], {('452',)}),{left: ("[FunctionalDependency:(s: {brewery_id}, t: {state})]", 0.0), operator: *, right: (1.0, 1.0), result: 0.0})
now error: 0.0
Block processing time: 0.004107 seconds
Computing Block 433 out of 560
Processing Block size=10
begin cleaner{left: ("[FunctionalDependency:(s: {brewery_id}, t: {state})]", 0.0), operator: *, right: (1.0, 1.0), result: 0.0}
列 'p' 不存在，对列 state 不过滤，直接选择所有非无效值。
clean_bool length:2
newest best op: Uniop(df,'state','IL',(['brewery_id'], {('361',)}),{left: ("[FunctionalDependency:(s: {brewery_id}, t: {state})]", 0.0), operator: *, right: (1.0, 1.0), result: 0.0})
now error: 0.0
Block processing time: 0.015998 seconds
Computing Block 434 out of 560
Processing Block size=2
begin cleaner{left: ("[FunctionalDependency:(s: {brewery_id}, t: {state})]", 0.0), operator: *, right: (1.0, 1.0), result: 0.0}
列 'p' 不存在，对列 state 不过滤，直接选择所有非无效值。
Block processing time: 0.001669 seconds
Computing Block 436 out of 560
Processing Block size=12
begin cleaner{left: ("[FunctionalDependency:(s: {brewery_id}, t: {state})]", 0.0), operator: *, right: (1.0, 1.0), result: 0.0}
列 'p' 不存在，对列 state 不过滤，直接选择所有非无效值。
Block processing time: 0.009204 seconds
Computing Block 437 out of 560
Processing Block size=4
begin cleaner{left: ("[FunctionalDependency:(s: {brewery_id}, t: {state})]", 0.0), operator: *, right: (1.0, 1.0), result: 0.0}
列 'p' 不存在，对列 state 不过滤，直接选择所有非无效值。
Block processing time: 0.003168 seconds
Computing Block 438 out of 560
Processing Block size=4
begin cleaner{left: ("[FunctionalDependency:(s: {brewery_id}, t: {state})]", 0.0), operator: *, right: (1.0, 1.0), result: 0.0}
列 'p' 不存在，对列 state 不过滤，直接选择所有非无效值。
Block processing time: 0.003162 seconds
Computing Block 439 out of 560
Processing Block size=4
begin cleaner{left: ("[FunctionalDependency:(s: {brewery_id}, t: {state})]", 0.0), operator: *, right: (1.0, 1.0), result: 0.0}
列 'p' 不存在，对列 state 不过滤，直接选择所有非无效值。
Block processing time: 0.003428 seconds
Computing Block 440 out of 560
Processing Block size=2
begin cleaner{left: ("[FunctionalDependency:(s: {brewery_id}, t: {state})]", 0.0), operator: *, right: (1.0, 1.0), result: 0.0}
列 'p' 不存在，对列 state 不过滤，直接选择所有非无效值。
Block processing time: 0.001758 seconds
Computing Block 441 out of 560
Processing Block size=2
begin cleaner{left: ("[FunctionalDependency:(s: {brewery_id}, t: {state})]", 0.0), operator: *, right: (1.0, 1.0), result: 0.0}
列 'p' 不存在，对列 state 不过滤，直接选择所有非无效值。
Block processing time: 0.001648 seconds
Computing Block 442 out of 560
Processing Block size=5
begin cleaner{left: ("[FunctionalDependency:(s: {brewery_id}, t: {state})]", 0.0), operator: *, right: (1.0, 1.0), result: 0.0}
列 'p' 不存在，对列 state 不过滤，直接选择所有非无效值。
Block processing time: 0.003891 seconds
Computing Block 443 out of 560
Processing Block size=6
begin cleaner{left: ("[FunctionalDependency:(s: {brewery_id}, t: {state})]", 0.0), operator: *, right: (1.0, 1.0), result: 0.0}
列 'p' 不存在，对列 state 不过滤，直接选择所有非无效值。
clean_bool length:2
newest best op: Uniop(df,'state','WI',(['brewery_id'], {('32',)}),{left: ("[FunctionalDependency:(s: {brewery_id}, t: {state})]", 0.0), operator: *, right: (1.0, 1.0), result: 0.0})
now error: 0.0
Block processing time: 0.009986 seconds
Computing Block 445 out of 560
Processing Block size=6
begin cleaner{left: ("[FunctionalDependency:(s: {brewery_id}, t: {state})]", 0.0), operator: *, right: (1.0, 1.0), result: 0.0}
列 'p' 不存在，对列 state 不过滤，直接选择所有非无效值。
Block processing time: 0.004766 seconds
Computing Block 446 out of 560
Processing Block size=2
begin cleaner{left: ("[FunctionalDependency:(s: {brewery_id}, t: {state})]", 0.0), operator: *, right: (1.0, 1.0), result: 0.0}
列 'p' 不存在，对列 state 不过滤，直接选择所有非无效值。
Block processing time: 0.00163 seconds
Computing Block 448 out of 560
Processing Block size=6
begin cleaner{left: ("[FunctionalDependency:(s: {brewery_id}, t: {state})]", 0.0), operator: *, right: (1.0, 1.0), result: 0.0}
列 'p' 不存在，对列 state 不过滤，直接选择所有非无效值。
clean_bool length:2
newest best op: Uniop(df,'state','CO',(['brewery_id'], {('110',)}),{left: ("[FunctionalDependency:(s: {brewery_id}, t: {state})]", 0.0), operator: *, right: (1.0, 1.0), result: 0.0})
now error: 0.0
Block processing time: 0.011274 seconds
Computing Block 449 out of 560
Processing Block size=4
begin cleaner{left: ("[FunctionalDependency:(s: {brewery_id}, t: {state})]", 0.0), operator: *, right: (1.0, 1.0), result: 0.0}
列 'p' 不存在，对列 state 不过滤，直接选择所有非无效值。
Block processing time: 0.003189 seconds
Computing Block 450 out of 560
Processing Block size=6
begin cleaner{left: ("[FunctionalDependency:(s: {brewery_id}, t: {state})]", 0.0), operator: *, right: (1.0, 1.0), result: 0.0}
列 'p' 不存在，对列 state 不过滤，直接选择所有非无效值。
Block processing time: 0.004702 seconds
Computing Block 451 out of 560
Processing Block size=6
begin cleaner{left: ("[FunctionalDependency:(s: {brewery_id}, t: {state})]", 0.0), operator: *, right: (1.0, 1.0), result: 0.0}
列 'p' 不存在，对列 state 不过滤，直接选择所有非无效值。
clean_bool length:2
newest best op: Uniop(df,'state','OR',(['brewery_id'], {('387',)}),{left: ("[FunctionalDependency:(s: {brewery_id}, t: {state})]", 0.0), operator: *, right: (1.0, 1.0), result: 0.0})
now error: 0.0
Block processing time: 0.010408 seconds
Computing Block 452 out of 560
Processing Block size=6
begin cleaner{left: ("[FunctionalDependency:(s: {brewery_id}, t: {state})]", 0.0), operator: *, right: (1.0, 1.0), result: 0.0}
列 'p' 不存在，对列 state 不过滤，直接选择所有非无效值。
Block processing time: 0.004776 seconds
Computing Block 453 out of 560
Processing Block size=5
begin cleaner{left: ("[FunctionalDependency:(s: {brewery_id}, t: {state})]", 0.0), operator: *, right: (1.0, 1.0), result: 0.0}
列 'p' 不存在，对列 state 不过滤，直接选择所有非无效值。
Block processing time: 0.003952 seconds
Computing Block 454 out of 560
Processing Block size=4
begin cleaner{left: ("[FunctionalDependency:(s: {brewery_id}, t: {state})]", 0.0), operator: *, right: (1.0, 1.0), result: 0.0}
列 'p' 不存在，对列 state 不过滤，直接选择所有非无效值。
Block processing time: 0.003182 seconds
Computing Block 455 out of 560
Processing Block size=5
begin cleaner{left: ("[FunctionalDependency:(s: {brewery_id}, t: {state})]", 0.0), operator: *, right: (1.0, 1.0), result: 0.0}
列 'p' 不存在，对列 state 不过滤，直接选择所有非无效值。
Block processing time: 0.004197 seconds
Computing Block 456 out of 560
Processing Block size=2
begin cleaner{left: ("[FunctionalDependency:(s: {brewery_id}, t: {state})]", 0.0), operator: *, right: (1.0, 1.0), result: 0.0}
列 'p' 不存在，对列 state 不过滤，直接选择所有非无效值。
Block processing time: 0.001689 seconds
Computing Block 457 out of 560
Processing Block size=18
begin cleaner{left: ("[FunctionalDependency:(s: {brewery_id}, t: {state})]", 0.0), operator: *, right: (1.0, 1.0), result: 0.0}
列 'p' 不存在，对列 state 不过滤，直接选择所有非无效值。
Block processing time: 0.014112 seconds
Computing Block 459 out of 560
Processing Block size=14
begin cleaner{left: ("[FunctionalDependency:(s: {brewery_id}, t: {state})]", 0.0), operator: *, right: (1.0, 1.0), result: 0.0}
列 'p' 不存在，对列 state 不过滤，直接选择所有非无效值。
Block processing time: 0.010829 seconds
Computing Block 460 out of 560
Processing Block size=15
begin cleaner{left: ("[FunctionalDependency:(s: {brewery_id}, t: {state})]", 0.0), operator: *, right: (1.0, 1.0), result: 0.0}
列 'p' 不存在，对列 state 不过滤，直接选择所有非无效值。
clean_bool length:2
newest best op: Uniop(df,'state','CA',(['brewery_id'], {('240',)}),{left: ("[FunctionalDependency:(s: {brewery_id}, t: {state})]", 0.0), operator: *, right: (1.0, 1.0), result: 0.0})
now error: 0.0
Block processing time: 0.023497 seconds
Computing Block 461 out of 560
Processing Block size=7
begin cleaner{left: ("[FunctionalDependency:(s: {brewery_id}, t: {state})]", 0.0), operator: *, right: (1.0, 1.0), result: 0.0}
列 'p' 不存在，对列 state 不过滤，直接选择所有非无效值。
Block processing time: 0.005628 seconds
Computing Block 462 out of 560
Processing Block size=4
begin cleaner{left: ("[FunctionalDependency:(s: {brewery_id}, t: {state})]", 0.0), operator: *, right: (1.0, 1.0), result: 0.0}
列 'p' 不存在，对列 state 不过滤，直接选择所有非无效值。
clean_bool length:2
newest best op: Uniop(df,'state','NJ',(['brewery_id'], {('222',)}),{left: ("[FunctionalDependency:(s: {brewery_id}, t: {state})]", 0.0), operator: *, right: (1.0, 1.0), result: 0.0})
now error: 0.0
Block processing time: 0.007513 seconds
Computing Block 463 out of 560
Processing Block size=4
begin cleaner{left: ("[FunctionalDependency:(s: {brewery_id}, t: {state})]", 0.0), operator: *, right: (1.0, 1.0), result: 0.0}
列 'p' 不存在，对列 state 不过滤，直接选择所有非无效值。
Block processing time: 0.003169 seconds
Computing Block 464 out of 560
Processing Block size=2
begin cleaner{left: ("[FunctionalDependency:(s: {brewery_id}, t: {state})]", 0.0), operator: *, right: (1.0, 1.0), result: 0.0}
列 'p' 不存在，对列 state 不过滤，直接选择所有非无效值。
Block processing time: 0.001644 seconds
Computing Block 465 out of 560
Processing Block size=12
begin cleaner{left: ("[FunctionalDependency:(s: {brewery_id}, t: {state})]", 0.0), operator: *, right: (1.0, 1.0), result: 0.0}
列 'p' 不存在，对列 state 不过滤，直接选择所有非无效值。
Block processing time: 0.009396 seconds
Computing Block 466 out of 560
Processing Block size=25
begin cleaner{left: ("[FunctionalDependency:(s: {brewery_id}, t: {state})]", 0.0), operator: *, right: (1.0, 1.0), result: 0.0}
列 'p' 不存在，对列 state 不过滤，直接选择所有非无效值。
clean_bool length:2
newest best op: Uniop(df,'state','FL',(['brewery_id'], {('141',)}),{left: ("[FunctionalDependency:(s: {brewery_id}, t: {state})]", 0.0), operator: *, right: (1.0, 1.0), result: 0.0})
now error: 0.0
Block processing time: 0.038576 seconds
Computing Block 468 out of 560
Processing Block size=3
begin cleaner{left: ("[FunctionalDependency:(s: {brewery_id}, t: {state})]", 0.0), operator: *, right: (1.0, 1.0), result: 0.0}
列 'p' 不存在，对列 state 不过滤，直接选择所有非无效值。
clean_bool length:2
newest best op: Uniop(df,'state','NY',(['brewery_id'], {('342',)}),{left: ("[FunctionalDependency:(s: {brewery_id}, t: {state})]", 0.0), operator: *, right: (1.0, 1.0), result: 0.0})
now error: 0.0
Block processing time: 0.005531 seconds
Computing Block 470 out of 560
Processing Block size=2
begin cleaner{left: ("[FunctionalDependency:(s: {brewery_id}, t: {state})]", 0.0), operator: *, right: (1.0, 1.0), result: 0.0}
列 'p' 不存在，对列 state 不过滤，直接选择所有非无效值。
Block processing time: 0.001687 seconds
Computing Block 471 out of 560
Processing Block size=3
begin cleaner{left: ("[FunctionalDependency:(s: {brewery_id}, t: {state})]", 0.0), operator: *, right: (1.0, 1.0), result: 0.0}
列 'p' 不存在，对列 state 不过滤，直接选择所有非无效值。
Block processing time: 0.00286 seconds
Computing Block 473 out of 560
Processing Block size=4
begin cleaner{left: ("[FunctionalDependency:(s: {brewery_id}, t: {state})]", 0.0), operator: *, right: (1.0, 1.0), result: 0.0}
列 'p' 不存在，对列 state 不过滤，直接选择所有非无效值。
clean_bool length:2
newest best op: Uniop(df,'state','VA',(['brewery_id'], {('181',)}),{left: ("[FunctionalDependency:(s: {brewery_id}, t: {state})]", 0.0), operator: *, right: (1.0, 1.0), result: 0.0})
now error: 0.0
Block processing time: 0.007727 seconds
Computing Block 474 out of 560
Processing Block size=4
begin cleaner{left: ("[FunctionalDependency:(s: {brewery_id}, t: {state})]", 0.0), operator: *, right: (1.0, 1.0), result: 0.0}
列 'p' 不存在，对列 state 不过滤，直接选择所有非无效值。
Block processing time: 0.003369 seconds
Computing Block 476 out of 560
Processing Block size=2
begin cleaner{left: ("[FunctionalDependency:(s: {brewery_id}, t: {state})]", 0.0), operator: *, right: (1.0, 1.0), result: 0.0}
列 'p' 不存在，对列 state 不过滤，直接选择所有非无效值。
Block processing time: 0.001713 seconds
Computing Block 477 out of 560
Processing Block size=3
begin cleaner{left: ("[FunctionalDependency:(s: {brewery_id}, t: {state})]", 0.0), operator: *, right: (1.0, 1.0), result: 0.0}
列 'p' 不存在，对列 state 不过滤，直接选择所有非无效值。
Block processing time: 0.002596 seconds
Computing Block 478 out of 560
Processing Block size=2
begin cleaner{left: ("[FunctionalDependency:(s: {brewery_id}, t: {state})]", 0.0), operator: *, right: (1.0, 1.0), result: 0.0}
列 'p' 不存在，对列 state 不过滤，直接选择所有非无效值。
Block processing time: 0.001707 seconds
Computing Block 479 out of 560
Processing Block size=2
begin cleaner{left: ("[FunctionalDependency:(s: {brewery_id}, t: {state})]", 0.0), operator: *, right: (1.0, 1.0), result: 0.0}
列 'p' 不存在，对列 state 不过滤，直接选择所有非无效值。
Block processing time: 0.00166 seconds
Computing Block 480 out of 560
Processing Block size=2
begin cleaner{left: ("[FunctionalDependency:(s: {brewery_id}, t: {state})]", 0.0), operator: *, right: (1.0, 1.0), result: 0.0}
列 'p' 不存在，对列 state 不过滤，直接选择所有非无效值。
Block processing time: 0.001672 seconds
Computing Block 481 out of 560
Processing Block size=3
begin cleaner{left: ("[FunctionalDependency:(s: {brewery_id}, t: {state})]", 0.0), operator: *, right: (1.0, 1.0), result: 0.0}
列 'p' 不存在，对列 state 不过滤，直接选择所有非无效值。
clean_bool length:2
newest best op: Uniop(df,'state','CA',(['brewery_id'], {('36',)}),{left: ("[FunctionalDependency:(s: {brewery_id}, t: {state})]", 0.0), operator: *, right: (1.0, 1.0), result: 0.0})
now error: 0.0
Block processing time: 0.005454 seconds
Computing Block 483 out of 560
Processing Block size=2
begin cleaner{left: ("[FunctionalDependency:(s: {brewery_id}, t: {state})]", 0.0), operator: *, right: (1.0, 1.0), result: 0.0}
列 'p' 不存在，对列 state 不过滤，直接选择所有非无效值。
Block processing time: 0.001731 seconds
Computing Block 484 out of 560
Processing Block size=2
begin cleaner{left: ("[FunctionalDependency:(s: {brewery_id}, t: {state})]", 0.0), operator: *, right: (1.0, 1.0), result: 0.0}
列 'p' 不存在，对列 state 不过滤，直接选择所有非无效值。
Block processing time: 0.002182 seconds
Computing Block 485 out of 560
Processing Block size=2
begin cleaner{left: ("[FunctionalDependency:(s: {brewery_id}, t: {state})]", 0.0), operator: *, right: (1.0, 1.0), result: 0.0}
列 'p' 不存在，对列 state 不过滤，直接选择所有非无效值。
Block processing time: 0.001652 seconds
Computing Block 486 out of 560
Processing Block size=14
begin cleaner{left: ("[FunctionalDependency:(s: {brewery_id}, t: {state})]", 0.0), operator: *, right: (1.0, 1.0), result: 0.0}
列 'p' 不存在，对列 state 不过滤，直接选择所有非无效值。
clean_bool length:2
newest best op: Uniop(df,'state','TX',(['brewery_id'], {('118',)}),{left: ("[FunctionalDependency:(s: {brewery_id}, t: {state})]", 0.0), operator: *, right: (1.0, 1.0), result: 0.0})
now error: 0.0
Block processing time: 0.025199 seconds
Computing Block 487 out of 560
Processing Block size=2
begin cleaner{left: ("[FunctionalDependency:(s: {brewery_id}, t: {state})]", 0.0), operator: *, right: (1.0, 1.0), result: 0.0}
列 'p' 不存在，对列 state 不过滤，直接选择所有非无效值。
Block processing time: 0.001775 seconds
Computing Block 489 out of 560
Processing Block size=8
begin cleaner{left: ("[FunctionalDependency:(s: {brewery_id}, t: {state})]", 0.0), operator: *, right: (1.0, 1.0), result: 0.0}
列 'p' 不存在，对列 state 不过滤，直接选择所有非无效值。
Block processing time: 0.008378 seconds
Computing Block 491 out of 560
Processing Block size=7
begin cleaner{left: ("[FunctionalDependency:(s: {brewery_id}, t: {state})]", 0.0), operator: *, right: (1.0, 1.0), result: 0.0}
列 'p' 不存在，对列 state 不过滤，直接选择所有非无效值。
Block processing time: 0.005505 seconds
Computing Block 492 out of 560
Processing Block size=3
begin cleaner{left: ("[FunctionalDependency:(s: {brewery_id}, t: {state})]", 0.0), operator: *, right: (1.0, 1.0), result: 0.0}
列 'p' 不存在，对列 state 不过滤，直接选择所有非无效值。
Block processing time: 0.002434 seconds
Computing Block 493 out of 560
Processing Block size=8
begin cleaner{left: ("[FunctionalDependency:(s: {brewery_id}, t: {state})]", 0.0), operator: *, right: (1.0, 1.0), result: 0.0}
列 'p' 不存在，对列 state 不过滤，直接选择所有非无效值。
Block processing time: 0.007139 seconds
Computing Block 494 out of 560
Processing Block size=23
begin cleaner{left: ("[FunctionalDependency:(s: {brewery_id}, t: {state})]", 0.0), operator: *, right: (1.0, 1.0), result: 0.0}
列 'p' 不存在，对列 state 不过滤，直接选择所有非无效值。
clean_bool length:2
newest best op: Uniop(df,'state','OR',(['brewery_id'], {('80',)}),{left: ("[FunctionalDependency:(s: {brewery_id}, t: {state})]", 0.0), operator: *, right: (1.0, 1.0), result: 0.0})
now error: 0.0
Block processing time: 0.036725 seconds
Computing Block 495 out of 560
Processing Block size=5
begin cleaner{left: ("[FunctionalDependency:(s: {brewery_id}, t: {state})]", 0.0), operator: *, right: (1.0, 1.0), result: 0.0}
列 'p' 不存在，对列 state 不过滤，直接选择所有非无效值。
clean_bool length:2
newest best op: Uniop(df,'state','PA',(['brewery_id'], {('97',)}),{left: ("[FunctionalDependency:(s: {brewery_id}, t: {state})]", 0.0), operator: *, right: (1.0, 1.0), result: 0.0})
now error: 0.0
Block processing time: 0.011343 seconds
Computing Block 496 out of 560
Processing Block size=2
begin cleaner{left: ("[FunctionalDependency:(s: {brewery_id}, t: {state})]", 0.0), operator: *, right: (1.0, 1.0), result: 0.0}
列 'p' 不存在，对列 state 不过滤，直接选择所有非无效值。
clean_bool length:2
newest best op: Uniop(df,'state','MA',(['brewery_id'], {('178',)}),{left: ("[FunctionalDependency:(s: {brewery_id}, t: {state})]", 0.0), operator: *, right: (1.0, 1.0), result: 0.0})
now error: 0.0
Block processing time: 0.003906 seconds
Computing Block 497 out of 560
Processing Block size=2
begin cleaner{left: ("[FunctionalDependency:(s: {brewery_id}, t: {state})]", 0.0), operator: *, right: (1.0, 1.0), result: 0.0}
列 'p' 不存在，对列 state 不过滤，直接选择所有非无效值。
Block processing time: 0.001658 seconds
Computing Block 498 out of 560
Processing Block size=4
begin cleaner{left: ("[FunctionalDependency:(s: {brewery_id}, t: {state})]", 0.0), operator: *, right: (1.0, 1.0), result: 0.0}
列 'p' 不存在，对列 state 不过滤，直接选择所有非无效值。
Block processing time: 0.00333 seconds
Computing Block 499 out of 560
Processing Block size=3
begin cleaner{left: ("[FunctionalDependency:(s: {brewery_id}, t: {state})]", 0.0), operator: *, right: (1.0, 1.0), result: 0.0}
列 'p' 不存在，对列 state 不过滤，直接选择所有非无效值。
Block processing time: 0.003993 seconds
Computing Block 501 out of 560
Processing Block size=4
begin cleaner{left: ("[FunctionalDependency:(s: {brewery_id}, t: {state})]", 0.0), operator: *, right: (1.0, 1.0), result: 0.0}
列 'p' 不存在，对列 state 不过滤，直接选择所有非无效值。
Block processing time: 0.004031 seconds
Computing Block 504 out of 560
Processing Block size=2
begin cleaner{left: ("[FunctionalDependency:(s: {brewery_id}, t: {state})]", 0.0), operator: *, right: (1.0, 1.0), result: 0.0}
列 'p' 不存在，对列 state 不过滤，直接选择所有非无效值。
Block processing time: 0.001779 seconds
Computing Block 505 out of 560
Processing Block size=4
begin cleaner{left: ("[FunctionalDependency:(s: {brewery_id}, t: {state})]", 0.0), operator: *, right: (1.0, 1.0), result: 0.0}
列 'p' 不存在，对列 state 不过滤，直接选择所有非无效值。
clean_bool length:2
newest best op: Uniop(df,'state','CA',(['brewery_id'], {('491',)}),{left: ("[FunctionalDependency:(s: {brewery_id}, t: {state})]", 0.0), operator: *, right: (1.0, 1.0), result: 0.0})
now error: 0.0
Block processing time: 0.007744 seconds
Computing Block 507 out of 560
Processing Block size=4
begin cleaner{left: ("[FunctionalDependency:(s: {brewery_id}, t: {state})]", 0.0), operator: *, right: (1.0, 1.0), result: 0.0}
列 'p' 不存在，对列 state 不过滤，直接选择所有非无效值。
clean_bool length:2
newest best op: Uniop(df,'state','CO',(['brewery_id'], {('391',)}),{left: ("[FunctionalDependency:(s: {brewery_id}, t: {state})]", 0.0), operator: *, right: (1.0, 1.0), result: 0.0})
now error: 0.0
Block processing time: 0.007591 seconds
Computing Block 508 out of 560
Processing Block size=2
begin cleaner{left: ("[FunctionalDependency:(s: {brewery_id}, t: {state})]", 0.0), operator: *, right: (1.0, 1.0), result: 0.0}
列 'p' 不存在，对列 state 不过滤，直接选择所有非无效值。
Block processing time: 0.00189 seconds
Computing Block 509 out of 560
Processing Block size=4
begin cleaner{left: ("[FunctionalDependency:(s: {brewery_id}, t: {state})]", 0.0), operator: *, right: (1.0, 1.0), result: 0.0}
列 'p' 不存在，对列 state 不过滤，直接选择所有非无效值。
Block processing time: 0.003344 seconds
Computing Block 511 out of 560
Processing Block size=3
begin cleaner{left: ("[FunctionalDependency:(s: {brewery_id}, t: {state})]", 0.0), operator: *, right: (1.0, 1.0), result: 0.0}
列 'p' 不存在，对列 state 不过滤，直接选择所有非无效值。
Block processing time: 0.002413 seconds
Computing Block 512 out of 560
Processing Block size=3
begin cleaner{left: ("[FunctionalDependency:(s: {brewery_id}, t: {state})]", 0.0), operator: *, right: (1.0, 1.0), result: 0.0}
列 'p' 不存在，对列 state 不过滤，直接选择所有非无效值。
Block processing time: 0.002549 seconds
Computing Block 513 out of 560
Processing Block size=12
begin cleaner{left: ("[FunctionalDependency:(s: {brewery_id}, t: {state})]", 0.0), operator: *, right: (1.0, 1.0), result: 0.0}
列 'p' 不存在，对列 state 不过滤，直接选择所有非无效值。
clean_bool length:2
newest best op: Uniop(df,'state','MA',(['brewery_id'], {('234',)}),{left: ("[FunctionalDependency:(s: {brewery_id}, t: {state})]", 0.0), operator: *, right: (1.0, 1.0), result: 0.0})
now error: 0.0
Block processing time: 0.019212 seconds
Computing Block 514 out of 560
Processing Block size=8
begin cleaner{left: ("[FunctionalDependency:(s: {brewery_id}, t: {state})]", 0.0), operator: *, right: (1.0, 1.0), result: 0.0}
列 'p' 不存在，对列 state 不过滤，直接选择所有非无效值。
Block processing time: 0.006245 seconds
Computing Block 517 out of 560
Processing Block size=2
begin cleaner{left: ("[FunctionalDependency:(s: {brewery_id}, t: {state})]", 0.0), operator: *, right: (1.0, 1.0), result: 0.0}
列 'p' 不存在，对列 state 不过滤，直接选择所有非无效值。
clean_bool length:2
newest best op: Uniop(df,'state','NH',(['brewery_id'], {('109',)}),{left: ("[FunctionalDependency:(s: {brewery_id}, t: {state})]", 0.0), operator: *, right: (1.0, 1.0), result: 0.0})
now error: 0.0
Block processing time: 0.00416 seconds
Computing Block 519 out of 560
Processing Block size=3
begin cleaner{left: ("[FunctionalDependency:(s: {brewery_id}, t: {state})]", 0.0), operator: *, right: (1.0, 1.0), result: 0.0}
列 'p' 不存在，对列 state 不过滤，直接选择所有非无效值。
clean_bool length:2
newest best op: Uniop(df,'state','NC',(['brewery_id'], {('528',)}),{left: ("[FunctionalDependency:(s: {brewery_id}, t: {state})]", 0.0), operator: *, right: (1.0, 1.0), result: 0.0})
now error: 0.0
Block processing time: 0.005285 seconds
Computing Block 520 out of 560
Processing Block size=18
begin cleaner{left: ("[FunctionalDependency:(s: {brewery_id}, t: {state})]", 0.0), operator: *, right: (1.0, 1.0), result: 0.0}
列 'p' 不存在，对列 state 不过滤，直接选择所有非无效值。
clean_bool length:2
newest best op: Uniop(df,'state','KS',(['brewery_id'], {('45',)}),{left: ("[FunctionalDependency:(s: {brewery_id}, t: {state})]", 0.0), operator: *, right: (1.0, 1.0), result: 0.0})
now error: 0.0
Block processing time: 0.027627 seconds
Computing Block 523 out of 560
Processing Block size=5
begin cleaner{left: ("[FunctionalDependency:(s: {brewery_id}, t: {state})]", 0.0), operator: *, right: (1.0, 1.0), result: 0.0}
列 'p' 不存在，对列 state 不过滤，直接选择所有非无效值。
Block processing time: 0.004264 seconds
Computing Block 524 out of 560
Processing Block size=6
begin cleaner{left: ("[FunctionalDependency:(s: {brewery_id}, t: {state})]", 0.0), operator: *, right: (1.0, 1.0), result: 0.0}
列 'p' 不存在，对列 state 不过滤，直接选择所有非无效值。
Block processing time: 0.00483 seconds
Computing Block 525 out of 560
Processing Block size=12
begin cleaner{left: ("[FunctionalDependency:(s: {brewery_id}, t: {state})]", 0.0), operator: *, right: (1.0, 1.0), result: 0.0}
列 'p' 不存在，对列 state 不过滤，直接选择所有非无效值。
clean_bool length:2
newest best op: Uniop(df,'state','CO',(['brewery_id'], {('264',)}),{left: ("[FunctionalDependency:(s: {brewery_id}, t: {state})]", 0.0), operator: *, right: (1.0, 1.0), result: 0.0})
now error: 0.0
Block processing time: 0.018754 seconds
Computing Block 526 out of 560
Processing Block size=5
begin cleaner{left: ("[FunctionalDependency:(s: {brewery_id}, t: {state})]", 0.0), operator: *, right: (1.0, 1.0), result: 0.0}
列 'p' 不存在，对列 state 不过滤，直接选择所有非无效值。
Block processing time: 0.003974 seconds
Computing Block 527 out of 560
Processing Block size=5
begin cleaner{left: ("[FunctionalDependency:(s: {brewery_id}, t: {state})]", 0.0), operator: *, right: (1.0, 1.0), result: 0.0}
列 'p' 不存在，对列 state 不过滤，直接选择所有非无效值。
clean_bool length:2
newest best op: Uniop(df,'state','IL',(['brewery_id'], {('88',)}),{left: ("[FunctionalDependency:(s: {brewery_id}, t: {state})]", 0.0), operator: *, right: (1.0, 1.0), result: 0.0})
now error: 0.0
Block processing time: 0.008237 seconds
Computing Block 528 out of 560
Processing Block size=5
begin cleaner{left: ("[FunctionalDependency:(s: {brewery_id}, t: {state})]", 0.0), operator: *, right: (1.0, 1.0), result: 0.0}
列 'p' 不存在，对列 state 不过滤，直接选择所有非无效值。
clean_bool length:2
newest best op: Uniop(df,'state','MT',(['brewery_id'], {('537',)}),{left: ("[FunctionalDependency:(s: {brewery_id}, t: {state})]", 0.0), operator: *, right: (1.0, 1.0), result: 0.0})
now error: 0.0
Block processing time: 0.007574 seconds
Computing Block 529 out of 560
Processing Block size=3
begin cleaner{left: ("[FunctionalDependency:(s: {brewery_id}, t: {state})]", 0.0), operator: *, right: (1.0, 1.0), result: 0.0}
列 'p' 不存在，对列 state 不过滤，直接选择所有非无效值。
clean_bool length:2
newest best op: Uniop(df,'state','CA',(['brewery_id'], {('280',)}),{left: ("[FunctionalDependency:(s: {brewery_id}, t: {state})]", 0.0), operator: *, right: (1.0, 1.0), result: 0.0})
now error: 0.0
Block processing time: 0.00497 seconds
Computing Block 530 out of 560
Processing Block size=2
begin cleaner{left: ("[FunctionalDependency:(s: {brewery_id}, t: {state})]", 0.0), operator: *, right: (1.0, 1.0), result: 0.0}
列 'p' 不存在，对列 state 不过滤，直接选择所有非无效值。
Block processing time: 0.001559 seconds
Computing Block 534 out of 560
Processing Block size=3
begin cleaner{left: ("[FunctionalDependency:(s: {brewery_id}, t: {state})]", 0.0), operator: *, right: (1.0, 1.0), result: 0.0}
列 'p' 不存在，对列 state 不过滤，直接选择所有非无效值。
Block processing time: 0.00221 seconds
Computing Block 535 out of 560
Processing Block size=3
begin cleaner{left: ("[FunctionalDependency:(s: {brewery_id}, t: {state})]", 0.0), operator: *, right: (1.0, 1.0), result: 0.0}
列 'p' 不存在，对列 state 不过滤，直接选择所有非无效值。
Block processing time: 0.002276 seconds
Computing Block 536 out of 560
Processing Block size=3
begin cleaner{left: ("[FunctionalDependency:(s: {brewery_id}, t: {state})]", 0.0), operator: *, right: (1.0, 1.0), result: 0.0}
列 'p' 不存在，对列 state 不过滤，直接选择所有非无效值。
Block processing time: 0.002273 seconds
Computing Block 537 out of 560
Processing Block size=7
begin cleaner{left: ("[FunctionalDependency:(s: {brewery_id}, t: {state})]", 0.0), operator: *, right: (1.0, 1.0), result: 0.0}
列 'p' 不存在，对列 state 不过滤，直接选择所有非无效值。
clean_bool length:2
newest best op: Uniop(df,'state','IL',(['brewery_id'], {('57',)}),{left: ("[FunctionalDependency:(s: {brewery_id}, t: {state})]", 0.0), operator: *, right: (1.0, 1.0), result: 0.0})
now error: 0.0
Block processing time: 0.010685 seconds
Computing Block 538 out of 560
Processing Block size=3
begin cleaner{left: ("[FunctionalDependency:(s: {brewery_id}, t: {state})]", 0.0), operator: *, right: (1.0, 1.0), result: 0.0}
列 'p' 不存在，对列 state 不过滤，直接选择所有非无效值。
Block processing time: 0.002421 seconds
Computing Block 539 out of 560
Processing Block size=2
begin cleaner{left: ("[FunctionalDependency:(s: {brewery_id}, t: {state})]", 0.0), operator: *, right: (1.0, 1.0), result: 0.0}
列 'p' 不存在，对列 state 不过滤，直接选择所有非无效值。
Block processing time: 0.00162 seconds
Computing Block 540 out of 560
Processing Block size=3
begin cleaner{left: ("[FunctionalDependency:(s: {brewery_id}, t: {state})]", 0.0), operator: *, right: (1.0, 1.0), result: 0.0}
列 'p' 不存在，对列 state 不过滤，直接选择所有非无效值。
Block processing time: 0.002264 seconds
Computing Block 542 out of 560
Processing Block size=3
begin cleaner{left: ("[FunctionalDependency:(s: {brewery_id}, t: {state})]", 0.0), operator: *, right: (1.0, 1.0), result: 0.0}
列 'p' 不存在，对列 state 不过滤，直接选择所有非无效值。
Block processing time: 0.002273 seconds
Computing Block 543 out of 560
Processing Block size=2
begin cleaner{left: ("[FunctionalDependency:(s: {brewery_id}, t: {state})]", 0.0), operator: *, right: (1.0, 1.0), result: 0.0}
列 'p' 不存在，对列 state 不过滤，直接选择所有非无效值。
Block processing time: 0.001681 seconds
Computing Block 544 out of 560
Processing Block size=7
begin cleaner{left: ("[FunctionalDependency:(s: {brewery_id}, t: {state})]", 0.0), operator: *, right: (1.0, 1.0), result: 0.0}
列 'p' 不存在，对列 state 不过滤，直接选择所有非无效值。
Block processing time: 0.005338 seconds
Computing Block 546 out of 560
Processing Block size=4
WARNING:root:No partitioning rule specified, processing might be slow
begin cleaner{left: ("[FunctionalDependency:(s: {brewery_id}, t: {state})]", 0.0), operator: *, right: (1.0, 1.0), result: 0.0}
列 'p' 不存在，对列 state 不过滤，直接选择所有非无效值。
clean_bool length:2
newest best op: Uniop(df,'state','PA',(['brewery_id'], {('298',)}),{left: ("[FunctionalDependency:(s: {brewery_id}, t: {state})]", 0.0), operator: *, right: (1.0, 1.0), result: 0.0})
now error: 0.0
Block processing time: 0.006652 seconds
Computing Block 548 out of 560
Processing Block size=4
begin cleaner{left: ("[FunctionalDependency:(s: {brewery_id}, t: {state})]", 0.0), operator: *, right: (1.0, 1.0), result: 0.0}
列 'p' 不存在，对列 state 不过滤，直接选择所有非无效值。
Block processing time: 0.003059 seconds
Computing Block 549 out of 560
Processing Block size=2
begin cleaner{left: ("[FunctionalDependency:(s: {brewery_id}, t: {state})]", 0.0), operator: *, right: (1.0, 1.0), result: 0.0}
列 'p' 不存在，对列 state 不过滤，直接选择所有非无效值。
Block processing time: 0.001559 seconds
Computing Block 550 out of 560
Processing Block size=3
begin cleaner{left: ("[FunctionalDependency:(s: {brewery_id}, t: {state})]", 0.0), operator: *, right: (1.0, 1.0), result: 0.0}
列 'p' 不存在，对列 state 不过滤，直接选择所有非无效值。
Block processing time: 0.002259 seconds
Computing Block 551 out of 560
Processing Block size=3
begin cleaner{left: ("[FunctionalDependency:(s: {brewery_id}, t: {state})]", 0.0), operator: *, right: (1.0, 1.0), result: 0.0}
列 'p' 不存在，对列 state 不过滤，直接选择所有非无效值。
Block processing time: 0.002312 seconds
Computing Block 552 out of 560
Processing Block size=6
begin cleaner{left: ("[FunctionalDependency:(s: {brewery_id}, t: {state})]", 0.0), operator: *, right: (1.0, 1.0), result: 0.0}
列 'p' 不存在，对列 state 不过滤，直接选择所有非无效值。
Block processing time: 0.004492 seconds
Computing Block 553 out of 560
Processing Block size=2
begin cleaner{left: ("[FunctionalDependency:(s: {brewery_id}, t: {state})]", 0.0), operator: *, right: (1.0, 1.0), result: 0.0}
列 'p' 不存在，对列 state 不过滤，直接选择所有非无效值。
Block processing time: 0.001627 seconds
Computing Block 554 out of 560
Processing Block size=8
begin cleaner{left: ("[FunctionalDependency:(s: {brewery_id}, t: {state})]", 0.0), operator: *, right: (1.0, 1.0), result: 0.0}
列 'p' 不存在，对列 state 不过滤，直接选择所有非无效值。
Block processing time: 0.006412 seconds
Computing Block 556 out of 560
Processing Block size=2
begin cleaner{left: ("[FunctionalDependency:(s: {brewery_id}, t: {state})]", 0.0), operator: *, right: (1.0, 1.0), result: 0.0}
列 'p' 不存在，对列 state 不过滤，直接选择所有非无效值。
Block processing time: 0.001694 seconds
Computing Block 557 out of 560
Processing Block size=4
begin cleaner{left: ("[FunctionalDependency:(s: {brewery_id}, t: {state})]", 0.0), operator: *, right: (1.0, 1.0), result: 0.0}
列 'p' 不存在，对列 state 不过滤，直接选择所有非无效值。
Block processing time: 0.003111 seconds
Computing Block 559 out of 560
Processing Block size=13
begin cleaner{left: ("[FunctionalDependency:(s: {brewery_id}, t: {state})]", 0.0), operator: *, right: (1.0, 1.0), result: 0.0}
列 'p' 不存在，对列 state 不过滤，直接选择所有非无效值。
clean_bool length:2
newest best op: Uniop(df,'state','CO',(['brewery_id'], {('503',)}),{left: ("[FunctionalDependency:(s: {brewery_id}, t: {state})]", 0.0), operator: *, right: (1.0, 1.0), result: 0.0})
now error: 0.0
Block processing time: 0.020545 seconds
Computing Block 560 out of 560
Processing Block size=7
begin cleaner{left: ("[FunctionalDependency:(s: {brewery_id}, t: {state})]", 0.0), operator: *, right: (1.0, 1.0), result: 0.0}
列 'p' 不存在，对列 state 不过滤，直接选择所有非无效值。
Block processing time: 0.005479 seconds
  当前节点: state 有 103 个清洗操作
['brewery_name', 'city', 'state']的清洗完成

本层累积的编辑规则数: 206
读入数据大小：2410
处理了 206 条规则，更新数据...
所有编辑规则已更新完成

处理第 1 层级, 包含节点: ['brewery_id']
  跳过已清洗结束的节点: brewery_id
['brewery_id']的清洗完成

本层累积的编辑规则数: 0
本层没有可以进行的清洗操作，进行下一层

处理第 2 层级, 包含节点: ['brewery_name', 'city', 'state']
  跳过已清洗结束的节点: brewery_name
  当前节点: city 存在可用清洗信号
数据块大小: 2410
分块属性:
[['brewery_id']]
Starting initial block mapping...
Initial number of blocks: 560
Final number of blocks after further splitting: 560
Computing Block 1 out of 560
Processing Block size=8
begin cleaner[FunctionalDependency:(s: {'brewery_id'}, t: {'city'})]*1.0
列 'p' 不存在，对列 city 不过滤，直接选择所有非无效值。
Block processing time: 0.006347 seconds
Computing Block 2 out of 560
Processing Block size=5
begin cleaner{left: ("[FunctionalDependency:(s: {brewery_id}, t: {city})]", 0.0), operator: *, right: (1.0, 1.0), result: 0.0}
列 'p' 不存在，对列 city 不过滤，直接选择所有非无效值。
Block processing time: 0.003967 seconds
Computing Block 3 out of 560
Processing Block size=19
begin cleaner{left: ("[FunctionalDependency:(s: {brewery_id}, t: {city})]", 0.0), operator: *, right: (1.0, 1.0), result: 0.0}
列 'p' 不存在，对列 city 不过滤，直接选择所有非无效值。
Block processing time: 0.014366 seconds
Computing Block 4 out of 560
Processing Block size=2
begin cleaner{left: ("[FunctionalDependency:(s: {brewery_id}, t: {city})]", 0.0), operator: *, right: (1.0, 1.0), result: 0.0}
列 'p' 不存在，对列 city 不过滤，直接选择所有非无效值。
Block processing time: 0.001644 seconds
Computing Block 5 out of 560
Processing Block size=4
begin cleaner{left: ("[FunctionalDependency:(s: {brewery_id}, t: {city})]", 0.0), operator: *, right: (1.0, 1.0), result: 0.0}
列 'p' 不存在，对列 city 不过滤，直接选择所有非无效值。
Block processing time: 0.003094 seconds
Computing Block 6 out of 560
Processing Block size=2
begin cleaner{left: ("[FunctionalDependency:(s: {brewery_id}, t: {city})]", 0.0), operator: *, right: (1.0, 1.0), result: 0.0}
列 'p' 不存在，对列 city 不过滤，直接选择所有非无效值。
Block processing time: 0.001604 seconds
Computing Block 7 out of 560
Processing Block size=4
begin cleaner{left: ("[FunctionalDependency:(s: {brewery_id}, t: {city})]", 0.0), operator: *, right: (1.0, 1.0), result: 0.0}
列 'p' 不存在，对列 city 不过滤，直接选择所有非无效值。
Block processing time: 0.00311 seconds
Computing Block 8 out of 560
Processing Block size=2
begin cleaner{left: ("[FunctionalDependency:(s: {brewery_id}, t: {city})]", 0.0), operator: *, right: (1.0, 1.0), result: 0.0}
列 'p' 不存在，对列 city 不过滤，直接选择所有非无效值。
Block processing time: 0.001629 seconds
Computing Block 11 out of 560
Processing Block size=6
begin cleaner{left: ("[FunctionalDependency:(s: {brewery_id}, t: {city})]", 0.0), operator: *, right: (1.0, 1.0), result: 0.0}
列 'p' 不存在，对列 city 不过滤，直接选择所有非无效值。
Block processing time: 0.004669 seconds
Computing Block 12 out of 560
Processing Block size=3
begin cleaner{left: ("[FunctionalDependency:(s: {brewery_id}, t: {city})]", 0.0), operator: *, right: (1.0, 1.0), result: 0.0}
列 'p' 不存在，对列 city 不过滤，直接选择所有非无效值。
Block processing time: 0.00241 seconds
Computing Block 15 out of 560
Processing Block size=5
begin cleaner{left: ("[FunctionalDependency:(s: {brewery_id}, t: {city})]", 0.0), operator: *, right: (1.0, 1.0), result: 0.0}
列 'p' 不存在，对列 city 不过滤，直接选择所有非无效值。
Block processing time: 0.003732 seconds
Computing Block 17 out of 560
Processing Block size=2
begin cleaner{left: ("[FunctionalDependency:(s: {brewery_id}, t: {city})]", 0.0), operator: *, right: (1.0, 1.0), result: 0.0}
列 'p' 不存在，对列 city 不过滤，直接选择所有非无效值。
Block processing time: 0.001594 seconds
Computing Block 18 out of 560
Processing Block size=3
begin cleaner{left: ("[FunctionalDependency:(s: {brewery_id}, t: {city})]", 0.0), operator: *, right: (1.0, 1.0), result: 0.0}
列 'p' 不存在，对列 city 不过滤，直接选择所有非无效值。
Block processing time: 0.002268 seconds
Computing Block 19 out of 560
Processing Block size=3
begin cleaner{left: ("[FunctionalDependency:(s: {brewery_id}, t: {city})]", 0.0), operator: *, right: (1.0, 1.0), result: 0.0}
列 'p' 不存在，对列 city 不过滤，直接选择所有非无效值。
Block processing time: 0.002258 seconds
Computing Block 21 out of 560
Processing Block size=5
begin cleaner{left: ("[FunctionalDependency:(s: {brewery_id}, t: {city})]", 0.0), operator: *, right: (1.0, 1.0), result: 0.0}
列 'p' 不存在，对列 city 不过滤，直接选择所有非无效值。
Block processing time: 0.003872 seconds
Computing Block 24 out of 560
Processing Block size=17
begin cleaner{left: ("[FunctionalDependency:(s: {brewery_id}, t: {city})]", 0.0), operator: *, right: (1.0, 1.0), result: 0.0}
列 'p' 不存在，对列 city 不过滤，直接选择所有非无效值。
Block processing time: 0.012561 seconds
Computing Block 25 out of 560
Processing Block size=7
begin cleaner{left: ("[FunctionalDependency:(s: {brewery_id}, t: {city})]", 0.0), operator: *, right: (1.0, 1.0), result: 0.0}
列 'p' 不存在，对列 city 不过滤，直接选择所有非无效值。
Block processing time: 0.00515 seconds
Computing Block 26 out of 560
Processing Block size=5
begin cleaner{left: ("[FunctionalDependency:(s: {brewery_id}, t: {city})]", 0.0), operator: *, right: (1.0, 1.0), result: 0.0}
列 'p' 不存在，对列 city 不过滤，直接选择所有非无效值。
Block processing time: 0.003934 seconds
Computing Block 27 out of 560
Processing Block size=3
begin cleaner{left: ("[FunctionalDependency:(s: {brewery_id}, t: {city})]", 0.0), operator: *, right: (1.0, 1.0), result: 0.0}
列 'p' 不存在，对列 city 不过滤，直接选择所有非无效值。
Block processing time: 0.002401 seconds
Computing Block 28 out of 560
Processing Block size=8
begin cleaner{left: ("[FunctionalDependency:(s: {brewery_id}, t: {city})]", 0.0), operator: *, right: (1.0, 1.0), result: 0.0}
列 'p' 不存在，对列 city 不过滤，直接选择所有非无效值。
Block processing time: 0.006269 seconds
Computing Block 30 out of 560
Processing Block size=2
begin cleaner{left: ("[FunctionalDependency:(s: {brewery_id}, t: {city})]", 0.0), operator: *, right: (1.0, 1.0), result: 0.0}
列 'p' 不存在，对列 city 不过滤，直接选择所有非无效值。
Block processing time: 0.00174 seconds
Computing Block 31 out of 560
Processing Block size=62
begin cleaner{left: ("[FunctionalDependency:(s: {brewery_id}, t: {city})]", 0.0), operator: *, right: (1.0, 1.0), result: 0.0}
列 'p' 不存在，对列 city 不过滤，直接选择所有非无效值。
Block processing time: 0.046226 seconds
Computing Block 32 out of 560
Processing Block size=6
begin cleaner{left: ("[FunctionalDependency:(s: {brewery_id}, t: {city})]", 0.0), operator: *, right: (1.0, 1.0), result: 0.0}
列 'p' 不存在，对列 city 不过滤，直接选择所有非无效值。
Block processing time: 0.004445 seconds
Computing Block 33 out of 560
Processing Block size=4
begin cleaner{left: ("[FunctionalDependency:(s: {brewery_id}, t: {city})]", 0.0), operator: *, right: (1.0, 1.0), result: 0.0}
列 'p' 不存在，对列 city 不过滤，直接选择所有非无效值。
Block processing time: 0.002985 seconds
Computing Block 34 out of 560
Processing Block size=6
begin cleaner{left: ("[FunctionalDependency:(s: {brewery_id}, t: {city})]", 0.0), operator: *, right: (1.0, 1.0), result: 0.0}
列 'p' 不存在，对列 city 不过滤，直接选择所有非无效值。
Block processing time: 0.00495 seconds
Computing Block 35 out of 560
Processing Block size=3
begin cleaner{left: ("[FunctionalDependency:(s: {brewery_id}, t: {city})]", 0.0), operator: *, right: (1.0, 1.0), result: 0.0}
列 'p' 不存在，对列 city 不过滤，直接选择所有非无效值。
Block processing time: 0.002417 seconds
Computing Block 36 out of 560
Processing Block size=2
begin cleaner{left: ("[FunctionalDependency:(s: {brewery_id}, t: {city})]", 0.0), operator: *, right: (1.0, 1.0), result: 0.0}
列 'p' 不存在，对列 city 不过滤，直接选择所有非无效值。
Block processing time: 0.001603 seconds
Computing Block 37 out of 560
Processing Block size=11
begin cleaner{left: ("[FunctionalDependency:(s: {brewery_id}, t: {city})]", 0.0), operator: *, right: (1.0, 1.0), result: 0.0}
列 'p' 不存在，对列 city 不过滤，直接选择所有非无效值。
Block processing time: 0.007979 seconds
Computing Block 38 out of 560
Processing Block size=3
begin cleaner{left: ("[FunctionalDependency:(s: {brewery_id}, t: {city})]", 0.0), operator: *, right: (1.0, 1.0), result: 0.0}
列 'p' 不存在，对列 city 不过滤，直接选择所有非无效值。
Block processing time: 0.002292 seconds
Computing Block 39 out of 560
Processing Block size=3
begin cleaner{left: ("[FunctionalDependency:(s: {brewery_id}, t: {city})]", 0.0), operator: *, right: (1.0, 1.0), result: 0.0}
列 'p' 不存在，对列 city 不过滤，直接选择所有非无效值。
Block processing time: 0.002292 seconds
Computing Block 40 out of 560
Processing Block size=3
begin cleaner{left: ("[FunctionalDependency:(s: {brewery_id}, t: {city})]", 0.0), operator: *, right: (1.0, 1.0), result: 0.0}
列 'p' 不存在，对列 city 不过滤，直接选择所有非无效值。
Block processing time: 0.002223 seconds
Computing Block 43 out of 560
Processing Block size=12
begin cleaner{left: ("[FunctionalDependency:(s: {brewery_id}, t: {city})]", 0.0), operator: *, right: (1.0, 1.0), result: 0.0}
列 'p' 不存在，对列 city 不过滤，直接选择所有非无效值。
Block processing time: 0.008868 seconds
Computing Block 44 out of 560
Processing Block size=5
begin cleaner{left: ("[FunctionalDependency:(s: {brewery_id}, t: {city})]", 0.0), operator: *, right: (1.0, 1.0), result: 0.0}
列 'p' 不存在，对列 city 不过滤，直接选择所有非无效值。
Block processing time: 0.003618 seconds
Computing Block 46 out of 560
Processing Block size=8
begin cleaner{left: ("[FunctionalDependency:(s: {brewery_id}, t: {city})]", 0.0), operator: *, right: (1.0, 1.0), result: 0.0}
列 'p' 不存在，对列 city 不过滤，直接选择所有非无效值。
Block processing time: 0.005812 seconds
Computing Block 47 out of 560
Processing Block size=9
begin cleaner{left: ("[FunctionalDependency:(s: {brewery_id}, t: {city})]", 0.0), operator: *, right: (1.0, 1.0), result: 0.0}
列 'p' 不存在，对列 city 不过滤，直接选择所有非无效值。
Block processing time: 0.006457 seconds
Computing Block 48 out of 560
Processing Block size=2
begin cleaner{left: ("[FunctionalDependency:(s: {brewery_id}, t: {city})]", 0.0), operator: *, right: (1.0, 1.0), result: 0.0}
列 'p' 不存在，对列 city 不过滤，直接选择所有非无效值。
Block processing time: 0.001572 seconds
Computing Block 50 out of 560
Processing Block size=3
begin cleaner{left: ("[FunctionalDependency:(s: {brewery_id}, t: {city})]", 0.0), operator: *, right: (1.0, 1.0), result: 0.0}
列 'p' 不存在，对列 city 不过滤，直接选择所有非无效值。
Block processing time: 0.002281 seconds
Computing Block 51 out of 560
Processing Block size=4
begin cleaner{left: ("[FunctionalDependency:(s: {brewery_id}, t: {city})]", 0.0), operator: *, right: (1.0, 1.0), result: 0.0}
列 'p' 不存在，对列 city 不过滤，直接选择所有非无效值。
Block processing time: 0.003105 seconds
Computing Block 53 out of 560
Processing Block size=3
begin cleaner{left: ("[FunctionalDependency:(s: {brewery_id}, t: {city})]", 0.0), operator: *, right: (1.0, 1.0), result: 0.0}
列 'p' 不存在，对列 city 不过滤，直接选择所有非无效值。
Block processing time: 0.002276 seconds
Computing Block 54 out of 560
Processing Block size=2
begin cleaner{left: ("[FunctionalDependency:(s: {brewery_id}, t: {city})]", 0.0), operator: *, right: (1.0, 1.0), result: 0.0}
列 'p' 不存在，对列 city 不过滤，直接选择所有非无效值。
Block processing time: 0.001511 seconds
Computing Block 56 out of 560
Processing Block size=11
begin cleaner{left: ("[FunctionalDependency:(s: {brewery_id}, t: {city})]", 0.0), operator: *, right: (1.0, 1.0), result: 0.0}
列 'p' 不存在，对列 city 不过滤，直接选择所有非无效值。
Block processing time: 0.007907 seconds
Computing Block 57 out of 560
Processing Block size=3
begin cleaner{left: ("[FunctionalDependency:(s: {brewery_id}, t: {city})]", 0.0), operator: *, right: (1.0, 1.0), result: 0.0}
列 'p' 不存在，对列 city 不过滤，直接选择所有非无效值。
Block processing time: 0.002231 seconds
Computing Block 58 out of 560
Processing Block size=24
begin cleaner{left: ("[FunctionalDependency:(s: {brewery_id}, t: {city})]", 0.0), operator: *, right: (1.0, 1.0), result: 0.0}
列 'p' 不存在，对列 city 不过滤，直接选择所有非无效值。
Block processing time: 0.01708 seconds
Computing Block 59 out of 560
Processing Block size=2
begin cleaner{left: ("[FunctionalDependency:(s: {brewery_id}, t: {city})]", 0.0), operator: *, right: (1.0, 1.0), result: 0.0}
列 'p' 不存在，对列 city 不过滤，直接选择所有非无效值。
Block processing time: 0.001513 seconds
Computing Block 61 out of 560
Processing Block size=4
begin cleaner{left: ("[FunctionalDependency:(s: {brewery_id}, t: {city})]", 0.0), operator: *, right: (1.0, 1.0), result: 0.0}
列 'p' 不存在，对列 city 不过滤，直接选择所有非无效值。
Block processing time: 0.002908 seconds
Computing Block 62 out of 560
Processing Block size=9
begin cleaner{left: ("[FunctionalDependency:(s: {brewery_id}, t: {city})]", 0.0), operator: *, right: (1.0, 1.0), result: 0.0}
列 'p' 不存在，对列 city 不过滤，直接选择所有非无效值。
Block processing time: 0.006436 seconds
Computing Block 63 out of 560
Processing Block size=13
begin cleaner{left: ("[FunctionalDependency:(s: {brewery_id}, t: {city})]", 0.0), operator: *, right: (1.0, 1.0), result: 0.0}
列 'p' 不存在，对列 city 不过滤，直接选择所有非无效值。
Block processing time: 0.009236 seconds
Computing Block 64 out of 560
Processing Block size=2
begin cleaner{left: ("[FunctionalDependency:(s: {brewery_id}, t: {city})]", 0.0), operator: *, right: (1.0, 1.0), result: 0.0}
列 'p' 不存在，对列 city 不过滤，直接选择所有非无效值。
Block processing time: 0.00156 seconds
Computing Block 66 out of 560
Processing Block size=7
begin cleaner{left: ("[FunctionalDependency:(s: {brewery_id}, t: {city})]", 0.0), operator: *, right: (1.0, 1.0), result: 0.0}
列 'p' 不存在，对列 city 不过滤，直接选择所有非无效值。
Block processing time: 0.005055 seconds
Computing Block 67 out of 560
Processing Block size=10
begin cleaner{left: ("[FunctionalDependency:(s: {brewery_id}, t: {city})]", 0.0), operator: *, right: (1.0, 1.0), result: 0.0}
列 'p' 不存在，对列 city 不过滤，直接选择所有非无效值。
Block processing time: 0.007178 seconds
Computing Block 68 out of 560
Processing Block size=2
begin cleaner{left: ("[FunctionalDependency:(s: {brewery_id}, t: {city})]", 0.0), operator: *, right: (1.0, 1.0), result: 0.0}
列 'p' 不存在，对列 city 不过滤，直接选择所有非无效值。
Block processing time: 0.001501 seconds
Computing Block 70 out of 560
Processing Block size=2
begin cleaner{left: ("[FunctionalDependency:(s: {brewery_id}, t: {city})]", 0.0), operator: *, right: (1.0, 1.0), result: 0.0}
列 'p' 不存在，对列 city 不过滤，直接选择所有非无效值。
Block processing time: 0.001501 seconds
Computing Block 71 out of 560
Processing Block size=2
begin cleaner{left: ("[FunctionalDependency:(s: {brewery_id}, t: {city})]", 0.0), operator: *, right: (1.0, 1.0), result: 0.0}
列 'p' 不存在，对列 city 不过滤，直接选择所有非无效值。
Block processing time: 0.001525 seconds
Computing Block 72 out of 560
Processing Block size=4
begin cleaner{left: ("[FunctionalDependency:(s: {brewery_id}, t: {city})]", 0.0), operator: *, right: (1.0, 1.0), result: 0.0}
列 'p' 不存在，对列 city 不过滤，直接选择所有非无效值。
Block processing time: 0.002963 seconds
Computing Block 74 out of 560
Processing Block size=7
begin cleaner{left: ("[FunctionalDependency:(s: {brewery_id}, t: {city})]", 0.0), operator: *, right: (1.0, 1.0), result: 0.0}
列 'p' 不存在，对列 city 不过滤，直接选择所有非无效值。
Block processing time: 0.005144 seconds
Computing Block 76 out of 560
Processing Block size=2
begin cleaner{left: ("[FunctionalDependency:(s: {brewery_id}, t: {city})]", 0.0), operator: *, right: (1.0, 1.0), result: 0.0}
列 'p' 不存在，对列 city 不过滤，直接选择所有非无效值。
Block processing time: 0.001532 seconds
Computing Block 77 out of 560
Processing Block size=9
begin cleaner{left: ("[FunctionalDependency:(s: {brewery_id}, t: {city})]", 0.0), operator: *, right: (1.0, 1.0), result: 0.0}
列 'p' 不存在，对列 city 不过滤，直接选择所有非无效值。
Block processing time: 0.006396 seconds
Computing Block 78 out of 560
Processing Block size=6
begin cleaner{left: ("[FunctionalDependency:(s: {brewery_id}, t: {city})]", 0.0), operator: *, right: (1.0, 1.0), result: 0.0}
列 'p' 不存在，对列 city 不过滤，直接选择所有非无效值。
Block processing time: 0.004466 seconds
Computing Block 79 out of 560
Processing Block size=3
begin cleaner{left: ("[FunctionalDependency:(s: {brewery_id}, t: {city})]", 0.0), operator: *, right: (1.0, 1.0), result: 0.0}
列 'p' 不存在，对列 city 不过滤，直接选择所有非无效值。
Block processing time: 0.002322 seconds
Computing Block 81 out of 560
Processing Block size=4
begin cleaner{left: ("[FunctionalDependency:(s: {brewery_id}, t: {city})]", 0.0), operator: *, right: (1.0, 1.0), result: 0.0}
列 'p' 不存在，对列 city 不过滤，直接选择所有非无效值。
Block processing time: 0.002973 seconds
Computing Block 82 out of 560
Processing Block size=2
begin cleaner{left: ("[FunctionalDependency:(s: {brewery_id}, t: {city})]", 0.0), operator: *, right: (1.0, 1.0), result: 0.0}
列 'p' 不存在，对列 city 不过滤，直接选择所有非无效值。
Block processing time: 0.001504 seconds
Computing Block 83 out of 560
Processing Block size=17
begin cleaner{left: ("[FunctionalDependency:(s: {brewery_id}, t: {city})]", 0.0), operator: *, right: (1.0, 1.0), result: 0.0}
列 'p' 不存在，对列 city 不过滤，直接选择所有非无效值。
Block processing time: 0.012103 seconds
Computing Block 84 out of 560
Processing Block size=3
begin cleaner{left: ("[FunctionalDependency:(s: {brewery_id}, t: {city})]", 0.0), operator: *, right: (1.0, 1.0), result: 0.0}
列 'p' 不存在，对列 city 不过滤，直接选择所有非无效值。
Block processing time: 0.00222 seconds
Computing Block 87 out of 560
Processing Block size=2
begin cleaner{left: ("[FunctionalDependency:(s: {brewery_id}, t: {city})]", 0.0), operator: *, right: (1.0, 1.0), result: 0.0}
列 'p' 不存在，对列 city 不过滤，直接选择所有非无效值。
Block processing time: 0.001497 seconds
Computing Block 88 out of 560
Processing Block size=2
begin cleaner{left: ("[FunctionalDependency:(s: {brewery_id}, t: {city})]", 0.0), operator: *, right: (1.0, 1.0), result: 0.0}
列 'p' 不存在，对列 city 不过滤，直接选择所有非无效值。
Block processing time: 0.001522 seconds
Computing Block 89 out of 560
Processing Block size=4
begin cleaner{left: ("[FunctionalDependency:(s: {brewery_id}, t: {city})]", 0.0), operator: *, right: (1.0, 1.0), result: 0.0}
列 'p' 不存在，对列 city 不过滤，直接选择所有非无效值。
Block processing time: 0.002945 seconds
Computing Block 90 out of 560
Processing Block size=7
begin cleaner{left: ("[FunctionalDependency:(s: {brewery_id}, t: {city})]", 0.0), operator: *, right: (1.0, 1.0), result: 0.0}
列 'p' 不存在，对列 city 不过滤，直接选择所有非无效值。
Block processing time: 0.005019 seconds
Computing Block 91 out of 560
Processing Block size=4
begin cleaner{left: ("[FunctionalDependency:(s: {brewery_id}, t: {city})]", 0.0), operator: *, right: (1.0, 1.0), result: 0.0}
列 'p' 不存在，对列 city 不过滤，直接选择所有非无效值。
Block processing time: 0.002953 seconds
Computing Block 92 out of 560
Processing Block size=6
begin cleaner{left: ("[FunctionalDependency:(s: {brewery_id}, t: {city})]", 0.0), operator: *, right: (1.0, 1.0), result: 0.0}
列 'p' 不存在，对列 city 不过滤，直接选择所有非无效值。
Block processing time: 0.004508 seconds
Computing Block 93 out of 560
Processing Block size=18
begin cleaner{left: ("[FunctionalDependency:(s: {brewery_id}, t: {city})]", 0.0), operator: *, right: (1.0, 1.0), result: 0.0}
列 'p' 不存在，对列 city 不过滤，直接选择所有非无效值。
Block processing time: 0.012691 seconds
Computing Block 94 out of 560
Processing Block size=6
begin cleaner{left: ("[FunctionalDependency:(s: {brewery_id}, t: {city})]", 0.0), operator: *, right: (1.0, 1.0), result: 0.0}
列 'p' 不存在，对列 city 不过滤，直接选择所有非无效值。
Block processing time: 0.004315 seconds
Computing Block 95 out of 560
Processing Block size=4
begin cleaner{left: ("[FunctionalDependency:(s: {brewery_id}, t: {city})]", 0.0), operator: *, right: (1.0, 1.0), result: 0.0}
列 'p' 不存在，对列 city 不过滤，直接选择所有非无效值。
Block processing time: 0.00297 seconds
Computing Block 96 out of 560
Processing Block size=2
begin cleaner{left: ("[FunctionalDependency:(s: {brewery_id}, t: {city})]", 0.0), operator: *, right: (1.0, 1.0), result: 0.0}
列 'p' 不存在，对列 city 不过滤，直接选择所有非无效值。
Block processing time: 0.001538 seconds
Computing Block 97 out of 560
Processing Block size=3
begin cleaner{left: ("[FunctionalDependency:(s: {brewery_id}, t: {city})]", 0.0), operator: *, right: (1.0, 1.0), result: 0.0}
列 'p' 不存在，对列 city 不过滤，直接选择所有非无效值。
Block processing time: 0.002204 seconds
Computing Block 98 out of 560
Processing Block size=2
begin cleaner{left: ("[FunctionalDependency:(s: {brewery_id}, t: {city})]", 0.0), operator: *, right: (1.0, 1.0), result: 0.0}
列 'p' 不存在，对列 city 不过滤，直接选择所有非无效值。
Block processing time: 0.001508 seconds
Computing Block 99 out of 560
Processing Block size=3
begin cleaner{left: ("[FunctionalDependency:(s: {brewery_id}, t: {city})]", 0.0), operator: *, right: (1.0, 1.0), result: 0.0}
列 'p' 不存在，对列 city 不过滤，直接选择所有非无效值。
Block processing time: 0.002227 seconds
Computing Block 102 out of 560
Processing Block size=3
begin cleaner{left: ("[FunctionalDependency:(s: {brewery_id}, t: {city})]", 0.0), operator: *, right: (1.0, 1.0), result: 0.0}
列 'p' 不存在，对列 city 不过滤，直接选择所有非无效值。
Block processing time: 0.002316 seconds
Computing Block 103 out of 560
Processing Block size=6
begin cleaner{left: ("[FunctionalDependency:(s: {brewery_id}, t: {city})]", 0.0), operator: *, right: (1.0, 1.0), result: 0.0}
列 'p' 不存在，对列 city 不过滤，直接选择所有非无效值。
Block processing time: 0.004424 seconds
Computing Block 104 out of 560
Processing Block size=5
begin cleaner{left: ("[FunctionalDependency:(s: {brewery_id}, t: {city})]", 0.0), operator: *, right: (1.0, 1.0), result: 0.0}
列 'p' 不存在，对列 city 不过滤，直接选择所有非无效值。
Block processing time: 0.003663 seconds
Computing Block 105 out of 560
Processing Block size=2
begin cleaner{left: ("[FunctionalDependency:(s: {brewery_id}, t: {city})]", 0.0), operator: *, right: (1.0, 1.0), result: 0.0}
列 'p' 不存在，对列 city 不过滤，直接选择所有非无效值。
Block processing time: 0.001521 seconds
Computing Block 106 out of 560
Processing Block size=20
begin cleaner{left: ("[FunctionalDependency:(s: {brewery_id}, t: {city})]", 0.0), operator: *, right: (1.0, 1.0), result: 0.0}
列 'p' 不存在，对列 city 不过滤，直接选择所有非无效值。
Block processing time: 0.014355 seconds
Computing Block 107 out of 560
Processing Block size=8
begin cleaner{left: ("[FunctionalDependency:(s: {brewery_id}, t: {city})]", 0.0), operator: *, right: (1.0, 1.0), result: 0.0}
列 'p' 不存在，对列 city 不过滤，直接选择所有非无效值。
Block processing time: 0.005682 seconds
Computing Block 108 out of 560
Processing Block size=2
begin cleaner{left: ("[FunctionalDependency:(s: {brewery_id}, t: {city})]", 0.0), operator: *, right: (1.0, 1.0), result: 0.0}
列 'p' 不存在，对列 city 不过滤，直接选择所有非无效值。
Block processing time: 0.001521 seconds
Computing Block 109 out of 560
Processing Block size=5
begin cleaner{left: ("[FunctionalDependency:(s: {brewery_id}, t: {city})]", 0.0), operator: *, right: (1.0, 1.0), result: 0.0}
列 'p' 不存在，对列 city 不过滤，直接选择所有非无效值。
Block processing time: 0.003731 seconds
Computing Block 110 out of 560
Processing Block size=4
begin cleaner{left: ("[FunctionalDependency:(s: {brewery_id}, t: {city})]", 0.0), operator: *, right: (1.0, 1.0), result: 0.0}
列 'p' 不存在，对列 city 不过滤，直接选择所有非无效值。
Block processing time: 0.003029 seconds
Computing Block 112 out of 560
Processing Block size=6
begin cleaner{left: ("[FunctionalDependency:(s: {brewery_id}, t: {city})]", 0.0), operator: *, right: (1.0, 1.0), result: 0.0}
列 'p' 不存在，对列 city 不过滤，直接选择所有非无效值。
Block processing time: 0.004525 seconds
Computing Block 113 out of 560
Processing Block size=2
begin cleaner{left: ("[FunctionalDependency:(s: {brewery_id}, t: {city})]", 0.0), operator: *, right: (1.0, 1.0), result: 0.0}
列 'p' 不存在，对列 city 不过滤，直接选择所有非无效值。
Block processing time: 0.001496 seconds
Computing Block 114 out of 560
Processing Block size=4
begin cleaner{left: ("[FunctionalDependency:(s: {brewery_id}, t: {city})]", 0.0), operator: *, right: (1.0, 1.0), result: 0.0}
列 'p' 不存在，对列 city 不过滤，直接选择所有非无效值。
Block processing time: 0.002928 seconds
Computing Block 115 out of 560
Processing Block size=2
begin cleaner{left: ("[FunctionalDependency:(s: {brewery_id}, t: {city})]", 0.0), operator: *, right: (1.0, 1.0), result: 0.0}
列 'p' 不存在，对列 city 不过滤，直接选择所有非无效值。
Block processing time: 0.001531 seconds
Computing Block 116 out of 560
Processing Block size=2
begin cleaner{left: ("[FunctionalDependency:(s: {brewery_id}, t: {city})]", 0.0), operator: *, right: (1.0, 1.0), result: 0.0}
列 'p' 不存在，对列 city 不过滤，直接选择所有非无效值。
Block processing time: 0.001575 seconds
Computing Block 117 out of 560
Processing Block size=6
begin cleaner{left: ("[FunctionalDependency:(s: {brewery_id}, t: {city})]", 0.0), operator: *, right: (1.0, 1.0), result: 0.0}
列 'p' 不存在，对列 city 不过滤，直接选择所有非无效值。
Block processing time: 0.004324 seconds
Computing Block 120 out of 560
Processing Block size=5
begin cleaner{left: ("[FunctionalDependency:(s: {brewery_id}, t: {city})]", 0.0), operator: *, right: (1.0, 1.0), result: 0.0}
列 'p' 不存在，对列 city 不过滤，直接选择所有非无效值。
Block processing time: 0.003707 seconds
Computing Block 122 out of 560
Processing Block size=38
begin cleaner{left: ("[FunctionalDependency:(s: {brewery_id}, t: {city})]", 0.0), operator: *, right: (1.0, 1.0), result: 0.0}
列 'p' 不存在，对列 city 不过滤，直接选择所有非无效值。
Block processing time: 0.02756 seconds
Computing Block 123 out of 560
Processing Block size=6
begin cleaner{left: ("[FunctionalDependency:(s: {brewery_id}, t: {city})]", 0.0), operator: *, right: (1.0, 1.0), result: 0.0}
列 'p' 不存在，对列 city 不过滤，直接选择所有非无效值。
Block processing time: 0.004591 seconds
Computing Block 124 out of 560
Processing Block size=4
begin cleaner{left: ("[FunctionalDependency:(s: {brewery_id}, t: {city})]", 0.0), operator: *, right: (1.0, 1.0), result: 0.0}
列 'p' 不存在，对列 city 不过滤，直接选择所有非无效值。
Block processing time: 0.002964 seconds
Computing Block 125 out of 560
Processing Block size=3
begin cleaner{left: ("[FunctionalDependency:(s: {brewery_id}, t: {city})]", 0.0), operator: *, right: (1.0, 1.0), result: 0.0}
列 'p' 不存在，对列 city 不过滤，直接选择所有非无效值。
Block processing time: 0.00227 seconds
Computing Block 126 out of 560
Processing Block size=6
begin cleaner{left: ("[FunctionalDependency:(s: {brewery_id}, t: {city})]", 0.0), operator: *, right: (1.0, 1.0), result: 0.0}
列 'p' 不存在，对列 city 不过滤，直接选择所有非无效值。
Block processing time: 0.004361 seconds
Computing Block 127 out of 560
Processing Block size=8
begin cleaner{left: ("[FunctionalDependency:(s: {brewery_id}, t: {city})]", 0.0), operator: *, right: (1.0, 1.0), result: 0.0}
列 'p' 不存在，对列 city 不过滤，直接选择所有非无效值。
Block processing time: 0.0058 seconds
Computing Block 128 out of 560
Processing Block size=4
begin cleaner{left: ("[FunctionalDependency:(s: {brewery_id}, t: {city})]", 0.0), operator: *, right: (1.0, 1.0), result: 0.0}
列 'p' 不存在，对列 city 不过滤，直接选择所有非无效值。
Block processing time: 0.002921 seconds
Computing Block 129 out of 560
Processing Block size=4
begin cleaner{left: ("[FunctionalDependency:(s: {brewery_id}, t: {city})]", 0.0), operator: *, right: (1.0, 1.0), result: 0.0}
列 'p' 不存在，对列 city 不过滤，直接选择所有非无效值。
Block processing time: 0.002901 seconds
Computing Block 130 out of 560
Processing Block size=5
begin cleaner{left: ("[FunctionalDependency:(s: {brewery_id}, t: {city})]", 0.0), operator: *, right: (1.0, 1.0), result: 0.0}
列 'p' 不存在，对列 city 不过滤，直接选择所有非无效值。
Block processing time: 0.003582 seconds
Computing Block 131 out of 560
Processing Block size=7
begin cleaner{left: ("[FunctionalDependency:(s: {brewery_id}, t: {city})]", 0.0), operator: *, right: (1.0, 1.0), result: 0.0}
列 'p' 不存在，对列 city 不过滤，直接选择所有非无效值。
Block processing time: 0.005178 seconds
Computing Block 132 out of 560
Processing Block size=3
begin cleaner{left: ("[FunctionalDependency:(s: {brewery_id}, t: {city})]", 0.0), operator: *, right: (1.0, 1.0), result: 0.0}
列 'p' 不存在，对列 city 不过滤，直接选择所有非无效值。
Block processing time: 0.002246 seconds
Computing Block 133 out of 560
Processing Block size=11
begin cleaner{left: ("[FunctionalDependency:(s: {brewery_id}, t: {city})]", 0.0), operator: *, right: (1.0, 1.0), result: 0.0}
列 'p' 不存在，对列 city 不过滤，直接选择所有非无效值。
Block processing time: 0.007982 seconds
Computing Block 134 out of 560
Processing Block size=3
begin cleaner{left: ("[FunctionalDependency:(s: {brewery_id}, t: {city})]", 0.0), operator: *, right: (1.0, 1.0), result: 0.0}
列 'p' 不存在，对列 city 不过滤，直接选择所有非无效值。
Block processing time: 0.002335 seconds
Computing Block 136 out of 560
Processing Block size=5
begin cleaner{left: ("[FunctionalDependency:(s: {brewery_id}, t: {city})]", 0.0), operator: *, right: (1.0, 1.0), result: 0.0}
列 'p' 不存在，对列 city 不过滤，直接选择所有非无效值。
Block processing time: 0.00384 seconds
Computing Block 137 out of 560
Processing Block size=7
begin cleaner{left: ("[FunctionalDependency:(s: {brewery_id}, t: {city})]", 0.0), operator: *, right: (1.0, 1.0), result: 0.0}
列 'p' 不存在，对列 city 不过滤，直接选择所有非无效值。
Block processing time: 0.00517 seconds
Computing Block 138 out of 560
Processing Block size=4
begin cleaner{left: ("[FunctionalDependency:(s: {brewery_id}, t: {city})]", 0.0), operator: *, right: (1.0, 1.0), result: 0.0}
列 'p' 不存在，对列 city 不过滤，直接选择所有非无效值。
Block processing time: 0.002975 seconds
Computing Block 139 out of 560
Processing Block size=3
begin cleaner{left: ("[FunctionalDependency:(s: {brewery_id}, t: {city})]", 0.0), operator: *, right: (1.0, 1.0), result: 0.0}
列 'p' 不存在，对列 city 不过滤，直接选择所有非无效值。
Block processing time: 0.002221 seconds
Computing Block 140 out of 560
Processing Block size=9
begin cleaner{left: ("[FunctionalDependency:(s: {brewery_id}, t: {city})]", 0.0), operator: *, right: (1.0, 1.0), result: 0.0}
列 'p' 不存在，对列 city 不过滤，直接选择所有非无效值。
Block processing time: 0.006893 seconds
Computing Block 141 out of 560
Processing Block size=3
begin cleaner{left: ("[FunctionalDependency:(s: {brewery_id}, t: {city})]", 0.0), operator: *, right: (1.0, 1.0), result: 0.0}
列 'p' 不存在，对列 city 不过滤，直接选择所有非无效值。
Block processing time: 0.002426 seconds
Computing Block 142 out of 560
Processing Block size=2
begin cleaner{left: ("[FunctionalDependency:(s: {brewery_id}, t: {city})]", 0.0), operator: *, right: (1.0, 1.0), result: 0.0}
列 'p' 不存在，对列 city 不过滤，直接选择所有非无效值。
Block processing time: 0.001635 seconds
Computing Block 144 out of 560
Processing Block size=2
begin cleaner{left: ("[FunctionalDependency:(s: {brewery_id}, t: {city})]", 0.0), operator: *, right: (1.0, 1.0), result: 0.0}
列 'p' 不存在，对列 city 不过滤，直接选择所有非无效值。
Block processing time: 0.001594 seconds
Computing Block 145 out of 560
Processing Block size=5
begin cleaner{left: ("[FunctionalDependency:(s: {brewery_id}, t: {city})]", 0.0), operator: *, right: (1.0, 1.0), result: 0.0}
列 'p' 不存在，对列 city 不过滤，直接选择所有非无效值。
Block processing time: 0.003671 seconds
Computing Block 146 out of 560
Processing Block size=20
begin cleaner{left: ("[FunctionalDependency:(s: {brewery_id}, t: {city})]", 0.0), operator: *, right: (1.0, 1.0), result: 0.0}
列 'p' 不存在，对列 city 不过滤，直接选择所有非无效值。
Block processing time: 0.014356 seconds
Computing Block 147 out of 560
Processing Block size=2
begin cleaner{left: ("[FunctionalDependency:(s: {brewery_id}, t: {city})]", 0.0), operator: *, right: (1.0, 1.0), result: 0.0}
列 'p' 不存在，对列 city 不过滤，直接选择所有非无效值。
Block processing time: 0.001523 seconds
Computing Block 150 out of 560
Processing Block size=5
begin cleaner{left: ("[FunctionalDependency:(s: {brewery_id}, t: {city})]", 0.0), operator: *, right: (1.0, 1.0), result: 0.0}
列 'p' 不存在，对列 city 不过滤，直接选择所有非无效值。
Block processing time: 0.003644 seconds
Computing Block 151 out of 560
Processing Block size=5
begin cleaner{left: ("[FunctionalDependency:(s: {brewery_id}, t: {city})]", 0.0), operator: *, right: (1.0, 1.0), result: 0.0}
列 'p' 不存在，对列 city 不过滤，直接选择所有非无效值。
Block processing time: 0.003633 seconds
Computing Block 152 out of 560
Processing Block size=3
begin cleaner{left: ("[FunctionalDependency:(s: {brewery_id}, t: {city})]", 0.0), operator: *, right: (1.0, 1.0), result: 0.0}
列 'p' 不存在，对列 city 不过滤，直接选择所有非无效值。
Block processing time: 0.002217 seconds
Computing Block 154 out of 560
Processing Block size=3
begin cleaner{left: ("[FunctionalDependency:(s: {brewery_id}, t: {city})]", 0.0), operator: *, right: (1.0, 1.0), result: 0.0}
列 'p' 不存在，对列 city 不过滤，直接选择所有非无效值。
Block processing time: 0.002308 seconds
Computing Block 155 out of 560
Processing Block size=6
begin cleaner{left: ("[FunctionalDependency:(s: {brewery_id}, t: {city})]", 0.0), operator: *, right: (1.0, 1.0), result: 0.0}
列 'p' 不存在，对列 city 不过滤，直接选择所有非无效值。
Block processing time: 0.004363 seconds
Computing Block 156 out of 560
Processing Block size=2
begin cleaner{left: ("[FunctionalDependency:(s: {brewery_id}, t: {city})]", 0.0), operator: *, right: (1.0, 1.0), result: 0.0}
列 'p' 不存在，对列 city 不过滤，直接选择所有非无效值。
Block processing time: 0.001506 seconds
Computing Block 157 out of 560
Processing Block size=7
begin cleaner{left: ("[FunctionalDependency:(s: {brewery_id}, t: {city})]", 0.0), operator: *, right: (1.0, 1.0), result: 0.0}
列 'p' 不存在，对列 city 不过滤，直接选择所有非无效值。
Block processing time: 0.004989 seconds
Computing Block 158 out of 560
Processing Block size=7
begin cleaner{left: ("[FunctionalDependency:(s: {brewery_id}, t: {city})]", 0.0), operator: *, right: (1.0, 1.0), result: 0.0}
列 'p' 不存在，对列 city 不过滤，直接选择所有非无效值。
Block processing time: 0.004984 seconds
Computing Block 159 out of 560
Processing Block size=4
begin cleaner{left: ("[FunctionalDependency:(s: {brewery_id}, t: {city})]", 0.0), operator: *, right: (1.0, 1.0), result: 0.0}
列 'p' 不存在，对列 city 不过滤，直接选择所有非无效值。
Block processing time: 0.002932 seconds
Computing Block 160 out of 560
Processing Block size=2
begin cleaner{left: ("[FunctionalDependency:(s: {brewery_id}, t: {city})]", 0.0), operator: *, right: (1.0, 1.0), result: 0.0}
列 'p' 不存在，对列 city 不过滤，直接选择所有非无效值。
Block processing time: 0.001547 seconds
Computing Block 161 out of 560
Processing Block size=4
begin cleaner{left: ("[FunctionalDependency:(s: {brewery_id}, t: {city})]", 0.0), operator: *, right: (1.0, 1.0), result: 0.0}
列 'p' 不存在，对列 city 不过滤，直接选择所有非无效值。
Block processing time: 0.003013 seconds
Computing Block 162 out of 560
Processing Block size=4
begin cleaner{left: ("[FunctionalDependency:(s: {brewery_id}, t: {city})]", 0.0), operator: *, right: (1.0, 1.0), result: 0.0}
列 'p' 不存在，对列 city 不过滤，直接选择所有非无效值。
Block processing time: 0.003136 seconds
Computing Block 163 out of 560
Processing Block size=4
begin cleaner{left: ("[FunctionalDependency:(s: {brewery_id}, t: {city})]", 0.0), operator: *, right: (1.0, 1.0), result: 0.0}
列 'p' 不存在，对列 city 不过滤，直接选择所有非无效值。
Block processing time: 0.003174 seconds
Computing Block 164 out of 560
Processing Block size=4
begin cleaner{left: ("[FunctionalDependency:(s: {brewery_id}, t: {city})]", 0.0), operator: *, right: (1.0, 1.0), result: 0.0}
列 'p' 不存在，对列 city 不过滤，直接选择所有非无效值。
Block processing time: 0.00318 seconds
Computing Block 165 out of 560
Processing Block size=3
begin cleaner{left: ("[FunctionalDependency:(s: {brewery_id}, t: {city})]", 0.0), operator: *, right: (1.0, 1.0), result: 0.0}
列 'p' 不存在，对列 city 不过滤，直接选择所有非无效值。
Block processing time: 0.002388 seconds
Computing Block 166 out of 560
Processing Block size=2
begin cleaner{left: ("[FunctionalDependency:(s: {brewery_id}, t: {city})]", 0.0), operator: *, right: (1.0, 1.0), result: 0.0}
列 'p' 不存在，对列 city 不过滤，直接选择所有非无效值。
Block processing time: 0.001647 seconds
Computing Block 167 out of 560
Processing Block size=3
begin cleaner{left: ("[FunctionalDependency:(s: {brewery_id}, t: {city})]", 0.0), operator: *, right: (1.0, 1.0), result: 0.0}
列 'p' 不存在，对列 city 不过滤，直接选择所有非无效值。
Block processing time: 0.002194 seconds
Computing Block 168 out of 560
Processing Block size=3
begin cleaner{left: ("[FunctionalDependency:(s: {brewery_id}, t: {city})]", 0.0), operator: *, right: (1.0, 1.0), result: 0.0}
列 'p' 不存在，对列 city 不过滤，直接选择所有非无效值。
Block processing time: 0.002249 seconds
Computing Block 172 out of 560
Processing Block size=3
begin cleaner{left: ("[FunctionalDependency:(s: {brewery_id}, t: {city})]", 0.0), operator: *, right: (1.0, 1.0), result: 0.0}
列 'p' 不存在，对列 city 不过滤，直接选择所有非无效值。
Block processing time: 0.002247 seconds
Computing Block 173 out of 560
Processing Block size=6
begin cleaner{left: ("[FunctionalDependency:(s: {brewery_id}, t: {city})]", 0.0), operator: *, right: (1.0, 1.0), result: 0.0}
列 'p' 不存在，对列 city 不过滤，直接选择所有非无效值。
Block processing time: 0.004299 seconds
Computing Block 175 out of 560
Processing Block size=8
begin cleaner{left: ("[FunctionalDependency:(s: {brewery_id}, t: {city})]", 0.0), operator: *, right: (1.0, 1.0), result: 0.0}
列 'p' 不存在，对列 city 不过滤，直接选择所有非无效值。
Block processing time: 0.005754 seconds
Computing Block 178 out of 560
Processing Block size=2
begin cleaner{left: ("[FunctionalDependency:(s: {brewery_id}, t: {city})]", 0.0), operator: *, right: (1.0, 1.0), result: 0.0}
列 'p' 不存在，对列 city 不过滤，直接选择所有非无效值。
Block processing time: 0.0015 seconds
Computing Block 179 out of 560
Processing Block size=5
begin cleaner{left: ("[FunctionalDependency:(s: {brewery_id}, t: {city})]", 0.0), operator: *, right: (1.0, 1.0), result: 0.0}
列 'p' 不存在，对列 city 不过滤，直接选择所有非无效值。
Block processing time: 0.00358 seconds
Computing Block 181 out of 560
Processing Block size=18
begin cleaner{left: ("[FunctionalDependency:(s: {brewery_id}, t: {city})]", 0.0), operator: *, right: (1.0, 1.0), result: 0.0}
列 'p' 不存在，对列 city 不过滤，直接选择所有非无效值。
Block processing time: 0.012744 seconds
Computing Block 183 out of 560
Processing Block size=6
begin cleaner{left: ("[FunctionalDependency:(s: {brewery_id}, t: {city})]", 0.0), operator: *, right: (1.0, 1.0), result: 0.0}
列 'p' 不存在，对列 city 不过滤，直接选择所有非无效值。
Block processing time: 0.004272 seconds
Computing Block 184 out of 560
Processing Block size=2
begin cleaner{left: ("[FunctionalDependency:(s: {brewery_id}, t: {city})]", 0.0), operator: *, right: (1.0, 1.0), result: 0.0}
列 'p' 不存在，对列 city 不过滤，直接选择所有非无效值。
Block processing time: 0.001522 seconds
Computing Block 185 out of 560
Processing Block size=5
begin cleaner{left: ("[FunctionalDependency:(s: {brewery_id}, t: {city})]", 0.0), operator: *, right: (1.0, 1.0), result: 0.0}
列 'p' 不存在，对列 city 不过滤，直接选择所有非无效值。
Block processing time: 0.003713 seconds
Computing Block 186 out of 560
Processing Block size=5
begin cleaner{left: ("[FunctionalDependency:(s: {brewery_id}, t: {city})]", 0.0), operator: *, right: (1.0, 1.0), result: 0.0}
列 'p' 不存在，对列 city 不过滤，直接选择所有非无效值。
Block processing time: 0.003776 seconds
Computing Block 189 out of 560
Processing Block size=9
begin cleaner{left: ("[FunctionalDependency:(s: {brewery_id}, t: {city})]", 0.0), operator: *, right: (1.0, 1.0), result: 0.0}
列 'p' 不存在，对列 city 不过滤，直接选择所有非无效值。
Block processing time: 0.006534 seconds
Computing Block 190 out of 560
Processing Block size=6
begin cleaner{left: ("[FunctionalDependency:(s: {brewery_id}, t: {city})]", 0.0), operator: *, right: (1.0, 1.0), result: 0.0}
列 'p' 不存在，对列 city 不过滤，直接选择所有非无效值。
Block processing time: 0.004308 seconds
Computing Block 191 out of 560
Processing Block size=8
begin cleaner{left: ("[FunctionalDependency:(s: {brewery_id}, t: {city})]", 0.0), operator: *, right: (1.0, 1.0), result: 0.0}
列 'p' 不存在，对列 city 不过滤，直接选择所有非无效值。
Block processing time: 0.005815 seconds
Computing Block 192 out of 560
Processing Block size=2
begin cleaner{left: ("[FunctionalDependency:(s: {brewery_id}, t: {city})]", 0.0), operator: *, right: (1.0, 1.0), result: 0.0}
列 'p' 不存在，对列 city 不过滤，直接选择所有非无效值。
Block processing time: 0.001497 seconds
Computing Block 193 out of 560
Processing Block size=5
begin cleaner{left: ("[FunctionalDependency:(s: {brewery_id}, t: {city})]", 0.0), operator: *, right: (1.0, 1.0), result: 0.0}
列 'p' 不存在，对列 city 不过滤，直接选择所有非无效值。
Block processing time: 0.003629 seconds
Computing Block 194 out of 560
Processing Block size=5
begin cleaner{left: ("[FunctionalDependency:(s: {brewery_id}, t: {city})]", 0.0), operator: *, right: (1.0, 1.0), result: 0.0}
列 'p' 不存在，对列 city 不过滤，直接选择所有非无效值。
Block processing time: 0.003679 seconds
Computing Block 197 out of 560
Processing Block size=3
begin cleaner{left: ("[FunctionalDependency:(s: {brewery_id}, t: {city})]", 0.0), operator: *, right: (1.0, 1.0), result: 0.0}
列 'p' 不存在，对列 city 不过滤，直接选择所有非无效值。
Block processing time: 0.002194 seconds
Computing Block 198 out of 560
Processing Block size=6
begin cleaner{left: ("[FunctionalDependency:(s: {brewery_id}, t: {city})]", 0.0), operator: *, right: (1.0, 1.0), result: 0.0}
列 'p' 不存在，对列 city 不过滤，直接选择所有非无效值。
Block processing time: 0.004348 seconds
Computing Block 200 out of 560
Processing Block size=4
begin cleaner{left: ("[FunctionalDependency:(s: {brewery_id}, t: {city})]", 0.0), operator: *, right: (1.0, 1.0), result: 0.0}
列 'p' 不存在，对列 city 不过滤，直接选择所有非无效值。
Block processing time: 0.002965 seconds
Computing Block 203 out of 560
Processing Block size=3
begin cleaner{left: ("[FunctionalDependency:(s: {brewery_id}, t: {city})]", 0.0), operator: *, right: (1.0, 1.0), result: 0.0}
列 'p' 不存在，对列 city 不过滤，直接选择所有非无效值。
Block processing time: 0.002231 seconds
Computing Block 205 out of 560
Processing Block size=3
begin cleaner{left: ("[FunctionalDependency:(s: {brewery_id}, t: {city})]", 0.0), operator: *, right: (1.0, 1.0), result: 0.0}
列 'p' 不存在，对列 city 不过滤，直接选择所有非无效值。
Block processing time: 0.002224 seconds
Computing Block 206 out of 560
Processing Block size=3
begin cleaner{left: ("[FunctionalDependency:(s: {brewery_id}, t: {city})]", 0.0), operator: *, right: (1.0, 1.0), result: 0.0}
列 'p' 不存在，对列 city 不过滤，直接选择所有非无效值。
Block processing time: 0.002199 seconds
Computing Block 208 out of 560
Processing Block size=7
begin cleaner{left: ("[FunctionalDependency:(s: {brewery_id}, t: {city})]", 0.0), operator: *, right: (1.0, 1.0), result: 0.0}
列 'p' 不存在，对列 city 不过滤，直接选择所有非无效值。
Block processing time: 0.005009 seconds
Computing Block 209 out of 560
Processing Block size=3
begin cleaner{left: ("[FunctionalDependency:(s: {brewery_id}, t: {city})]", 0.0), operator: *, right: (1.0, 1.0), result: 0.0}
列 'p' 不存在，对列 city 不过滤，直接选择所有非无效值。
Block processing time: 0.002199 seconds
Computing Block 211 out of 560
Processing Block size=2
begin cleaner{left: ("[FunctionalDependency:(s: {brewery_id}, t: {city})]", 0.0), operator: *, right: (1.0, 1.0), result: 0.0}
列 'p' 不存在，对列 city 不过滤，直接选择所有非无效值。
Block processing time: 0.001521 seconds
Computing Block 213 out of 560
Processing Block size=4
begin cleaner{left: ("[FunctionalDependency:(s: {brewery_id}, t: {city})]", 0.0), operator: *, right: (1.0, 1.0), result: 0.0}
列 'p' 不存在，对列 city 不过滤，直接选择所有非无效值。
Block processing time: 0.002909 seconds
Computing Block 214 out of 560
Processing Block size=9
begin cleaner{left: ("[FunctionalDependency:(s: {brewery_id}, t: {city})]", 0.0), operator: *, right: (1.0, 1.0), result: 0.0}
列 'p' 不存在，对列 city 不过滤，直接选择所有非无效值。
Block processing time: 0.006385 seconds
Computing Block 215 out of 560
Processing Block size=2
begin cleaner{left: ("[FunctionalDependency:(s: {brewery_id}, t: {city})]", 0.0), operator: *, right: (1.0, 1.0), result: 0.0}
列 'p' 不存在，对列 city 不过滤，直接选择所有非无效值。
Block processing time: 0.001566 seconds
Computing Block 216 out of 560
Processing Block size=2
begin cleaner{left: ("[FunctionalDependency:(s: {brewery_id}, t: {city})]", 0.0), operator: *, right: (1.0, 1.0), result: 0.0}
列 'p' 不存在，对列 city 不过滤，直接选择所有非无效值。
Block processing time: 0.00149 seconds
Computing Block 217 out of 560
Processing Block size=2
begin cleaner{left: ("[FunctionalDependency:(s: {brewery_id}, t: {city})]", 0.0), operator: *, right: (1.0, 1.0), result: 0.0}
列 'p' 不存在，对列 city 不过滤，直接选择所有非无效值。
Block processing time: 0.001502 seconds
Computing Block 218 out of 560
Processing Block size=2
begin cleaner{left: ("[FunctionalDependency:(s: {brewery_id}, t: {city})]", 0.0), operator: *, right: (1.0, 1.0), result: 0.0}
列 'p' 不存在，对列 city 不过滤，直接选择所有非无效值。
Block processing time: 0.001526 seconds
Computing Block 219 out of 560
Processing Block size=11
begin cleaner{left: ("[FunctionalDependency:(s: {brewery_id}, t: {city})]", 0.0), operator: *, right: (1.0, 1.0), result: 0.0}
列 'p' 不存在，对列 city 不过滤，直接选择所有非无效值。
Block processing time: 0.007779 seconds
Computing Block 220 out of 560
Processing Block size=3
begin cleaner{left: ("[FunctionalDependency:(s: {brewery_id}, t: {city})]", 0.0), operator: *, right: (1.0, 1.0), result: 0.0}
列 'p' 不存在，对列 city 不过滤，直接选择所有非无效值。
Block processing time: 0.002179 seconds
Computing Block 221 out of 560
Processing Block size=8
begin cleaner{left: ("[FunctionalDependency:(s: {brewery_id}, t: {city})]", 0.0), operator: *, right: (1.0, 1.0), result: 0.0}
列 'p' 不存在，对列 city 不过滤，直接选择所有非无效值。
Block processing time: 0.005679 seconds
Computing Block 222 out of 560
Processing Block size=13
begin cleaner{left: ("[FunctionalDependency:(s: {brewery_id}, t: {city})]", 0.0), operator: *, right: (1.0, 1.0), result: 0.0}
列 'p' 不存在，对列 city 不过滤，直接选择所有非无效值。
Block processing time: 0.009156 seconds
Computing Block 223 out of 560
Processing Block size=2
begin cleaner{left: ("[FunctionalDependency:(s: {brewery_id}, t: {city})]", 0.0), operator: *, right: (1.0, 1.0), result: 0.0}
列 'p' 不存在，对列 city 不过滤，直接选择所有非无效值。
Block processing time: 0.001505 seconds
Computing Block 224 out of 560
Processing Block size=2
begin cleaner{left: ("[FunctionalDependency:(s: {brewery_id}, t: {city})]", 0.0), operator: *, right: (1.0, 1.0), result: 0.0}
列 'p' 不存在，对列 city 不过滤，直接选择所有非无效值。
Block processing time: 0.001539 seconds
Computing Block 226 out of 560
Processing Block size=2
begin cleaner{left: ("[FunctionalDependency:(s: {brewery_id}, t: {city})]", 0.0), operator: *, right: (1.0, 1.0), result: 0.0}
列 'p' 不存在，对列 city 不过滤，直接选择所有非无效值。
Block processing time: 0.001541 seconds
Computing Block 227 out of 560
Processing Block size=2
begin cleaner{left: ("[FunctionalDependency:(s: {brewery_id}, t: {city})]", 0.0), operator: *, right: (1.0, 1.0), result: 0.0}
列 'p' 不存在，对列 city 不过滤，直接选择所有非无效值。
Block processing time: 0.001639 seconds
Computing Block 228 out of 560
Processing Block size=9
begin cleaner{left: ("[FunctionalDependency:(s: {brewery_id}, t: {city})]", 0.0), operator: *, right: (1.0, 1.0), result: 0.0}
列 'p' 不存在，对列 city 不过滤，直接选择所有非无效值。
Block processing time: 0.006491 seconds
Computing Block 229 out of 560
Processing Block size=3
begin cleaner{left: ("[FunctionalDependency:(s: {brewery_id}, t: {city})]", 0.0), operator: *, right: (1.0, 1.0), result: 0.0}
列 'p' 不存在，对列 city 不过滤，直接选择所有非无效值。
Block processing time: 0.002315 seconds
Computing Block 230 out of 560
Processing Block size=3
begin cleaner{left: ("[FunctionalDependency:(s: {brewery_id}, t: {city})]", 0.0), operator: *, right: (1.0, 1.0), result: 0.0}
列 'p' 不存在，对列 city 不过滤，直接选择所有非无效值。
Block processing time: 0.002289 seconds
Computing Block 231 out of 560
Processing Block size=10
begin cleaner{left: ("[FunctionalDependency:(s: {brewery_id}, t: {city})]", 0.0), operator: *, right: (1.0, 1.0), result: 0.0}
列 'p' 不存在，对列 city 不过滤，直接选择所有非无效值。
Block processing time: 0.007283 seconds
Computing Block 232 out of 560
Processing Block size=2
begin cleaner{left: ("[FunctionalDependency:(s: {brewery_id}, t: {city})]", 0.0), operator: *, right: (1.0, 1.0), result: 0.0}
列 'p' 不存在，对列 city 不过滤，直接选择所有非无效值。
Block processing time: 0.001504 seconds
Computing Block 234 out of 560
Processing Block size=13
begin cleaner{left: ("[FunctionalDependency:(s: {brewery_id}, t: {city})]", 0.0), operator: *, right: (1.0, 1.0), result: 0.0}
列 'p' 不存在，对列 city 不过滤，直接选择所有非无效值。
Block processing time: 0.009134 seconds
Computing Block 236 out of 560
Processing Block size=2
begin cleaner{left: ("[FunctionalDependency:(s: {brewery_id}, t: {city})]", 0.0), operator: *, right: (1.0, 1.0), result: 0.0}
列 'p' 不存在，对列 city 不过滤，直接选择所有非无效值。
Block processing time: 0.001544 seconds
Computing Block 237 out of 560
Processing Block size=2
begin cleaner{left: ("[FunctionalDependency:(s: {brewery_id}, t: {city})]", 0.0), operator: *, right: (1.0, 1.0), result: 0.0}
列 'p' 不存在，对列 city 不过滤，直接选择所有非无效值。
Block processing time: 0.001502 seconds
Computing Block 238 out of 560
Processing Block size=4
begin cleaner{left: ("[FunctionalDependency:(s: {brewery_id}, t: {city})]", 0.0), operator: *, right: (1.0, 1.0), result: 0.0}
列 'p' 不存在，对列 city 不过滤，直接选择所有非无效值。
Block processing time: 0.002964 seconds
Computing Block 239 out of 560
Processing Block size=2
begin cleaner{left: ("[FunctionalDependency:(s: {brewery_id}, t: {city})]", 0.0), operator: *, right: (1.0, 1.0), result: 0.0}
列 'p' 不存在，对列 city 不过滤，直接选择所有非无效值。
Block processing time: 0.001555 seconds
Computing Block 240 out of 560
Processing Block size=14
begin cleaner{left: ("[FunctionalDependency:(s: {brewery_id}, t: {city})]", 0.0), operator: *, right: (1.0, 1.0), result: 0.0}
列 'p' 不存在，对列 city 不过滤，直接选择所有非无效值。
Block processing time: 0.00997 seconds
Computing Block 241 out of 560
Processing Block size=3
begin cleaner{left: ("[FunctionalDependency:(s: {brewery_id}, t: {city})]", 0.0), operator: *, right: (1.0, 1.0), result: 0.0}
列 'p' 不存在，对列 city 不过滤，直接选择所有非无效值。
Block processing time: 0.002221 seconds
Computing Block 242 out of 560
Processing Block size=5
begin cleaner{left: ("[FunctionalDependency:(s: {brewery_id}, t: {city})]", 0.0), operator: *, right: (1.0, 1.0), result: 0.0}
列 'p' 不存在，对列 city 不过滤，直接选择所有非无效值。
Block processing time: 0.003676 seconds
Computing Block 245 out of 560
Processing Block size=4
begin cleaner{left: ("[FunctionalDependency:(s: {brewery_id}, t: {city})]", 0.0), operator: *, right: (1.0, 1.0), result: 0.0}
列 'p' 不存在，对列 city 不过滤，直接选择所有非无效值。
Block processing time: 0.002888 seconds
Computing Block 246 out of 560
Processing Block size=4
begin cleaner{left: ("[FunctionalDependency:(s: {brewery_id}, t: {city})]", 0.0), operator: *, right: (1.0, 1.0), result: 0.0}
列 'p' 不存在，对列 city 不过滤，直接选择所有非无效值。
Block processing time: 0.002937 seconds
Computing Block 247 out of 560
Processing Block size=2
begin cleaner{left: ("[FunctionalDependency:(s: {brewery_id}, t: {city})]", 0.0), operator: *, right: (1.0, 1.0), result: 0.0}
列 'p' 不存在，对列 city 不过滤，直接选择所有非无效值。
Block processing time: 0.001493 seconds
Computing Block 248 out of 560
Processing Block size=3
begin cleaner{left: ("[FunctionalDependency:(s: {brewery_id}, t: {city})]", 0.0), operator: *, right: (1.0, 1.0), result: 0.0}
列 'p' 不存在，对列 city 不过滤，直接选择所有非无效值。
Block processing time: 0.002208 seconds
Computing Block 251 out of 560
Processing Block size=4
begin cleaner{left: ("[FunctionalDependency:(s: {brewery_id}, t: {city})]", 0.0), operator: *, right: (1.0, 1.0), result: 0.0}
列 'p' 不存在，对列 city 不过滤，直接选择所有非无效值。
Block processing time: 0.002918 seconds
Computing Block 252 out of 560
Processing Block size=2
begin cleaner{left: ("[FunctionalDependency:(s: {brewery_id}, t: {city})]", 0.0), operator: *, right: (1.0, 1.0), result: 0.0}
列 'p' 不存在，对列 city 不过滤，直接选择所有非无效值。
Block processing time: 0.001498 seconds
Computing Block 253 out of 560
Processing Block size=9
begin cleaner{left: ("[FunctionalDependency:(s: {brewery_id}, t: {city})]", 0.0), operator: *, right: (1.0, 1.0), result: 0.0}
列 'p' 不存在，对列 city 不过滤，直接选择所有非无效值。
Block processing time: 0.006466 seconds
Computing Block 254 out of 560
Processing Block size=2
begin cleaner{left: ("[FunctionalDependency:(s: {brewery_id}, t: {city})]", 0.0), operator: *, right: (1.0, 1.0), result: 0.0}
列 'p' 不存在，对列 city 不过滤，直接选择所有非无效值。
Block processing time: 0.001496 seconds
Computing Block 255 out of 560
Processing Block size=4
begin cleaner{left: ("[FunctionalDependency:(s: {brewery_id}, t: {city})]", 0.0), operator: *, right: (1.0, 1.0), result: 0.0}
列 'p' 不存在，对列 city 不过滤，直接选择所有非无效值。
Block processing time: 0.002871 seconds
Computing Block 256 out of 560
Processing Block size=4
begin cleaner{left: ("[FunctionalDependency:(s: {brewery_id}, t: {city})]", 0.0), operator: *, right: (1.0, 1.0), result: 0.0}
列 'p' 不存在，对列 city 不过滤，直接选择所有非无效值。
Block processing time: 0.002957 seconds
Computing Block 257 out of 560
Processing Block size=10
begin cleaner{left: ("[FunctionalDependency:(s: {brewery_id}, t: {city})]", 0.0), operator: *, right: (1.0, 1.0), result: 0.0}
列 'p' 不存在，对列 city 不过滤，直接选择所有非无效值。
Block processing time: 0.007291 seconds
Computing Block 259 out of 560
Processing Block size=2
begin cleaner{left: ("[FunctionalDependency:(s: {brewery_id}, t: {city})]", 0.0), operator: *, right: (1.0, 1.0), result: 0.0}
列 'p' 不存在，对列 city 不过滤，直接选择所有非无效值。
Block processing time: 0.001548 seconds
Computing Block 261 out of 560
Processing Block size=7
begin cleaner{left: ("[FunctionalDependency:(s: {brewery_id}, t: {city})]", 0.0), operator: *, right: (1.0, 1.0), result: 0.0}
列 'p' 不存在，对列 city 不过滤，直接选择所有非无效值。
Block processing time: 0.005113 seconds
Computing Block 262 out of 560
Processing Block size=7
begin cleaner{left: ("[FunctionalDependency:(s: {brewery_id}, t: {city})]", 0.0), operator: *, right: (1.0, 1.0), result: 0.0}
列 'p' 不存在，对列 city 不过滤，直接选择所有非无效值。
Block processing time: 0.005161 seconds
Computing Block 267 out of 560
Processing Block size=3
begin cleaner{left: ("[FunctionalDependency:(s: {brewery_id}, t: {city})]", 0.0), operator: *, right: (1.0, 1.0), result: 0.0}
列 'p' 不存在，对列 city 不过滤，直接选择所有非无效值。
Block processing time: 0.002291 seconds
Computing Block 268 out of 560
Processing Block size=4
begin cleaner{left: ("[FunctionalDependency:(s: {brewery_id}, t: {city})]", 0.0), operator: *, right: (1.0, 1.0), result: 0.0}
列 'p' 不存在，对列 city 不过滤，直接选择所有非无效值。
Block processing time: 0.002985 seconds
Computing Block 270 out of 560
Processing Block size=3
begin cleaner{left: ("[FunctionalDependency:(s: {brewery_id}, t: {city})]", 0.0), operator: *, right: (1.0, 1.0), result: 0.0}
列 'p' 不存在，对列 city 不过滤，直接选择所有非无效值。
Block processing time: 0.002248 seconds
Computing Block 271 out of 560
Processing Block size=2
begin cleaner{left: ("[FunctionalDependency:(s: {brewery_id}, t: {city})]", 0.0), operator: *, right: (1.0, 1.0), result: 0.0}
列 'p' 不存在，对列 city 不过滤，直接选择所有非无效值。
Block processing time: 0.0015 seconds
Computing Block 272 out of 560
Processing Block size=2
begin cleaner{left: ("[FunctionalDependency:(s: {brewery_id}, t: {city})]", 0.0), operator: *, right: (1.0, 1.0), result: 0.0}
列 'p' 不存在，对列 city 不过滤，直接选择所有非无效值。
Block processing time: 0.0015 seconds
Computing Block 274 out of 560
Processing Block size=2
begin cleaner{left: ("[FunctionalDependency:(s: {brewery_id}, t: {city})]", 0.0), operator: *, right: (1.0, 1.0), result: 0.0}
列 'p' 不存在，对列 city 不过滤，直接选择所有非无效值。
Block processing time: 0.001575 seconds
Computing Block 275 out of 560
Processing Block size=2
begin cleaner{left: ("[FunctionalDependency:(s: {brewery_id}, t: {city})]", 0.0), operator: *, right: (1.0, 1.0), result: 0.0}
列 'p' 不存在，对列 city 不过滤，直接选择所有非无效值。
Block processing time: 0.001525 seconds
Computing Block 277 out of 560
Processing Block size=2
begin cleaner{left: ("[FunctionalDependency:(s: {brewery_id}, t: {city})]", 0.0), operator: *, right: (1.0, 1.0), result: 0.0}
列 'p' 不存在，对列 city 不过滤，直接选择所有非无效值。
Block processing time: 0.001594 seconds
Computing Block 279 out of 560
Processing Block size=2
begin cleaner{left: ("[FunctionalDependency:(s: {brewery_id}, t: {city})]", 0.0), operator: *, right: (1.0, 1.0), result: 0.0}
列 'p' 不存在，对列 city 不过滤，直接选择所有非无效值。
Block processing time: 0.001509 seconds
Computing Block 280 out of 560
Processing Block size=32
begin cleaner{left: ("[FunctionalDependency:(s: {brewery_id}, t: {city})]", 0.0), operator: *, right: (1.0, 1.0), result: 0.0}
列 'p' 不存在，对列 city 不过滤，直接选择所有非无效值。
Block processing time: 0.022631 seconds
Computing Block 281 out of 560
Processing Block size=4
begin cleaner{left: ("[FunctionalDependency:(s: {brewery_id}, t: {city})]", 0.0), operator: *, right: (1.0, 1.0), result: 0.0}
列 'p' 不存在，对列 city 不过滤，直接选择所有非无效值。
Block processing time: 0.002914 seconds
Computing Block 282 out of 560
Processing Block size=5
begin cleaner{left: ("[FunctionalDependency:(s: {brewery_id}, t: {city})]", 0.0), operator: *, right: (1.0, 1.0), result: 0.0}
列 'p' 不存在，对列 city 不过滤，直接选择所有非无效值。
Block processing time: 0.003604 seconds
Computing Block 283 out of 560
Processing Block size=5
begin cleaner{left: ("[FunctionalDependency:(s: {brewery_id}, t: {city})]", 0.0), operator: *, right: (1.0, 1.0), result: 0.0}
列 'p' 不存在，对列 city 不过滤，直接选择所有非无效值。
Block processing time: 0.003664 seconds
Computing Block 284 out of 560
Processing Block size=3
begin cleaner{left: ("[FunctionalDependency:(s: {brewery_id}, t: {city})]", 0.0), operator: *, right: (1.0, 1.0), result: 0.0}
列 'p' 不存在，对列 city 不过滤，直接选择所有非无效值。
Block processing time: 0.0022 seconds
Computing Block 285 out of 560
Processing Block size=3
begin cleaner{left: ("[FunctionalDependency:(s: {brewery_id}, t: {city})]", 0.0), operator: *, right: (1.0, 1.0), result: 0.0}
列 'p' 不存在，对列 city 不过滤，直接选择所有非无效值。
Block processing time: 0.002192 seconds
Computing Block 286 out of 560
Processing Block size=5
begin cleaner{left: ("[FunctionalDependency:(s: {brewery_id}, t: {city})]", 0.0), operator: *, right: (1.0, 1.0), result: 0.0}
列 'p' 不存在，对列 city 不过滤，直接选择所有非无效值。
Block processing time: 0.003577 seconds
Computing Block 287 out of 560
Processing Block size=3
begin cleaner{left: ("[FunctionalDependency:(s: {brewery_id}, t: {city})]", 0.0), operator: *, right: (1.0, 1.0), result: 0.0}
列 'p' 不存在，对列 city 不过滤，直接选择所有非无效值。
Block processing time: 0.002274 seconds
Computing Block 288 out of 560
Processing Block size=14
begin cleaner{left: ("[FunctionalDependency:(s: {brewery_id}, t: {city})]", 0.0), operator: *, right: (1.0, 1.0), result: 0.0}
列 'p' 不存在，对列 city 不过滤，直接选择所有非无效值。
Block processing time: 0.0103 seconds
Computing Block 290 out of 560
Processing Block size=2
begin cleaner{left: ("[FunctionalDependency:(s: {brewery_id}, t: {city})]", 0.0), operator: *, right: (1.0, 1.0), result: 0.0}
列 'p' 不存在，对列 city 不过滤，直接选择所有非无效值。
Block processing time: 0.001511 seconds
Computing Block 291 out of 560
Processing Block size=2
begin cleaner{left: ("[FunctionalDependency:(s: {brewery_id}, t: {city})]", 0.0), operator: *, right: (1.0, 1.0), result: 0.0}
列 'p' 不存在，对列 city 不过滤，直接选择所有非无效值。
Block processing time: 0.0015 seconds
Computing Block 292 out of 560
Processing Block size=4
begin cleaner{left: ("[FunctionalDependency:(s: {brewery_id}, t: {city})]", 0.0), operator: *, right: (1.0, 1.0), result: 0.0}
列 'p' 不存在，对列 city 不过滤，直接选择所有非无效值。
Block processing time: 0.002887 seconds
Computing Block 294 out of 560
Processing Block size=2
begin cleaner{left: ("[FunctionalDependency:(s: {brewery_id}, t: {city})]", 0.0), operator: *, right: (1.0, 1.0), result: 0.0}
列 'p' 不存在，对列 city 不过滤，直接选择所有非无效值。
Block processing time: 0.001544 seconds
Computing Block 295 out of 560
Processing Block size=6
begin cleaner{left: ("[FunctionalDependency:(s: {brewery_id}, t: {city})]", 0.0), operator: *, right: (1.0, 1.0), result: 0.0}
列 'p' 不存在，对列 city 不过滤，直接选择所有非无效值。
Block processing time: 0.00435 seconds
Computing Block 296 out of 560
Processing Block size=4
begin cleaner{left: ("[FunctionalDependency:(s: {brewery_id}, t: {city})]", 0.0), operator: *, right: (1.0, 1.0), result: 0.0}
列 'p' 不存在，对列 city 不过滤，直接选择所有非无效值。
Block processing time: 0.00289 seconds
Computing Block 297 out of 560
Processing Block size=3
begin cleaner{left: ("[FunctionalDependency:(s: {brewery_id}, t: {city})]", 0.0), operator: *, right: (1.0, 1.0), result: 0.0}
列 'p' 不存在，对列 city 不过滤，直接选择所有非无效值。
Block processing time: 0.002275 seconds
Computing Block 299 out of 560
Processing Block size=9
begin cleaner{left: ("[FunctionalDependency:(s: {brewery_id}, t: {city})]", 0.0), operator: *, right: (1.0, 1.0), result: 0.0}
列 'p' 不存在，对列 city 不过滤，直接选择所有非无效值。
Block processing time: 0.006353 seconds
Computing Block 301 out of 560
Processing Block size=5
begin cleaner{left: ("[FunctionalDependency:(s: {brewery_id}, t: {city})]", 0.0), operator: *, right: (1.0, 1.0), result: 0.0}
列 'p' 不存在，对列 city 不过滤，直接选择所有非无效值。
Block processing time: 0.003591 seconds
Computing Block 303 out of 560
Processing Block size=5
begin cleaner{left: ("[FunctionalDependency:(s: {brewery_id}, t: {city})]", 0.0), operator: *, right: (1.0, 1.0), result: 0.0}
列 'p' 不存在，对列 city 不过滤，直接选择所有非无效值。
Block processing time: 0.003795 seconds
Computing Block 304 out of 560
Processing Block size=9
begin cleaner{left: ("[FunctionalDependency:(s: {brewery_id}, t: {city})]", 0.0), operator: *, right: (1.0, 1.0), result: 0.0}
列 'p' 不存在，对列 city 不过滤，直接选择所有非无效值。
Block processing time: 0.006372 seconds
Computing Block 306 out of 560
Processing Block size=3
begin cleaner{left: ("[FunctionalDependency:(s: {brewery_id}, t: {city})]", 0.0), operator: *, right: (1.0, 1.0), result: 0.0}
列 'p' 不存在，对列 city 不过滤，直接选择所有非无效值。
Block processing time: 0.002231 seconds
Computing Block 307 out of 560
Processing Block size=7
begin cleaner{left: ("[FunctionalDependency:(s: {brewery_id}, t: {city})]", 0.0), operator: *, right: (1.0, 1.0), result: 0.0}
列 'p' 不存在，对列 city 不过滤，直接选择所有非无效值。
Block processing time: 0.005444 seconds
Computing Block 308 out of 560
Processing Block size=8
begin cleaner{left: ("[FunctionalDependency:(s: {brewery_id}, t: {city})]", 0.0), operator: *, right: (1.0, 1.0), result: 0.0}
列 'p' 不存在，对列 city 不过滤，直接选择所有非无效值。
Block processing time: 0.005797 seconds
Computing Block 309 out of 560
Processing Block size=3
begin cleaner{left: ("[FunctionalDependency:(s: {brewery_id}, t: {city})]", 0.0), operator: *, right: (1.0, 1.0), result: 0.0}
列 'p' 不存在，对列 city 不过滤，直接选择所有非无效值。
Block processing time: 0.002196 seconds
Computing Block 310 out of 560
Processing Block size=4
begin cleaner{left: ("[FunctionalDependency:(s: {brewery_id}, t: {city})]", 0.0), operator: *, right: (1.0, 1.0), result: 0.0}
列 'p' 不存在，对列 city 不过滤，直接选择所有非无效值。
Block processing time: 0.002931 seconds
Computing Block 313 out of 560
Processing Block size=3
begin cleaner{left: ("[FunctionalDependency:(s: {brewery_id}, t: {city})]", 0.0), operator: *, right: (1.0, 1.0), result: 0.0}
列 'p' 不存在，对列 city 不过滤，直接选择所有非无效值。
Block processing time: 0.002196 seconds
Computing Block 314 out of 560
Processing Block size=4
begin cleaner{left: ("[FunctionalDependency:(s: {brewery_id}, t: {city})]", 0.0), operator: *, right: (1.0, 1.0), result: 0.0}
列 'p' 不存在，对列 city 不过滤，直接选择所有非无效值。
Block processing time: 0.002912 seconds
Computing Block 315 out of 560
Processing Block size=4
begin cleaner{left: ("[FunctionalDependency:(s: {brewery_id}, t: {city})]", 0.0), operator: *, right: (1.0, 1.0), result: 0.0}
列 'p' 不存在，对列 city 不过滤，直接选择所有非无效值。
Block processing time: 0.002956 seconds
Computing Block 316 out of 560
Processing Block size=4
begin cleaner{left: ("[FunctionalDependency:(s: {brewery_id}, t: {city})]", 0.0), operator: *, right: (1.0, 1.0), result: 0.0}
列 'p' 不存在，对列 city 不过滤，直接选择所有非无效值。
Block processing time: 0.002883 seconds
Computing Block 317 out of 560
Processing Block size=3
begin cleaner{left: ("[FunctionalDependency:(s: {brewery_id}, t: {city})]", 0.0), operator: *, right: (1.0, 1.0), result: 0.0}
列 'p' 不存在，对列 city 不过滤，直接选择所有非无效值。
Block processing time: 0.002185 seconds
Computing Block 318 out of 560
Processing Block size=6
begin cleaner{left: ("[FunctionalDependency:(s: {brewery_id}, t: {city})]", 0.0), operator: *, right: (1.0, 1.0), result: 0.0}
列 'p' 不存在，对列 city 不过滤，直接选择所有非无效值。
Block processing time: 0.004302 seconds
Computing Block 319 out of 560
Processing Block size=4
begin cleaner{left: ("[FunctionalDependency:(s: {brewery_id}, t: {city})]", 0.0), operator: *, right: (1.0, 1.0), result: 0.0}
列 'p' 不存在，对列 city 不过滤，直接选择所有非无效值。
Block processing time: 0.002983 seconds
Computing Block 320 out of 560
Processing Block size=13
begin cleaner{left: ("[FunctionalDependency:(s: {brewery_id}, t: {city})]", 0.0), operator: *, right: (1.0, 1.0), result: 0.0}
列 'p' 不存在，对列 city 不过滤，直接选择所有非无效值。
Block processing time: 0.00934 seconds
Computing Block 321 out of 560
Processing Block size=2
begin cleaner{left: ("[FunctionalDependency:(s: {brewery_id}, t: {city})]", 0.0), operator: *, right: (1.0, 1.0), result: 0.0}
列 'p' 不存在，对列 city 不过滤，直接选择所有非无效值。
Block processing time: 0.001503 seconds
Computing Block 322 out of 560
Processing Block size=3
begin cleaner{left: ("[FunctionalDependency:(s: {brewery_id}, t: {city})]", 0.0), operator: *, right: (1.0, 1.0), result: 0.0}
列 'p' 不存在，对列 city 不过滤，直接选择所有非无效值。
Block processing time: 0.002227 seconds
Computing Block 324 out of 560
Processing Block size=4
begin cleaner{left: ("[FunctionalDependency:(s: {brewery_id}, t: {city})]", 0.0), operator: *, right: (1.0, 1.0), result: 0.0}
列 'p' 不存在，对列 city 不过滤，直接选择所有非无效值。
Block processing time: 0.002943 seconds
Computing Block 325 out of 560
Processing Block size=3
begin cleaner{left: ("[FunctionalDependency:(s: {brewery_id}, t: {city})]", 0.0), operator: *, right: (1.0, 1.0), result: 0.0}
列 'p' 不存在，对列 city 不过滤，直接选择所有非无效值。
Block processing time: 0.002196 seconds
Computing Block 328 out of 560
Processing Block size=5
begin cleaner{left: ("[FunctionalDependency:(s: {brewery_id}, t: {city})]", 0.0), operator: *, right: (1.0, 1.0), result: 0.0}
列 'p' 不存在，对列 city 不过滤，直接选择所有非无效值。
Block processing time: 0.003721 seconds
Computing Block 329 out of 560
Processing Block size=2
begin cleaner{left: ("[FunctionalDependency:(s: {brewery_id}, t: {city})]", 0.0), operator: *, right: (1.0, 1.0), result: 0.0}
列 'p' 不存在，对列 city 不过滤，直接选择所有非无效值。
Block processing time: 0.001527 seconds
Computing Block 330 out of 560
Processing Block size=6
begin cleaner{left: ("[FunctionalDependency:(s: {brewery_id}, t: {city})]", 0.0), operator: *, right: (1.0, 1.0), result: 0.0}
列 'p' 不存在，对列 city 不过滤，直接选择所有非无效值。
Block processing time: 0.004383 seconds
Computing Block 331 out of 560
Processing Block size=8
begin cleaner{left: ("[FunctionalDependency:(s: {brewery_id}, t: {city})]", 0.0), operator: *, right: (1.0, 1.0), result: 0.0}
列 'p' 不存在，对列 city 不过滤，直接选择所有非无效值。
Block processing time: 0.005786 seconds
Computing Block 332 out of 560
Processing Block size=2
begin cleaner{left: ("[FunctionalDependency:(s: {brewery_id}, t: {city})]", 0.0), operator: *, right: (1.0, 1.0), result: 0.0}
列 'p' 不存在，对列 city 不过滤，直接选择所有非无效值。
Block processing time: 0.001496 seconds
Computing Block 333 out of 560
Processing Block size=6
begin cleaner{left: ("[FunctionalDependency:(s: {brewery_id}, t: {city})]", 0.0), operator: *, right: (1.0, 1.0), result: 0.0}
列 'p' 不存在，对列 city 不过滤，直接选择所有非无效值。
Block processing time: 0.004459 seconds
Computing Block 336 out of 560
Processing Block size=2
begin cleaner{left: ("[FunctionalDependency:(s: {brewery_id}, t: {city})]", 0.0), operator: *, right: (1.0, 1.0), result: 0.0}
列 'p' 不存在，对列 city 不过滤，直接选择所有非无效值。
Block processing time: 0.001696 seconds
Computing Block 338 out of 560
Processing Block size=12
begin cleaner{left: ("[FunctionalDependency:(s: {brewery_id}, t: {city})]", 0.0), operator: *, right: (1.0, 1.0), result: 0.0}
列 'p' 不存在，对列 city 不过滤，直接选择所有非无效值。
Block processing time: 0.008896 seconds
Computing Block 339 out of 560
Processing Block size=9
begin cleaner{left: ("[FunctionalDependency:(s: {brewery_id}, t: {city})]", 0.0), operator: *, right: (1.0, 1.0), result: 0.0}
列 'p' 不存在，对列 city 不过滤，直接选择所有非无效值。
Block processing time: 0.00668 seconds
Computing Block 341 out of 560
Processing Block size=15
begin cleaner{left: ("[FunctionalDependency:(s: {brewery_id}, t: {city})]", 0.0), operator: *, right: (1.0, 1.0), result: 0.0}
列 'p' 不存在，对列 city 不过滤，直接选择所有非无效值。
Block processing time: 0.010784 seconds
Computing Block 342 out of 560
Processing Block size=9
begin cleaner{left: ("[FunctionalDependency:(s: {brewery_id}, t: {city})]", 0.0), operator: *, right: (1.0, 1.0), result: 0.0}
列 'p' 不存在，对列 city 不过滤，直接选择所有非无效值。
Block processing time: 0.006649 seconds
Computing Block 343 out of 560
Processing Block size=2
begin cleaner{left: ("[FunctionalDependency:(s: {brewery_id}, t: {city})]", 0.0), operator: *, right: (1.0, 1.0), result: 0.0}
列 'p' 不存在，对列 city 不过滤，直接选择所有非无效值。
Block processing time: 0.001536 seconds
Computing Block 346 out of 560
Processing Block size=3
begin cleaner{left: ("[FunctionalDependency:(s: {brewery_id}, t: {city})]", 0.0), operator: *, right: (1.0, 1.0), result: 0.0}
列 'p' 不存在，对列 city 不过滤，直接选择所有非无效值。
Block processing time: 0.002251 seconds
Computing Block 347 out of 560
Processing Block size=2
begin cleaner{left: ("[FunctionalDependency:(s: {brewery_id}, t: {city})]", 0.0), operator: *, right: (1.0, 1.0), result: 0.0}
列 'p' 不存在，对列 city 不过滤，直接选择所有非无效值。
Block processing time: 0.001508 seconds
Computing Block 348 out of 560
Processing Block size=4
begin cleaner{left: ("[FunctionalDependency:(s: {brewery_id}, t: {city})]", 0.0), operator: *, right: (1.0, 1.0), result: 0.0}
列 'p' 不存在，对列 city 不过滤，直接选择所有非无效值。
Block processing time: 0.002914 seconds
Computing Block 351 out of 560
Processing Block size=6
begin cleaner{left: ("[FunctionalDependency:(s: {brewery_id}, t: {city})]", 0.0), operator: *, right: (1.0, 1.0), result: 0.0}
列 'p' 不存在，对列 city 不过滤，直接选择所有非无效值。
Block processing time: 0.004364 seconds
Computing Block 352 out of 560
Processing Block size=2
begin cleaner{left: ("[FunctionalDependency:(s: {brewery_id}, t: {city})]", 0.0), operator: *, right: (1.0, 1.0), result: 0.0}
列 'p' 不存在，对列 city 不过滤，直接选择所有非无效值。
Block processing time: 0.001647 seconds
Computing Block 354 out of 560
Processing Block size=2
begin cleaner{left: ("[FunctionalDependency:(s: {brewery_id}, t: {city})]", 0.0), operator: *, right: (1.0, 1.0), result: 0.0}
列 'p' 不存在，对列 city 不过滤，直接选择所有非无效值。
Block processing time: 0.001871 seconds
Computing Block 355 out of 560
Processing Block size=2
begin cleaner{left: ("[FunctionalDependency:(s: {brewery_id}, t: {city})]", 0.0), operator: *, right: (1.0, 1.0), result: 0.0}
列 'p' 不存在，对列 city 不过滤，直接选择所有非无效值。
Block processing time: 0.00165 seconds
Computing Block 356 out of 560
Processing Block size=4
begin cleaner{left: ("[FunctionalDependency:(s: {brewery_id}, t: {city})]", 0.0), operator: *, right: (1.0, 1.0), result: 0.0}
列 'p' 不存在，对列 city 不过滤，直接选择所有非无效值。
Block processing time: 0.003167 seconds
Computing Block 357 out of 560
Processing Block size=4
begin cleaner{left: ("[FunctionalDependency:(s: {brewery_id}, t: {city})]", 0.0), operator: *, right: (1.0, 1.0), result: 0.0}
列 'p' 不存在，对列 city 不过滤，直接选择所有非无效值。
Block processing time: 0.003121 seconds
Computing Block 358 out of 560
Processing Block size=3
begin cleaner{left: ("[FunctionalDependency:(s: {brewery_id}, t: {city})]", 0.0), operator: *, right: (1.0, 1.0), result: 0.0}
列 'p' 不存在，对列 city 不过滤，直接选择所有非无效值。
Block processing time: 0.002386 seconds
Computing Block 360 out of 560
Processing Block size=2
begin cleaner{left: ("[FunctionalDependency:(s: {brewery_id}, t: {city})]", 0.0), operator: *, right: (1.0, 1.0), result: 0.0}
列 'p' 不存在，对列 city 不过滤，直接选择所有非无效值。
Block processing time: 0.001644 seconds
Computing Block 361 out of 560
Processing Block size=7
begin cleaner{left: ("[FunctionalDependency:(s: {brewery_id}, t: {city})]", 0.0), operator: *, right: (1.0, 1.0), result: 0.0}
列 'p' 不存在，对列 city 不过滤，直接选择所有非无效值。
Block processing time: 0.005463 seconds
Computing Block 362 out of 560
Processing Block size=12
begin cleaner{left: ("[FunctionalDependency:(s: {brewery_id}, t: {city})]", 0.0), operator: *, right: (1.0, 1.0), result: 0.0}
列 'p' 不存在，对列 city 不过滤，直接选择所有非无效值。
Block processing time: 0.009578 seconds
Computing Block 364 out of 560
Processing Block size=22
begin cleaner{left: ("[FunctionalDependency:(s: {brewery_id}, t: {city})]", 0.0), operator: *, right: (1.0, 1.0), result: 0.0}
列 'p' 不存在，对列 city 不过滤，直接选择所有非无效值。
Block processing time: 0.016975 seconds
Computing Block 365 out of 560
Processing Block size=10
begin cleaner{left: ("[FunctionalDependency:(s: {brewery_id}, t: {city})]", 0.0), operator: *, right: (1.0, 1.0), result: 0.0}
列 'p' 不存在，对列 city 不过滤，直接选择所有非无效值。
Block processing time: 0.008062 seconds
Computing Block 366 out of 560
Processing Block size=3
begin cleaner{left: ("[FunctionalDependency:(s: {brewery_id}, t: {city})]", 0.0), operator: *, right: (1.0, 1.0), result: 0.0}
列 'p' 不存在，对列 city 不过滤，直接选择所有非无效值。
Block processing time: 0.002442 seconds
Computing Block 367 out of 560
Processing Block size=8
begin cleaner{left: ("[FunctionalDependency:(s: {brewery_id}, t: {city})]", 0.0), operator: *, right: (1.0, 1.0), result: 0.0}
列 'p' 不存在，对列 city 不过滤，直接选择所有非无效值。
Block processing time: 0.006406 seconds
Computing Block 368 out of 560
Processing Block size=3
begin cleaner{left: ("[FunctionalDependency:(s: {brewery_id}, t: {city})]", 0.0), operator: *, right: (1.0, 1.0), result: 0.0}
列 'p' 不存在，对列 city 不过滤，直接选择所有非无效值。
Block processing time: 0.002511 seconds
Computing Block 370 out of 560
Processing Block size=4
begin cleaner{left: ("[FunctionalDependency:(s: {brewery_id}, t: {city})]", 0.0), operator: *, right: (1.0, 1.0), result: 0.0}
列 'p' 不存在，对列 city 不过滤，直接选择所有非无效值。
Block processing time: 0.003223 seconds
Computing Block 371 out of 560
Processing Block size=4
begin cleaner{left: ("[FunctionalDependency:(s: {brewery_id}, t: {city})]", 0.0), operator: *, right: (1.0, 1.0), result: 0.0}
列 'p' 不存在，对列 city 不过滤，直接选择所有非无效值。
Block processing time: 0.003239 seconds
Computing Block 372 out of 560
Processing Block size=5
begin cleaner{left: ("[FunctionalDependency:(s: {brewery_id}, t: {city})]", 0.0), operator: *, right: (1.0, 1.0), result: 0.0}
列 'p' 不存在，对列 city 不过滤，直接选择所有非无效值。
Block processing time: 0.003927 seconds
Computing Block 373 out of 560
Processing Block size=3
begin cleaner{left: ("[FunctionalDependency:(s: {brewery_id}, t: {city})]", 0.0), operator: *, right: (1.0, 1.0), result: 0.0}
列 'p' 不存在，对列 city 不过滤，直接选择所有非无效值。
Block processing time: 0.002384 seconds
Computing Block 374 out of 560
Processing Block size=5
begin cleaner{left: ("[FunctionalDependency:(s: {brewery_id}, t: {city})]", 0.0), operator: *, right: (1.0, 1.0), result: 0.0}
列 'p' 不存在，对列 city 不过滤，直接选择所有非无效值。
Block processing time: 0.004042 seconds
Computing Block 375 out of 560
Processing Block size=2
begin cleaner{left: ("[FunctionalDependency:(s: {brewery_id}, t: {city})]", 0.0), operator: *, right: (1.0, 1.0), result: 0.0}
列 'p' 不存在，对列 city 不过滤，直接选择所有非无效值。
Block processing time: 0.001612 seconds
Computing Block 376 out of 560
Processing Block size=2
begin cleaner{left: ("[FunctionalDependency:(s: {brewery_id}, t: {city})]", 0.0), operator: *, right: (1.0, 1.0), result: 0.0}
列 'p' 不存在，对列 city 不过滤，直接选择所有非无效值。
Block processing time: 0.00152 seconds
Computing Block 378 out of 560
Processing Block size=2
begin cleaner{left: ("[FunctionalDependency:(s: {brewery_id}, t: {city})]", 0.0), operator: *, right: (1.0, 1.0), result: 0.0}
列 'p' 不存在，对列 city 不过滤，直接选择所有非无效值。
Block processing time: 0.001537 seconds
Computing Block 379 out of 560
Processing Block size=4
begin cleaner{left: ("[FunctionalDependency:(s: {brewery_id}, t: {city})]", 0.0), operator: *, right: (1.0, 1.0), result: 0.0}
列 'p' 不存在，对列 city 不过滤，直接选择所有非无效值。
Block processing time: 0.002928 seconds
Computing Block 380 out of 560
Processing Block size=7
begin cleaner{left: ("[FunctionalDependency:(s: {brewery_id}, t: {city})]", 0.0), operator: *, right: (1.0, 1.0), result: 0.0}
列 'p' 不存在，对列 city 不过滤，直接选择所有非无效值。
Block processing time: 0.005096 seconds
Computing Block 381 out of 560
Processing Block size=19
begin cleaner{left: ("[FunctionalDependency:(s: {brewery_id}, t: {city})]", 0.0), operator: *, right: (1.0, 1.0), result: 0.0}
列 'p' 不存在，对列 city 不过滤，直接选择所有非无效值。
Block processing time: 0.013671 seconds
Computing Block 382 out of 560
Processing Block size=3
begin cleaner{left: ("[FunctionalDependency:(s: {brewery_id}, t: {city})]", 0.0), operator: *, right: (1.0, 1.0), result: 0.0}
列 'p' 不存在，对列 city 不过滤，直接选择所有非无效值。
Block processing time: 0.002205 seconds
Computing Block 383 out of 560
Processing Block size=2
begin cleaner{left: ("[FunctionalDependency:(s: {brewery_id}, t: {city})]", 0.0), operator: *, right: (1.0, 1.0), result: 0.0}
列 'p' 不存在，对列 city 不过滤，直接选择所有非无效值。
Block processing time: 0.001542 seconds
Computing Block 384 out of 560
Processing Block size=3
begin cleaner{left: ("[FunctionalDependency:(s: {brewery_id}, t: {city})]", 0.0), operator: *, right: (1.0, 1.0), result: 0.0}
列 'p' 不存在，对列 city 不过滤，直接选择所有非无效值。
Block processing time: 0.002371 seconds
Computing Block 385 out of 560
Processing Block size=2
begin cleaner{left: ("[FunctionalDependency:(s: {brewery_id}, t: {city})]", 0.0), operator: *, right: (1.0, 1.0), result: 0.0}
列 'p' 不存在，对列 city 不过滤，直接选择所有非无效值。
Block processing time: 0.00151 seconds
Computing Block 386 out of 560
Processing Block size=4
begin cleaner{left: ("[FunctionalDependency:(s: {brewery_id}, t: {city})]", 0.0), operator: *, right: (1.0, 1.0), result: 0.0}
列 'p' 不存在，对列 city 不过滤，直接选择所有非无效值。
Block processing time: 0.002917 seconds
Computing Block 387 out of 560
Processing Block size=4
begin cleaner{left: ("[FunctionalDependency:(s: {brewery_id}, t: {city})]", 0.0), operator: *, right: (1.0, 1.0), result: 0.0}
列 'p' 不存在，对列 city 不过滤，直接选择所有非无效值。
Block processing time: 0.002884 seconds
Computing Block 388 out of 560
Processing Block size=3
begin cleaner{left: ("[FunctionalDependency:(s: {brewery_id}, t: {city})]", 0.0), operator: *, right: (1.0, 1.0), result: 0.0}
列 'p' 不存在，对列 city 不过滤，直接选择所有非无效值。
Block processing time: 0.00225 seconds
Computing Block 389 out of 560
Processing Block size=4
begin cleaner{left: ("[FunctionalDependency:(s: {brewery_id}, t: {city})]", 0.0), operator: *, right: (1.0, 1.0), result: 0.0}
列 'p' 不存在，对列 city 不过滤，直接选择所有非无效值。
Block processing time: 0.002906 seconds
Computing Block 390 out of 560
Processing Block size=3
begin cleaner{left: ("[FunctionalDependency:(s: {brewery_id}, t: {city})]", 0.0), operator: *, right: (1.0, 1.0), result: 0.0}
列 'p' 不存在，对列 city 不过滤，直接选择所有非无效值。
Block processing time: 0.002233 seconds
Computing Block 391 out of 560
Processing Block size=2
begin cleaner{left: ("[FunctionalDependency:(s: {brewery_id}, t: {city})]", 0.0), operator: *, right: (1.0, 1.0), result: 0.0}
列 'p' 不存在，对列 city 不过滤，直接选择所有非无效值。
Block processing time: 0.001521 seconds
Computing Block 392 out of 560
Processing Block size=2
begin cleaner{left: ("[FunctionalDependency:(s: {brewery_id}, t: {city})]", 0.0), operator: *, right: (1.0, 1.0), result: 0.0}
列 'p' 不存在，对列 city 不过滤，直接选择所有非无效值。
Block processing time: 0.001596 seconds
Computing Block 393 out of 560
Processing Block size=3
begin cleaner{left: ("[FunctionalDependency:(s: {brewery_id}, t: {city})]", 0.0), operator: *, right: (1.0, 1.0), result: 0.0}
列 'p' 不存在，对列 city 不过滤，直接选择所有非无效值。
Block processing time: 0.002217 seconds
Computing Block 394 out of 560
Processing Block size=7
begin cleaner{left: ("[FunctionalDependency:(s: {brewery_id}, t: {city})]", 0.0), operator: *, right: (1.0, 1.0), result: 0.0}
列 'p' 不存在，对列 city 不过滤，直接选择所有非无效值。
Block processing time: 0.00513 seconds
Computing Block 397 out of 560
Processing Block size=3
begin cleaner{left: ("[FunctionalDependency:(s: {brewery_id}, t: {city})]", 0.0), operator: *, right: (1.0, 1.0), result: 0.0}
列 'p' 不存在，对列 city 不过滤，直接选择所有非无效值。
Block processing time: 0.002211 seconds
Computing Block 398 out of 560
Processing Block size=12
begin cleaner{left: ("[FunctionalDependency:(s: {brewery_id}, t: {city})]", 0.0), operator: *, right: (1.0, 1.0), result: 0.0}
列 'p' 不存在，对列 city 不过滤，直接选择所有非无效值。
Block processing time: 0.008556 seconds
Computing Block 399 out of 560
Processing Block size=10
begin cleaner{left: ("[FunctionalDependency:(s: {brewery_id}, t: {city})]", 0.0), operator: *, right: (1.0, 1.0), result: 0.0}
列 'p' 不存在，对列 city 不过滤，直接选择所有非无效值。
Block processing time: 0.007172 seconds
Computing Block 400 out of 560
Processing Block size=4
begin cleaner{left: ("[FunctionalDependency:(s: {brewery_id}, t: {city})]", 0.0), operator: *, right: (1.0, 1.0), result: 0.0}
列 'p' 不存在，对列 city 不过滤，直接选择所有非无效值。
Block processing time: 0.002887 seconds
Computing Block 401 out of 560
Processing Block size=2
begin cleaner{left: ("[FunctionalDependency:(s: {brewery_id}, t: {city})]", 0.0), operator: *, right: (1.0, 1.0), result: 0.0}
列 'p' 不存在，对列 city 不过滤，直接选择所有非无效值。
Block processing time: 0.001542 seconds
Computing Block 402 out of 560
Processing Block size=8
begin cleaner{left: ("[FunctionalDependency:(s: {brewery_id}, t: {city})]", 0.0), operator: *, right: (1.0, 1.0), result: 0.0}
列 'p' 不存在，对列 city 不过滤，直接选择所有非无效值。
Block processing time: 0.005748 seconds
Computing Block 403 out of 560
Processing Block size=4
begin cleaner{left: ("[FunctionalDependency:(s: {brewery_id}, t: {city})]", 0.0), operator: *, right: (1.0, 1.0), result: 0.0}
列 'p' 不存在，对列 city 不过滤，直接选择所有非无效值。
Block processing time: 0.003 seconds
Computing Block 405 out of 560
Processing Block size=5
begin cleaner{left: ("[FunctionalDependency:(s: {brewery_id}, t: {city})]", 0.0), operator: *, right: (1.0, 1.0), result: 0.0}
列 'p' 不存在，对列 city 不过滤，直接选择所有非无效值。
Block processing time: 0.003587 seconds
Computing Block 406 out of 560
Processing Block size=3
begin cleaner{left: ("[FunctionalDependency:(s: {brewery_id}, t: {city})]", 0.0), operator: *, right: (1.0, 1.0), result: 0.0}
列 'p' 不存在，对列 city 不过滤，直接选择所有非无效值。
Block processing time: 0.002241 seconds
Computing Block 408 out of 560
Processing Block size=2
begin cleaner{left: ("[FunctionalDependency:(s: {brewery_id}, t: {city})]", 0.0), operator: *, right: (1.0, 1.0), result: 0.0}
列 'p' 不存在，对列 city 不过滤，直接选择所有非无效值。
Block processing time: 0.00157 seconds
Computing Block 409 out of 560
Processing Block size=5
begin cleaner{left: ("[FunctionalDependency:(s: {brewery_id}, t: {city})]", 0.0), operator: *, right: (1.0, 1.0), result: 0.0}
列 'p' 不存在，对列 city 不过滤，直接选择所有非无效值。
Block processing time: 0.003616 seconds
Computing Block 410 out of 560
Processing Block size=2
begin cleaner{left: ("[FunctionalDependency:(s: {brewery_id}, t: {city})]", 0.0), operator: *, right: (1.0, 1.0), result: 0.0}
列 'p' 不存在，对列 city 不过滤，直接选择所有非无效值。
Block processing time: 0.001506 seconds
Computing Block 411 out of 560
Processing Block size=3
begin cleaner{left: ("[FunctionalDependency:(s: {brewery_id}, t: {city})]", 0.0), operator: *, right: (1.0, 1.0), result: 0.0}
列 'p' 不存在，对列 city 不过滤，直接选择所有非无效值。
Block processing time: 0.002272 seconds
Computing Block 412 out of 560
Processing Block size=4
begin cleaner{left: ("[FunctionalDependency:(s: {brewery_id}, t: {city})]", 0.0), operator: *, right: (1.0, 1.0), result: 0.0}
列 'p' 不存在，对列 city 不过滤，直接选择所有非无效值。
Block processing time: 0.003014 seconds
Computing Block 413 out of 560
Processing Block size=5
begin cleaner{left: ("[FunctionalDependency:(s: {brewery_id}, t: {city})]", 0.0), operator: *, right: (1.0, 1.0), result: 0.0}
列 'p' 不存在，对列 city 不过滤，直接选择所有非无效值。
Block processing time: 0.003686 seconds
Computing Block 414 out of 560
Processing Block size=4
begin cleaner{left: ("[FunctionalDependency:(s: {brewery_id}, t: {city})]", 0.0), operator: *, right: (1.0, 1.0), result: 0.0}
列 'p' 不存在，对列 city 不过滤，直接选择所有非无效值。
Block processing time: 0.002966 seconds
Computing Block 415 out of 560
Processing Block size=4
begin cleaner{left: ("[FunctionalDependency:(s: {brewery_id}, t: {city})]", 0.0), operator: *, right: (1.0, 1.0), result: 0.0}
列 'p' 不存在，对列 city 不过滤，直接选择所有非无效值。
Block processing time: 0.00294 seconds
Computing Block 416 out of 560
Processing Block size=2
begin cleaner{left: ("[FunctionalDependency:(s: {brewery_id}, t: {city})]", 0.0), operator: *, right: (1.0, 1.0), result: 0.0}
列 'p' 不存在，对列 city 不过滤，直接选择所有非无效值。
Block processing time: 0.001538 seconds
Computing Block 417 out of 560
Processing Block size=2
begin cleaner{left: ("[FunctionalDependency:(s: {brewery_id}, t: {city})]", 0.0), operator: *, right: (1.0, 1.0), result: 0.0}
列 'p' 不存在，对列 city 不过滤，直接选择所有非无效值。
Block processing time: 0.001486 seconds
Computing Block 418 out of 560
Processing Block size=5
begin cleaner{left: ("[FunctionalDependency:(s: {brewery_id}, t: {city})]", 0.0), operator: *, right: (1.0, 1.0), result: 0.0}
列 'p' 不存在，对列 city 不过滤，直接选择所有非无效值。
Block processing time: 0.003689 seconds
Computing Block 420 out of 560
Processing Block size=5
begin cleaner{left: ("[FunctionalDependency:(s: {brewery_id}, t: {city})]", 0.0), operator: *, right: (1.0, 1.0), result: 0.0}
列 'p' 不存在，对列 city 不过滤，直接选择所有非无效值。
Block processing time: 0.003571 seconds
Computing Block 421 out of 560
Processing Block size=2
begin cleaner{left: ("[FunctionalDependency:(s: {brewery_id}, t: {city})]", 0.0), operator: *, right: (1.0, 1.0), result: 0.0}
列 'p' 不存在，对列 city 不过滤，直接选择所有非无效值。
Block processing time: 0.001509 seconds
Computing Block 422 out of 560
Processing Block size=2
begin cleaner{left: ("[FunctionalDependency:(s: {brewery_id}, t: {city})]", 0.0), operator: *, right: (1.0, 1.0), result: 0.0}
列 'p' 不存在，对列 city 不过滤，直接选择所有非无效值。
Block processing time: 0.001502 seconds
Computing Block 423 out of 560
Processing Block size=3
begin cleaner{left: ("[FunctionalDependency:(s: {brewery_id}, t: {city})]", 0.0), operator: *, right: (1.0, 1.0), result: 0.0}
列 'p' 不存在，对列 city 不过滤，直接选择所有非无效值。
Block processing time: 0.002218 seconds
Computing Block 424 out of 560
Processing Block size=5
begin cleaner{left: ("[FunctionalDependency:(s: {brewery_id}, t: {city})]", 0.0), operator: *, right: (1.0, 1.0), result: 0.0}
列 'p' 不存在，对列 city 不过滤，直接选择所有非无效值。
Block processing time: 0.003783 seconds
Computing Block 425 out of 560
Processing Block size=2
begin cleaner{left: ("[FunctionalDependency:(s: {brewery_id}, t: {city})]", 0.0), operator: *, right: (1.0, 1.0), result: 0.0}
列 'p' 不存在，对列 city 不过滤，直接选择所有非无效值。
Block processing time: 0.001505 seconds
Computing Block 426 out of 560
Processing Block size=4
begin cleaner{left: ("[FunctionalDependency:(s: {brewery_id}, t: {city})]", 0.0), operator: *, right: (1.0, 1.0), result: 0.0}
列 'p' 不存在，对列 city 不过滤，直接选择所有非无效值。
Block processing time: 0.00288 seconds
Computing Block 427 out of 560
Processing Block size=4
begin cleaner{left: ("[FunctionalDependency:(s: {brewery_id}, t: {city})]", 0.0), operator: *, right: (1.0, 1.0), result: 0.0}
列 'p' 不存在，对列 city 不过滤，直接选择所有非无效值。
Block processing time: 0.002878 seconds
Computing Block 428 out of 560
Processing Block size=2
begin cleaner{left: ("[FunctionalDependency:(s: {brewery_id}, t: {city})]", 0.0), operator: *, right: (1.0, 1.0), result: 0.0}
列 'p' 不存在，对列 city 不过滤，直接选择所有非无效值。
Block processing time: 0.001526 seconds
Computing Block 430 out of 560
Processing Block size=3
begin cleaner{left: ("[FunctionalDependency:(s: {brewery_id}, t: {city})]", 0.0), operator: *, right: (1.0, 1.0), result: 0.0}
列 'p' 不存在，对列 city 不过滤，直接选择所有非无效值。
Block processing time: 0.00222 seconds
Computing Block 431 out of 560
Processing Block size=7
begin cleaner{left: ("[FunctionalDependency:(s: {brewery_id}, t: {city})]", 0.0), operator: *, right: (1.0, 1.0), result: 0.0}
列 'p' 不存在，对列 city 不过滤，直接选择所有非无效值。
Block processing time: 0.00502 seconds
Computing Block 432 out of 560
Processing Block size=2
begin cleaner{left: ("[FunctionalDependency:(s: {brewery_id}, t: {city})]", 0.0), operator: *, right: (1.0, 1.0), result: 0.0}
列 'p' 不存在，对列 city 不过滤，直接选择所有非无效值。
Block processing time: 0.001497 seconds
Computing Block 433 out of 560
Processing Block size=10
begin cleaner{left: ("[FunctionalDependency:(s: {brewery_id}, t: {city})]", 0.0), operator: *, right: (1.0, 1.0), result: 0.0}
列 'p' 不存在，对列 city 不过滤，直接选择所有非无效值。
Block processing time: 0.007174 seconds
Computing Block 434 out of 560
Processing Block size=2
begin cleaner{left: ("[FunctionalDependency:(s: {brewery_id}, t: {city})]", 0.0), operator: *, right: (1.0, 1.0), result: 0.0}
列 'p' 不存在，对列 city 不过滤，直接选择所有非无效值。
Block processing time: 0.001496 seconds
Computing Block 436 out of 560
Processing Block size=12
begin cleaner{left: ("[FunctionalDependency:(s: {brewery_id}, t: {city})]", 0.0), operator: *, right: (1.0, 1.0), result: 0.0}
列 'p' 不存在，对列 city 不过滤，直接选择所有非无效值。
Block processing time: 0.008606 seconds
Computing Block 437 out of 560
Processing Block size=4
begin cleaner{left: ("[FunctionalDependency:(s: {brewery_id}, t: {city})]", 0.0), operator: *, right: (1.0, 1.0), result: 0.0}
列 'p' 不存在，对列 city 不过滤，直接选择所有非无效值。
Block processing time: 0.002928 seconds
Computing Block 438 out of 560
Processing Block size=4
begin cleaner{left: ("[FunctionalDependency:(s: {brewery_id}, t: {city})]", 0.0), operator: *, right: (1.0, 1.0), result: 0.0}
列 'p' 不存在，对列 city 不过滤，直接选择所有非无效值。
Block processing time: 0.002879 seconds
Computing Block 439 out of 560
Processing Block size=4
begin cleaner{left: ("[FunctionalDependency:(s: {brewery_id}, t: {city})]", 0.0), operator: *, right: (1.0, 1.0), result: 0.0}
列 'p' 不存在，对列 city 不过滤，直接选择所有非无效值。
Block processing time: 0.002927 seconds
Computing Block 440 out of 560
Processing Block size=2
begin cleaner{left: ("[FunctionalDependency:(s: {brewery_id}, t: {city})]", 0.0), operator: *, right: (1.0, 1.0), result: 0.0}
列 'p' 不存在，对列 city 不过滤，直接选择所有非无效值。
Block processing time: 0.001536 seconds
Computing Block 441 out of 560
Processing Block size=2
begin cleaner{left: ("[FunctionalDependency:(s: {brewery_id}, t: {city})]", 0.0), operator: *, right: (1.0, 1.0), result: 0.0}
列 'p' 不存在，对列 city 不过滤，直接选择所有非无效值。
Block processing time: 0.001541 seconds
Computing Block 442 out of 560
Processing Block size=5
begin cleaner{left: ("[FunctionalDependency:(s: {brewery_id}, t: {city})]", 0.0), operator: *, right: (1.0, 1.0), result: 0.0}
列 'p' 不存在，对列 city 不过滤，直接选择所有非无效值。
Block processing time: 0.003896 seconds
Computing Block 443 out of 560
Processing Block size=6
begin cleaner{left: ("[FunctionalDependency:(s: {brewery_id}, t: {city})]", 0.0), operator: *, right: (1.0, 1.0), result: 0.0}
列 'p' 不存在，对列 city 不过滤，直接选择所有非无效值。
Block processing time: 0.00442 seconds
Computing Block 445 out of 560
Processing Block size=6
begin cleaner{left: ("[FunctionalDependency:(s: {brewery_id}, t: {city})]", 0.0), operator: *, right: (1.0, 1.0), result: 0.0}
列 'p' 不存在，对列 city 不过滤，直接选择所有非无效值。
Block processing time: 0.004466 seconds
Computing Block 446 out of 560
Processing Block size=2
begin cleaner{left: ("[FunctionalDependency:(s: {brewery_id}, t: {city})]", 0.0), operator: *, right: (1.0, 1.0), result: 0.0}
列 'p' 不存在，对列 city 不过滤，直接选择所有非无效值。
Block processing time: 0.0015 seconds
Computing Block 448 out of 560
Processing Block size=6
begin cleaner{left: ("[FunctionalDependency:(s: {brewery_id}, t: {city})]", 0.0), operator: *, right: (1.0, 1.0), result: 0.0}
列 'p' 不存在，对列 city 不过滤，直接选择所有非无效值。
Block processing time: 0.00447 seconds
Computing Block 449 out of 560
Processing Block size=4
begin cleaner{left: ("[FunctionalDependency:(s: {brewery_id}, t: {city})]", 0.0), operator: *, right: (1.0, 1.0), result: 0.0}
列 'p' 不存在，对列 city 不过滤，直接选择所有非无效值。
Block processing time: 0.003033 seconds
Computing Block 450 out of 560
Processing Block size=6
begin cleaner{left: ("[FunctionalDependency:(s: {brewery_id}, t: {city})]", 0.0), operator: *, right: (1.0, 1.0), result: 0.0}
列 'p' 不存在，对列 city 不过滤，直接选择所有非无效值。
Block processing time: 0.004465 seconds
Computing Block 451 out of 560
Processing Block size=6
begin cleaner{left: ("[FunctionalDependency:(s: {brewery_id}, t: {city})]", 0.0), operator: *, right: (1.0, 1.0), result: 0.0}
列 'p' 不存在，对列 city 不过滤，直接选择所有非无效值。
Block processing time: 0.00429 seconds
Computing Block 452 out of 560
Processing Block size=6
begin cleaner{left: ("[FunctionalDependency:(s: {brewery_id}, t: {city})]", 0.0), operator: *, right: (1.0, 1.0), result: 0.0}
列 'p' 不存在，对列 city 不过滤，直接选择所有非无效值。
Block processing time: 0.004504 seconds
Computing Block 453 out of 560
Processing Block size=5
begin cleaner{left: ("[FunctionalDependency:(s: {brewery_id}, t: {city})]", 0.0), operator: *, right: (1.0, 1.0), result: 0.0}
列 'p' 不存在，对列 city 不过滤，直接选择所有非无效值。
Block processing time: 0.003769 seconds
Computing Block 454 out of 560
Processing Block size=4
begin cleaner{left: ("[FunctionalDependency:(s: {brewery_id}, t: {city})]", 0.0), operator: *, right: (1.0, 1.0), result: 0.0}
列 'p' 不存在，对列 city 不过滤，直接选择所有非无效值。
Block processing time: 0.003069 seconds
Computing Block 455 out of 560
Processing Block size=5
begin cleaner{left: ("[FunctionalDependency:(s: {brewery_id}, t: {city})]", 0.0), operator: *, right: (1.0, 1.0), result: 0.0}
列 'p' 不存在，对列 city 不过滤，直接选择所有非无效值。
Block processing time: 0.003637 seconds
Computing Block 456 out of 560
Processing Block size=2
begin cleaner{left: ("[FunctionalDependency:(s: {brewery_id}, t: {city})]", 0.0), operator: *, right: (1.0, 1.0), result: 0.0}
列 'p' 不存在，对列 city 不过滤，直接选择所有非无效值。
Block processing time: 0.001529 seconds
Computing Block 457 out of 560
Processing Block size=18
begin cleaner{left: ("[FunctionalDependency:(s: {brewery_id}, t: {city})]", 0.0), operator: *, right: (1.0, 1.0), result: 0.0}
列 'p' 不存在，对列 city 不过滤，直接选择所有非无效值。
Block processing time: 0.013079 seconds
Computing Block 459 out of 560
Processing Block size=14
begin cleaner{left: ("[FunctionalDependency:(s: {brewery_id}, t: {city})]", 0.0), operator: *, right: (1.0, 1.0), result: 0.0}
列 'p' 不存在，对列 city 不过滤，直接选择所有非无效值。
Block processing time: 0.010384 seconds
Computing Block 460 out of 560
Processing Block size=15
begin cleaner{left: ("[FunctionalDependency:(s: {brewery_id}, t: {city})]", 0.0), operator: *, right: (1.0, 1.0), result: 0.0}
列 'p' 不存在，对列 city 不过滤，直接选择所有非无效值。
Block processing time: 0.011052 seconds
Computing Block 461 out of 560
Processing Block size=7
begin cleaner{left: ("[FunctionalDependency:(s: {brewery_id}, t: {city})]", 0.0), operator: *, right: (1.0, 1.0), result: 0.0}
列 'p' 不存在，对列 city 不过滤，直接选择所有非无效值。
Block processing time: 0.005099 seconds
Computing Block 462 out of 560
Processing Block size=4
begin cleaner{left: ("[FunctionalDependency:(s: {brewery_id}, t: {city})]", 0.0), operator: *, right: (1.0, 1.0), result: 0.0}
列 'p' 不存在，对列 city 不过滤，直接选择所有非无效值。
Block processing time: 0.003006 seconds
Computing Block 463 out of 560
Processing Block size=4
begin cleaner{left: ("[FunctionalDependency:(s: {brewery_id}, t: {city})]", 0.0), operator: *, right: (1.0, 1.0), result: 0.0}
列 'p' 不存在，对列 city 不过滤，直接选择所有非无效值。
Block processing time: 0.002905 seconds
Computing Block 464 out of 560
Processing Block size=2
begin cleaner{left: ("[FunctionalDependency:(s: {brewery_id}, t: {city})]", 0.0), operator: *, right: (1.0, 1.0), result: 0.0}
列 'p' 不存在，对列 city 不过滤，直接选择所有非无效值。
Block processing time: 0.001523 seconds
Computing Block 465 out of 560
Processing Block size=12
begin cleaner{left: ("[FunctionalDependency:(s: {brewery_id}, t: {city})]", 0.0), operator: *, right: (1.0, 1.0), result: 0.0}
列 'p' 不存在，对列 city 不过滤，直接选择所有非无效值。
Block processing time: 0.008613 seconds
Computing Block 466 out of 560
Processing Block size=25
begin cleaner{left: ("[FunctionalDependency:(s: {brewery_id}, t: {city})]", 0.0), operator: *, right: (1.0, 1.0), result: 0.0}
列 'p' 不存在，对列 city 不过滤，直接选择所有非无效值。
Block processing time: 0.017852 seconds
Computing Block 468 out of 560
Processing Block size=3
begin cleaner{left: ("[FunctionalDependency:(s: {brewery_id}, t: {city})]", 0.0), operator: *, right: (1.0, 1.0), result: 0.0}
列 'p' 不存在，对列 city 不过滤，直接选择所有非无效值。
Block processing time: 0.002382 seconds
Computing Block 470 out of 560
Processing Block size=2
begin cleaner{left: ("[FunctionalDependency:(s: {brewery_id}, t: {city})]", 0.0), operator: *, right: (1.0, 1.0), result: 0.0}
列 'p' 不存在，对列 city 不过滤，直接选择所有非无效值。
Block processing time: 0.001514 seconds
Computing Block 471 out of 560
Processing Block size=3
begin cleaner{left: ("[FunctionalDependency:(s: {brewery_id}, t: {city})]", 0.0), operator: *, right: (1.0, 1.0), result: 0.0}
列 'p' 不存在，对列 city 不过滤，直接选择所有非无效值。
Block processing time: 0.002237 seconds
Computing Block 473 out of 560
Processing Block size=4
begin cleaner{left: ("[FunctionalDependency:(s: {brewery_id}, t: {city})]", 0.0), operator: *, right: (1.0, 1.0), result: 0.0}
列 'p' 不存在，对列 city 不过滤，直接选择所有非无效值。
Block processing time: 0.002897 seconds
Computing Block 474 out of 560
Processing Block size=4
begin cleaner{left: ("[FunctionalDependency:(s: {brewery_id}, t: {city})]", 0.0), operator: *, right: (1.0, 1.0), result: 0.0}
列 'p' 不存在，对列 city 不过滤，直接选择所有非无效值。
Block processing time: 0.002976 seconds
Computing Block 476 out of 560
Processing Block size=2
begin cleaner{left: ("[FunctionalDependency:(s: {brewery_id}, t: {city})]", 0.0), operator: *, right: (1.0, 1.0), result: 0.0}
列 'p' 不存在，对列 city 不过滤，直接选择所有非无效值。
Block processing time: 0.001497 seconds
Computing Block 477 out of 560
Processing Block size=3
begin cleaner{left: ("[FunctionalDependency:(s: {brewery_id}, t: {city})]", 0.0), operator: *, right: (1.0, 1.0), result: 0.0}
列 'p' 不存在，对列 city 不过滤，直接选择所有非无效值。
Block processing time: 0.002274 seconds
Computing Block 478 out of 560
Processing Block size=2
begin cleaner{left: ("[FunctionalDependency:(s: {brewery_id}, t: {city})]", 0.0), operator: *, right: (1.0, 1.0), result: 0.0}
列 'p' 不存在，对列 city 不过滤，直接选择所有非无效值。
Block processing time: 0.001549 seconds
Computing Block 479 out of 560
Processing Block size=2
begin cleaner{left: ("[FunctionalDependency:(s: {brewery_id}, t: {city})]", 0.0), operator: *, right: (1.0, 1.0), result: 0.0}
列 'p' 不存在，对列 city 不过滤，直接选择所有非无效值。
Block processing time: 0.001491 seconds
Computing Block 480 out of 560
Processing Block size=2
begin cleaner{left: ("[FunctionalDependency:(s: {brewery_id}, t: {city})]", 0.0), operator: *, right: (1.0, 1.0), result: 0.0}
列 'p' 不存在，对列 city 不过滤，直接选择所有非无效值。
Block processing time: 0.001536 seconds
Computing Block 481 out of 560
Processing Block size=3
begin cleaner{left: ("[FunctionalDependency:(s: {brewery_id}, t: {city})]", 0.0), operator: *, right: (1.0, 1.0), result: 0.0}
列 'p' 不存在，对列 city 不过滤，直接选择所有非无效值。
Block processing time: 0.002214 seconds
Computing Block 483 out of 560
Processing Block size=2
begin cleaner{left: ("[FunctionalDependency:(s: {brewery_id}, t: {city})]", 0.0), operator: *, right: (1.0, 1.0), result: 0.0}
列 'p' 不存在，对列 city 不过滤，直接选择所有非无效值。
Block processing time: 0.001499 seconds
Computing Block 484 out of 560
Processing Block size=2
begin cleaner{left: ("[FunctionalDependency:(s: {brewery_id}, t: {city})]", 0.0), operator: *, right: (1.0, 1.0), result: 0.0}
列 'p' 不存在，对列 city 不过滤，直接选择所有非无效值。
Block processing time: 0.001577 seconds
Computing Block 485 out of 560
Processing Block size=2
begin cleaner{left: ("[FunctionalDependency:(s: {brewery_id}, t: {city})]", 0.0), operator: *, right: (1.0, 1.0), result: 0.0}
列 'p' 不存在，对列 city 不过滤，直接选择所有非无效值。
Block processing time: 0.001517 seconds
Computing Block 486 out of 560
Processing Block size=14
begin cleaner{left: ("[FunctionalDependency:(s: {brewery_id}, t: {city})]", 0.0), operator: *, right: (1.0, 1.0), result: 0.0}
列 'p' 不存在，对列 city 不过滤，直接选择所有非无效值。
Block processing time: 0.009945 seconds
Computing Block 487 out of 560
Processing Block size=2
begin cleaner{left: ("[FunctionalDependency:(s: {brewery_id}, t: {city})]", 0.0), operator: *, right: (1.0, 1.0), result: 0.0}
列 'p' 不存在，对列 city 不过滤，直接选择所有非无效值。
Block processing time: 0.001576 seconds
Computing Block 489 out of 560
Processing Block size=8
begin cleaner{left: ("[FunctionalDependency:(s: {brewery_id}, t: {city})]", 0.0), operator: *, right: (1.0, 1.0), result: 0.0}
列 'p' 不存在，对列 city 不过滤，直接选择所有非无效值。
Block processing time: 0.005788 seconds
Computing Block 491 out of 560
Processing Block size=7
begin cleaner{left: ("[FunctionalDependency:(s: {brewery_id}, t: {city})]", 0.0), operator: *, right: (1.0, 1.0), result: 0.0}
列 'p' 不存在，对列 city 不过滤，直接选择所有非无效值。
Block processing time: 0.005003 seconds
Computing Block 492 out of 560
Processing Block size=3
begin cleaner{left: ("[FunctionalDependency:(s: {brewery_id}, t: {city})]", 0.0), operator: *, right: (1.0, 1.0), result: 0.0}
列 'p' 不存在，对列 city 不过滤，直接选择所有非无效值。
Block processing time: 0.002284 seconds
Computing Block 493 out of 560
Processing Block size=8
begin cleaner{left: ("[FunctionalDependency:(s: {brewery_id}, t: {city})]", 0.0), operator: *, right: (1.0, 1.0), result: 0.0}
列 'p' 不存在，对列 city 不过滤，直接选择所有非无效值。
Block processing time: 0.005763 seconds
Computing Block 494 out of 560
Processing Block size=23
begin cleaner{left: ("[FunctionalDependency:(s: {brewery_id}, t: {city})]", 0.0), operator: *, right: (1.0, 1.0), result: 0.0}
列 'p' 不存在，对列 city 不过滤，直接选择所有非无效值。
Block processing time: 0.016451 seconds
Computing Block 495 out of 560
Processing Block size=5
begin cleaner{left: ("[FunctionalDependency:(s: {brewery_id}, t: {city})]", 0.0), operator: *, right: (1.0, 1.0), result: 0.0}
列 'p' 不存在，对列 city 不过滤，直接选择所有非无效值。
Block processing time: 0.003603 seconds
Computing Block 496 out of 560
Processing Block size=2
begin cleaner{left: ("[FunctionalDependency:(s: {brewery_id}, t: {city})]", 0.0), operator: *, right: (1.0, 1.0), result: 0.0}
列 'p' 不存在，对列 city 不过滤，直接选择所有非无效值。
Block processing time: 0.00151 seconds
Computing Block 497 out of 560
Processing Block size=2
begin cleaner{left: ("[FunctionalDependency:(s: {brewery_id}, t: {city})]", 0.0), operator: *, right: (1.0, 1.0), result: 0.0}
列 'p' 不存在，对列 city 不过滤，直接选择所有非无效值。
Block processing time: 0.001494 seconds
Computing Block 498 out of 560
Processing Block size=4
begin cleaner{left: ("[FunctionalDependency:(s: {brewery_id}, t: {city})]", 0.0), operator: *, right: (1.0, 1.0), result: 0.0}
列 'p' 不存在，对列 city 不过滤，直接选择所有非无效值。
Block processing time: 0.00288 seconds
Computing Block 499 out of 560
Processing Block size=3
begin cleaner{left: ("[FunctionalDependency:(s: {brewery_id}, t: {city})]", 0.0), operator: *, right: (1.0, 1.0), result: 0.0}
列 'p' 不存在，对列 city 不过滤，直接选择所有非无效值。
Block processing time: 0.002285 seconds
Computing Block 501 out of 560
Processing Block size=4
begin cleaner{left: ("[FunctionalDependency:(s: {brewery_id}, t: {city})]", 0.0), operator: *, right: (1.0, 1.0), result: 0.0}
列 'p' 不存在，对列 city 不过滤，直接选择所有非无效值。
Block processing time: 0.003003 seconds
Computing Block 504 out of 560
Processing Block size=2
begin cleaner{left: ("[FunctionalDependency:(s: {brewery_id}, t: {city})]", 0.0), operator: *, right: (1.0, 1.0), result: 0.0}
列 'p' 不存在，对列 city 不过滤，直接选择所有非无效值。
Block processing time: 0.001646 seconds
Computing Block 505 out of 560
Processing Block size=4
begin cleaner{left: ("[FunctionalDependency:(s: {brewery_id}, t: {city})]", 0.0), operator: *, right: (1.0, 1.0), result: 0.0}
列 'p' 不存在，对列 city 不过滤，直接选择所有非无效值。
Block processing time: 0.003075 seconds
Computing Block 507 out of 560
Processing Block size=4
begin cleaner{left: ("[FunctionalDependency:(s: {brewery_id}, t: {city})]", 0.0), operator: *, right: (1.0, 1.0), result: 0.0}
列 'p' 不存在，对列 city 不过滤，直接选择所有非无效值。
Block processing time: 0.002989 seconds
Computing Block 508 out of 560
Processing Block size=2
begin cleaner{left: ("[FunctionalDependency:(s: {brewery_id}, t: {city})]", 0.0), operator: *, right: (1.0, 1.0), result: 0.0}
列 'p' 不存在，对列 city 不过滤，直接选择所有非无效值。
Block processing time: 0.001532 seconds
Computing Block 509 out of 560
Processing Block size=4
begin cleaner{left: ("[FunctionalDependency:(s: {brewery_id}, t: {city})]", 0.0), operator: *, right: (1.0, 1.0), result: 0.0}
列 'p' 不存在，对列 city 不过滤，直接选择所有非无效值。
Block processing time: 0.002915 seconds
Computing Block 511 out of 560
Processing Block size=3
begin cleaner{left: ("[FunctionalDependency:(s: {brewery_id}, t: {city})]", 0.0), operator: *, right: (1.0, 1.0), result: 0.0}
列 'p' 不存在，对列 city 不过滤，直接选择所有非无效值。
Block processing time: 0.002282 seconds
Computing Block 512 out of 560
Processing Block size=3
begin cleaner{left: ("[FunctionalDependency:(s: {brewery_id}, t: {city})]", 0.0), operator: *, right: (1.0, 1.0), result: 0.0}
列 'p' 不存在，对列 city 不过滤，直接选择所有非无效值。
Block processing time: 0.002256 seconds
Computing Block 513 out of 560
Processing Block size=12
begin cleaner{left: ("[FunctionalDependency:(s: {brewery_id}, t: {city})]", 0.0), operator: *, right: (1.0, 1.0), result: 0.0}
列 'p' 不存在，对列 city 不过滤，直接选择所有非无效值。
Block processing time: 0.008547 seconds
Computing Block 514 out of 560
Processing Block size=8
begin cleaner{left: ("[FunctionalDependency:(s: {brewery_id}, t: {city})]", 0.0), operator: *, right: (1.0, 1.0), result: 0.0}
列 'p' 不存在，对列 city 不过滤，直接选择所有非无效值。
Block processing time: 0.005678 seconds
Computing Block 517 out of 560
Processing Block size=2
begin cleaner{left: ("[FunctionalDependency:(s: {brewery_id}, t: {city})]", 0.0), operator: *, right: (1.0, 1.0), result: 0.0}
列 'p' 不存在，对列 city 不过滤，直接选择所有非无效值。
Block processing time: 0.001644 seconds
Computing Block 519 out of 560
Processing Block size=3
begin cleaner{left: ("[FunctionalDependency:(s: {brewery_id}, t: {city})]", 0.0), operator: *, right: (1.0, 1.0), result: 0.0}
列 'p' 不存在，对列 city 不过滤，直接选择所有非无效值。
Block processing time: 0.0022 seconds
Computing Block 520 out of 560
Processing Block size=18
begin cleaner{left: ("[FunctionalDependency:(s: {brewery_id}, t: {city})]", 0.0), operator: *, right: (1.0, 1.0), result: 0.0}
列 'p' 不存在，对列 city 不过滤，直接选择所有非无效值。
Block processing time: 0.012802 seconds
Computing Block 523 out of 560
Processing Block size=5
begin cleaner{left: ("[FunctionalDependency:(s: {brewery_id}, t: {city})]", 0.0), operator: *, right: (1.0, 1.0), result: 0.0}
列 'p' 不存在，对列 city 不过滤，直接选择所有非无效值。
Block processing time: 0.003626 seconds
Computing Block 524 out of 560
Processing Block size=6
begin cleaner{left: ("[FunctionalDependency:(s: {brewery_id}, t: {city})]", 0.0), operator: *, right: (1.0, 1.0), result: 0.0}
列 'p' 不存在，对列 city 不过滤，直接选择所有非无效值。
Block processing time: 0.004284 seconds
Computing Block 525 out of 560
Processing Block size=12
begin cleaner{left: ("[FunctionalDependency:(s: {brewery_id}, t: {city})]", 0.0), operator: *, right: (1.0, 1.0), result: 0.0}
列 'p' 不存在，对列 city 不过滤，直接选择所有非无效值。
Block processing time: 0.008526 seconds
Computing Block 526 out of 560
Processing Block size=5
begin cleaner{left: ("[FunctionalDependency:(s: {brewery_id}, t: {city})]", 0.0), operator: *, right: (1.0, 1.0), result: 0.0}
列 'p' 不存在，对列 city 不过滤，直接选择所有非无效值。
Block processing time: 0.003572 seconds
Computing Block 527 out of 560
Processing Block size=5
begin cleaner{left: ("[FunctionalDependency:(s: {brewery_id}, t: {city})]", 0.0), operator: *, right: (1.0, 1.0), result: 0.0}
列 'p' 不存在，对列 city 不过滤，直接选择所有非无效值。
Block processing time: 0.003648 seconds
Computing Block 528 out of 560
Processing Block size=5
begin cleaner{left: ("[FunctionalDependency:(s: {brewery_id}, t: {city})]", 0.0), operator: *, right: (1.0, 1.0), result: 0.0}
列 'p' 不存在，对列 city 不过滤，直接选择所有非无效值。
Block processing time: 0.003562 seconds
Computing Block 529 out of 560
Processing Block size=3
begin cleaner{left: ("[FunctionalDependency:(s: {brewery_id}, t: {city})]", 0.0), operator: *, right: (1.0, 1.0), result: 0.0}
列 'p' 不存在，对列 city 不过滤，直接选择所有非无效值。
Block processing time: 0.002188 seconds
Computing Block 530 out of 560
Processing Block size=2
begin cleaner{left: ("[FunctionalDependency:(s: {brewery_id}, t: {city})]", 0.0), operator: *, right: (1.0, 1.0), result: 0.0}
列 'p' 不存在，对列 city 不过滤，直接选择所有非无效值。
Block processing time: 0.001702 seconds
Computing Block 534 out of 560
Processing Block size=3
begin cleaner{left: ("[FunctionalDependency:(s: {brewery_id}, t: {city})]", 0.0), operator: *, right: (1.0, 1.0), result: 0.0}
列 'p' 不存在，对列 city 不过滤，直接选择所有非无效值。
Block processing time: 0.002269 seconds
Computing Block 535 out of 560
Processing Block size=3
begin cleaner{left: ("[FunctionalDependency:(s: {brewery_id}, t: {city})]", 0.0), operator: *, right: (1.0, 1.0), result: 0.0}
列 'p' 不存在，对列 city 不过滤，直接选择所有非无效值。
Block processing time: 0.002213 seconds
Computing Block 536 out of 560
Processing Block size=3
begin cleaner{left: ("[FunctionalDependency:(s: {brewery_id}, t: {city})]", 0.0), operator: *, right: (1.0, 1.0), result: 0.0}
列 'p' 不存在，对列 city 不过滤，直接选择所有非无效值。
Block processing time: 0.002226 seconds
Computing Block 537 out of 560
Processing Block size=7
begin cleaner{left: ("[FunctionalDependency:(s: {brewery_id}, t: {city})]", 0.0), operator: *, right: (1.0, 1.0), result: 0.0}
列 'p' 不存在，对列 city 不过滤，直接选择所有非无效值。
Block processing time: 0.00541 seconds
Computing Block 538 out of 560
Processing Block size=3
begin cleaner{left: ("[FunctionalDependency:(s: {brewery_id}, t: {city})]", 0.0), operator: *, right: (1.0, 1.0), result: 0.0}
列 'p' 不存在，对列 city 不过滤，直接选择所有非无效值。
Block processing time: 0.002402 seconds
Computing Block 539 out of 560
Processing Block size=2
begin cleaner{left: ("[FunctionalDependency:(s: {brewery_id}, t: {city})]", 0.0), operator: *, right: (1.0, 1.0), result: 0.0}
列 'p' 不存在，对列 city 不过滤，直接选择所有非无效值。
Block processing time: 0.00165 seconds
Computing Block 540 out of 560
Processing Block size=3
begin cleaner{left: ("[FunctionalDependency:(s: {brewery_id}, t: {city})]", 0.0), operator: *, right: (1.0, 1.0), result: 0.0}
列 'p' 不存在，对列 city 不过滤，直接选择所有非无效值。
Block processing time: 0.002447 seconds
Computing Block 542 out of 560
Processing Block size=3
WARNING:root:No partitioning rule specified, processing might be slow
begin cleaner{left: ("[FunctionalDependency:(s: {brewery_id}, t: {city})]", 0.0), operator: *, right: (1.0, 1.0), result: 0.0}
列 'p' 不存在，对列 city 不过滤，直接选择所有非无效值。
Block processing time: 0.00223 seconds
Computing Block 543 out of 560
Processing Block size=2
begin cleaner{left: ("[FunctionalDependency:(s: {brewery_id}, t: {city})]", 0.0), operator: *, right: (1.0, 1.0), result: 0.0}
列 'p' 不存在，对列 city 不过滤，直接选择所有非无效值。
Block processing time: 0.001493 seconds
Computing Block 544 out of 560
Processing Block size=7
begin cleaner{left: ("[FunctionalDependency:(s: {brewery_id}, t: {city})]", 0.0), operator: *, right: (1.0, 1.0), result: 0.0}
列 'p' 不存在，对列 city 不过滤，直接选择所有非无效值。
Block processing time: 0.004977 seconds
Computing Block 546 out of 560
Processing Block size=4
begin cleaner{left: ("[FunctionalDependency:(s: {brewery_id}, t: {city})]", 0.0), operator: *, right: (1.0, 1.0), result: 0.0}
列 'p' 不存在，对列 city 不过滤，直接选择所有非无效值。
Block processing time: 0.002892 seconds
Computing Block 548 out of 560
Processing Block size=4
begin cleaner{left: ("[FunctionalDependency:(s: {brewery_id}, t: {city})]", 0.0), operator: *, right: (1.0, 1.0), result: 0.0}
列 'p' 不存在，对列 city 不过滤，直接选择所有非无效值。
Block processing time: 0.002965 seconds
Computing Block 549 out of 560
Processing Block size=2
begin cleaner{left: ("[FunctionalDependency:(s: {brewery_id}, t: {city})]", 0.0), operator: *, right: (1.0, 1.0), result: 0.0}
列 'p' 不存在，对列 city 不过滤，直接选择所有非无效值。
Block processing time: 0.001499 seconds
Computing Block 550 out of 560
Processing Block size=3
begin cleaner{left: ("[FunctionalDependency:(s: {brewery_id}, t: {city})]", 0.0), operator: *, right: (1.0, 1.0), result: 0.0}
列 'p' 不存在，对列 city 不过滤，直接选择所有非无效值。
Block processing time: 0.002193 seconds
Computing Block 551 out of 560
Processing Block size=3
begin cleaner{left: ("[FunctionalDependency:(s: {brewery_id}, t: {city})]", 0.0), operator: *, right: (1.0, 1.0), result: 0.0}
列 'p' 不存在，对列 city 不过滤，直接选择所有非无效值。
Block processing time: 0.002277 seconds
Computing Block 552 out of 560
Processing Block size=6
begin cleaner{left: ("[FunctionalDependency:(s: {brewery_id}, t: {city})]", 0.0), operator: *, right: (1.0, 1.0), result: 0.0}
列 'p' 不存在，对列 city 不过滤，直接选择所有非无效值。
Block processing time: 0.004289 seconds
Computing Block 553 out of 560
Processing Block size=2
begin cleaner{left: ("[FunctionalDependency:(s: {brewery_id}, t: {city})]", 0.0), operator: *, right: (1.0, 1.0), result: 0.0}
列 'p' 不存在，对列 city 不过滤，直接选择所有非无效值。
Block processing time: 0.001497 seconds
Computing Block 554 out of 560
Processing Block size=8
begin cleaner{left: ("[FunctionalDependency:(s: {brewery_id}, t: {city})]", 0.0), operator: *, right: (1.0, 1.0), result: 0.0}
列 'p' 不存在，对列 city 不过滤，直接选择所有非无效值。
Block processing time: 0.005741 seconds
Computing Block 556 out of 560
Processing Block size=2
begin cleaner{left: ("[FunctionalDependency:(s: {brewery_id}, t: {city})]", 0.0), operator: *, right: (1.0, 1.0), result: 0.0}
列 'p' 不存在，对列 city 不过滤，直接选择所有非无效值。
Block processing time: 0.001505 seconds
Computing Block 557 out of 560
Processing Block size=4
begin cleaner{left: ("[FunctionalDependency:(s: {brewery_id}, t: {city})]", 0.0), operator: *, right: (1.0, 1.0), result: 0.0}
列 'p' 不存在，对列 city 不过滤，直接选择所有非无效值。
Block processing time: 0.00287 seconds
Computing Block 559 out of 560
Processing Block size=13
begin cleaner{left: ("[FunctionalDependency:(s: {brewery_id}, t: {city})]", 0.0), operator: *, right: (1.0, 1.0), result: 0.0}
列 'p' 不存在，对列 city 不过滤，直接选择所有非无效值。
Block processing time: 0.009228 seconds
Computing Block 560 out of 560
Processing Block size=7
begin cleaner{left: ("[FunctionalDependency:(s: {brewery_id}, t: {city})]", 0.0), operator: *, right: (1.0, 1.0), result: 0.0}
列 'p' 不存在，对列 city 不过滤，直接选择所有非无效值。
Block processing time: 0.005156 seconds
  当前节点: city 无清洗操作
  当前节点: state 存在可用清洗信号
数据块大小: 2410
分块属性:
[['brewery_id']]
Starting initial block mapping...
Initial number of blocks: 560
Final number of blocks after further splitting: 560
Computing Block 1 out of 560
Processing Block size=8
begin cleaner[FunctionalDependency:(s: {'brewery_id'}, t: {'state'})]*1.0
列 'p' 不存在，对列 state 不过滤，直接选择所有非无效值。
Block processing time: 0.00626 seconds
Computing Block 2 out of 560
Processing Block size=5
begin cleaner{left: ("[FunctionalDependency:(s: {brewery_id}, t: {state})]", 0.0), operator: *, right: (1.0, 1.0), result: 0.0}
列 'p' 不存在，对列 state 不过滤，直接选择所有非无效值。
Block processing time: 0.003645 seconds
Computing Block 3 out of 560
Processing Block size=19
begin cleaner{left: ("[FunctionalDependency:(s: {brewery_id}, t: {state})]", 0.0), operator: *, right: (1.0, 1.0), result: 0.0}
列 'p' 不存在，对列 state 不过滤，直接选择所有非无效值。
Block processing time: 0.013504 seconds
Computing Block 4 out of 560
Processing Block size=2
begin cleaner{left: ("[FunctionalDependency:(s: {brewery_id}, t: {state})]", 0.0), operator: *, right: (1.0, 1.0), result: 0.0}
列 'p' 不存在，对列 state 不过滤，直接选择所有非无效值。
Block processing time: 0.00151 seconds
Computing Block 5 out of 560
Processing Block size=4
begin cleaner{left: ("[FunctionalDependency:(s: {brewery_id}, t: {state})]", 0.0), operator: *, right: (1.0, 1.0), result: 0.0}
列 'p' 不存在，对列 state 不过滤，直接选择所有非无效值。
Block processing time: 0.002891 seconds
Computing Block 6 out of 560
Processing Block size=2
begin cleaner{left: ("[FunctionalDependency:(s: {brewery_id}, t: {state})]", 0.0), operator: *, right: (1.0, 1.0), result: 0.0}
列 'p' 不存在，对列 state 不过滤，直接选择所有非无效值。
Block processing time: 0.001504 seconds
Computing Block 7 out of 560
Processing Block size=4
begin cleaner{left: ("[FunctionalDependency:(s: {brewery_id}, t: {state})]", 0.0), operator: *, right: (1.0, 1.0), result: 0.0}
列 'p' 不存在，对列 state 不过滤，直接选择所有非无效值。
Block processing time: 0.002898 seconds
Computing Block 8 out of 560
Processing Block size=2
begin cleaner{left: ("[FunctionalDependency:(s: {brewery_id}, t: {state})]", 0.0), operator: *, right: (1.0, 1.0), result: 0.0}
列 'p' 不存在，对列 state 不过滤，直接选择所有非无效值。
Block processing time: 0.001493 seconds
Computing Block 11 out of 560
Processing Block size=6
begin cleaner{left: ("[FunctionalDependency:(s: {brewery_id}, t: {state})]", 0.0), operator: *, right: (1.0, 1.0), result: 0.0}
列 'p' 不存在，对列 state 不过滤，直接选择所有非无效值。
Block processing time: 0.004315 seconds
Computing Block 12 out of 560
Processing Block size=3
begin cleaner{left: ("[FunctionalDependency:(s: {brewery_id}, t: {state})]", 0.0), operator: *, right: (1.0, 1.0), result: 0.0}
列 'p' 不存在，对列 state 不过滤，直接选择所有非无效值。
Block processing time: 0.002186 seconds
Computing Block 15 out of 560
Processing Block size=5
begin cleaner{left: ("[FunctionalDependency:(s: {brewery_id}, t: {state})]", 0.0), operator: *, right: (1.0, 1.0), result: 0.0}
列 'p' 不存在，对列 state 不过滤，直接选择所有非无效值。
Block processing time: 0.00359 seconds
Computing Block 17 out of 560
Processing Block size=2
begin cleaner{left: ("[FunctionalDependency:(s: {brewery_id}, t: {state})]", 0.0), operator: *, right: (1.0, 1.0), result: 0.0}
列 'p' 不存在，对列 state 不过滤，直接选择所有非无效值。
Block processing time: 0.001591 seconds
Computing Block 18 out of 560
Processing Block size=3
begin cleaner{left: ("[FunctionalDependency:(s: {brewery_id}, t: {state})]", 0.0), operator: *, right: (1.0, 1.0), result: 0.0}
列 'p' 不存在，对列 state 不过滤，直接选择所有非无效值。
Block processing time: 0.002232 seconds
Computing Block 19 out of 560
Processing Block size=3
begin cleaner{left: ("[FunctionalDependency:(s: {brewery_id}, t: {state})]", 0.0), operator: *, right: (1.0, 1.0), result: 0.0}
列 'p' 不存在，对列 state 不过滤，直接选择所有非无效值。
Block processing time: 0.002202 seconds
Computing Block 21 out of 560
Processing Block size=5
begin cleaner{left: ("[FunctionalDependency:(s: {brewery_id}, t: {state})]", 0.0), operator: *, right: (1.0, 1.0), result: 0.0}
列 'p' 不存在，对列 state 不过滤，直接选择所有非无效值。
Block processing time: 0.003673 seconds
Computing Block 24 out of 560
Processing Block size=17
begin cleaner{left: ("[FunctionalDependency:(s: {brewery_id}, t: {state})]", 0.0), operator: *, right: (1.0, 1.0), result: 0.0}
列 'p' 不存在，对列 state 不过滤，直接选择所有非无效值。
Block processing time: 0.011997 seconds
Computing Block 25 out of 560
Processing Block size=7
begin cleaner{left: ("[FunctionalDependency:(s: {brewery_id}, t: {state})]", 0.0), operator: *, right: (1.0, 1.0), result: 0.0}
列 'p' 不存在，对列 state 不过滤，直接选择所有非无效值。
Block processing time: 0.005116 seconds
Computing Block 26 out of 560
Processing Block size=5
begin cleaner{left: ("[FunctionalDependency:(s: {brewery_id}, t: {state})]", 0.0), operator: *, right: (1.0, 1.0), result: 0.0}
列 'p' 不存在，对列 state 不过滤，直接选择所有非无效值。
Block processing time: 0.003664 seconds
Computing Block 27 out of 560
Processing Block size=3
begin cleaner{left: ("[FunctionalDependency:(s: {brewery_id}, t: {state})]", 0.0), operator: *, right: (1.0, 1.0), result: 0.0}
列 'p' 不存在，对列 state 不过滤，直接选择所有非无效值。
Block processing time: 0.002232 seconds
Computing Block 28 out of 560
Processing Block size=8
begin cleaner{left: ("[FunctionalDependency:(s: {brewery_id}, t: {state})]", 0.0), operator: *, right: (1.0, 1.0), result: 0.0}
列 'p' 不存在，对列 state 不过滤，直接选择所有非无效值。
Block processing time: 0.005827 seconds
Computing Block 30 out of 560
Processing Block size=2
begin cleaner{left: ("[FunctionalDependency:(s: {brewery_id}, t: {state})]", 0.0), operator: *, right: (1.0, 1.0), result: 0.0}
列 'p' 不存在，对列 state 不过滤，直接选择所有非无效值。
Block processing time: 0.001546 seconds
Computing Block 31 out of 560
Processing Block size=62
begin cleaner{left: ("[FunctionalDependency:(s: {brewery_id}, t: {state})]", 0.0), operator: *, right: (1.0, 1.0), result: 0.0}
列 'p' 不存在，对列 state 不过滤，直接选择所有非无效值。
Block processing time: 0.043642 seconds
Computing Block 32 out of 560
Processing Block size=6
begin cleaner{left: ("[FunctionalDependency:(s: {brewery_id}, t: {state})]", 0.0), operator: *, right: (1.0, 1.0), result: 0.0}
列 'p' 不存在，对列 state 不过滤，直接选择所有非无效值。
Block processing time: 0.004295 seconds
Computing Block 33 out of 560
Processing Block size=4
begin cleaner{left: ("[FunctionalDependency:(s: {brewery_id}, t: {state})]", 0.0), operator: *, right: (1.0, 1.0), result: 0.0}
列 'p' 不存在，对列 state 不过滤，直接选择所有非无效值。
Block processing time: 0.002875 seconds
Computing Block 34 out of 560
Processing Block size=6
begin cleaner{left: ("[FunctionalDependency:(s: {brewery_id}, t: {state})]", 0.0), operator: *, right: (1.0, 1.0), result: 0.0}
列 'p' 不存在，对列 state 不过滤，直接选择所有非无效值。
Block processing time: 0.004356 seconds
Computing Block 35 out of 560
Processing Block size=3
begin cleaner{left: ("[FunctionalDependency:(s: {brewery_id}, t: {state})]", 0.0), operator: *, right: (1.0, 1.0), result: 0.0}
列 'p' 不存在，对列 state 不过滤，直接选择所有非无效值。
Block processing time: 0.002206 seconds
Computing Block 36 out of 560
Processing Block size=2
begin cleaner{left: ("[FunctionalDependency:(s: {brewery_id}, t: {state})]", 0.0), operator: *, right: (1.0, 1.0), result: 0.0}
列 'p' 不存在，对列 state 不过滤，直接选择所有非无效值。
Block processing time: 0.001496 seconds
Computing Block 37 out of 560
Processing Block size=11
begin cleaner{left: ("[FunctionalDependency:(s: {brewery_id}, t: {state})]", 0.0), operator: *, right: (1.0, 1.0), result: 0.0}
列 'p' 不存在，对列 state 不过滤，直接选择所有非无效值。
Block processing time: 0.00789 seconds
Computing Block 38 out of 560
Processing Block size=3
begin cleaner{left: ("[FunctionalDependency:(s: {brewery_id}, t: {state})]", 0.0), operator: *, right: (1.0, 1.0), result: 0.0}
列 'p' 不存在，对列 state 不过滤，直接选择所有非无效值。
Block processing time: 0.002215 seconds
Computing Block 39 out of 560
Processing Block size=3
begin cleaner{left: ("[FunctionalDependency:(s: {brewery_id}, t: {state})]", 0.0), operator: *, right: (1.0, 1.0), result: 0.0}
列 'p' 不存在，对列 state 不过滤，直接选择所有非无效值。
Block processing time: 0.00229 seconds
Computing Block 40 out of 560
Processing Block size=3
begin cleaner{left: ("[FunctionalDependency:(s: {brewery_id}, t: {state})]", 0.0), operator: *, right: (1.0, 1.0), result: 0.0}
列 'p' 不存在，对列 state 不过滤，直接选择所有非无效值。
Block processing time: 0.002246 seconds
Computing Block 43 out of 560
Processing Block size=12
begin cleaner{left: ("[FunctionalDependency:(s: {brewery_id}, t: {state})]", 0.0), operator: *, right: (1.0, 1.0), result: 0.0}
列 'p' 不存在，对列 state 不过滤，直接选择所有非无效值。
Block processing time: 0.008532 seconds
Computing Block 44 out of 560
Processing Block size=5
begin cleaner{left: ("[FunctionalDependency:(s: {brewery_id}, t: {state})]", 0.0), operator: *, right: (1.0, 1.0), result: 0.0}
列 'p' 不存在，对列 state 不过滤，直接选择所有非无效值。
Block processing time: 0.003633 seconds
Computing Block 46 out of 560
Processing Block size=8
begin cleaner{left: ("[FunctionalDependency:(s: {brewery_id}, t: {state})]", 0.0), operator: *, right: (1.0, 1.0), result: 0.0}
列 'p' 不存在，对列 state 不过滤，直接选择所有非无效值。
Block processing time: 0.006101 seconds
Computing Block 47 out of 560
Processing Block size=9
begin cleaner{left: ("[FunctionalDependency:(s: {brewery_id}, t: {state})]", 0.0), operator: *, right: (1.0, 1.0), result: 0.0}
列 'p' 不存在，对列 state 不过滤，直接选择所有非无效值。
Block processing time: 0.006363 seconds
Computing Block 48 out of 560
Processing Block size=2
begin cleaner{left: ("[FunctionalDependency:(s: {brewery_id}, t: {state})]", 0.0), operator: *, right: (1.0, 1.0), result: 0.0}
列 'p' 不存在，对列 state 不过滤，直接选择所有非无效值。
Block processing time: 0.001534 seconds
Computing Block 50 out of 560
Processing Block size=3
begin cleaner{left: ("[FunctionalDependency:(s: {brewery_id}, t: {state})]", 0.0), operator: *, right: (1.0, 1.0), result: 0.0}
列 'p' 不存在，对列 state 不过滤，直接选择所有非无效值。
Block processing time: 0.002198 seconds
Computing Block 51 out of 560
Processing Block size=4
begin cleaner{left: ("[FunctionalDependency:(s: {brewery_id}, t: {state})]", 0.0), operator: *, right: (1.0, 1.0), result: 0.0}
列 'p' 不存在，对列 state 不过滤，直接选择所有非无效值。
Block processing time: 0.002965 seconds
Computing Block 53 out of 560
Processing Block size=3
begin cleaner{left: ("[FunctionalDependency:(s: {brewery_id}, t: {state})]", 0.0), operator: *, right: (1.0, 1.0), result: 0.0}
列 'p' 不存在，对列 state 不过滤，直接选择所有非无效值。
Block processing time: 0.002264 seconds
Computing Block 54 out of 560
Processing Block size=2
begin cleaner{left: ("[FunctionalDependency:(s: {brewery_id}, t: {state})]", 0.0), operator: *, right: (1.0, 1.0), result: 0.0}
列 'p' 不存在，对列 state 不过滤，直接选择所有非无效值。
Block processing time: 0.001496 seconds
Computing Block 56 out of 560
Processing Block size=11
begin cleaner{left: ("[FunctionalDependency:(s: {brewery_id}, t: {state})]", 0.0), operator: *, right: (1.0, 1.0), result: 0.0}
列 'p' 不存在，对列 state 不过滤，直接选择所有非无效值。
Block processing time: 0.007795 seconds
Computing Block 57 out of 560
Processing Block size=3
begin cleaner{left: ("[FunctionalDependency:(s: {brewery_id}, t: {state})]", 0.0), operator: *, right: (1.0, 1.0), result: 0.0}
列 'p' 不存在，对列 state 不过滤，直接选择所有非无效值。
Block processing time: 0.00226 seconds
Computing Block 58 out of 560
Processing Block size=24
begin cleaner{left: ("[FunctionalDependency:(s: {brewery_id}, t: {state})]", 0.0), operator: *, right: (1.0, 1.0), result: 0.0}
列 'p' 不存在，对列 state 不过滤，直接选择所有非无效值。
Block processing time: 0.017226 seconds
Computing Block 59 out of 560
Processing Block size=2
begin cleaner{left: ("[FunctionalDependency:(s: {brewery_id}, t: {state})]", 0.0), operator: *, right: (1.0, 1.0), result: 0.0}
列 'p' 不存在，对列 state 不过滤，直接选择所有非无效值。
Block processing time: 0.001509 seconds
Computing Block 61 out of 560
Processing Block size=4
begin cleaner{left: ("[FunctionalDependency:(s: {brewery_id}, t: {state})]", 0.0), operator: *, right: (1.0, 1.0), result: 0.0}
列 'p' 不存在，对列 state 不过滤，直接选择所有非无效值。
Block processing time: 0.002919 seconds
Computing Block 62 out of 560
Processing Block size=9
begin cleaner{left: ("[FunctionalDependency:(s: {brewery_id}, t: {state})]", 0.0), operator: *, right: (1.0, 1.0), result: 0.0}
列 'p' 不存在，对列 state 不过滤，直接选择所有非无效值。
Block processing time: 0.006575 seconds
Computing Block 63 out of 560
Processing Block size=13
begin cleaner{left: ("[FunctionalDependency:(s: {brewery_id}, t: {state})]", 0.0), operator: *, right: (1.0, 1.0), result: 0.0}
列 'p' 不存在，对列 state 不过滤，直接选择所有非无效值。
Block processing time: 0.009448 seconds
Computing Block 64 out of 560
Processing Block size=2
begin cleaner{left: ("[FunctionalDependency:(s: {brewery_id}, t: {state})]", 0.0), operator: *, right: (1.0, 1.0), result: 0.0}
列 'p' 不存在，对列 state 不过滤，直接选择所有非无效值。
Block processing time: 0.001565 seconds
Computing Block 66 out of 560
Processing Block size=7
begin cleaner{left: ("[FunctionalDependency:(s: {brewery_id}, t: {state})]", 0.0), operator: *, right: (1.0, 1.0), result: 0.0}
列 'p' 不存在，对列 state 不过滤，直接选择所有非无效值。
Block processing time: 0.005182 seconds
Computing Block 67 out of 560
Processing Block size=10
begin cleaner{left: ("[FunctionalDependency:(s: {brewery_id}, t: {state})]", 0.0), operator: *, right: (1.0, 1.0), result: 0.0}
列 'p' 不存在，对列 state 不过滤，直接选择所有非无效值。
Block processing time: 0.007191 seconds
Computing Block 68 out of 560
Processing Block size=2
begin cleaner{left: ("[FunctionalDependency:(s: {brewery_id}, t: {state})]", 0.0), operator: *, right: (1.0, 1.0), result: 0.0}
列 'p' 不存在，对列 state 不过滤，直接选择所有非无效值。
Block processing time: 0.001577 seconds
Computing Block 70 out of 560
Processing Block size=2
begin cleaner{left: ("[FunctionalDependency:(s: {brewery_id}, t: {state})]", 0.0), operator: *, right: (1.0, 1.0), result: 0.0}
列 'p' 不存在，对列 state 不过滤，直接选择所有非无效值。
Block processing time: 0.001542 seconds
Computing Block 71 out of 560
Processing Block size=2
begin cleaner{left: ("[FunctionalDependency:(s: {brewery_id}, t: {state})]", 0.0), operator: *, right: (1.0, 1.0), result: 0.0}
列 'p' 不存在，对列 state 不过滤，直接选择所有非无效值。
Block processing time: 0.001494 seconds
Computing Block 72 out of 560
Processing Block size=4
begin cleaner{left: ("[FunctionalDependency:(s: {brewery_id}, t: {state})]", 0.0), operator: *, right: (1.0, 1.0), result: 0.0}
列 'p' 不存在，对列 state 不过滤，直接选择所有非无效值。
Block processing time: 0.002912 seconds
Computing Block 74 out of 560
Processing Block size=7
begin cleaner{left: ("[FunctionalDependency:(s: {brewery_id}, t: {state})]", 0.0), operator: *, right: (1.0, 1.0), result: 0.0}
列 'p' 不存在，对列 state 不过滤，直接选择所有非无效值。
Block processing time: 0.004967 seconds
Computing Block 76 out of 560
Processing Block size=2
begin cleaner{left: ("[FunctionalDependency:(s: {brewery_id}, t: {state})]", 0.0), operator: *, right: (1.0, 1.0), result: 0.0}
列 'p' 不存在，对列 state 不过滤，直接选择所有非无效值。
Block processing time: 0.001501 seconds
Computing Block 77 out of 560
Processing Block size=9
begin cleaner{left: ("[FunctionalDependency:(s: {brewery_id}, t: {state})]", 0.0), operator: *, right: (1.0, 1.0), result: 0.0}
列 'p' 不存在，对列 state 不过滤，直接选择所有非无效值。
Block processing time: 0.006546 seconds
Computing Block 78 out of 560
Processing Block size=6
begin cleaner{left: ("[FunctionalDependency:(s: {brewery_id}, t: {state})]", 0.0), operator: *, right: (1.0, 1.0), result: 0.0}
列 'p' 不存在，对列 state 不过滤，直接选择所有非无效值。
Block processing time: 0.004272 seconds
Computing Block 79 out of 560
Processing Block size=3
begin cleaner{left: ("[FunctionalDependency:(s: {brewery_id}, t: {state})]", 0.0), operator: *, right: (1.0, 1.0), result: 0.0}
列 'p' 不存在，对列 state 不过滤，直接选择所有非无效值。
Block processing time: 0.002184 seconds
Computing Block 81 out of 560
Processing Block size=4
begin cleaner{left: ("[FunctionalDependency:(s: {brewery_id}, t: {state})]", 0.0), operator: *, right: (1.0, 1.0), result: 0.0}
列 'p' 不存在，对列 state 不过滤，直接选择所有非无效值。
Block processing time: 0.002992 seconds
Computing Block 82 out of 560
Processing Block size=2
begin cleaner{left: ("[FunctionalDependency:(s: {brewery_id}, t: {state})]", 0.0), operator: *, right: (1.0, 1.0), result: 0.0}
列 'p' 不存在，对列 state 不过滤，直接选择所有非无效值。
Block processing time: 0.001496 seconds
Computing Block 83 out of 560
Processing Block size=17
begin cleaner{left: ("[FunctionalDependency:(s: {brewery_id}, t: {state})]", 0.0), operator: *, right: (1.0, 1.0), result: 0.0}
列 'p' 不存在，对列 state 不过滤，直接选择所有非无效值。
Block processing time: 0.012024 seconds
Computing Block 84 out of 560
Processing Block size=3
begin cleaner{left: ("[FunctionalDependency:(s: {brewery_id}, t: {state})]", 0.0), operator: *, right: (1.0, 1.0), result: 0.0}
列 'p' 不存在，对列 state 不过滤，直接选择所有非无效值。
Block processing time: 0.00224 seconds
Computing Block 87 out of 560
Processing Block size=2
begin cleaner{left: ("[FunctionalDependency:(s: {brewery_id}, t: {state})]", 0.0), operator: *, right: (1.0, 1.0), result: 0.0}
列 'p' 不存在，对列 state 不过滤，直接选择所有非无效值。
Block processing time: 0.001499 seconds
Computing Block 88 out of 560
Processing Block size=2
begin cleaner{left: ("[FunctionalDependency:(s: {brewery_id}, t: {state})]", 0.0), operator: *, right: (1.0, 1.0), result: 0.0}
列 'p' 不存在，对列 state 不过滤，直接选择所有非无效值。
Block processing time: 0.001494 seconds
Computing Block 89 out of 560
Processing Block size=4
begin cleaner{left: ("[FunctionalDependency:(s: {brewery_id}, t: {state})]", 0.0), operator: *, right: (1.0, 1.0), result: 0.0}
列 'p' 不存在，对列 state 不过滤，直接选择所有非无效值。
Block processing time: 0.003111 seconds
Computing Block 90 out of 560
Processing Block size=7
begin cleaner{left: ("[FunctionalDependency:(s: {brewery_id}, t: {state})]", 0.0), operator: *, right: (1.0, 1.0), result: 0.0}
列 'p' 不存在，对列 state 不过滤，直接选择所有非无效值。
Block processing time: 0.005036 seconds
Computing Block 91 out of 560
Processing Block size=4
begin cleaner{left: ("[FunctionalDependency:(s: {brewery_id}, t: {state})]", 0.0), operator: *, right: (1.0, 1.0), result: 0.0}
列 'p' 不存在，对列 state 不过滤，直接选择所有非无效值。
Block processing time: 0.002954 seconds
Computing Block 92 out of 560
Processing Block size=6
begin cleaner{left: ("[FunctionalDependency:(s: {brewery_id}, t: {state})]", 0.0), operator: *, right: (1.0, 1.0), result: 0.0}
列 'p' 不存在，对列 state 不过滤，直接选择所有非无效值。
Block processing time: 0.004333 seconds
Computing Block 93 out of 560
Processing Block size=18
begin cleaner{left: ("[FunctionalDependency:(s: {brewery_id}, t: {state})]", 0.0), operator: *, right: (1.0, 1.0), result: 0.0}
列 'p' 不存在，对列 state 不过滤，直接选择所有非无效值。
Block processing time: 0.013785 seconds
Computing Block 94 out of 560
Processing Block size=6
begin cleaner{left: ("[FunctionalDependency:(s: {brewery_id}, t: {state})]", 0.0), operator: *, right: (1.0, 1.0), result: 0.0}
列 'p' 不存在，对列 state 不过滤，直接选择所有非无效值。
Block processing time: 0.004447 seconds
Computing Block 95 out of 560
Processing Block size=4
begin cleaner{left: ("[FunctionalDependency:(s: {brewery_id}, t: {state})]", 0.0), operator: *, right: (1.0, 1.0), result: 0.0}
列 'p' 不存在，对列 state 不过滤，直接选择所有非无效值。
Block processing time: 0.003084 seconds
Computing Block 96 out of 560
Processing Block size=2
begin cleaner{left: ("[FunctionalDependency:(s: {brewery_id}, t: {state})]", 0.0), operator: *, right: (1.0, 1.0), result: 0.0}
列 'p' 不存在，对列 state 不过滤，直接选择所有非无效值。
Block processing time: 0.001565 seconds
Computing Block 97 out of 560
Processing Block size=3
begin cleaner{left: ("[FunctionalDependency:(s: {brewery_id}, t: {state})]", 0.0), operator: *, right: (1.0, 1.0), result: 0.0}
列 'p' 不存在，对列 state 不过滤，直接选择所有非无效值。
Block processing time: 0.002265 seconds
Computing Block 98 out of 560
Processing Block size=2
begin cleaner{left: ("[FunctionalDependency:(s: {brewery_id}, t: {state})]", 0.0), operator: *, right: (1.0, 1.0), result: 0.0}
列 'p' 不存在，对列 state 不过滤，直接选择所有非无效值。
Block processing time: 0.001521 seconds
Computing Block 99 out of 560
Processing Block size=3
begin cleaner{left: ("[FunctionalDependency:(s: {brewery_id}, t: {state})]", 0.0), operator: *, right: (1.0, 1.0), result: 0.0}
列 'p' 不存在，对列 state 不过滤，直接选择所有非无效值。
Block processing time: 0.002281 seconds
Computing Block 102 out of 560
Processing Block size=3
begin cleaner{left: ("[FunctionalDependency:(s: {brewery_id}, t: {state})]", 0.0), operator: *, right: (1.0, 1.0), result: 0.0}
列 'p' 不存在，对列 state 不过滤，直接选择所有非无效值。
Block processing time: 0.002278 seconds
Computing Block 103 out of 560
Processing Block size=6
begin cleaner{left: ("[FunctionalDependency:(s: {brewery_id}, t: {state})]", 0.0), operator: *, right: (1.0, 1.0), result: 0.0}
列 'p' 不存在，对列 state 不过滤，直接选择所有非无效值。
Block processing time: 0.00453 seconds
Computing Block 104 out of 560
Processing Block size=5
begin cleaner{left: ("[FunctionalDependency:(s: {brewery_id}, t: {state})]", 0.0), operator: *, right: (1.0, 1.0), result: 0.0}
列 'p' 不存在，对列 state 不过滤，直接选择所有非无效值。
Block processing time: 0.003718 seconds
Computing Block 105 out of 560
Processing Block size=2
begin cleaner{left: ("[FunctionalDependency:(s: {brewery_id}, t: {state})]", 0.0), operator: *, right: (1.0, 1.0), result: 0.0}
列 'p' 不存在，对列 state 不过滤，直接选择所有非无效值。
Block processing time: 0.001572 seconds
Computing Block 106 out of 560
Processing Block size=20
begin cleaner{left: ("[FunctionalDependency:(s: {brewery_id}, t: {state})]", 0.0), operator: *, right: (1.0, 1.0), result: 0.0}
列 'p' 不存在，对列 state 不过滤，直接选择所有非无效值。
Block processing time: 0.014269 seconds
Computing Block 107 out of 560
Processing Block size=8
begin cleaner{left: ("[FunctionalDependency:(s: {brewery_id}, t: {state})]", 0.0), operator: *, right: (1.0, 1.0), result: 0.0}
列 'p' 不存在，对列 state 不过滤，直接选择所有非无效值。
Block processing time: 0.005781 seconds
Computing Block 108 out of 560
Processing Block size=2
begin cleaner{left: ("[FunctionalDependency:(s: {brewery_id}, t: {state})]", 0.0), operator: *, right: (1.0, 1.0), result: 0.0}
列 'p' 不存在，对列 state 不过滤，直接选择所有非无效值。
Block processing time: 0.001509 seconds
Computing Block 109 out of 560
Processing Block size=5
begin cleaner{left: ("[FunctionalDependency:(s: {brewery_id}, t: {state})]", 0.0), operator: *, right: (1.0, 1.0), result: 0.0}
列 'p' 不存在，对列 state 不过滤，直接选择所有非无效值。
Block processing time: 0.003787 seconds
Computing Block 110 out of 560
Processing Block size=4
begin cleaner{left: ("[FunctionalDependency:(s: {brewery_id}, t: {state})]", 0.0), operator: *, right: (1.0, 1.0), result: 0.0}
列 'p' 不存在，对列 state 不过滤，直接选择所有非无效值。
Block processing time: 0.003176 seconds
Computing Block 112 out of 560
Processing Block size=6
begin cleaner{left: ("[FunctionalDependency:(s: {brewery_id}, t: {state})]", 0.0), operator: *, right: (1.0, 1.0), result: 0.0}
列 'p' 不存在，对列 state 不过滤，直接选择所有非无效值。
Block processing time: 0.004821 seconds
Computing Block 113 out of 560
Processing Block size=2
begin cleaner{left: ("[FunctionalDependency:(s: {brewery_id}, t: {state})]", 0.0), operator: *, right: (1.0, 1.0), result: 0.0}
列 'p' 不存在，对列 state 不过滤，直接选择所有非无效值。
Block processing time: 0.001646 seconds
Computing Block 114 out of 560
Processing Block size=4
begin cleaner{left: ("[FunctionalDependency:(s: {brewery_id}, t: {state})]", 0.0), operator: *, right: (1.0, 1.0), result: 0.0}
列 'p' 不存在，对列 state 不过滤，直接选择所有非无效值。
Block processing time: 0.003191 seconds
Computing Block 115 out of 560
Processing Block size=2
begin cleaner{left: ("[FunctionalDependency:(s: {brewery_id}, t: {state})]", 0.0), operator: *, right: (1.0, 1.0), result: 0.0}
列 'p' 不存在，对列 state 不过滤，直接选择所有非无效值。
Block processing time: 0.001725 seconds
Computing Block 116 out of 560
Processing Block size=2
begin cleaner{left: ("[FunctionalDependency:(s: {brewery_id}, t: {state})]", 0.0), operator: *, right: (1.0, 1.0), result: 0.0}
列 'p' 不存在，对列 state 不过滤，直接选择所有非无效值。
Block processing time: 0.001633 seconds
Computing Block 117 out of 560
Processing Block size=6
begin cleaner{left: ("[FunctionalDependency:(s: {brewery_id}, t: {state})]", 0.0), operator: *, right: (1.0, 1.0), result: 0.0}
列 'p' 不存在，对列 state 不过滤，直接选择所有非无效值。
Block processing time: 0.004776 seconds
Computing Block 120 out of 560
Processing Block size=5
begin cleaner{left: ("[FunctionalDependency:(s: {brewery_id}, t: {state})]", 0.0), operator: *, right: (1.0, 1.0), result: 0.0}
列 'p' 不存在，对列 state 不过滤，直接选择所有非无效值。
Block processing time: 0.003946 seconds
Computing Block 122 out of 560
Processing Block size=38
begin cleaner{left: ("[FunctionalDependency:(s: {brewery_id}, t: {state})]", 0.0), operator: *, right: (1.0, 1.0), result: 0.0}
列 'p' 不存在，对列 state 不过滤，直接选择所有非无效值。
Block processing time: 0.027549 seconds
Computing Block 123 out of 560
Processing Block size=6
begin cleaner{left: ("[FunctionalDependency:(s: {brewery_id}, t: {state})]", 0.0), operator: *, right: (1.0, 1.0), result: 0.0}
列 'p' 不存在，对列 state 不过滤，直接选择所有非无效值。
Block processing time: 0.004385 seconds
Computing Block 124 out of 560
Processing Block size=4
begin cleaner{left: ("[FunctionalDependency:(s: {brewery_id}, t: {state})]", 0.0), operator: *, right: (1.0, 1.0), result: 0.0}
列 'p' 不存在，对列 state 不过滤，直接选择所有非无效值。
Block processing time: 0.002938 seconds
Computing Block 125 out of 560
Processing Block size=3
begin cleaner{left: ("[FunctionalDependency:(s: {brewery_id}, t: {state})]", 0.0), operator: *, right: (1.0, 1.0), result: 0.0}
列 'p' 不存在，对列 state 不过滤，直接选择所有非无效值。
Block processing time: 0.002236 seconds
Computing Block 126 out of 560
Processing Block size=6
begin cleaner{left: ("[FunctionalDependency:(s: {brewery_id}, t: {state})]", 0.0), operator: *, right: (1.0, 1.0), result: 0.0}
列 'p' 不存在，对列 state 不过滤，直接选择所有非无效值。
Block processing time: 0.004409 seconds
Computing Block 127 out of 560
Processing Block size=8
begin cleaner{left: ("[FunctionalDependency:(s: {brewery_id}, t: {state})]", 0.0), operator: *, right: (1.0, 1.0), result: 0.0}
列 'p' 不存在，对列 state 不过滤，直接选择所有非无效值。
Block processing time: 0.005838 seconds
Computing Block 128 out of 560
Processing Block size=4
begin cleaner{left: ("[FunctionalDependency:(s: {brewery_id}, t: {state})]", 0.0), operator: *, right: (1.0, 1.0), result: 0.0}
列 'p' 不存在，对列 state 不过滤，直接选择所有非无效值。
Block processing time: 0.003033 seconds
Computing Block 129 out of 560
Processing Block size=4
begin cleaner{left: ("[FunctionalDependency:(s: {brewery_id}, t: {state})]", 0.0), operator: *, right: (1.0, 1.0), result: 0.0}
列 'p' 不存在，对列 state 不过滤，直接选择所有非无效值。
Block processing time: 0.002956 seconds
Computing Block 130 out of 560
Processing Block size=5
begin cleaner{left: ("[FunctionalDependency:(s: {brewery_id}, t: {state})]", 0.0), operator: *, right: (1.0, 1.0), result: 0.0}
列 'p' 不存在，对列 state 不过滤，直接选择所有非无效值。
Block processing time: 0.003802 seconds
Computing Block 131 out of 560
Processing Block size=7
begin cleaner{left: ("[FunctionalDependency:(s: {brewery_id}, t: {state})]", 0.0), operator: *, right: (1.0, 1.0), result: 0.0}
列 'p' 不存在，对列 state 不过滤，直接选择所有非无效值。
Block processing time: 0.005038 seconds
Computing Block 132 out of 560
Processing Block size=3
begin cleaner{left: ("[FunctionalDependency:(s: {brewery_id}, t: {state})]", 0.0), operator: *, right: (1.0, 1.0), result: 0.0}
列 'p' 不存在，对列 state 不过滤，直接选择所有非无效值。
Block processing time: 0.002253 seconds
Computing Block 133 out of 560
Processing Block size=11
begin cleaner{left: ("[FunctionalDependency:(s: {brewery_id}, t: {state})]", 0.0), operator: *, right: (1.0, 1.0), result: 0.0}
列 'p' 不存在，对列 state 不过滤，直接选择所有非无效值。
Block processing time: 0.008019 seconds
Computing Block 134 out of 560
Processing Block size=3
begin cleaner{left: ("[FunctionalDependency:(s: {brewery_id}, t: {state})]", 0.0), operator: *, right: (1.0, 1.0), result: 0.0}
列 'p' 不存在，对列 state 不过滤，直接选择所有非无效值。
Block processing time: 0.002207 seconds
Computing Block 136 out of 560
Processing Block size=5
begin cleaner{left: ("[FunctionalDependency:(s: {brewery_id}, t: {state})]", 0.0), operator: *, right: (1.0, 1.0), result: 0.0}
列 'p' 不存在，对列 state 不过滤，直接选择所有非无效值。
Block processing time: 0.003623 seconds
Computing Block 137 out of 560
Processing Block size=7
begin cleaner{left: ("[FunctionalDependency:(s: {brewery_id}, t: {state})]", 0.0), operator: *, right: (1.0, 1.0), result: 0.0}
列 'p' 不存在，对列 state 不过滤，直接选择所有非无效值。
Block processing time: 0.005018 seconds
Computing Block 138 out of 560
Processing Block size=4
begin cleaner{left: ("[FunctionalDependency:(s: {brewery_id}, t: {state})]", 0.0), operator: *, right: (1.0, 1.0), result: 0.0}
列 'p' 不存在，对列 state 不过滤，直接选择所有非无效值。
Block processing time: 0.002938 seconds
Computing Block 139 out of 560
Processing Block size=3
begin cleaner{left: ("[FunctionalDependency:(s: {brewery_id}, t: {state})]", 0.0), operator: *, right: (1.0, 1.0), result: 0.0}
列 'p' 不存在，对列 state 不过滤，直接选择所有非无效值。
Block processing time: 0.002206 seconds
Computing Block 140 out of 560
Processing Block size=9
begin cleaner{left: ("[FunctionalDependency:(s: {brewery_id}, t: {state})]", 0.0), operator: *, right: (1.0, 1.0), result: 0.0}
列 'p' 不存在，对列 state 不过滤，直接选择所有非无效值。
Block processing time: 0.006474 seconds
Computing Block 141 out of 560
Processing Block size=3
begin cleaner{left: ("[FunctionalDependency:(s: {brewery_id}, t: {state})]", 0.0), operator: *, right: (1.0, 1.0), result: 0.0}
列 'p' 不存在，对列 state 不过滤，直接选择所有非无效值。
Block processing time: 0.002285 seconds
Computing Block 142 out of 560
Processing Block size=2
begin cleaner{left: ("[FunctionalDependency:(s: {brewery_id}, t: {state})]", 0.0), operator: *, right: (1.0, 1.0), result: 0.0}
列 'p' 不存在，对列 state 不过滤，直接选择所有非无效值。
Block processing time: 0.00163 seconds
Computing Block 144 out of 560
Processing Block size=2
begin cleaner{left: ("[FunctionalDependency:(s: {brewery_id}, t: {state})]", 0.0), operator: *, right: (1.0, 1.0), result: 0.0}
列 'p' 不存在，对列 state 不过滤，直接选择所有非无效值。
Block processing time: 0.001529 seconds
Computing Block 145 out of 560
Processing Block size=5
begin cleaner{left: ("[FunctionalDependency:(s: {brewery_id}, t: {state})]", 0.0), operator: *, right: (1.0, 1.0), result: 0.0}
列 'p' 不存在，对列 state 不过滤，直接选择所有非无效值。
Block processing time: 0.003607 seconds
Computing Block 146 out of 560
Processing Block size=20
begin cleaner{left: ("[FunctionalDependency:(s: {brewery_id}, t: {state})]", 0.0), operator: *, right: (1.0, 1.0), result: 0.0}
列 'p' 不存在，对列 state 不过滤，直接选择所有非无效值。
Block processing time: 0.01437 seconds
Computing Block 147 out of 560
Processing Block size=2
begin cleaner{left: ("[FunctionalDependency:(s: {brewery_id}, t: {state})]", 0.0), operator: *, right: (1.0, 1.0), result: 0.0}
列 'p' 不存在，对列 state 不过滤，直接选择所有非无效值。
Block processing time: 0.001509 seconds
Computing Block 150 out of 560
Processing Block size=5
begin cleaner{left: ("[FunctionalDependency:(s: {brewery_id}, t: {state})]", 0.0), operator: *, right: (1.0, 1.0), result: 0.0}
列 'p' 不存在，对列 state 不过滤，直接选择所有非无效值。
Block processing time: 0.003641 seconds
Computing Block 151 out of 560
Processing Block size=5
begin cleaner{left: ("[FunctionalDependency:(s: {brewery_id}, t: {state})]", 0.0), operator: *, right: (1.0, 1.0), result: 0.0}
列 'p' 不存在，对列 state 不过滤，直接选择所有非无效值。
Block processing time: 0.003629 seconds
Computing Block 152 out of 560
Processing Block size=3
begin cleaner{left: ("[FunctionalDependency:(s: {brewery_id}, t: {state})]", 0.0), operator: *, right: (1.0, 1.0), result: 0.0}
列 'p' 不存在，对列 state 不过滤，直接选择所有非无效值。
Block processing time: 0.002255 seconds
Computing Block 154 out of 560
Processing Block size=3
begin cleaner{left: ("[FunctionalDependency:(s: {brewery_id}, t: {state})]", 0.0), operator: *, right: (1.0, 1.0), result: 0.0}
列 'p' 不存在，对列 state 不过滤，直接选择所有非无效值。
Block processing time: 0.002295 seconds
Computing Block 155 out of 560
Processing Block size=6
begin cleaner{left: ("[FunctionalDependency:(s: {brewery_id}, t: {state})]", 0.0), operator: *, right: (1.0, 1.0), result: 0.0}
列 'p' 不存在，对列 state 不过滤，直接选择所有非无效值。
Block processing time: 0.004391 seconds
Computing Block 156 out of 560
Processing Block size=2
begin cleaner{left: ("[FunctionalDependency:(s: {brewery_id}, t: {state})]", 0.0), operator: *, right: (1.0, 1.0), result: 0.0}
列 'p' 不存在，对列 state 不过滤，直接选择所有非无效值。
Block processing time: 0.001499 seconds
Computing Block 157 out of 560
Processing Block size=7
begin cleaner{left: ("[FunctionalDependency:(s: {brewery_id}, t: {state})]", 0.0), operator: *, right: (1.0, 1.0), result: 0.0}
列 'p' 不存在，对列 state 不过滤，直接选择所有非无效值。
Block processing time: 0.00507 seconds
Computing Block 158 out of 560
Processing Block size=7
begin cleaner{left: ("[FunctionalDependency:(s: {brewery_id}, t: {state})]", 0.0), operator: *, right: (1.0, 1.0), result: 0.0}
列 'p' 不存在，对列 state 不过滤，直接选择所有非无效值。
Block processing time: 0.005204 seconds
Computing Block 159 out of 560
Processing Block size=4
begin cleaner{left: ("[FunctionalDependency:(s: {brewery_id}, t: {state})]", 0.0), operator: *, right: (1.0, 1.0), result: 0.0}
列 'p' 不存在，对列 state 不过滤，直接选择所有非无效值。
Block processing time: 0.00292 seconds
Computing Block 160 out of 560
Processing Block size=2
begin cleaner{left: ("[FunctionalDependency:(s: {brewery_id}, t: {state})]", 0.0), operator: *, right: (1.0, 1.0), result: 0.0}
列 'p' 不存在，对列 state 不过滤，直接选择所有非无效值。
Block processing time: 0.001536 seconds
Computing Block 161 out of 560
Processing Block size=4
begin cleaner{left: ("[FunctionalDependency:(s: {brewery_id}, t: {state})]", 0.0), operator: *, right: (1.0, 1.0), result: 0.0}
列 'p' 不存在，对列 state 不过滤，直接选择所有非无效值。
Block processing time: 0.002999 seconds
Computing Block 162 out of 560
Processing Block size=4
begin cleaner{left: ("[FunctionalDependency:(s: {brewery_id}, t: {state})]", 0.0), operator: *, right: (1.0, 1.0), result: 0.0}
列 'p' 不存在，对列 state 不过滤，直接选择所有非无效值。
Block processing time: 0.002974 seconds
Computing Block 163 out of 560
Processing Block size=4
begin cleaner{left: ("[FunctionalDependency:(s: {brewery_id}, t: {state})]", 0.0), operator: *, right: (1.0, 1.0), result: 0.0}
列 'p' 不存在，对列 state 不过滤，直接选择所有非无效值。
Block processing time: 0.002987 seconds
Computing Block 164 out of 560
Processing Block size=4
begin cleaner{left: ("[FunctionalDependency:(s: {brewery_id}, t: {state})]", 0.0), operator: *, right: (1.0, 1.0), result: 0.0}
列 'p' 不存在，对列 state 不过滤，直接选择所有非无效值。
Block processing time: 0.003021 seconds
Computing Block 165 out of 560
Processing Block size=3
begin cleaner{left: ("[FunctionalDependency:(s: {brewery_id}, t: {state})]", 0.0), operator: *, right: (1.0, 1.0), result: 0.0}
列 'p' 不存在，对列 state 不过滤，直接选择所有非无效值。
Block processing time: 0.002294 seconds
Computing Block 166 out of 560
Processing Block size=2
begin cleaner{left: ("[FunctionalDependency:(s: {brewery_id}, t: {state})]", 0.0), operator: *, right: (1.0, 1.0), result: 0.0}
列 'p' 不存在，对列 state 不过滤，直接选择所有非无效值。
Block processing time: 0.001558 seconds
Computing Block 167 out of 560
Processing Block size=3
begin cleaner{left: ("[FunctionalDependency:(s: {brewery_id}, t: {state})]", 0.0), operator: *, right: (1.0, 1.0), result: 0.0}
列 'p' 不存在，对列 state 不过滤，直接选择所有非无效值。
Block processing time: 0.002352 seconds
Computing Block 168 out of 560
Processing Block size=3
begin cleaner{left: ("[FunctionalDependency:(s: {brewery_id}, t: {state})]", 0.0), operator: *, right: (1.0, 1.0), result: 0.0}
列 'p' 不存在，对列 state 不过滤，直接选择所有非无效值。
Block processing time: 0.002252 seconds
Computing Block 172 out of 560
Processing Block size=3
begin cleaner{left: ("[FunctionalDependency:(s: {brewery_id}, t: {state})]", 0.0), operator: *, right: (1.0, 1.0), result: 0.0}
列 'p' 不存在，对列 state 不过滤，直接选择所有非无效值。
Block processing time: 0.002292 seconds
Computing Block 173 out of 560
Processing Block size=6
begin cleaner{left: ("[FunctionalDependency:(s: {brewery_id}, t: {state})]", 0.0), operator: *, right: (1.0, 1.0), result: 0.0}
列 'p' 不存在，对列 state 不过滤，直接选择所有非无效值。
Block processing time: 0.004527 seconds
Computing Block 175 out of 560
Processing Block size=8
begin cleaner{left: ("[FunctionalDependency:(s: {brewery_id}, t: {state})]", 0.0), operator: *, right: (1.0, 1.0), result: 0.0}
列 'p' 不存在，对列 state 不过滤，直接选择所有非无效值。
Block processing time: 0.005847 seconds
Computing Block 178 out of 560
Processing Block size=2
begin cleaner{left: ("[FunctionalDependency:(s: {brewery_id}, t: {state})]", 0.0), operator: *, right: (1.0, 1.0), result: 0.0}
列 'p' 不存在，对列 state 不过滤，直接选择所有非无效值。
Block processing time: 0.001524 seconds
Computing Block 179 out of 560
Processing Block size=5
begin cleaner{left: ("[FunctionalDependency:(s: {brewery_id}, t: {state})]", 0.0), operator: *, right: (1.0, 1.0), result: 0.0}
列 'p' 不存在，对列 state 不过滤，直接选择所有非无效值。
Block processing time: 0.003647 seconds
Computing Block 181 out of 560
Processing Block size=18
begin cleaner{left: ("[FunctionalDependency:(s: {brewery_id}, t: {state})]", 0.0), operator: *, right: (1.0, 1.0), result: 0.0}
列 'p' 不存在，对列 state 不过滤，直接选择所有非无效值。
Block processing time: 0.01303 seconds
Computing Block 183 out of 560
Processing Block size=6
begin cleaner{left: ("[FunctionalDependency:(s: {brewery_id}, t: {state})]", 0.0), operator: *, right: (1.0, 1.0), result: 0.0}
列 'p' 不存在，对列 state 不过滤，直接选择所有非无效值。
Block processing time: 0.004329 seconds
Computing Block 184 out of 560
Processing Block size=2
begin cleaner{left: ("[FunctionalDependency:(s: {brewery_id}, t: {state})]", 0.0), operator: *, right: (1.0, 1.0), result: 0.0}
列 'p' 不存在，对列 state 不过滤，直接选择所有非无效值。
Block processing time: 0.001578 seconds
Computing Block 185 out of 560
Processing Block size=5
begin cleaner{left: ("[FunctionalDependency:(s: {brewery_id}, t: {state})]", 0.0), operator: *, right: (1.0, 1.0), result: 0.0}
列 'p' 不存在，对列 state 不过滤，直接选择所有非无效值。
Block processing time: 0.003631 seconds
Computing Block 186 out of 560
Processing Block size=5
begin cleaner{left: ("[FunctionalDependency:(s: {brewery_id}, t: {state})]", 0.0), operator: *, right: (1.0, 1.0), result: 0.0}
列 'p' 不存在，对列 state 不过滤，直接选择所有非无效值。
Block processing time: 0.003625 seconds
Computing Block 189 out of 560
Processing Block size=9
begin cleaner{left: ("[FunctionalDependency:(s: {brewery_id}, t: {state})]", 0.0), operator: *, right: (1.0, 1.0), result: 0.0}
列 'p' 不存在，对列 state 不过滤，直接选择所有非无效值。
Block processing time: 0.006514 seconds
Computing Block 190 out of 560
Processing Block size=6
begin cleaner{left: ("[FunctionalDependency:(s: {brewery_id}, t: {state})]", 0.0), operator: *, right: (1.0, 1.0), result: 0.0}
列 'p' 不存在，对列 state 不过滤，直接选择所有非无效值。
Block processing time: 0.004341 seconds
Computing Block 191 out of 560
Processing Block size=8
begin cleaner{left: ("[FunctionalDependency:(s: {brewery_id}, t: {state})]", 0.0), operator: *, right: (1.0, 1.0), result: 0.0}
列 'p' 不存在，对列 state 不过滤，直接选择所有非无效值。
Block processing time: 0.005811 seconds
Computing Block 192 out of 560
Processing Block size=2
begin cleaner{left: ("[FunctionalDependency:(s: {brewery_id}, t: {state})]", 0.0), operator: *, right: (1.0, 1.0), result: 0.0}
列 'p' 不存在，对列 state 不过滤，直接选择所有非无效值。
Block processing time: 0.0015 seconds
Computing Block 193 out of 560
Processing Block size=5
begin cleaner{left: ("[FunctionalDependency:(s: {brewery_id}, t: {state})]", 0.0), operator: *, right: (1.0, 1.0), result: 0.0}
列 'p' 不存在，对列 state 不过滤，直接选择所有非无效值。
Block processing time: 0.003609 seconds
Computing Block 194 out of 560
Processing Block size=5
begin cleaner{left: ("[FunctionalDependency:(s: {brewery_id}, t: {state})]", 0.0), operator: *, right: (1.0, 1.0), result: 0.0}
列 'p' 不存在，对列 state 不过滤，直接选择所有非无效值。
Block processing time: 0.003768 seconds
Computing Block 197 out of 560
Processing Block size=3
begin cleaner{left: ("[FunctionalDependency:(s: {brewery_id}, t: {state})]", 0.0), operator: *, right: (1.0, 1.0), result: 0.0}
列 'p' 不存在，对列 state 不过滤，直接选择所有非无效值。
Block processing time: 0.00229 seconds
Computing Block 198 out of 560
Processing Block size=6
begin cleaner{left: ("[FunctionalDependency:(s: {brewery_id}, t: {state})]", 0.0), operator: *, right: (1.0, 1.0), result: 0.0}
列 'p' 不存在，对列 state 不过滤，直接选择所有非无效值。
Block processing time: 0.004319 seconds
Computing Block 200 out of 560
Processing Block size=4
begin cleaner{left: ("[FunctionalDependency:(s: {brewery_id}, t: {state})]", 0.0), operator: *, right: (1.0, 1.0), result: 0.0}
列 'p' 不存在，对列 state 不过滤，直接选择所有非无效值。
Block processing time: 0.002923 seconds
Computing Block 203 out of 560
Processing Block size=3
begin cleaner{left: ("[FunctionalDependency:(s: {brewery_id}, t: {state})]", 0.0), operator: *, right: (1.0, 1.0), result: 0.0}
列 'p' 不存在，对列 state 不过滤，直接选择所有非无效值。
Block processing time: 0.002198 seconds
Computing Block 205 out of 560
Processing Block size=3
begin cleaner{left: ("[FunctionalDependency:(s: {brewery_id}, t: {state})]", 0.0), operator: *, right: (1.0, 1.0), result: 0.0}
列 'p' 不存在，对列 state 不过滤，直接选择所有非无效值。
Block processing time: 0.002328 seconds
Computing Block 206 out of 560
Processing Block size=3
begin cleaner{left: ("[FunctionalDependency:(s: {brewery_id}, t: {state})]", 0.0), operator: *, right: (1.0, 1.0), result: 0.0}
列 'p' 不存在，对列 state 不过滤，直接选择所有非无效值。
Block processing time: 0.002208 seconds
Computing Block 208 out of 560
Processing Block size=7
begin cleaner{left: ("[FunctionalDependency:(s: {brewery_id}, t: {state})]", 0.0), operator: *, right: (1.0, 1.0), result: 0.0}
列 'p' 不存在，对列 state 不过滤，直接选择所有非无效值。
Block processing time: 0.005081 seconds
Computing Block 209 out of 560
Processing Block size=3
begin cleaner{left: ("[FunctionalDependency:(s: {brewery_id}, t: {state})]", 0.0), operator: *, right: (1.0, 1.0), result: 0.0}
列 'p' 不存在，对列 state 不过滤，直接选择所有非无效值。
Block processing time: 0.002221 seconds
Computing Block 211 out of 560
Processing Block size=2
begin cleaner{left: ("[FunctionalDependency:(s: {brewery_id}, t: {state})]", 0.0), operator: *, right: (1.0, 1.0), result: 0.0}
列 'p' 不存在，对列 state 不过滤，直接选择所有非无效值。
Block processing time: 0.001515 seconds
Computing Block 213 out of 560
Processing Block size=4
begin cleaner{left: ("[FunctionalDependency:(s: {brewery_id}, t: {state})]", 0.0), operator: *, right: (1.0, 1.0), result: 0.0}
列 'p' 不存在，对列 state 不过滤，直接选择所有非无效值。
Block processing time: 0.002887 seconds
Computing Block 214 out of 560
Processing Block size=9
begin cleaner{left: ("[FunctionalDependency:(s: {brewery_id}, t: {state})]", 0.0), operator: *, right: (1.0, 1.0), result: 0.0}
列 'p' 不存在，对列 state 不过滤，直接选择所有非无效值。
Block processing time: 0.006398 seconds
Computing Block 215 out of 560
Processing Block size=2
begin cleaner{left: ("[FunctionalDependency:(s: {brewery_id}, t: {state})]", 0.0), operator: *, right: (1.0, 1.0), result: 0.0}
列 'p' 不存在，对列 state 不过滤，直接选择所有非无效值。
Block processing time: 0.001491 seconds
Computing Block 216 out of 560
Processing Block size=2
begin cleaner{left: ("[FunctionalDependency:(s: {brewery_id}, t: {state})]", 0.0), operator: *, right: (1.0, 1.0), result: 0.0}
列 'p' 不存在，对列 state 不过滤，直接选择所有非无效值。
Block processing time: 0.00149 seconds
Computing Block 217 out of 560
Processing Block size=2
begin cleaner{left: ("[FunctionalDependency:(s: {brewery_id}, t: {state})]", 0.0), operator: *, right: (1.0, 1.0), result: 0.0}
列 'p' 不存在，对列 state 不过滤，直接选择所有非无效值。
Block processing time: 0.001501 seconds
Computing Block 218 out of 560
Processing Block size=2
begin cleaner{left: ("[FunctionalDependency:(s: {brewery_id}, t: {state})]", 0.0), operator: *, right: (1.0, 1.0), result: 0.0}
列 'p' 不存在，对列 state 不过滤，直接选择所有非无效值。
Block processing time: 0.001513 seconds
Computing Block 219 out of 560
Processing Block size=11
begin cleaner{left: ("[FunctionalDependency:(s: {brewery_id}, t: {state})]", 0.0), operator: *, right: (1.0, 1.0), result: 0.0}
列 'p' 不存在，对列 state 不过滤，直接选择所有非无效值。
Block processing time: 0.00794 seconds
Computing Block 220 out of 560
Processing Block size=3
begin cleaner{left: ("[FunctionalDependency:(s: {brewery_id}, t: {state})]", 0.0), operator: *, right: (1.0, 1.0), result: 0.0}
列 'p' 不存在，对列 state 不过滤，直接选择所有非无效值。
Block processing time: 0.002194 seconds
Computing Block 221 out of 560
Processing Block size=8
begin cleaner{left: ("[FunctionalDependency:(s: {brewery_id}, t: {state})]", 0.0), operator: *, right: (1.0, 1.0), result: 0.0}
列 'p' 不存在，对列 state 不过滤，直接选择所有非无效值。
Block processing time: 0.005702 seconds
Computing Block 222 out of 560
Processing Block size=13
begin cleaner{left: ("[FunctionalDependency:(s: {brewery_id}, t: {state})]", 0.0), operator: *, right: (1.0, 1.0), result: 0.0}
列 'p' 不存在，对列 state 不过滤，直接选择所有非无效值。
Block processing time: 0.009268 seconds
Computing Block 223 out of 560
Processing Block size=2
begin cleaner{left: ("[FunctionalDependency:(s: {brewery_id}, t: {state})]", 0.0), operator: *, right: (1.0, 1.0), result: 0.0}
列 'p' 不存在，对列 state 不过滤，直接选择所有非无效值。
Block processing time: 0.0015 seconds
Computing Block 224 out of 560
Processing Block size=2
begin cleaner{left: ("[FunctionalDependency:(s: {brewery_id}, t: {state})]", 0.0), operator: *, right: (1.0, 1.0), result: 0.0}
列 'p' 不存在，对列 state 不过滤，直接选择所有非无效值。
Block processing time: 0.001527 seconds
Computing Block 226 out of 560
Processing Block size=2
begin cleaner{left: ("[FunctionalDependency:(s: {brewery_id}, t: {state})]", 0.0), operator: *, right: (1.0, 1.0), result: 0.0}
列 'p' 不存在，对列 state 不过滤，直接选择所有非无效值。
Block processing time: 0.001497 seconds
Computing Block 227 out of 560
Processing Block size=2
begin cleaner{left: ("[FunctionalDependency:(s: {brewery_id}, t: {state})]", 0.0), operator: *, right: (1.0, 1.0), result: 0.0}
列 'p' 不存在，对列 state 不过滤，直接选择所有非无效值。
Block processing time: 0.001499 seconds
Computing Block 228 out of 560
Processing Block size=9
begin cleaner{left: ("[FunctionalDependency:(s: {brewery_id}, t: {state})]", 0.0), operator: *, right: (1.0, 1.0), result: 0.0}
列 'p' 不存在，对列 state 不过滤，直接选择所有非无效值。
Block processing time: 0.006499 seconds
Computing Block 229 out of 560
Processing Block size=3
begin cleaner{left: ("[FunctionalDependency:(s: {brewery_id}, t: {state})]", 0.0), operator: *, right: (1.0, 1.0), result: 0.0}
列 'p' 不存在，对列 state 不过滤，直接选择所有非无效值。
Block processing time: 0.002233 seconds
Computing Block 230 out of 560
Processing Block size=3
begin cleaner{left: ("[FunctionalDependency:(s: {brewery_id}, t: {state})]", 0.0), operator: *, right: (1.0, 1.0), result: 0.0}
列 'p' 不存在，对列 state 不过滤，直接选择所有非无效值。
Block processing time: 0.002207 seconds
Computing Block 231 out of 560
Processing Block size=10
begin cleaner{left: ("[FunctionalDependency:(s: {brewery_id}, t: {state})]", 0.0), operator: *, right: (1.0, 1.0), result: 0.0}
列 'p' 不存在，对列 state 不过滤，直接选择所有非无效值。
Block processing time: 0.007059 seconds
Computing Block 232 out of 560
Processing Block size=2
begin cleaner{left: ("[FunctionalDependency:(s: {brewery_id}, t: {state})]", 0.0), operator: *, right: (1.0, 1.0), result: 0.0}
列 'p' 不存在，对列 state 不过滤，直接选择所有非无效值。
Block processing time: 0.001558 seconds
Computing Block 234 out of 560
Processing Block size=13
begin cleaner{left: ("[FunctionalDependency:(s: {brewery_id}, t: {state})]", 0.0), operator: *, right: (1.0, 1.0), result: 0.0}
列 'p' 不存在，对列 state 不过滤，直接选择所有非无效值。
Block processing time: 0.009303 seconds
Computing Block 236 out of 560
Processing Block size=2
begin cleaner{left: ("[FunctionalDependency:(s: {brewery_id}, t: {state})]", 0.0), operator: *, right: (1.0, 1.0), result: 0.0}
列 'p' 不存在，对列 state 不过滤，直接选择所有非无效值。
Block processing time: 0.001555 seconds
Computing Block 237 out of 560
Processing Block size=2
begin cleaner{left: ("[FunctionalDependency:(s: {brewery_id}, t: {state})]", 0.0), operator: *, right: (1.0, 1.0), result: 0.0}
列 'p' 不存在，对列 state 不过滤，直接选择所有非无效值。
Block processing time: 0.001495 seconds
Computing Block 238 out of 560
Processing Block size=4
begin cleaner{left: ("[FunctionalDependency:(s: {brewery_id}, t: {state})]", 0.0), operator: *, right: (1.0, 1.0), result: 0.0}
列 'p' 不存在，对列 state 不过滤，直接选择所有非无效值。
Block processing time: 0.002941 seconds
Computing Block 239 out of 560
Processing Block size=2
begin cleaner{left: ("[FunctionalDependency:(s: {brewery_id}, t: {state})]", 0.0), operator: *, right: (1.0, 1.0), result: 0.0}
列 'p' 不存在，对列 state 不过滤，直接选择所有非无效值。
Block processing time: 0.001499 seconds
Computing Block 240 out of 560
Processing Block size=14
begin cleaner{left: ("[FunctionalDependency:(s: {brewery_id}, t: {state})]", 0.0), operator: *, right: (1.0, 1.0), result: 0.0}
列 'p' 不存在，对列 state 不过滤，直接选择所有非无效值。
Block processing time: 0.010118 seconds
Computing Block 241 out of 560
Processing Block size=3
begin cleaner{left: ("[FunctionalDependency:(s: {brewery_id}, t: {state})]", 0.0), operator: *, right: (1.0, 1.0), result: 0.0}
列 'p' 不存在，对列 state 不过滤，直接选择所有非无效值。
Block processing time: 0.002229 seconds
Computing Block 242 out of 560
Processing Block size=5
begin cleaner{left: ("[FunctionalDependency:(s: {brewery_id}, t: {state})]", 0.0), operator: *, right: (1.0, 1.0), result: 0.0}
列 'p' 不存在，对列 state 不过滤，直接选择所有非无效值。
Block processing time: 0.003609 seconds
Computing Block 245 out of 560
Processing Block size=4
begin cleaner{left: ("[FunctionalDependency:(s: {brewery_id}, t: {state})]", 0.0), operator: *, right: (1.0, 1.0), result: 0.0}
列 'p' 不存在，对列 state 不过滤，直接选择所有非无效值。
Block processing time: 0.002982 seconds
Computing Block 246 out of 560
Processing Block size=4
begin cleaner{left: ("[FunctionalDependency:(s: {brewery_id}, t: {state})]", 0.0), operator: *, right: (1.0, 1.0), result: 0.0}
列 'p' 不存在，对列 state 不过滤，直接选择所有非无效值。
Block processing time: 0.002977 seconds
Computing Block 247 out of 560
Processing Block size=2
begin cleaner{left: ("[FunctionalDependency:(s: {brewery_id}, t: {state})]", 0.0), operator: *, right: (1.0, 1.0), result: 0.0}
列 'p' 不存在，对列 state 不过滤，直接选择所有非无效值。
Block processing time: 0.001513 seconds
Computing Block 248 out of 560
Processing Block size=3
begin cleaner{left: ("[FunctionalDependency:(s: {brewery_id}, t: {state})]", 0.0), operator: *, right: (1.0, 1.0), result: 0.0}
列 'p' 不存在，对列 state 不过滤，直接选择所有非无效值。
Block processing time: 0.002199 seconds
Computing Block 251 out of 560
Processing Block size=4
begin cleaner{left: ("[FunctionalDependency:(s: {brewery_id}, t: {state})]", 0.0), operator: *, right: (1.0, 1.0), result: 0.0}
列 'p' 不存在，对列 state 不过滤，直接选择所有非无效值。
Block processing time: 0.002901 seconds
Computing Block 252 out of 560
Processing Block size=2
begin cleaner{left: ("[FunctionalDependency:(s: {brewery_id}, t: {state})]", 0.0), operator: *, right: (1.0, 1.0), result: 0.0}
列 'p' 不存在，对列 state 不过滤，直接选择所有非无效值。
Block processing time: 0.001554 seconds
Computing Block 253 out of 560
Processing Block size=9
begin cleaner{left: ("[FunctionalDependency:(s: {brewery_id}, t: {state})]", 0.0), operator: *, right: (1.0, 1.0), result: 0.0}
列 'p' 不存在，对列 state 不过滤，直接选择所有非无效值。
Block processing time: 0.006405 seconds
Computing Block 254 out of 560
Processing Block size=2
begin cleaner{left: ("[FunctionalDependency:(s: {brewery_id}, t: {state})]", 0.0), operator: *, right: (1.0, 1.0), result: 0.0}
列 'p' 不存在，对列 state 不过滤，直接选择所有非无效值。
Block processing time: 0.001568 seconds
Computing Block 255 out of 560
Processing Block size=4
begin cleaner{left: ("[FunctionalDependency:(s: {brewery_id}, t: {state})]", 0.0), operator: *, right: (1.0, 1.0), result: 0.0}
列 'p' 不存在，对列 state 不过滤，直接选择所有非无效值。
Block processing time: 0.002945 seconds
Computing Block 256 out of 560
Processing Block size=4
begin cleaner{left: ("[FunctionalDependency:(s: {brewery_id}, t: {state})]", 0.0), operator: *, right: (1.0, 1.0), result: 0.0}
列 'p' 不存在，对列 state 不过滤，直接选择所有非无效值。
Block processing time: 0.002927 seconds
Computing Block 257 out of 560
Processing Block size=10
begin cleaner{left: ("[FunctionalDependency:(s: {brewery_id}, t: {state})]", 0.0), operator: *, right: (1.0, 1.0), result: 0.0}
列 'p' 不存在，对列 state 不过滤，直接选择所有非无效值。
Block processing time: 0.007101 seconds
Computing Block 259 out of 560
Processing Block size=2
begin cleaner{left: ("[FunctionalDependency:(s: {brewery_id}, t: {state})]", 0.0), operator: *, right: (1.0, 1.0), result: 0.0}
列 'p' 不存在，对列 state 不过滤，直接选择所有非无效值。
Block processing time: 0.001525 seconds
Computing Block 261 out of 560
Processing Block size=7
begin cleaner{left: ("[FunctionalDependency:(s: {brewery_id}, t: {state})]", 0.0), operator: *, right: (1.0, 1.0), result: 0.0}
列 'p' 不存在，对列 state 不过滤，直接选择所有非无效值。
Block processing time: 0.004962 seconds
Computing Block 262 out of 560
Processing Block size=7
begin cleaner{left: ("[FunctionalDependency:(s: {brewery_id}, t: {state})]", 0.0), operator: *, right: (1.0, 1.0), result: 0.0}
列 'p' 不存在，对列 state 不过滤，直接选择所有非无效值。
Block processing time: 0.004991 seconds
Computing Block 267 out of 560
Processing Block size=3
begin cleaner{left: ("[FunctionalDependency:(s: {brewery_id}, t: {state})]", 0.0), operator: *, right: (1.0, 1.0), result: 0.0}
列 'p' 不存在，对列 state 不过滤，直接选择所有非无效值。
Block processing time: 0.002308 seconds
Computing Block 268 out of 560
Processing Block size=4
begin cleaner{left: ("[FunctionalDependency:(s: {brewery_id}, t: {state})]", 0.0), operator: *, right: (1.0, 1.0), result: 0.0}
列 'p' 不存在，对列 state 不过滤，直接选择所有非无效值。
Block processing time: 0.002961 seconds
Computing Block 270 out of 560
Processing Block size=3
begin cleaner{left: ("[FunctionalDependency:(s: {brewery_id}, t: {state})]", 0.0), operator: *, right: (1.0, 1.0), result: 0.0}
列 'p' 不存在，对列 state 不过滤，直接选择所有非无效值。
Block processing time: 0.002277 seconds
Computing Block 271 out of 560
Processing Block size=2
begin cleaner{left: ("[FunctionalDependency:(s: {brewery_id}, t: {state})]", 0.0), operator: *, right: (1.0, 1.0), result: 0.0}
列 'p' 不存在，对列 state 不过滤，直接选择所有非无效值。
Block processing time: 0.001588 seconds
Computing Block 272 out of 560
Processing Block size=2
begin cleaner{left: ("[FunctionalDependency:(s: {brewery_id}, t: {state})]", 0.0), operator: *, right: (1.0, 1.0), result: 0.0}
列 'p' 不存在，对列 state 不过滤，直接选择所有非无效值。
Block processing time: 0.001506 seconds
Computing Block 274 out of 560
Processing Block size=2
begin cleaner{left: ("[FunctionalDependency:(s: {brewery_id}, t: {state})]", 0.0), operator: *, right: (1.0, 1.0), result: 0.0}
列 'p' 不存在，对列 state 不过滤，直接选择所有非无效值。
Block processing time: 0.0015 seconds
Computing Block 275 out of 560
Processing Block size=2
begin cleaner{left: ("[FunctionalDependency:(s: {brewery_id}, t: {state})]", 0.0), operator: *, right: (1.0, 1.0), result: 0.0}
列 'p' 不存在，对列 state 不过滤，直接选择所有非无效值。
Block processing time: 0.001535 seconds
Computing Block 277 out of 560
Processing Block size=2
begin cleaner{left: ("[FunctionalDependency:(s: {brewery_id}, t: {state})]", 0.0), operator: *, right: (1.0, 1.0), result: 0.0}
列 'p' 不存在，对列 state 不过滤，直接选择所有非无效值。
Block processing time: 0.001497 seconds
Computing Block 279 out of 560
Processing Block size=2
begin cleaner{left: ("[FunctionalDependency:(s: {brewery_id}, t: {state})]", 0.0), operator: *, right: (1.0, 1.0), result: 0.0}
列 'p' 不存在，对列 state 不过滤，直接选择所有非无效值。
Block processing time: 0.001595 seconds
Computing Block 280 out of 560
Processing Block size=32
begin cleaner{left: ("[FunctionalDependency:(s: {brewery_id}, t: {state})]", 0.0), operator: *, right: (1.0, 1.0), result: 0.0}
列 'p' 不存在，对列 state 不过滤，直接选择所有非无效值。
Block processing time: 0.022524 seconds
Computing Block 281 out of 560
Processing Block size=4
begin cleaner{left: ("[FunctionalDependency:(s: {brewery_id}, t: {state})]", 0.0), operator: *, right: (1.0, 1.0), result: 0.0}
列 'p' 不存在，对列 state 不过滤，直接选择所有非无效值。
Block processing time: 0.002914 seconds
Computing Block 282 out of 560
Processing Block size=5
begin cleaner{left: ("[FunctionalDependency:(s: {brewery_id}, t: {state})]", 0.0), operator: *, right: (1.0, 1.0), result: 0.0}
列 'p' 不存在，对列 state 不过滤，直接选择所有非无效值。
Block processing time: 0.003607 seconds
Computing Block 283 out of 560
Processing Block size=5
begin cleaner{left: ("[FunctionalDependency:(s: {brewery_id}, t: {state})]", 0.0), operator: *, right: (1.0, 1.0), result: 0.0}
列 'p' 不存在，对列 state 不过滤，直接选择所有非无效值。
Block processing time: 0.003641 seconds
Computing Block 284 out of 560
Processing Block size=3
begin cleaner{left: ("[FunctionalDependency:(s: {brewery_id}, t: {state})]", 0.0), operator: *, right: (1.0, 1.0), result: 0.0}
列 'p' 不存在，对列 state 不过滤，直接选择所有非无效值。
Block processing time: 0.002248 seconds
Computing Block 285 out of 560
Processing Block size=3
begin cleaner{left: ("[FunctionalDependency:(s: {brewery_id}, t: {state})]", 0.0), operator: *, right: (1.0, 1.0), result: 0.0}
列 'p' 不存在，对列 state 不过滤，直接选择所有非无效值。
Block processing time: 0.0022 seconds
Computing Block 286 out of 560
Processing Block size=5
begin cleaner{left: ("[FunctionalDependency:(s: {brewery_id}, t: {state})]", 0.0), operator: *, right: (1.0, 1.0), result: 0.0}
列 'p' 不存在，对列 state 不过滤，直接选择所有非无效值。
Block processing time: 0.003642 seconds
Computing Block 287 out of 560
Processing Block size=3
begin cleaner{left: ("[FunctionalDependency:(s: {brewery_id}, t: {state})]", 0.0), operator: *, right: (1.0, 1.0), result: 0.0}
列 'p' 不存在，对列 state 不过滤，直接选择所有非无效值。
Block processing time: 0.002212 seconds
Computing Block 288 out of 560
Processing Block size=14
begin cleaner{left: ("[FunctionalDependency:(s: {brewery_id}, t: {state})]", 0.0), operator: *, right: (1.0, 1.0), result: 0.0}
列 'p' 不存在，对列 state 不过滤，直接选择所有非无效值。
Block processing time: 0.01046 seconds
Computing Block 290 out of 560
Processing Block size=2
begin cleaner{left: ("[FunctionalDependency:(s: {brewery_id}, t: {state})]", 0.0), operator: *, right: (1.0, 1.0), result: 0.0}
列 'p' 不存在，对列 state 不过滤，直接选择所有非无效值。
Block processing time: 0.001671 seconds
Computing Block 291 out of 560
Processing Block size=2
begin cleaner{left: ("[FunctionalDependency:(s: {brewery_id}, t: {state})]", 0.0), operator: *, right: (1.0, 1.0), result: 0.0}
列 'p' 不存在，对列 state 不过滤，直接选择所有非无效值。
Block processing time: 0.001672 seconds
Computing Block 292 out of 560
Processing Block size=4
begin cleaner{left: ("[FunctionalDependency:(s: {brewery_id}, t: {state})]", 0.0), operator: *, right: (1.0, 1.0), result: 0.0}
列 'p' 不存在，对列 state 不过滤，直接选择所有非无效值。
Block processing time: 0.003137 seconds
Computing Block 294 out of 560
Processing Block size=2
begin cleaner{left: ("[FunctionalDependency:(s: {brewery_id}, t: {state})]", 0.0), operator: *, right: (1.0, 1.0), result: 0.0}
列 'p' 不存在，对列 state 不过滤，直接选择所有非无效值。
Block processing time: 0.001628 seconds
Computing Block 295 out of 560
Processing Block size=6
begin cleaner{left: ("[FunctionalDependency:(s: {brewery_id}, t: {state})]", 0.0), operator: *, right: (1.0, 1.0), result: 0.0}
列 'p' 不存在，对列 state 不过滤，直接选择所有非无效值。
Block processing time: 0.004626 seconds
Computing Block 296 out of 560
Processing Block size=4
begin cleaner{left: ("[FunctionalDependency:(s: {brewery_id}, t: {state})]", 0.0), operator: *, right: (1.0, 1.0), result: 0.0}
列 'p' 不存在，对列 state 不过滤，直接选择所有非无效值。
Block processing time: 0.003351 seconds
Computing Block 297 out of 560
Processing Block size=3
begin cleaner{left: ("[FunctionalDependency:(s: {brewery_id}, t: {state})]", 0.0), operator: *, right: (1.0, 1.0), result: 0.0}
列 'p' 不存在，对列 state 不过滤，直接选择所有非无效值。
Block processing time: 0.002482 seconds
Computing Block 299 out of 560
Processing Block size=9
begin cleaner{left: ("[FunctionalDependency:(s: {brewery_id}, t: {state})]", 0.0), operator: *, right: (1.0, 1.0), result: 0.0}
列 'p' 不存在，对列 state 不过滤，直接选择所有非无效值。
Block processing time: 0.00683 seconds
Computing Block 301 out of 560
Processing Block size=5
begin cleaner{left: ("[FunctionalDependency:(s: {brewery_id}, t: {state})]", 0.0), operator: *, right: (1.0, 1.0), result: 0.0}
列 'p' 不存在，对列 state 不过滤，直接选择所有非无效值。
Block processing time: 0.004046 seconds
Computing Block 303 out of 560
Processing Block size=5
begin cleaner{left: ("[FunctionalDependency:(s: {brewery_id}, t: {state})]", 0.0), operator: *, right: (1.0, 1.0), result: 0.0}
列 'p' 不存在，对列 state 不过滤，直接选择所有非无效值。
Block processing time: 0.003805 seconds
Computing Block 304 out of 560
Processing Block size=9
begin cleaner{left: ("[FunctionalDependency:(s: {brewery_id}, t: {state})]", 0.0), operator: *, right: (1.0, 1.0), result: 0.0}
列 'p' 不存在，对列 state 不过滤，直接选择所有非无效值。
Block processing time: 0.006448 seconds
Computing Block 306 out of 560
Processing Block size=3
begin cleaner{left: ("[FunctionalDependency:(s: {brewery_id}, t: {state})]", 0.0), operator: *, right: (1.0, 1.0), result: 0.0}
列 'p' 不存在，对列 state 不过滤，直接选择所有非无效值。
Block processing time: 0.002378 seconds
Computing Block 307 out of 560
Processing Block size=7
begin cleaner{left: ("[FunctionalDependency:(s: {brewery_id}, t: {state})]", 0.0), operator: *, right: (1.0, 1.0), result: 0.0}
列 'p' 不存在，对列 state 不过滤，直接选择所有非无效值。
Block processing time: 0.005158 seconds
Computing Block 308 out of 560
Processing Block size=8
begin cleaner{left: ("[FunctionalDependency:(s: {brewery_id}, t: {state})]", 0.0), operator: *, right: (1.0, 1.0), result: 0.0}
列 'p' 不存在，对列 state 不过滤，直接选择所有非无效值。
Block processing time: 0.006151 seconds
Computing Block 309 out of 560
Processing Block size=3
begin cleaner{left: ("[FunctionalDependency:(s: {brewery_id}, t: {state})]", 0.0), operator: *, right: (1.0, 1.0), result: 0.0}
列 'p' 不存在，对列 state 不过滤，直接选择所有非无效值。
Block processing time: 0.002377 seconds
Computing Block 310 out of 560
Processing Block size=4
begin cleaner{left: ("[FunctionalDependency:(s: {brewery_id}, t: {state})]", 0.0), operator: *, right: (1.0, 1.0), result: 0.0}
列 'p' 不存在，对列 state 不过滤，直接选择所有非无效值。
Block processing time: 0.003132 seconds
Computing Block 313 out of 560
Processing Block size=3
begin cleaner{left: ("[FunctionalDependency:(s: {brewery_id}, t: {state})]", 0.0), operator: *, right: (1.0, 1.0), result: 0.0}
列 'p' 不存在，对列 state 不过滤，直接选择所有非无效值。
Block processing time: 0.002422 seconds
Computing Block 314 out of 560
Processing Block size=4
begin cleaner{left: ("[FunctionalDependency:(s: {brewery_id}, t: {state})]", 0.0), operator: *, right: (1.0, 1.0), result: 0.0}
列 'p' 不存在，对列 state 不过滤，直接选择所有非无效值。
Block processing time: 0.003112 seconds
Computing Block 315 out of 560
Processing Block size=4
begin cleaner{left: ("[FunctionalDependency:(s: {brewery_id}, t: {state})]", 0.0), operator: *, right: (1.0, 1.0), result: 0.0}
列 'p' 不存在，对列 state 不过滤，直接选择所有非无效值。
Block processing time: 0.003105 seconds
Computing Block 316 out of 560
Processing Block size=4
begin cleaner{left: ("[FunctionalDependency:(s: {brewery_id}, t: {state})]", 0.0), operator: *, right: (1.0, 1.0), result: 0.0}
列 'p' 不存在，对列 state 不过滤，直接选择所有非无效值。
Block processing time: 0.00311 seconds
Computing Block 317 out of 560
Processing Block size=3
begin cleaner{left: ("[FunctionalDependency:(s: {brewery_id}, t: {state})]", 0.0), operator: *, right: (1.0, 1.0), result: 0.0}
列 'p' 不存在，对列 state 不过滤，直接选择所有非无效值。
Block processing time: 0.002368 seconds
Computing Block 318 out of 560
Processing Block size=6
begin cleaner{left: ("[FunctionalDependency:(s: {brewery_id}, t: {state})]", 0.0), operator: *, right: (1.0, 1.0), result: 0.0}
列 'p' 不存在，对列 state 不过滤，直接选择所有非无效值。
Block processing time: 0.004504 seconds
Computing Block 319 out of 560
Processing Block size=4
begin cleaner{left: ("[FunctionalDependency:(s: {brewery_id}, t: {state})]", 0.0), operator: *, right: (1.0, 1.0), result: 0.0}
列 'p' 不存在，对列 state 不过滤，直接选择所有非无效值。
Block processing time: 0.00307 seconds
Computing Block 320 out of 560
Processing Block size=13
begin cleaner{left: ("[FunctionalDependency:(s: {brewery_id}, t: {state})]", 0.0), operator: *, right: (1.0, 1.0), result: 0.0}
列 'p' 不存在，对列 state 不过滤，直接选择所有非无效值。
Block processing time: 0.009854 seconds
Computing Block 321 out of 560
Processing Block size=2
begin cleaner{left: ("[FunctionalDependency:(s: {brewery_id}, t: {state})]", 0.0), operator: *, right: (1.0, 1.0), result: 0.0}
列 'p' 不存在，对列 state 不过滤，直接选择所有非无效值。
Block processing time: 0.001611 seconds
Computing Block 322 out of 560
Processing Block size=3
begin cleaner{left: ("[FunctionalDependency:(s: {brewery_id}, t: {state})]", 0.0), operator: *, right: (1.0, 1.0), result: 0.0}
列 'p' 不存在，对列 state 不过滤，直接选择所有非无效值。
Block processing time: 0.003334 seconds
Computing Block 324 out of 560
Processing Block size=4
begin cleaner{left: ("[FunctionalDependency:(s: {brewery_id}, t: {state})]", 0.0), operator: *, right: (1.0, 1.0), result: 0.0}
列 'p' 不存在，对列 state 不过滤，直接选择所有非无效值。
Block processing time: 0.003228 seconds
Computing Block 325 out of 560
Processing Block size=3
begin cleaner{left: ("[FunctionalDependency:(s: {brewery_id}, t: {state})]", 0.0), operator: *, right: (1.0, 1.0), result: 0.0}
列 'p' 不存在，对列 state 不过滤，直接选择所有非无效值。
Block processing time: 0.002435 seconds
Computing Block 328 out of 560
Processing Block size=5
begin cleaner{left: ("[FunctionalDependency:(s: {brewery_id}, t: {state})]", 0.0), operator: *, right: (1.0, 1.0), result: 0.0}
列 'p' 不存在，对列 state 不过滤，直接选择所有非无效值。
Block processing time: 0.004063 seconds
Computing Block 329 out of 560
Processing Block size=2
begin cleaner{left: ("[FunctionalDependency:(s: {brewery_id}, t: {state})]", 0.0), operator: *, right: (1.0, 1.0), result: 0.0}
列 'p' 不存在，对列 state 不过滤，直接选择所有非无效值。
Block processing time: 0.001785 seconds
Computing Block 330 out of 560
Processing Block size=6
begin cleaner{left: ("[FunctionalDependency:(s: {brewery_id}, t: {state})]", 0.0), operator: *, right: (1.0, 1.0), result: 0.0}
列 'p' 不存在，对列 state 不过滤，直接选择所有非无效值。
Block processing time: 0.005444 seconds
Computing Block 331 out of 560
Processing Block size=8
begin cleaner{left: ("[FunctionalDependency:(s: {brewery_id}, t: {state})]", 0.0), operator: *, right: (1.0, 1.0), result: 0.0}
列 'p' 不存在，对列 state 不过滤，直接选择所有非无效值。
Block processing time: 0.006687 seconds
Computing Block 332 out of 560
Processing Block size=2
begin cleaner{left: ("[FunctionalDependency:(s: {brewery_id}, t: {state})]", 0.0), operator: *, right: (1.0, 1.0), result: 0.0}
列 'p' 不存在，对列 state 不过滤，直接选择所有非无效值。
Block processing time: 0.001881 seconds
Computing Block 333 out of 560
Processing Block size=6
begin cleaner{left: ("[FunctionalDependency:(s: {brewery_id}, t: {state})]", 0.0), operator: *, right: (1.0, 1.0), result: 0.0}
列 'p' 不存在，对列 state 不过滤，直接选择所有非无效值。
Block processing time: 0.005857 seconds
Computing Block 336 out of 560
Processing Block size=2
begin cleaner{left: ("[FunctionalDependency:(s: {brewery_id}, t: {state})]", 0.0), operator: *, right: (1.0, 1.0), result: 0.0}
列 'p' 不存在，对列 state 不过滤，直接选择所有非无效值。
Block processing time: 0.001716 seconds
Computing Block 338 out of 560
Processing Block size=12
begin cleaner{left: ("[FunctionalDependency:(s: {brewery_id}, t: {state})]", 0.0), operator: *, right: (1.0, 1.0), result: 0.0}
列 'p' 不存在，对列 state 不过滤，直接选择所有非无效值。
Block processing time: 0.015488 seconds
Computing Block 339 out of 560
Processing Block size=9
begin cleaner{left: ("[FunctionalDependency:(s: {brewery_id}, t: {state})]", 0.0), operator: *, right: (1.0, 1.0), result: 0.0}
列 'p' 不存在，对列 state 不过滤，直接选择所有非无效值。
Block processing time: 0.008521 seconds
Computing Block 341 out of 560
Processing Block size=15
begin cleaner{left: ("[FunctionalDependency:(s: {brewery_id}, t: {state})]", 0.0), operator: *, right: (1.0, 1.0), result: 0.0}
列 'p' 不存在，对列 state 不过滤，直接选择所有非无效值。
Block processing time: 0.011853 seconds
Computing Block 342 out of 560
Processing Block size=9
begin cleaner{left: ("[FunctionalDependency:(s: {brewery_id}, t: {state})]", 0.0), operator: *, right: (1.0, 1.0), result: 0.0}
列 'p' 不存在，对列 state 不过滤，直接选择所有非无效值。
Block processing time: 0.007005 seconds
Computing Block 343 out of 560
Processing Block size=2
begin cleaner{left: ("[FunctionalDependency:(s: {brewery_id}, t: {state})]", 0.0), operator: *, right: (1.0, 1.0), result: 0.0}
列 'p' 不存在，对列 state 不过滤，直接选择所有非无效值。
Block processing time: 0.00156 seconds
Computing Block 346 out of 560
Processing Block size=3
begin cleaner{left: ("[FunctionalDependency:(s: {brewery_id}, t: {state})]", 0.0), operator: *, right: (1.0, 1.0), result: 0.0}
列 'p' 不存在，对列 state 不过滤，直接选择所有非无效值。
Block processing time: 0.002378 seconds
Computing Block 347 out of 560
Processing Block size=2
begin cleaner{left: ("[FunctionalDependency:(s: {brewery_id}, t: {state})]", 0.0), operator: *, right: (1.0, 1.0), result: 0.0}
列 'p' 不存在，对列 state 不过滤，直接选择所有非无效值。
Block processing time: 0.001645 seconds
Computing Block 348 out of 560
Processing Block size=4
begin cleaner{left: ("[FunctionalDependency:(s: {brewery_id}, t: {state})]", 0.0), operator: *, right: (1.0, 1.0), result: 0.0}
列 'p' 不存在，对列 state 不过滤，直接选择所有非无效值。
Block processing time: 0.003112 seconds
Computing Block 351 out of 560
Processing Block size=6
begin cleaner{left: ("[FunctionalDependency:(s: {brewery_id}, t: {state})]", 0.0), operator: *, right: (1.0, 1.0), result: 0.0}
列 'p' 不存在，对列 state 不过滤，直接选择所有非无效值。
Block processing time: 0.004626 seconds
Computing Block 352 out of 560
Processing Block size=2
begin cleaner{left: ("[FunctionalDependency:(s: {brewery_id}, t: {state})]", 0.0), operator: *, right: (1.0, 1.0), result: 0.0}
列 'p' 不存在，对列 state 不过滤，直接选择所有非无效值。
Block processing time: 0.001716 seconds
Computing Block 354 out of 560
Processing Block size=2
begin cleaner{left: ("[FunctionalDependency:(s: {brewery_id}, t: {state})]", 0.0), operator: *, right: (1.0, 1.0), result: 0.0}
列 'p' 不存在，对列 state 不过滤，直接选择所有非无效值。
Block processing time: 0.001625 seconds
Computing Block 355 out of 560
Processing Block size=2
begin cleaner{left: ("[FunctionalDependency:(s: {brewery_id}, t: {state})]", 0.0), operator: *, right: (1.0, 1.0), result: 0.0}
列 'p' 不存在，对列 state 不过滤，直接选择所有非无效值。
Block processing time: 0.00179 seconds
Computing Block 356 out of 560
Processing Block size=4
begin cleaner{left: ("[FunctionalDependency:(s: {brewery_id}, t: {state})]", 0.0), operator: *, right: (1.0, 1.0), result: 0.0}
列 'p' 不存在，对列 state 不过滤，直接选择所有非无效值。
Block processing time: 0.003506 seconds
Computing Block 357 out of 560
Processing Block size=4
begin cleaner{left: ("[FunctionalDependency:(s: {brewery_id}, t: {state})]", 0.0), operator: *, right: (1.0, 1.0), result: 0.0}
列 'p' 不存在，对列 state 不过滤，直接选择所有非无效值。
Block processing time: 0.003161 seconds
Computing Block 358 out of 560
Processing Block size=3
begin cleaner{left: ("[FunctionalDependency:(s: {brewery_id}, t: {state})]", 0.0), operator: *, right: (1.0, 1.0), result: 0.0}
列 'p' 不存在，对列 state 不过滤，直接选择所有非无效值。
Block processing time: 0.002402 seconds
Computing Block 360 out of 560
Processing Block size=2
begin cleaner{left: ("[FunctionalDependency:(s: {brewery_id}, t: {state})]", 0.0), operator: *, right: (1.0, 1.0), result: 0.0}
列 'p' 不存在，对列 state 不过滤，直接选择所有非无效值。
Block processing time: 0.002034 seconds
Computing Block 361 out of 560
Processing Block size=7
begin cleaner{left: ("[FunctionalDependency:(s: {brewery_id}, t: {state})]", 0.0), operator: *, right: (1.0, 1.0), result: 0.0}
列 'p' 不存在，对列 state 不过滤，直接选择所有非无效值。
Block processing time: 0.007362 seconds
Computing Block 362 out of 560
Processing Block size=12
begin cleaner{left: ("[FunctionalDependency:(s: {brewery_id}, t: {state})]", 0.0), operator: *, right: (1.0, 1.0), result: 0.0}
列 'p' 不存在，对列 state 不过滤，直接选择所有非无效值。
Block processing time: 0.009984 seconds
Computing Block 364 out of 560
Processing Block size=22
begin cleaner{left: ("[FunctionalDependency:(s: {brewery_id}, t: {state})]", 0.0), operator: *, right: (1.0, 1.0), result: 0.0}
列 'p' 不存在，对列 state 不过滤，直接选择所有非无效值。
Block processing time: 0.020374 seconds
Computing Block 365 out of 560
Processing Block size=10
begin cleaner{left: ("[FunctionalDependency:(s: {brewery_id}, t: {state})]", 0.0), operator: *, right: (1.0, 1.0), result: 0.0}
列 'p' 不存在，对列 state 不过滤，直接选择所有非无效值。
Block processing time: 0.008235 seconds
Computing Block 366 out of 560
Processing Block size=3
begin cleaner{left: ("[FunctionalDependency:(s: {brewery_id}, t: {state})]", 0.0), operator: *, right: (1.0, 1.0), result: 0.0}
列 'p' 不存在，对列 state 不过滤，直接选择所有非无效值。
Block processing time: 0.002404 seconds
Computing Block 367 out of 560
Processing Block size=8
begin cleaner{left: ("[FunctionalDependency:(s: {brewery_id}, t: {state})]", 0.0), operator: *, right: (1.0, 1.0), result: 0.0}
列 'p' 不存在，对列 state 不过滤，直接选择所有非无效值。
Block processing time: 0.006194 seconds
Computing Block 368 out of 560
Processing Block size=3
begin cleaner{left: ("[FunctionalDependency:(s: {brewery_id}, t: {state})]", 0.0), operator: *, right: (1.0, 1.0), result: 0.0}
列 'p' 不存在，对列 state 不过滤，直接选择所有非无效值。
Block processing time: 0.002843 seconds
Computing Block 370 out of 560
Processing Block size=4
begin cleaner{left: ("[FunctionalDependency:(s: {brewery_id}, t: {state})]", 0.0), operator: *, right: (1.0, 1.0), result: 0.0}
列 'p' 不存在，对列 state 不过滤，直接选择所有非无效值。
Block processing time: 0.003146 seconds
Computing Block 371 out of 560
Processing Block size=4
begin cleaner{left: ("[FunctionalDependency:(s: {brewery_id}, t: {state})]", 0.0), operator: *, right: (1.0, 1.0), result: 0.0}
列 'p' 不存在，对列 state 不过滤，直接选择所有非无效值。
Block processing time: 0.003134 seconds
Computing Block 372 out of 560
Processing Block size=5
begin cleaner{left: ("[FunctionalDependency:(s: {brewery_id}, t: {state})]", 0.0), operator: *, right: (1.0, 1.0), result: 0.0}
列 'p' 不存在，对列 state 不过滤，直接选择所有非无效值。
Block processing time: 0.003912 seconds
Computing Block 373 out of 560
Processing Block size=3
begin cleaner{left: ("[FunctionalDependency:(s: {brewery_id}, t: {state})]", 0.0), operator: *, right: (1.0, 1.0), result: 0.0}
列 'p' 不存在，对列 state 不过滤，直接选择所有非无效值。
Block processing time: 0.002361 seconds
Computing Block 374 out of 560
Processing Block size=5
begin cleaner{left: ("[FunctionalDependency:(s: {brewery_id}, t: {state})]", 0.0), operator: *, right: (1.0, 1.0), result: 0.0}
列 'p' 不存在，对列 state 不过滤，直接选择所有非无效值。
Block processing time: 0.003713 seconds
Computing Block 375 out of 560
Processing Block size=2
begin cleaner{left: ("[FunctionalDependency:(s: {brewery_id}, t: {state})]", 0.0), operator: *, right: (1.0, 1.0), result: 0.0}
列 'p' 不存在，对列 state 不过滤，直接选择所有非无效值。
Block processing time: 0.001569 seconds
Computing Block 376 out of 560
Processing Block size=2
begin cleaner{left: ("[FunctionalDependency:(s: {brewery_id}, t: {state})]", 0.0), operator: *, right: (1.0, 1.0), result: 0.0}
列 'p' 不存在，对列 state 不过滤，直接选择所有非无效值。
Block processing time: 0.001515 seconds
Computing Block 378 out of 560
Processing Block size=2
begin cleaner{left: ("[FunctionalDependency:(s: {brewery_id}, t: {state})]", 0.0), operator: *, right: (1.0, 1.0), result: 0.0}
列 'p' 不存在，对列 state 不过滤，直接选择所有非无效值。
Block processing time: 0.001504 seconds
Computing Block 379 out of 560
Processing Block size=4
begin cleaner{left: ("[FunctionalDependency:(s: {brewery_id}, t: {state})]", 0.0), operator: *, right: (1.0, 1.0), result: 0.0}
列 'p' 不存在，对列 state 不过滤，直接选择所有非无效值。
Block processing time: 0.00298 seconds
Computing Block 380 out of 560
Processing Block size=7
begin cleaner{left: ("[FunctionalDependency:(s: {brewery_id}, t: {state})]", 0.0), operator: *, right: (1.0, 1.0), result: 0.0}
列 'p' 不存在，对列 state 不过滤，直接选择所有非无效值。
Block processing time: 0.00539 seconds
Computing Block 381 out of 560
Processing Block size=19
begin cleaner{left: ("[FunctionalDependency:(s: {brewery_id}, t: {state})]", 0.0), operator: *, right: (1.0, 1.0), result: 0.0}
列 'p' 不存在，对列 state 不过滤，直接选择所有非无效值。
Block processing time: 0.013797 seconds
Computing Block 382 out of 560
Processing Block size=3
begin cleaner{left: ("[FunctionalDependency:(s: {brewery_id}, t: {state})]", 0.0), operator: *, right: (1.0, 1.0), result: 0.0}
列 'p' 不存在，对列 state 不过滤，直接选择所有非无效值。
Block processing time: 0.002492 seconds
Computing Block 383 out of 560
Processing Block size=2
begin cleaner{left: ("[FunctionalDependency:(s: {brewery_id}, t: {state})]", 0.0), operator: *, right: (1.0, 1.0), result: 0.0}
列 'p' 不存在，对列 state 不过滤，直接选择所有非无效值。
Block processing time: 0.001719 seconds
Computing Block 384 out of 560
Processing Block size=3
begin cleaner{left: ("[FunctionalDependency:(s: {brewery_id}, t: {state})]", 0.0), operator: *, right: (1.0, 1.0), result: 0.0}
列 'p' 不存在，对列 state 不过滤，直接选择所有非无效值。
Block processing time: 0.002432 seconds
Computing Block 385 out of 560
Processing Block size=2
begin cleaner{left: ("[FunctionalDependency:(s: {brewery_id}, t: {state})]", 0.0), operator: *, right: (1.0, 1.0), result: 0.0}
列 'p' 不存在，对列 state 不过滤，直接选择所有非无效值。
Block processing time: 0.001647 seconds
Computing Block 386 out of 560
Processing Block size=4
begin cleaner{left: ("[FunctionalDependency:(s: {brewery_id}, t: {state})]", 0.0), operator: *, right: (1.0, 1.0), result: 0.0}
列 'p' 不存在，对列 state 不过滤，直接选择所有非无效值。
Block processing time: 0.003161 seconds
Computing Block 387 out of 560
Processing Block size=4
begin cleaner{left: ("[FunctionalDependency:(s: {brewery_id}, t: {state})]", 0.0), operator: *, right: (1.0, 1.0), result: 0.0}
列 'p' 不存在，对列 state 不过滤，直接选择所有非无效值。
Block processing time: 0.003145 seconds
Computing Block 388 out of 560
Processing Block size=3
begin cleaner{left: ("[FunctionalDependency:(s: {brewery_id}, t: {state})]", 0.0), operator: *, right: (1.0, 1.0), result: 0.0}
列 'p' 不存在，对列 state 不过滤，直接选择所有非无效值。
Block processing time: 0.002952 seconds
Computing Block 389 out of 560
Processing Block size=4
begin cleaner{left: ("[FunctionalDependency:(s: {brewery_id}, t: {state})]", 0.0), operator: *, right: (1.0, 1.0), result: 0.0}
列 'p' 不存在，对列 state 不过滤，直接选择所有非无效值。
Block processing time: 0.003823 seconds
Computing Block 390 out of 560
Processing Block size=3
begin cleaner{left: ("[FunctionalDependency:(s: {brewery_id}, t: {state})]", 0.0), operator: *, right: (1.0, 1.0), result: 0.0}
列 'p' 不存在，对列 state 不过滤，直接选择所有非无效值。
Block processing time: 0.00276 seconds
Computing Block 391 out of 560
Processing Block size=2
begin cleaner{left: ("[FunctionalDependency:(s: {brewery_id}, t: {state})]", 0.0), operator: *, right: (1.0, 1.0), result: 0.0}
列 'p' 不存在，对列 state 不过滤，直接选择所有非无效值。
Block processing time: 0.00168 seconds
Computing Block 392 out of 560
Processing Block size=2
begin cleaner{left: ("[FunctionalDependency:(s: {brewery_id}, t: {state})]", 0.0), operator: *, right: (1.0, 1.0), result: 0.0}
列 'p' 不存在，对列 state 不过滤，直接选择所有非无效值。
Block processing time: 0.001651 seconds
Computing Block 393 out of 560
Processing Block size=3
begin cleaner{left: ("[FunctionalDependency:(s: {brewery_id}, t: {state})]", 0.0), operator: *, right: (1.0, 1.0), result: 0.0}
列 'p' 不存在，对列 state 不过滤，直接选择所有非无效值。
Block processing time: 0.002898 seconds
Computing Block 394 out of 560
Processing Block size=7
begin cleaner{left: ("[FunctionalDependency:(s: {brewery_id}, t: {state})]", 0.0), operator: *, right: (1.0, 1.0), result: 0.0}
列 'p' 不存在，对列 state 不过滤，直接选择所有非无效值。
Block processing time: 0.005802 seconds
Computing Block 397 out of 560
Processing Block size=3
begin cleaner{left: ("[FunctionalDependency:(s: {brewery_id}, t: {state})]", 0.0), operator: *, right: (1.0, 1.0), result: 0.0}
列 'p' 不存在，对列 state 不过滤，直接选择所有非无效值。
Block processing time: 0.002728 seconds
Computing Block 398 out of 560
Processing Block size=12
begin cleaner{left: ("[FunctionalDependency:(s: {brewery_id}, t: {state})]", 0.0), operator: *, right: (1.0, 1.0), result: 0.0}
列 'p' 不存在，对列 state 不过滤，直接选择所有非无效值。
Block processing time: 0.010758 seconds
Computing Block 399 out of 560
Processing Block size=10
begin cleaner{left: ("[FunctionalDependency:(s: {brewery_id}, t: {state})]", 0.0), operator: *, right: (1.0, 1.0), result: 0.0}
列 'p' 不存在，对列 state 不过滤，直接选择所有非无效值。
Block processing time: 0.00772 seconds
Computing Block 400 out of 560
Processing Block size=4
begin cleaner{left: ("[FunctionalDependency:(s: {brewery_id}, t: {state})]", 0.0), operator: *, right: (1.0, 1.0), result: 0.0}
列 'p' 不存在，对列 state 不过滤，直接选择所有非无效值。
Block processing time: 0.003182 seconds
Computing Block 401 out of 560
Processing Block size=2
begin cleaner{left: ("[FunctionalDependency:(s: {brewery_id}, t: {state})]", 0.0), operator: *, right: (1.0, 1.0), result: 0.0}
列 'p' 不存在，对列 state 不过滤，直接选择所有非无效值。
Block processing time: 0.002874 seconds
Computing Block 402 out of 560
Processing Block size=8
begin cleaner{left: ("[FunctionalDependency:(s: {brewery_id}, t: {state})]", 0.0), operator: *, right: (1.0, 1.0), result: 0.0}
列 'p' 不存在，对列 state 不过滤，直接选择所有非无效值。
Block processing time: 0.006335 seconds
Computing Block 403 out of 560
Processing Block size=4
begin cleaner{left: ("[FunctionalDependency:(s: {brewery_id}, t: {state})]", 0.0), operator: *, right: (1.0, 1.0), result: 0.0}
列 'p' 不存在，对列 state 不过滤，直接选择所有非无效值。
Block processing time: 0.003235 seconds
Computing Block 405 out of 560
Processing Block size=5
begin cleaner{left: ("[FunctionalDependency:(s: {brewery_id}, t: {state})]", 0.0), operator: *, right: (1.0, 1.0), result: 0.0}
列 'p' 不存在，对列 state 不过滤，直接选择所有非无效值。
Block processing time: 0.003937 seconds
Computing Block 406 out of 560
Processing Block size=3
begin cleaner{left: ("[FunctionalDependency:(s: {brewery_id}, t: {state})]", 0.0), operator: *, right: (1.0, 1.0), result: 0.0}
列 'p' 不存在，对列 state 不过滤，直接选择所有非无效值。
Block processing time: 0.002508 seconds
Computing Block 408 out of 560
Processing Block size=2
begin cleaner{left: ("[FunctionalDependency:(s: {brewery_id}, t: {state})]", 0.0), operator: *, right: (1.0, 1.0), result: 0.0}
列 'p' 不存在，对列 state 不过滤，直接选择所有非无效值。
Block processing time: 0.001666 seconds
Computing Block 409 out of 560
Processing Block size=5
begin cleaner{left: ("[FunctionalDependency:(s: {brewery_id}, t: {state})]", 0.0), operator: *, right: (1.0, 1.0), result: 0.0}
列 'p' 不存在，对列 state 不过滤，直接选择所有非无效值。
Block processing time: 0.003898 seconds
Computing Block 410 out of 560
Processing Block size=2
begin cleaner{left: ("[FunctionalDependency:(s: {brewery_id}, t: {state})]", 0.0), operator: *, right: (1.0, 1.0), result: 0.0}
列 'p' 不存在，对列 state 不过滤，直接选择所有非无效值。
Block processing time: 0.002037 seconds
Computing Block 411 out of 560
Processing Block size=3
begin cleaner{left: ("[FunctionalDependency:(s: {brewery_id}, t: {state})]", 0.0), operator: *, right: (1.0, 1.0), result: 0.0}
列 'p' 不存在，对列 state 不过滤，直接选择所有非无效值。
Block processing time: 0.002393 seconds
Computing Block 412 out of 560
Processing Block size=4
begin cleaner{left: ("[FunctionalDependency:(s: {brewery_id}, t: {state})]", 0.0), operator: *, right: (1.0, 1.0), result: 0.0}
列 'p' 不存在，对列 state 不过滤，直接选择所有非无效值。
Block processing time: 0.00316 seconds
Computing Block 413 out of 560
Processing Block size=5
begin cleaner{left: ("[FunctionalDependency:(s: {brewery_id}, t: {state})]", 0.0), operator: *, right: (1.0, 1.0), result: 0.0}
列 'p' 不存在，对列 state 不过滤，直接选择所有非无效值。
Block processing time: 0.004318 seconds
Computing Block 414 out of 560
Processing Block size=4
begin cleaner{left: ("[FunctionalDependency:(s: {brewery_id}, t: {state})]", 0.0), operator: *, right: (1.0, 1.0), result: 0.0}
列 'p' 不存在，对列 state 不过滤，直接选择所有非无效值。
Block processing time: 0.0032 seconds
Computing Block 415 out of 560
Processing Block size=4
begin cleaner{left: ("[FunctionalDependency:(s: {brewery_id}, t: {state})]", 0.0), operator: *, right: (1.0, 1.0), result: 0.0}
列 'p' 不存在，对列 state 不过滤，直接选择所有非无效值。
Block processing time: 0.003367 seconds
Computing Block 416 out of 560
Processing Block size=2
begin cleaner{left: ("[FunctionalDependency:(s: {brewery_id}, t: {state})]", 0.0), operator: *, right: (1.0, 1.0), result: 0.0}
列 'p' 不存在，对列 state 不过滤，直接选择所有非无效值。
Block processing time: 0.00168 seconds
Computing Block 417 out of 560
Processing Block size=2
begin cleaner{left: ("[FunctionalDependency:(s: {brewery_id}, t: {state})]", 0.0), operator: *, right: (1.0, 1.0), result: 0.0}
列 'p' 不存在，对列 state 不过滤，直接选择所有非无效值。
Block processing time: 0.001612 seconds
Computing Block 418 out of 560
Processing Block size=5
begin cleaner{left: ("[FunctionalDependency:(s: {brewery_id}, t: {state})]", 0.0), operator: *, right: (1.0, 1.0), result: 0.0}
列 'p' 不存在，对列 state 不过滤，直接选择所有非无效值。
Block processing time: 0.004067 seconds
Computing Block 420 out of 560
Processing Block size=5
begin cleaner{left: ("[FunctionalDependency:(s: {brewery_id}, t: {state})]", 0.0), operator: *, right: (1.0, 1.0), result: 0.0}
列 'p' 不存在，对列 state 不过滤，直接选择所有非无效值。
Block processing time: 0.003645 seconds
Computing Block 421 out of 560
Processing Block size=2
begin cleaner{left: ("[FunctionalDependency:(s: {brewery_id}, t: {state})]", 0.0), operator: *, right: (1.0, 1.0), result: 0.0}
列 'p' 不存在，对列 state 不过滤，直接选择所有非无效值。
Block processing time: 0.001578 seconds
Computing Block 422 out of 560
Processing Block size=2
begin cleaner{left: ("[FunctionalDependency:(s: {brewery_id}, t: {state})]", 0.0), operator: *, right: (1.0, 1.0), result: 0.0}
列 'p' 不存在，对列 state 不过滤，直接选择所有非无效值。
Block processing time: 0.00155 seconds
Computing Block 423 out of 560
Processing Block size=3
begin cleaner{left: ("[FunctionalDependency:(s: {brewery_id}, t: {state})]", 0.0), operator: *, right: (1.0, 1.0), result: 0.0}
列 'p' 不存在，对列 state 不过滤，直接选择所有非无效值。
Block processing time: 0.002378 seconds
Computing Block 424 out of 560
Processing Block size=5
begin cleaner{left: ("[FunctionalDependency:(s: {brewery_id}, t: {state})]", 0.0), operator: *, right: (1.0, 1.0), result: 0.0}
列 'p' 不存在，对列 state 不过滤，直接选择所有非无效值。
Block processing time: 0.003736 seconds
Computing Block 425 out of 560
Processing Block size=2
begin cleaner{left: ("[FunctionalDependency:(s: {brewery_id}, t: {state})]", 0.0), operator: *, right: (1.0, 1.0), result: 0.0}
列 'p' 不存在，对列 state 不过滤，直接选择所有非无效值。
Block processing time: 0.001607 seconds
Computing Block 426 out of 560
Processing Block size=4
begin cleaner{left: ("[FunctionalDependency:(s: {brewery_id}, t: {state})]", 0.0), operator: *, right: (1.0, 1.0), result: 0.0}
列 'p' 不存在，对列 state 不过滤，直接选择所有非无效值。
Block processing time: 0.003231 seconds
Computing Block 427 out of 560
Processing Block size=4
begin cleaner{left: ("[FunctionalDependency:(s: {brewery_id}, t: {state})]", 0.0), operator: *, right: (1.0, 1.0), result: 0.0}
列 'p' 不存在，对列 state 不过滤，直接选择所有非无效值。
Block processing time: 0.003253 seconds
Computing Block 428 out of 560
Processing Block size=2
begin cleaner{left: ("[FunctionalDependency:(s: {brewery_id}, t: {state})]", 0.0), operator: *, right: (1.0, 1.0), result: 0.0}
列 'p' 不存在，对列 state 不过滤，直接选择所有非无效值。
Block processing time: 0.001686 seconds
Computing Block 430 out of 560
Processing Block size=3
begin cleaner{left: ("[FunctionalDependency:(s: {brewery_id}, t: {state})]", 0.0), operator: *, right: (1.0, 1.0), result: 0.0}
列 'p' 不存在，对列 state 不过滤，直接选择所有非无效值。
Block processing time: 0.002359 seconds
Computing Block 431 out of 560
Processing Block size=7
begin cleaner{left: ("[FunctionalDependency:(s: {brewery_id}, t: {state})]", 0.0), operator: *, right: (1.0, 1.0), result: 0.0}
列 'p' 不存在，对列 state 不过滤，直接选择所有非无效值。
Block processing time: 0.005091 seconds
Computing Block 432 out of 560
Processing Block size=2
begin cleaner{left: ("[FunctionalDependency:(s: {brewery_id}, t: {state})]", 0.0), operator: *, right: (1.0, 1.0), result: 0.0}
列 'p' 不存在，对列 state 不过滤，直接选择所有非无效值。
Block processing time: 0.001511 seconds
Computing Block 433 out of 560
Processing Block size=10
begin cleaner{left: ("[FunctionalDependency:(s: {brewery_id}, t: {state})]", 0.0), operator: *, right: (1.0, 1.0), result: 0.0}
列 'p' 不存在，对列 state 不过滤，直接选择所有非无效值。
Block processing time: 0.007433 seconds
Computing Block 434 out of 560
Processing Block size=2
begin cleaner{left: ("[FunctionalDependency:(s: {brewery_id}, t: {state})]", 0.0), operator: *, right: (1.0, 1.0), result: 0.0}
列 'p' 不存在，对列 state 不过滤，直接选择所有非无效值。
Block processing time: 0.001651 seconds
Computing Block 436 out of 560
Processing Block size=12
begin cleaner{left: ("[FunctionalDependency:(s: {brewery_id}, t: {state})]", 0.0), operator: *, right: (1.0, 1.0), result: 0.0}
列 'p' 不存在，对列 state 不过滤，直接选择所有非无效值。
Block processing time: 0.008727 seconds
Computing Block 437 out of 560
Processing Block size=4
begin cleaner{left: ("[FunctionalDependency:(s: {brewery_id}, t: {state})]", 0.0), operator: *, right: (1.0, 1.0), result: 0.0}
列 'p' 不存在，对列 state 不过滤，直接选择所有非无效值。
Block processing time: 0.002977 seconds
Computing Block 438 out of 560
Processing Block size=4
begin cleaner{left: ("[FunctionalDependency:(s: {brewery_id}, t: {state})]", 0.0), operator: *, right: (1.0, 1.0), result: 0.0}
列 'p' 不存在，对列 state 不过滤，直接选择所有非无效值。
Block processing time: 0.003029 seconds
Computing Block 439 out of 560
Processing Block size=4
begin cleaner{left: ("[FunctionalDependency:(s: {brewery_id}, t: {state})]", 0.0), operator: *, right: (1.0, 1.0), result: 0.0}
列 'p' 不存在，对列 state 不过滤，直接选择所有非无效值。
Block processing time: 0.002928 seconds
Computing Block 440 out of 560
Processing Block size=2
begin cleaner{left: ("[FunctionalDependency:(s: {brewery_id}, t: {state})]", 0.0), operator: *, right: (1.0, 1.0), result: 0.0}
列 'p' 不存在，对列 state 不过滤，直接选择所有非无效值。
Block processing time: 0.001566 seconds
Computing Block 441 out of 560
Processing Block size=2
begin cleaner{left: ("[FunctionalDependency:(s: {brewery_id}, t: {state})]", 0.0), operator: *, right: (1.0, 1.0), result: 0.0}
列 'p' 不存在，对列 state 不过滤，直接选择所有非无效值。
Block processing time: 0.001774 seconds
Computing Block 442 out of 560
Processing Block size=5
begin cleaner{left: ("[FunctionalDependency:(s: {brewery_id}, t: {state})]", 0.0), operator: *, right: (1.0, 1.0), result: 0.0}
列 'p' 不存在，对列 state 不过滤，直接选择所有非无效值。
Block processing time: 0.003836 seconds
Computing Block 443 out of 560
Processing Block size=6
begin cleaner{left: ("[FunctionalDependency:(s: {brewery_id}, t: {state})]", 0.0), operator: *, right: (1.0, 1.0), result: 0.0}
列 'p' 不存在，对列 state 不过滤，直接选择所有非无效值。
Block processing time: 0.0043 seconds
Computing Block 445 out of 560
Processing Block size=6
begin cleaner{left: ("[FunctionalDependency:(s: {brewery_id}, t: {state})]", 0.0), operator: *, right: (1.0, 1.0), result: 0.0}
列 'p' 不存在，对列 state 不过滤，直接选择所有非无效值。
Block processing time: 0.004464 seconds
Computing Block 446 out of 560
Processing Block size=2
begin cleaner{left: ("[FunctionalDependency:(s: {brewery_id}, t: {state})]", 0.0), operator: *, right: (1.0, 1.0), result: 0.0}
列 'p' 不存在，对列 state 不过滤，直接选择所有非无效值。
Block processing time: 0.001501 seconds
Computing Block 448 out of 560
Processing Block size=6
begin cleaner{left: ("[FunctionalDependency:(s: {brewery_id}, t: {state})]", 0.0), operator: *, right: (1.0, 1.0), result: 0.0}
列 'p' 不存在，对列 state 不过滤，直接选择所有非无效值。
Block processing time: 0.004431 seconds
Computing Block 449 out of 560
Processing Block size=4
begin cleaner{left: ("[FunctionalDependency:(s: {brewery_id}, t: {state})]", 0.0), operator: *, right: (1.0, 1.0), result: 0.0}
列 'p' 不存在，对列 state 不过滤，直接选择所有非无效值。
Block processing time: 0.00291 seconds
Computing Block 450 out of 560
Processing Block size=6
begin cleaner{left: ("[FunctionalDependency:(s: {brewery_id}, t: {state})]", 0.0), operator: *, right: (1.0, 1.0), result: 0.0}
列 'p' 不存在，对列 state 不过滤，直接选择所有非无效值。
Block processing time: 0.004271 seconds
Computing Block 451 out of 560
Processing Block size=6
begin cleaner{left: ("[FunctionalDependency:(s: {brewery_id}, t: {state})]", 0.0), operator: *, right: (1.0, 1.0), result: 0.0}
列 'p' 不存在，对列 state 不过滤，直接选择所有非无效值。
Block processing time: 0.004273 seconds
Computing Block 452 out of 560
Processing Block size=6
begin cleaner{left: ("[FunctionalDependency:(s: {brewery_id}, t: {state})]", 0.0), operator: *, right: (1.0, 1.0), result: 0.0}
列 'p' 不存在，对列 state 不过滤，直接选择所有非无效值。
Block processing time: 0.00468 seconds
Computing Block 453 out of 560
Processing Block size=5
begin cleaner{left: ("[FunctionalDependency:(s: {brewery_id}, t: {state})]", 0.0), operator: *, right: (1.0, 1.0), result: 0.0}
列 'p' 不存在，对列 state 不过滤，直接选择所有非无效值。
Block processing time: 0.00387 seconds
Computing Block 454 out of 560
Processing Block size=4
begin cleaner{left: ("[FunctionalDependency:(s: {brewery_id}, t: {state})]", 0.0), operator: *, right: (1.0, 1.0), result: 0.0}
列 'p' 不存在，对列 state 不过滤，直接选择所有非无效值。
Block processing time: 0.003166 seconds
Computing Block 455 out of 560
Processing Block size=5
begin cleaner{left: ("[FunctionalDependency:(s: {brewery_id}, t: {state})]", 0.0), operator: *, right: (1.0, 1.0), result: 0.0}
列 'p' 不存在，对列 state 不过滤，直接选择所有非无效值。
Block processing time: 0.003858 seconds
Computing Block 456 out of 560
Processing Block size=2
begin cleaner{left: ("[FunctionalDependency:(s: {brewery_id}, t: {state})]", 0.0), operator: *, right: (1.0, 1.0), result: 0.0}
列 'p' 不存在，对列 state 不过滤，直接选择所有非无效值。
Block processing time: 0.001636 seconds
Computing Block 457 out of 560
Processing Block size=18
begin cleaner{left: ("[FunctionalDependency:(s: {brewery_id}, t: {state})]", 0.0), operator: *, right: (1.0, 1.0), result: 0.0}
列 'p' 不存在，对列 state 不过滤，直接选择所有非无效值。
Block processing time: 0.013792 seconds
Computing Block 459 out of 560
Processing Block size=14
begin cleaner{left: ("[FunctionalDependency:(s: {brewery_id}, t: {state})]", 0.0), operator: *, right: (1.0, 1.0), result: 0.0}
列 'p' 不存在，对列 state 不过滤，直接选择所有非无效值。
Block processing time: 0.011111 seconds
Computing Block 460 out of 560
Processing Block size=15
begin cleaner{left: ("[FunctionalDependency:(s: {brewery_id}, t: {state})]", 0.0), operator: *, right: (1.0, 1.0), result: 0.0}
列 'p' 不存在，对列 state 不过滤，直接选择所有非无效值。
Block processing time: 0.011653 seconds
Computing Block 461 out of 560
Processing Block size=7
begin cleaner{left: ("[FunctionalDependency:(s: {brewery_id}, t: {state})]", 0.0), operator: *, right: (1.0, 1.0), result: 0.0}
列 'p' 不存在，对列 state 不过滤，直接选择所有非无效值。
Block processing time: 0.005424 seconds
Computing Block 462 out of 560
Processing Block size=4
begin cleaner{left: ("[FunctionalDependency:(s: {brewery_id}, t: {state})]", 0.0), operator: *, right: (1.0, 1.0), result: 0.0}
列 'p' 不存在，对列 state 不过滤，直接选择所有非无效值。
Block processing time: 0.003129 seconds
Computing Block 463 out of 560
Processing Block size=4
begin cleaner{left: ("[FunctionalDependency:(s: {brewery_id}, t: {state})]", 0.0), operator: *, right: (1.0, 1.0), result: 0.0}
列 'p' 不存在，对列 state 不过滤，直接选择所有非无效值。
Block processing time: 0.003133 seconds
Computing Block 464 out of 560
Processing Block size=2
begin cleaner{left: ("[FunctionalDependency:(s: {brewery_id}, t: {state})]", 0.0), operator: *, right: (1.0, 1.0), result: 0.0}
列 'p' 不存在，对列 state 不过滤，直接选择所有非无效值。
Block processing time: 0.001648 seconds
Computing Block 465 out of 560
Processing Block size=12
begin cleaner{left: ("[FunctionalDependency:(s: {brewery_id}, t: {state})]", 0.0), operator: *, right: (1.0, 1.0), result: 0.0}
列 'p' 不存在，对列 state 不过滤，直接选择所有非无效值。
Block processing time: 0.009395 seconds
Computing Block 466 out of 560
Processing Block size=25
begin cleaner{left: ("[FunctionalDependency:(s: {brewery_id}, t: {state})]", 0.0), operator: *, right: (1.0, 1.0), result: 0.0}
列 'p' 不存在，对列 state 不过滤，直接选择所有非无效值。
Block processing time: 0.019313 seconds
Computing Block 468 out of 560
Processing Block size=3
begin cleaner{left: ("[FunctionalDependency:(s: {brewery_id}, t: {state})]", 0.0), operator: *, right: (1.0, 1.0), result: 0.0}
列 'p' 不存在，对列 state 不过滤，直接选择所有非无效值。
Block processing time: 0.002328 seconds
Computing Block 470 out of 560
Processing Block size=2
begin cleaner{left: ("[FunctionalDependency:(s: {brewery_id}, t: {state})]", 0.0), operator: *, right: (1.0, 1.0), result: 0.0}
列 'p' 不存在，对列 state 不过滤，直接选择所有非无效值。
Block processing time: 0.001566 seconds
Computing Block 471 out of 560
Processing Block size=3
begin cleaner{left: ("[FunctionalDependency:(s: {brewery_id}, t: {state})]", 0.0), operator: *, right: (1.0, 1.0), result: 0.0}
列 'p' 不存在，对列 state 不过滤，直接选择所有非无效值。
Block processing time: 0.002226 seconds
Computing Block 473 out of 560
Processing Block size=4
begin cleaner{left: ("[FunctionalDependency:(s: {brewery_id}, t: {state})]", 0.0), operator: *, right: (1.0, 1.0), result: 0.0}
列 'p' 不存在，对列 state 不过滤，直接选择所有非无效值。
Block processing time: 0.002945 seconds
Computing Block 474 out of 560
Processing Block size=4
begin cleaner{left: ("[FunctionalDependency:(s: {brewery_id}, t: {state})]", 0.0), operator: *, right: (1.0, 1.0), result: 0.0}
列 'p' 不存在，对列 state 不过滤，直接选择所有非无效值。
Block processing time: 0.002973 seconds
Computing Block 476 out of 560
Processing Block size=2
begin cleaner{left: ("[FunctionalDependency:(s: {brewery_id}, t: {state})]", 0.0), operator: *, right: (1.0, 1.0), result: 0.0}
列 'p' 不存在，对列 state 不过滤，直接选择所有非无效值。
Block processing time: 0.001498 seconds
Computing Block 477 out of 560
Processing Block size=3
begin cleaner{left: ("[FunctionalDependency:(s: {brewery_id}, t: {state})]", 0.0), operator: *, right: (1.0, 1.0), result: 0.0}
列 'p' 不存在，对列 state 不过滤，直接选择所有非无效值。
Block processing time: 0.002194 seconds
Computing Block 478 out of 560
Processing Block size=2
begin cleaner{left: ("[FunctionalDependency:(s: {brewery_id}, t: {state})]", 0.0), operator: *, right: (1.0, 1.0), result: 0.0}
列 'p' 不存在，对列 state 不过滤，直接选择所有非无效值。
Block processing time: 0.001565 seconds
Computing Block 479 out of 560
Processing Block size=2
begin cleaner{left: ("[FunctionalDependency:(s: {brewery_id}, t: {state})]", 0.0), operator: *, right: (1.0, 1.0), result: 0.0}
列 'p' 不存在，对列 state 不过滤，直接选择所有非无效值。
Block processing time: 0.001547 seconds
Computing Block 480 out of 560
Processing Block size=2
begin cleaner{left: ("[FunctionalDependency:(s: {brewery_id}, t: {state})]", 0.0), operator: *, right: (1.0, 1.0), result: 0.0}
列 'p' 不存在，对列 state 不过滤，直接选择所有非无效值。
Block processing time: 0.001509 seconds
Computing Block 481 out of 560
Processing Block size=3
begin cleaner{left: ("[FunctionalDependency:(s: {brewery_id}, t: {state})]", 0.0), operator: *, right: (1.0, 1.0), result: 0.0}
列 'p' 不存在，对列 state 不过滤，直接选择所有非无效值。
Block processing time: 0.002209 seconds
Computing Block 483 out of 560
Processing Block size=2
begin cleaner{left: ("[FunctionalDependency:(s: {brewery_id}, t: {state})]", 0.0), operator: *, right: (1.0, 1.0), result: 0.0}
列 'p' 不存在，对列 state 不过滤，直接选择所有非无效值。
Block processing time: 0.001494 seconds
Computing Block 484 out of 560
Processing Block size=2
begin cleaner{left: ("[FunctionalDependency:(s: {brewery_id}, t: {state})]", 0.0), operator: *, right: (1.0, 1.0), result: 0.0}
列 'p' 不存在，对列 state 不过滤，直接选择所有非无效值。
Block processing time: 0.001548 seconds
Computing Block 485 out of 560
Processing Block size=2
begin cleaner{left: ("[FunctionalDependency:(s: {brewery_id}, t: {state})]", 0.0), operator: *, right: (1.0, 1.0), result: 0.0}
列 'p' 不存在，对列 state 不过滤，直接选择所有非无效值。
Block processing time: 0.001565 seconds
Computing Block 486 out of 560
Processing Block size=14
begin cleaner{left: ("[FunctionalDependency:(s: {brewery_id}, t: {state})]", 0.0), operator: *, right: (1.0, 1.0), result: 0.0}
列 'p' 不存在，对列 state 不过滤，直接选择所有非无效值。
Block processing time: 0.010267 seconds
Computing Block 487 out of 560
Processing Block size=2
begin cleaner{left: ("[FunctionalDependency:(s: {brewery_id}, t: {state})]", 0.0), operator: *, right: (1.0, 1.0), result: 0.0}
列 'p' 不存在，对列 state 不过滤，直接选择所有非无效值。
Block processing time: 0.001589 seconds
Computing Block 489 out of 560
Processing Block size=8
begin cleaner{left: ("[FunctionalDependency:(s: {brewery_id}, t: {state})]", 0.0), operator: *, right: (1.0, 1.0), result: 0.0}
列 'p' 不存在，对列 state 不过滤，直接选择所有非无效值。
Block processing time: 0.006191 seconds
Computing Block 491 out of 560
Processing Block size=7
begin cleaner{left: ("[FunctionalDependency:(s: {brewery_id}, t: {state})]", 0.0), operator: *, right: (1.0, 1.0), result: 0.0}
列 'p' 不存在，对列 state 不过滤，直接选择所有非无效值。
Block processing time: 0.005183 seconds
Computing Block 492 out of 560
Processing Block size=3
begin cleaner{left: ("[FunctionalDependency:(s: {brewery_id}, t: {state})]", 0.0), operator: *, right: (1.0, 1.0), result: 0.0}
列 'p' 不存在，对列 state 不过滤，直接选择所有非无效值。
Block processing time: 0.002325 seconds
Computing Block 493 out of 560
Processing Block size=8
begin cleaner{left: ("[FunctionalDependency:(s: {brewery_id}, t: {state})]", 0.0), operator: *, right: (1.0, 1.0), result: 0.0}
列 'p' 不存在，对列 state 不过滤，直接选择所有非无效值。
Block processing time: 0.005733 seconds
Computing Block 494 out of 560
Processing Block size=23
begin cleaner{left: ("[FunctionalDependency:(s: {brewery_id}, t: {state})]", 0.0), operator: *, right: (1.0, 1.0), result: 0.0}
列 'p' 不存在，对列 state 不过滤，直接选择所有非无效值。
Block processing time: 0.016794 seconds
Computing Block 495 out of 560
Processing Block size=5
begin cleaner{left: ("[FunctionalDependency:(s: {brewery_id}, t: {state})]", 0.0), operator: *, right: (1.0, 1.0), result: 0.0}
列 'p' 不存在，对列 state 不过滤，直接选择所有非无效值。
Block processing time: 0.003713 seconds
Computing Block 496 out of 560
Processing Block size=2
begin cleaner{left: ("[FunctionalDependency:(s: {brewery_id}, t: {state})]", 0.0), operator: *, right: (1.0, 1.0), result: 0.0}
列 'p' 不存在，对列 state 不过滤，直接选择所有非无效值。
Block processing time: 0.001504 seconds
Computing Block 497 out of 560
Processing Block size=2
begin cleaner{left: ("[FunctionalDependency:(s: {brewery_id}, t: {state})]", 0.0), operator: *, right: (1.0, 1.0), result: 0.0}
列 'p' 不存在，对列 state 不过滤，直接选择所有非无效值。
Block processing time: 0.001512 seconds
Computing Block 498 out of 560
Processing Block size=4
begin cleaner{left: ("[FunctionalDependency:(s: {brewery_id}, t: {state})]", 0.0), operator: *, right: (1.0, 1.0), result: 0.0}
列 'p' 不存在，对列 state 不过滤，直接选择所有非无效值。
Block processing time: 0.00299 seconds
Computing Block 499 out of 560
Processing Block size=3
begin cleaner{left: ("[FunctionalDependency:(s: {brewery_id}, t: {state})]", 0.0), operator: *, right: (1.0, 1.0), result: 0.0}
列 'p' 不存在，对列 state 不过滤，直接选择所有非无效值。
Block processing time: 0.002425 seconds
Computing Block 501 out of 560
Processing Block size=4
begin cleaner{left: ("[FunctionalDependency:(s: {brewery_id}, t: {state})]", 0.0), operator: *, right: (1.0, 1.0), result: 0.0}
列 'p' 不存在，对列 state 不过滤，直接选择所有非无效值。
Block processing time: 0.002957 seconds
Computing Block 504 out of 560
Processing Block size=2
begin cleaner{left: ("[FunctionalDependency:(s: {brewery_id}, t: {state})]", 0.0), operator: *, right: (1.0, 1.0), result: 0.0}
列 'p' 不存在，对列 state 不过滤，直接选择所有非无效值。
Block processing time: 0.001567 seconds
Computing Block 505 out of 560
Processing Block size=4
begin cleaner{left: ("[FunctionalDependency:(s: {brewery_id}, t: {state})]", 0.0), operator: *, right: (1.0, 1.0), result: 0.0}
列 'p' 不存在，对列 state 不过滤，直接选择所有非无效值。
Block processing time: 0.003034 seconds
Computing Block 507 out of 560
Processing Block size=4
begin cleaner{left: ("[FunctionalDependency:(s: {brewery_id}, t: {state})]", 0.0), operator: *, right: (1.0, 1.0), result: 0.0}
列 'p' 不存在，对列 state 不过滤，直接选择所有非无效值。
Block processing time: 0.002932 seconds
Computing Block 508 out of 560
Processing Block size=2
begin cleaner{left: ("[FunctionalDependency:(s: {brewery_id}, t: {state})]", 0.0), operator: *, right: (1.0, 1.0), result: 0.0}
列 'p' 不存在，对列 state 不过滤，直接选择所有非无效值。
Block processing time: 0.001562 seconds
Computing Block 509 out of 560
Processing Block size=4
begin cleaner{left: ("[FunctionalDependency:(s: {brewery_id}, t: {state})]", 0.0), operator: *, right: (1.0, 1.0), result: 0.0}
列 'p' 不存在，对列 state 不过滤，直接选择所有非无效值。
Block processing time: 0.002965 seconds
Computing Block 511 out of 560
Processing Block size=3
begin cleaner{left: ("[FunctionalDependency:(s: {brewery_id}, t: {state})]", 0.0), operator: *, right: (1.0, 1.0), result: 0.0}
列 'p' 不存在，对列 state 不过滤，直接选择所有非无效值。
Block processing time: 0.002286 seconds
Computing Block 512 out of 560
Processing Block size=3
begin cleaner{left: ("[FunctionalDependency:(s: {brewery_id}, t: {state})]", 0.0), operator: *, right: (1.0, 1.0), result: 0.0}
列 'p' 不存在，对列 state 不过滤，直接选择所有非无效值。
Block processing time: 0.002228 seconds
Computing Block 513 out of 560
Processing Block size=12
begin cleaner{left: ("[FunctionalDependency:(s: {brewery_id}, t: {state})]", 0.0), operator: *, right: (1.0, 1.0), result: 0.0}
列 'p' 不存在，对列 state 不过滤，直接选择所有非无效值。
Block processing time: 0.008633 seconds
Computing Block 514 out of 560
Processing Block size=8
begin cleaner{left: ("[FunctionalDependency:(s: {brewery_id}, t: {state})]", 0.0), operator: *, right: (1.0, 1.0), result: 0.0}
列 'p' 不存在，对列 state 不过滤，直接选择所有非无效值。
Block processing time: 0.005725 seconds
Computing Block 517 out of 560
Processing Block size=2
begin cleaner{left: ("[FunctionalDependency:(s: {brewery_id}, t: {state})]", 0.0), operator: *, right: (1.0, 1.0), result: 0.0}
列 'p' 不存在，对列 state 不过滤，直接选择所有非无效值。
Block processing time: 0.001559 seconds
Computing Block 519 out of 560
Processing Block size=3
begin cleaner{left: ("[FunctionalDependency:(s: {brewery_id}, t: {state})]", 0.0), operator: *, right: (1.0, 1.0), result: 0.0}
列 'p' 不存在，对列 state 不过滤，直接选择所有非无效值。
Block processing time: 0.002334 seconds
Computing Block 520 out of 560
Processing Block size=18
begin cleaner{left: ("[FunctionalDependency:(s: {brewery_id}, t: {state})]", 0.0), operator: *, right: (1.0, 1.0), result: 0.0}
列 'p' 不存在，对列 state 不过滤，直接选择所有非无效值。
Block processing time: 0.012897 seconds
Computing Block 523 out of 560
Processing Block size=5
begin cleaner{left: ("[FunctionalDependency:(s: {brewery_id}, t: {state})]", 0.0), operator: *, right: (1.0, 1.0), result: 0.0}
列 'p' 不存在，对列 state 不过滤，直接选择所有非无效值。
Block processing time: 0.003621 seconds
Computing Block 524 out of 560
Processing Block size=6
begin cleaner{left: ("[FunctionalDependency:(s: {brewery_id}, t: {state})]", 0.0), operator: *, right: (1.0, 1.0), result: 0.0}
列 'p' 不存在，对列 state 不过滤，直接选择所有非无效值。
Block processing time: 0.004607 seconds
Computing Block 525 out of 560
Processing Block size=12
begin cleaner{left: ("[FunctionalDependency:(s: {brewery_id}, t: {state})]", 0.0), operator: *, right: (1.0, 1.0), result: 0.0}
列 'p' 不存在，对列 state 不过滤，直接选择所有非无效值。
Block processing time: 0.008951 seconds
Computing Block 526 out of 560
Processing Block size=5
begin cleaner{left: ("[FunctionalDependency:(s: {brewery_id}, t: {state})]", 0.0), operator: *, right: (1.0, 1.0), result: 0.0}
列 'p' 不存在，对列 state 不过滤，直接选择所有非无效值。
Block processing time: 0.003898 seconds
Computing Block 527 out of 560
Processing Block size=5
begin cleaner{left: ("[FunctionalDependency:(s: {brewery_id}, t: {state})]", 0.0), operator: *, right: (1.0, 1.0), result: 0.0}
列 'p' 不存在，对列 state 不过滤，直接选择所有非无效值。
Block processing time: 0.00384 seconds
Computing Block 528 out of 560
Processing Block size=5
begin cleaner{left: ("[FunctionalDependency:(s: {brewery_id}, t: {state})]", 0.0), operator: *, right: (1.0, 1.0), result: 0.0}
列 'p' 不存在，对列 state 不过滤，直接选择所有非无效值。
Block processing time: 0.003625 seconds
Computing Block 529 out of 560
Processing Block size=3
begin cleaner{left: ("[FunctionalDependency:(s: {brewery_id}, t: {state})]", 0.0), operator: *, right: (1.0, 1.0), result: 0.0}
列 'p' 不存在，对列 state 不过滤，直接选择所有非无效值。
Block processing time: 0.002247 seconds
Computing Block 530 out of 560
Processing Block size=2
begin cleaner{left: ("[FunctionalDependency:(s: {brewery_id}, t: {state})]", 0.0), operator: *, right: (1.0, 1.0), result: 0.0}
列 'p' 不存在，对列 state 不过滤，直接选择所有非无效值。
Block processing time: 0.00151 seconds
Computing Block 534 out of 560
Processing Block size=3
begin cleaner{left: ("[FunctionalDependency:(s: {brewery_id}, t: {state})]", 0.0), operator: *, right: (1.0, 1.0), result: 0.0}
列 'p' 不存在，对列 state 不过滤，直接选择所有非无效值。
Block processing time: 0.002302 seconds
Computing Block 535 out of 560
Processing Block size=3
begin cleaner{left: ("[FunctionalDependency:(s: {brewery_id}, t: {state})]", 0.0), operator: *, right: (1.0, 1.0), result: 0.0}
列 'p' 不存在，对列 state 不过滤，直接选择所有非无效值。
Block processing time: 0.002197 seconds
Computing Block 536 out of 560
Processing Block size=3
begin cleaner{left: ("[FunctionalDependency:(s: {brewery_id}, t: {state})]", 0.0), operator: *, right: (1.0, 1.0), result: 0.0}
列 'p' 不存在，对列 state 不过滤，直接选择所有非无效值。
Block processing time: 0.002244 seconds
Computing Block 537 out of 560
Processing Block size=7
begin cleaner{left: ("[FunctionalDependency:(s: {brewery_id}, t: {state})]", 0.0), operator: *, right: (1.0, 1.0), result: 0.0}
列 'p' 不存在，对列 state 不过滤，直接选择所有非无效值。
Block processing time: 0.005229 seconds
Computing Block 538 out of 560
Processing Block size=3
begin cleaner{left: ("[FunctionalDependency:(s: {brewery_id}, t: {state})]", 0.0), operator: *, right: (1.0, 1.0), result: 0.0}
列 'p' 不存在，对列 state 不过滤，直接选择所有非无效值。
Block processing time: 0.002235 seconds
Computing Block 539 out of 560
Processing Block size=2
begin cleaner{left: ("[FunctionalDependency:(s: {brewery_id}, t: {state})]", 0.0), operator: *, right: (1.0, 1.0), result: 0.0}
列 'p' 不存在，对列 state 不过滤，直接选择所有非无效值。
Block processing time: 0.001532 seconds
Computing Block 540 out of 560
Processing Block size=3
begin cleaner{left: ("[FunctionalDependency:(s: {brewery_id}, t: {state})]", 0.0), operator: *, right: (1.0, 1.0), result: 0.0}
列 'p' 不存在，对列 state 不过滤，直接选择所有非无效值。
Block processing time: 0.002327 seconds
Computing Block 542 out of 560
Processing Block size=3
begin cleaner{left: ("[FunctionalDependency:(s: {brewery_id}, t: {state})]", 0.0), operator: *, right: (1.0, 1.0), result: 0.0}
列 'p' 不存在，对列 state 不过滤，直接选择所有非无效值。
Block processing time: 0.002344 seconds
Computing Block 543 out of 560
Processing Block size=2
begin cleaner{left: ("[FunctionalDependency:(s: {brewery_id}, t: {state})]", 0.0), operator: *, right: (1.0, 1.0), result: 0.0}
列 'p' 不存在，对列 state 不过滤，直接选择所有非无效值。
Block processing time: 0.001612 seconds
Computing Block 544 out of 560
Processing Block size=7
begin cleaner{left: ("[FunctionalDependency:(s: {brewery_id}, t: {state})]", 0.0), operator: *, right: (1.0, 1.0), result: 0.0}
列 'p' 不存在，对列 state 不过滤，直接选择所有非无效值。
Block processing time: 0.005002 seconds
Computing Block 546 out of 560
Processing Block size=4
begin cleaner{left: ("[FunctionalDependency:(s: {brewery_id}, t: {state})]", 0.0), operator: *, right: (1.0, 1.0), result: 0.0}
列 'p' 不存在，对列 state 不过滤，直接选择所有非无效值。
Block processing time: 0.002925 seconds
Computing Block 548 out of 560
Processing Block size=4
begin cleaner{left: ("[FunctionalDependency:(s: {brewery_id}, t: {state})]", 0.0), operator: *, right: (1.0, 1.0), result: 0.0}
列 'p' 不存在，对列 state 不过滤，直接选择所有非无效值。
Block processing time: 0.002984 seconds
Computing Block 549 out of 560
Processing Block size=2
begin cleaner{left: ("[FunctionalDependency:(s: {brewery_id}, t: {state})]", 0.0), operator: *, right: (1.0, 1.0), result: 0.0}
列 'p' 不存在，对列 state 不过滤，直接选择所有非无效值。
Block processing time: 0.001542 seconds
Computing Block 550 out of 560
Processing Block size=3
begin cleaner{left: ("[FunctionalDependency:(s: {brewery_id}, t: {state})]", 0.0), operator: *, right: (1.0, 1.0), result: 0.0}
列 'p' 不存在，对列 state 不过滤，直接选择所有非无效值。
Block processing time: 0.00222 seconds
Computing Block 551 out of 560
Processing Block size=3
begin cleaner{left: ("[FunctionalDependency:(s: {brewery_id}, t: {state})]", 0.0), operator: *, right: (1.0, 1.0), result: 0.0}
列 'p' 不存在，对列 state 不过滤，直接选择所有非无效值。
Block processing time: 0.002261 seconds
Computing Block 552 out of 560
Processing Block size=6
begin cleaner{left: ("[FunctionalDependency:(s: {brewery_id}, t: {state})]", 0.0), operator: *, right: (1.0, 1.0), result: 0.0}
列 'p' 不存在，对列 state 不过滤，直接选择所有非无效值。
Block processing time: 0.004398 seconds
Computing Block 553 out of 560
Processing Block size=2
begin cleaner{left: ("[FunctionalDependency:(s: {brewery_id}, t: {state})]", 0.0), operator: *, right: (1.0, 1.0), result: 0.0}
列 'p' 不存在，对列 state 不过滤，直接选择所有非无效值。
Block processing time: 0.001513 seconds
Computing Block 554 out of 560
Processing Block size=8
begin cleaner{left: ("[FunctionalDependency:(s: {brewery_id}, t: {state})]", 0.0), operator: *, right: (1.0, 1.0), result: 0.0}
列 'p' 不存在，对列 state 不过滤，直接选择所有非无效值。
Block processing time: 0.005818 seconds
Computing Block 556 out of 560
Processing Block size=2
begin cleaner{left: ("[FunctionalDependency:(s: {brewery_id}, t: {state})]", 0.0), operator: *, right: (1.0, 1.0), result: 0.0}
列 'p' 不存在，对列 state 不过滤，直接选择所有非无效值。
Block processing time: 0.001588 seconds
Computing Block 557 out of 560
Processing Block size=4
begin cleaner{left: ("[FunctionalDependency:(s: {brewery_id}, t: {state})]", 0.0), operator: *, right: (1.0, 1.0), result: 0.0}
列 'p' 不存在，对列 state 不过滤，直接选择所有非无效值。
Block processing time: 0.002914 seconds
Computing Block 559 out of 560
Processing Block size=13
begin cleaner{left: ("[FunctionalDependency:(s: {brewery_id}, t: {state})]", 0.0), operator: *, right: (1.0, 1.0), result: 0.0}
列 'p' 不存在，对列 state 不过滤，直接选择所有非无效值。
Block processing time: 0.009363 seconds
Computing Block 560 out of 560
Processing Block size=7
begin cleaner{left: ("[FunctionalDependency:(s: {brewery_id}, t: {state})]", 0.0), operator: *, right: (1.0, 1.0), result: 0.0}
列 'p' 不存在，对列 state 不过滤，直接选择所有非无效值。
Block processing time: 0.005098 seconds
  当前节点: state 无清洗操作
['brewery_name', 'city', 'state']的清洗完成

本层累积的编辑规则数: 0
本层没有可以进行的清洗操作，进行下一层

清洗规则溯源分析:

处理第 1 层级, 包含节点: ['brewery_id']

处理第 2 层级, 包含节点: ['brewery_name', 'city', 'state']

清洗流程展示:
关联图存储到: Uniclean_cleaned_data/original_error_cleaned_data/3_beers_runtime/acplt.png
清洗总执行时间: 15.6167 秒
清洗结果已保存到: Uniclean_cleaned_data/original_error_cleaned_data/3_beers_runtime/3_beers_runtimeCleaned.csv
测评性能开始：
没有指定错误比例，仅进行原数据集的空值替换，不添加错误
已将注入错误的文件保存到: Uniclean_cleaned_data/original_error_cleaned_data/3_beers_runtime/3_beers_runtimeCleaned.csv
差异文件已保存到:
Uniclean_cleaned_data/original_error_cleaned_data/3_beers_runtime/3_beers_runtime_clean_vs_dirty.csv
Uniclean_cleaned_data/original_error_cleaned_data/3_beers_runtime/3_beers_runtime_dirty_vs_cleaned.csv
Uniclean_cleaned_data/original_error_cleaned_data/3_beers_runtime/3_beers_runtime_clean_vs_cleaned.csv
修复错误数据文件已保存到: Uniclean_cleaned_data/original_error_cleaned_data/3_beers_runtime/3_beers_runtime_repair_errors.csv
未修复但是应该修复数据文件已保存到: Uniclean_cleaned_data/original_error_cleaned_data/3_beers_runtime/3_beers_runtime_unrepaired.csv
修复准确率: 0.83901855176541, 修复召回率: 0.8350208457415128, F1值: 0.8370149253231346
========================================
EDR 结果已保存到: Uniclean_cleaned_data/original_error_cleaned_data/3_beers_runtime/3_beers_runtime_edr_evaluation.txt
错误减少率 (EDR): 0.8323406789755807
========================================
混合距离结果已保存到: Uniclean_cleaned_data/original_error_cleaned_data/3_beers_runtime/3_beers_runtime_hybrid_distance_evaluation.txt
混合距离 (Hybrid Distance): 0.03431178373162319
========================================
R-EDR 结果已保存到: Uniclean_cleaned_data/original_error_cleaned_data/3_beers_runtime/3_beers_runtime_record_based_edr_evaluation.txt
基于条目的错误减少率 (R-EDR): 0.7726141078838175
========================================
测试结果:
Accuracy: 0.83901855176541
Recall: 0.8350208457415128
F1 Score: 0.8370149253231346
EDR: 0.8323406789755807
Hybrid Distance: 0.03431178373162319
R-EDR: 0.7726141078838175
time(s): 15.616699083
speed: 0.6479958125726142 seconds/100num
测评结束，详细测评日志见：Uniclean_cleaned_data/original_error_cleaned_data/3_beers_runtime
