Attribute,Index,Clean Value,Cleaned Value
src,1427,CO,co
src,1428,CO,co
src,1429,CO,co
src,1430,CO,co
src,1431,CO,co
src,1432,CO,co
src,1433,CO,co
src,1434,CO,co
src,1435,CO,co
src,1436,CO,co
src,1437,CO,co
src,1438,CO,co
src,1439,CO,co
src,1440,CO,co
src,1441,CO,co
src,1442,CO,co
src,1443,CO,co
src,1444,CO,co
src,1445,CO,co
flight,1,AA-3859-IAH-ORD,aa-3859-iah-ord
flight,2,AA-1733-ORD-PHX,aa-1733-ord-phx
flight,3,AA-1640-MIA-MCO,aa-1640-mia-mco
flight,4,AA-518-MIA-JFK,aa-518-mia-jfk
flight,5,AA-3756-ORD-SLC,aa-3756-ord-slc
flight,6,AA-204-LAX-MCO,aa-204-lax-mco
flight,7,AA-3468-CVG-MIA,aa-3468-cvg-mia
flight,8,AA-484-DFW-MIA,aa-484-dfw-mia
flight,9,AA-446-DFW-PHL,aa-446-dfw-phl
flight,10,AA-466-IAH-MIA,aa-466-iah-mia
flight,11,AA-1886-BOS-MIA,aa-1886-bos-mia
flight,12,AA-2957-DFW-CVG,aa-2957-dfw-cvg
flight,13,AA-1664-MIA-ATL,aa-1664-mia-atl
flight,14,AA-3979-CVG-ORD,aa-3979-cvg-ord
flight,15,AA-1279-DFW-PHX,aa-1279-dfw-phx
flight,16,AA-616-DFW-DTW,aa-616-dfw-dtw
flight,17,AA-4344-ORD-DTW,aa-4344-ord-dtw
flight,18,AA-2525-DFW-MIA,aa-2525-dfw-mia
flight,19,AA-404-MIA-MCO,aa-404-mia-mco
flight,20,AA-271-MIA-LAX,aa-271-mia-lax
flight,21,AA-2050-ORD-MIA,aa-2050-ord-mia
flight,22,AA-4330-CVG-ORD,aa-4330-cvg-ord
flight,23,AA-1434-DFW-MCO,aa-1434-dfw-mco
flight,24,AA-4307-ORD-DTW,aa-4307-ord-dtw
flight,25,AA-3-JFK-LAX,aa-3-jfk-lax
flight,26,AA-3842-MSP-ORD,aa-3842-msp-ord
flight,27,AA-643-MIA-ORD,aa-643-mia-ord
flight,28,AA-1007-MIA-PHX,aa-1007-mia-phx
flight,29,AA-1221-MCO-ORD,aa-1221-mco-ord
flight,30,AA-400-DFW-JFK,aa-400-dfw-jfk
flight,31,AA-4198-ORD-CLE,aa-4198-ord-cle
flight,32,AA-1522-SFO-ORD,aa-1522-sfo-ord
flight,33,AA-3823-LAX-DEN,aa-3823-lax-den
flight,34,AA-2312-DFW-DTW,aa-2312-dfw-dtw
flight,35,AA-1165-JFK-MIA,aa-1165-jfk-mia
flight,36,AA-431-MIA-SFO,aa-431-mia-sfo
flight,37,AA-649-ORD-SNA,aa-649-ord-sna
flight,38,AA-3063-SLC-LAX,aa-3063-slc-lax
flight,39,AA-3804-PHL-ORD,aa-3804-phl-ord
flight,40,AA-1917-JFK-MCO,aa-1917-jfk-mco
flight,41,AA-2268-PHX-ORD,aa-2268-phx-ord
flight,42,AA-4277-CVG-JFK,aa-4277-cvg-jfk
flight,43,AA-789-ORD-DEN,aa-789-ord-den
flight,44,AA-415-BOS-ORD,aa-415-bos-ord
flight,45,AA-85-JFK-SFO,aa-85-jfk-sfo
flight,46,AA-1544-SAN-ORD,aa-1544-san-ord
flight,47,AA-3786-IAH-ORD,aa-3786-iah-ord
flight,48,AA-222-LAX-BOS,aa-222-lax-bos
flight,49,AA-3809-PHX-LAX,aa-3809-phx-lax
flight,50,AA-59-JFK-SFO,aa-59-jfk-sfo
flight,51,AA-3859-IAH-ORD,aa-3859-iah-ord
flight,52,CO-1586-IAH-MCO,co-1586-iah-mco
flight,53,AA-518-MIA-JFK,aa-518-mia-jfk
flight,54,UA-397-JFK-SFO,ua-397-jfk-sfo
flight,55,UA-3925-IAD-ORF,ua-3925-iad-orf
flight,56,AA-1733-ORD-PHX,aa-1733-ord-phx
flight,57,UA-2830-MCO-CLT,ua-2830-mco-clt
flight,58,CO-58-DEN-IAH,co-58-den-iah
flight,59,AA-1544-SAN-ORD,aa-1544-san-ord
flight,60,UA-5487-SFO-MRY,ua-5487-sfo-mry
flight,61,AA-204-LAX-MCO,aa-204-lax-mco
flight,62,UA-414-LAX-SFO,ua-414-lax-sfo
flight,63,CO-1614-LAX-IAH,co-1614-lax-iah
flight,64,UA-2726-FLL-PHL,ua-2726-fll-phl
flight,65,CO-52-IAH-LAX,co-52-iah-lax
flight,66,CO-1090-BOS-IAH,co-1090-bos-iah
flight,67,AA-616-DFW-DTW,aa-616-dfw-dtw
flight,68,UA-3515-IAD-MSP,ua-3515-iad-msp
flight,69,AA-3468-CVG-MIA,aa-3468-cvg-mia
flight,70,AA-484-DFW-MIA,aa-484-dfw-mia
flight,71,AA-1886-BOS-MIA,aa-1886-bos-mia
flight,72,CO-62-IAH-EWR,co-62-iah-ewr
flight,73,CO-1561-PHX-IAH,co-1561-phx-iah
flight,74,UA-2314-ATL-PHL,ua-2314-atl-phl
flight,75,AA-446-DFW-PHL,aa-446-dfw-phl
flight,76,CO-1023-IAH-DEN,co-1023-iah-den
flight,77,AA-466-IAH-MIA,aa-466-iah-mia
flight,78,UA-3050-PHX-CLT,ua-3050-phx-clt
flight,79,CO-89-IAH-EWR,co-89-iah-ewr
flight,80,CO-1088-CLE-IAH,co-1088-cle-iah
flight,81,AA-1664-MIA-ATL,aa-1664-mia-atl
flight,82,AA-1279-DFW-PHX,aa-1279-dfw-phx
flight,83,UA-854-SFO-IAH,ua-854-sfo-iah
flight,84,UA-382-IAD-LAX,ua-382-iad-lax
flight,85,AA-4344-ORD-DTW,aa-4344-ord-dtw
flight,86,UA-257-JFK-SFO,ua-257-jfk-sfo
flight,87,UA-2945-PHL-CLT,ua-2945-phl-clt
flight,88,CO-63-EWR-IAH,co-63-ewr-iah
flight,89,CO-47-IAH-LAX,co-47-iah-lax
flight,90,AA-2050-ORD-MIA,aa-2050-ord-mia
flight,91,UA-248-PHX-ORD,ua-248-phx-ord
flight,92,AA-4330-CVG-ORD,aa-4330-cvg-ord
flight,93,AA-1434-DFW-MCO,aa-1434-dfw-mco
flight,94,AA-1640-MIA-MCO,aa-1640-mia-mco
flight,95,AA-4307-ORD-DTW,aa-4307-ord-dtw
flight,96,AA-3-JFK-LAX,aa-3-jfk-lax
flight,97,CO-1694-LAX-IAH,co-1694-lax-iah
flight,98,UA-843-LAX-ORD,ua-843-lax-ord
flight,99,CO-1193-EWR-MCO,co-1193-ewr-mco
flight,100,AA-3842-MSP-ORD,aa-3842-msp-ord
flight,101,AA-643-MIA-ORD,aa-643-mia-ord
flight,102,AA-1007-MIA-PHX,aa-1007-mia-phx
flight,103,AA-2525-DFW-MIA,aa-2525-dfw-mia
flight,104,UA-2906-PHL-MCO,ua-2906-phl-mco
flight,105,UA-938-DEN-ORD,ua-938-den-ord
flight,106,AA-1221-MCO-ORD,aa-1221-mco-ord
flight,107,CO-16-LAX-EWR,co-16-lax-ewr
flight,108,UA-2515-DFW-CLT,ua-2515-dfw-clt
flight,109,AA-400-DFW-JFK,aa-400-dfw-jfk
flight,110,UA-664-ORD-PHL,ua-664-ord-phl
flight,111,AA-3756-ORD-SLC,aa-3756-ord-slc
flight,112,UA-37-EWR-MCO,ua-37-ewr-mco
flight,113,AA-1522-SFO-ORD,aa-1522-sfo-ord
flight,114,UA-233-LAX-JFK,ua-233-lax-jfk
flight,115,AA-3823-LAX-DEN,aa-3823-lax-den
flight,116,AA-2312-DFW-DTW,aa-2312-dfw-dtw
flight,117,AA-1165-JFK-MIA,aa-1165-jfk-mia
flight,118,AA-431-MIA-SFO,aa-431-mia-sfo
flight,119,UA-3373-IAD-PHL,ua-3373-iad-phl
flight,120,AA-649-ORD-SNA,aa-649-ord-sna
flight,121,CO-1250-MIA-IAH,co-1250-mia-iah
flight,122,UA-6273-YYC-SFO,ua-6273-yyc-sfo
flight,123,UA-828-SFO-ORD,ua-828-sfo-ord
flight,124,CO-4888-IAH-DAL,co-4888-iah-dal
flight,125,UA-858-PVG-SFO,ua-858-pvg-sfo
flight,126,UA-2704-DTW-PHX,ua-2704-dtw-phx
flight,127,AA-3063-SLC-LAX,aa-3063-slc-lax
flight,128,UA-2708-EWR-CLT,ua-2708-ewr-clt
flight,129,UA-62-IAH-EWR,ua-62-iah-ewr
flight,130,UA-1500-IAH-GUA,ua-1500-iah-gua
flight,131,AA-3804-PHL-ORD,aa-3804-phl-ord
flight,132,AA-1917-JFK-MCO,aa-1917-jfk-mco
flight,133,AA-2268-PHX-ORD,aa-2268-phx-ord
flight,134,AA-4277-CVG-JFK,aa-4277-cvg-jfk
flight,135,AA-2957-DFW-CVG,aa-2957-dfw-cvg
flight,136,UA-37-EDI-EWR,ua-37-edi-ewr
flight,137,AA-789-ORD-DEN,aa-789-ord-den
flight,138,AA-415-BOS-ORD,aa-415-bos-ord
flight,139,AA-85-JFK-SFO,aa-85-jfk-sfo
flight,140,AA-3979-CVG-ORD,aa-3979-cvg-ord
flight,141,AA-3786-IAH-ORD,aa-3786-iah-ord
flight,142,AA-271-MIA-LAX,aa-271-mia-lax
flight,143,CO-50-CLE-EWR,co-50-cle-ewr
flight,144,UA-3099-PHX-PHL,ua-3099-phx-phl
flight,145,AA-4198-ORD-CLE,aa-4198-ord-cle
flight,146,AA-404-MIA-MCO,aa-404-mia-mco
flight,147,CO-45-EWR-MIA,co-45-ewr-mia
flight,148,AA-3809-PHX-LAX,aa-3809-phx-lax
flight,149,AA-59-JFK-SFO,aa-59-jfk-sfo
flight,150,AA-222-LAX-BOS,aa-222-lax-bos
flight,151,AA-3859-IAH-ORD,aa-3859-iah-ord
flight,152,CO-1586-IAH-MCO,co-1586-iah-mco
flight,153,AA-518-MIA-JFK,aa-518-mia-jfk
flight,154,UA-397-JFK-SFO,ua-397-jfk-sfo
flight,155,UA-3925-IAD-ORF,ua-3925-iad-orf
flight,156,AA-1733-ORD-PHX,aa-1733-ord-phx
flight,157,AA-3-JFK-LAX,aa-3-jfk-lax
flight,158,UA-2830-MCO-CLT,ua-2830-mco-clt
flight,159,CO-58-DEN-IAH,co-58-den-iah
flight,160,UA-5487-SFO-MRY,ua-5487-sfo-mry
flight,161,AA-204-LAX-MCO,aa-204-lax-mco
flight,162,UA-414-LAX-SFO,ua-414-lax-sfo
flight,163,CO-1614-LAX-IAH,co-1614-lax-iah
flight,164,UA-2726-FLL-PHL,ua-2726-fll-phl
flight,165,CO-52-IAH-LAX,co-52-iah-lax
flight,166,CO-1090-BOS-IAH,co-1090-bos-iah
flight,167,AA-616-DFW-DTW,aa-616-dfw-dtw
flight,168,UA-3515-IAD-MSP,ua-3515-iad-msp
flight,169,AA-3468-CVG-MIA,aa-3468-cvg-mia
flight,170,AA-484-DFW-MIA,aa-484-dfw-mia
flight,171,AA-1886-BOS-MIA,aa-1886-bos-mia
flight,172,CO-62-IAH-EWR,co-62-iah-ewr
flight,173,CO-1561-PHX-IAH,co-1561-phx-iah
flight,174,UA-2314-ATL-PHL,ua-2314-atl-phl
flight,175,AA-446-DFW-PHL,aa-446-dfw-phl
flight,176,CO-1023-IAH-DEN,co-1023-iah-den
flight,177,AA-466-IAH-MIA,aa-466-iah-mia
flight,178,UA-3050-PHX-CLT,ua-3050-phx-clt
flight,179,CO-89-IAH-EWR,co-89-iah-ewr
flight,180,CO-1088-CLE-IAH,co-1088-cle-iah
flight,181,AA-1664-MIA-ATL,aa-1664-mia-atl
flight,182,AA-1279-DFW-PHX,aa-1279-dfw-phx
flight,183,UA-854-SFO-IAH,ua-854-sfo-iah
flight,184,UA-382-IAD-LAX,ua-382-iad-lax
flight,185,AA-4344-ORD-DTW,aa-4344-ord-dtw
flight,186,UA-257-JFK-SFO,ua-257-jfk-sfo
flight,187,UA-2945-PHL-CLT,ua-2945-phl-clt
flight,188,CO-63-EWR-IAH,co-63-ewr-iah
flight,189,CO-47-IAH-LAX,co-47-iah-lax
flight,190,AA-2050-ORD-MIA,aa-2050-ord-mia
flight,191,UA-248-PHX-ORD,ua-248-phx-ord
flight,192,AA-4330-CVG-ORD,aa-4330-cvg-ord
flight,193,AA-1434-DFW-MCO,aa-1434-dfw-mco
flight,194,AA-1640-MIA-MCO,aa-1640-mia-mco
flight,195,AA-4307-ORD-DTW,aa-4307-ord-dtw
flight,196,CO-1694-LAX-IAH,co-1694-lax-iah
flight,197,UA-843-LAX-ORD,ua-843-lax-ord
flight,198,CO-1193-EWR-MCO,co-1193-ewr-mco
flight,199,AA-3842-MSP-ORD,aa-3842-msp-ord
flight,200,AA-643-MIA-ORD,aa-643-mia-ord
flight,201,AA-1007-MIA-PHX,aa-1007-mia-phx
flight,202,UA-2906-PHL-MCO,ua-2906-phl-mco
flight,203,UA-938-DEN-ORD,ua-938-den-ord
flight,204,AA-1221-MCO-ORD,aa-1221-mco-ord
flight,205,CO-16-LAX-EWR,co-16-lax-ewr
flight,206,UA-2515-DFW-CLT,ua-2515-dfw-clt
flight,207,AA-400-DFW-JFK,aa-400-dfw-jfk
flight,208,UA-664-ORD-PHL,ua-664-ord-phl
flight,209,AA-3756-ORD-SLC,aa-3756-ord-slc
flight,210,UA-37-EWR-MCO,ua-37-ewr-mco
flight,211,AA-1522-SFO-ORD,aa-1522-sfo-ord
flight,212,UA-233-LAX-JFK,ua-233-lax-jfk
flight,213,AA-3823-LAX-DEN,aa-3823-lax-den
flight,214,AA-2312-DFW-DTW,aa-2312-dfw-dtw
flight,215,AA-1165-JFK-MIA,aa-1165-jfk-mia
flight,216,AA-431-MIA-SFO,aa-431-mia-sfo
flight,217,UA-3373-IAD-PHL,ua-3373-iad-phl
flight,218,AA-649-ORD-SNA,aa-649-ord-sna
flight,219,CO-1250-MIA-IAH,co-1250-mia-iah
flight,220,UA-6273-YYC-SFO,ua-6273-yyc-sfo
flight,221,UA-828-SFO-ORD,ua-828-sfo-ord
flight,222,CO-4888-IAH-DAL,co-4888-iah-dal
flight,223,UA-858-PVG-SFO,ua-858-pvg-sfo
flight,224,UA-2704-DTW-PHX,ua-2704-dtw-phx
flight,225,AA-3063-SLC-LAX,aa-3063-slc-lax
flight,226,UA-2708-EWR-CLT,ua-2708-ewr-clt
flight,227,UA-62-IAH-EWR,ua-62-iah-ewr
flight,228,UA-1500-IAH-GUA,ua-1500-iah-gua
flight,229,AA-3804-PHL-ORD,aa-3804-phl-ord
flight,230,AA-1917-JFK-MCO,aa-1917-jfk-mco
flight,231,AA-2268-PHX-ORD,aa-2268-phx-ord
flight,232,AA-4277-CVG-JFK,aa-4277-cvg-jfk
flight,233,AA-2957-DFW-CVG,aa-2957-dfw-cvg
flight,234,UA-37-EDI-EWR,ua-37-edi-ewr
flight,235,AA-789-ORD-DEN,aa-789-ord-den
flight,236,AA-415-BOS-ORD,aa-415-bos-ord
flight,237,AA-85-JFK-SFO,aa-85-jfk-sfo
flight,238,AA-3979-CVG-ORD,aa-3979-cvg-ord
flight,239,AA-1544-SAN-ORD,aa-1544-san-ord
flight,240,AA-3786-IAH-ORD,aa-3786-iah-ord
flight,241,AA-271-MIA-LAX,aa-271-mia-lax
flight,242,AA-2525-DFW-MIA,aa-2525-dfw-mia
flight,243,CO-50-CLE-EWR,co-50-cle-ewr
flight,244,UA-3099-PHX-PHL,ua-3099-phx-phl
flight,245,AA-4198-ORD-CLE,aa-4198-ord-cle
flight,246,AA-404-MIA-MCO,aa-404-mia-mco
flight,247,CO-45-EWR-MIA,co-45-ewr-mia
flight,248,AA-3809-PHX-LAX,aa-3809-phx-lax
flight,249,AA-59-JFK-SFO,aa-59-jfk-sfo
flight,250,AA-222-LAX-BOS,aa-222-lax-bos
flight,251,AA-3859-IAH-ORD,aa-3859-iah-ord
flight,252,AA-518-MIA-JFK,aa-518-mia-jfk
flight,253,UA-397-JFK-SFO,ua-397-jfk-sfo
flight,254,UA-3925-IAD-ORF,ua-3925-iad-orf
flight,255,AA-1733-ORD-PHX,aa-1733-ord-phx
flight,256,AA-1640-MIA-MCO,aa-1640-mia-mco
flight,257,UA-2830-MCO-CLT,ua-2830-mco-clt
flight,258,CO-58-DEN-IAH,co-58-den-iah
flight,259,AA-1544-SAN-ORD,aa-1544-san-ord
flight,260,UA-5487-SFO-MRY,ua-5487-sfo-mry
flight,261,AA-204-LAX-MCO,aa-204-lax-mco
flight,262,UA-414-LAX-SFO,ua-414-lax-sfo
flight,263,AA-3756-ORD-SLC,aa-3756-ord-slc
flight,264,UA-2726-FLL-PHL,ua-2726-fll-phl
flight,265,CO-1090-BOS-IAH,co-1090-bos-iah
flight,266,AA-3468-CVG-MIA,aa-3468-cvg-mia
flight,267,UA-3515-IAD-MSP,ua-3515-iad-msp
flight,268,AA-484-DFW-MIA,aa-484-dfw-mia
flight,269,CO-62-IAH-EWR,co-62-iah-ewr
flight,270,AA-446-DFW-PHL,aa-446-dfw-phl
flight,271,AA-466-IAH-MIA,aa-466-iah-mia
flight,272,UA-3050-PHX-CLT,ua-3050-phx-clt
flight,273,CO-89-IAH-EWR,co-89-iah-ewr
flight,274,CO-1088-CLE-IAH,co-1088-cle-iah
flight,275,AA-1886-BOS-MIA,aa-1886-bos-mia
flight,276,AA-1664-MIA-ATL,aa-1664-mia-atl
flight,277,AA-3979-CVG-ORD,aa-3979-cvg-ord
flight,278,AA-1279-DFW-PHX,aa-1279-dfw-phx
flight,279,CO-1614-LAX-IAH,co-1614-lax-iah
flight,280,AA-616-DFW-DTW,aa-616-dfw-dtw
flight,281,AA-4344-ORD-DTW,aa-4344-ord-dtw
flight,282,UA-2945-PHL-CLT,ua-2945-phl-clt
flight,283,AA-2525-DFW-MIA,aa-2525-dfw-mia
flight,284,AA-271-MIA-LAX,aa-271-mia-lax
flight,285,AA-2050-ORD-MIA,aa-2050-ord-mia
flight,286,AA-1434-DFW-MCO,aa-1434-dfw-mco
flight,287,CO-1561-PHX-IAH,co-1561-phx-iah
flight,288,AA-4307-ORD-DTW,aa-4307-ord-dtw
flight,289,AA-3-JFK-LAX,aa-3-jfk-lax
flight,290,CO-1694-LAX-IAH,co-1694-lax-iah
flight,291,UA-843-LAX-ORD,ua-843-lax-ord
flight,292,CO-1193-EWR-MCO,co-1193-ewr-mco
flight,293,AA-3842-MSP-ORD,aa-3842-msp-ord
flight,294,AA-643-MIA-ORD,aa-643-mia-ord
flight,295,UA-2906-PHL-MCO,ua-2906-phl-mco
flight,296,UA-938-DEN-ORD,ua-938-den-ord
flight,297,AA-1221-MCO-ORD,aa-1221-mco-ord
flight,298,CO-16-LAX-EWR,co-16-lax-ewr
flight,299,UA-2515-DFW-CLT,ua-2515-dfw-clt
flight,300,AA-400-DFW-JFK,aa-400-dfw-jfk
flight,301,UA-664-ORD-PHL,ua-664-ord-phl
flight,302,AA-1522-SFO-ORD,aa-1522-sfo-ord
flight,303,UA-233-LAX-JFK,ua-233-lax-jfk
flight,304,AA-3823-LAX-DEN,aa-3823-lax-den
flight,305,AA-2312-DFW-DTW,aa-2312-dfw-dtw
flight,306,AA-1165-JFK-MIA,aa-1165-jfk-mia
flight,307,AA-431-MIA-SFO,aa-431-mia-sfo
flight,308,UA-257-JFK-SFO,ua-257-jfk-sfo
flight,309,UA-3373-IAD-PHL,ua-3373-iad-phl
flight,310,AA-649-ORD-SNA,aa-649-ord-sna
flight,311,CO-1250-MIA-IAH,co-1250-mia-iah
flight,312,UA-6273-YYC-SFO,ua-6273-yyc-sfo
flight,313,UA-858-PVG-SFO,ua-858-pvg-sfo
flight,314,UA-2704-DTW-PHX,ua-2704-dtw-phx
flight,315,AA-3063-SLC-LAX,aa-3063-slc-lax
flight,316,UA-2708-EWR-CLT,ua-2708-ewr-clt
flight,317,UA-62-IAH-EWR,ua-62-iah-ewr
flight,318,AA-3804-PHL-ORD,aa-3804-phl-ord
flight,319,AA-1917-JFK-MCO,aa-1917-jfk-mco
flight,320,AA-2268-PHX-ORD,aa-2268-phx-ord
flight,321,UA-2314-ATL-PHL,ua-2314-atl-phl
flight,322,AA-4277-CVG-JFK,aa-4277-cvg-jfk
flight,323,AA-2957-DFW-CVG,aa-2957-dfw-cvg
flight,324,UA-37-EDI-EWR,ua-37-edi-ewr
flight,325,AA-789-ORD-DEN,aa-789-ord-den
flight,326,UA-854-SFO-IAH,ua-854-sfo-iah
flight,327,AA-415-BOS-ORD,aa-415-bos-ord
flight,328,AA-85-JFK-SFO,aa-85-jfk-sfo
flight,329,AA-3786-IAH-ORD,aa-3786-iah-ord
flight,330,CO-50-CLE-EWR,co-50-cle-ewr
flight,331,UA-3099-PHX-PHL,ua-3099-phx-phl
flight,332,AA-4198-ORD-CLE,aa-4198-ord-cle
flight,333,AA-404-MIA-MCO,aa-404-mia-mco
flight,334,CO-45-EWR-MIA,co-45-ewr-mia
flight,335,AA-3809-PHX-LAX,aa-3809-phx-lax
flight,336,AA-59-JFK-SFO,aa-59-jfk-sfo
flight,337,AA-222-LAX-BOS,aa-222-lax-bos
flight,338,AA-3859-IAH-ORD,aa-3859-iah-ord
flight,339,CO-1586-IAH-MCO,co-1586-iah-mco
flight,340,AA-518-MIA-JFK,aa-518-mia-jfk
flight,341,UA-397-JFK-SFO,ua-397-jfk-sfo
flight,342,UA-3925-IAD-ORF,ua-3925-iad-orf
flight,343,AA-1733-ORD-PHX,aa-1733-ord-phx
flight,344,UA-2830-MCO-CLT,ua-2830-mco-clt
flight,345,CO-58-DEN-IAH,co-58-den-iah
flight,346,AA-1544-SAN-ORD,aa-1544-san-ord
flight,347,UA-5487-SFO-MRY,ua-5487-sfo-mry
flight,348,AA-204-LAX-MCO,aa-204-lax-mco
flight,349,UA-414-LAX-SFO,ua-414-lax-sfo
flight,350,CO-1614-LAX-IAH,co-1614-lax-iah
flight,351,UA-2726-FLL-PHL,ua-2726-fll-phl
flight,352,CO-52-IAH-LAX,co-52-iah-lax
flight,353,CO-1090-BOS-IAH,co-1090-bos-iah
flight,354,AA-616-DFW-DTW,aa-616-dfw-dtw
flight,355,UA-3515-IAD-MSP,ua-3515-iad-msp
flight,356,AA-3468-CVG-MIA,aa-3468-cvg-mia
flight,357,AA-484-DFW-MIA,aa-484-dfw-mia
flight,358,AA-1886-BOS-MIA,aa-1886-bos-mia
flight,359,CO-62-IAH-EWR,co-62-iah-ewr
flight,360,CO-1561-PHX-IAH,co-1561-phx-iah
flight,361,UA-2314-ATL-PHL,ua-2314-atl-phl
flight,362,AA-446-DFW-PHL,aa-446-dfw-phl
flight,363,CO-1023-IAH-DEN,co-1023-iah-den
flight,364,AA-466-IAH-MIA,aa-466-iah-mia
flight,365,UA-3050-PHX-CLT,ua-3050-phx-clt
flight,366,CO-89-IAH-EWR,co-89-iah-ewr
flight,367,CO-1088-CLE-IAH,co-1088-cle-iah
flight,368,AA-1664-MIA-ATL,aa-1664-mia-atl
flight,369,AA-1279-DFW-PHX,aa-1279-dfw-phx
flight,370,UA-854-SFO-IAH,ua-854-sfo-iah
flight,371,UA-382-IAD-LAX,ua-382-iad-lax
flight,372,AA-4344-ORD-DTW,aa-4344-ord-dtw
flight,373,UA-257-JFK-SFO,ua-257-jfk-sfo
flight,374,UA-2945-PHL-CLT,ua-2945-phl-clt
flight,375,CO-63-EWR-IAH,co-63-ewr-iah
flight,376,CO-47-IAH-LAX,co-47-iah-lax
flight,377,AA-2050-ORD-MIA,aa-2050-ord-mia
flight,378,UA-248-PHX-ORD,ua-248-phx-ord
flight,379,AA-4330-CVG-ORD,aa-4330-cvg-ord
flight,380,AA-1434-DFW-MCO,aa-1434-dfw-mco
flight,381,AA-1640-MIA-MCO,aa-1640-mia-mco
flight,382,AA-4307-ORD-DTW,aa-4307-ord-dtw
flight,383,AA-3-JFK-LAX,aa-3-jfk-lax
flight,384,CO-1694-LAX-IAH,co-1694-lax-iah
flight,385,UA-843-LAX-ORD,ua-843-lax-ord
flight,386,CO-1193-EWR-MCO,co-1193-ewr-mco
flight,387,AA-3842-MSP-ORD,aa-3842-msp-ord
flight,388,AA-643-MIA-ORD,aa-643-mia-ord
flight,389,AA-1007-MIA-PHX,aa-1007-mia-phx
flight,390,AA-2525-DFW-MIA,aa-2525-dfw-mia
flight,391,UA-2906-PHL-MCO,ua-2906-phl-mco
flight,392,UA-938-DEN-ORD,ua-938-den-ord
flight,393,AA-1221-MCO-ORD,aa-1221-mco-ord
flight,394,CO-16-LAX-EWR,co-16-lax-ewr
flight,395,UA-2515-DFW-CLT,ua-2515-dfw-clt
flight,396,AA-400-DFW-JFK,aa-400-dfw-jfk
flight,397,UA-664-ORD-PHL,ua-664-ord-phl
flight,398,AA-3756-ORD-SLC,aa-3756-ord-slc
flight,399,UA-37-EWR-MCO,ua-37-ewr-mco
flight,400,AA-1522-SFO-ORD,aa-1522-sfo-ord
flight,401,UA-233-LAX-JFK,ua-233-lax-jfk
flight,402,AA-3823-LAX-DEN,aa-3823-lax-den
flight,403,AA-2312-DFW-DTW,aa-2312-dfw-dtw
flight,404,AA-1165-JFK-MIA,aa-1165-jfk-mia
flight,405,AA-431-MIA-SFO,aa-431-mia-sfo
flight,406,UA-3373-IAD-PHL,ua-3373-iad-phl
flight,407,AA-649-ORD-SNA,aa-649-ord-sna
flight,408,CO-1250-MIA-IAH,co-1250-mia-iah
flight,409,UA-6273-YYC-SFO,ua-6273-yyc-sfo
flight,410,UA-828-SFO-ORD,ua-828-sfo-ord
flight,411,CO-4888-IAH-DAL,co-4888-iah-dal
flight,412,UA-858-PVG-SFO,ua-858-pvg-sfo
flight,413,UA-2704-DTW-PHX,ua-2704-dtw-phx
flight,414,AA-3063-SLC-LAX,aa-3063-slc-lax
flight,415,UA-2708-EWR-CLT,ua-2708-ewr-clt
flight,416,UA-62-IAH-EWR,ua-62-iah-ewr
flight,417,UA-1500-IAH-GUA,ua-1500-iah-gua
flight,418,AA-3804-PHL-ORD,aa-3804-phl-ord
flight,419,AA-1917-JFK-MCO,aa-1917-jfk-mco
flight,420,AA-2268-PHX-ORD,aa-2268-phx-ord
flight,421,AA-4277-CVG-JFK,aa-4277-cvg-jfk
flight,422,AA-2957-DFW-CVG,aa-2957-dfw-cvg
flight,423,UA-37-EDI-EWR,ua-37-edi-ewr
flight,424,AA-789-ORD-DEN,aa-789-ord-den
flight,425,AA-415-BOS-ORD,aa-415-bos-ord
flight,426,AA-85-JFK-SFO,aa-85-jfk-sfo
flight,427,AA-3979-CVG-ORD,aa-3979-cvg-ord
flight,428,AA-3786-IAH-ORD,aa-3786-iah-ord
flight,429,AA-271-MIA-LAX,aa-271-mia-lax
flight,430,CO-50-CLE-EWR,co-50-cle-ewr
flight,431,UA-3099-PHX-PHL,ua-3099-phx-phl
flight,432,AA-4198-ORD-CLE,aa-4198-ord-cle
flight,433,AA-404-MIA-MCO,aa-404-mia-mco
flight,434,CO-45-EWR-MIA,co-45-ewr-mia
flight,435,AA-3809-PHX-LAX,aa-3809-phx-lax
flight,436,AA-59-JFK-SFO,aa-59-jfk-sfo
flight,437,AA-222-LAX-BOS,aa-222-lax-bos
flight,438,AA-3859-IAH-ORD,aa-3859-iah-ord
flight,439,CO-1586-IAH-MCO,co-1586-iah-mco
flight,440,AA-518-MIA-JFK,aa-518-mia-jfk
flight,441,UA-397-JFK-SFO,ua-397-jfk-sfo
flight,442,UA-3925-IAD-ORF,ua-3925-iad-orf
flight,443,AA-1733-ORD-PHX,aa-1733-ord-phx
flight,444,AA-3-JFK-LAX,aa-3-jfk-lax
flight,445,UA-2830-MCO-CLT,ua-2830-mco-clt
flight,446,CO-58-DEN-IAH,co-58-den-iah
flight,447,UA-5487-SFO-MRY,ua-5487-sfo-mry
flight,448,AA-204-LAX-MCO,aa-204-lax-mco
flight,449,UA-414-LAX-SFO,ua-414-lax-sfo
flight,450,CO-1614-LAX-IAH,co-1614-lax-iah
flight,451,UA-2726-FLL-PHL,ua-2726-fll-phl
flight,452,CO-52-IAH-LAX,co-52-iah-lax
flight,453,CO-1090-BOS-IAH,co-1090-bos-iah
flight,454,AA-616-DFW-DTW,aa-616-dfw-dtw
flight,455,UA-3515-IAD-MSP,ua-3515-iad-msp
flight,456,AA-3468-CVG-MIA,aa-3468-cvg-mia
flight,457,AA-484-DFW-MIA,aa-484-dfw-mia
flight,458,AA-1886-BOS-MIA,aa-1886-bos-mia
flight,459,CO-62-IAH-EWR,co-62-iah-ewr
flight,460,CO-1561-PHX-IAH,co-1561-phx-iah
flight,461,UA-2314-ATL-PHL,ua-2314-atl-phl
flight,462,AA-446-DFW-PHL,aa-446-dfw-phl
flight,463,CO-1023-IAH-DEN,co-1023-iah-den
flight,464,AA-466-IAH-MIA,aa-466-iah-mia
flight,465,UA-3050-PHX-CLT,ua-3050-phx-clt
flight,466,CO-89-IAH-EWR,co-89-iah-ewr
flight,467,CO-1088-CLE-IAH,co-1088-cle-iah
flight,468,AA-1664-MIA-ATL,aa-1664-mia-atl
flight,469,AA-1279-DFW-PHX,aa-1279-dfw-phx
flight,470,UA-854-SFO-IAH,ua-854-sfo-iah
flight,471,UA-382-IAD-LAX,ua-382-iad-lax
flight,472,AA-4344-ORD-DTW,aa-4344-ord-dtw
flight,473,UA-257-JFK-SFO,ua-257-jfk-sfo
flight,474,UA-2945-PHL-CLT,ua-2945-phl-clt
flight,475,CO-63-EWR-IAH,co-63-ewr-iah
flight,476,CO-47-IAH-LAX,co-47-iah-lax
flight,477,AA-2050-ORD-MIA,aa-2050-ord-mia
flight,478,UA-248-PHX-ORD,ua-248-phx-ord
flight,479,AA-4330-CVG-ORD,aa-4330-cvg-ord
flight,480,AA-1434-DFW-MCO,aa-1434-dfw-mco
flight,481,AA-1640-MIA-MCO,aa-1640-mia-mco
flight,482,AA-4307-ORD-DTW,aa-4307-ord-dtw
flight,483,CO-1694-LAX-IAH,co-1694-lax-iah
flight,484,UA-843-LAX-ORD,ua-843-lax-ord
flight,485,CO-1193-EWR-MCO,co-1193-ewr-mco
flight,486,AA-3842-MSP-ORD,aa-3842-msp-ord
flight,487,AA-643-MIA-ORD,aa-643-mia-ord
flight,488,AA-1007-MIA-PHX,aa-1007-mia-phx
flight,489,UA-2906-PHL-MCO,ua-2906-phl-mco
flight,490,UA-938-DEN-ORD,ua-938-den-ord
flight,491,AA-1221-MCO-ORD,aa-1221-mco-ord
flight,492,CO-16-LAX-EWR,co-16-lax-ewr
flight,493,UA-2515-DFW-CLT,ua-2515-dfw-clt
flight,494,AA-400-DFW-JFK,aa-400-dfw-jfk
flight,495,UA-664-ORD-PHL,ua-664-ord-phl
flight,496,AA-3756-ORD-SLC,aa-3756-ord-slc
flight,497,UA-37-EWR-MCO,ua-37-ewr-mco
flight,498,AA-1522-SFO-ORD,aa-1522-sfo-ord
flight,499,UA-233-LAX-JFK,ua-233-lax-jfk
flight,500,AA-3823-LAX-DEN,aa-3823-lax-den
flight,501,AA-2312-DFW-DTW,aa-2312-dfw-dtw
flight,502,AA-1165-JFK-MIA,aa-1165-jfk-mia
flight,503,AA-431-MIA-SFO,aa-431-mia-sfo
flight,504,UA-3373-IAD-PHL,ua-3373-iad-phl
flight,505,AA-649-ORD-SNA,aa-649-ord-sna
flight,506,CO-1250-MIA-IAH,co-1250-mia-iah
flight,507,UA-6273-YYC-SFO,ua-6273-yyc-sfo
flight,508,UA-828-SFO-ORD,ua-828-sfo-ord
flight,509,CO-4888-IAH-DAL,co-4888-iah-dal
flight,510,UA-858-PVG-SFO,ua-858-pvg-sfo
flight,511,UA-2704-DTW-PHX,ua-2704-dtw-phx
flight,512,AA-3063-SLC-LAX,aa-3063-slc-lax
flight,513,UA-2708-EWR-CLT,ua-2708-ewr-clt
flight,514,UA-62-IAH-EWR,ua-62-iah-ewr
flight,515,UA-1500-IAH-GUA,ua-1500-iah-gua
flight,516,AA-3804-PHL-ORD,aa-3804-phl-ord
flight,517,AA-1917-JFK-MCO,aa-1917-jfk-mco
flight,518,AA-2268-PHX-ORD,aa-2268-phx-ord
flight,519,AA-4277-CVG-JFK,aa-4277-cvg-jfk
flight,520,AA-2957-DFW-CVG,aa-2957-dfw-cvg
flight,521,UA-37-EDI-EWR,ua-37-edi-ewr
flight,522,AA-789-ORD-DEN,aa-789-ord-den
flight,523,AA-415-BOS-ORD,aa-415-bos-ord
flight,524,AA-85-JFK-SFO,aa-85-jfk-sfo
flight,525,AA-3979-CVG-ORD,aa-3979-cvg-ord
flight,526,AA-1544-SAN-ORD,aa-1544-san-ord
flight,527,AA-3786-IAH-ORD,aa-3786-iah-ord
flight,528,AA-271-MIA-LAX,aa-271-mia-lax
flight,529,AA-2525-DFW-MIA,aa-2525-dfw-mia
flight,530,CO-50-CLE-EWR,co-50-cle-ewr
flight,531,UA-3099-PHX-PHL,ua-3099-phx-phl
flight,532,AA-4198-ORD-CLE,aa-4198-ord-cle
flight,533,AA-404-MIA-MCO,aa-404-mia-mco
flight,534,CO-45-EWR-MIA,co-45-ewr-mia
flight,535,AA-3809-PHX-LAX,aa-3809-phx-lax
flight,536,AA-59-JFK-SFO,aa-59-jfk-sfo
flight,537,AA-222-LAX-BOS,aa-222-lax-bos
flight,538,AA-3859-IAH-ORD,aa-3859-iah-ord
flight,539,CO-1586-IAH-MCO,co-1586-iah-mco
flight,540,AA-518-MIA-JFK,aa-518-mia-jfk
flight,541,UA-397-JFK-SFO,ua-397-jfk-sfo
flight,542,UA-3925-IAD-ORF,ua-3925-iad-orf
flight,543,AA-1733-ORD-PHX,aa-1733-ord-phx
flight,544,AA-4344-ORD-DTW,aa-4344-ord-dtw
flight,545,AA-1640-MIA-MCO,aa-1640-mia-mco
flight,546,UA-2830-MCO-CLT,ua-2830-mco-clt
flight,547,CO-58-DEN-IAH,co-58-den-iah
flight,548,AA-204-LAX-MCO,aa-204-lax-mco
flight,549,UA-414-LAX-SFO,ua-414-lax-sfo
flight,550,CO-1614-LAX-IAH,co-1614-lax-iah
flight,551,UA-2726-FLL-PHL,ua-2726-fll-phl
flight,552,CO-52-IAH-LAX,co-52-iah-lax
flight,553,CO-1090-BOS-IAH,co-1090-bos-iah
flight,554,AA-3468-CVG-MIA,aa-3468-cvg-mia
flight,555,UA-3515-IAD-MSP,ua-3515-iad-msp
flight,556,AA-484-DFW-MIA,aa-484-dfw-mia
flight,557,AA-616-DFW-DTW,aa-616-dfw-dtw
flight,558,CO-62-IAH-EWR,co-62-iah-ewr
flight,559,CO-63-EWR-IAH,co-63-ewr-iah
flight,560,AA-446-DFW-PHL,aa-446-dfw-phl
flight,561,CO-1023-IAH-DEN,co-1023-iah-den
flight,562,AA-466-IAH-MIA,aa-466-iah-mia
flight,563,UA-3050-PHX-CLT,ua-3050-phx-clt
flight,564,CO-89-IAH-EWR,co-89-iah-ewr
flight,565,CO-1088-CLE-IAH,co-1088-cle-iah
flight,566,AA-2957-DFW-CVG,aa-2957-dfw-cvg
flight,567,AA-1664-MIA-ATL,aa-1664-mia-atl
flight,568,AA-3979-CVG-ORD,aa-3979-cvg-ord
flight,569,AA-1279-DFW-PHX,aa-1279-dfw-phx
flight,570,AA-404-MIA-MCO,aa-404-mia-mco
flight,571,AA-3756-ORD-SLC,aa-3756-ord-slc
flight,572,UA-382-IAD-LAX,ua-382-iad-lax
flight,573,UA-2945-PHL-CLT,ua-2945-phl-clt
flight,574,CO-47-IAH-LAX,co-47-iah-lax
flight,575,AA-271-MIA-LAX,aa-271-mia-lax
flight,576,AA-2050-ORD-MIA,aa-2050-ord-mia
flight,577,UA-248-PHX-ORD,ua-248-phx-ord
flight,578,AA-4330-CVG-ORD,aa-4330-cvg-ord
flight,579,AA-1434-DFW-MCO,aa-1434-dfw-mco
flight,580,CO-1561-PHX-IAH,co-1561-phx-iah
flight,581,AA-4307-ORD-DTW,aa-4307-ord-dtw
flight,582,AA-3-JFK-LAX,aa-3-jfk-lax
flight,583,CO-1694-LAX-IAH,co-1694-lax-iah
flight,584,UA-843-LAX-ORD,ua-843-lax-ord
flight,585,CO-1193-EWR-MCO,co-1193-ewr-mco
flight,586,AA-3842-MSP-ORD,aa-3842-msp-ord
flight,587,AA-643-MIA-ORD,aa-643-mia-ord
flight,588,AA-1007-MIA-PHX,aa-1007-mia-phx
flight,589,AA-2525-DFW-MIA,aa-2525-dfw-mia
flight,590,UA-2906-PHL-MCO,ua-2906-phl-mco
flight,591,UA-938-DEN-ORD,ua-938-den-ord
flight,592,AA-1221-MCO-ORD,aa-1221-mco-ord
flight,593,CO-16-LAX-EWR,co-16-lax-ewr
flight,594,UA-2515-DFW-CLT,ua-2515-dfw-clt
flight,595,AA-400-DFW-JFK,aa-400-dfw-jfk
flight,596,UA-664-ORD-PHL,ua-664-ord-phl
flight,597,UA-37-EWR-MCO,ua-37-ewr-mco
flight,598,AA-1522-SFO-ORD,aa-1522-sfo-ord
flight,599,UA-233-LAX-JFK,ua-233-lax-jfk
flight,600,AA-3823-LAX-DEN,aa-3823-lax-den
flight,601,AA-2312-DFW-DTW,aa-2312-dfw-dtw
flight,602,UA-2314-ATL-PHL,ua-2314-atl-phl
flight,603,AA-1165-JFK-MIA,aa-1165-jfk-mia
flight,604,AA-431-MIA-SFO,aa-431-mia-sfo
flight,605,UA-257-JFK-SFO,ua-257-jfk-sfo
flight,606,UA-3373-IAD-PHL,ua-3373-iad-phl
flight,607,CO-1250-MIA-IAH,co-1250-mia-iah
flight,608,UA-828-SFO-ORD,ua-828-sfo-ord
flight,609,CO-4888-IAH-DAL,co-4888-iah-dal
flight,610,UA-2704-DTW-PHX,ua-2704-dtw-phx
flight,611,AA-3063-SLC-LAX,aa-3063-slc-lax
flight,612,UA-2708-EWR-CLT,ua-2708-ewr-clt
flight,613,UA-62-IAH-EWR,ua-62-iah-ewr
flight,614,AA-3804-PHL-ORD,aa-3804-phl-ord
flight,615,AA-1917-JFK-MCO,aa-1917-jfk-mco
flight,616,AA-2268-PHX-ORD,aa-2268-phx-ord
flight,617,AA-4277-CVG-JFK,aa-4277-cvg-jfk
flight,618,AA-789-ORD-DEN,aa-789-ord-den
flight,619,UA-854-SFO-IAH,ua-854-sfo-iah
flight,620,AA-415-BOS-ORD,aa-415-bos-ord
flight,621,AA-85-JFK-SFO,aa-85-jfk-sfo
flight,622,AA-3786-IAH-ORD,aa-3786-iah-ord
flight,623,AA-222-LAX-BOS,aa-222-lax-bos
flight,624,CO-50-CLE-EWR,co-50-cle-ewr
flight,625,UA-3099-PHX-PHL,ua-3099-phx-phl
flight,626,AA-4198-ORD-CLE,aa-4198-ord-cle
flight,627,CO-45-EWR-MIA,co-45-ewr-mia
flight,628,AA-3809-PHX-LAX,aa-3809-phx-lax
flight,629,AA-59-JFK-SFO,aa-59-jfk-sfo
flight,630,AA-3859-IAH-ORD,aa-3859-iah-ord
flight,631,CO-1586-IAH-MCO,co-1586-iah-mco
flight,632,AA-518-MIA-JFK,aa-518-mia-jfk
flight,633,UA-397-JFK-SFO,ua-397-jfk-sfo
flight,634,UA-3925-IAD-ORF,ua-3925-iad-orf
flight,635,AA-1733-ORD-PHX,aa-1733-ord-phx
flight,636,AA-3-JFK-LAX,aa-3-jfk-lax
flight,637,UA-2830-MCO-CLT,ua-2830-mco-clt
flight,638,CO-58-DEN-IAH,co-58-den-iah
flight,639,UA-5487-SFO-MRY,ua-5487-sfo-mry
flight,640,AA-204-LAX-MCO,aa-204-lax-mco
flight,641,UA-414-LAX-SFO,ua-414-lax-sfo
flight,642,CO-1614-LAX-IAH,co-1614-lax-iah
flight,643,UA-2726-FLL-PHL,ua-2726-fll-phl
flight,644,CO-52-IAH-LAX,co-52-iah-lax
flight,645,CO-1090-BOS-IAH,co-1090-bos-iah
flight,646,AA-616-DFW-DTW,aa-616-dfw-dtw
flight,647,UA-3515-IAD-MSP,ua-3515-iad-msp
flight,648,AA-3468-CVG-MIA,aa-3468-cvg-mia
flight,649,AA-484-DFW-MIA,aa-484-dfw-mia
flight,650,AA-1886-BOS-MIA,aa-1886-bos-mia
flight,651,CO-62-IAH-EWR,co-62-iah-ewr
flight,652,CO-1561-PHX-IAH,co-1561-phx-iah
flight,653,UA-2314-ATL-PHL,ua-2314-atl-phl
flight,654,AA-446-DFW-PHL,aa-446-dfw-phl
flight,655,CO-1023-IAH-DEN,co-1023-iah-den
flight,656,AA-466-IAH-MIA,aa-466-iah-mia
flight,657,UA-3050-PHX-CLT,ua-3050-phx-clt
flight,658,CO-89-IAH-EWR,co-89-iah-ewr
flight,659,CO-1088-CLE-IAH,co-1088-cle-iah
flight,660,AA-1664-MIA-ATL,aa-1664-mia-atl
flight,661,AA-1279-DFW-PHX,aa-1279-dfw-phx
flight,662,UA-854-SFO-IAH,ua-854-sfo-iah
flight,663,UA-382-IAD-LAX,ua-382-iad-lax
flight,664,AA-4344-ORD-DTW,aa-4344-ord-dtw
flight,665,UA-257-JFK-SFO,ua-257-jfk-sfo
flight,666,UA-2945-PHL-CLT,ua-2945-phl-clt
flight,667,CO-63-EWR-IAH,co-63-ewr-iah
flight,668,CO-47-IAH-LAX,co-47-iah-lax
flight,669,AA-2050-ORD-MIA,aa-2050-ord-mia
flight,670,UA-248-PHX-ORD,ua-248-phx-ord
flight,671,AA-4330-CVG-ORD,aa-4330-cvg-ord
flight,672,AA-1434-DFW-MCO,aa-1434-dfw-mco
flight,673,AA-1640-MIA-MCO,aa-1640-mia-mco
flight,674,AA-4307-ORD-DTW,aa-4307-ord-dtw
flight,675,CO-1694-LAX-IAH,co-1694-lax-iah
flight,676,UA-843-LAX-ORD,ua-843-lax-ord
flight,677,CO-1193-EWR-MCO,co-1193-ewr-mco
flight,678,AA-3842-MSP-ORD,aa-3842-msp-ord
flight,679,AA-643-MIA-ORD,aa-643-mia-ord
flight,680,AA-1007-MIA-PHX,aa-1007-mia-phx
flight,681,UA-2906-PHL-MCO,ua-2906-phl-mco
flight,682,UA-938-DEN-ORD,ua-938-den-ord
flight,683,AA-1221-MCO-ORD,aa-1221-mco-ord
flight,684,CO-16-LAX-EWR,co-16-lax-ewr
flight,685,UA-2515-DFW-CLT,ua-2515-dfw-clt
flight,686,AA-400-DFW-JFK,aa-400-dfw-jfk
flight,687,UA-664-ORD-PHL,ua-664-ord-phl
flight,688,AA-3756-ORD-SLC,aa-3756-ord-slc
flight,689,UA-37-EWR-MCO,ua-37-ewr-mco
flight,690,AA-1522-SFO-ORD,aa-1522-sfo-ord
flight,691,UA-233-LAX-JFK,ua-233-lax-jfk
flight,692,AA-3823-LAX-DEN,aa-3823-lax-den
flight,693,AA-2312-DFW-DTW,aa-2312-dfw-dtw
flight,694,AA-1165-JFK-MIA,aa-1165-jfk-mia
flight,695,AA-431-MIA-SFO,aa-431-mia-sfo
flight,696,UA-3373-IAD-PHL,ua-3373-iad-phl
flight,697,AA-649-ORD-SNA,aa-649-ord-sna
flight,698,CO-1250-MIA-IAH,co-1250-mia-iah
flight,699,UA-6273-YYC-SFO,ua-6273-yyc-sfo
flight,700,UA-828-SFO-ORD,ua-828-sfo-ord
flight,701,CO-4888-IAH-DAL,co-4888-iah-dal
flight,702,UA-858-PVG-SFO,ua-858-pvg-sfo
flight,703,UA-2704-DTW-PHX,ua-2704-dtw-phx
flight,704,AA-3063-SLC-LAX,aa-3063-slc-lax
flight,705,UA-2708-EWR-CLT,ua-2708-ewr-clt
flight,706,UA-62-IAH-EWR,ua-62-iah-ewr
flight,707,UA-1500-IAH-GUA,ua-1500-iah-gua
flight,708,AA-3804-PHL-ORD,aa-3804-phl-ord
flight,709,AA-1917-JFK-MCO,aa-1917-jfk-mco
flight,710,AA-2268-PHX-ORD,aa-2268-phx-ord
flight,711,AA-4277-CVG-JFK,aa-4277-cvg-jfk
flight,712,AA-2957-DFW-CVG,aa-2957-dfw-cvg
flight,713,UA-37-EDI-EWR,ua-37-edi-ewr
flight,714,AA-789-ORD-DEN,aa-789-ord-den
flight,715,AA-415-BOS-ORD,aa-415-bos-ord
flight,716,AA-85-JFK-SFO,aa-85-jfk-sfo
flight,717,AA-3979-CVG-ORD,aa-3979-cvg-ord
flight,718,AA-1544-SAN-ORD,aa-1544-san-ord
flight,719,AA-3786-IAH-ORD,aa-3786-iah-ord
flight,720,AA-271-MIA-LAX,aa-271-mia-lax
flight,721,AA-2525-DFW-MIA,aa-2525-dfw-mia
flight,722,CO-50-CLE-EWR,co-50-cle-ewr
flight,723,UA-3099-PHX-PHL,ua-3099-phx-phl
flight,724,AA-4198-ORD-CLE,aa-4198-ord-cle
flight,725,AA-404-MIA-MCO,aa-404-mia-mco
flight,726,CO-45-EWR-MIA,co-45-ewr-mia
flight,727,AA-3809-PHX-LAX,aa-3809-phx-lax
flight,728,AA-59-JFK-SFO,aa-59-jfk-sfo
flight,729,AA-222-LAX-BOS,aa-222-lax-bos
flight,730,AA-3859-IAH-ORD,aa-3859-iah-ord
flight,731,AA-1733-ORD-PHX,aa-1733-ord-phx
flight,732,CO-1586-IAH-MCO,co-1586-iah-mco
flight,733,UA-397-JFK-SFO,ua-397-jfk-sfo
flight,734,UA-3925-IAD-ORF,ua-3925-iad-orf
flight,735,AA-1640-MIA-MCO,aa-1640-mia-mco
flight,736,AA-1544-SAN-ORD,aa-1544-san-ord
flight,737,UA-5487-SFO-MRY,ua-5487-sfo-mry
flight,738,AA-204-LAX-MCO,aa-204-lax-mco
flight,739,UA-414-LAX-SFO,ua-414-lax-sfo
flight,740,CO-1614-LAX-IAH,co-1614-lax-iah
flight,741,AA-3756-ORD-SLC,aa-3756-ord-slc
flight,742,AA-3468-CVG-MIA,aa-3468-cvg-mia
flight,743,AA-484-DFW-MIA,aa-484-dfw-mia
flight,744,AA-616-DFW-DTW,aa-616-dfw-dtw
flight,745,AA-446-DFW-PHL,aa-446-dfw-phl
flight,746,CO-1023-IAH-DEN,co-1023-iah-den
flight,747,AA-466-IAH-MIA,aa-466-iah-mia
flight,748,AA-2957-DFW-CVG,aa-2957-dfw-cvg
flight,749,AA-1664-MIA-ATL,aa-1664-mia-atl
flight,750,AA-3979-CVG-ORD,aa-3979-cvg-ord
flight,751,AA-1279-DFW-PHX,aa-1279-dfw-phx
flight,752,UA-382-IAD-LAX,ua-382-iad-lax
flight,753,AA-4344-ORD-DTW,aa-4344-ord-dtw
flight,754,UA-257-JFK-SFO,ua-257-jfk-sfo
flight,755,AA-271-MIA-LAX,aa-271-mia-lax
flight,756,AA-2050-ORD-MIA,aa-2050-ord-mia
flight,757,UA-248-PHX-ORD,ua-248-phx-ord
flight,758,AA-4330-CVG-ORD,aa-4330-cvg-ord
flight,759,AA-1434-DFW-MCO,aa-1434-dfw-mco
flight,760,AA-4307-ORD-DTW,aa-4307-ord-dtw
flight,761,AA-3-JFK-LAX,aa-3-jfk-lax
flight,762,CO-1193-EWR-MCO,co-1193-ewr-mco
flight,763,AA-3842-MSP-ORD,aa-3842-msp-ord
flight,764,AA-643-MIA-ORD,aa-643-mia-ord
flight,765,AA-1007-MIA-PHX,aa-1007-mia-phx
flight,766,AA-2525-DFW-MIA,aa-2525-dfw-mia
flight,767,UA-938-DEN-ORD,ua-938-den-ord
flight,768,AA-1221-MCO-ORD,aa-1221-mco-ord
flight,769,AA-1886-BOS-MIA,aa-1886-bos-mia
flight,770,UA-664-ORD-PHL,ua-664-ord-phl
flight,771,UA-37-EWR-MCO,ua-37-ewr-mco
flight,772,AA-1522-SFO-ORD,aa-1522-sfo-ord
flight,773,AA-3823-LAX-DEN,aa-3823-lax-den
flight,774,AA-2312-DFW-DTW,aa-2312-dfw-dtw
flight,775,AA-1165-JFK-MIA,aa-1165-jfk-mia
flight,776,AA-431-MIA-SFO,aa-431-mia-sfo
flight,777,UA-3373-IAD-PHL,ua-3373-iad-phl
flight,778,AA-649-ORD-SNA,aa-649-ord-sna
flight,779,UA-828-SFO-ORD,ua-828-sfo-ord
flight,780,CO-4888-IAH-DAL,co-4888-iah-dal
flight,781,CO-1561-PHX-IAH,co-1561-phx-iah
flight,782,AA-3804-PHL-ORD,aa-3804-phl-ord
flight,783,AA-2268-PHX-ORD,aa-2268-phx-ord
flight,784,UA-233-LAX-JFK,ua-233-lax-jfk
flight,785,UA-6273-YYC-SFO,ua-6273-yyc-sfo
flight,786,AA-4277-CVG-JFK,aa-4277-cvg-jfk
flight,787,AA-789-ORD-DEN,aa-789-ord-den
flight,788,AA-222-LAX-BOS,aa-222-lax-bos
flight,789,AA-4198-ORD-CLE,aa-4198-ord-cle
flight,790,AA-404-MIA-MCO,aa-404-mia-mco
flight,791,AA-3809-PHX-LAX,aa-3809-phx-lax
flight,792,AA-59-JFK-SFO,aa-59-jfk-sfo
flight,793,AA-2050-ORD-MIA,aa-2050-ord-mia
flight,794,AA-1165-JFK-MIA,aa-1165-jfk-mia
flight,795,AA-484-DFW-MIA,aa-484-dfw-mia
flight,796,AA-466-IAH-MIA,aa-466-iah-mia
flight,797,AA-2525-DFW-MIA,aa-2525-dfw-mia
flight,798,UA-382-IAD-LAX,ua-382-iad-lax
flight,799,AA-1279-DFW-PHX,aa-1279-dfw-phx
flight,800,AA-2312-DFW-DTW,aa-2312-dfw-dtw
flight,801,AA-446-DFW-PHL,aa-446-dfw-phl
flight,802,AA-400-DFW-JFK,aa-400-dfw-jfk
flight,803,AA-484-DFW-MIA,aa-484-dfw-mia
flight,804,CO-1586-IAH-MCO,co-1586-iah-mco
flight,805,AA-1917-JFK-MCO,aa-1917-jfk-mco
flight,806,AA-1640-MIA-MCO,aa-1640-mia-mco
flight,807,AA-404-MIA-MCO,aa-404-mia-mco
flight,808,AA-204-LAX-MCO,aa-204-lax-mco
flight,809,AA-1221-MCO-ORD,aa-1221-mco-ord
flight,810,AA-1434-DFW-MCO,aa-1434-dfw-mco
flight,811,CO-1193-EWR-MCO,co-1193-ewr-mco
flight,812,AA-3859-IAH-ORD,aa-3859-iah-ord
flight,813,CO-1586-IAH-MCO,co-1586-iah-mco
flight,814,AA-518-MIA-JFK,aa-518-mia-jfk
flight,815,UA-397-JFK-SFO,ua-397-jfk-sfo
flight,816,UA-3925-IAD-ORF,ua-3925-iad-orf
flight,817,AA-1733-ORD-PHX,aa-1733-ord-phx
flight,818,AA-3-JFK-LAX,aa-3-jfk-lax
flight,819,UA-2830-MCO-CLT,ua-2830-mco-clt
flight,820,CO-58-DEN-IAH,co-58-den-iah
flight,821,UA-5487-SFO-MRY,ua-5487-sfo-mry
flight,822,AA-204-LAX-MCO,aa-204-lax-mco
flight,823,UA-414-LAX-SFO,ua-414-lax-sfo
flight,824,CO-1614-LAX-IAH,co-1614-lax-iah
flight,825,UA-2726-FLL-PHL,ua-2726-fll-phl
flight,826,CO-52-IAH-LAX,co-52-iah-lax
flight,827,CO-1090-BOS-IAH,co-1090-bos-iah
flight,828,AA-616-DFW-DTW,aa-616-dfw-dtw
flight,829,UA-3515-IAD-MSP,ua-3515-iad-msp
flight,830,AA-3468-CVG-MIA,aa-3468-cvg-mia
flight,831,AA-484-DFW-MIA,aa-484-dfw-mia
flight,832,AA-1886-BOS-MIA,aa-1886-bos-mia
flight,833,CO-62-IAH-EWR,co-62-iah-ewr
flight,834,CO-1561-PHX-IAH,co-1561-phx-iah
flight,835,UA-2314-ATL-PHL,ua-2314-atl-phl
flight,836,AA-446-DFW-PHL,aa-446-dfw-phl
flight,837,CO-1023-IAH-DEN,co-1023-iah-den
flight,838,AA-466-IAH-MIA,aa-466-iah-mia
flight,839,UA-3050-PHX-CLT,ua-3050-phx-clt
flight,840,CO-89-IAH-EWR,co-89-iah-ewr
flight,841,CO-1088-CLE-IAH,co-1088-cle-iah
flight,842,AA-1664-MIA-ATL,aa-1664-mia-atl
flight,843,AA-1279-DFW-PHX,aa-1279-dfw-phx
flight,844,UA-854-SFO-IAH,ua-854-sfo-iah
flight,845,UA-382-IAD-LAX,ua-382-iad-lax
flight,846,AA-4344-ORD-DTW,aa-4344-ord-dtw
flight,847,UA-257-JFK-SFO,ua-257-jfk-sfo
flight,848,UA-2945-PHL-CLT,ua-2945-phl-clt
flight,849,CO-63-EWR-IAH,co-63-ewr-iah
flight,850,CO-47-IAH-LAX,co-47-iah-lax
flight,851,AA-2050-ORD-MIA,aa-2050-ord-mia
flight,852,UA-248-PHX-ORD,ua-248-phx-ord
flight,853,AA-4330-CVG-ORD,aa-4330-cvg-ord
flight,854,AA-1434-DFW-MCO,aa-1434-dfw-mco
flight,855,AA-1640-MIA-MCO,aa-1640-mia-mco
flight,856,AA-4307-ORD-DTW,aa-4307-ord-dtw
flight,857,CO-1694-LAX-IAH,co-1694-lax-iah
flight,858,UA-843-LAX-ORD,ua-843-lax-ord
flight,859,CO-1193-EWR-MCO,co-1193-ewr-mco
flight,860,AA-3842-MSP-ORD,aa-3842-msp-ord
flight,861,AA-643-MIA-ORD,aa-643-mia-ord
flight,862,AA-1007-MIA-PHX,aa-1007-mia-phx
flight,863,UA-2906-PHL-MCO,ua-2906-phl-mco
flight,864,UA-938-DEN-ORD,ua-938-den-ord
flight,865,AA-1221-MCO-ORD,aa-1221-mco-ord
flight,866,CO-16-LAX-EWR,co-16-lax-ewr
flight,867,UA-2515-DFW-CLT,ua-2515-dfw-clt
flight,868,AA-400-DFW-JFK,aa-400-dfw-jfk
flight,869,UA-664-ORD-PHL,ua-664-ord-phl
flight,870,AA-3756-ORD-SLC,aa-3756-ord-slc
flight,871,UA-37-EWR-MCO,ua-37-ewr-mco
flight,872,AA-1522-SFO-ORD,aa-1522-sfo-ord
flight,873,UA-233-LAX-JFK,ua-233-lax-jfk
flight,874,AA-3823-LAX-DEN,aa-3823-lax-den
flight,875,AA-2312-DFW-DTW,aa-2312-dfw-dtw
flight,876,AA-1165-JFK-MIA,aa-1165-jfk-mia
flight,877,AA-431-MIA-SFO,aa-431-mia-sfo
flight,878,UA-3373-IAD-PHL,ua-3373-iad-phl
flight,879,AA-649-ORD-SNA,aa-649-ord-sna
flight,880,CO-1250-MIA-IAH,co-1250-mia-iah
flight,881,UA-6273-YYC-SFO,ua-6273-yyc-sfo
flight,882,UA-828-SFO-ORD,ua-828-sfo-ord
flight,883,CO-4888-IAH-DAL,co-4888-iah-dal
flight,884,UA-858-PVG-SFO,ua-858-pvg-sfo
flight,885,UA-2704-DTW-PHX,ua-2704-dtw-phx
flight,886,AA-3063-SLC-LAX,aa-3063-slc-lax
flight,887,UA-2708-EWR-CLT,ua-2708-ewr-clt
flight,888,UA-62-IAH-EWR,ua-62-iah-ewr
flight,889,UA-1500-IAH-GUA,ua-1500-iah-gua
flight,890,AA-3804-PHL-ORD,aa-3804-phl-ord
flight,891,AA-1917-JFK-MCO,aa-1917-jfk-mco
flight,892,AA-2268-PHX-ORD,aa-2268-phx-ord
flight,893,AA-4277-CVG-JFK,aa-4277-cvg-jfk
flight,894,AA-2957-DFW-CVG,aa-2957-dfw-cvg
flight,895,UA-37-EDI-EWR,ua-37-edi-ewr
flight,896,AA-789-ORD-DEN,aa-789-ord-den
flight,897,AA-415-BOS-ORD,aa-415-bos-ord
flight,898,AA-85-JFK-SFO,aa-85-jfk-sfo
flight,899,AA-3979-CVG-ORD,aa-3979-cvg-ord
flight,900,AA-1544-SAN-ORD,aa-1544-san-ord
flight,901,AA-3786-IAH-ORD,aa-3786-iah-ord
flight,902,AA-271-MIA-LAX,aa-271-mia-lax
flight,903,AA-2525-DFW-MIA,aa-2525-dfw-mia
flight,904,CO-50-CLE-EWR,co-50-cle-ewr
flight,905,UA-3099-PHX-PHL,ua-3099-phx-phl
flight,906,AA-4198-ORD-CLE,aa-4198-ord-cle
flight,907,AA-404-MIA-MCO,aa-404-mia-mco
flight,908,CO-45-EWR-MIA,co-45-ewr-mia
flight,909,AA-3809-PHX-LAX,aa-3809-phx-lax
flight,910,AA-59-JFK-SFO,aa-59-jfk-sfo
flight,911,AA-222-LAX-BOS,aa-222-lax-bos
flight,912,AA-3859-IAH-ORD,aa-3859-iah-ord
flight,913,AA-1640-MIA-MCO,aa-1640-mia-mco
flight,914,UA-3925-IAD-ORF,ua-3925-iad-orf
flight,915,AA-4344-ORD-DTW,aa-4344-ord-dtw
flight,916,UA-414-LAX-SFO,ua-414-lax-sfo
flight,917,CO-1614-LAX-IAH,co-1614-lax-iah
flight,918,CO-52-IAH-LAX,co-52-iah-lax
flight,919,CO-1090-BOS-IAH,co-1090-bos-iah
flight,920,AA-3468-CVG-MIA,aa-3468-cvg-mia
flight,921,CO-62-IAH-EWR,co-62-iah-ewr
flight,922,AA-466-IAH-MIA,aa-466-iah-mia
flight,923,AA-1664-MIA-ATL,aa-1664-mia-atl
flight,924,AA-1279-DFW-PHX,aa-1279-dfw-phx
flight,925,AA-404-MIA-MCO,aa-404-mia-mco
flight,926,UA-382-IAD-LAX,ua-382-iad-lax
flight,927,CO-50-CLE-EWR,co-50-cle-ewr
flight,928,AA-616-DFW-DTW,aa-616-dfw-dtw
flight,929,AA-271-MIA-LAX,aa-271-mia-lax
flight,930,AA-2050-ORD-MIA,aa-2050-ord-mia
flight,931,AA-4307-ORD-DTW,aa-4307-ord-dtw
flight,932,AA-3-JFK-LAX,aa-3-jfk-lax
flight,933,CO-1694-LAX-IAH,co-1694-lax-iah
flight,934,CO-1193-EWR-MCO,co-1193-ewr-mco
flight,935,UA-2906-PHL-MCO,ua-2906-phl-mco
flight,936,UA-938-DEN-ORD,ua-938-den-ord
flight,937,AA-1221-MCO-ORD,aa-1221-mco-ord
flight,938,CO-16-LAX-EWR,co-16-lax-ewr
flight,939,UA-2515-DFW-CLT,ua-2515-dfw-clt
flight,940,AA-400-DFW-JFK,aa-400-dfw-jfk
flight,941,UA-664-ORD-PHL,ua-664-ord-phl
flight,942,UA-37-EWR-MCO,ua-37-ewr-mco
flight,943,UA-233-LAX-JFK,ua-233-lax-jfk
flight,944,AA-2312-DFW-DTW,aa-2312-dfw-dtw
flight,945,AA-431-MIA-SFO,aa-431-mia-sfo
flight,946,UA-257-JFK-SFO,ua-257-jfk-sfo
flight,947,UA-3373-IAD-PHL,ua-3373-iad-phl
flight,948,UA-828-SFO-ORD,ua-828-sfo-ord
flight,949,CO-4888-IAH-DAL,co-4888-iah-dal
flight,950,UA-858-PVG-SFO,ua-858-pvg-sfo
flight,951,UA-2704-DTW-PHX,ua-2704-dtw-phx
flight,952,AA-3063-SLC-LAX,aa-3063-slc-lax
flight,953,UA-1500-IAH-GUA,ua-1500-iah-gua
flight,954,CO-1561-PHX-IAH,co-1561-phx-iah
flight,955,AA-2268-PHX-ORD,aa-2268-phx-ord
flight,956,UA-2314-ATL-PHL,ua-2314-atl-phl
flight,957,UA-6273-YYC-SFO,ua-6273-yyc-sfo
flight,958,AA-4277-CVG-JFK,aa-4277-cvg-jfk
flight,959,AA-2957-DFW-CVG,aa-2957-dfw-cvg
flight,960,UA-37-EDI-EWR,ua-37-edi-ewr
flight,961,UA-854-SFO-IAH,ua-854-sfo-iah
flight,962,AA-85-JFK-SFO,aa-85-jfk-sfo
flight,963,AA-1544-SAN-ORD,aa-1544-san-ord
flight,964,AA-3786-IAH-ORD,aa-3786-iah-ord
flight,965,CO-1088-CLE-IAH,co-1088-cle-iah
flight,966,AA-4198-ORD-CLE,aa-4198-ord-cle
flight,967,AA-3809-PHX-LAX,aa-3809-phx-lax
flight,968,AA-59-JFK-SFO,aa-59-jfk-sfo
flight,969,AA-222-LAX-BOS,aa-222-lax-bos
flight,970,AA-3859-IAH-ORD,aa-3859-iah-ord
flight,971,AA-3842-MSP-ORD,aa-3842-msp-ord
flight,972,AA-643-MIA-ORD,aa-643-mia-ord
flight,973,AA-1640-MIA-MCO,aa-1640-mia-mco
flight,974,AA-2525-DFW-MIA,aa-2525-dfw-mia
flight,975,UA-3050-PHX-CLT,ua-3050-phx-clt
flight,976,UA-3925-IAD-ORF,ua-3925-iad-orf
flight,977,UA-664-ORD-PHL,ua-664-ord-phl
flight,978,AA-789-ORD-DEN,aa-789-ord-den
flight,979,AA-2312-DFW-DTW,aa-2312-dfw-dtw
flight,980,CO-1694-LAX-IAH,co-1694-lax-iah
flight,981,CO-63-EWR-IAH,co-63-ewr-iah
flight,982,AA-3786-IAH-ORD,aa-3786-iah-ord
flight,983,CO-47-IAH-LAX,co-47-iah-lax
flight,984,AA-1434-DFW-MCO,aa-1434-dfw-mco
flight,985,AA-4330-CVG-ORD,aa-4330-cvg-ord
flight,986,AA-3809-PHX-LAX,aa-3809-phx-lax
flight,987,AA-59-JFK-SFO,aa-59-jfk-sfo
flight,988,AA-4307-ORD-DTW,aa-4307-ord-dtw
flight,989,AA-85-JFK-SFO,aa-85-jfk-sfo
flight,990,AA-3859-IAH-ORD,aa-3859-iah-ord
flight,991,AA-518-MIA-JFK,aa-518-mia-jfk
flight,992,UA-397-JFK-SFO,ua-397-jfk-sfo
flight,993,UA-3925-IAD-ORF,ua-3925-iad-orf
flight,994,AA-1733-ORD-PHX,aa-1733-ord-phx
flight,995,AA-1640-MIA-MCO,aa-1640-mia-mco
flight,996,AA-3-JFK-LAX,aa-3-jfk-lax
flight,997,UA-2830-MCO-CLT,ua-2830-mco-clt
flight,998,AA-1544-SAN-ORD,aa-1544-san-ord
flight,999,AA-204-LAX-MCO,aa-204-lax-mco
flight,1000,UA-414-LAX-SFO,ua-414-lax-sfo
flight,1001,AA-3756-ORD-SLC,aa-3756-ord-slc
flight,1002,UA-2726-FLL-PHL,ua-2726-fll-phl
flight,1003,AA-3468-CVG-MIA,aa-3468-cvg-mia
flight,1004,UA-3515-IAD-MSP,ua-3515-iad-msp
flight,1005,AA-484-DFW-MIA,aa-484-dfw-mia
flight,1006,CO-62-IAH-EWR,co-62-iah-ewr
flight,1007,AA-446-DFW-PHL,aa-446-dfw-phl
flight,1008,AA-466-IAH-MIA,aa-466-iah-mia
flight,1009,UA-3050-PHX-CLT,ua-3050-phx-clt
flight,1010,CO-89-IAH-EWR,co-89-iah-ewr
flight,1011,CO-1088-CLE-IAH,co-1088-cle-iah
flight,1012,AA-1886-BOS-MIA,aa-1886-bos-mia
flight,1013,AA-2957-DFW-CVG,aa-2957-dfw-cvg
flight,1014,AA-1664-MIA-ATL,aa-1664-mia-atl
flight,1015,AA-3979-CVG-ORD,aa-3979-cvg-ord
flight,1016,AA-1279-DFW-PHX,aa-1279-dfw-phx
flight,1017,AA-616-DFW-DTW,aa-616-dfw-dtw
flight,1018,AA-4344-ORD-DTW,aa-4344-ord-dtw
flight,1019,UA-2945-PHL-CLT,ua-2945-phl-clt
flight,1020,AA-2525-DFW-MIA,aa-2525-dfw-mia
flight,1021,AA-271-MIA-LAX,aa-271-mia-lax
flight,1022,AA-2050-ORD-MIA,aa-2050-ord-mia
flight,1023,AA-1434-DFW-MCO,aa-1434-dfw-mco
flight,1024,CO-1561-PHX-IAH,co-1561-phx-iah
flight,1025,AA-4307-ORD-DTW,aa-4307-ord-dtw
flight,1026,CO-1694-LAX-IAH,co-1694-lax-iah
flight,1027,UA-843-LAX-ORD,ua-843-lax-ord
flight,1028,CO-1193-EWR-MCO,co-1193-ewr-mco
flight,1029,AA-3842-MSP-ORD,aa-3842-msp-ord
flight,1030,AA-643-MIA-ORD,aa-643-mia-ord
flight,1031,UA-2906-PHL-MCO,ua-2906-phl-mco
flight,1032,AA-1221-MCO-ORD,aa-1221-mco-ord
flight,1033,UA-2515-DFW-CLT,ua-2515-dfw-clt
flight,1034,AA-400-DFW-JFK,aa-400-dfw-jfk
flight,1035,UA-664-ORD-PHL,ua-664-ord-phl
flight,1036,AA-1522-SFO-ORD,aa-1522-sfo-ord
flight,1037,UA-233-LAX-JFK,ua-233-lax-jfk
flight,1038,AA-3823-LAX-DEN,aa-3823-lax-den
flight,1039,AA-2312-DFW-DTW,aa-2312-dfw-dtw
flight,1040,AA-1165-JFK-MIA,aa-1165-jfk-mia
flight,1041,AA-431-MIA-SFO,aa-431-mia-sfo
flight,1042,UA-257-JFK-SFO,ua-257-jfk-sfo
flight,1043,UA-3373-IAD-PHL,ua-3373-iad-phl
flight,1044,AA-649-ORD-SNA,aa-649-ord-sna
flight,1045,CO-1250-MIA-IAH,co-1250-mia-iah
flight,1046,UA-6273-YYC-SFO,ua-6273-yyc-sfo
flight,1047,UA-858-PVG-SFO,ua-858-pvg-sfo
flight,1048,UA-2704-DTW-PHX,ua-2704-dtw-phx
flight,1049,AA-3063-SLC-LAX,aa-3063-slc-lax
flight,1050,UA-2708-EWR-CLT,ua-2708-ewr-clt
flight,1051,UA-62-IAH-EWR,ua-62-iah-ewr
flight,1052,AA-3804-PHL-ORD,aa-3804-phl-ord
flight,1053,AA-1917-JFK-MCO,aa-1917-jfk-mco
flight,1054,AA-2268-PHX-ORD,aa-2268-phx-ord
flight,1055,UA-2314-ATL-PHL,ua-2314-atl-phl
flight,1056,AA-4277-CVG-JFK,aa-4277-cvg-jfk
flight,1057,UA-37-EDI-EWR,ua-37-edi-ewr
flight,1058,AA-789-ORD-DEN,aa-789-ord-den
flight,1059,UA-854-SFO-IAH,ua-854-sfo-iah
flight,1060,AA-415-BOS-ORD,aa-415-bos-ord
flight,1061,AA-85-JFK-SFO,aa-85-jfk-sfo
flight,1062,AA-3786-IAH-ORD,aa-3786-iah-ord
flight,1063,CO-50-CLE-EWR,co-50-cle-ewr
flight,1064,UA-3099-PHX-PHL,ua-3099-phx-phl
flight,1065,AA-4198-ORD-CLE,aa-4198-ord-cle
flight,1066,AA-222-LAX-BOS,aa-222-lax-bos
flight,1067,AA-404-MIA-MCO,aa-404-mia-mco
flight,1068,CO-45-EWR-MIA,co-45-ewr-mia
flight,1069,AA-3809-PHX-LAX,aa-3809-phx-lax
flight,1070,AA-59-JFK-SFO,aa-59-jfk-sfo
flight,1071,AA-3859-IAH-ORD,aa-3859-iah-ord
flight,1072,CO-1586-IAH-MCO,co-1586-iah-mco
flight,1073,AA-518-MIA-JFK,aa-518-mia-jfk
flight,1074,UA-397-JFK-SFO,ua-397-jfk-sfo
flight,1075,UA-3925-IAD-ORF,ua-3925-iad-orf
flight,1076,AA-1733-ORD-PHX,aa-1733-ord-phx
flight,1077,AA-3-JFK-LAX,aa-3-jfk-lax
flight,1078,UA-2830-MCO-CLT,ua-2830-mco-clt
flight,1079,CO-58-DEN-IAH,co-58-den-iah
flight,1080,UA-5487-SFO-MRY,ua-5487-sfo-mry
flight,1081,AA-204-LAX-MCO,aa-204-lax-mco
flight,1082,UA-414-LAX-SFO,ua-414-lax-sfo
flight,1083,CO-1614-LAX-IAH,co-1614-lax-iah
flight,1084,UA-2726-FLL-PHL,ua-2726-fll-phl
flight,1085,CO-52-IAH-LAX,co-52-iah-lax
flight,1086,CO-1090-BOS-IAH,co-1090-bos-iah
flight,1087,AA-616-DFW-DTW,aa-616-dfw-dtw
flight,1088,UA-3515-IAD-MSP,ua-3515-iad-msp
flight,1089,AA-3468-CVG-MIA,aa-3468-cvg-mia
flight,1090,AA-484-DFW-MIA,aa-484-dfw-mia
flight,1091,AA-1886-BOS-MIA,aa-1886-bos-mia
flight,1092,CO-62-IAH-EWR,co-62-iah-ewr
flight,1093,CO-1561-PHX-IAH,co-1561-phx-iah
flight,1094,UA-2314-ATL-PHL,ua-2314-atl-phl
flight,1095,AA-446-DFW-PHL,aa-446-dfw-phl
flight,1096,CO-1023-IAH-DEN,co-1023-iah-den
flight,1097,AA-466-IAH-MIA,aa-466-iah-mia
flight,1098,UA-3050-PHX-CLT,ua-3050-phx-clt
flight,1099,CO-89-IAH-EWR,co-89-iah-ewr
flight,1100,CO-1088-CLE-IAH,co-1088-cle-iah
flight,1101,AA-1664-MIA-ATL,aa-1664-mia-atl
flight,1102,AA-1279-DFW-PHX,aa-1279-dfw-phx
flight,1103,UA-854-SFO-IAH,ua-854-sfo-iah
flight,1104,UA-382-IAD-LAX,ua-382-iad-lax
flight,1105,AA-4344-ORD-DTW,aa-4344-ord-dtw
flight,1106,UA-257-JFK-SFO,ua-257-jfk-sfo
flight,1107,UA-2945-PHL-CLT,ua-2945-phl-clt
flight,1108,CO-63-EWR-IAH,co-63-ewr-iah
flight,1109,CO-47-IAH-LAX,co-47-iah-lax
flight,1110,AA-2050-ORD-MIA,aa-2050-ord-mia
flight,1111,UA-248-PHX-ORD,ua-248-phx-ord
flight,1112,AA-4330-CVG-ORD,aa-4330-cvg-ord
flight,1113,AA-1434-DFW-MCO,aa-1434-dfw-mco
flight,1114,AA-1640-MIA-MCO,aa-1640-mia-mco
flight,1115,AA-4307-ORD-DTW,aa-4307-ord-dtw
flight,1116,CO-1694-LAX-IAH,co-1694-lax-iah
flight,1117,UA-843-LAX-ORD,ua-843-lax-ord
flight,1118,CO-1193-EWR-MCO,co-1193-ewr-mco
flight,1119,AA-3842-MSP-ORD,aa-3842-msp-ord
flight,1120,AA-643-MIA-ORD,aa-643-mia-ord
flight,1121,AA-1007-MIA-PHX,aa-1007-mia-phx
flight,1122,UA-2906-PHL-MCO,ua-2906-phl-mco
flight,1123,UA-938-DEN-ORD,ua-938-den-ord
flight,1124,AA-1221-MCO-ORD,aa-1221-mco-ord
flight,1125,CO-16-LAX-EWR,co-16-lax-ewr
flight,1126,UA-2515-DFW-CLT,ua-2515-dfw-clt
flight,1127,AA-400-DFW-JFK,aa-400-dfw-jfk
flight,1128,UA-664-ORD-PHL,ua-664-ord-phl
flight,1129,AA-3756-ORD-SLC,aa-3756-ord-slc
flight,1130,UA-37-EWR-MCO,ua-37-ewr-mco
flight,1131,AA-1522-SFO-ORD,aa-1522-sfo-ord
flight,1132,UA-233-LAX-JFK,ua-233-lax-jfk
flight,1133,AA-3823-LAX-DEN,aa-3823-lax-den
flight,1134,AA-2312-DFW-DTW,aa-2312-dfw-dtw
flight,1135,AA-1165-JFK-MIA,aa-1165-jfk-mia
flight,1136,AA-431-MIA-SFO,aa-431-mia-sfo
flight,1137,UA-3373-IAD-PHL,ua-3373-iad-phl
flight,1138,AA-649-ORD-SNA,aa-649-ord-sna
flight,1139,CO-1250-MIA-IAH,co-1250-mia-iah
flight,1140,UA-6273-YYC-SFO,ua-6273-yyc-sfo
flight,1141,UA-828-SFO-ORD,ua-828-sfo-ord
flight,1142,CO-4888-IAH-DAL,co-4888-iah-dal
flight,1143,UA-858-PVG-SFO,ua-858-pvg-sfo
flight,1144,UA-2704-DTW-PHX,ua-2704-dtw-phx
flight,1145,AA-3063-SLC-LAX,aa-3063-slc-lax
flight,1146,UA-2708-EWR-CLT,ua-2708-ewr-clt
flight,1147,UA-62-IAH-EWR,ua-62-iah-ewr
flight,1148,UA-1500-IAH-GUA,ua-1500-iah-gua
flight,1149,AA-3804-PHL-ORD,aa-3804-phl-ord
flight,1150,AA-1917-JFK-MCO,aa-1917-jfk-mco
flight,1151,AA-2268-PHX-ORD,aa-2268-phx-ord
flight,1152,AA-4277-CVG-JFK,aa-4277-cvg-jfk
flight,1153,AA-2957-DFW-CVG,aa-2957-dfw-cvg
flight,1154,UA-37-EDI-EWR,ua-37-edi-ewr
flight,1155,AA-789-ORD-DEN,aa-789-ord-den
flight,1156,AA-415-BOS-ORD,aa-415-bos-ord
flight,1157,AA-85-JFK-SFO,aa-85-jfk-sfo
flight,1158,AA-3979-CVG-ORD,aa-3979-cvg-ord
flight,1159,AA-1544-SAN-ORD,aa-1544-san-ord
flight,1160,AA-3786-IAH-ORD,aa-3786-iah-ord
flight,1161,AA-271-MIA-LAX,aa-271-mia-lax
flight,1162,AA-2525-DFW-MIA,aa-2525-dfw-mia
flight,1163,CO-50-CLE-EWR,co-50-cle-ewr
flight,1164,UA-3099-PHX-PHL,ua-3099-phx-phl
flight,1165,AA-4198-ORD-CLE,aa-4198-ord-cle
flight,1166,AA-404-MIA-MCO,aa-404-mia-mco
flight,1167,CO-45-EWR-MIA,co-45-ewr-mia
flight,1168,AA-3809-PHX-LAX,aa-3809-phx-lax
flight,1169,AA-59-JFK-SFO,aa-59-jfk-sfo
flight,1170,AA-222-LAX-BOS,aa-222-lax-bos
flight,1171,AA-3859-IAH-ORD,aa-3859-iah-ord
flight,1172,AA-518-MIA-JFK,aa-518-mia-jfk
flight,1173,CO-1586-IAH-MCO,co-1586-iah-mco
flight,1174,UA-3925-IAD-ORF,ua-3925-iad-orf
flight,1175,AA-1733-ORD-PHX,aa-1733-ord-phx
flight,1176,UA-414-LAX-SFO,ua-414-lax-sfo
flight,1177,UA-3515-IAD-MSP,ua-3515-iad-msp
flight,1178,AA-3468-CVG-MIA,aa-3468-cvg-mia
flight,1179,AA-484-DFW-MIA,aa-484-dfw-mia
flight,1180,CO-63-EWR-IAH,co-63-ewr-iah
flight,1181,AA-466-IAH-MIA,aa-466-iah-mia
flight,1182,UA-3050-PHX-CLT,ua-3050-phx-clt
flight,1183,AA-1886-BOS-MIA,aa-1886-bos-mia
flight,1184,AA-1664-MIA-ATL,aa-1664-mia-atl
flight,1185,AA-404-MIA-MCO,aa-404-mia-mco
flight,1186,AA-3756-ORD-SLC,aa-3756-ord-slc
flight,1187,UA-382-IAD-LAX,ua-382-iad-lax
flight,1188,UA-2945-PHL-CLT,ua-2945-phl-clt
flight,1189,AA-2050-ORD-MIA,aa-2050-ord-mia
flight,1190,UA-248-PHX-ORD,ua-248-phx-ord
flight,1191,AA-4330-CVG-ORD,aa-4330-cvg-ord
flight,1192,AA-4307-ORD-DTW,aa-4307-ord-dtw
flight,1193,CO-1694-LAX-IAH,co-1694-lax-iah
flight,1194,UA-843-LAX-ORD,ua-843-lax-ord
flight,1195,CO-1193-EWR-MCO,co-1193-ewr-mco
flight,1196,AA-1221-MCO-ORD,aa-1221-mco-ord
flight,1197,CO-16-LAX-EWR,co-16-lax-ewr
flight,1198,AA-400-DFW-JFK,aa-400-dfw-jfk
flight,1199,UA-664-ORD-PHL,ua-664-ord-phl
flight,1200,AA-1522-SFO-ORD,aa-1522-sfo-ord
flight,1201,UA-257-JFK-SFO,ua-257-jfk-sfo
flight,1202,UA-3373-IAD-PHL,ua-3373-iad-phl
flight,1203,CO-1250-MIA-IAH,co-1250-mia-iah
flight,1204,UA-6273-YYC-SFO,ua-6273-yyc-sfo
flight,1205,UA-828-SFO-ORD,ua-828-sfo-ord
flight,1206,CO-4888-IAH-DAL,co-4888-iah-dal
flight,1207,UA-2704-DTW-PHX,ua-2704-dtw-phx
flight,1208,UA-2708-EWR-CLT,ua-2708-ewr-clt
flight,1209,UA-1500-IAH-GUA,ua-1500-iah-gua
flight,1210,AA-3804-PHL-ORD,aa-3804-phl-ord
flight,1211,AA-2268-PHX-ORD,aa-2268-phx-ord
flight,1212,UA-233-LAX-JFK,ua-233-lax-jfk
flight,1213,AA-4277-CVG-JFK,aa-4277-cvg-jfk
flight,1214,AA-2957-DFW-CVG,aa-2957-dfw-cvg
flight,1215,UA-37-EDI-EWR,ua-37-edi-ewr
flight,1216,AA-789-ORD-DEN,aa-789-ord-den
flight,1217,UA-854-SFO-IAH,ua-854-sfo-iah
flight,1218,AA-85-JFK-SFO,aa-85-jfk-sfo
flight,1219,AA-1640-MIA-MCO,aa-1640-mia-mco
flight,1220,AA-1544-SAN-ORD,aa-1544-san-ord
flight,1221,AA-3786-IAH-ORD,aa-3786-iah-ord
flight,1222,AA-3809-PHX-LAX,aa-3809-phx-lax
flight,1223,AA-59-JFK-SFO,aa-59-jfk-sfo
flight,1224,AA-3859-IAH-ORD,aa-3859-iah-ord
flight,1225,CO-1586-IAH-MCO,co-1586-iah-mco
flight,1226,AA-518-MIA-JFK,aa-518-mia-jfk
flight,1227,UA-397-JFK-SFO,ua-397-jfk-sfo
flight,1228,UA-3925-IAD-ORF,ua-3925-iad-orf
flight,1229,AA-1733-ORD-PHX,aa-1733-ord-phx
flight,1230,UA-2830-MCO-CLT,ua-2830-mco-clt
flight,1231,CO-58-DEN-IAH,co-58-den-iah
flight,1232,AA-1544-SAN-ORD,aa-1544-san-ord
flight,1233,UA-5487-SFO-MRY,ua-5487-sfo-mry
flight,1234,AA-204-LAX-MCO,aa-204-lax-mco
flight,1235,UA-414-LAX-SFO,ua-414-lax-sfo
flight,1236,CO-1614-LAX-IAH,co-1614-lax-iah
flight,1237,UA-2726-FLL-PHL,ua-2726-fll-phl
flight,1238,CO-52-IAH-LAX,co-52-iah-lax
flight,1239,CO-1090-BOS-IAH,co-1090-bos-iah
flight,1240,AA-616-DFW-DTW,aa-616-dfw-dtw
flight,1241,UA-3515-IAD-MSP,ua-3515-iad-msp
flight,1242,AA-3468-CVG-MIA,aa-3468-cvg-mia
flight,1243,AA-484-DFW-MIA,aa-484-dfw-mia
flight,1244,AA-1886-BOS-MIA,aa-1886-bos-mia
flight,1245,CO-62-IAH-EWR,co-62-iah-ewr
flight,1246,CO-1561-PHX-IAH,co-1561-phx-iah
flight,1247,UA-2314-ATL-PHL,ua-2314-atl-phl
flight,1248,AA-446-DFW-PHL,aa-446-dfw-phl
flight,1249,CO-1023-IAH-DEN,co-1023-iah-den
flight,1250,AA-466-IAH-MIA,aa-466-iah-mia
flight,1251,UA-3050-PHX-CLT,ua-3050-phx-clt
flight,1252,CO-89-IAH-EWR,co-89-iah-ewr
flight,1253,CO-1088-CLE-IAH,co-1088-cle-iah
flight,1254,AA-1664-MIA-ATL,aa-1664-mia-atl
flight,1255,AA-1279-DFW-PHX,aa-1279-dfw-phx
flight,1256,UA-854-SFO-IAH,ua-854-sfo-iah
flight,1257,UA-382-IAD-LAX,ua-382-iad-lax
flight,1258,AA-4344-ORD-DTW,aa-4344-ord-dtw
flight,1259,UA-257-JFK-SFO,ua-257-jfk-sfo
flight,1260,UA-2945-PHL-CLT,ua-2945-phl-clt
flight,1261,CO-63-EWR-IAH,co-63-ewr-iah
flight,1262,CO-47-IAH-LAX,co-47-iah-lax
flight,1263,AA-2050-ORD-MIA,aa-2050-ord-mia
flight,1264,UA-248-PHX-ORD,ua-248-phx-ord
flight,1265,AA-4330-CVG-ORD,aa-4330-cvg-ord
flight,1266,AA-1434-DFW-MCO,aa-1434-dfw-mco
flight,1267,AA-1640-MIA-MCO,aa-1640-mia-mco
flight,1268,AA-4307-ORD-DTW,aa-4307-ord-dtw
flight,1269,AA-3-JFK-LAX,aa-3-jfk-lax
flight,1270,CO-1694-LAX-IAH,co-1694-lax-iah
flight,1271,UA-843-LAX-ORD,ua-843-lax-ord
flight,1272,CO-1193-EWR-MCO,co-1193-ewr-mco
flight,1273,AA-3842-MSP-ORD,aa-3842-msp-ord
flight,1274,AA-643-MIA-ORD,aa-643-mia-ord
flight,1275,AA-1007-MIA-PHX,aa-1007-mia-phx
flight,1276,AA-2525-DFW-MIA,aa-2525-dfw-mia
flight,1277,UA-2906-PHL-MCO,ua-2906-phl-mco
flight,1278,UA-938-DEN-ORD,ua-938-den-ord
flight,1279,AA-1221-MCO-ORD,aa-1221-mco-ord
flight,1280,CO-16-LAX-EWR,co-16-lax-ewr
flight,1281,UA-2515-DFW-CLT,ua-2515-dfw-clt
flight,1282,AA-400-DFW-JFK,aa-400-dfw-jfk
flight,1283,UA-664-ORD-PHL,ua-664-ord-phl
flight,1284,AA-3756-ORD-SLC,aa-3756-ord-slc
flight,1285,UA-37-EWR-MCO,ua-37-ewr-mco
flight,1286,AA-1522-SFO-ORD,aa-1522-sfo-ord
flight,1287,UA-233-LAX-JFK,ua-233-lax-jfk
flight,1288,AA-3823-LAX-DEN,aa-3823-lax-den
flight,1289,AA-2312-DFW-DTW,aa-2312-dfw-dtw
flight,1290,AA-1165-JFK-MIA,aa-1165-jfk-mia
flight,1291,AA-431-MIA-SFO,aa-431-mia-sfo
flight,1292,UA-3373-IAD-PHL,ua-3373-iad-phl
flight,1293,AA-649-ORD-SNA,aa-649-ord-sna
flight,1294,CO-1250-MIA-IAH,co-1250-mia-iah
flight,1295,UA-6273-YYC-SFO,ua-6273-yyc-sfo
flight,1296,UA-828-SFO-ORD,ua-828-sfo-ord
flight,1297,CO-4888-IAH-DAL,co-4888-iah-dal
flight,1298,UA-858-PVG-SFO,ua-858-pvg-sfo
flight,1299,UA-2704-DTW-PHX,ua-2704-dtw-phx
flight,1300,AA-3063-SLC-LAX,aa-3063-slc-lax
flight,1301,UA-2708-EWR-CLT,ua-2708-ewr-clt
flight,1302,UA-62-IAH-EWR,ua-62-iah-ewr
flight,1303,UA-1500-IAH-GUA,ua-1500-iah-gua
flight,1304,AA-3804-PHL-ORD,aa-3804-phl-ord
flight,1305,AA-1917-JFK-MCO,aa-1917-jfk-mco
flight,1306,AA-2268-PHX-ORD,aa-2268-phx-ord
flight,1307,AA-4277-CVG-JFK,aa-4277-cvg-jfk
flight,1308,AA-2957-DFW-CVG,aa-2957-dfw-cvg
flight,1309,UA-37-EDI-EWR,ua-37-edi-ewr
flight,1310,AA-789-ORD-DEN,aa-789-ord-den
flight,1311,AA-415-BOS-ORD,aa-415-bos-ord
flight,1312,AA-85-JFK-SFO,aa-85-jfk-sfo
flight,1313,AA-3979-CVG-ORD,aa-3979-cvg-ord
flight,1314,AA-3786-IAH-ORD,aa-3786-iah-ord
flight,1315,AA-271-MIA-LAX,aa-271-mia-lax
flight,1316,CO-50-CLE-EWR,co-50-cle-ewr
flight,1317,UA-3099-PHX-PHL,ua-3099-phx-phl
flight,1318,AA-4198-ORD-CLE,aa-4198-ord-cle
flight,1319,AA-404-MIA-MCO,aa-404-mia-mco
flight,1320,CO-45-EWR-MIA,co-45-ewr-mia
flight,1321,AA-3809-PHX-LAX,aa-3809-phx-lax
flight,1322,AA-59-JFK-SFO,aa-59-jfk-sfo
flight,1323,AA-222-LAX-BOS,aa-222-lax-bos
flight,1324,AA-3859-IAH-ORD,aa-3859-iah-ord
flight,1325,CO-1586-IAH-MCO,co-1586-iah-mco
flight,1326,AA-518-MIA-JFK,aa-518-mia-jfk
flight,1327,UA-397-JFK-SFO,ua-397-jfk-sfo
flight,1328,UA-3925-IAD-ORF,ua-3925-iad-orf
flight,1329,AA-1733-ORD-PHX,aa-1733-ord-phx
flight,1330,AA-3-JFK-LAX,aa-3-jfk-lax
flight,1331,UA-2830-MCO-CLT,ua-2830-mco-clt
flight,1332,CO-58-DEN-IAH,co-58-den-iah
flight,1333,UA-5487-SFO-MRY,ua-5487-sfo-mry
flight,1334,AA-204-LAX-MCO,aa-204-lax-mco
flight,1335,UA-414-LAX-SFO,ua-414-lax-sfo
flight,1336,CO-1614-LAX-IAH,co-1614-lax-iah
flight,1337,UA-2726-FLL-PHL,ua-2726-fll-phl
flight,1338,CO-52-IAH-LAX,co-52-iah-lax
flight,1339,CO-1090-BOS-IAH,co-1090-bos-iah
flight,1340,AA-616-DFW-DTW,aa-616-dfw-dtw
flight,1341,UA-3515-IAD-MSP,ua-3515-iad-msp
flight,1342,AA-3468-CVG-MIA,aa-3468-cvg-mia
flight,1343,AA-484-DFW-MIA,aa-484-dfw-mia
flight,1344,AA-1886-BOS-MIA,aa-1886-bos-mia
flight,1345,CO-62-IAH-EWR,co-62-iah-ewr
flight,1346,CO-1561-PHX-IAH,co-1561-phx-iah
flight,1347,UA-2314-ATL-PHL,ua-2314-atl-phl
flight,1348,AA-446-DFW-PHL,aa-446-dfw-phl
flight,1349,CO-1023-IAH-DEN,co-1023-iah-den
flight,1350,AA-466-IAH-MIA,aa-466-iah-mia
flight,1351,UA-3050-PHX-CLT,ua-3050-phx-clt
flight,1352,CO-89-IAH-EWR,co-89-iah-ewr
flight,1353,CO-1088-CLE-IAH,co-1088-cle-iah
flight,1354,AA-1664-MIA-ATL,aa-1664-mia-atl
flight,1355,AA-1279-DFW-PHX,aa-1279-dfw-phx
flight,1356,UA-854-SFO-IAH,ua-854-sfo-iah
flight,1357,UA-382-IAD-LAX,ua-382-iad-lax
flight,1358,AA-4344-ORD-DTW,aa-4344-ord-dtw
flight,1359,UA-257-JFK-SFO,ua-257-jfk-sfo
flight,1360,UA-2945-PHL-CLT,ua-2945-phl-clt
flight,1361,CO-63-EWR-IAH,co-63-ewr-iah
flight,1362,CO-47-IAH-LAX,co-47-iah-lax
flight,1363,AA-2050-ORD-MIA,aa-2050-ord-mia
flight,1364,UA-248-PHX-ORD,ua-248-phx-ord
flight,1365,AA-4330-CVG-ORD,aa-4330-cvg-ord
flight,1366,AA-1434-DFW-MCO,aa-1434-dfw-mco
flight,1367,AA-1640-MIA-MCO,aa-1640-mia-mco
flight,1368,AA-4307-ORD-DTW,aa-4307-ord-dtw
flight,1369,CO-1694-LAX-IAH,co-1694-lax-iah
flight,1370,UA-843-LAX-ORD,ua-843-lax-ord
flight,1371,CO-1193-EWR-MCO,co-1193-ewr-mco
flight,1372,AA-3842-MSP-ORD,aa-3842-msp-ord
flight,1373,AA-643-MIA-ORD,aa-643-mia-ord
flight,1374,AA-1007-MIA-PHX,aa-1007-mia-phx
flight,1375,UA-2906-PHL-MCO,ua-2906-phl-mco
flight,1376,UA-938-DEN-ORD,ua-938-den-ord
flight,1377,AA-1221-MCO-ORD,aa-1221-mco-ord
flight,1378,CO-16-LAX-EWR,co-16-lax-ewr
flight,1379,UA-2515-DFW-CLT,ua-2515-dfw-clt
flight,1380,AA-400-DFW-JFK,aa-400-dfw-jfk
flight,1381,UA-664-ORD-PHL,ua-664-ord-phl
flight,1382,AA-3756-ORD-SLC,aa-3756-ord-slc
flight,1383,UA-37-EWR-MCO,ua-37-ewr-mco
flight,1384,AA-1522-SFO-ORD,aa-1522-sfo-ord
flight,1385,UA-233-LAX-JFK,ua-233-lax-jfk
flight,1386,AA-3823-LAX-DEN,aa-3823-lax-den
flight,1387,AA-2312-DFW-DTW,aa-2312-dfw-dtw
flight,1388,AA-1165-JFK-MIA,aa-1165-jfk-mia
flight,1389,AA-431-MIA-SFO,aa-431-mia-sfo
flight,1390,AA-649-ORD-SNA,aa-649-ord-sna
flight,1391,CO-1250-MIA-IAH,co-1250-mia-iah
flight,1392,UA-6273-YYC-SFO,ua-6273-yyc-sfo
flight,1393,UA-828-SFO-ORD,ua-828-sfo-ord
flight,1394,CO-4888-IAH-DAL,co-4888-iah-dal
flight,1395,UA-858-PVG-SFO,ua-858-pvg-sfo
flight,1396,UA-2704-DTW-PHX,ua-2704-dtw-phx
flight,1397,AA-3063-SLC-LAX,aa-3063-slc-lax
flight,1398,UA-2708-EWR-CLT,ua-2708-ewr-clt
flight,1399,UA-62-IAH-EWR,ua-62-iah-ewr
flight,1400,UA-1500-IAH-GUA,ua-1500-iah-gua
flight,1401,AA-3804-PHL-ORD,aa-3804-phl-ord
flight,1402,AA-1917-JFK-MCO,aa-1917-jfk-mco
flight,1403,AA-2268-PHX-ORD,aa-2268-phx-ord
flight,1404,AA-4277-CVG-JFK,aa-4277-cvg-jfk
flight,1405,AA-2957-DFW-CVG,aa-2957-dfw-cvg
flight,1406,UA-37-EDI-EWR,ua-37-edi-ewr
flight,1407,AA-789-ORD-DEN,aa-789-ord-den
flight,1408,AA-415-BOS-ORD,aa-415-bos-ord
flight,1409,AA-85-JFK-SFO,aa-85-jfk-sfo
flight,1410,AA-3979-CVG-ORD,aa-3979-cvg-ord
flight,1411,AA-1544-SAN-ORD,aa-1544-san-ord
flight,1412,AA-3786-IAH-ORD,aa-3786-iah-ord
flight,1413,AA-271-MIA-LAX,aa-271-mia-lax
flight,1414,AA-2525-DFW-MIA,aa-2525-dfw-mia
flight,1415,CO-50-CLE-EWR,co-50-cle-ewr
flight,1416,UA-3099-PHX-PHL,ua-3099-phx-phl
flight,1417,AA-4198-ORD-CLE,aa-4198-ord-cle
flight,1418,AA-404-MIA-MCO,aa-404-mia-mco
flight,1419,CO-45-EWR-MIA,co-45-ewr-mia
flight,1420,AA-3809-PHX-LAX,aa-3809-phx-lax
flight,1421,AA-59-JFK-SFO,aa-59-jfk-sfo
flight,1422,AA-222-LAX-BOS,aa-222-lax-bos
flight,1423,AA-446-DFW-PHL,aa-446-dfw-phl
flight,1424,UA-3373-IAD-PHL,ua-3373-iad-phl
flight,1425,AA-3804-PHL-ORD,aa-3804-phl-ord
flight,1426,UA-664-ORD-PHL,ua-664-ord-phl
flight,1427,CO-1586-IAH-MCO,co-1586-iah-mco
flight,1428,CO-52-IAH-LAX,co-52-iah-lax
flight,1429,CO-1023-IAH-DEN,co-1023-iah-den
flight,1430,CO-89-IAH-EWR,co-89-iah-ewr
flight,1431,CO-1694-LAX-IAH,co-1694-lax-iah
flight,1432,CO-1614-LAX-IAH,co-1614-lax-iah
flight,1433,CO-1088-CLE-IAH,co-1088-cle-iah
flight,1434,CO-58-DEN-IAH,co-58-den-iah
flight,1435,CO-50-CLE-EWR,co-50-cle-ewr
flight,1436,CO-62-IAH-EWR,co-62-iah-ewr
flight,1437,CO-1193-EWR-MCO,co-1193-ewr-mco
flight,1438,CO-16-LAX-EWR,co-16-lax-ewr
flight,1439,CO-1090-BOS-IAH,co-1090-bos-iah
flight,1440,CO-1250-MIA-IAH,co-1250-mia-iah
flight,1441,CO-47-IAH-LAX,co-47-iah-lax
flight,1442,CO-4888-IAH-DAL,co-4888-iah-dal
flight,1443,CO-45-EWR-MIA,co-45-ewr-mia
flight,1444,CO-63-EWR-IAH,co-63-ewr-iah
flight,1445,CO-1561-PHX-IAH,co-1561-phx-iah
flight,1446,AA-3842-MSP-ORD,aa-3842-msp-ord
flight,1447,AA-3804-PHL-ORD,aa-3804-phl-ord
flight,1448,CO-1090-BOS-IAH,co-1090-bos-iah
flight,1449,AA-1917-JFK-MCO,aa-1917-jfk-mco
flight,1450,UA-2906-PHL-MCO,ua-2906-phl-mco
flight,1451,CO-89-IAH-EWR,co-89-iah-ewr
flight,1452,UA-938-DEN-ORD,ua-938-den-ord
flight,1453,UA-3925-IAD-ORF,ua-3925-iad-orf
flight,1454,AA-789-ORD-DEN,aa-789-ord-den
flight,1455,AA-1434-DFW-MCO,aa-1434-dfw-mco
flight,1456,UA-664-ORD-PHL,ua-664-ord-phl
flight,1457,AA-3756-ORD-SLC,aa-3756-ord-slc
flight,1458,CO-1614-LAX-IAH,co-1614-lax-iah
flight,1459,CO-58-DEN-IAH,co-58-den-iah
flight,1460,UA-233-LAX-JFK,ua-233-lax-jfk
flight,1461,AA-3979-CVG-ORD,aa-3979-cvg-ord
flight,1462,AA-3823-LAX-DEN,aa-3823-lax-den
flight,1463,AA-3786-IAH-ORD,aa-3786-iah-ord
flight,1464,AA-431-MIA-SFO,aa-431-mia-sfo
flight,1465,AA-1733-ORD-PHX,aa-1733-ord-phx
flight,1466,UA-3373-IAD-PHL,ua-3373-iad-phl
flight,1467,UA-3099-PHX-PHL,ua-3099-phx-phl
flight,1468,UA-2314-ATL-PHL,ua-2314-atl-phl
flight,1469,CO-16-LAX-EWR,co-16-lax-ewr
flight,1470,CO-1250-MIA-IAH,co-1250-mia-iah
flight,1471,AA-3468-CVG-MIA,aa-3468-cvg-mia
flight,1472,AA-2050-ORD-MIA,aa-2050-ord-mia
flight,1473,AA-415-BOS-ORD,aa-415-bos-ord
flight,1474,AA-3063-SLC-LAX,aa-3063-slc-lax
flight,1475,AA-3809-PHX-LAX,aa-3809-phx-lax
flight,1476,AA-59-JFK-SFO,aa-59-jfk-sfo
flight,1477,UA-62-IAH-EWR,ua-62-iah-ewr
flight,1478,AA-616-DFW-DTW,aa-616-dfw-dtw
flight,1479,AA-3-JFK-LAX,aa-3-jfk-lax
flight,1480,CO-1694-LAX-IAH,co-1694-lax-iah
flight,1481,AA-446-DFW-PHL,aa-446-dfw-phl
flight,1482,UA-397-JFK-SFO,ua-397-jfk-sfo
flight,1483,AA-85-JFK-SFO,aa-85-jfk-sfo
flight,1484,AA-431-MIA-SFO,aa-431-mia-sfo
flight,1485,AA-59-JFK-SFO,aa-59-jfk-sfo
flight,1486,UA-257-JFK-SFO,ua-257-jfk-sfo
flight,1487,UA-414-LAX-SFO,ua-414-lax-sfo
flight,1488,AA-3859-IAH-ORD,aa-3859-iah-ord
flight,1489,CO-1586-IAH-MCO,co-1586-iah-mco
flight,1490,AA-518-MIA-JFK,aa-518-mia-jfk
flight,1491,UA-397-JFK-SFO,ua-397-jfk-sfo
flight,1492,UA-3925-IAD-ORF,ua-3925-iad-orf
flight,1493,AA-1733-ORD-PHX,aa-1733-ord-phx
flight,1494,UA-2830-MCO-CLT,ua-2830-mco-clt
flight,1495,CO-58-DEN-IAH,co-58-den-iah
flight,1496,AA-1544-SAN-ORD,aa-1544-san-ord
flight,1497,UA-5487-SFO-MRY,ua-5487-sfo-mry
flight,1498,AA-204-LAX-MCO,aa-204-lax-mco
flight,1499,UA-414-LAX-SFO,ua-414-lax-sfo
flight,1500,CO-1614-LAX-IAH,co-1614-lax-iah
flight,1501,UA-2726-FLL-PHL,ua-2726-fll-phl
flight,1502,CO-52-IAH-LAX,co-52-iah-lax
flight,1503,CO-1090-BOS-IAH,co-1090-bos-iah
flight,1504,AA-616-DFW-DTW,aa-616-dfw-dtw
flight,1505,UA-3515-IAD-MSP,ua-3515-iad-msp
flight,1506,AA-3468-CVG-MIA,aa-3468-cvg-mia
flight,1507,AA-484-DFW-MIA,aa-484-dfw-mia
flight,1508,AA-1886-BOS-MIA,aa-1886-bos-mia
flight,1509,CO-62-IAH-EWR,co-62-iah-ewr
flight,1510,CO-1561-PHX-IAH,co-1561-phx-iah
flight,1511,UA-2314-ATL-PHL,ua-2314-atl-phl
flight,1512,AA-446-DFW-PHL,aa-446-dfw-phl
flight,1513,CO-1023-IAH-DEN,co-1023-iah-den
flight,1514,AA-466-IAH-MIA,aa-466-iah-mia
flight,1515,UA-3050-PHX-CLT,ua-3050-phx-clt
flight,1516,CO-89-IAH-EWR,co-89-iah-ewr
flight,1517,CO-1088-CLE-IAH,co-1088-cle-iah
flight,1518,AA-1664-MIA-ATL,aa-1664-mia-atl
flight,1519,AA-1279-DFW-PHX,aa-1279-dfw-phx
flight,1520,UA-854-SFO-IAH,ua-854-sfo-iah
flight,1521,UA-382-IAD-LAX,ua-382-iad-lax
flight,1522,AA-4344-ORD-DTW,aa-4344-ord-dtw
flight,1523,UA-257-JFK-SFO,ua-257-jfk-sfo
flight,1524,UA-2945-PHL-CLT,ua-2945-phl-clt
flight,1525,CO-63-EWR-IAH,co-63-ewr-iah
flight,1526,CO-47-IAH-LAX,co-47-iah-lax
flight,1527,AA-2050-ORD-MIA,aa-2050-ord-mia
flight,1528,UA-248-PHX-ORD,ua-248-phx-ord
flight,1529,AA-4330-CVG-ORD,aa-4330-cvg-ord
flight,1530,AA-1434-DFW-MCO,aa-1434-dfw-mco
flight,1531,AA-1640-MIA-MCO,aa-1640-mia-mco
flight,1532,AA-4307-ORD-DTW,aa-4307-ord-dtw
flight,1533,AA-3-JFK-LAX,aa-3-jfk-lax
flight,1534,CO-1694-LAX-IAH,co-1694-lax-iah
flight,1535,UA-843-LAX-ORD,ua-843-lax-ord
flight,1536,CO-1193-EWR-MCO,co-1193-ewr-mco
flight,1537,AA-3842-MSP-ORD,aa-3842-msp-ord
flight,1538,AA-643-MIA-ORD,aa-643-mia-ord
flight,1539,AA-1007-MIA-PHX,aa-1007-mia-phx
flight,1540,AA-2525-DFW-MIA,aa-2525-dfw-mia
flight,1541,UA-2906-PHL-MCO,ua-2906-phl-mco
flight,1542,UA-938-DEN-ORD,ua-938-den-ord
flight,1543,AA-1221-MCO-ORD,aa-1221-mco-ord
flight,1544,CO-16-LAX-EWR,co-16-lax-ewr
flight,1545,UA-2515-DFW-CLT,ua-2515-dfw-clt
flight,1546,AA-400-DFW-JFK,aa-400-dfw-jfk
flight,1547,UA-664-ORD-PHL,ua-664-ord-phl
flight,1548,AA-3756-ORD-SLC,aa-3756-ord-slc
flight,1549,UA-37-EWR-MCO,ua-37-ewr-mco
flight,1550,AA-1522-SFO-ORD,aa-1522-sfo-ord
flight,1551,UA-233-LAX-JFK,ua-233-lax-jfk
flight,1552,AA-3823-LAX-DEN,aa-3823-lax-den
flight,1553,AA-2312-DFW-DTW,aa-2312-dfw-dtw
flight,1554,AA-1165-JFK-MIA,aa-1165-jfk-mia
flight,1555,AA-431-MIA-SFO,aa-431-mia-sfo
flight,1556,UA-3373-IAD-PHL,ua-3373-iad-phl
flight,1557,AA-649-ORD-SNA,aa-649-ord-sna
flight,1558,CO-1250-MIA-IAH,co-1250-mia-iah
flight,1559,UA-6273-YYC-SFO,ua-6273-yyc-sfo
flight,1560,UA-828-SFO-ORD,ua-828-sfo-ord
flight,1561,CO-4888-IAH-DAL,co-4888-iah-dal
flight,1562,UA-858-PVG-SFO,ua-858-pvg-sfo
flight,1563,UA-2704-DTW-PHX,ua-2704-dtw-phx
flight,1564,AA-3063-SLC-LAX,aa-3063-slc-lax
flight,1565,UA-2708-EWR-CLT,ua-2708-ewr-clt
flight,1566,UA-62-IAH-EWR,ua-62-iah-ewr
flight,1567,UA-1500-IAH-GUA,ua-1500-iah-gua
flight,1568,AA-3804-PHL-ORD,aa-3804-phl-ord
flight,1569,AA-1917-JFK-MCO,aa-1917-jfk-mco
flight,1570,AA-2268-PHX-ORD,aa-2268-phx-ord
flight,1571,AA-4277-CVG-JFK,aa-4277-cvg-jfk
flight,1572,AA-2957-DFW-CVG,aa-2957-dfw-cvg
flight,1573,UA-37-EDI-EWR,ua-37-edi-ewr
flight,1574,AA-789-ORD-DEN,aa-789-ord-den
flight,1575,AA-415-BOS-ORD,aa-415-bos-ord
flight,1576,AA-85-JFK-SFO,aa-85-jfk-sfo
flight,1577,AA-3979-CVG-ORD,aa-3979-cvg-ord
flight,1578,AA-3786-IAH-ORD,aa-3786-iah-ord
flight,1579,AA-271-MIA-LAX,aa-271-mia-lax
flight,1580,CO-50-CLE-EWR,co-50-cle-ewr
flight,1581,UA-3099-PHX-PHL,ua-3099-phx-phl
flight,1582,AA-4198-ORD-CLE,aa-4198-ord-cle
flight,1583,AA-404-MIA-MCO,aa-404-mia-mco
flight,1584,CO-45-EWR-MIA,co-45-ewr-mia
flight,1585,AA-3809-PHX-LAX,aa-3809-phx-lax
flight,1586,AA-59-JFK-SFO,aa-59-jfk-sfo
flight,1587,AA-222-LAX-BOS,aa-222-lax-bos
flight,1588,AA-1733-ORD-PHX,aa-1733-ord-phx
flight,1589,CO-1586-IAH-MCO,co-1586-iah-mco
flight,1590,UA-3925-IAD-ORF,ua-3925-iad-orf
flight,1591,AA-1640-MIA-MCO,aa-1640-mia-mco
flight,1592,UA-2830-MCO-CLT,ua-2830-mco-clt
flight,1593,UA-5487-SFO-MRY,ua-5487-sfo-mry
flight,1594,AA-204-LAX-MCO,aa-204-lax-mco
flight,1595,CO-1614-LAX-IAH,co-1614-lax-iah
flight,1596,UA-2726-FLL-PHL,ua-2726-fll-phl
flight,1597,CO-1090-BOS-IAH,co-1090-bos-iah
flight,1598,AA-3468-CVG-MIA,aa-3468-cvg-mia
flight,1599,CO-62-IAH-EWR,co-62-iah-ewr
flight,1600,CO-1023-IAH-DEN,co-1023-iah-den
flight,1601,AA-466-IAH-MIA,aa-466-iah-mia
flight,1602,UA-3050-PHX-CLT,ua-3050-phx-clt
flight,1603,AA-1664-MIA-ATL,aa-1664-mia-atl
flight,1604,AA-3979-CVG-ORD,aa-3979-cvg-ord
flight,1605,UA-382-IAD-LAX,ua-382-iad-lax
flight,1606,AA-616-DFW-DTW,aa-616-dfw-dtw
flight,1607,AA-4344-ORD-DTW,aa-4344-ord-dtw
flight,1608,UA-2945-PHL-CLT,ua-2945-phl-clt
flight,1609,CO-47-IAH-LAX,co-47-iah-lax
flight,1610,AA-271-MIA-LAX,aa-271-mia-lax
flight,1611,AA-3842-MSP-ORD,aa-3842-msp-ord
flight,1612,AA-643-MIA-ORD,aa-643-mia-ord
flight,1613,AA-1007-MIA-PHX,aa-1007-mia-phx
flight,1614,AA-2525-DFW-MIA,aa-2525-dfw-mia
flight,1615,AA-1221-MCO-ORD,aa-1221-mco-ord
flight,1616,UA-2515-DFW-CLT,ua-2515-dfw-clt
flight,1617,AA-4307-ORD-DTW,aa-4307-ord-dtw
flight,1618,UA-233-LAX-JFK,ua-233-lax-jfk
flight,1619,AA-3823-LAX-DEN,aa-3823-lax-den
flight,1620,AA-2312-DFW-DTW,aa-2312-dfw-dtw
flight,1621,AA-1165-JFK-MIA,aa-1165-jfk-mia
flight,1622,AA-431-MIA-SFO,aa-431-mia-sfo
flight,1623,UA-257-JFK-SFO,ua-257-jfk-sfo
flight,1624,AA-649-ORD-SNA,aa-649-ord-sna
flight,1625,CO-1250-MIA-IAH,co-1250-mia-iah
flight,1626,UA-828-SFO-ORD,ua-828-sfo-ord
flight,1627,AA-3063-SLC-LAX,aa-3063-slc-lax
flight,1628,AA-1917-JFK-MCO,aa-1917-jfk-mco
flight,1629,UA-6273-YYC-SFO,ua-6273-yyc-sfo
flight,1630,AA-4277-CVG-JFK,aa-4277-cvg-jfk
flight,1631,UA-37-EDI-EWR,ua-37-edi-ewr
flight,1632,AA-59-JFK-SFO,aa-59-jfk-sfo
flight,1633,AA-415-BOS-ORD,aa-415-bos-ord
flight,1634,AA-1544-SAN-ORD,aa-1544-san-ord
flight,1635,AA-3786-IAH-ORD,aa-3786-iah-ord
flight,1636,CO-50-CLE-EWR,co-50-cle-ewr
flight,1637,AA-404-MIA-MCO,aa-404-mia-mco
flight,1638,AA-3859-IAH-ORD,aa-3859-iah-ord
flight,1639,AA-3842-MSP-ORD,aa-3842-msp-ord
flight,1640,AA-643-MIA-ORD,aa-643-mia-ord
flight,1641,AA-3804-PHL-ORD,aa-3804-phl-ord
flight,1642,AA-2268-PHX-ORD,aa-2268-phx-ord
flight,1643,AA-1221-MCO-ORD,aa-1221-mco-ord
flight,1644,UA-938-DEN-ORD,ua-938-den-ord
flight,1645,AA-789-ORD-DEN,aa-789-ord-den
flight,1646,AA-4307-ORD-DTW,aa-4307-ord-dtw
flight,1647,AA-3979-CVG-ORD,aa-3979-cvg-ord
flight,1648,UA-664-ORD-PHL,ua-664-ord-phl
flight,1649,AA-3756-ORD-SLC,aa-3756-ord-slc
flight,1650,AA-3786-IAH-ORD,aa-3786-iah-ord
flight,1651,AA-1522-SFO-ORD,aa-1522-sfo-ord
flight,1652,AA-1544-SAN-ORD,aa-1544-san-ord
flight,1653,AA-4344-ORD-DTW,aa-4344-ord-dtw
flight,1654,AA-1733-ORD-PHX,aa-1733-ord-phx
flight,1655,AA-4198-ORD-CLE,aa-4198-ord-cle
flight,1656,UA-828-SFO-ORD,ua-828-sfo-ord
flight,1657,AA-2050-ORD-MIA,aa-2050-ord-mia
flight,1658,UA-248-PHX-ORD,ua-248-phx-ord
flight,1659,AA-415-BOS-ORD,aa-415-bos-ord
flight,1660,AA-4330-CVG-ORD,aa-4330-cvg-ord
flight,1661,UA-843-LAX-ORD,ua-843-lax-ord
flight,1662,AA-3859-IAH-ORD,aa-3859-iah-ord
flight,1663,AA-518-MIA-JFK,aa-518-mia-jfk
flight,1664,CO-1586-IAH-MCO,co-1586-iah-mco
flight,1665,UA-3925-IAD-ORF,ua-3925-iad-orf
flight,1666,AA-1733-ORD-PHX,aa-1733-ord-phx
flight,1667,AA-204-LAX-MCO,aa-204-lax-mco
flight,1668,UA-2726-FLL-PHL,ua-2726-fll-phl
flight,1669,CO-52-IAH-LAX,co-52-iah-lax
flight,1670,AA-3468-CVG-MIA,aa-3468-cvg-mia
flight,1671,AA-484-DFW-MIA,aa-484-dfw-mia
flight,1672,AA-616-DFW-DTW,aa-616-dfw-dtw
flight,1673,AA-446-DFW-PHL,aa-446-dfw-phl
flight,1674,CO-1023-IAH-DEN,co-1023-iah-den
flight,1675,AA-466-IAH-MIA,aa-466-iah-mia
flight,1676,UA-3050-PHX-CLT,ua-3050-phx-clt
flight,1677,AA-2957-DFW-CVG,aa-2957-dfw-cvg
flight,1678,AA-1664-MIA-ATL,aa-1664-mia-atl
flight,1679,AA-3979-CVG-ORD,aa-3979-cvg-ord
flight,1680,AA-1279-DFW-PHX,aa-1279-dfw-phx
flight,1681,AA-404-MIA-MCO,aa-404-mia-mco
flight,1682,AA-3756-ORD-SLC,aa-3756-ord-slc
flight,1683,UA-382-IAD-LAX,ua-382-iad-lax
flight,1684,UA-257-JFK-SFO,ua-257-jfk-sfo
flight,1685,UA-2945-PHL-CLT,ua-2945-phl-clt
flight,1686,CO-63-EWR-IAH,co-63-ewr-iah
flight,1687,AA-2525-DFW-MIA,aa-2525-dfw-mia
flight,1688,CO-47-IAH-LAX,co-47-iah-lax
flight,1689,AA-271-MIA-LAX,aa-271-mia-lax
flight,1690,AA-2050-ORD-MIA,aa-2050-ord-mia
flight,1691,AA-4330-CVG-ORD,aa-4330-cvg-ord
flight,1692,AA-1434-DFW-MCO,aa-1434-dfw-mco
flight,1693,AA-1640-MIA-MCO,aa-1640-mia-mco
flight,1694,AA-4307-ORD-DTW,aa-4307-ord-dtw
flight,1695,AA-3-JFK-LAX,aa-3-jfk-lax
flight,1696,CO-1694-LAX-IAH,co-1694-lax-iah
flight,1697,CO-1193-EWR-MCO,co-1193-ewr-mco
flight,1698,AA-3842-MSP-ORD,aa-3842-msp-ord
flight,1699,AA-643-MIA-ORD,aa-643-mia-ord
flight,1700,AA-1007-MIA-PHX,aa-1007-mia-phx
flight,1701,UA-2906-PHL-MCO,ua-2906-phl-mco
flight,1702,AA-1221-MCO-ORD,aa-1221-mco-ord
flight,1703,AA-400-DFW-JFK,aa-400-dfw-jfk
flight,1704,UA-664-ORD-PHL,ua-664-ord-phl
flight,1705,UA-37-EWR-MCO,ua-37-ewr-mco
flight,1706,UA-233-LAX-JFK,ua-233-lax-jfk
flight,1707,AA-3823-LAX-DEN,aa-3823-lax-den
flight,1708,AA-2312-DFW-DTW,aa-2312-dfw-dtw
flight,1709,AA-1165-JFK-MIA,aa-1165-jfk-mia
flight,1710,AA-431-MIA-SFO,aa-431-mia-sfo
flight,1711,AA-649-ORD-SNA,aa-649-ord-sna
flight,1712,UA-828-SFO-ORD,ua-828-sfo-ord
flight,1713,CO-4888-IAH-DAL,co-4888-iah-dal
flight,1714,AA-3063-SLC-LAX,aa-3063-slc-lax
flight,1715,AA-3804-PHL-ORD,aa-3804-phl-ord
flight,1716,AA-1917-JFK-MCO,aa-1917-jfk-mco
flight,1717,AA-2268-PHX-ORD,aa-2268-phx-ord
flight,1718,AA-4277-CVG-JFK,aa-4277-cvg-jfk
flight,1719,AA-789-ORD-DEN,aa-789-ord-den
flight,1720,AA-85-JFK-SFO,aa-85-jfk-sfo
flight,1721,AA-3786-IAH-ORD,aa-3786-iah-ord
flight,1722,AA-222-LAX-BOS,aa-222-lax-bos
flight,1723,UA-3099-PHX-PHL,ua-3099-phx-phl
flight,1724,AA-4198-ORD-CLE,aa-4198-ord-cle
flight,1725,CO-45-EWR-MIA,co-45-ewr-mia
flight,1726,AA-3809-PHX-LAX,aa-3809-phx-lax
flight,1727,AA-59-JFK-SFO,aa-59-jfk-sfo
flight,1728,UA-397-JFK-SFO,ua-397-jfk-sfo
flight,1729,UA-3925-IAD-ORF,ua-3925-iad-orf
flight,1730,UA-2830-MCO-CLT,ua-2830-mco-clt
flight,1731,UA-5487-SFO-MRY,ua-5487-sfo-mry
flight,1732,UA-2726-FLL-PHL,ua-2726-fll-phl
flight,1733,UA-3050-PHX-CLT,ua-3050-phx-clt
flight,1734,UA-382-IAD-LAX,ua-382-iad-lax
flight,1735,UA-2945-PHL-CLT,ua-2945-phl-clt
flight,1736,UA-854-SFO-IAH,ua-854-sfo-iah
flight,1737,UA-3515-IAD-MSP,ua-3515-iad-msp
flight,1738,UA-248-PHX-ORD,ua-248-phx-ord
flight,1739,UA-843-LAX-ORD,ua-843-lax-ord
flight,1740,UA-2906-PHL-MCO,ua-2906-phl-mco
flight,1741,UA-938-DEN-ORD,ua-938-den-ord
flight,1742,UA-2515-DFW-CLT,ua-2515-dfw-clt
flight,1743,UA-664-ORD-PHL,ua-664-ord-phl
flight,1744,UA-37-EWR-MCO,ua-37-ewr-mco
flight,1745,UA-233-LAX-JFK,ua-233-lax-jfk
flight,1746,UA-3373-IAD-PHL,ua-3373-iad-phl
flight,1747,UA-6273-YYC-SFO,ua-6273-yyc-sfo
flight,1748,UA-828-SFO-ORD,ua-828-sfo-ord
flight,1749,UA-858-PVG-SFO,ua-858-pvg-sfo
flight,1750,UA-2704-DTW-PHX,ua-2704-dtw-phx
flight,1751,UA-2708-EWR-CLT,ua-2708-ewr-clt
flight,1752,UA-62-IAH-EWR,ua-62-iah-ewr
flight,1753,UA-1500-IAH-GUA,ua-1500-iah-gua
flight,1754,UA-2314-ATL-PHL,ua-2314-atl-phl
flight,1755,UA-37-EDI-EWR,ua-37-edi-ewr
flight,1756,UA-3099-PHX-PHL,ua-3099-phx-phl
flight,1757,UA-414-LAX-SFO,ua-414-lax-sfo
flight,1758,UA-257-JFK-SFO,ua-257-jfk-sfo
flight,1759,AA-3859-IAH-ORD,aa-3859-iah-ord
flight,1760,CO-1586-IAH-MCO,co-1586-iah-mco
flight,1761,AA-518-MIA-JFK,aa-518-mia-jfk
flight,1762,UA-397-JFK-SFO,ua-397-jfk-sfo
flight,1763,UA-3925-IAD-ORF,ua-3925-iad-orf
flight,1764,AA-1733-ORD-PHX,aa-1733-ord-phx
flight,1765,AA-3-JFK-LAX,aa-3-jfk-lax
flight,1766,UA-2830-MCO-CLT,ua-2830-mco-clt
flight,1767,CO-58-DEN-IAH,co-58-den-iah
flight,1768,UA-5487-SFO-MRY,ua-5487-sfo-mry
flight,1769,AA-204-LAX-MCO,aa-204-lax-mco
flight,1770,UA-414-LAX-SFO,ua-414-lax-sfo
flight,1771,CO-1614-LAX-IAH,co-1614-lax-iah
flight,1772,UA-2726-FLL-PHL,ua-2726-fll-phl
flight,1773,CO-52-IAH-LAX,co-52-iah-lax
flight,1774,CO-1090-BOS-IAH,co-1090-bos-iah
flight,1775,AA-616-DFW-DTW,aa-616-dfw-dtw
flight,1776,UA-3515-IAD-MSP,ua-3515-iad-msp
flight,1777,AA-3468-CVG-MIA,aa-3468-cvg-mia
flight,1778,AA-484-DFW-MIA,aa-484-dfw-mia
flight,1779,AA-1886-BOS-MIA,aa-1886-bos-mia
flight,1780,CO-62-IAH-EWR,co-62-iah-ewr
flight,1781,CO-1561-PHX-IAH,co-1561-phx-iah
flight,1782,UA-2314-ATL-PHL,ua-2314-atl-phl
flight,1783,AA-446-DFW-PHL,aa-446-dfw-phl
flight,1784,CO-1023-IAH-DEN,co-1023-iah-den
flight,1785,AA-466-IAH-MIA,aa-466-iah-mia
flight,1786,UA-3050-PHX-CLT,ua-3050-phx-clt
flight,1787,CO-89-IAH-EWR,co-89-iah-ewr
flight,1788,CO-1088-CLE-IAH,co-1088-cle-iah
flight,1789,AA-1664-MIA-ATL,aa-1664-mia-atl
flight,1790,AA-1279-DFW-PHX,aa-1279-dfw-phx
flight,1791,UA-854-SFO-IAH,ua-854-sfo-iah
flight,1792,UA-382-IAD-LAX,ua-382-iad-lax
flight,1793,AA-4344-ORD-DTW,aa-4344-ord-dtw
flight,1794,UA-257-JFK-SFO,ua-257-jfk-sfo
flight,1795,UA-2945-PHL-CLT,ua-2945-phl-clt
flight,1796,CO-63-EWR-IAH,co-63-ewr-iah
flight,1797,CO-47-IAH-LAX,co-47-iah-lax
flight,1798,AA-2050-ORD-MIA,aa-2050-ord-mia
flight,1799,UA-248-PHX-ORD,ua-248-phx-ord
flight,1800,AA-4330-CVG-ORD,aa-4330-cvg-ord
flight,1801,AA-1434-DFW-MCO,aa-1434-dfw-mco
flight,1802,AA-1640-MIA-MCO,aa-1640-mia-mco
flight,1803,AA-4307-ORD-DTW,aa-4307-ord-dtw
flight,1804,CO-1694-LAX-IAH,co-1694-lax-iah
flight,1805,UA-843-LAX-ORD,ua-843-lax-ord
flight,1806,CO-1193-EWR-MCO,co-1193-ewr-mco
flight,1807,AA-3842-MSP-ORD,aa-3842-msp-ord
flight,1808,AA-643-MIA-ORD,aa-643-mia-ord
flight,1809,AA-1007-MIA-PHX,aa-1007-mia-phx
flight,1810,UA-2906-PHL-MCO,ua-2906-phl-mco
flight,1811,UA-938-DEN-ORD,ua-938-den-ord
flight,1812,AA-1221-MCO-ORD,aa-1221-mco-ord
flight,1813,CO-16-LAX-EWR,co-16-lax-ewr
flight,1814,UA-2515-DFW-CLT,ua-2515-dfw-clt
flight,1815,AA-400-DFW-JFK,aa-400-dfw-jfk
flight,1816,UA-664-ORD-PHL,ua-664-ord-phl
flight,1817,AA-3756-ORD-SLC,aa-3756-ord-slc
flight,1818,UA-37-EWR-MCO,ua-37-ewr-mco
flight,1819,AA-1522-SFO-ORD,aa-1522-sfo-ord
flight,1820,UA-233-LAX-JFK,ua-233-lax-jfk
flight,1821,AA-3823-LAX-DEN,aa-3823-lax-den
flight,1822,AA-2312-DFW-DTW,aa-2312-dfw-dtw
flight,1823,AA-1165-JFK-MIA,aa-1165-jfk-mia
flight,1824,AA-431-MIA-SFO,aa-431-mia-sfo
flight,1825,UA-3373-IAD-PHL,ua-3373-iad-phl
flight,1826,AA-649-ORD-SNA,aa-649-ord-sna
flight,1827,CO-1250-MIA-IAH,co-1250-mia-iah
flight,1828,UA-6273-YYC-SFO,ua-6273-yyc-sfo
flight,1829,UA-828-SFO-ORD,ua-828-sfo-ord
flight,1830,CO-4888-IAH-DAL,co-4888-iah-dal
flight,1831,UA-858-PVG-SFO,ua-858-pvg-sfo
flight,1832,UA-2704-DTW-PHX,ua-2704-dtw-phx
flight,1833,AA-3063-SLC-LAX,aa-3063-slc-lax
flight,1834,UA-2708-EWR-CLT,ua-2708-ewr-clt
flight,1835,UA-62-IAH-EWR,ua-62-iah-ewr
flight,1836,UA-1500-IAH-GUA,ua-1500-iah-gua
flight,1837,AA-3804-PHL-ORD,aa-3804-phl-ord
flight,1838,AA-1917-JFK-MCO,aa-1917-jfk-mco
flight,1839,AA-2268-PHX-ORD,aa-2268-phx-ord
flight,1840,AA-4277-CVG-JFK,aa-4277-cvg-jfk
flight,1841,AA-2957-DFW-CVG,aa-2957-dfw-cvg
flight,1842,UA-37-EDI-EWR,ua-37-edi-ewr
flight,1843,AA-789-ORD-DEN,aa-789-ord-den
flight,1844,AA-415-BOS-ORD,aa-415-bos-ord
flight,1845,AA-85-JFK-SFO,aa-85-jfk-sfo
flight,1846,AA-3979-CVG-ORD,aa-3979-cvg-ord
flight,1847,AA-1544-SAN-ORD,aa-1544-san-ord
flight,1848,AA-3786-IAH-ORD,aa-3786-iah-ord
flight,1849,AA-271-MIA-LAX,aa-271-mia-lax
flight,1850,AA-2525-DFW-MIA,aa-2525-dfw-mia
flight,1851,CO-50-CLE-EWR,co-50-cle-ewr
flight,1852,UA-3099-PHX-PHL,ua-3099-phx-phl
flight,1853,AA-4198-ORD-CLE,aa-4198-ord-cle
flight,1854,AA-404-MIA-MCO,aa-404-mia-mco
flight,1855,CO-45-EWR-MIA,co-45-ewr-mia
flight,1856,AA-3809-PHX-LAX,aa-3809-phx-lax
flight,1857,AA-59-JFK-SFO,aa-59-jfk-sfo
flight,1858,AA-222-LAX-BOS,aa-222-lax-bos
flight,1859,AA-3859-IAH-ORD,aa-3859-iah-ord
flight,1860,CO-1586-IAH-MCO,co-1586-iah-mco
flight,1861,AA-518-MIA-JFK,aa-518-mia-jfk
flight,1862,UA-397-JFK-SFO,ua-397-jfk-sfo
flight,1863,UA-3925-IAD-ORF,ua-3925-iad-orf
flight,1864,AA-1733-ORD-PHX,aa-1733-ord-phx
flight,1865,AA-4344-ORD-DTW,aa-4344-ord-dtw
flight,1866,AA-1640-MIA-MCO,aa-1640-mia-mco
flight,1867,UA-2830-MCO-CLT,ua-2830-mco-clt
flight,1868,CO-58-DEN-IAH,co-58-den-iah
flight,1869,AA-204-LAX-MCO,aa-204-lax-mco
flight,1870,UA-414-LAX-SFO,ua-414-lax-sfo
flight,1871,CO-1614-LAX-IAH,co-1614-lax-iah
flight,1872,UA-2726-FLL-PHL,ua-2726-fll-phl
flight,1873,CO-52-IAH-LAX,co-52-iah-lax
flight,1874,CO-1090-BOS-IAH,co-1090-bos-iah
flight,1875,AA-3468-CVG-MIA,aa-3468-cvg-mia
flight,1876,UA-3515-IAD-MSP,ua-3515-iad-msp
flight,1877,AA-484-DFW-MIA,aa-484-dfw-mia
flight,1878,AA-616-DFW-DTW,aa-616-dfw-dtw
flight,1879,CO-62-IAH-EWR,co-62-iah-ewr
flight,1880,CO-63-EWR-IAH,co-63-ewr-iah
flight,1881,AA-446-DFW-PHL,aa-446-dfw-phl
flight,1882,CO-1023-IAH-DEN,co-1023-iah-den
flight,1883,AA-466-IAH-MIA,aa-466-iah-mia
flight,1884,UA-3050-PHX-CLT,ua-3050-phx-clt
flight,1885,CO-89-IAH-EWR,co-89-iah-ewr
flight,1886,CO-1088-CLE-IAH,co-1088-cle-iah
flight,1887,AA-2957-DFW-CVG,aa-2957-dfw-cvg
flight,1888,AA-1664-MIA-ATL,aa-1664-mia-atl
flight,1889,AA-3979-CVG-ORD,aa-3979-cvg-ord
flight,1890,AA-1279-DFW-PHX,aa-1279-dfw-phx
flight,1891,AA-404-MIA-MCO,aa-404-mia-mco
flight,1892,AA-3756-ORD-SLC,aa-3756-ord-slc
flight,1893,UA-382-IAD-LAX,ua-382-iad-lax
flight,1894,UA-2945-PHL-CLT,ua-2945-phl-clt
flight,1895,CO-47-IAH-LAX,co-47-iah-lax
flight,1896,AA-271-MIA-LAX,aa-271-mia-lax
flight,1897,AA-2050-ORD-MIA,aa-2050-ord-mia
flight,1898,UA-248-PHX-ORD,ua-248-phx-ord
flight,1899,AA-4330-CVG-ORD,aa-4330-cvg-ord
flight,1900,AA-1434-DFW-MCO,aa-1434-dfw-mco
flight,1901,CO-1561-PHX-IAH,co-1561-phx-iah
flight,1902,AA-4307-ORD-DTW,aa-4307-ord-dtw
flight,1903,AA-3-JFK-LAX,aa-3-jfk-lax
flight,1904,CO-1694-LAX-IAH,co-1694-lax-iah
flight,1905,UA-843-LAX-ORD,ua-843-lax-ord
flight,1906,CO-1193-EWR-MCO,co-1193-ewr-mco
flight,1907,AA-3842-MSP-ORD,aa-3842-msp-ord
flight,1908,AA-643-MIA-ORD,aa-643-mia-ord
flight,1909,AA-1007-MIA-PHX,aa-1007-mia-phx
flight,1910,AA-2525-DFW-MIA,aa-2525-dfw-mia
flight,1911,UA-2906-PHL-MCO,ua-2906-phl-mco
flight,1912,UA-938-DEN-ORD,ua-938-den-ord
flight,1913,AA-1221-MCO-ORD,aa-1221-mco-ord
flight,1914,CO-16-LAX-EWR,co-16-lax-ewr
flight,1915,UA-2515-DFW-CLT,ua-2515-dfw-clt
flight,1916,AA-400-DFW-JFK,aa-400-dfw-jfk
flight,1917,UA-664-ORD-PHL,ua-664-ord-phl
flight,1918,UA-37-EWR-MCO,ua-37-ewr-mco
flight,1919,AA-1522-SFO-ORD,aa-1522-sfo-ord
flight,1920,UA-233-LAX-JFK,ua-233-lax-jfk
flight,1921,AA-3823-LAX-DEN,aa-3823-lax-den
flight,1922,AA-2312-DFW-DTW,aa-2312-dfw-dtw
flight,1923,UA-2314-ATL-PHL,ua-2314-atl-phl
flight,1924,AA-1165-JFK-MIA,aa-1165-jfk-mia
flight,1925,AA-431-MIA-SFO,aa-431-mia-sfo
flight,1926,UA-257-JFK-SFO,ua-257-jfk-sfo
flight,1927,UA-3373-IAD-PHL,ua-3373-iad-phl
flight,1928,CO-1250-MIA-IAH,co-1250-mia-iah
flight,1929,UA-828-SFO-ORD,ua-828-sfo-ord
flight,1930,CO-4888-IAH-DAL,co-4888-iah-dal
flight,1931,UA-2704-DTW-PHX,ua-2704-dtw-phx
flight,1932,AA-3063-SLC-LAX,aa-3063-slc-lax
flight,1933,UA-2708-EWR-CLT,ua-2708-ewr-clt
flight,1934,UA-62-IAH-EWR,ua-62-iah-ewr
flight,1935,AA-3804-PHL-ORD,aa-3804-phl-ord
flight,1936,AA-1917-JFK-MCO,aa-1917-jfk-mco
flight,1937,AA-2268-PHX-ORD,aa-2268-phx-ord
flight,1938,AA-4277-CVG-JFK,aa-4277-cvg-jfk
flight,1939,AA-789-ORD-DEN,aa-789-ord-den
flight,1940,UA-854-SFO-IAH,ua-854-sfo-iah
flight,1941,AA-415-BOS-ORD,aa-415-bos-ord
flight,1942,AA-85-JFK-SFO,aa-85-jfk-sfo
flight,1943,AA-3786-IAH-ORD,aa-3786-iah-ord
flight,1944,AA-222-LAX-BOS,aa-222-lax-bos
flight,1945,CO-50-CLE-EWR,co-50-cle-ewr
flight,1946,UA-3099-PHX-PHL,ua-3099-phx-phl
flight,1947,AA-4198-ORD-CLE,aa-4198-ord-cle
flight,1948,CO-45-EWR-MIA,co-45-ewr-mia
flight,1949,AA-3809-PHX-LAX,aa-3809-phx-lax
flight,1950,AA-59-JFK-SFO,aa-59-jfk-sfo
flight,1951,AA-3859-IAH-ORD,aa-3859-iah-ord
flight,1952,CO-1586-IAH-MCO,co-1586-iah-mco
flight,1953,AA-518-MIA-JFK,aa-518-mia-jfk
flight,1954,UA-397-JFK-SFO,ua-397-jfk-sfo
flight,1955,UA-3925-IAD-ORF,ua-3925-iad-orf
flight,1956,AA-1733-ORD-PHX,aa-1733-ord-phx
flight,1957,AA-3-JFK-LAX,aa-3-jfk-lax
flight,1958,UA-2830-MCO-CLT,ua-2830-mco-clt
flight,1959,CO-58-DEN-IAH,co-58-den-iah
flight,1960,UA-5487-SFO-MRY,ua-5487-sfo-mry
flight,1961,AA-204-LAX-MCO,aa-204-lax-mco
flight,1962,UA-414-LAX-SFO,ua-414-lax-sfo
flight,1963,CO-1614-LAX-IAH,co-1614-lax-iah
flight,1964,UA-2726-FLL-PHL,ua-2726-fll-phl
flight,1965,CO-52-IAH-LAX,co-52-iah-lax
flight,1966,CO-1090-BOS-IAH,co-1090-bos-iah
flight,1967,AA-616-DFW-DTW,aa-616-dfw-dtw
flight,1968,UA-3515-IAD-MSP,ua-3515-iad-msp
flight,1969,AA-3468-CVG-MIA,aa-3468-cvg-mia
flight,1970,AA-484-DFW-MIA,aa-484-dfw-mia
flight,1971,AA-1886-BOS-MIA,aa-1886-bos-mia
flight,1972,CO-62-IAH-EWR,co-62-iah-ewr
flight,1973,CO-1561-PHX-IAH,co-1561-phx-iah
flight,1974,UA-2314-ATL-PHL,ua-2314-atl-phl
flight,1975,AA-446-DFW-PHL,aa-446-dfw-phl
flight,1976,CO-1023-IAH-DEN,co-1023-iah-den
flight,1977,AA-466-IAH-MIA,aa-466-iah-mia
flight,1978,UA-3050-PHX-CLT,ua-3050-phx-clt
flight,1979,CO-89-IAH-EWR,co-89-iah-ewr
flight,1980,CO-1088-CLE-IAH,co-1088-cle-iah
flight,1981,AA-1664-MIA-ATL,aa-1664-mia-atl
flight,1982,AA-1279-DFW-PHX,aa-1279-dfw-phx
flight,1983,UA-854-SFO-IAH,ua-854-sfo-iah
flight,1984,UA-382-IAD-LAX,ua-382-iad-lax
flight,1985,AA-4344-ORD-DTW,aa-4344-ord-dtw
flight,1986,UA-257-JFK-SFO,ua-257-jfk-sfo
flight,1987,UA-2945-PHL-CLT,ua-2945-phl-clt
flight,1988,CO-63-EWR-IAH,co-63-ewr-iah
flight,1989,CO-47-IAH-LAX,co-47-iah-lax
flight,1990,AA-2050-ORD-MIA,aa-2050-ord-mia
flight,1991,UA-248-PHX-ORD,ua-248-phx-ord
flight,1992,AA-4330-CVG-ORD,aa-4330-cvg-ord
flight,1993,AA-1434-DFW-MCO,aa-1434-dfw-mco
flight,1994,AA-1640-MIA-MCO,aa-1640-mia-mco
flight,1995,AA-4307-ORD-DTW,aa-4307-ord-dtw
flight,1996,CO-1694-LAX-IAH,co-1694-lax-iah
flight,1997,UA-843-LAX-ORD,ua-843-lax-ord
flight,1998,CO-1193-EWR-MCO,co-1193-ewr-mco
flight,1999,AA-3842-MSP-ORD,aa-3842-msp-ord
flight,2000,AA-643-MIA-ORD,aa-643-mia-ord
flight,2001,AA-1007-MIA-PHX,aa-1007-mia-phx
flight,2002,UA-2906-PHL-MCO,ua-2906-phl-mco
flight,2003,UA-938-DEN-ORD,ua-938-den-ord
flight,2004,AA-1221-MCO-ORD,aa-1221-mco-ord
flight,2005,CO-16-LAX-EWR,co-16-lax-ewr
flight,2006,UA-2515-DFW-CLT,ua-2515-dfw-clt
flight,2007,AA-400-DFW-JFK,aa-400-dfw-jfk
flight,2008,UA-664-ORD-PHL,ua-664-ord-phl
flight,2009,AA-3756-ORD-SLC,aa-3756-ord-slc
flight,2010,UA-37-EWR-MCO,ua-37-ewr-mco
flight,2011,AA-1522-SFO-ORD,aa-1522-sfo-ord
flight,2012,UA-233-LAX-JFK,ua-233-lax-jfk
flight,2013,AA-3823-LAX-DEN,aa-3823-lax-den
flight,2014,AA-2312-DFW-DTW,aa-2312-dfw-dtw
flight,2015,AA-1165-JFK-MIA,aa-1165-jfk-mia
flight,2016,AA-431-MIA-SFO,aa-431-mia-sfo
flight,2017,UA-3373-IAD-PHL,ua-3373-iad-phl
flight,2018,AA-649-ORD-SNA,aa-649-ord-sna
flight,2019,CO-1250-MIA-IAH,co-1250-mia-iah
flight,2020,UA-6273-YYC-SFO,ua-6273-yyc-sfo
flight,2021,UA-828-SFO-ORD,ua-828-sfo-ord
flight,2022,CO-4888-IAH-DAL,co-4888-iah-dal
flight,2023,UA-858-PVG-SFO,ua-858-pvg-sfo
flight,2024,UA-2704-DTW-PHX,ua-2704-dtw-phx
flight,2025,AA-3063-SLC-LAX,aa-3063-slc-lax
flight,2026,UA-2708-EWR-CLT,ua-2708-ewr-clt
flight,2027,UA-62-IAH-EWR,ua-62-iah-ewr
flight,2028,UA-1500-IAH-GUA,ua-1500-iah-gua
flight,2029,AA-3804-PHL-ORD,aa-3804-phl-ord
flight,2030,AA-1917-JFK-MCO,aa-1917-jfk-mco
flight,2031,AA-2268-PHX-ORD,aa-2268-phx-ord
flight,2032,AA-4277-CVG-JFK,aa-4277-cvg-jfk
flight,2033,AA-2957-DFW-CVG,aa-2957-dfw-cvg
flight,2034,UA-37-EDI-EWR,ua-37-edi-ewr
flight,2035,AA-789-ORD-DEN,aa-789-ord-den
flight,2036,AA-415-BOS-ORD,aa-415-bos-ord
flight,2037,AA-85-JFK-SFO,aa-85-jfk-sfo
flight,2038,AA-3979-CVG-ORD,aa-3979-cvg-ord
flight,2039,AA-1544-SAN-ORD,aa-1544-san-ord
flight,2040,AA-3786-IAH-ORD,aa-3786-iah-ord
flight,2041,AA-271-MIA-LAX,aa-271-mia-lax
flight,2042,AA-2525-DFW-MIA,aa-2525-dfw-mia
flight,2043,CO-50-CLE-EWR,co-50-cle-ewr
flight,2044,UA-3099-PHX-PHL,ua-3099-phx-phl
flight,2045,AA-4198-ORD-CLE,aa-4198-ord-cle
flight,2046,AA-404-MIA-MCO,aa-404-mia-mco
flight,2047,CO-45-EWR-MIA,co-45-ewr-mia
flight,2048,AA-3809-PHX-LAX,aa-3809-phx-lax
flight,2049,AA-59-JFK-SFO,aa-59-jfk-sfo
flight,2050,AA-222-LAX-BOS,aa-222-lax-bos
flight,2051,AA-3859-IAH-ORD,aa-3859-iah-ord
flight,2052,CO-1586-IAH-MCO,co-1586-iah-mco
flight,2053,AA-518-MIA-JFK,aa-518-mia-jfk
flight,2054,UA-397-JFK-SFO,ua-397-jfk-sfo
flight,2055,UA-3925-IAD-ORF,ua-3925-iad-orf
flight,2056,AA-1733-ORD-PHX,aa-1733-ord-phx
flight,2057,AA-3-JFK-LAX,aa-3-jfk-lax
flight,2058,UA-2830-MCO-CLT,ua-2830-mco-clt
flight,2059,CO-58-DEN-IAH,co-58-den-iah
flight,2060,UA-5487-SFO-MRY,ua-5487-sfo-mry
flight,2061,AA-204-LAX-MCO,aa-204-lax-mco
flight,2062,UA-414-LAX-SFO,ua-414-lax-sfo
flight,2063,CO-1614-LAX-IAH,co-1614-lax-iah
flight,2064,UA-2726-FLL-PHL,ua-2726-fll-phl
flight,2065,CO-52-IAH-LAX,co-52-iah-lax
flight,2066,CO-1090-BOS-IAH,co-1090-bos-iah
flight,2067,AA-616-DFW-DTW,aa-616-dfw-dtw
flight,2068,UA-3515-IAD-MSP,ua-3515-iad-msp
flight,2069,AA-3468-CVG-MIA,aa-3468-cvg-mia
flight,2070,AA-484-DFW-MIA,aa-484-dfw-mia
flight,2071,AA-1886-BOS-MIA,aa-1886-bos-mia
flight,2072,CO-62-IAH-EWR,co-62-iah-ewr
flight,2073,CO-1561-PHX-IAH,co-1561-phx-iah
flight,2074,UA-2314-ATL-PHL,ua-2314-atl-phl
flight,2075,AA-446-DFW-PHL,aa-446-dfw-phl
flight,2076,CO-1023-IAH-DEN,co-1023-iah-den
flight,2077,AA-466-IAH-MIA,aa-466-iah-mia
flight,2078,UA-3050-PHX-CLT,ua-3050-phx-clt
flight,2079,CO-89-IAH-EWR,co-89-iah-ewr
flight,2080,CO-1088-CLE-IAH,co-1088-cle-iah
flight,2081,AA-1664-MIA-ATL,aa-1664-mia-atl
flight,2082,AA-1279-DFW-PHX,aa-1279-dfw-phx
flight,2083,UA-854-SFO-IAH,ua-854-sfo-iah
flight,2084,UA-382-IAD-LAX,ua-382-iad-lax
flight,2085,AA-4344-ORD-DTW,aa-4344-ord-dtw
flight,2086,UA-257-JFK-SFO,ua-257-jfk-sfo
flight,2087,UA-2945-PHL-CLT,ua-2945-phl-clt
flight,2088,CO-63-EWR-IAH,co-63-ewr-iah
flight,2089,CO-47-IAH-LAX,co-47-iah-lax
flight,2090,AA-2050-ORD-MIA,aa-2050-ord-mia
flight,2091,UA-248-PHX-ORD,ua-248-phx-ord
flight,2092,AA-4330-CVG-ORD,aa-4330-cvg-ord
flight,2093,AA-1434-DFW-MCO,aa-1434-dfw-mco
flight,2094,AA-1640-MIA-MCO,aa-1640-mia-mco
flight,2095,AA-4307-ORD-DTW,aa-4307-ord-dtw
flight,2096,CO-1694-LAX-IAH,co-1694-lax-iah
flight,2097,UA-843-LAX-ORD,ua-843-lax-ord
flight,2098,CO-1193-EWR-MCO,co-1193-ewr-mco
flight,2099,AA-3842-MSP-ORD,aa-3842-msp-ord
flight,2100,AA-643-MIA-ORD,aa-643-mia-ord
flight,2101,AA-1007-MIA-PHX,aa-1007-mia-phx
flight,2102,UA-2906-PHL-MCO,ua-2906-phl-mco
flight,2103,UA-938-DEN-ORD,ua-938-den-ord
flight,2104,AA-1221-MCO-ORD,aa-1221-mco-ord
flight,2105,CO-16-LAX-EWR,co-16-lax-ewr
flight,2106,UA-2515-DFW-CLT,ua-2515-dfw-clt
flight,2107,AA-400-DFW-JFK,aa-400-dfw-jfk
flight,2108,UA-664-ORD-PHL,ua-664-ord-phl
flight,2109,AA-3756-ORD-SLC,aa-3756-ord-slc
flight,2110,UA-37-EWR-MCO,ua-37-ewr-mco
flight,2111,AA-1522-SFO-ORD,aa-1522-sfo-ord
flight,2112,UA-233-LAX-JFK,ua-233-lax-jfk
flight,2113,AA-3823-LAX-DEN,aa-3823-lax-den
flight,2114,AA-2312-DFW-DTW,aa-2312-dfw-dtw
flight,2115,AA-1165-JFK-MIA,aa-1165-jfk-mia
flight,2116,AA-431-MIA-SFO,aa-431-mia-sfo
flight,2117,UA-3373-IAD-PHL,ua-3373-iad-phl
flight,2118,AA-649-ORD-SNA,aa-649-ord-sna
flight,2119,CO-1250-MIA-IAH,co-1250-mia-iah
flight,2120,UA-6273-YYC-SFO,ua-6273-yyc-sfo
flight,2121,UA-828-SFO-ORD,ua-828-sfo-ord
flight,2122,CO-4888-IAH-DAL,co-4888-iah-dal
flight,2123,UA-858-PVG-SFO,ua-858-pvg-sfo
flight,2124,UA-2704-DTW-PHX,ua-2704-dtw-phx
flight,2125,AA-3063-SLC-LAX,aa-3063-slc-lax
flight,2126,UA-2708-EWR-CLT,ua-2708-ewr-clt
flight,2127,UA-62-IAH-EWR,ua-62-iah-ewr
flight,2128,UA-1500-IAH-GUA,ua-1500-iah-gua
flight,2129,AA-3804-PHL-ORD,aa-3804-phl-ord
flight,2130,AA-1917-JFK-MCO,aa-1917-jfk-mco
flight,2131,AA-2268-PHX-ORD,aa-2268-phx-ord
flight,2132,AA-4277-CVG-JFK,aa-4277-cvg-jfk
flight,2133,AA-2957-DFW-CVG,aa-2957-dfw-cvg
flight,2134,UA-37-EDI-EWR,ua-37-edi-ewr
flight,2135,AA-789-ORD-DEN,aa-789-ord-den
flight,2136,AA-415-BOS-ORD,aa-415-bos-ord
flight,2137,AA-85-JFK-SFO,aa-85-jfk-sfo
flight,2138,AA-3979-CVG-ORD,aa-3979-cvg-ord
flight,2139,AA-1544-SAN-ORD,aa-1544-san-ord
flight,2140,AA-3786-IAH-ORD,aa-3786-iah-ord
flight,2141,AA-271-MIA-LAX,aa-271-mia-lax
flight,2142,AA-2525-DFW-MIA,aa-2525-dfw-mia
flight,2143,CO-50-CLE-EWR,co-50-cle-ewr
flight,2144,UA-3099-PHX-PHL,ua-3099-phx-phl
flight,2145,AA-4198-ORD-CLE,aa-4198-ord-cle
flight,2146,AA-404-MIA-MCO,aa-404-mia-mco
flight,2147,CO-45-EWR-MIA,co-45-ewr-mia
flight,2148,AA-3809-PHX-LAX,aa-3809-phx-lax
flight,2149,AA-59-JFK-SFO,aa-59-jfk-sfo
flight,2150,AA-222-LAX-BOS,aa-222-lax-bos
flight,2151,CO-58-DEN-IAH,co-58-den-iah
flight,2152,CO-1023-IAH-DEN,co-1023-iah-den
flight,2153,AA-3823-LAX-DEN,aa-3823-lax-den
flight,2154,UA-938-DEN-ORD,ua-938-den-ord
flight,2155,AA-789-ORD-DEN,aa-789-ord-den
flight,2156,AA-3859-IAH-ORD,aa-3859-iah-ord
flight,2157,CO-1586-IAH-MCO,co-1586-iah-mco
flight,2158,AA-518-MIA-JFK,aa-518-mia-jfk
flight,2159,UA-397-JFK-SFO,ua-397-jfk-sfo
flight,2160,UA-3925-IAD-ORF,ua-3925-iad-orf
flight,2161,AA-1733-ORD-PHX,aa-1733-ord-phx
flight,2162,AA-3-JFK-LAX,aa-3-jfk-lax
flight,2163,UA-2830-MCO-CLT,ua-2830-mco-clt
flight,2164,CO-58-DEN-IAH,co-58-den-iah
flight,2165,UA-5487-SFO-MRY,ua-5487-sfo-mry
flight,2166,AA-204-LAX-MCO,aa-204-lax-mco
flight,2167,UA-414-LAX-SFO,ua-414-lax-sfo
flight,2168,CO-1614-LAX-IAH,co-1614-lax-iah
flight,2169,UA-2726-FLL-PHL,ua-2726-fll-phl
flight,2170,CO-52-IAH-LAX,co-52-iah-lax
flight,2171,CO-1090-BOS-IAH,co-1090-bos-iah
flight,2172,AA-616-DFW-DTW,aa-616-dfw-dtw
flight,2173,UA-3515-IAD-MSP,ua-3515-iad-msp
flight,2174,AA-3468-CVG-MIA,aa-3468-cvg-mia
flight,2175,AA-484-DFW-MIA,aa-484-dfw-mia
flight,2176,AA-1886-BOS-MIA,aa-1886-bos-mia
flight,2177,CO-62-IAH-EWR,co-62-iah-ewr
flight,2178,CO-1561-PHX-IAH,co-1561-phx-iah
flight,2179,UA-2314-ATL-PHL,ua-2314-atl-phl
flight,2180,AA-446-DFW-PHL,aa-446-dfw-phl
flight,2181,CO-1023-IAH-DEN,co-1023-iah-den
flight,2182,AA-466-IAH-MIA,aa-466-iah-mia
flight,2183,UA-3050-PHX-CLT,ua-3050-phx-clt
flight,2184,CO-89-IAH-EWR,co-89-iah-ewr
flight,2185,CO-1088-CLE-IAH,co-1088-cle-iah
flight,2186,AA-1664-MIA-ATL,aa-1664-mia-atl
flight,2187,AA-1279-DFW-PHX,aa-1279-dfw-phx
flight,2188,UA-854-SFO-IAH,ua-854-sfo-iah
flight,2189,UA-382-IAD-LAX,ua-382-iad-lax
flight,2190,AA-4344-ORD-DTW,aa-4344-ord-dtw
flight,2191,UA-257-JFK-SFO,ua-257-jfk-sfo
flight,2192,UA-2945-PHL-CLT,ua-2945-phl-clt
flight,2193,CO-63-EWR-IAH,co-63-ewr-iah
flight,2194,CO-47-IAH-LAX,co-47-iah-lax
flight,2195,AA-2050-ORD-MIA,aa-2050-ord-mia
flight,2196,UA-248-PHX-ORD,ua-248-phx-ord
flight,2197,AA-4330-CVG-ORD,aa-4330-cvg-ord
flight,2198,AA-1434-DFW-MCO,aa-1434-dfw-mco
flight,2199,AA-1640-MIA-MCO,aa-1640-mia-mco
flight,2200,AA-4307-ORD-DTW,aa-4307-ord-dtw
flight,2201,CO-1694-LAX-IAH,co-1694-lax-iah
flight,2202,UA-843-LAX-ORD,ua-843-lax-ord
flight,2203,CO-1193-EWR-MCO,co-1193-ewr-mco
flight,2204,AA-3842-MSP-ORD,aa-3842-msp-ord
flight,2205,AA-643-MIA-ORD,aa-643-mia-ord
flight,2206,AA-1007-MIA-PHX,aa-1007-mia-phx
flight,2207,UA-2906-PHL-MCO,ua-2906-phl-mco
flight,2208,UA-938-DEN-ORD,ua-938-den-ord
flight,2209,AA-1221-MCO-ORD,aa-1221-mco-ord
flight,2210,CO-16-LAX-EWR,co-16-lax-ewr
flight,2211,UA-2515-DFW-CLT,ua-2515-dfw-clt
flight,2212,AA-400-DFW-JFK,aa-400-dfw-jfk
flight,2213,UA-664-ORD-PHL,ua-664-ord-phl
flight,2214,AA-3756-ORD-SLC,aa-3756-ord-slc
flight,2215,UA-37-EWR-MCO,ua-37-ewr-mco
flight,2216,AA-1522-SFO-ORD,aa-1522-sfo-ord
flight,2217,UA-233-LAX-JFK,ua-233-lax-jfk
flight,2218,AA-3823-LAX-DEN,aa-3823-lax-den
flight,2219,AA-2312-DFW-DTW,aa-2312-dfw-dtw
flight,2220,AA-1165-JFK-MIA,aa-1165-jfk-mia
flight,2221,AA-431-MIA-SFO,aa-431-mia-sfo
flight,2222,UA-3373-IAD-PHL,ua-3373-iad-phl
flight,2223,AA-649-ORD-SNA,aa-649-ord-sna
flight,2224,CO-1250-MIA-IAH,co-1250-mia-iah
flight,2225,UA-6273-YYC-SFO,ua-6273-yyc-sfo
flight,2226,UA-828-SFO-ORD,ua-828-sfo-ord
flight,2227,CO-4888-IAH-DAL,co-4888-iah-dal
flight,2228,UA-858-PVG-SFO,ua-858-pvg-sfo
flight,2229,UA-2704-DTW-PHX,ua-2704-dtw-phx
flight,2230,AA-3063-SLC-LAX,aa-3063-slc-lax
flight,2231,UA-2708-EWR-CLT,ua-2708-ewr-clt
flight,2232,UA-62-IAH-EWR,ua-62-iah-ewr
flight,2233,UA-1500-IAH-GUA,ua-1500-iah-gua
flight,2234,AA-3804-PHL-ORD,aa-3804-phl-ord
flight,2235,AA-1917-JFK-MCO,aa-1917-jfk-mco
flight,2236,AA-2268-PHX-ORD,aa-2268-phx-ord
flight,2237,AA-4277-CVG-JFK,aa-4277-cvg-jfk
flight,2238,AA-2957-DFW-CVG,aa-2957-dfw-cvg
flight,2239,UA-37-EDI-EWR,ua-37-edi-ewr
flight,2240,AA-789-ORD-DEN,aa-789-ord-den
flight,2241,AA-415-BOS-ORD,aa-415-bos-ord
flight,2242,AA-85-JFK-SFO,aa-85-jfk-sfo
flight,2243,AA-3979-CVG-ORD,aa-3979-cvg-ord
flight,2244,AA-1544-SAN-ORD,aa-1544-san-ord
flight,2245,AA-3786-IAH-ORD,aa-3786-iah-ord
flight,2246,AA-271-MIA-LAX,aa-271-mia-lax
flight,2247,AA-2525-DFW-MIA,aa-2525-dfw-mia
flight,2248,CO-50-CLE-EWR,co-50-cle-ewr
flight,2249,UA-3099-PHX-PHL,ua-3099-phx-phl
flight,2250,AA-4198-ORD-CLE,aa-4198-ord-cle
flight,2251,AA-404-MIA-MCO,aa-404-mia-mco
flight,2252,CO-45-EWR-MIA,co-45-ewr-mia
flight,2253,AA-3809-PHX-LAX,aa-3809-phx-lax
flight,2254,AA-59-JFK-SFO,aa-59-jfk-sfo
flight,2255,AA-222-LAX-BOS,aa-222-lax-bos
flight,2256,AA-3859-IAH-ORD,aa-3859-iah-ord
flight,2257,AA-518-MIA-JFK,aa-518-mia-jfk
flight,2258,CO-1586-IAH-MCO,co-1586-iah-mco
flight,2259,UA-3925-IAD-ORF,ua-3925-iad-orf
flight,2260,AA-1733-ORD-PHX,aa-1733-ord-phx
flight,2261,AA-204-LAX-MCO,aa-204-lax-mco
flight,2262,UA-2726-FLL-PHL,ua-2726-fll-phl
flight,2263,CO-52-IAH-LAX,co-52-iah-lax
flight,2264,AA-3468-CVG-MIA,aa-3468-cvg-mia
flight,2265,AA-484-DFW-MIA,aa-484-dfw-mia
flight,2266,AA-616-DFW-DTW,aa-616-dfw-dtw
flight,2267,AA-446-DFW-PHL,aa-446-dfw-phl
flight,2268,CO-1023-IAH-DEN,co-1023-iah-den
flight,2269,AA-466-IAH-MIA,aa-466-iah-mia
flight,2270,UA-3050-PHX-CLT,ua-3050-phx-clt
flight,2271,AA-2957-DFW-CVG,aa-2957-dfw-cvg
flight,2272,AA-1664-MIA-ATL,aa-1664-mia-atl
flight,2273,AA-3979-CVG-ORD,aa-3979-cvg-ord
flight,2274,AA-1279-DFW-PHX,aa-1279-dfw-phx
flight,2275,AA-404-MIA-MCO,aa-404-mia-mco
flight,2276,AA-3756-ORD-SLC,aa-3756-ord-slc
flight,2277,UA-382-IAD-LAX,ua-382-iad-lax
flight,2278,UA-257-JFK-SFO,ua-257-jfk-sfo
flight,2279,UA-2945-PHL-CLT,ua-2945-phl-clt
flight,2280,CO-63-EWR-IAH,co-63-ewr-iah
flight,2281,AA-2525-DFW-MIA,aa-2525-dfw-mia
flight,2282,CO-47-IAH-LAX,co-47-iah-lax
flight,2283,AA-271-MIA-LAX,aa-271-mia-lax
flight,2284,AA-2050-ORD-MIA,aa-2050-ord-mia
flight,2285,AA-4330-CVG-ORD,aa-4330-cvg-ord
flight,2286,AA-1434-DFW-MCO,aa-1434-dfw-mco
flight,2287,AA-1640-MIA-MCO,aa-1640-mia-mco
flight,2288,AA-4307-ORD-DTW,aa-4307-ord-dtw
flight,2289,AA-3-JFK-LAX,aa-3-jfk-lax
flight,2290,CO-1694-LAX-IAH,co-1694-lax-iah
flight,2291,CO-1193-EWR-MCO,co-1193-ewr-mco
flight,2292,AA-3842-MSP-ORD,aa-3842-msp-ord
flight,2293,AA-643-MIA-ORD,aa-643-mia-ord
flight,2294,AA-1007-MIA-PHX,aa-1007-mia-phx
flight,2295,UA-2906-PHL-MCO,ua-2906-phl-mco
flight,2296,AA-1221-MCO-ORD,aa-1221-mco-ord
flight,2297,AA-400-DFW-JFK,aa-400-dfw-jfk
flight,2298,UA-664-ORD-PHL,ua-664-ord-phl
flight,2299,UA-37-EWR-MCO,ua-37-ewr-mco
flight,2300,UA-233-LAX-JFK,ua-233-lax-jfk
flight,2301,AA-3823-LAX-DEN,aa-3823-lax-den
flight,2302,AA-2312-DFW-DTW,aa-2312-dfw-dtw
flight,2303,AA-1165-JFK-MIA,aa-1165-jfk-mia
flight,2304,AA-431-MIA-SFO,aa-431-mia-sfo
flight,2305,AA-649-ORD-SNA,aa-649-ord-sna
flight,2306,UA-828-SFO-ORD,ua-828-sfo-ord
flight,2307,CO-4888-IAH-DAL,co-4888-iah-dal
flight,2308,AA-3063-SLC-LAX,aa-3063-slc-lax
flight,2309,AA-3804-PHL-ORD,aa-3804-phl-ord
flight,2310,AA-1917-JFK-MCO,aa-1917-jfk-mco
flight,2311,AA-2268-PHX-ORD,aa-2268-phx-ord
flight,2312,AA-4277-CVG-JFK,aa-4277-cvg-jfk
flight,2313,AA-789-ORD-DEN,aa-789-ord-den
flight,2314,AA-85-JFK-SFO,aa-85-jfk-sfo
flight,2315,AA-3786-IAH-ORD,aa-3786-iah-ord
flight,2316,AA-222-LAX-BOS,aa-222-lax-bos
flight,2317,UA-3099-PHX-PHL,ua-3099-phx-phl
flight,2318,AA-4198-ORD-CLE,aa-4198-ord-cle
flight,2319,CO-45-EWR-MIA,co-45-ewr-mia
flight,2320,AA-3809-PHX-LAX,aa-3809-phx-lax
flight,2321,AA-59-JFK-SFO,aa-59-jfk-sfo
flight,2322,AA-3859-IAH-ORD,aa-3859-iah-ord
flight,2323,AA-518-MIA-JFK,aa-518-mia-jfk
flight,2324,UA-397-JFK-SFO,ua-397-jfk-sfo
flight,2325,AA-1733-ORD-PHX,aa-1733-ord-phx
flight,2326,AA-1640-MIA-MCO,aa-1640-mia-mco
flight,2327,CO-1694-LAX-IAH,co-1694-lax-iah
flight,2328,UA-2830-MCO-CLT,ua-2830-mco-clt
flight,2329,AA-204-LAX-MCO,aa-204-lax-mco
flight,2330,UA-2726-FLL-PHL,ua-2726-fll-phl
flight,2331,AA-3468-CVG-MIA,aa-3468-cvg-mia
flight,2332,AA-484-DFW-MIA,aa-484-dfw-mia
flight,2333,AA-616-DFW-DTW,aa-616-dfw-dtw
flight,2334,AA-446-DFW-PHL,aa-446-dfw-phl
flight,2335,AA-466-IAH-MIA,aa-466-iah-mia
flight,2336,UA-3050-PHX-CLT,ua-3050-phx-clt
flight,2337,AA-2957-DFW-CVG,aa-2957-dfw-cvg
flight,2338,AA-1664-MIA-ATL,aa-1664-mia-atl
flight,2339,AA-3979-CVG-ORD,aa-3979-cvg-ord
flight,2340,AA-1279-DFW-PHX,aa-1279-dfw-phx
flight,2341,AA-404-MIA-MCO,aa-404-mia-mco
flight,2342,AA-3756-ORD-SLC,aa-3756-ord-slc
flight,2343,UA-2945-PHL-CLT,ua-2945-phl-clt
flight,2344,AA-2525-DFW-MIA,aa-2525-dfw-mia
flight,2345,AA-271-MIA-LAX,aa-271-mia-lax
flight,2346,AA-2050-ORD-MIA,aa-2050-ord-mia
flight,2347,AA-1434-DFW-MCO,aa-1434-dfw-mco
flight,2348,AA-4307-ORD-DTW,aa-4307-ord-dtw
flight,2349,AA-3-JFK-LAX,aa-3-jfk-lax
flight,2350,CO-1193-EWR-MCO,co-1193-ewr-mco
flight,2351,AA-3842-MSP-ORD,aa-3842-msp-ord
flight,2352,AA-643-MIA-ORD,aa-643-mia-ord
flight,2353,UA-2906-PHL-MCO,ua-2906-phl-mco
flight,2354,AA-1221-MCO-ORD,aa-1221-mco-ord
flight,2355,UA-664-ORD-PHL,ua-664-ord-phl
flight,2356,AA-1522-SFO-ORD,aa-1522-sfo-ord
flight,2357,UA-233-LAX-JFK,ua-233-lax-jfk
flight,2358,AA-3823-LAX-DEN,aa-3823-lax-den
flight,2359,AA-2312-DFW-DTW,aa-2312-dfw-dtw
flight,2360,AA-1165-JFK-MIA,aa-1165-jfk-mia
flight,2361,AA-431-MIA-SFO,aa-431-mia-sfo
flight,2362,UA-257-JFK-SFO,ua-257-jfk-sfo
flight,2363,AA-649-ORD-SNA,aa-649-ord-sna
flight,2364,AA-3804-PHL-ORD,aa-3804-phl-ord
flight,2365,AA-1917-JFK-MCO,aa-1917-jfk-mco
flight,2366,AA-2268-PHX-ORD,aa-2268-phx-ord
flight,2367,AA-4277-CVG-JFK,aa-4277-cvg-jfk
flight,2368,AA-789-ORD-DEN,aa-789-ord-den
flight,2369,AA-85-JFK-SFO,aa-85-jfk-sfo
flight,2370,AA-3786-IAH-ORD,aa-3786-iah-ord
flight,2371,AA-222-LAX-BOS,aa-222-lax-bos
flight,2372,UA-3099-PHX-PHL,ua-3099-phx-phl
flight,2373,AA-4198-ORD-CLE,aa-4198-ord-cle
flight,2374,CO-45-EWR-MIA,co-45-ewr-mia
flight,2375,AA-3809-PHX-LAX,aa-3809-phx-lax
flight,2376,AA-59-JFK-SFO,aa-59-jfk-sfo
sched_dep_time,1,07:10 AM,07:10 am
sched_dep_time,2,07:45 PM,07:45 pm
sched_dep_time,3,06:30 PM,06:30 pm
sched_dep_time,4,06:40 AM,06:40 am
sched_dep_time,5,12:15 PM,12:15 pm
sched_dep_time,6,11:25 PM,11:25 pm
sched_dep_time,7,07:00 AM,07:00 am
sched_dep_time,8,04:15 PM,04:15 pm
sched_dep_time,9,11:50 AM,11:50 am
sched_dep_time,10,06:00 AM,06:00 am
sched_dep_time,11,10:45 AM,10:45 am
sched_dep_time,12,07:55 AM,07:55 am
sched_dep_time,13,10:15 AM,10:15 am
sched_dep_time,14,07:30 AM,07:30 am
sched_dep_time,15,01:00 PM,01:00 pm
sched_dep_time,16,09:05 AM,09:05 am
sched_dep_time,17,11:45 AM,11:45 am
sched_dep_time,18,07:25 AM,07:25 am
sched_dep_time,19,06:45 AM,06:45 am
sched_dep_time,20,11:35 AM,11:35 am
sched_dep_time,21,10:40 AM,10:40 am
sched_dep_time,22,03:35 PM,03:35 pm
sched_dep_time,23,07:15 AM,07:15 am
sched_dep_time,24,06:45 PM,06:45 pm
sched_dep_time,25,12:00 PM,12:00 pm
sched_dep_time,26,06:00 AM,06:00 am
sched_dep_time,27,07:10 AM,07:10 am
sched_dep_time,28,04:55 PM,04:55 pm
sched_dep_time,29,08:00 PM,08:00 pm
sched_dep_time,30,10:40 AM,10:40 am
sched_dep_time,31,10:40 AM,10:40 am
sched_dep_time,32,11:55 PM,11:55 pm
sched_dep_time,33,09:00 PM,09:00 pm
sched_dep_time,34,08:25 PM,08:25 pm
sched_dep_time,35,06:59 AM,06:59 am
sched_dep_time,36,08:35 AM,08:35 am
sched_dep_time,37,01:30 PM,01:30 pm
sched_dep_time,38,08:20 PM,08:20 pm
sched_dep_time,39,02:35 PM,02:35 pm
sched_dep_time,40,02:55 PM,02:55 pm
sched_dep_time,41,07:15 AM,07:15 am
sched_dep_time,42,12:10 PM,12:10 pm
sched_dep_time,43,01:05 PM,01:05 pm
sched_dep_time,44,08:35 AM,08:35 am
sched_dep_time,45,03:05 PM,03:05 pm
sched_dep_time,46,11:25 AM,11:25 am
sched_dep_time,47,04:00 PM,04:00 pm
sched_dep_time,48,07:10 AM,07:10 am
sched_dep_time,49,06:00 AM,06:00 am
sched_dep_time,50,07:10 AM,07:10 am
sched_dep_time,51,07:10 AM,07:10 am
sched_dep_time,52,07:00 PM,07:00 pm
sched_dep_time,53,06:40 AM,06:40 am
sched_dep_time,54,08:00 AM,08:00 am
sched_dep_time,55,08:41 AM,08:41 am
sched_dep_time,56,07:45 PM,07:45 pm
sched_dep_time,57,03:27 PM,03:27 pm
sched_dep_time,58,11:25 AM,11:25 am
sched_dep_time,59,11:25 AM,11:25 am
sched_dep_time,60,10:39 AM,10:39 am
sched_dep_time,61,11:25 PM,11:25 pm
sched_dep_time,62,06:00 AM,06:00 am
sched_dep_time,63,12:30 AM,12:30 am
sched_dep_time,64,04:00 PM,04:00 pm
sched_dep_time,65,07:35 AM,07:35 am
sched_dep_time,66,09:45 AM,09:45 am
sched_dep_time,67,09:05 AM,09:05 am
sched_dep_time,68,08:15 AM,08:15 am
sched_dep_time,69,07:00 AM,07:00 am
sched_dep_time,70,04:15 PM,04:15 pm
sched_dep_time,71,10:45 AM,10:45 am
sched_dep_time,72,02:30 PM,02:30 pm
sched_dep_time,73,08:05 AM,08:05 am
sched_dep_time,74,02:55 PM,02:55 pm
sched_dep_time,75,11:50 AM,11:50 am
sched_dep_time,76,11:40 AM,11:40 am
sched_dep_time,77,06:00 AM,06:00 am
sched_dep_time,78,11:05 AM,11:05 am
sched_dep_time,79,06:00 AM,06:00 am
sched_dep_time,80,08:40 AM,08:40 am
sched_dep_time,81,10:15 AM,10:15 am
sched_dep_time,82,01:00 PM,01:00 pm
sched_dep_time,83,07:53 AM,07:53 am
sched_dep_time,84,12:30 PM,12:30 pm
sched_dep_time,85,11:45 AM,11:45 am
sched_dep_time,86,02:30 PM,02:30 pm
sched_dep_time,87,12:00 AM,12:00 pm
sched_dep_time,88,05:25 PM,05:25 pm
sched_dep_time,89,07:10 PM,07:10 pm
sched_dep_time,90,10:40 AM,10:40 am
sched_dep_time,91,12:57 PM,12:57 pm
sched_dep_time,92,03:35 PM,03:35 pm
sched_dep_time,93,07:15 AM,07:15 am
sched_dep_time,94,06:30 PM,06:30 pm
sched_dep_time,95,06:45 PM,06:45 pm
sched_dep_time,96,12:00 PM,12:00 pm
sched_dep_time,97,07:15 PM,07:15 pm
sched_dep_time,98,01:55 PM,01:55 pm
sched_dep_time,99,09:15 AM,09:15 am
sched_dep_time,100,06:00 AM,06:00 am
sched_dep_time,101,07:10 AM,07:10 am
sched_dep_time,102,04:55 PM,04:55 pm
sched_dep_time,103,07:25 AM,07:25 am
sched_dep_time,104,03:50 PM,03:50 pm
sched_dep_time,105,04:16 PM,04:16 pm
sched_dep_time,106,08:00 PM,08:00 pm
sched_dep_time,107,10:25 AM,10:25 am
sched_dep_time,108,07:05 AM,07:05 am
sched_dep_time,109,10:40 AM,10:40 am
sched_dep_time,110,01:33 PM,01:33 pm
sched_dep_time,111,12:15 PM,12:15 pm
sched_dep_time,112,01:29 PM,01:29 pm
sched_dep_time,113,11:55 PM,11:55 pm
sched_dep_time,114,04:25 PM,04:25 pm
sched_dep_time,115,09:00 PM,09:00 pm
sched_dep_time,116,08:25 PM,08:25 pm
sched_dep_time,117,06:59 AM,06:59 am
sched_dep_time,118,08:35 AM,08:35 am
sched_dep_time,119,08:29 AM,08:29 am
sched_dep_time,120,01:30 PM,01:30 pm
sched_dep_time,121,02:53 PM,02:53 pm
sched_dep_time,122,07:35 AM,not available
sched_dep_time,123,11:08 PM,11:08 pm
sched_dep_time,124,05:30 PM,05:30 pm
sched_dep_time,125,01:45 PM,01:45 pm
sched_dep_time,126,11:15 AM,11:15 am
sched_dep_time,127,08:20 PM,08:20 pm
sched_dep_time,128,02:55 PM,02:55 pm
sched_dep_time,129,02:30 PM,02:30 pm
sched_dep_time,130,08:55 AM,08:55 am
sched_dep_time,131,02:35 PM,02:35 pm
sched_dep_time,132,02:55 PM,02:55 pm
sched_dep_time,133,07:15 AM,07:15 am
sched_dep_time,134,12:10 PM,12:10 pm
sched_dep_time,135,07:55 AM,07:55 am
sched_dep_time,136,09:05 AM,9:05 am (-00:00)
sched_dep_time,137,01:05 PM,01:05 pm
sched_dep_time,138,08:35 AM,08:35 am
sched_dep_time,139,03:05 PM,03:05 pm
sched_dep_time,140,07:30 AM,07:30 am
sched_dep_time,141,04:00 PM,04:00 pm
sched_dep_time,142,11:35 AM,11:35 am
sched_dep_time,143,02:55 PM,02:55 pm
sched_dep_time,144,11:55 AM,11:55 am
sched_dep_time,145,10:40 AM,10:40 am
sched_dep_time,146,06:45 AM,06:45 am
sched_dep_time,147,04:00 PM,04:00 pm
sched_dep_time,148,06:00 AM,06:00 am
sched_dep_time,149,07:10 AM,07:10 am
sched_dep_time,150,07:10 AM,07:10 am
sched_dep_time,151,07:10 AM,07:10 am
sched_dep_time,152,07:00 PM,07:00 pm
sched_dep_time,153,06:40 AM,06:40 am
sched_dep_time,154,08:00 AM,08:00 am
sched_dep_time,155,08:41 AM,08:41 am
sched_dep_time,156,07:45 PM,07:45 pm
sched_dep_time,157,12:00 PM,12:00 pm
sched_dep_time,158,03:27 PM,03:27 pm
sched_dep_time,159,11:25 AM,11:25 am
sched_dep_time,160,10:39 AM,10:39 am
sched_dep_time,161,11:25 PM,11:25 pm
sched_dep_time,162,06:00 AM,06:00 am
sched_dep_time,163,12:30 AM,12:30 am
sched_dep_time,164,04:00 PM,04:00 pm
sched_dep_time,165,07:35 AM,07:35 am
sched_dep_time,166,09:45 AM,09:45 am
sched_dep_time,167,09:05 AM,09:05 am
sched_dep_time,168,08:15 AM,08:15 am
sched_dep_time,169,07:00 AM,07:00 am
sched_dep_time,170,04:15 PM,04:15 pm
sched_dep_time,171,10:45 AM,10:45 am
sched_dep_time,172,02:30 PM,02:30 pm
sched_dep_time,173,08:05 AM,08:05 am
sched_dep_time,174,02:55 PM,02:55 pm
sched_dep_time,175,11:50 AM,11:50 am
sched_dep_time,176,11:40 AM,11:40 am
sched_dep_time,177,06:00 AM,06:00 am
sched_dep_time,178,11:05 AM,11:05 am
sched_dep_time,179,06:00 AM,06:00 am
sched_dep_time,180,08:40 AM,08:40 am
sched_dep_time,181,10:15 AM,10:15 am
sched_dep_time,182,01:00 PM,01:00 pm
sched_dep_time,183,07:53 AM,07:53 am
sched_dep_time,184,12:30 PM,12:30 pm
sched_dep_time,185,11:45 AM,11:45 am
sched_dep_time,186,02:30 PM,02:30 pm
sched_dep_time,187,12:00 AM,12:00 pm
sched_dep_time,188,05:25 PM,05:25 pm
sched_dep_time,189,07:10 PM,07:10 pm
sched_dep_time,190,10:40 AM,10:40 am
sched_dep_time,191,12:57 PM,12:57 pm
sched_dep_time,192,03:35 PM,03:35 pm
sched_dep_time,193,07:15 AM,07:15 am
sched_dep_time,194,06:30 PM,06:30 pm
sched_dep_time,195,06:45 PM,06:45 pm
sched_dep_time,196,07:15 PM,07:15 pm
sched_dep_time,197,01:55 PM,01:55 pm
sched_dep_time,198,09:15 AM,09:15 am
sched_dep_time,199,06:00 AM,06:00 am
sched_dep_time,200,07:10 AM,07:10 am
sched_dep_time,201,04:55 PM,04:55 pm
sched_dep_time,202,03:50 PM,03:50 pm
sched_dep_time,203,04:16 PM,04:16 pm
sched_dep_time,204,08:00 PM,08:00 pm
sched_dep_time,205,10:25 AM,10:25 am
sched_dep_time,206,07:05 AM,07:05 am
sched_dep_time,207,10:40 AM,10:40 am
sched_dep_time,208,01:33 PM,01:33 pm
sched_dep_time,209,12:15 PM,12:15 pm
sched_dep_time,210,01:29 PM,01:29 pm
sched_dep_time,211,11:55 PM,11:55 pm
sched_dep_time,212,04:25 PM,04:25 pm
sched_dep_time,213,09:00 PM,09:00 pm
sched_dep_time,214,08:25 PM,08:25 pm
sched_dep_time,215,06:59 AM,06:59 am
sched_dep_time,216,08:35 AM,08:35 am
sched_dep_time,217,08:29 AM,08:29 am
sched_dep_time,218,01:30 PM,01:30 pm
sched_dep_time,219,02:53 PM,02:53 pm
sched_dep_time,220,07:35 AM,not available
sched_dep_time,221,11:08 PM,11:08 pm
sched_dep_time,222,05:30 PM,05:30 pm
sched_dep_time,223,01:45 PM,01:45 pm
sched_dep_time,224,11:15 AM,11:15 am
sched_dep_time,225,08:20 PM,08:20 pm
sched_dep_time,226,02:55 PM,02:55 pm
sched_dep_time,227,02:30 PM,02:30 pm
sched_dep_time,228,08:55 AM,08:55 am
sched_dep_time,229,02:35 PM,02:35 pm
sched_dep_time,230,02:55 PM,02:55 pm
sched_dep_time,231,07:15 AM,07:15 am
sched_dep_time,232,12:10 PM,12:10 pm
sched_dep_time,233,07:55 AM,07:55 am
sched_dep_time,234,09:05 AM,09:05 am
sched_dep_time,235,01:05 PM,01:05 pm
sched_dep_time,236,08:35 AM,08:35 am
sched_dep_time,237,03:05 PM,03:05 pm
sched_dep_time,238,07:30 AM,07:30 am
sched_dep_time,239,11:25 AM,11:25 am
sched_dep_time,240,04:00 PM,04:00 pm
sched_dep_time,241,11:35 AM,11:35 am
sched_dep_time,242,07:25 AM,07:25 am
sched_dep_time,243,02:55 PM,02:55 pm
sched_dep_time,244,11:55 AM,11:55 am
sched_dep_time,245,10:40 AM,10:40 am
sched_dep_time,246,06:45 AM,06:45 am
sched_dep_time,247,04:00 PM,04:00 pm
sched_dep_time,248,06:00 AM,06:00 am
sched_dep_time,249,07:10 AM,07:10 am
sched_dep_time,250,07:10 AM,07:10 am
sched_dep_time,251,07:10 AM,07:10 am
sched_dep_time,252,06:40 AM,06:40 am
sched_dep_time,253,08:00 AM,08:00 am
sched_dep_time,254,08:41 AM,08:41 am
sched_dep_time,255,07:45 PM,07:45 pm
sched_dep_time,256,06:30 PM,06:30 pm
sched_dep_time,257,03:27 PM,03:27 pm
sched_dep_time,258,11:25 AM,11:25 am
sched_dep_time,259,11:25 AM,11:25 am
sched_dep_time,260,10:39 AM,10:39 am
sched_dep_time,261,11:25 PM,11:25 pm
sched_dep_time,262,06:00 AM,06:00 am
sched_dep_time,263,12:15 PM,12:15 pm
sched_dep_time,264,04:00 PM,04:00 pm
sched_dep_time,265,09:45 AM,09:45 am
sched_dep_time,266,07:00 AM,07:00 am
sched_dep_time,267,08:15 AM,08:15 am
sched_dep_time,268,04:15 PM,04:15 pm
sched_dep_time,269,02:30 PM,02:30 pm
sched_dep_time,270,11:50 AM,11:50 am
sched_dep_time,271,06:00 AM,06:00 am
sched_dep_time,272,11:05 AM,11:05 am
sched_dep_time,273,06:00 AM,06:00 am
sched_dep_time,274,08:40 AM,08:40 am
sched_dep_time,275,10:45 AM,10:45 am
sched_dep_time,276,10:15 AM,10:15 am
sched_dep_time,277,07:30 AM,07:30 am
sched_dep_time,278,01:00 PM,01:00 pm
sched_dep_time,279,12:30 AM,12:30 am
sched_dep_time,280,09:05 AM,09:05 am
sched_dep_time,281,11:45 AM,11:45 am
sched_dep_time,282,12:00 AM,12:00 pm
sched_dep_time,283,07:25 AM,07:25 am
sched_dep_time,284,11:35 AM,11:35 am
sched_dep_time,285,10:40 AM,10:40 am
sched_dep_time,286,07:15 AM,07:15 am
sched_dep_time,287,08:05 AM,08:05 am
sched_dep_time,288,06:45 PM,06:45 pm
sched_dep_time,289,12:00 PM,12:00 pm
sched_dep_time,290,07:15 PM,07:15 pm
sched_dep_time,291,01:55 PM,01:55 pm
sched_dep_time,292,09:15 AM,09:15 am
sched_dep_time,293,06:00 AM,06:00 am
sched_dep_time,294,07:10 AM,07:10 am
sched_dep_time,295,03:50 PM,03:50 pm
sched_dep_time,296,04:16 PM,04:16 pm
sched_dep_time,297,08:00 PM,08:00 pm
sched_dep_time,298,10:25 AM,10:25 am
sched_dep_time,299,07:05 AM,07:05 am
sched_dep_time,300,10:40 AM,10:40 am
sched_dep_time,301,01:33 PM,01:33 pm
sched_dep_time,302,11:55 PM,11:55 pm
sched_dep_time,303,04:25 PM,04:25 pm
sched_dep_time,304,09:00 PM,09:00 pm
sched_dep_time,305,08:25 PM,08:25 pm
sched_dep_time,306,06:59 AM,06:59 am
sched_dep_time,307,08:35 AM,08:35 am
sched_dep_time,308,02:30 PM,02:30 pm
sched_dep_time,309,08:29 AM,08:29 am
sched_dep_time,310,01:30 PM,01:30 pm
sched_dep_time,311,02:53 PM,02:53 pm
sched_dep_time,312,07:35 AM,07:35 am
sched_dep_time,313,01:45 PM,01:45 pm
sched_dep_time,314,11:15 AM,11:15 am
sched_dep_time,315,08:20 PM,08:20 pm
sched_dep_time,316,02:55 PM,02:55 pm
sched_dep_time,317,02:30 PM,02:30 pm
sched_dep_time,318,02:35 PM,02:35 pm
sched_dep_time,319,02:55 PM,02:55 pm
sched_dep_time,320,07:15 AM,07:15 am
sched_dep_time,321,02:55 PM,02:55 pm
sched_dep_time,322,12:10 PM,12:10 pm
sched_dep_time,323,07:55 AM,07:55 am
sched_dep_time,324,09:05 AM,09:05 am
sched_dep_time,325,01:05 PM,01:05 pm
sched_dep_time,326,07:53 AM,07:53 am
sched_dep_time,327,08:35 AM,08:35 am
sched_dep_time,328,03:05 PM,03:05 pm
sched_dep_time,329,04:00 PM,04:00 pm
sched_dep_time,330,02:55 PM,02:55 pm
sched_dep_time,331,11:55 AM,11:55 am
sched_dep_time,332,10:40 AM,10:40 am
sched_dep_time,333,06:45 AM,06:45 am
sched_dep_time,334,04:00 PM,04:00 pm
sched_dep_time,335,06:00 AM,06:00 am
sched_dep_time,336,07:10 AM,07:10 am
sched_dep_time,337,07:10 AM,07:10 am
sched_dep_time,338,07:10 AM,07:10 am
sched_dep_time,339,07:00 PM,07:00 pm
sched_dep_time,340,06:40 AM,06:40 am
sched_dep_time,341,08:00 AM,08:00 am
sched_dep_time,342,08:41 AM,08:41 am
sched_dep_time,343,07:45 PM,07:45 pm
sched_dep_time,344,03:27 PM,03:27 pm
sched_dep_time,345,11:25 AM,11:25 am
sched_dep_time,346,11:25 AM,11:25 am
sched_dep_time,347,10:39 AM,10:39 am
sched_dep_time,348,11:25 PM,11:25 pm
sched_dep_time,349,06:00 AM,06:00 am
sched_dep_time,350,12:30 AM,12:30 am
sched_dep_time,351,04:00 PM,04:00 pm
sched_dep_time,352,07:35 AM,07:35 am
sched_dep_time,353,09:45 AM,09:45 am
sched_dep_time,354,09:05 AM,09:05 am
sched_dep_time,355,08:15 AM,08:15 am
sched_dep_time,356,07:00 AM,07:00 am
sched_dep_time,357,04:15 PM,04:15 pm
sched_dep_time,358,10:45 AM,10:45 am
sched_dep_time,359,02:30 PM,02:30 pm
sched_dep_time,360,08:05 AM,08:05 am
sched_dep_time,361,02:55 PM,02:55 pm
sched_dep_time,362,11:50 AM,11:50 am
sched_dep_time,363,11:40 AM,11:40 am
sched_dep_time,364,06:00 AM,06:00 am
sched_dep_time,365,11:05 AM,11:05 am
sched_dep_time,366,06:00 AM,06:00 am
sched_dep_time,367,08:40 AM,08:40 am
sched_dep_time,368,10:15 AM,10:15 am
sched_dep_time,369,01:00 PM,01:00 pm
sched_dep_time,370,07:53 AM,07:53 am
sched_dep_time,371,12:30 PM,12:30 pm
sched_dep_time,372,11:45 AM,11:45 am
sched_dep_time,373,02:30 PM,02:30 pm
sched_dep_time,374,12:00 AM,12:00 pm
sched_dep_time,375,05:25 PM,05:25 pm
sched_dep_time,376,07:10 PM,07:10 pm
sched_dep_time,377,10:40 AM,10:40 am
sched_dep_time,378,12:57 PM,12:57 pm
sched_dep_time,379,03:35 PM,03:35 pm
sched_dep_time,380,07:15 AM,07:15 am
sched_dep_time,381,06:30 PM,06:30 pm
sched_dep_time,382,06:45 PM,06:45 pm
sched_dep_time,383,12:00 PM,12:00 pm
sched_dep_time,384,07:15 PM,07:15 pm
sched_dep_time,385,01:55 PM,01:55 pm
sched_dep_time,386,09:15 AM,09:15 am
sched_dep_time,387,06:00 AM,06:00 am
sched_dep_time,388,07:10 AM,07:10 am
sched_dep_time,389,04:55 PM,04:55 pm
sched_dep_time,390,07:25 AM,07:25 am
sched_dep_time,391,03:50 PM,03:50 pm
sched_dep_time,392,04:16 PM,04:16 pm
sched_dep_time,393,08:00 PM,08:00 pm
sched_dep_time,394,10:25 AM,10:25 am
sched_dep_time,395,07:05 AM,07:05 am
sched_dep_time,396,10:40 AM,10:40 am
sched_dep_time,397,01:33 PM,01:33 pm
sched_dep_time,398,12:15 PM,12:15 pm
sched_dep_time,399,01:29 PM,01:29 pm
sched_dep_time,400,11:55 PM,11:55 pm
sched_dep_time,401,04:25 PM,04:25 pm
sched_dep_time,402,09:00 PM,09:00 pm
sched_dep_time,403,08:25 PM,08:25 pm
sched_dep_time,404,06:59 AM,06:59 am
sched_dep_time,405,08:35 AM,08:35 am
sched_dep_time,406,08:29 AM,08:29 am
sched_dep_time,407,01:30 PM,01:30 pm
sched_dep_time,408,02:53 PM,02:53 pm
sched_dep_time,409,07:35 AM,not available
sched_dep_time,410,11:08 PM,11:08 pm
sched_dep_time,411,05:30 PM,05:30 pm
sched_dep_time,412,01:45 PM,01:45 pm
sched_dep_time,413,11:15 AM,11:15 am
sched_dep_time,414,08:20 PM,08:20 pm
sched_dep_time,415,02:55 PM,02:55 pm
sched_dep_time,416,02:30 PM,02:30 pm
sched_dep_time,417,08:55 AM,08:55 am
sched_dep_time,418,02:35 PM,02:35 pm
sched_dep_time,419,02:55 PM,02:55 pm
sched_dep_time,420,07:15 AM,07:15 am
sched_dep_time,421,12:10 PM,12:10 pm
sched_dep_time,422,07:55 AM,07:55 am
sched_dep_time,423,09:05 AM,9:05 am (-00:00)
sched_dep_time,424,01:05 PM,01:05 pm
sched_dep_time,425,08:35 AM,08:35 am
sched_dep_time,426,03:05 PM,03:05 pm
sched_dep_time,427,07:30 AM,07:30 am
sched_dep_time,428,04:00 PM,04:00 pm
sched_dep_time,429,11:35 AM,11:35 am
sched_dep_time,430,02:55 PM,02:55 pm
sched_dep_time,431,11:55 AM,11:55 am
sched_dep_time,432,10:40 AM,10:40 am
sched_dep_time,433,06:45 AM,06:45 am
sched_dep_time,434,04:00 PM,04:00 pm
sched_dep_time,435,06:00 AM,06:00 am
sched_dep_time,436,07:10 AM,07:10 am
sched_dep_time,437,07:10 AM,07:10 am
sched_dep_time,438,07:10 AM,07:10 am
sched_dep_time,439,07:00 PM,07:00 pm
sched_dep_time,440,06:40 AM,06:40 am
sched_dep_time,441,08:00 AM,08:00 am
sched_dep_time,442,08:41 AM,08:41 am
sched_dep_time,443,07:45 PM,07:45 pm
sched_dep_time,444,12:00 PM,12:00 pm
sched_dep_time,445,03:27 PM,03:27 pm
sched_dep_time,446,11:25 AM,11:25 am
sched_dep_time,447,10:39 AM,10:39 am
sched_dep_time,448,11:25 PM,11:25 pm
sched_dep_time,449,06:00 AM,06:00 am
sched_dep_time,450,12:30 AM,12:30 am
sched_dep_time,451,04:00 PM,04:00 pm
sched_dep_time,452,07:35 AM,07:35 am
sched_dep_time,453,09:45 AM,09:45 am
sched_dep_time,454,09:05 AM,09:05 am
sched_dep_time,455,08:15 AM,08:15 am
sched_dep_time,456,07:00 AM,07:00 am
sched_dep_time,457,04:15 PM,04:15 pm
sched_dep_time,458,10:45 AM,10:45 am
sched_dep_time,459,02:30 PM,02:30 pm
sched_dep_time,460,08:05 AM,08:05 am
sched_dep_time,461,02:55 PM,02:55 pm
sched_dep_time,462,11:50 AM,11:50 am
sched_dep_time,463,11:40 AM,11:40 am
sched_dep_time,464,06:00 AM,06:00 am
sched_dep_time,465,11:05 AM,11:05 am
sched_dep_time,466,06:00 AM,06:00 am
sched_dep_time,467,08:40 AM,08:40 am
sched_dep_time,468,10:15 AM,10:15 am
sched_dep_time,469,01:00 PM,01:00 pm
sched_dep_time,470,07:53 AM,07:53 am
sched_dep_time,471,12:30 PM,12:30 pm
sched_dep_time,472,11:45 AM,11:45 am
sched_dep_time,473,02:30 PM,02:30 pm
sched_dep_time,474,12:00 AM,12:00 pm
sched_dep_time,475,05:25 PM,05:25 pm
sched_dep_time,476,07:10 PM,07:10 pm
sched_dep_time,477,10:40 AM,10:40 am
sched_dep_time,478,12:57 PM,12:57 pm
sched_dep_time,479,03:35 PM,03:35 pm
sched_dep_time,480,07:15 AM,07:15 am
sched_dep_time,481,06:30 PM,06:30 pm
sched_dep_time,482,06:45 PM,06:45 pm
sched_dep_time,483,07:15 PM,07:15 pm
sched_dep_time,484,01:55 PM,01:55 pm
sched_dep_time,485,09:15 AM,09:15 am
sched_dep_time,486,06:00 AM,06:00 am
sched_dep_time,487,07:10 AM,07:10 am
sched_dep_time,488,04:55 PM,04:55 pm
sched_dep_time,489,03:50 PM,03:50 pm
sched_dep_time,490,04:16 PM,04:16 pm
sched_dep_time,491,08:00 PM,08:00 pm
sched_dep_time,492,10:25 AM,10:25 am
sched_dep_time,493,07:05 AM,07:05 am
sched_dep_time,494,10:40 AM,10:40 am
sched_dep_time,495,01:33 PM,01:33 pm
sched_dep_time,496,12:15 PM,12:15 pm
sched_dep_time,497,01:29 PM,01:29 pm
sched_dep_time,498,11:55 PM,11:55 pm
sched_dep_time,499,04:25 PM,04:25 pm
sched_dep_time,500,09:00 PM,09:00 pm
sched_dep_time,501,08:25 PM,08:25 pm
sched_dep_time,502,06:59 AM,06:59 am
sched_dep_time,503,08:35 AM,08:35 am
sched_dep_time,504,08:29 AM,08:29 am
sched_dep_time,505,01:30 PM,01:30 pm
sched_dep_time,506,02:53 PM,02:53 pm
sched_dep_time,507,07:35 AM,not available
sched_dep_time,508,11:08 PM,11:08 pm
sched_dep_time,509,05:30 PM,05:30 pm
sched_dep_time,510,01:45 PM,01:45 pm
sched_dep_time,511,11:15 AM,11:15 am
sched_dep_time,512,08:20 PM,08:20 pm
sched_dep_time,513,02:55 PM,02:55 pm
sched_dep_time,514,02:30 PM,02:30 pm
sched_dep_time,515,08:55 AM,08:55 am
sched_dep_time,516,02:35 PM,02:35 pm
sched_dep_time,517,02:55 PM,02:55 pm
sched_dep_time,518,07:15 AM,07:15 am
sched_dep_time,519,12:10 PM,12:10 pm
sched_dep_time,520,07:55 AM,07:55 am
sched_dep_time,521,09:05 AM,09:05 am
sched_dep_time,522,01:05 PM,01:05 pm
sched_dep_time,523,08:35 AM,08:35 am
sched_dep_time,524,03:05 PM,03:05 pm
sched_dep_time,525,07:30 AM,07:30 am
sched_dep_time,526,11:25 AM,11:25 am
sched_dep_time,527,04:00 PM,04:00 pm
sched_dep_time,528,11:35 AM,11:35 am
sched_dep_time,529,07:25 AM,07:25 am
sched_dep_time,530,02:55 PM,02:55 pm
sched_dep_time,531,11:55 AM,11:55 am
sched_dep_time,532,10:40 AM,10:40 am
sched_dep_time,533,06:45 AM,06:45 am
sched_dep_time,534,04:00 PM,04:00 pm
sched_dep_time,535,06:00 AM,06:00 am
sched_dep_time,536,07:10 AM,07:10 am
sched_dep_time,537,07:10 AM,07:10 am
sched_dep_time,538,07:10 AM,07:10 am
sched_dep_time,539,07:00 PM,07:00 pm
sched_dep_time,540,06:40 AM,06:40 am
sched_dep_time,541,08:00 AM,08:00 am
sched_dep_time,542,08:41 AM,08:41 am
sched_dep_time,543,07:45 PM,07:45 pm
sched_dep_time,544,11:45 AM,11:45 am
sched_dep_time,545,06:30 PM,06:30 pm
sched_dep_time,546,03:27 PM,03:27 pm
sched_dep_time,547,11:25 AM,11:25 am
sched_dep_time,548,11:25 PM,11:25 pm
sched_dep_time,549,06:00 AM,06:00 am
sched_dep_time,550,12:30 AM,12:30 am
sched_dep_time,551,04:00 PM,04:00 pm
sched_dep_time,552,07:35 AM,07:35 am
sched_dep_time,553,09:45 AM,09:45 am
sched_dep_time,554,07:00 AM,07:00 am
sched_dep_time,555,08:15 AM,08:15 am
sched_dep_time,556,04:15 PM,04:15 pm
sched_dep_time,557,09:05 AM,09:05 am
sched_dep_time,558,02:30 PM,02:30 pm
sched_dep_time,559,05:25 PM,05:25 pm
sched_dep_time,560,11:50 AM,11:50 am
sched_dep_time,561,11:40 AM,11:40 am
sched_dep_time,562,06:00 AM,06:00 am
sched_dep_time,563,11:05 AM,11:05 am
sched_dep_time,564,06:00 AM,06:00 am
sched_dep_time,565,08:40 AM,08:40 am
sched_dep_time,566,07:55 AM,07:55 am
sched_dep_time,567,10:15 AM,10:15 am
sched_dep_time,568,07:30 AM,07:30 am
sched_dep_time,569,01:00 PM,01:00 pm
sched_dep_time,570,06:45 AM,06:45 am
sched_dep_time,571,12:15 PM,12:15 pm
sched_dep_time,572,12:30 PM,12:30 pm
sched_dep_time,573,12:00 AM,12:00 pm
sched_dep_time,574,07:10 PM,07:10 pm
sched_dep_time,575,11:35 AM,11:35 am
sched_dep_time,576,10:40 AM,10:40 am
sched_dep_time,577,12:57 PM,12:57 pm
sched_dep_time,578,03:35 PM,03:35 pm
sched_dep_time,579,07:15 AM,07:15 am
sched_dep_time,580,08:05 AM,08:05 am
sched_dep_time,581,06:45 PM,06:45 pm
sched_dep_time,582,12:00 PM,12:00 pm
sched_dep_time,583,07:15 PM,07:15 pm
sched_dep_time,584,01:55 PM,01:55 pm
sched_dep_time,585,09:15 AM,09:15 am
sched_dep_time,586,06:00 AM,06:00 am
sched_dep_time,587,07:10 AM,07:10 am
sched_dep_time,588,04:55 PM,04:55 pm
sched_dep_time,589,07:25 AM,07:25 am
sched_dep_time,590,03:50 PM,03:50 pm
sched_dep_time,591,04:16 PM,04:16 pm
sched_dep_time,592,08:00 PM,08:00 pm
sched_dep_time,593,10:25 AM,10:25 am
sched_dep_time,594,07:05 AM,07:05 am
sched_dep_time,595,10:40 AM,10:40 am
sched_dep_time,596,01:33 PM,01:33 pm
sched_dep_time,597,01:29 PM,01:29 pm
sched_dep_time,598,11:55 PM,11:55 pm
sched_dep_time,599,04:25 PM,04:25 pm
sched_dep_time,600,09:00 PM,09:00 pm
sched_dep_time,601,08:25 PM,08:25 pm
sched_dep_time,602,02:55 PM,02:55 pm
sched_dep_time,603,06:59 AM,06:59 am
sched_dep_time,604,08:35 AM,08:35 am
sched_dep_time,605,02:30 PM,02:30 pm
sched_dep_time,606,08:29 AM,08:29 am
sched_dep_time,607,02:53 PM,02:53 pm
sched_dep_time,608,11:08 PM,11:08 pm
sched_dep_time,609,05:30 PM,05:30 pm
sched_dep_time,610,11:15 AM,11:15 am
sched_dep_time,611,08:20 PM,08:20 pm
sched_dep_time,612,02:55 PM,02:55 pm
sched_dep_time,613,02:30 PM,02:30 pm
sched_dep_time,614,02:35 PM,02:35 pm
sched_dep_time,615,02:55 PM,02:55 pm
sched_dep_time,616,07:15 AM,07:15 am
sched_dep_time,617,12:10 PM,12:10 pm
sched_dep_time,618,01:05 PM,01:05 pm
sched_dep_time,619,07:53 AM,07:53 am
sched_dep_time,620,08:35 AM,08:35 am
sched_dep_time,621,03:05 PM,03:05 pm
sched_dep_time,622,04:00 PM,04:00 pm
sched_dep_time,623,07:10 AM,07:10 am
sched_dep_time,624,02:55 PM,02:55 pm
sched_dep_time,625,11:55 AM,11:55 am
sched_dep_time,626,10:40 AM,10:40 am
sched_dep_time,627,04:00 PM,04:00 pm
sched_dep_time,628,06:00 AM,06:00 am
sched_dep_time,629,07:10 AM,07:10 am
sched_dep_time,630,07:10 AM,07:10 am
sched_dep_time,631,07:00 PM,07:00 pm
sched_dep_time,632,06:40 AM,06:40 am
sched_dep_time,633,08:00 AM,08:00 am
sched_dep_time,634,08:41 AM,08:41 am
sched_dep_time,635,07:45 PM,07:45 pm
sched_dep_time,636,12:00 PM,12:00 pm
sched_dep_time,637,03:27 PM,03:27 pm
sched_dep_time,638,11:25 AM,11:25 am
sched_dep_time,639,10:39 AM,10:39 am
sched_dep_time,640,11:25 PM,11:25 pm
sched_dep_time,641,06:00 AM,06:00 am
sched_dep_time,642,12:30 AM,12:30 am
sched_dep_time,643,04:00 PM,04:00 pm
sched_dep_time,644,07:35 AM,07:35 am
sched_dep_time,645,09:45 AM,09:45 am
sched_dep_time,646,09:05 AM,09:05 am
sched_dep_time,647,08:15 AM,08:15 am
sched_dep_time,648,07:00 AM,07:00 am
sched_dep_time,649,04:15 PM,04:15 pm
sched_dep_time,650,10:45 AM,10:45 am
sched_dep_time,651,02:30 PM,02:30 pm
sched_dep_time,652,08:05 AM,08:05 am
sched_dep_time,653,02:55 PM,02:55 pm
sched_dep_time,654,11:50 AM,11:50 am
sched_dep_time,655,11:40 AM,11:40 am
sched_dep_time,656,06:00 AM,06:00 am
sched_dep_time,657,11:05 AM,11:05 am
sched_dep_time,658,06:00 AM,06:00 am
sched_dep_time,659,08:40 AM,08:40 am
sched_dep_time,660,10:15 AM,10:15 am
sched_dep_time,661,01:00 PM,01:00 pm
sched_dep_time,662,07:53 AM,07:53 am
sched_dep_time,663,12:30 PM,12:30 pm
sched_dep_time,664,11:45 AM,11:45 am
sched_dep_time,665,02:30 PM,02:30 pm
sched_dep_time,666,12:00 AM,12:00 pm
sched_dep_time,667,05:25 PM,05:25 pm
sched_dep_time,668,07:10 PM,07:10 pm
sched_dep_time,669,10:40 AM,10:40 am
sched_dep_time,670,12:57 PM,12:57 pm
sched_dep_time,671,03:35 PM,03:35 pm
sched_dep_time,672,07:15 AM,07:15 am
sched_dep_time,673,06:30 PM,06:30 pm
sched_dep_time,674,06:45 PM,06:45 pm
sched_dep_time,675,07:15 PM,07:15 pm
sched_dep_time,676,01:55 PM,01:55 pm
sched_dep_time,677,09:15 AM,09:15 am
sched_dep_time,678,06:00 AM,06:00 am
sched_dep_time,679,07:10 AM,07:10 am
sched_dep_time,680,04:55 PM,04:55 pm
sched_dep_time,681,03:50 PM,03:50 pm
sched_dep_time,682,04:16 PM,04:16 pm
sched_dep_time,683,08:00 PM,08:00 pm
sched_dep_time,684,10:25 AM,10:25 am
sched_dep_time,685,07:05 AM,07:05 am
sched_dep_time,686,10:40 AM,10:40 am
sched_dep_time,687,01:33 PM,01:33 pm
sched_dep_time,688,12:15 PM,12:15 pm
sched_dep_time,689,01:29 PM,01:29 pm
sched_dep_time,690,11:55 PM,11:55 pm
sched_dep_time,691,04:25 PM,04:25 pm
sched_dep_time,692,09:00 PM,09:00 pm
sched_dep_time,693,08:25 PM,08:25 pm
sched_dep_time,694,06:59 AM,06:59 am
sched_dep_time,695,08:35 AM,08:35 am
sched_dep_time,696,08:29 AM,08:29 am
sched_dep_time,697,01:30 PM,01:30 pm
sched_dep_time,698,02:53 PM,02:53 pm
sched_dep_time,699,07:35 AM,not available
sched_dep_time,700,11:08 PM,11:08 pm
sched_dep_time,701,05:30 PM,05:30 pm
sched_dep_time,702,01:45 PM,01:45 pm
sched_dep_time,703,11:15 AM,11:15 am
sched_dep_time,704,08:20 PM,08:20 pm
sched_dep_time,705,02:55 PM,02:55 pm
sched_dep_time,706,02:30 PM,02:30 pm
sched_dep_time,707,08:55 AM,08:55 am
sched_dep_time,708,02:35 PM,02:35 pm
sched_dep_time,709,02:55 PM,02:55 pm
sched_dep_time,710,07:15 AM,07:15 am
sched_dep_time,711,12:10 PM,12:10 pm
sched_dep_time,712,07:55 AM,07:55 am
sched_dep_time,713,09:05 AM,09:05 am
sched_dep_time,714,01:05 PM,01:05 pm
sched_dep_time,715,08:35 AM,08:35 am
sched_dep_time,716,03:05 PM,03:05 pm
sched_dep_time,717,07:30 AM,07:30 am
sched_dep_time,718,11:25 AM,11:25 am
sched_dep_time,719,04:00 PM,04:00 pm
sched_dep_time,720,11:35 AM,11:35 am
sched_dep_time,721,07:25 AM,07:25 am
sched_dep_time,722,02:55 PM,02:55 pm
sched_dep_time,723,11:55 AM,11:55 am
sched_dep_time,724,10:40 AM,10:40 am
sched_dep_time,725,06:45 AM,06:45 am
sched_dep_time,726,04:00 PM,04:00 pm
sched_dep_time,727,06:00 AM,06:00 am
sched_dep_time,728,07:10 AM,07:10 am
sched_dep_time,729,07:10 AM,07:10 am
sched_dep_time,730,07:10 AM,07:10 am
sched_dep_time,731,07:45 PM,07:45 pm
sched_dep_time,732,07:00 PM,07:00 pm
sched_dep_time,733,08:00 AM,08:00 am
sched_dep_time,734,08:41 AM,08:41 am
sched_dep_time,735,06:30 PM,06:30 pm
sched_dep_time,736,11:25 AM,11:25 am
sched_dep_time,737,10:39 AM,10:39 am
sched_dep_time,738,11:25 PM,11:25 pm
sched_dep_time,739,06:00 AM,06:00 am
sched_dep_time,740,12:30 AM,12:30 am
sched_dep_time,741,12:15 PM,12:15 pm
sched_dep_time,742,07:00 AM,07:00 am
sched_dep_time,743,04:15 PM,04:15 pm
sched_dep_time,744,09:05 AM,09:05 am
sched_dep_time,745,11:50 AM,11:50 am
sched_dep_time,746,11:40 AM,11:40 am
sched_dep_time,747,06:00 AM,06:00 am
sched_dep_time,748,07:55 AM,07:55 am
sched_dep_time,749,10:15 AM,10:15 am
sched_dep_time,750,07:30 AM,07:30 am
sched_dep_time,751,01:00 PM,01:00 pm
sched_dep_time,752,12:30 PM,12:30 pm
sched_dep_time,753,11:45 AM,11:45 am
sched_dep_time,754,02:30 PM,02:30 pm
sched_dep_time,755,11:35 AM,11:35 am
sched_dep_time,756,10:40 AM,10:40 am
sched_dep_time,757,12:57 PM,01:09 pm
sched_dep_time,758,03:35 PM,03:35 pm
sched_dep_time,759,07:15 AM,07:15 am
sched_dep_time,760,06:45 PM,06:45 pm
sched_dep_time,761,12:00 PM,12:00 pm
sched_dep_time,762,09:15 AM,09:15 am
sched_dep_time,763,06:00 AM,06:00 am
sched_dep_time,764,07:10 AM,07:10 am
sched_dep_time,765,04:55 PM,04:55 pm
sched_dep_time,766,07:25 AM,07:25 am
sched_dep_time,767,04:16 PM,04:16 pm
sched_dep_time,768,08:00 PM,08:00 pm
sched_dep_time,769,10:45 AM,10:45 am
sched_dep_time,770,01:33 PM,01:33 pm
sched_dep_time,771,01:29 PM,01:29 pm
sched_dep_time,772,11:55 PM,11:55 pm
sched_dep_time,773,09:00 PM,09:00 pm
sched_dep_time,774,08:25 PM,08:25 pm
sched_dep_time,775,06:59 AM,06:59 am
sched_dep_time,776,08:35 AM,08:35 am
sched_dep_time,777,08:29 AM,08:29 am
sched_dep_time,778,01:30 PM,01:30 pm
sched_dep_time,779,11:08 PM,11:08 pm
sched_dep_time,780,05:30 PM,05:30 pm
sched_dep_time,781,08:05 AM,08:05 am
sched_dep_time,782,02:35 PM,02:35 pm
sched_dep_time,783,07:15 AM,07:15 am
sched_dep_time,784,04:25 PM,04:25 pm
sched_dep_time,785,07:35 AM,not available
sched_dep_time,786,12:10 PM,12:10 pm
sched_dep_time,787,01:05 PM,01:05 pm
sched_dep_time,788,07:10 AM,07:10 am
sched_dep_time,789,10:40 AM,10:40 am
sched_dep_time,790,06:45 AM,06:45 am
sched_dep_time,791,06:00 AM,06:00 am
sched_dep_time,792,07:10 AM,07:10 am
sched_dep_time,793,10:40 AM,10:40 am
sched_dep_time,794,06:59 AM,06:59 am
sched_dep_time,795,04:15 PM,04:15 pm
sched_dep_time,796,06:00 AM,06:00 am
sched_dep_time,797,07:25 AM,07:25 am
sched_dep_time,798,12:30 PM,12:30
sched_dep_time,799,01:00 PM,01:00 pm
sched_dep_time,800,08:25 PM,08:25 pm
sched_dep_time,801,11:50 AM,11:50 am
sched_dep_time,802,10:40 AM,10:40 am
sched_dep_time,803,04:15 PM,04:15 pm
sched_dep_time,804,07:00 PM,07:00 pm
sched_dep_time,805,02:55 PM,02:55 pm
sched_dep_time,806,06:30 PM,06:30 pm
sched_dep_time,807,06:45 AM,06:45 am
sched_dep_time,808,11:25 PM,11:25 pm
sched_dep_time,809,08:00 PM,thu  20:00
sched_dep_time,810,07:15 AM,07:15 am
sched_dep_time,811,09:15 AM,09:15 am
sched_dep_time,812,07:10 AM,07:10 am
sched_dep_time,813,07:00 PM,07:00 pm
sched_dep_time,814,06:40 AM,06:40 am
sched_dep_time,815,08:00 AM,08:00 am
sched_dep_time,816,08:41 AM,08:41 am
sched_dep_time,817,07:45 PM,07:45 pm
sched_dep_time,818,12:00 PM,12:00 pm
sched_dep_time,819,03:27 PM,03:27 pm
sched_dep_time,820,11:25 AM,11:25 am
sched_dep_time,821,10:39 AM,10:39 am
sched_dep_time,822,11:25 PM,11:25 pm
sched_dep_time,823,06:00 AM,06:00 am
sched_dep_time,824,12:30 AM,12:30 am
sched_dep_time,825,04:00 PM,04:00 pm
sched_dep_time,826,07:35 AM,07:35 am
sched_dep_time,827,09:45 AM,09:45 am
sched_dep_time,828,09:05 AM,09:05 am
sched_dep_time,829,08:15 AM,08:15 am
sched_dep_time,830,07:00 AM,07:00 am
sched_dep_time,831,04:15 PM,04:15 pm
sched_dep_time,832,10:45 AM,10:45 am
sched_dep_time,833,02:30 PM,02:30 pm
sched_dep_time,834,08:05 AM,08:05 am
sched_dep_time,835,02:55 PM,02:55 pm
sched_dep_time,836,11:50 AM,11:50 am
sched_dep_time,837,11:40 AM,11:40 am
sched_dep_time,838,06:00 AM,06:00 am
sched_dep_time,839,11:05 AM,11:05 am
sched_dep_time,840,06:00 AM,06:00 am
sched_dep_time,841,08:40 AM,08:40 am
sched_dep_time,842,10:15 AM,10:15 am
sched_dep_time,843,01:00 PM,01:00 pm
sched_dep_time,844,07:53 AM,07:53 am
sched_dep_time,845,12:30 PM,12:30 pm
sched_dep_time,846,11:45 AM,11:45 am
sched_dep_time,847,02:30 PM,02:30 pm
sched_dep_time,848,12:00 AM,12:00 pm
sched_dep_time,849,05:25 PM,05:25 pm
sched_dep_time,850,07:10 PM,07:10 pm
sched_dep_time,851,10:40 AM,10:40 am
sched_dep_time,852,12:57 PM,12:57 pm
sched_dep_time,853,03:35 PM,03:35 pm
sched_dep_time,854,07:15 AM,07:15 am
sched_dep_time,855,06:30 PM,06:30 pm
sched_dep_time,856,06:45 PM,06:45 pm
sched_dep_time,857,07:15 PM,07:15 pm
sched_dep_time,858,01:55 PM,01:55 pm
sched_dep_time,859,09:15 AM,09:15 am
sched_dep_time,860,06:00 AM,06:00 am
sched_dep_time,861,07:10 AM,07:10 am
sched_dep_time,862,04:55 PM,04:55 pm
sched_dep_time,863,03:50 PM,03:50 pm
sched_dep_time,864,04:16 PM,04:16 pm
sched_dep_time,865,08:00 PM,08:00 pm
sched_dep_time,866,10:25 AM,10:25 am
sched_dep_time,867,07:05 AM,07:05 am
sched_dep_time,868,10:40 AM,10:40 am
sched_dep_time,869,01:33 PM,01:33 pm
sched_dep_time,870,12:15 PM,12:15 pm
sched_dep_time,871,01:29 PM,01:29 pm
sched_dep_time,872,11:55 PM,11:55 pm
sched_dep_time,873,04:25 PM,04:25 pm
sched_dep_time,874,09:00 PM,09:00 pm
sched_dep_time,875,08:25 PM,08:25 pm
sched_dep_time,876,06:59 AM,06:59 am
sched_dep_time,877,08:35 AM,08:35 am
sched_dep_time,878,08:29 AM,08:29 am
sched_dep_time,879,01:30 PM,01:30 pm
sched_dep_time,880,02:53 PM,02:53 pm
sched_dep_time,881,07:35 AM,not available
sched_dep_time,882,11:08 PM,11:08 pm
sched_dep_time,883,05:30 PM,05:30 pm
sched_dep_time,884,01:45 PM,01:45 pm
sched_dep_time,885,11:15 AM,11:15 am
sched_dep_time,886,08:20 PM,08:20 pm
sched_dep_time,887,02:55 PM,02:55 pm
sched_dep_time,888,02:30 PM,02:30 pm
sched_dep_time,889,08:55 AM,08:55 am
sched_dep_time,890,02:35 PM,02:35 pm
sched_dep_time,891,02:55 PM,02:55 pm
sched_dep_time,892,07:15 AM,07:15 am
sched_dep_time,893,12:10 PM,12:10 pm
sched_dep_time,894,07:55 AM,07:55 am
sched_dep_time,895,09:05 AM,09:05 am
sched_dep_time,896,01:05 PM,01:05 pm
sched_dep_time,897,08:35 AM,08:35 am
sched_dep_time,898,03:05 PM,03:05 pm
sched_dep_time,899,07:30 AM,07:30 am
sched_dep_time,900,11:25 AM,11:25 am
sched_dep_time,901,04:00 PM,04:00 pm
sched_dep_time,902,11:35 AM,11:35 am
sched_dep_time,903,07:25 AM,07:25 am
sched_dep_time,904,02:55 PM,02:55 pm
sched_dep_time,905,11:55 AM,11:55 am
sched_dep_time,906,10:40 AM,10:40 am
sched_dep_time,907,06:45 AM,06:45 am
sched_dep_time,908,04:00 PM,04:00 pm
sched_dep_time,909,06:00 AM,06:00 am
sched_dep_time,910,07:10 AM,07:10 am
sched_dep_time,911,07:10 AM,07:10 am
sched_dep_time,912,07:10 AM,07:10 am
sched_dep_time,913,06:30 PM,06:30 pm
sched_dep_time,914,08:41 AM,08:41 am
sched_dep_time,915,11:45 AM,11:45 am
sched_dep_time,916,06:00 AM,06:00 am
sched_dep_time,917,12:30 AM,12:30 am
sched_dep_time,918,07:35 AM,07:35 am
sched_dep_time,919,09:45 AM,09:45 am
sched_dep_time,920,07:00 AM,07:00 am
sched_dep_time,921,02:30 PM,02:30 pm
sched_dep_time,922,06:00 AM,06:00 am
sched_dep_time,923,10:15 AM,10:15 am
sched_dep_time,924,01:00 PM,01:00 pm
sched_dep_time,925,06:45 AM,06:45 am
sched_dep_time,926,12:30 PM,12:30 pm
sched_dep_time,927,02:55 PM,02:55 pm
sched_dep_time,928,09:05 AM,09:05 am
sched_dep_time,929,11:35 AM,11:35 am
sched_dep_time,930,10:40 AM,10:40 am
sched_dep_time,931,06:45 PM,06:45 pm
sched_dep_time,932,12:00 PM,12:00 pm
sched_dep_time,933,07:15 PM,07:15 pm
sched_dep_time,934,09:15 AM,09:15 am
sched_dep_time,935,03:50 PM,03:50 pm
sched_dep_time,936,04:16 PM,04:16 pm
sched_dep_time,937,08:00 PM,08:00 pm
sched_dep_time,938,10:25 AM,10:25 am
sched_dep_time,939,07:05 AM,07:05 am
sched_dep_time,940,10:40 AM,10:40 am
sched_dep_time,941,01:33 PM,01:33 pm
sched_dep_time,942,01:29 PM,01:29 pm
sched_dep_time,943,04:25 PM,04:25 pm
sched_dep_time,944,08:25 PM,08:25 pm
sched_dep_time,945,08:35 AM,08:35 am
sched_dep_time,946,02:30 PM,02:30 pm
sched_dep_time,947,08:29 AM,08:29 am
sched_dep_time,948,11:08 PM,11:08 pm
sched_dep_time,949,05:30 PM,05:30 pm
sched_dep_time,950,01:45 PM,01:45 pm
sched_dep_time,951,11:15 AM,11:15 am
sched_dep_time,952,08:20 PM,08:20 pm
sched_dep_time,953,08:55 AM,08:55 am
sched_dep_time,954,08:05 AM,08:05 am
sched_dep_time,955,07:15 AM,07:15 am
sched_dep_time,956,02:55 PM,02:55 pm
sched_dep_time,957,07:35 AM,07:35 am
sched_dep_time,958,12:10 PM,12:10 pm
sched_dep_time,959,07:55 AM,07:55 am
sched_dep_time,960,09:05 AM,09:05 am
sched_dep_time,961,07:53 AM,07:53 am
sched_dep_time,962,03:05 PM,03:05 pm
sched_dep_time,963,11:25 AM,11:25 am
sched_dep_time,964,04:00 PM,04:00 pm
sched_dep_time,965,08:40 AM,08:40 am
sched_dep_time,966,10:40 AM,10:40 am
sched_dep_time,967,06:00 AM,06:00 am
sched_dep_time,968,07:10 AM,07:10 am
sched_dep_time,969,07:10 AM,07:10 am
sched_dep_time,970,07:10 AM,07:10 am
sched_dep_time,971,06:00 AM,06:00 am
sched_dep_time,972,07:10 AM,07:10 am
sched_dep_time,973,06:30 PM,06:30 pm
sched_dep_time,974,07:25 AM,07:25 am
sched_dep_time,975,11:05 AM,11:05 am
sched_dep_time,976,08:41 AM,08:41 am
sched_dep_time,977,01:33 PM,01:33 pm
sched_dep_time,978,01:05 PM,01:05 pm
sched_dep_time,979,08:25 PM,08:25 pm
sched_dep_time,980,07:15 PM,07:15 pm
sched_dep_time,981,05:25 PM,05:25 pm
sched_dep_time,982,04:00 PM,04:00 pm
sched_dep_time,983,07:10 PM,07:27 pm
sched_dep_time,984,07:15 AM,07:15 am
sched_dep_time,985,03:35 PM,03:35 pm
sched_dep_time,986,06:00 AM,06:00 am
sched_dep_time,987,07:10 AM,07:10 am
sched_dep_time,988,06:45 PM,06:45 pm
sched_dep_time,989,03:05 PM,03:05 pm
sched_dep_time,990,07:10 AM,07:10 am
sched_dep_time,991,06:40 AM,06:40 am
sched_dep_time,992,08:00 AM,not available
sched_dep_time,993,08:41 AM,not available
sched_dep_time,994,07:45 PM,07:45 pm
sched_dep_time,995,06:30 PM,06:30 pm
sched_dep_time,996,12:00 PM,12:00 pm
sched_dep_time,997,03:27 PM,03:27 pm
sched_dep_time,998,11:25 AM,11:25 am
sched_dep_time,999,11:25 PM,11:25 pm
sched_dep_time,1000,06:00 AM,not available
sched_dep_time,1001,12:15 PM,12:15 pm
sched_dep_time,1002,04:00 PM,04:00 pm
sched_dep_time,1003,07:00 AM,07:00 am
sched_dep_time,1004,08:15 AM,not available
sched_dep_time,1005,04:15 PM,04:15 pm
sched_dep_time,1006,02:30 PM,02:30 pm
sched_dep_time,1007,11:50 AM,11:50 am
sched_dep_time,1008,06:00 AM,06:00 am
sched_dep_time,1009,11:05 AM,11:05 am
sched_dep_time,1010,06:00 AM,06:00 am
sched_dep_time,1011,08:40 AM,08:40 am
sched_dep_time,1012,10:45 AM,10:45 am
sched_dep_time,1013,07:55 AM,07:55 am
sched_dep_time,1014,10:15 AM,10:15 am
sched_dep_time,1015,07:30 AM,07:30 am
sched_dep_time,1016,01:00 PM,01:00 pm
sched_dep_time,1017,09:05 AM,09:05 am
sched_dep_time,1018,11:45 AM,11:45 am
sched_dep_time,1019,12:00 AM,12:00 pm
sched_dep_time,1020,07:25 AM,07:25 am
sched_dep_time,1021,11:35 AM,11:35 am
sched_dep_time,1022,10:40 AM,10:40 am
sched_dep_time,1023,07:15 AM,07:15 am
sched_dep_time,1024,08:05 AM,08:05 am
sched_dep_time,1025,06:45 PM,06:45 pm
sched_dep_time,1026,07:15 PM,07:15 pm
sched_dep_time,1027,01:55 PM,not available
sched_dep_time,1028,09:15 AM,09:15 am
sched_dep_time,1029,06:00 AM,06:00 am
sched_dep_time,1030,07:10 AM,07:10 am
sched_dep_time,1031,03:50 PM,03:50 pm
sched_dep_time,1032,08:00 PM,08:00 pm
sched_dep_time,1033,07:05 AM,07:05 am
sched_dep_time,1034,10:40 AM,10:40 am
sched_dep_time,1035,01:33 PM,not available
sched_dep_time,1036,11:55 PM,11:55 pm
sched_dep_time,1037,04:25 PM,04:25 pm
sched_dep_time,1038,09:00 PM,09:00 pm
sched_dep_time,1039,08:25 PM,08:25 pm
sched_dep_time,1040,06:59 AM,06:59 am
sched_dep_time,1041,08:35 AM,08:35 am
sched_dep_time,1042,02:30 PM,not available
sched_dep_time,1043,08:29 AM,not available
sched_dep_time,1044,01:30 PM,01:30 pm
sched_dep_time,1045,02:53 PM,02:53 pm
sched_dep_time,1046,07:35 AM,not available
sched_dep_time,1047,01:45 PM,not available
sched_dep_time,1048,11:15 AM,11:15 am
sched_dep_time,1049,08:20 PM,08:20 pm
sched_dep_time,1050,02:55 PM,02:55 pm
sched_dep_time,1051,02:30 PM,02:30 pm
sched_dep_time,1052,02:35 PM,02:35 pm
sched_dep_time,1053,02:55 PM,02:55 pm
sched_dep_time,1054,07:15 AM,07:15 am
sched_dep_time,1055,02:55 PM,02:55 pm
sched_dep_time,1056,12:10 PM,12:10 pm
sched_dep_time,1057,09:05 AM,09:05 am
sched_dep_time,1058,01:05 PM,01:05 pm
sched_dep_time,1059,07:53 AM,not available
sched_dep_time,1060,08:35 AM,08:35 am
sched_dep_time,1061,03:05 PM,03:05 pm
sched_dep_time,1062,04:00 PM,04:00 pm
sched_dep_time,1063,02:55 PM,02:55 pm
sched_dep_time,1064,11:55 AM,11:55 am
sched_dep_time,1065,10:40 AM,10:40 am
sched_dep_time,1066,07:10 AM,07:10 am
sched_dep_time,1067,06:45 AM,06:45 am
sched_dep_time,1068,04:00 PM,04:00 pm
sched_dep_time,1069,06:00 AM,06:00 am
sched_dep_time,1070,07:10 AM,07:10 am
sched_dep_time,1071,07:10 AM,07:10 am
sched_dep_time,1072,07:00 PM,07:00 pm
sched_dep_time,1073,06:40 AM,06:40 am
sched_dep_time,1074,08:00 AM,08:00 am
sched_dep_time,1075,08:41 AM,08:41 am
sched_dep_time,1076,07:45 PM,07:45 pm
sched_dep_time,1077,12:00 PM,12:00 pm
sched_dep_time,1078,03:27 PM,03:27 pm
sched_dep_time,1079,11:25 AM,11:25 am
sched_dep_time,1080,10:39 AM,10:39 am
sched_dep_time,1081,11:25 PM,11:25 pm
sched_dep_time,1082,06:00 AM,06:00 am
sched_dep_time,1083,12:30 AM,12:30 am
sched_dep_time,1084,04:00 PM,04:00 pm
sched_dep_time,1085,07:35 AM,07:35 am
sched_dep_time,1086,09:45 AM,09:45 am
sched_dep_time,1087,09:05 AM,09:05 am
sched_dep_time,1088,08:15 AM,08:15 am
sched_dep_time,1089,07:00 AM,07:00 am
sched_dep_time,1090,04:15 PM,04:15 pm
sched_dep_time,1091,10:45 AM,10:45 am
sched_dep_time,1092,02:30 PM,02:30 pm
sched_dep_time,1093,08:05 AM,08:05 am
sched_dep_time,1094,02:55 PM,02:55 pm
sched_dep_time,1095,11:50 AM,11:50 am
sched_dep_time,1096,11:40 AM,11:40 am
sched_dep_time,1097,06:00 AM,06:00 am
sched_dep_time,1098,11:05 AM,11:05 am
sched_dep_time,1099,06:00 AM,06:00 am
sched_dep_time,1100,08:40 AM,08:40 am
sched_dep_time,1101,10:15 AM,10:15 am
sched_dep_time,1102,01:00 PM,01:00 pm
sched_dep_time,1103,07:53 AM,07:53 am
sched_dep_time,1104,12:30 PM,12:30 pm
sched_dep_time,1105,11:45 AM,11:45 am
sched_dep_time,1106,02:30 PM,02:30 pm
sched_dep_time,1107,12:00 AM,12:00 pm
sched_dep_time,1108,05:25 PM,05:25 pm
sched_dep_time,1109,07:10 PM,07:10 pm
sched_dep_time,1110,10:40 AM,10:40 am
sched_dep_time,1111,12:57 PM,12:57 pm
sched_dep_time,1112,03:35 PM,03:35 pm
sched_dep_time,1113,07:15 AM,07:15 am
sched_dep_time,1114,06:30 PM,06:30 pm
sched_dep_time,1115,06:45 PM,06:45 pm
sched_dep_time,1116,07:15 PM,07:15 pm
sched_dep_time,1117,01:55 PM,01:55 pm
sched_dep_time,1118,09:15 AM,09:15 am
sched_dep_time,1119,06:00 AM,06:00 am
sched_dep_time,1120,07:10 AM,07:10 am
sched_dep_time,1121,04:55 PM,04:55 pm
sched_dep_time,1122,03:50 PM,03:50 pm
sched_dep_time,1123,04:16 PM,04:16 pm
sched_dep_time,1124,08:00 PM,08:00 pm
sched_dep_time,1125,10:25 AM,10:25 am
sched_dep_time,1126,07:05 AM,07:05 am
sched_dep_time,1127,10:40 AM,10:40 am
sched_dep_time,1128,01:33 PM,01:33 pm
sched_dep_time,1129,12:15 PM,12:15 pm
sched_dep_time,1130,01:29 PM,01:29 pm
sched_dep_time,1131,11:55 PM,11:55 pm
sched_dep_time,1132,04:25 PM,04:25 pm
sched_dep_time,1133,09:00 PM,09:00 pm
sched_dep_time,1134,08:25 PM,08:25 pm
sched_dep_time,1135,06:59 AM,06:59 am
sched_dep_time,1136,08:35 AM,08:35 am
sched_dep_time,1137,08:29 AM,08:29 am
sched_dep_time,1138,01:30 PM,01:30 pm
sched_dep_time,1139,02:53 PM,02:53 pm
sched_dep_time,1140,07:35 AM,not available
sched_dep_time,1141,11:08 PM,11:08 pm
sched_dep_time,1142,05:30 PM,05:30 pm
sched_dep_time,1143,01:45 PM,01:45 pm
sched_dep_time,1144,11:15 AM,11:15 am
sched_dep_time,1145,08:20 PM,08:20 pm
sched_dep_time,1146,02:55 PM,02:55 pm
sched_dep_time,1147,02:30 PM,02:30 pm
sched_dep_time,1148,08:55 AM,08:55 am
sched_dep_time,1149,02:35 PM,02:35 pm
sched_dep_time,1150,02:55 PM,02:55 pm
sched_dep_time,1151,07:15 AM,07:15 am
sched_dep_time,1152,12:10 PM,12:10 pm
sched_dep_time,1153,07:55 AM,07:55 am
sched_dep_time,1154,09:05 AM,09:05 am
sched_dep_time,1155,01:05 PM,01:05 pm
sched_dep_time,1156,08:35 AM,08:35 am
sched_dep_time,1157,03:05 PM,03:05 pm
sched_dep_time,1158,07:30 AM,07:30 am
sched_dep_time,1159,11:25 AM,11:25 am
sched_dep_time,1160,04:00 PM,04:00 pm
sched_dep_time,1161,11:35 AM,11:35 am
sched_dep_time,1162,07:25 AM,07:25 am
sched_dep_time,1163,02:55 PM,02:55 pm
sched_dep_time,1164,11:55 AM,11:55 am
sched_dep_time,1165,10:40 AM,10:40 am
sched_dep_time,1166,06:45 AM,06:45 am
sched_dep_time,1167,04:00 PM,04:00 pm
sched_dep_time,1168,06:00 AM,06:00 am
sched_dep_time,1169,07:10 AM,07:10 am
sched_dep_time,1170,07:10 AM,07:10 am
sched_dep_time,1171,07:10 AM,07:10 am
sched_dep_time,1172,06:40 AM,06:40 am
sched_dep_time,1173,07:00 PM,07:00 pm
sched_dep_time,1174,08:41 AM,08:41 am
sched_dep_time,1175,07:45 PM,07:45 pm
sched_dep_time,1176,06:00 AM,06:00 am
sched_dep_time,1177,08:15 AM,08:15 am
sched_dep_time,1178,07:00 AM,07:00 am
sched_dep_time,1179,04:15 PM,04:15 pm
sched_dep_time,1180,05:25 PM,05:25 pm
sched_dep_time,1181,06:00 AM,06:00 am
sched_dep_time,1182,11:05 AM,11:05 am
sched_dep_time,1183,10:45 AM,10:45 am
sched_dep_time,1184,10:15 AM,10:15 am
sched_dep_time,1185,06:45 AM,06:45 am
sched_dep_time,1186,12:15 PM,12:15 pm
sched_dep_time,1187,12:30 PM,12:30 pm
sched_dep_time,1188,12:00 AM,12:00 pm
sched_dep_time,1189,10:40 AM,10:40 am
sched_dep_time,1190,12:57 PM,12:57 pm
sched_dep_time,1191,03:35 PM,03:35 pm
sched_dep_time,1192,06:45 PM,06:45 pm
sched_dep_time,1193,07:15 PM,07:15 pm
sched_dep_time,1194,01:55 PM,01:55 pm
sched_dep_time,1195,09:15 AM,09:15 am
sched_dep_time,1196,08:00 PM,08:00 pm
sched_dep_time,1197,10:25 AM,10:25 am
sched_dep_time,1198,10:40 AM,10:40 am
sched_dep_time,1199,01:33 PM,01:33 pm
sched_dep_time,1200,11:55 PM,11:55 pm
sched_dep_time,1201,02:30 PM,02:30 pm
sched_dep_time,1202,08:29 AM,08:29 am
sched_dep_time,1203,02:53 PM,02:53 pm
sched_dep_time,1204,07:35 AM,not available
sched_dep_time,1205,11:08 PM,11:08 pm
sched_dep_time,1206,05:30 PM,05:30 pm
sched_dep_time,1207,11:15 AM,11:15 am
sched_dep_time,1208,02:55 PM,02:55 pm
sched_dep_time,1209,08:55 AM,08:55 am
sched_dep_time,1210,02:35 PM,02:35 pm
sched_dep_time,1211,07:15 AM,07:15 am
sched_dep_time,1212,04:25 PM,04:25 pm
sched_dep_time,1213,12:10 PM,12:10 pm
sched_dep_time,1214,07:55 AM,07:55 am
sched_dep_time,1215,09:05 AM,09:05 am
sched_dep_time,1216,01:05 PM,01:05 pm
sched_dep_time,1217,07:53 AM,07:53 am
sched_dep_time,1218,03:05 PM,03:05 pm
sched_dep_time,1219,06:30 PM,06:30 pm
sched_dep_time,1220,11:25 AM,11:25 am
sched_dep_time,1221,04:00 PM,04:00 pm
sched_dep_time,1222,06:00 AM,06:00 am
sched_dep_time,1223,07:10 AM,07:10 am
sched_dep_time,1224,07:10 AM,07:10 am
sched_dep_time,1225,07:00 PM,07:00 pm
sched_dep_time,1226,06:40 AM,06:40 am
sched_dep_time,1227,08:00 AM,08:00 am
sched_dep_time,1228,08:41 AM,08:41 am
sched_dep_time,1229,07:45 PM,07:45 pm
sched_dep_time,1230,03:27 PM,03:27 pm
sched_dep_time,1231,11:25 AM,11:25 am
sched_dep_time,1232,11:25 AM,11:25 am
sched_dep_time,1233,10:39 AM,10:39 am
sched_dep_time,1234,11:25 PM,11:25 pm
sched_dep_time,1235,06:00 AM,06:00 am
sched_dep_time,1236,12:30 AM,12:30 am
sched_dep_time,1237,04:00 PM,04:00 pm
sched_dep_time,1238,07:35 AM,07:35 am
sched_dep_time,1239,09:45 AM,09:45 am
sched_dep_time,1240,09:05 AM,09:05 am
sched_dep_time,1241,08:15 AM,08:15 am
sched_dep_time,1242,07:00 AM,07:00 am
sched_dep_time,1243,04:15 PM,04:15 pm
sched_dep_time,1244,10:45 AM,10:45 am
sched_dep_time,1245,02:30 PM,02:30 pm
sched_dep_time,1246,08:05 AM,08:05 am
sched_dep_time,1247,02:55 PM,02:55 pm
sched_dep_time,1248,11:50 AM,11:50 am
sched_dep_time,1249,11:40 AM,11:40 am
sched_dep_time,1250,06:00 AM,06:00 am
sched_dep_time,1251,11:05 AM,11:05 am
sched_dep_time,1252,06:00 AM,06:00 am
sched_dep_time,1253,08:40 AM,08:40 am
sched_dep_time,1254,10:15 AM,10:15 am
sched_dep_time,1255,01:00 PM,01:00 pm
sched_dep_time,1256,07:53 AM,07:53 am
sched_dep_time,1257,12:30 PM,12:30 pm
sched_dep_time,1258,11:45 AM,11:45 am
sched_dep_time,1259,02:30 PM,02:30 pm
sched_dep_time,1260,12:00 AM,12:00 pm
sched_dep_time,1261,05:25 PM,05:25 pm
sched_dep_time,1262,07:10 PM,07:10 pm
sched_dep_time,1263,10:40 AM,10:40 am
sched_dep_time,1264,12:57 PM,12:57 pm
sched_dep_time,1265,03:35 PM,03:35 pm
sched_dep_time,1266,07:15 AM,07:15 am
sched_dep_time,1267,06:30 PM,06:30 pm
sched_dep_time,1268,06:45 PM,06:45 pm
sched_dep_time,1269,12:00 PM,12:00 pm
sched_dep_time,1270,07:15 PM,07:15 pm
sched_dep_time,1271,01:55 PM,01:55 pm
sched_dep_time,1272,09:15 AM,09:15 am
sched_dep_time,1273,06:00 AM,06:00 am
sched_dep_time,1274,07:10 AM,07:10 am
sched_dep_time,1275,04:55 PM,04:55 pm
sched_dep_time,1276,07:25 AM,07:25 am
sched_dep_time,1277,03:50 PM,03:50 pm
sched_dep_time,1278,04:16 PM,04:16 pm
sched_dep_time,1279,08:00 PM,08:00 pm
sched_dep_time,1280,10:25 AM,10:25 am
sched_dep_time,1281,07:05 AM,07:05 am
sched_dep_time,1282,10:40 AM,10:40 am
sched_dep_time,1283,01:33 PM,01:33 pm
sched_dep_time,1284,12:15 PM,12:15 pm
sched_dep_time,1285,01:29 PM,01:29 pm
sched_dep_time,1286,11:55 PM,11:55 pm
sched_dep_time,1287,04:25 PM,04:25 pm
sched_dep_time,1288,09:00 PM,09:00 pm
sched_dep_time,1289,08:25 PM,08:25 pm
sched_dep_time,1290,06:59 AM,06:59 am
sched_dep_time,1291,08:35 AM,08:35 am
sched_dep_time,1292,08:29 AM,08:29 am
sched_dep_time,1293,01:30 PM,01:30 pm
sched_dep_time,1294,02:53 PM,02:53 pm
sched_dep_time,1295,07:35 AM,not available
sched_dep_time,1296,11:08 PM,11:08 pm
sched_dep_time,1297,05:30 PM,05:30 pm
sched_dep_time,1298,01:45 PM,01:45 pm
sched_dep_time,1299,11:15 AM,11:15 am
sched_dep_time,1300,08:20 PM,08:20 pm
sched_dep_time,1301,02:55 PM,02:55 pm
sched_dep_time,1302,02:30 PM,02:30 pm
sched_dep_time,1303,08:55 AM,08:55 am
sched_dep_time,1304,02:35 PM,02:35 pm
sched_dep_time,1305,02:55 PM,02:55 pm
sched_dep_time,1306,07:15 AM,07:15 am
sched_dep_time,1307,12:10 PM,12:10 pm
sched_dep_time,1308,07:55 AM,07:55 am
sched_dep_time,1309,09:05 AM,9:05 am (-00:00)
sched_dep_time,1310,01:05 PM,01:05 pm
sched_dep_time,1311,08:35 AM,08:35 am
sched_dep_time,1312,03:05 PM,03:05 pm
sched_dep_time,1313,07:30 AM,07:30 am
sched_dep_time,1314,04:00 PM,04:00 pm
sched_dep_time,1315,11:35 AM,11:35 am
sched_dep_time,1316,02:55 PM,02:55 pm
sched_dep_time,1317,11:55 AM,11:55 am
sched_dep_time,1318,10:40 AM,10:40 am
sched_dep_time,1319,06:45 AM,06:45 am
sched_dep_time,1320,04:00 PM,04:00 pm
sched_dep_time,1321,06:00 AM,06:00 am
sched_dep_time,1322,07:10 AM,07:10 am
sched_dep_time,1323,07:10 AM,07:10 am
sched_dep_time,1324,07:10 AM,7:10adec 1
sched_dep_time,1325,07:00 PM,07:00 pm
sched_dep_time,1326,06:40 AM,6:40adec 1
sched_dep_time,1327,08:00 AM,8:19adec 1
sched_dep_time,1328,08:41 AM,8:41adec 1
sched_dep_time,1329,07:45 PM,07:45 pm
sched_dep_time,1330,12:00 PM,12:00 pm
sched_dep_time,1331,03:27 PM,03:27 pm
sched_dep_time,1332,11:25 AM,11:25 am
sched_dep_time,1333,10:39 AM,10:39adec 1
sched_dep_time,1334,11:25 PM,11:25 pm
sched_dep_time,1335,06:00 AM,6:14adec 1
sched_dep_time,1336,12:30 AM,12:30adec 1
sched_dep_time,1337,04:00 PM,04:00 pm
sched_dep_time,1338,07:35 AM,7:35adec 1
sched_dep_time,1339,09:45 AM,9:45adec 1
sched_dep_time,1340,09:05 AM,09:05 am
sched_dep_time,1341,08:15 AM,8:15adec 1
sched_dep_time,1342,07:00 AM,7:00adec 1
sched_dep_time,1343,04:15 PM,04:15 pm
sched_dep_time,1344,10:45 AM,10:45adec 1
sched_dep_time,1345,02:30 PM,02:30 pm
sched_dep_time,1346,08:05 AM,8:05adec 1
sched_dep_time,1347,02:55 PM,02:55 pm
sched_dep_time,1348,11:50 AM,11:50 am
sched_dep_time,1349,11:40 AM,11:40adec 1
sched_dep_time,1350,06:00 AM,6:00adec 1
sched_dep_time,1351,11:05 AM,11:05 am
sched_dep_time,1352,06:00 AM,6:00adec 1
sched_dep_time,1353,08:40 AM,8:40adec 1
sched_dep_time,1354,10:15 AM,10:15 am
sched_dep_time,1355,01:00 PM,01:00 pm
sched_dep_time,1356,07:53 AM,7:53adec 1
sched_dep_time,1357,12:30 PM,12:30 pm
sched_dep_time,1358,11:45 AM,11:45adec 1
sched_dep_time,1359,02:30 PM,02:30 pm
sched_dep_time,1360,12:00 AM,12:00 pm
sched_dep_time,1361,05:25 PM,05:25 pm
sched_dep_time,1362,07:10 PM,07:10 pm
sched_dep_time,1363,10:40 AM,10:40 am
sched_dep_time,1364,12:57 PM,12:57 pm
sched_dep_time,1365,03:35 PM,03:35 pm
sched_dep_time,1366,07:15 AM,7:15adec 1
sched_dep_time,1367,06:30 PM,06:30 pm
sched_dep_time,1368,06:45 PM,06:45 pm
sched_dep_time,1369,07:15 PM,07:15 pm
sched_dep_time,1370,01:55 PM,02:22 pm
sched_dep_time,1371,09:15 AM,09:15 am
sched_dep_time,1372,06:00 AM,6:00adec 1
sched_dep_time,1373,07:10 AM,7:10adec 1
sched_dep_time,1374,04:55 PM,04:55 pm
sched_dep_time,1375,03:50 PM,03:50 pm
sched_dep_time,1376,04:16 PM,04:16 pm
sched_dep_time,1377,08:00 PM,08:00 pm
sched_dep_time,1378,10:25 AM,10:25 am
sched_dep_time,1379,07:05 AM,7:05adec 1
sched_dep_time,1380,10:40 AM,10:40 am
sched_dep_time,1381,01:33 PM,01:33 pm
sched_dep_time,1382,12:15 PM,12:15 pm
sched_dep_time,1383,01:29 PM,01:29 pm
sched_dep_time,1384,11:55 PM,11:55 pm
sched_dep_time,1385,04:25 PM,04:25 pm
sched_dep_time,1386,09:00 PM,09:00 pm
sched_dep_time,1387,08:25 PM,08:25 pm
sched_dep_time,1388,06:59 AM,6:59adec 1
sched_dep_time,1389,08:35 AM,8:35adec 1
sched_dep_time,1390,01:30 PM,01:30 pm
sched_dep_time,1391,02:53 PM,02:53 pm
sched_dep_time,1392,07:35 AM,7:35adec 1
sched_dep_time,1393,11:08 PM,11:08 pm
sched_dep_time,1394,05:30 PM,05:30 pm
sched_dep_time,1395,01:45 PM,01:45 pm
sched_dep_time,1396,11:15 AM,11:15adec 1
sched_dep_time,1397,08:20 PM,08:20 pm
sched_dep_time,1398,02:55 PM,02:55 pm
sched_dep_time,1399,02:30 PM,02:30 pm
sched_dep_time,1400,08:55 AM,8:55adec 1
sched_dep_time,1401,02:35 PM,02:35 pm
sched_dep_time,1402,02:55 PM,02:55 pm
sched_dep_time,1403,07:15 AM,7:15adec 1
sched_dep_time,1404,12:10 PM,12:10 pm
sched_dep_time,1405,07:55 AM,7:55adec 1
sched_dep_time,1406,09:05 AM,9:05adec 1
sched_dep_time,1407,01:05 PM,01:05 pm
sched_dep_time,1408,08:35 AM,8:35adec 1
sched_dep_time,1409,03:05 PM,03:05 pm
sched_dep_time,1410,07:30 AM,7:30adec 1
sched_dep_time,1411,11:25 AM,11:25adec 1
sched_dep_time,1412,04:00 PM,04:00 pm
sched_dep_time,1413,11:35 AM,11:35 am
sched_dep_time,1414,07:25 AM,7:25adec 1
sched_dep_time,1415,02:55 PM,02:55 pm
sched_dep_time,1416,11:55 AM,11:55 am
sched_dep_time,1417,10:40 AM,10:40 am
sched_dep_time,1418,06:45 AM,6:45adec 1
sched_dep_time,1419,04:00 PM,04:00 pm
sched_dep_time,1420,06:00 AM,6:00adec 1
sched_dep_time,1421,07:10 AM,7:10adec 1
sched_dep_time,1422,07:10 AM,07:10 am
sched_dep_time,1423,11:50 AM,11:50 am
sched_dep_time,1424,08:29 AM,08:29 am
sched_dep_time,1425,02:35 PM,02:35 pm
sched_dep_time,1426,01:33 PM,01:33 pm
sched_dep_time,1427,07:00 PM,07:00 pm
sched_dep_time,1428,07:35 AM,07:35 am
sched_dep_time,1429,11:40 AM,11:40 am
sched_dep_time,1430,06:00 AM,06:00 am
sched_dep_time,1431,07:15 PM,07:15 pm
sched_dep_time,1432,12:30 AM,12:30 am
sched_dep_time,1433,08:40 AM,08:40 am
sched_dep_time,1434,11:25 AM,11:25 am
sched_dep_time,1435,02:55 PM,02:55 pm
sched_dep_time,1436,02:30 PM,02:30 pm
sched_dep_time,1437,09:15 AM,09:15 am
sched_dep_time,1438,10:25 AM,10:25 am
sched_dep_time,1439,09:45 AM,09:45 am
sched_dep_time,1440,02:53 PM,02:53 pm
sched_dep_time,1441,07:10 PM,07:10 pm
sched_dep_time,1442,05:30 PM,05:30 pm
sched_dep_time,1443,04:00 PM,04:00 pm
sched_dep_time,1444,05:25 PM,05:25 pm
sched_dep_time,1445,08:05 AM,08:05 am
sched_dep_time,1446,06:00 AM,06:00 am
sched_dep_time,1447,02:35 PM,02:35 pm
sched_dep_time,1448,09:45 AM,09:45 am
sched_dep_time,1449,02:55 PM,02:55 pm
sched_dep_time,1450,03:50 PM,03:50 pm
sched_dep_time,1451,06:00 AM,06:00 am
sched_dep_time,1452,04:16 PM,04:16 pm
sched_dep_time,1453,08:41 AM,08:41 am
sched_dep_time,1454,01:05 PM,01:05 pm
sched_dep_time,1455,07:15 AM,07:15 am
sched_dep_time,1456,01:33 PM,01:33 pm
sched_dep_time,1457,12:15 PM,12:15 pm
sched_dep_time,1458,12:30 AM,12:30 am
sched_dep_time,1459,11:25 AM,11:25 am
sched_dep_time,1460,04:25 PM,04:25 pm
sched_dep_time,1461,07:30 AM,07:30 am
sched_dep_time,1462,09:00 PM,09:00 pm
sched_dep_time,1463,04:00 PM,04:00 pm
sched_dep_time,1464,08:35 AM,08:35 am
sched_dep_time,1465,07:45 PM,07:45 pm
sched_dep_time,1466,08:29 AM,08:29 am
sched_dep_time,1467,11:55 AM,11:55 am
sched_dep_time,1468,02:55 PM,02:55 pm
sched_dep_time,1469,10:25 AM,10:25 am
sched_dep_time,1470,02:53 PM,02:53 pm
sched_dep_time,1471,07:00 AM,07:00 am
sched_dep_time,1472,10:40 AM,10:40 am
sched_dep_time,1473,08:35 AM,08:35 am
sched_dep_time,1474,08:20 PM,08:20 pm
sched_dep_time,1475,06:00 AM,06:00 am
sched_dep_time,1476,07:10 AM,07:10 am
sched_dep_time,1477,02:30 PM,02:30 pm
sched_dep_time,1478,09:05 AM,09:05 am
sched_dep_time,1479,12:00 PM,12:00 pm
sched_dep_time,1480,07:15 PM,07:15 pm
sched_dep_time,1481,11:50 AM,11:50 am
sched_dep_time,1482,08:00 AM,08:00 am
sched_dep_time,1483,03:05 PM,03:05 pm
sched_dep_time,1484,08:35 AM,08:35 am
sched_dep_time,1485,07:10 AM,07:10 am
sched_dep_time,1486,02:30 PM,02:30 pm
sched_dep_time,1487,06:00 AM,06:00 am
sched_dep_time,1488,07:10 AM,07:10 am
sched_dep_time,1489,07:00 PM,07:00 pm
sched_dep_time,1490,06:40 AM,06:40 am
sched_dep_time,1491,08:00 AM,08:00 am
sched_dep_time,1492,08:41 AM,08:41 am
sched_dep_time,1493,07:45 PM,07:45 pm
sched_dep_time,1494,03:27 PM,03:27 pm
sched_dep_time,1495,11:25 AM,11:25 am
sched_dep_time,1496,11:25 AM,11:25 am
sched_dep_time,1497,10:39 AM,10:39 am
sched_dep_time,1498,11:25 PM,11:25 pm
sched_dep_time,1499,06:00 AM,06:00 am
sched_dep_time,1500,12:30 AM,12:30 am
sched_dep_time,1501,04:00 PM,04:00 pm
sched_dep_time,1502,07:35 AM,07:35 am
sched_dep_time,1503,09:45 AM,09:45 am
sched_dep_time,1504,09:05 AM,09:05 am
sched_dep_time,1505,08:15 AM,08:15 am
sched_dep_time,1506,07:00 AM,07:00 am
sched_dep_time,1507,04:15 PM,04:15 pm
sched_dep_time,1508,10:45 AM,10:45 am
sched_dep_time,1509,02:30 PM,02:30 pm
sched_dep_time,1510,08:05 AM,08:05 am
sched_dep_time,1511,02:55 PM,02:55 pm
sched_dep_time,1512,11:50 AM,11:50 am
sched_dep_time,1513,11:40 AM,11:40 am
sched_dep_time,1514,06:00 AM,06:00 am
sched_dep_time,1515,11:05 AM,11:05 am
sched_dep_time,1516,06:00 AM,06:00 am
sched_dep_time,1517,08:40 AM,08:40 am
sched_dep_time,1518,10:15 AM,10:15 am
sched_dep_time,1519,01:00 PM,01:00 pm
sched_dep_time,1520,07:53 AM,07:53 am
sched_dep_time,1521,12:30 PM,12:30 pm
sched_dep_time,1522,11:45 AM,11:45 am
sched_dep_time,1523,02:30 PM,02:30 pm
sched_dep_time,1524,12:00 AM,12:00 pm
sched_dep_time,1525,05:25 PM,05:25 pm
sched_dep_time,1526,07:10 PM,07:10 pm
sched_dep_time,1527,10:40 AM,10:40 am
sched_dep_time,1528,12:57 PM,12:57 pm
sched_dep_time,1529,03:35 PM,03:35 pm
sched_dep_time,1530,07:15 AM,07:15 am
sched_dep_time,1531,06:30 PM,06:30 pm
sched_dep_time,1532,06:45 PM,06:45 pm
sched_dep_time,1533,12:00 PM,12:00 pm
sched_dep_time,1534,07:15 PM,07:15 pm
sched_dep_time,1535,01:55 PM,01:55 pm
sched_dep_time,1536,09:15 AM,09:15 am
sched_dep_time,1537,06:00 AM,06:00 am
sched_dep_time,1538,07:10 AM,07:10 am
sched_dep_time,1539,04:55 PM,04:55 pm
sched_dep_time,1540,07:25 AM,07:25 am
sched_dep_time,1541,03:50 PM,03:50 pm
sched_dep_time,1542,04:16 PM,04:16 pm
sched_dep_time,1543,08:00 PM,08:00 pm
sched_dep_time,1544,10:25 AM,10:25 am
sched_dep_time,1545,07:05 AM,07:05 am
sched_dep_time,1546,10:40 AM,10:40 am
sched_dep_time,1547,01:33 PM,01:33 pm
sched_dep_time,1548,12:15 PM,12:15 pm
sched_dep_time,1549,01:29 PM,01:29 pm
sched_dep_time,1550,11:55 PM,11:55 pm
sched_dep_time,1551,04:25 PM,04:25 pm
sched_dep_time,1552,09:00 PM,09:00 pm
sched_dep_time,1553,08:25 PM,08:25 pm
sched_dep_time,1554,06:59 AM,06:59 am
sched_dep_time,1555,08:35 AM,08:35 am
sched_dep_time,1556,08:29 AM,08:29 am
sched_dep_time,1557,01:30 PM,01:30 pm
sched_dep_time,1558,02:53 PM,02:53 pm
sched_dep_time,1559,07:35 AM,not available
sched_dep_time,1560,11:08 PM,11:08 pm
sched_dep_time,1561,05:30 PM,05:30 pm
sched_dep_time,1562,01:45 PM,01:45 pm
sched_dep_time,1563,11:15 AM,11:15 am
sched_dep_time,1564,08:20 PM,08:20 pm
sched_dep_time,1565,02:55 PM,02:55 pm
sched_dep_time,1566,02:30 PM,02:30 pm
sched_dep_time,1567,08:55 AM,08:55 am
sched_dep_time,1568,02:35 PM,02:35 pm
sched_dep_time,1569,02:55 PM,02:55 pm
sched_dep_time,1570,07:15 AM,07:15 am
sched_dep_time,1571,12:10 PM,12:10 pm
sched_dep_time,1572,07:55 AM,07:55 am
sched_dep_time,1573,09:05 AM,9:05 am (-00:00)
sched_dep_time,1574,01:05 PM,01:05 pm
sched_dep_time,1575,08:35 AM,08:35 am
sched_dep_time,1576,03:05 PM,03:05 pm
sched_dep_time,1577,07:30 AM,07:30 am
sched_dep_time,1578,04:00 PM,04:00 pm
sched_dep_time,1579,11:35 AM,11:35 am
sched_dep_time,1580,02:55 PM,02:55 pm
sched_dep_time,1581,11:55 AM,11:55 am
sched_dep_time,1582,10:40 AM,10:40 am
sched_dep_time,1583,06:45 AM,06:45 am
sched_dep_time,1584,04:00 PM,04:00 pm
sched_dep_time,1585,06:00 AM,06:00 am
sched_dep_time,1586,07:10 AM,07:10 am
sched_dep_time,1587,07:10 AM,07:10 am
sched_dep_time,1588,07:45 PM,07:45 pm
sched_dep_time,1589,07:00 PM,07:00 pm
sched_dep_time,1590,08:41 AM,8:41adec 1
sched_dep_time,1591,06:30 PM,06:30 pm
sched_dep_time,1592,03:27 PM,03:27 pm
sched_dep_time,1593,10:39 AM,10:39adec 1
sched_dep_time,1594,11:25 PM,11:25 pm
sched_dep_time,1595,12:30 AM,12:30adec 1
sched_dep_time,1596,04:00 PM,04:00 pm
sched_dep_time,1597,09:45 AM,9:45adec 1
sched_dep_time,1598,07:00 AM,7:00adec 1
sched_dep_time,1599,02:30 PM,02:30 pm
sched_dep_time,1600,11:40 AM,11:40adec 1
sched_dep_time,1601,06:00 AM,6:00adec 1
sched_dep_time,1602,11:05 AM,11:05 am
sched_dep_time,1603,10:15 AM,10:15 am
sched_dep_time,1604,07:30 AM,7:30adec 1
sched_dep_time,1605,12:30 PM,12:30 pm
sched_dep_time,1606,09:05 AM,09:05 am
sched_dep_time,1607,11:45 AM,11:45adec 1
sched_dep_time,1608,12:00 AM,12:00 pm
sched_dep_time,1609,07:10 PM,07:10 pm
sched_dep_time,1610,11:35 AM,11:35 am
sched_dep_time,1611,06:00 AM,6:00adec 1
sched_dep_time,1612,07:10 AM,7:10adec 1
sched_dep_time,1613,04:55 PM,04:55 pm
sched_dep_time,1614,07:25 AM,7:25adec 1
sched_dep_time,1615,08:00 PM,08:00 pm
sched_dep_time,1616,07:05 AM,7:05adec 1
sched_dep_time,1617,06:45 PM,06:45 pm
sched_dep_time,1618,04:25 PM,04:25 pm
sched_dep_time,1619,09:00 PM,09:00 pm
sched_dep_time,1620,08:25 PM,08:25 pm
sched_dep_time,1621,06:59 AM,6:59adec 1
sched_dep_time,1622,08:35 AM,8:35adec 1
sched_dep_time,1623,02:30 PM,not available
sched_dep_time,1624,01:30 PM,01:30 pm
sched_dep_time,1625,02:53 PM,02:53 pm
sched_dep_time,1626,11:08 PM,11:08 pm
sched_dep_time,1627,08:20 PM,08:20 pm
sched_dep_time,1628,02:55 PM,02:55 pm
sched_dep_time,1629,07:35 AM,not available
sched_dep_time,1630,12:10 PM,12:10 pm
sched_dep_time,1631,09:05 AM,9:05adec 1
sched_dep_time,1632,07:10 AM,7:10adec 1
sched_dep_time,1633,08:35 AM,8:35adec 1
sched_dep_time,1634,11:25 AM,11:25adec 1
sched_dep_time,1635,04:00 PM,04:00 pm
sched_dep_time,1636,02:55 PM,02:55 pm
sched_dep_time,1637,06:45 AM,6:45adec 1
sched_dep_time,1638,07:10 AM,07:10 am
sched_dep_time,1639,06:00 AM,06:00 am
sched_dep_time,1640,07:10 AM,07:10 am
sched_dep_time,1641,02:35 PM,02:35 pm
sched_dep_time,1642,07:15 AM,07:15 am
sched_dep_time,1643,08:00 PM,11/30 8:00 pm
sched_dep_time,1644,04:16 PM,11/30 4:16 pm
sched_dep_time,1645,01:05 PM,01:05 pm
sched_dep_time,1646,06:45 PM,11/30 6:45 pm
sched_dep_time,1647,07:30 AM,07:30 am
sched_dep_time,1648,01:33 PM,01:33 pm
sched_dep_time,1649,12:15 PM,12:15 pm
sched_dep_time,1650,04:00 PM,11/30 4:00 pm
sched_dep_time,1651,11:55 PM,11:55 pm
sched_dep_time,1652,11:25 AM,11/30 11:25 am
sched_dep_time,1653,11:45 AM,11:45 am
sched_dep_time,1654,07:45 PM,11/30 7:45 pm
sched_dep_time,1655,10:40 AM,10:40 am
sched_dep_time,1656,11:08 PM,11:08 pm
sched_dep_time,1657,10:40 AM,10:40 am
sched_dep_time,1658,12:57 PM,11/30 12:57 pm
sched_dep_time,1659,08:35 AM,08:35 am
sched_dep_time,1660,03:35 PM,03:35 pm
sched_dep_time,1661,01:55 PM,11/30 1:55 pm
sched_dep_time,1662,07:10 AM,07:10 am
sched_dep_time,1663,06:40 AM,06:40 am
sched_dep_time,1664,07:00 PM,07:00 pm
sched_dep_time,1665,08:41 AM,08:41 am
sched_dep_time,1666,07:45 PM,07:45 pm
sched_dep_time,1667,11:25 PM,11:25 pm
sched_dep_time,1668,04:00 PM,04:00 pm
sched_dep_time,1669,07:35 AM,07:35 am
sched_dep_time,1670,07:00 AM,07:00 am
sched_dep_time,1671,04:15 PM,04:15 pm
sched_dep_time,1672,09:05 AM,09:05 am
sched_dep_time,1673,11:50 AM,11:50 am
sched_dep_time,1674,11:40 AM,11:40 am
sched_dep_time,1675,06:00 AM,06:00 am
sched_dep_time,1676,11:05 AM,11:05 am
sched_dep_time,1677,07:55 AM,07:55 am
sched_dep_time,1678,10:15 AM,10:15 am
sched_dep_time,1679,07:30 AM,07:30 am
sched_dep_time,1680,01:00 PM,01:00 pm
sched_dep_time,1681,06:45 AM,06:45 am
sched_dep_time,1682,12:15 PM,12:15 pm
sched_dep_time,1683,12:30 PM,12:30 pm
sched_dep_time,1684,02:30 PM,02:30 pm
sched_dep_time,1685,12:00 AM,12:00 pm
sched_dep_time,1686,05:25 PM,05:25 pm
sched_dep_time,1687,07:25 AM,07:25 am
sched_dep_time,1688,07:10 PM,07:27 pm
sched_dep_time,1689,11:35 AM,11:35 am
sched_dep_time,1690,10:40 AM,10:40 am
sched_dep_time,1691,03:35 PM,03:35 pm
sched_dep_time,1692,07:15 AM,07:15 am
sched_dep_time,1693,06:30 PM,06:30 pm
sched_dep_time,1694,06:45 PM,06:45 pm
sched_dep_time,1695,12:00 PM,12:00 pm
sched_dep_time,1696,07:15 PM,07:15 pm
sched_dep_time,1697,09:15 AM,09:15 am
sched_dep_time,1698,06:00 AM,06:00 am
sched_dep_time,1699,07:10 AM,07:10 am
sched_dep_time,1700,04:55 PM,04:55 pm
sched_dep_time,1701,03:50 PM,03:50 pm
sched_dep_time,1702,08:00 PM,08:00 pm
sched_dep_time,1703,10:40 AM,10:40 am
sched_dep_time,1704,01:33 PM,01:33 pm
sched_dep_time,1705,01:29 PM,01:29 pm
sched_dep_time,1706,04:25 PM,04:25 pm
sched_dep_time,1707,09:00 PM,09:00 pm
sched_dep_time,1708,08:25 PM,08:25 pm
sched_dep_time,1709,06:59 AM,06:59 am
sched_dep_time,1710,08:35 AM,08:35 am
sched_dep_time,1711,01:30 PM,01:30 pm
sched_dep_time,1712,11:08 PM,11:08 pm
sched_dep_time,1713,05:30 PM,05:30 pm
sched_dep_time,1714,08:20 PM,08:20 pm
sched_dep_time,1715,02:35 PM,02:35 pm
sched_dep_time,1716,02:55 PM,02:55 pm
sched_dep_time,1717,07:15 AM,07:15 am
sched_dep_time,1718,12:10 PM,12:10 pm
sched_dep_time,1719,01:05 PM,01:05 pm
sched_dep_time,1720,03:05 PM,03:05 pm
sched_dep_time,1721,04:00 PM,04:00 pm
sched_dep_time,1722,07:10 AM,07:10 am
sched_dep_time,1723,11:55 AM,11:55 am
sched_dep_time,1724,10:40 AM,10:40 am
sched_dep_time,1725,04:00 PM,04:00 pm
sched_dep_time,1726,06:00 AM,06:00 am
sched_dep_time,1727,07:10 AM,07:10 am
sched_dep_time,1728,08:00 AM,08:00 am
sched_dep_time,1729,08:41 AM,08:41 am
sched_dep_time,1730,03:27 PM,03:27 pm
sched_dep_time,1731,10:39 AM,10:39 am
sched_dep_time,1732,04:00 PM,04:00 pm
sched_dep_time,1733,11:05 AM,11:05 am
sched_dep_time,1734,12:30 PM,12:30 pm
sched_dep_time,1735,12:00 AM,12:00 pm
sched_dep_time,1736,07:53 AM,07:53 am
sched_dep_time,1737,08:15 AM,08:15 am
sched_dep_time,1738,12:57 PM,12:57 pm
sched_dep_time,1739,01:55 PM,01:55 pm
sched_dep_time,1740,03:50 PM,03:50 pm
sched_dep_time,1741,04:16 PM,04:16 pm
sched_dep_time,1742,07:05 AM,07:05 am
sched_dep_time,1743,01:33 PM,01:33 pm
sched_dep_time,1744,01:29 PM,01:29 pm
sched_dep_time,1745,04:25 PM,04:25 pm
sched_dep_time,1746,08:29 AM,08:29 am
sched_dep_time,1747,07:35 AM,07:35 am
sched_dep_time,1748,11:08 PM,11:08 pm
sched_dep_time,1749,01:45 PM,01:45 pm
sched_dep_time,1750,11:15 AM,11:15 am
sched_dep_time,1751,02:55 PM,02:55 pm
sched_dep_time,1752,02:30 PM,02:30 pm
sched_dep_time,1753,08:55 AM,08:55 am
sched_dep_time,1754,02:55 PM,02:55 pm
sched_dep_time,1755,09:05 AM,09:05 am
sched_dep_time,1756,11:55 AM,11:55 am
sched_dep_time,1757,06:00 AM,06:00 am
sched_dep_time,1758,02:30 PM,02:30 pm
sched_dep_time,1759,07:10 AM,07:10 am
sched_dep_time,1760,07:00 PM,07:00 pm
sched_dep_time,1761,06:40 AM,06:40 am
sched_dep_time,1762,08:00 AM,08:00 am
sched_dep_time,1763,08:41 AM,08:41 am
sched_dep_time,1764,07:45 PM,07:45 pm
sched_dep_time,1765,12:00 PM,12:00 pm
sched_dep_time,1766,03:27 PM,03:27 pm
sched_dep_time,1767,11:25 AM,11:25 am
sched_dep_time,1768,10:39 AM,10:39 am
sched_dep_time,1769,11:25 PM,11:25 pm
sched_dep_time,1770,06:00 AM,06:00 am
sched_dep_time,1771,12:30 AM,12:30 am
sched_dep_time,1772,04:00 PM,04:00 pm
sched_dep_time,1773,07:35 AM,07:35 am
sched_dep_time,1774,09:45 AM,09:45 am
sched_dep_time,1775,09:05 AM,09:05 am
sched_dep_time,1776,08:15 AM,08:15 am
sched_dep_time,1777,07:00 AM,07:00 am
sched_dep_time,1778,04:15 PM,04:15 pm
sched_dep_time,1779,10:45 AM,10:45 am
sched_dep_time,1780,02:30 PM,02:30 pm
sched_dep_time,1781,08:05 AM,08:05 am
sched_dep_time,1782,02:55 PM,02:55 pm
sched_dep_time,1783,11:50 AM,11:50 am
sched_dep_time,1784,11:40 AM,11:40 am
sched_dep_time,1785,06:00 AM,06:00 am
sched_dep_time,1786,11:05 AM,11:05 am
sched_dep_time,1787,06:00 AM,06:00 am
sched_dep_time,1788,08:40 AM,08:40 am
sched_dep_time,1789,10:15 AM,10:15 am
sched_dep_time,1790,01:00 PM,01:00 pm
sched_dep_time,1791,07:53 AM,07:53 am
sched_dep_time,1792,12:30 PM,12:30 pm
sched_dep_time,1793,11:45 AM,11:45 am
sched_dep_time,1794,02:30 PM,02:30 pm
sched_dep_time,1795,12:00 AM,12:00 pm
sched_dep_time,1796,05:25 PM,05:25 pm
sched_dep_time,1797,07:10 PM,07:10 pm
sched_dep_time,1798,10:40 AM,10:40 am
sched_dep_time,1799,12:57 PM,12:57 pm
sched_dep_time,1800,03:35 PM,03:35 pm
sched_dep_time,1801,07:15 AM,07:15 am
sched_dep_time,1802,06:30 PM,06:30 pm
sched_dep_time,1803,06:45 PM,06:45 pm
sched_dep_time,1804,07:15 PM,07:15 pm
sched_dep_time,1805,01:55 PM,01:55 pm
sched_dep_time,1806,09:15 AM,09:15 am
sched_dep_time,1807,06:00 AM,06:00 am
sched_dep_time,1808,07:10 AM,07:10 am
sched_dep_time,1809,04:55 PM,04:55 pm
sched_dep_time,1810,03:50 PM,03:50 pm
sched_dep_time,1811,04:16 PM,04:16 pm
sched_dep_time,1812,08:00 PM,08:00 pm
sched_dep_time,1813,10:25 AM,10:25 am
sched_dep_time,1814,07:05 AM,07:05 am
sched_dep_time,1815,10:40 AM,10:40 am
sched_dep_time,1816,01:33 PM,01:33 pm
sched_dep_time,1817,12:15 PM,12:15 pm
sched_dep_time,1818,01:29 PM,01:29 pm
sched_dep_time,1819,11:55 PM,11:55 pm
sched_dep_time,1820,04:25 PM,04:25 pm
sched_dep_time,1821,09:00 PM,09:00 pm
sched_dep_time,1822,08:25 PM,08:25 pm
sched_dep_time,1823,06:59 AM,06:59 am
sched_dep_time,1824,08:35 AM,08:35 am
sched_dep_time,1825,08:29 AM,08:29 am
sched_dep_time,1826,01:30 PM,01:30 pm
sched_dep_time,1827,02:53 PM,02:53 pm
sched_dep_time,1828,07:35 AM,not available
sched_dep_time,1829,11:08 PM,11:08 pm
sched_dep_time,1830,05:30 PM,05:30 pm
sched_dep_time,1831,01:45 PM,01:45 pm
sched_dep_time,1832,11:15 AM,11:15 am
sched_dep_time,1833,08:20 PM,08:20 pm
sched_dep_time,1834,02:55 PM,02:55 pm
sched_dep_time,1835,02:30 PM,02:30 pm
sched_dep_time,1836,08:55 AM,08:55 am
sched_dep_time,1837,02:35 PM,02:35 pm
sched_dep_time,1838,02:55 PM,02:55 pm
sched_dep_time,1839,07:15 AM,07:15 am
sched_dep_time,1840,12:10 PM,12:10 pm
sched_dep_time,1841,07:55 AM,07:55 am
sched_dep_time,1842,09:05 AM,09:05 am
sched_dep_time,1843,01:05 PM,01:05 pm
sched_dep_time,1844,08:35 AM,08:35 am
sched_dep_time,1845,03:05 PM,03:05 pm
sched_dep_time,1846,07:30 AM,07:30 am
sched_dep_time,1847,11:25 AM,11:25 am
sched_dep_time,1848,04:00 PM,04:00 pm
sched_dep_time,1849,11:35 AM,11:35 am
sched_dep_time,1850,07:25 AM,07:25 am
sched_dep_time,1851,02:55 PM,02:55 pm
sched_dep_time,1852,11:55 AM,11:55 am
sched_dep_time,1853,10:40 AM,10:40 am
sched_dep_time,1854,06:45 AM,06:45 am
sched_dep_time,1855,04:00 PM,04:00 pm
sched_dep_time,1856,06:00 AM,06:00 am
sched_dep_time,1857,07:10 AM,07:10 am
sched_dep_time,1858,07:10 AM,07:10 am
sched_dep_time,1859,07:10 AM,07:10 am
sched_dep_time,1860,07:00 PM,07:00 pm
sched_dep_time,1861,06:40 AM,06:40 am
sched_dep_time,1862,08:00 AM,08:00 am
sched_dep_time,1863,08:41 AM,08:41 am
sched_dep_time,1864,07:45 PM,07:45 pm
sched_dep_time,1865,11:45 AM,11:45 am
sched_dep_time,1866,06:30 PM,06:30 pm
sched_dep_time,1867,03:27 PM,03:27 pm
sched_dep_time,1868,11:25 AM,11:25 am
sched_dep_time,1869,11:25 PM,11:25 pm
sched_dep_time,1870,06:00 AM,06:00 am
sched_dep_time,1871,12:30 AM,12:30 am
sched_dep_time,1872,04:00 PM,04:00 pm
sched_dep_time,1873,07:35 AM,07:35 am
sched_dep_time,1874,09:45 AM,09:45 am
sched_dep_time,1875,07:00 AM,07:00 am
sched_dep_time,1876,08:15 AM,08:15 am
sched_dep_time,1877,04:15 PM,04:15 pm
sched_dep_time,1878,09:05 AM,09:05 am
sched_dep_time,1879,02:30 PM,02:30 pm
sched_dep_time,1880,05:25 PM,05:25 pm
sched_dep_time,1881,11:50 AM,11:50 am
sched_dep_time,1882,11:40 AM,11:40 am
sched_dep_time,1883,06:00 AM,06:00 am
sched_dep_time,1884,11:05 AM,11:05 am
sched_dep_time,1885,06:00 AM,06:00 am
sched_dep_time,1886,08:40 AM,08:40 am
sched_dep_time,1887,07:55 AM,07:55 am
sched_dep_time,1888,10:15 AM,10:15 am
sched_dep_time,1889,07:30 AM,07:30 am
sched_dep_time,1890,01:00 PM,01:00 pm
sched_dep_time,1891,06:45 AM,06:45 am
sched_dep_time,1892,12:15 PM,12:15 pm
sched_dep_time,1893,12:30 PM,12:30 pm
sched_dep_time,1894,12:00 AM,12:00 pm
sched_dep_time,1895,07:10 PM,07:10 pm
sched_dep_time,1896,11:35 AM,11:35 am
sched_dep_time,1897,10:40 AM,10:40 am
sched_dep_time,1898,12:57 PM,12:57 pm
sched_dep_time,1899,03:35 PM,03:35 pm
sched_dep_time,1900,07:15 AM,07:15 am
sched_dep_time,1901,08:05 AM,08:05 am
sched_dep_time,1902,06:45 PM,06:45 pm
sched_dep_time,1903,12:00 PM,12:00 pm
sched_dep_time,1904,07:15 PM,07:15 pm
sched_dep_time,1905,01:55 PM,01:55 pm
sched_dep_time,1906,09:15 AM,09:15 am
sched_dep_time,1907,06:00 AM,06:00 am
sched_dep_time,1908,07:10 AM,07:10 am
sched_dep_time,1909,04:55 PM,04:55 pm
sched_dep_time,1910,07:25 AM,07:25 am
sched_dep_time,1911,03:50 PM,03:50 pm
sched_dep_time,1912,04:16 PM,04:16 pm
sched_dep_time,1913,08:00 PM,08:00 pm
sched_dep_time,1914,10:25 AM,10:25 am
sched_dep_time,1915,07:05 AM,07:05 am
sched_dep_time,1916,10:40 AM,10:40 am
sched_dep_time,1917,01:33 PM,01:33 pm
sched_dep_time,1918,01:29 PM,01:29 pm
sched_dep_time,1919,11:55 PM,11:55 pm
sched_dep_time,1920,04:25 PM,04:25 pm
sched_dep_time,1921,09:00 PM,09:00 pm
sched_dep_time,1922,08:25 PM,08:25 pm
sched_dep_time,1923,02:55 PM,02:55 pm
sched_dep_time,1924,06:59 AM,06:59 am
sched_dep_time,1925,08:35 AM,08:35 am
sched_dep_time,1926,02:30 PM,02:30 pm
sched_dep_time,1927,08:29 AM,08:29 am
sched_dep_time,1928,02:53 PM,02:53 pm
sched_dep_time,1929,11:08 PM,11:08 pm
sched_dep_time,1930,05:30 PM,05:30 pm
sched_dep_time,1931,11:15 AM,11:15 am
sched_dep_time,1932,08:20 PM,08:20 pm
sched_dep_time,1933,02:55 PM,02:55 pm
sched_dep_time,1934,02:30 PM,02:30 pm
sched_dep_time,1935,02:35 PM,02:35 pm
sched_dep_time,1936,02:55 PM,02:55 pm
sched_dep_time,1937,07:15 AM,07:15 am
sched_dep_time,1938,12:10 PM,12:10 pm
sched_dep_time,1939,01:05 PM,01:05 pm
sched_dep_time,1940,07:53 AM,07:53 am
sched_dep_time,1941,08:35 AM,08:35 am
sched_dep_time,1942,03:05 PM,03:05 pm
sched_dep_time,1943,04:00 PM,04:00 pm
sched_dep_time,1944,07:10 AM,07:10 am
sched_dep_time,1945,02:55 PM,02:55 pm
sched_dep_time,1946,11:55 AM,11:55 am
sched_dep_time,1947,10:40 AM,10:40 am
sched_dep_time,1948,04:00 PM,04:00 pm
sched_dep_time,1949,06:00 AM,06:00 am
sched_dep_time,1950,07:10 AM,07:10 am
sched_dep_time,1951,07:10 AM,07:10 am
sched_dep_time,1952,07:00 PM,07:00 pm
sched_dep_time,1953,06:40 AM,06:40 am
sched_dep_time,1954,08:00 AM,08:00 am
sched_dep_time,1955,08:41 AM,08:41 am
sched_dep_time,1956,07:45 PM,07:45 pm
sched_dep_time,1957,12:00 PM,12:00 pm
sched_dep_time,1958,03:27 PM,03:27 pm
sched_dep_time,1959,11:25 AM,11:25 am
sched_dep_time,1960,10:39 AM,10:39 am
sched_dep_time,1961,11:25 PM,11:25 pm
sched_dep_time,1962,06:00 AM,06:00 am
sched_dep_time,1963,12:30 AM,12:30 am
sched_dep_time,1964,04:00 PM,04:00 pm
sched_dep_time,1965,07:35 AM,07:35 am
sched_dep_time,1966,09:45 AM,09:45 am
sched_dep_time,1967,09:05 AM,09:05 am
sched_dep_time,1968,08:15 AM,08:15 am
sched_dep_time,1969,07:00 AM,07:00 am
sched_dep_time,1970,04:15 PM,04:15 pm
sched_dep_time,1971,10:45 AM,10:45 am
sched_dep_time,1972,02:30 PM,02:30 pm
sched_dep_time,1973,08:05 AM,08:05 am
sched_dep_time,1974,02:55 PM,02:55 pm
sched_dep_time,1975,11:50 AM,11:50 am
sched_dep_time,1976,11:40 AM,11:40 am
sched_dep_time,1977,06:00 AM,06:00 am
sched_dep_time,1978,11:05 AM,11:05 am
sched_dep_time,1979,06:00 AM,06:00 am
sched_dep_time,1980,08:40 AM,08:40 am
sched_dep_time,1981,10:15 AM,10:15 am
sched_dep_time,1982,01:00 PM,01:00 pm
sched_dep_time,1983,07:53 AM,07:53 am
sched_dep_time,1984,12:30 PM,12:30 pm
sched_dep_time,1985,11:45 AM,11:45 am
sched_dep_time,1986,02:30 PM,02:30 pm
sched_dep_time,1987,12:00 AM,12:00 pm
sched_dep_time,1988,05:25 PM,05:25 pm
sched_dep_time,1989,07:10 PM,07:10 pm
sched_dep_time,1990,10:40 AM,10:40 am
sched_dep_time,1991,12:57 PM,12:57 pm
sched_dep_time,1992,03:35 PM,03:35 pm
sched_dep_time,1993,07:15 AM,07:15 am
sched_dep_time,1994,06:30 PM,06:30 pm
sched_dep_time,1995,06:45 PM,06:45 pm
sched_dep_time,1996,07:15 PM,07:15 pm
sched_dep_time,1997,01:55 PM,01:55 pm
sched_dep_time,1998,09:15 AM,09:15 am
sched_dep_time,1999,06:00 AM,06:00 am
sched_dep_time,2000,07:10 AM,07:10 am
sched_dep_time,2001,04:55 PM,04:55 pm
sched_dep_time,2002,03:50 PM,03:50 pm
sched_dep_time,2003,04:16 PM,04:16 pm
sched_dep_time,2004,08:00 PM,08:00 pm
sched_dep_time,2005,10:25 AM,10:25 am
sched_dep_time,2006,07:05 AM,07:05 am
sched_dep_time,2007,10:40 AM,10:40 am
sched_dep_time,2008,01:33 PM,01:33 pm
sched_dep_time,2009,12:15 PM,12:15 pm
sched_dep_time,2010,01:29 PM,01:29 pm
sched_dep_time,2011,11:55 PM,11:55 pm
sched_dep_time,2012,04:25 PM,04:25 pm
sched_dep_time,2013,09:00 PM,09:00 pm
sched_dep_time,2014,08:25 PM,08:25 pm
sched_dep_time,2015,06:59 AM,06:59 am
sched_dep_time,2016,08:35 AM,08:35 am
sched_dep_time,2017,08:29 AM,08:29 am
sched_dep_time,2018,01:30 PM,01:30 pm
sched_dep_time,2019,02:53 PM,02:53 pm
sched_dep_time,2020,07:35 AM,not available
sched_dep_time,2021,11:08 PM,11:08 pm
sched_dep_time,2022,05:30 PM,05:30 pm
sched_dep_time,2023,01:45 PM,01:45 pm
sched_dep_time,2024,11:15 AM,11:15 am
sched_dep_time,2025,08:20 PM,08:20 pm
sched_dep_time,2026,02:55 PM,02:55 pm
sched_dep_time,2027,02:30 PM,02:30 pm
sched_dep_time,2028,08:55 AM,08:55 am
sched_dep_time,2029,02:35 PM,02:35 pm
sched_dep_time,2030,02:55 PM,02:55 pm
sched_dep_time,2031,07:15 AM,07:15 am
sched_dep_time,2032,12:10 PM,12:10 pm
sched_dep_time,2033,07:55 AM,07:55 am
sched_dep_time,2034,09:05 AM,09:05 am
sched_dep_time,2035,01:05 PM,01:05 pm
sched_dep_time,2036,08:35 AM,08:35 am
sched_dep_time,2037,03:05 PM,03:05 pm
sched_dep_time,2038,07:30 AM,07:30 am
sched_dep_time,2039,11:25 AM,11:25 am
sched_dep_time,2040,04:00 PM,04:00 pm
sched_dep_time,2041,11:35 AM,11:35 am
sched_dep_time,2042,07:25 AM,07:25 am
sched_dep_time,2043,02:55 PM,02:55 pm
sched_dep_time,2044,11:55 AM,11:55 am
sched_dep_time,2045,10:40 AM,10:40 am
sched_dep_time,2046,06:45 AM,06:45 am
sched_dep_time,2047,04:00 PM,04:00 pm
sched_dep_time,2048,06:00 AM,06:00 am
sched_dep_time,2049,07:10 AM,07:10 am
sched_dep_time,2050,07:10 AM,07:10 am
sched_dep_time,2051,07:10 AM,07:10 am
sched_dep_time,2052,07:00 PM,07:00 pm
sched_dep_time,2053,06:40 AM,06:40 am
sched_dep_time,2054,08:00 AM,08:00 am
sched_dep_time,2055,08:41 AM,08:41 am
sched_dep_time,2056,07:45 PM,07:45 pm
sched_dep_time,2057,12:00 PM,12:00 pm
sched_dep_time,2058,03:27 PM,03:27 pm
sched_dep_time,2059,11:25 AM,11:25 am
sched_dep_time,2060,10:39 AM,10:39 am
sched_dep_time,2061,11:25 PM,11:25 pm
sched_dep_time,2062,06:00 AM,06:00 am
sched_dep_time,2063,12:30 AM,12:30 am
sched_dep_time,2064,04:00 PM,04:00 pm
sched_dep_time,2065,07:35 AM,07:35 am
sched_dep_time,2066,09:45 AM,09:45 am
sched_dep_time,2067,09:05 AM,09:05 am
sched_dep_time,2068,08:15 AM,08:15 am
sched_dep_time,2069,07:00 AM,07:00 am
sched_dep_time,2070,04:15 PM,04:15 pm
sched_dep_time,2071,10:45 AM,10:45 am
sched_dep_time,2072,02:30 PM,02:30 pm
sched_dep_time,2073,08:05 AM,08:05 am
sched_dep_time,2074,02:55 PM,02:55 pm
sched_dep_time,2075,11:50 AM,11:50 am
sched_dep_time,2076,11:40 AM,11:40 am
sched_dep_time,2077,06:00 AM,06:00 am
sched_dep_time,2078,11:05 AM,11:05 am
sched_dep_time,2079,06:00 AM,06:00 am
sched_dep_time,2080,08:40 AM,08:40 am
sched_dep_time,2081,10:15 AM,10:15 am
sched_dep_time,2082,01:00 PM,01:00 pm
sched_dep_time,2083,07:53 AM,07:53 am
sched_dep_time,2084,12:30 PM,12:30 pm
sched_dep_time,2085,11:45 AM,11:45 am
sched_dep_time,2086,02:30 PM,02:30 pm
sched_dep_time,2087,12:00 AM,12:00 pm
sched_dep_time,2088,05:25 PM,05:25 pm
sched_dep_time,2089,07:10 PM,07:10 pm
sched_dep_time,2090,10:40 AM,10:40 am
sched_dep_time,2091,12:57 PM,12:57 pm
sched_dep_time,2092,03:35 PM,03:35 pm
sched_dep_time,2093,07:15 AM,07:15 am
sched_dep_time,2094,06:30 PM,06:30 pm
sched_dep_time,2095,06:45 PM,06:45 pm
sched_dep_time,2096,07:15 PM,07:15 pm
sched_dep_time,2097,01:55 PM,01:55 pm
sched_dep_time,2098,09:15 AM,09:15 am
sched_dep_time,2099,06:00 AM,06:00 am
sched_dep_time,2100,07:10 AM,07:10 am
sched_dep_time,2101,04:55 PM,04:55 pm
sched_dep_time,2102,03:50 PM,03:50 pm
sched_dep_time,2103,04:16 PM,04:16 pm
sched_dep_time,2104,08:00 PM,08:00 pm
sched_dep_time,2105,10:25 AM,10:25 am
sched_dep_time,2106,07:05 AM,07:05 am
sched_dep_time,2107,10:40 AM,10:40 am
sched_dep_time,2108,01:33 PM,01:33 pm
sched_dep_time,2109,12:15 PM,12:15 pm
sched_dep_time,2110,01:29 PM,01:29 pm
sched_dep_time,2111,11:55 PM,11:55 pm
sched_dep_time,2112,04:25 PM,04:25 pm
sched_dep_time,2113,09:00 PM,09:00 pm
sched_dep_time,2114,08:25 PM,08:25 pm
sched_dep_time,2115,06:59 AM,06:59 am
sched_dep_time,2116,08:35 AM,08:35 am
sched_dep_time,2117,08:29 AM,08:29 am
sched_dep_time,2118,01:30 PM,01:30 pm
sched_dep_time,2119,02:53 PM,02:53 pm
sched_dep_time,2120,07:35 AM,not available
sched_dep_time,2121,11:08 PM,11:08 pm
sched_dep_time,2122,05:30 PM,05:30 pm
sched_dep_time,2123,01:45 PM,01:45 pm
sched_dep_time,2124,11:15 AM,11:15 am
sched_dep_time,2125,08:20 PM,08:20 pm
sched_dep_time,2126,02:55 PM,02:55 pm
sched_dep_time,2127,02:30 PM,02:30 pm
sched_dep_time,2128,08:55 AM,08:55 am
sched_dep_time,2129,02:35 PM,02:35 pm
sched_dep_time,2130,02:55 PM,02:55 pm
sched_dep_time,2131,07:15 AM,07:15 am
sched_dep_time,2132,12:10 PM,12:10 pm
sched_dep_time,2133,07:55 AM,07:55 am
sched_dep_time,2134,09:05 AM,09:05 am
sched_dep_time,2135,01:05 PM,01:05 pm
sched_dep_time,2136,08:35 AM,08:35 am
sched_dep_time,2137,03:05 PM,03:05 pm
sched_dep_time,2138,07:30 AM,07:30 am
sched_dep_time,2139,11:25 AM,11:25 am
sched_dep_time,2140,04:00 PM,04:00 pm
sched_dep_time,2141,11:35 AM,11:35 am
sched_dep_time,2142,07:25 AM,07:25 am
sched_dep_time,2143,02:55 PM,02:55 pm
sched_dep_time,2144,11:55 AM,11:55 am
sched_dep_time,2145,10:40 AM,10:40 am
sched_dep_time,2146,06:45 AM,06:45 am
sched_dep_time,2147,04:00 PM,04:00 pm
sched_dep_time,2148,06:00 AM,06:00 am
sched_dep_time,2149,07:10 AM,07:10 am
sched_dep_time,2150,07:10 AM,07:10 am
sched_dep_time,2151,11:25 AM,11:25 am
sched_dep_time,2152,11:40 AM,11:40 am
sched_dep_time,2153,09:00 PM,09:00 pm
sched_dep_time,2154,04:16 PM,04:16 pm
sched_dep_time,2155,01:05 PM,01:05 pm
sched_dep_time,2156,07:10 AM,07:10 am
sched_dep_time,2157,07:00 PM,07:00 pm
sched_dep_time,2158,06:40 AM,06:40 am
sched_dep_time,2159,08:00 AM,08:00 am
sched_dep_time,2160,08:41 AM,08:41 am
sched_dep_time,2161,07:45 PM,07:45 pm
sched_dep_time,2162,12:00 PM,12:00 pm
sched_dep_time,2163,03:27 PM,03:27 pm
sched_dep_time,2164,11:25 AM,11:25 am
sched_dep_time,2165,10:39 AM,10:39 am
sched_dep_time,2166,11:25 PM,11:25 pm
sched_dep_time,2167,06:00 AM,06:00 am
sched_dep_time,2168,12:30 AM,12:30 am
sched_dep_time,2169,04:00 PM,04:00 pm
sched_dep_time,2170,07:35 AM,07:35 am
sched_dep_time,2171,09:45 AM,09:45 am
sched_dep_time,2172,09:05 AM,09:05 am
sched_dep_time,2173,08:15 AM,08:15 am
sched_dep_time,2174,07:00 AM,07:00 am
sched_dep_time,2175,04:15 PM,04:15 pm
sched_dep_time,2176,10:45 AM,10:45 am
sched_dep_time,2177,02:30 PM,02:30 pm
sched_dep_time,2178,08:05 AM,08:05 am
sched_dep_time,2179,02:55 PM,02:55 pm
sched_dep_time,2180,11:50 AM,11:50 am
sched_dep_time,2181,11:40 AM,11:40 am
sched_dep_time,2182,06:00 AM,06:00 am
sched_dep_time,2183,11:05 AM,11:05 am
sched_dep_time,2184,06:00 AM,06:00 am
sched_dep_time,2185,08:40 AM,08:40 am
sched_dep_time,2186,10:15 AM,10:15 am
sched_dep_time,2187,01:00 PM,01:00 pm
sched_dep_time,2188,07:53 AM,07:53 am
sched_dep_time,2189,12:30 PM,12:30 pm
sched_dep_time,2190,11:45 AM,11:45 am
sched_dep_time,2191,02:30 PM,02:30 pm
sched_dep_time,2192,12:00 AM,12:00 pm
sched_dep_time,2193,05:25 PM,05:25 pm
sched_dep_time,2194,07:10 PM,07:10 pm
sched_dep_time,2195,10:40 AM,10:40 am
sched_dep_time,2196,12:57 PM,12:57 pm
sched_dep_time,2197,03:35 PM,03:35 pm
sched_dep_time,2198,07:15 AM,07:15 am
sched_dep_time,2199,06:30 PM,06:30 pm
sched_dep_time,2200,06:45 PM,06:45 pm
sched_dep_time,2201,07:15 PM,07:15 pm
sched_dep_time,2202,01:55 PM,01:55 pm
sched_dep_time,2203,09:15 AM,09:15 am
sched_dep_time,2204,06:00 AM,06:00 am
sched_dep_time,2205,07:10 AM,07:10 am
sched_dep_time,2206,04:55 PM,04:55 pm
sched_dep_time,2207,03:50 PM,03:50 pm
sched_dep_time,2208,04:16 PM,04:16 pm
sched_dep_time,2209,08:00 PM,08:00 pm
sched_dep_time,2210,10:25 AM,10:25 am
sched_dep_time,2211,07:05 AM,07:05 am
sched_dep_time,2212,10:40 AM,10:40 am
sched_dep_time,2213,01:33 PM,01:33 pm
sched_dep_time,2214,12:15 PM,12:15 pm
sched_dep_time,2215,01:29 PM,01:29 pm
sched_dep_time,2216,11:55 PM,11:55 pm
sched_dep_time,2217,04:25 PM,04:25 pm
sched_dep_time,2218,09:00 PM,09:00 pm
sched_dep_time,2219,08:25 PM,08:25 pm
sched_dep_time,2220,06:59 AM,06:59 am
sched_dep_time,2221,08:35 AM,08:35 am
sched_dep_time,2222,08:29 AM,08:29 am
sched_dep_time,2223,01:30 PM,01:30 pm
sched_dep_time,2224,02:53 PM,02:53 pm
sched_dep_time,2225,07:35 AM,not available
sched_dep_time,2226,11:08 PM,11:08 pm
sched_dep_time,2227,05:30 PM,05:30 pm
sched_dep_time,2228,01:45 PM,01:45 pm
sched_dep_time,2229,11:15 AM,11:15 am
sched_dep_time,2230,08:20 PM,08:20 pm
sched_dep_time,2231,02:55 PM,02:55 pm
sched_dep_time,2232,02:30 PM,02:30 pm
sched_dep_time,2233,08:55 AM,08:55 am
sched_dep_time,2234,02:35 PM,02:35 pm
sched_dep_time,2235,02:55 PM,02:55 pm
sched_dep_time,2236,07:15 AM,07:15 am
sched_dep_time,2237,12:10 PM,12:10 pm
sched_dep_time,2238,07:55 AM,07:55 am
sched_dep_time,2239,09:05 AM,09:05 am
sched_dep_time,2240,01:05 PM,01:05 pm
sched_dep_time,2241,08:35 AM,08:35 am
sched_dep_time,2242,03:05 PM,03:05 pm
sched_dep_time,2243,07:30 AM,07:30 am
sched_dep_time,2244,11:25 AM,11:25 am
sched_dep_time,2245,04:00 PM,04:00 pm
sched_dep_time,2246,11:35 AM,11:35 am
sched_dep_time,2247,07:25 AM,07:25 am
sched_dep_time,2248,02:55 PM,02:55 pm
sched_dep_time,2249,11:55 AM,11:55 am
sched_dep_time,2250,10:40 AM,10:40 am
sched_dep_time,2251,06:45 AM,06:45 am
sched_dep_time,2252,04:00 PM,04:00 pm
sched_dep_time,2253,06:00 AM,06:00 am
sched_dep_time,2254,07:10 AM,07:10 am
sched_dep_time,2255,07:10 AM,07:10 am
sched_dep_time,2256,07:10 AM,07:10 am
sched_dep_time,2257,06:40 AM,06:40 am
sched_dep_time,2258,07:00 PM,07:00 pm
sched_dep_time,2259,08:41 AM,08:41 am
sched_dep_time,2260,07:45 PM,07:45 pm
sched_dep_time,2261,11:25 PM,11:25 pm
sched_dep_time,2262,04:00 PM,04:00 pm
sched_dep_time,2263,07:35 AM,07:35 am
sched_dep_time,2264,07:00 AM,07:00 am
sched_dep_time,2265,04:15 PM,04:15 pm
sched_dep_time,2266,09:05 AM,09:05 am
sched_dep_time,2267,11:50 AM,11:50 am
sched_dep_time,2268,11:40 AM,11:40 am
sched_dep_time,2269,06:00 AM,06:00 am
sched_dep_time,2270,11:05 AM,11:05 am
sched_dep_time,2271,07:55 AM,07:55 am
sched_dep_time,2272,10:15 AM,10:15 am
sched_dep_time,2273,07:30 AM,07:30 am
sched_dep_time,2274,01:00 PM,01:00 pm
sched_dep_time,2275,06:45 AM,06:45 am
sched_dep_time,2276,12:15 PM,12:15 pm
sched_dep_time,2277,12:30 PM,12:30 pm
sched_dep_time,2278,02:30 PM,02:30 pm
sched_dep_time,2279,12:00 AM,12:00 pm
sched_dep_time,2280,05:25 PM,05:25 pm
sched_dep_time,2281,07:25 AM,07:25 am
sched_dep_time,2282,07:10 PM,07:27 pm
sched_dep_time,2283,11:35 AM,11:35 am
sched_dep_time,2284,10:40 AM,10:40 am
sched_dep_time,2285,03:35 PM,03:35 pm
sched_dep_time,2286,07:15 AM,07:15 am
sched_dep_time,2287,06:30 PM,06:30 pm
sched_dep_time,2288,06:45 PM,06:45 pm
sched_dep_time,2289,12:00 PM,12:00 pm
sched_dep_time,2290,07:15 PM,07:15 pm
sched_dep_time,2291,09:15 AM,09:15 am
sched_dep_time,2292,06:00 AM,06:00 am
sched_dep_time,2293,07:10 AM,07:10 am
sched_dep_time,2294,04:55 PM,04:55 pm
sched_dep_time,2295,03:50 PM,03:50 pm
sched_dep_time,2296,08:00 PM,08:00 pm
sched_dep_time,2297,10:40 AM,10:40 am
sched_dep_time,2298,01:33 PM,01:33 pm
sched_dep_time,2299,01:29 PM,01:29 pm
sched_dep_time,2300,04:25 PM,04:25 pm
sched_dep_time,2301,09:00 PM,09:00 pm
sched_dep_time,2302,08:25 PM,08:25 pm
sched_dep_time,2303,06:59 AM,06:59 am
sched_dep_time,2304,08:35 AM,08:35 am
sched_dep_time,2305,01:30 PM,01:30 pm
sched_dep_time,2306,11:08 PM,11:08 pm
sched_dep_time,2307,05:30 PM,05:30 pm
sched_dep_time,2308,08:20 PM,08:20 pm
sched_dep_time,2309,02:35 PM,02:35 pm
sched_dep_time,2310,02:55 PM,02:55 pm
sched_dep_time,2311,07:15 AM,07:15 am
sched_dep_time,2312,12:10 PM,12:10 pm
sched_dep_time,2313,01:05 PM,01:05 pm
sched_dep_time,2314,03:05 PM,03:05 pm
sched_dep_time,2315,04:00 PM,04:00 pm
sched_dep_time,2316,07:10 AM,07:10 am
sched_dep_time,2317,11:55 AM,11:55 am
sched_dep_time,2318,10:40 AM,10:40 am
sched_dep_time,2319,04:00 PM,04:00 pm
sched_dep_time,2320,06:00 AM,06:00 am
sched_dep_time,2321,07:10 AM,07:10 am
sched_dep_time,2322,07:10 AM,07:10 am
sched_dep_time,2323,06:40 AM,06:40 am
sched_dep_time,2324,08:00 AM,08:00 am
sched_dep_time,2325,07:45 PM,07:45 pm
sched_dep_time,2326,06:30 PM,06:30 pm
sched_dep_time,2327,07:15 PM,07:15 pm
sched_dep_time,2328,03:27 PM,03:27 pm
sched_dep_time,2329,11:25 PM,11:25 pm
sched_dep_time,2330,04:00 PM,04:00 pm
sched_dep_time,2331,07:00 AM,07:00 am
sched_dep_time,2332,04:15 PM,04:15 pm
sched_dep_time,2333,09:05 AM,09:05 am
sched_dep_time,2334,11:50 AM,11:50 am
sched_dep_time,2335,06:00 AM,06:00 am
sched_dep_time,2336,11:05 AM,11:05 am
sched_dep_time,2337,07:55 AM,07:55 am
sched_dep_time,2338,10:15 AM,10:15 am
sched_dep_time,2339,07:30 AM,07:30 am
sched_dep_time,2340,01:00 PM,01:00 pm
sched_dep_time,2341,06:45 AM,06:45 am
sched_dep_time,2342,12:15 PM,12:15 pm
sched_dep_time,2343,12:00 AM,12:00 pm
sched_dep_time,2344,07:25 AM,07:25 am
sched_dep_time,2345,11:35 AM,11:35 am
sched_dep_time,2346,10:40 AM,10:40 am
sched_dep_time,2347,07:15 AM,07:15 am
sched_dep_time,2348,06:45 PM,06:45 pm
sched_dep_time,2349,12:00 PM,12:00 pm
sched_dep_time,2350,09:15 AM,09:15 am
sched_dep_time,2351,06:00 AM,06:00 am
sched_dep_time,2352,07:10 AM,07:10 am
sched_dep_time,2353,03:50 PM,03:50 pm
sched_dep_time,2354,08:00 PM,08:00 pm
sched_dep_time,2355,01:33 PM,01:33 pm
sched_dep_time,2356,11:55 PM,11:55 pm
sched_dep_time,2357,04:25 PM,04:25 pm
sched_dep_time,2358,09:00 PM,09:00 pm
sched_dep_time,2359,08:25 PM,08:25 pm
sched_dep_time,2360,06:59 AM,06:59 am
sched_dep_time,2361,08:35 AM,08:35 am
sched_dep_time,2362,02:30 PM,02:30 pm
sched_dep_time,2363,01:30 PM,01:30 pm
sched_dep_time,2364,02:35 PM,02:35 pm
sched_dep_time,2365,02:55 PM,02:55 pm
sched_dep_time,2366,07:15 AM,07:15 am
sched_dep_time,2367,12:10 PM,12:10 pm
sched_dep_time,2368,01:05 PM,01:05 pm
sched_dep_time,2369,03:05 PM,03:05 pm
sched_dep_time,2370,04:00 PM,04:00 pm
sched_dep_time,2371,07:10 AM,07:10 am
sched_dep_time,2372,11:55 AM,11:55 am
sched_dep_time,2373,10:40 AM,10:40 am
sched_dep_time,2374,04:00 PM,04:00 pm
sched_dep_time,2375,06:00 AM,06:00 am
sched_dep_time,2376,07:10 AM,07:10 am
act_dep_time,1,07:16 AM,07:16 am
act_dep_time,2,07:58 PM,07:58 pm
act_dep_time,3,06:30 PM,06:47 pm
act_dep_time,4,06:54 AM,06:54 am
act_dep_time,5,12:41 PM,12:41 pm
act_dep_time,6,11:25 PM,11:29 pm
act_dep_time,7,07:25 AM,07:25 am
act_dep_time,8,04:29 PM,04:29 pm
act_dep_time,9,12:12 PM,12:12 pm
act_dep_time,10,06:08 AM,06:08 am
act_dep_time,11,10:55 AM,10:55 am
act_dep_time,12,08:04 AM,08:04 am
act_dep_time,13,10:18 AM,10:18 am
act_dep_time,14,08:04 AM,08:04 am
act_dep_time,15,02:04 PM,02:04 pm
act_dep_time,16,10:10 AM,10:10 am
act_dep_time,17,12:13 PM,12:13 pm
act_dep_time,18,07:39 AM,07:39 am
act_dep_time,19,06:57 AM,06:57 am
act_dep_time,20,11:52 AM,11:52 am
act_dep_time,21,11:05 AM,11:05 am
act_dep_time,22,03:36 PM,03:36 pm
act_dep_time,23,07:21 AM,07:21 am
act_dep_time,24,06:55 PM,06:55 pm
act_dep_time,25,12:11 PM,12:11 pm
act_dep_time,26,06:56 AM,06:56 am
act_dep_time,27,07:30 AM,07:30 am
act_dep_time,28,05:08 PM,05:08 pm
act_dep_time,29,08:23 PM,08:23 pm
act_dep_time,30,11:01 AM,11:01 am
act_dep_time,31,10:54 AM,10:54 am
act_dep_time,32,11:55 PM,12:10 am (estimated runway)
act_dep_time,33,09:00 PM,09:06 pm
act_dep_time,34,08:25 PM,08:29 pm
act_dep_time,35,07:22 AM,07:22 am
act_dep_time,36,08:51 AM,08:51 am
act_dep_time,37,01:30 PM,01:40 pm
act_dep_time,38,08:39 PM,08:39 pm
act_dep_time,39,02:44 PM,02:44 pm
act_dep_time,40,03:27 PM,03:27 pm
act_dep_time,41,07:22 AM,07:22 am
act_dep_time,42,12:10 PM,12:10 pm
act_dep_time,43,01:19 PM,01:19 pm
act_dep_time,44,08:56 AM,08:56 am
act_dep_time,45,03:36 PM,03:36 pm
act_dep_time,46,11:40 AM,11:40 am
act_dep_time,47,04:12 PM,04:12 pm
act_dep_time,48,07:31 AM,07:31 am
act_dep_time,49,06:10 AM,06:10 am
act_dep_time,50,07:39 AM,07:39 am
act_dep_time,51,07:16 AM,07:16 am
act_dep_time,52,07:14 PM,07:14 pm
act_dep_time,53,06:54 AM,06:54 am
act_dep_time,54,08:29 AM,08:48 am
act_dep_time,55,08:42 AM,09:00 am
act_dep_time,56,07:58 PM,07:59 pm
act_dep_time,57,03:27 PM,03:50 pm
act_dep_time,58,11:32 AM,11:32 am
act_dep_time,59,11:40 AM,11:41 am
act_dep_time,60,10:33 AM,10:53 am
act_dep_time,61,11:25 PM,11:29 pm
act_dep_time,62,05:56 AM,06:10 am
act_dep_time,63,12:41 AM,12:41 am
act_dep_time,64,04:00 PM,04:10 pm
act_dep_time,65,07:29 AM,07:29 am
act_dep_time,66,10:19 AM,10:19 am
act_dep_time,67,10:10 AM,10:11 am
act_dep_time,68,08:12 AM,08:26 am
act_dep_time,69,07:25 AM,07:25 am
act_dep_time,70,04:29 PM,04:29 pm
act_dep_time,71,10:55 AM,10:54 am
act_dep_time,72,02:48 PM,02:48 pm
act_dep_time,73,08:00 AM,07:10 am
act_dep_time,74,02:55 PM,03:04 pm
act_dep_time,75,12:12 PM,12:13 pm
act_dep_time,76,11:56 AM,11:56 am
act_dep_time,77,06:08 AM,06:09 am
act_dep_time,78,11:30 AM,11:45 am
act_dep_time,79,06:02 AM,06:02 am
act_dep_time,80,08:40 AM,08:40 am
act_dep_time,81,10:18 AM,10:19 am
act_dep_time,82,02:04 PM,02:03 pm
act_dep_time,83,07:49 AM,08:07 am
act_dep_time,84,12:35 PM,12:56 pm
act_dep_time,85,12:13 PM,12:14 pm
act_dep_time,86,02:26 PM,02:43 pm
act_dep_time,87,03:11 AM,12:07 pm
act_dep_time,88,05:22 PM,05:22 pm
act_dep_time,89,08:25 PM,07:27 pm
act_dep_time,90,11:05 AM,11:06 am
act_dep_time,91,01:32 PM,01:43 pm
act_dep_time,92,03:36 PM,03:27 pm
act_dep_time,93,07:21 AM,07:22 am
act_dep_time,94,06:30 PM,06:47 pm
act_dep_time,95,06:55 PM,06:56 pm
act_dep_time,96,12:11 PM,12:12 pm
act_dep_time,97,07:15 PM,07:15 pm
act_dep_time,98,02:10 PM,02:04 pm
act_dep_time,99,09:14 AM,09:14 am
act_dep_time,100,06:56 AM,06:57 am
act_dep_time,101,07:30 AM,07:31 am
act_dep_time,102,05:08 PM,05:09 pm
act_dep_time,103,07:39 AM,07:39 am
act_dep_time,104,04:28 PM,04:44 pm
act_dep_time,105,04:15 PM,04:37 pm
act_dep_time,106,08:23 PM,08:23 pm
act_dep_time,107,10:20 AM,10:20 am
act_dep_time,108,07:05 AM,07:30 am
act_dep_time,109,11:01 AM,11:02 am
act_dep_time,110,01:31 PM,01:48 pm
act_dep_time,111,12:41 PM,12:42 pm
act_dep_time,112,01:48 PM,01:48 pm
act_dep_time,113,11:55 PM,12:11 am
act_dep_time,114,04:25 PM,04:28 pm
act_dep_time,115,09:00 PM,09:06 pm
act_dep_time,116,08:25 PM,08:29 pm
act_dep_time,117,07:22 AM,07:23 am
act_dep_time,118,08:51 AM,08:52 am
act_dep_time,119,08:26 AM,08:37 am
act_dep_time,120,01:30 PM,01:41 pm
act_dep_time,121,03:01 PM,03:01 pm
act_dep_time,122,07:27 AM,07:41 am
act_dep_time,123,11:08 PM,11/30/2011 11:34 pm
act_dep_time,124,05:30 PM,05:38 pm
act_dep_time,125,01:32 PM,1:50 pm (+8:00)
act_dep_time,126,11:15 AM,11:47 am
act_dep_time,127,08:39 PM,08:40 pm
act_dep_time,128,02:55 PM,03:04 pm
act_dep_time,129,02:48 PM,02:48 pm
act_dep_time,130,09:16 AM,09:16 am
act_dep_time,131,02:44 PM,02:44 pm
act_dep_time,132,03:27 PM,03:28 pm
act_dep_time,133,07:22 AM,07:22 am
act_dep_time,134,12:10 PM,12:11 pm
act_dep_time,135,08:04 AM,08:04 am
act_dep_time,136,08:52 AM,08:52 am
act_dep_time,137,01:19 PM,01:20 pm
act_dep_time,138,08:56 AM,08:55 am
act_dep_time,139,03:36 PM,03:38 pm
act_dep_time,140,08:04 AM,08:04 am
act_dep_time,141,04:12 PM,04:12 pm
act_dep_time,142,11:52 AM,11:52 am
act_dep_time,143,03:31 PM,03:31 pm
act_dep_time,144,11:55 AM,11:55 am
act_dep_time,145,10:54 AM,10:55 am
act_dep_time,146,06:57 AM,06:58 am
act_dep_time,147,03:58 PM,03:58 pm
act_dep_time,148,06:10 AM,06:11 am
act_dep_time,149,07:39 AM,07:40 am
act_dep_time,150,07:31 AM,07:32 am
act_dep_time,151,07:16 AM,07:16 am
act_dep_time,152,07:14 PM,07:42 pm
act_dep_time,153,06:54 AM,06:54 am
act_dep_time,154,08:29 AM,08:49 am
act_dep_time,155,08:42 AM,09:01 am
act_dep_time,156,07:58 PM,07:59 pm
act_dep_time,157,12:11 PM,12:12 pm
act_dep_time,158,03:27 PM,03:50 pm
act_dep_time,159,11:32 AM,12:37 pm
act_dep_time,160,10:33 AM,10:53 am
act_dep_time,161,11:25 PM,not available
act_dep_time,162,05:56 AM,06:10 am
act_dep_time,163,12:41 AM,12:58 am
act_dep_time,164,04:00 PM,04:10 pm
act_dep_time,165,07:29 AM,07:56 am
act_dep_time,166,10:19 AM,10:35 am
act_dep_time,167,10:10 AM,10:11 am
act_dep_time,168,08:12 AM,08:26 am
act_dep_time,169,07:25 AM,07:25 am
act_dep_time,170,04:29 PM,04:30 pm
act_dep_time,171,10:55 AM,10:55 am
act_dep_time,172,02:48 PM,02:59 pm
act_dep_time,173,08:00 AM,08:18 am
act_dep_time,174,02:55 PM,03:04 pm
act_dep_time,175,12:12 PM,12:13 pm
act_dep_time,176,11:56 AM,12:06 pm
act_dep_time,177,06:08 AM,06:09 am
act_dep_time,178,11:30 AM,11:45 am
act_dep_time,179,06:02 AM,06:17 am
act_dep_time,180,08:40 AM,09:01 am
act_dep_time,181,10:18 AM,10:19 am
act_dep_time,182,02:04 PM,02:04 pm
act_dep_time,183,07:49 AM,08:07 am
act_dep_time,184,12:35 PM,12:56 pm
act_dep_time,185,12:13 PM,12:14 pm
act_dep_time,186,02:26 PM,02:43 pm
act_dep_time,187,03:11 AM,12:08 pm
act_dep_time,188,05:22 PM,05:38 pm
act_dep_time,189,08:25 PM,08:36 pm
act_dep_time,190,11:05 AM,11:06 am
act_dep_time,191,01:32 PM,01:32 pm
act_dep_time,192,03:36 PM,03:36 pm
act_dep_time,193,07:21 AM,07:22 am
act_dep_time,194,06:30 PM,not available
act_dep_time,195,06:55 PM,06:56 pm
act_dep_time,196,07:15 PM,not available
act_dep_time,197,02:10 PM,02:38 pm
act_dep_time,198,09:14 AM,09:58 am
act_dep_time,199,06:56 AM,06:57 am
act_dep_time,200,07:30 AM,07:31 am
act_dep_time,201,05:08 PM,05:09 pm
act_dep_time,202,04:28 PM,04:46 pm
act_dep_time,203,04:15 PM,04:37 pm
act_dep_time,204,08:23 PM,08:23 pm
act_dep_time,205,10:20 AM,10:37 am
act_dep_time,206,07:05 AM,07:31 am
act_dep_time,207,11:01 AM,11:02 am
act_dep_time,208,01:31 PM,01:48 pm
act_dep_time,209,12:41 PM,12:42 pm
act_dep_time,210,01:48 PM,02:01 pm
act_dep_time,211,11:55 PM,12:10 am (estimated runway)
act_dep_time,212,04:25 PM,not available
act_dep_time,213,09:00 PM,not available
act_dep_time,214,08:25 PM,not available
act_dep_time,215,07:22 AM,07:23 am
act_dep_time,216,08:51 AM,08:52 am
act_dep_time,217,08:26 AM,08:37 am
act_dep_time,218,01:30 PM,not available
act_dep_time,219,03:01 PM,03:17 pm
act_dep_time,220,07:27 AM,07:41 am
act_dep_time,221,11:08 PM,11/30/2011 11:34 pm
act_dep_time,222,05:30 PM,05:30 pm
act_dep_time,223,01:32 PM,12:45 am
act_dep_time,224,11:15 AM,11:47 am
act_dep_time,225,08:39 PM,08:40 pm
act_dep_time,226,02:55 PM,03:04 pm
act_dep_time,227,02:48 PM,02:59 pm
act_dep_time,228,09:16 AM,09:43 am
act_dep_time,229,02:44 PM,02:44 pm
act_dep_time,230,03:27 PM,03:28 pm
act_dep_time,231,07:22 AM,07:23 am
act_dep_time,232,12:10 PM,12:11 pm
act_dep_time,233,08:04 AM,08:05 am
act_dep_time,234,08:52 AM,09:05 am
act_dep_time,235,01:19 PM,01:20 pm
act_dep_time,236,08:56 AM,08:56 am
act_dep_time,237,03:36 PM,03:38 pm
act_dep_time,238,08:04 AM,08:04 am
act_dep_time,239,11:40 AM,11:41 am
act_dep_time,240,04:12 PM,04:12 pm
act_dep_time,241,11:52 AM,11:52 am
act_dep_time,242,07:39 AM,07:40 am
act_dep_time,243,03:31 PM,04:02 pm
act_dep_time,244,11:55 AM,11:55 am
act_dep_time,245,10:54 AM,10:55 am
act_dep_time,246,06:57 AM,06:58 am
act_dep_time,247,03:58 PM,04:15 pm
act_dep_time,248,06:10 AM,06:11 am
act_dep_time,249,07:39 AM,07:40 am
act_dep_time,250,07:31 AM,07:32 am
act_dep_time,251,07:16 AM,07:02 am
act_dep_time,252,06:54 AM,06:54 am
act_dep_time,253,08:29 AM,08:49 am
act_dep_time,254,08:42 AM,08:42 am
act_dep_time,255,07:58 PM,07:45 pm
act_dep_time,256,06:30 PM,06:56 pm
act_dep_time,257,03:27 PM,03:27 pm
act_dep_time,258,11:32 AM,11:32 am
act_dep_time,259,11:40 AM,11:20 am
act_dep_time,260,10:33 AM,10:33 am
act_dep_time,261,11:25 PM,11:58 pm
act_dep_time,262,05:56 AM,05:56 am
act_dep_time,263,12:41 PM,10:46 am
act_dep_time,264,04:00 PM,03:58 pm
act_dep_time,265,10:19 AM,10:19 am
act_dep_time,266,07:25 AM,07:04 am
act_dep_time,267,08:12 AM,08:12 am
act_dep_time,268,04:29 PM,04:16 pm
act_dep_time,269,02:48 PM,02:48 pm
act_dep_time,270,12:12 PM,03:36 pm
act_dep_time,271,06:08 AM,06:09 am
act_dep_time,272,11:30 AM,11:30 am
act_dep_time,273,06:02 AM,06:02 am
act_dep_time,274,08:40 AM,08:40 am
act_dep_time,275,10:55 AM,10:42 am
act_dep_time,276,10:18 AM,10:19 am
act_dep_time,277,08:04 AM,07:28 am
act_dep_time,278,02:04 PM,02:04 pm
act_dep_time,279,12:41 AM,12:41 am
act_dep_time,280,10:10 AM,10:11 am
act_dep_time,281,12:13 PM,11:47 am
act_dep_time,282,03:11 AM,03:11 am
act_dep_time,283,07:39 AM,07:40 am
act_dep_time,284,11:52 AM,11:52 am
act_dep_time,285,11:05 AM,11:06 am
act_dep_time,286,07:21 AM,07:22 am
act_dep_time,287,08:00 AM,07:10 am
act_dep_time,288,06:55 PM,06:40 pm
act_dep_time,289,12:11 PM,12:12 pm
act_dep_time,290,07:15 PM,07:15 pm
act_dep_time,291,02:10 PM,02:04 pm
act_dep_time,292,09:14 AM,09:14 am
act_dep_time,293,06:56 AM,05:59 am
act_dep_time,294,07:30 AM,07:31 am
act_dep_time,295,04:28 PM,04:28 pm
act_dep_time,296,04:15 PM,04:15 pm
act_dep_time,297,08:23 PM,08:01 pm
act_dep_time,298,10:20 AM,10:20 am
act_dep_time,299,07:05 AM,07:05 am
act_dep_time,300,11:01 AM,11:02 am
act_dep_time,301,01:31 PM,01:31 pm
act_dep_time,302,11:55 PM,12:11 am
act_dep_time,303,04:25 PM,04:30 pm
act_dep_time,304,09:00 PM,09:06 pm
act_dep_time,305,08:25 PM,08:44 pm
act_dep_time,306,07:22 AM,07:23 am
act_dep_time,307,08:51 AM,08:52 am
act_dep_time,308,02:26 PM,02:26 pm
act_dep_time,309,08:26 AM,08:26 am
act_dep_time,310,01:30 PM,01:40 pm
act_dep_time,311,03:01 PM,03:01 pm
act_dep_time,312,07:27 AM,07:27 am
act_dep_time,313,01:32 PM,01:32 pm
act_dep_time,314,11:15 AM,11:15 am
act_dep_time,315,08:39 PM,08:30 pm
act_dep_time,316,02:55 PM,02:52 pm
act_dep_time,317,02:48 PM,02:48 pm
act_dep_time,318,02:44 PM,02:32 pm
act_dep_time,319,03:27 PM,03:00 pm
act_dep_time,320,07:22 AM,07:23 am
act_dep_time,321,02:55 PM,02:46 pm
act_dep_time,322,12:10 PM,12:01 pm
act_dep_time,323,08:04 AM,07:51 am
act_dep_time,324,08:52 AM,08:52 am
act_dep_time,325,01:19 PM,01:20 pm
act_dep_time,326,07:49 AM,08:07 am
act_dep_time,327,08:56 AM,08:32 am
act_dep_time,328,03:36 PM,03:09 pm
act_dep_time,329,04:12 PM,03:52 pm
act_dep_time,330,03:31 PM,03:31 pm
act_dep_time,331,11:55 AM,11:43 am
act_dep_time,332,10:54 AM,10:35 am
act_dep_time,333,06:57 AM,06:58 am
act_dep_time,334,03:58 PM,03:58 pm
act_dep_time,335,06:10 AM,05:56 am
act_dep_time,336,07:39 AM,07:40 am
act_dep_time,337,07:31 AM,01:40 pm
act_dep_time,338,07:16 AM,07:16 am
act_dep_time,339,07:14 PM,07:14 pm
act_dep_time,340,06:54 AM,06:54 am
act_dep_time,341,08:29 AM,08:48 am
act_dep_time,342,08:42 AM,09:00 am
act_dep_time,343,07:58 PM,07:59 pm
act_dep_time,344,03:27 PM,03:50 pm
act_dep_time,345,11:32 AM,11:32 am
act_dep_time,346,11:40 AM,11:41 am
act_dep_time,347,10:33 AM,10:53 am
act_dep_time,348,11:25 PM,11:29 pm
act_dep_time,349,05:56 AM,06:10 am
act_dep_time,350,12:41 AM,12:41 am
act_dep_time,351,04:00 PM,04:10 pm
act_dep_time,352,07:29 AM,07:29 am
act_dep_time,353,10:19 AM,10:19 am
act_dep_time,354,10:10 AM,10:11 am
act_dep_time,355,08:12 AM,08:26 am
act_dep_time,356,07:25 AM,07:25 am
act_dep_time,357,04:29 PM,04:29 pm
act_dep_time,358,10:55 AM,10:54 am
act_dep_time,359,02:48 PM,02:48 pm
act_dep_time,360,08:00 AM,07:10 am
act_dep_time,361,02:55 PM,03:04 pm
act_dep_time,362,12:12 PM,12:13 pm
act_dep_time,363,11:56 AM,11:56 am
act_dep_time,364,06:08 AM,06:09 am
act_dep_time,365,11:30 AM,11:45 am
act_dep_time,366,06:02 AM,06:02 am
act_dep_time,367,08:40 AM,08:40 am
act_dep_time,368,10:18 AM,10:19 am
act_dep_time,369,02:04 PM,02:03 pm
act_dep_time,370,07:49 AM,08:07 am
act_dep_time,371,12:35 PM,12:56 pm
act_dep_time,372,12:13 PM,12:14 pm
act_dep_time,373,02:26 PM,02:43 pm
act_dep_time,374,03:11 AM,12:07 pm
act_dep_time,375,05:22 PM,05:22 pm
act_dep_time,376,08:25 PM,07:27 pm
act_dep_time,377,11:05 AM,11:06 am
act_dep_time,378,01:32 PM,01:43 pm
act_dep_time,379,03:36 PM,03:27 pm
act_dep_time,380,07:21 AM,07:22 am
act_dep_time,381,06:30 PM,06:47 pm
act_dep_time,382,06:55 PM,06:56 pm
act_dep_time,383,12:11 PM,12:12 pm
act_dep_time,384,07:15 PM,07:15 pm
act_dep_time,385,02:10 PM,02:04 pm
act_dep_time,386,09:14 AM,09:14 am
act_dep_time,387,06:56 AM,06:57 am
act_dep_time,388,07:30 AM,07:31 am
act_dep_time,389,05:08 PM,05:09 pm
act_dep_time,390,07:39 AM,07:39 am
act_dep_time,391,04:28 PM,04:44 pm
act_dep_time,392,04:15 PM,04:37 pm
act_dep_time,393,08:23 PM,08:23 pm
act_dep_time,394,10:20 AM,10:20 am
act_dep_time,395,07:05 AM,07:30 am
act_dep_time,396,11:01 AM,11:02 am
act_dep_time,397,01:31 PM,01:48 pm
act_dep_time,398,12:41 PM,12:42 pm
act_dep_time,399,01:48 PM,01:48 pm
act_dep_time,400,11:55 PM,12:11 am
act_dep_time,401,04:25 PM,04:28 pm
act_dep_time,402,09:00 PM,09:06 pm
act_dep_time,403,08:25 PM,08:29 pm
act_dep_time,404,07:22 AM,07:23 am
act_dep_time,405,08:51 AM,08:52 am
act_dep_time,406,08:26 AM,08:37 am
act_dep_time,407,01:30 PM,01:41 pm
act_dep_time,408,03:01 PM,03:01 pm
act_dep_time,409,07:27 AM,07:41 am
act_dep_time,410,11:08 PM,11/30/2011 11:34 pm
act_dep_time,411,05:30 PM,05:38 pm
act_dep_time,412,01:32 PM,1:50 pm (+8:00)
act_dep_time,413,11:15 AM,11:47 am
act_dep_time,414,08:39 PM,08:40 pm
act_dep_time,415,02:55 PM,03:04 pm
act_dep_time,416,02:48 PM,02:48 pm
act_dep_time,417,09:16 AM,09:16 am
act_dep_time,418,02:44 PM,02:44 pm
act_dep_time,419,03:27 PM,03:28 pm
act_dep_time,420,07:22 AM,07:22 am
act_dep_time,421,12:10 PM,12:11 pm
act_dep_time,422,08:04 AM,08:04 am
act_dep_time,423,08:52 AM,08:52 am
act_dep_time,424,01:19 PM,01:20 pm
act_dep_time,425,08:56 AM,08:55 am
act_dep_time,426,03:36 PM,03:38 pm
act_dep_time,427,08:04 AM,08:04 am
act_dep_time,428,04:12 PM,04:12 pm
act_dep_time,429,11:52 AM,11:52 am
act_dep_time,430,03:31 PM,03:31 pm
act_dep_time,431,11:55 AM,11:55 am
act_dep_time,432,10:54 AM,10:55 am
act_dep_time,433,06:57 AM,06:58 am
act_dep_time,434,03:58 PM,03:58 pm
act_dep_time,435,06:10 AM,06:11 am
act_dep_time,436,07:39 AM,07:40 am
act_dep_time,437,07:31 AM,07:32 am
act_dep_time,438,07:16 AM,07:16 am
act_dep_time,439,07:14 PM,07:42 pm
act_dep_time,440,06:54 AM,06:54 am
act_dep_time,441,08:29 AM,08:49 am
act_dep_time,442,08:42 AM,09:01 am
act_dep_time,443,07:58 PM,07:59 pm
act_dep_time,444,12:11 PM,12:12 pm
act_dep_time,445,03:27 PM,03:50 pm
act_dep_time,446,11:32 AM,12:37 pm
act_dep_time,447,10:33 AM,10:53 am
act_dep_time,448,11:25 PM,11:29 pm
act_dep_time,449,05:56 AM,06:10 am
act_dep_time,450,12:41 AM,12:58 am
act_dep_time,451,04:00 PM,04:10 pm
act_dep_time,452,07:29 AM,07:56 am
act_dep_time,453,10:19 AM,10:35 am
act_dep_time,454,10:10 AM,10:11 am
act_dep_time,455,08:12 AM,08:26 am
act_dep_time,456,07:25 AM,07:25 am
act_dep_time,457,04:29 PM,04:30 pm
act_dep_time,458,10:55 AM,10:55 am
act_dep_time,459,02:48 PM,02:59 pm
act_dep_time,460,08:00 AM,08:18 am
act_dep_time,461,02:55 PM,03:04 pm
act_dep_time,462,12:12 PM,12:13 pm
act_dep_time,463,11:56 AM,12:06 pm
act_dep_time,464,06:08 AM,06:09 am
act_dep_time,465,11:30 AM,11:45 am
act_dep_time,466,06:02 AM,06:17 am
act_dep_time,467,08:40 AM,09:01 am
act_dep_time,468,10:18 AM,10:19 am
act_dep_time,469,02:04 PM,02:04 pm
act_dep_time,470,07:49 AM,08:07 am
act_dep_time,471,12:35 PM,12:56 pm
act_dep_time,472,12:13 PM,12:14 pm
act_dep_time,473,02:26 PM,02:43 pm
act_dep_time,474,03:11 AM,12:08 pm
act_dep_time,475,05:22 PM,05:38 pm
act_dep_time,476,08:25 PM,08:36 pm
act_dep_time,477,11:05 AM,11:06 am
act_dep_time,478,01:32 PM,01:43 pm
act_dep_time,479,03:36 PM,03:36 pm
act_dep_time,480,07:21 AM,07:22 am
act_dep_time,481,06:30 PM,06:47 pm
act_dep_time,482,06:55 PM,06:56 pm
act_dep_time,483,07:15 PM,07:15 pm
act_dep_time,484,02:10 PM,02:38 pm
act_dep_time,485,09:14 AM,09:58 am
act_dep_time,486,06:56 AM,06:57 am
act_dep_time,487,07:30 AM,07:31 am
act_dep_time,488,05:08 PM,05:09 pm
act_dep_time,489,04:28 PM,04:46 pm
act_dep_time,490,04:15 PM,04:37 pm
act_dep_time,491,08:23 PM,08:23 pm
act_dep_time,492,10:20 AM,10:37 am
act_dep_time,493,07:05 AM,07:31 am
act_dep_time,494,11:01 AM,11:02 am
act_dep_time,495,01:31 PM,01:48 pm
act_dep_time,496,12:41 PM,12:42 pm
act_dep_time,497,01:48 PM,02:01 pm
act_dep_time,498,11:55 PM,12:10 am (estimated runway)
act_dep_time,499,04:25 PM,04:25 pm
act_dep_time,500,09:00 PM,09:06 pm
act_dep_time,501,08:25 PM,08:29 pm
act_dep_time,502,07:22 AM,07:23 am
act_dep_time,503,08:51 AM,08:52 am
act_dep_time,504,08:26 AM,08:37 am
act_dep_time,505,01:30 PM,01:40 pm
act_dep_time,506,03:01 PM,03:17 pm
act_dep_time,507,07:27 AM,07:41 am
act_dep_time,508,11:08 PM,11/30/2011 11:34 pm
act_dep_time,509,05:30 PM,03:52 pm
act_dep_time,510,01:32 PM,01:45 pm
act_dep_time,511,11:15 AM,11:47 am
act_dep_time,512,08:39 PM,08:40 pm
act_dep_time,513,02:55 PM,03:04 pm
act_dep_time,514,02:48 PM,02:59 pm
act_dep_time,515,09:16 AM,09:43 am
act_dep_time,516,02:44 PM,02:44 pm
act_dep_time,517,03:27 PM,03:28 pm
act_dep_time,518,07:22 AM,07:23 am
act_dep_time,519,12:10 PM,12:11 pm
act_dep_time,520,08:04 AM,08:05 am
act_dep_time,521,08:52 AM,09:05 am
act_dep_time,522,01:19 PM,01:20 pm
act_dep_time,523,08:56 AM,08:56 am
act_dep_time,524,03:36 PM,03:38 pm
act_dep_time,525,08:04 AM,08:04 am
act_dep_time,526,11:40 AM,11:41 am
act_dep_time,527,04:12 PM,04:12 pm
act_dep_time,528,11:52 AM,11:52 am
act_dep_time,529,07:39 AM,07:40 am
act_dep_time,530,03:31 PM,04:02 pm
act_dep_time,531,11:55 AM,11:55 am
act_dep_time,532,10:54 AM,10:55 am
act_dep_time,533,06:57 AM,06:58 am
act_dep_time,534,03:58 PM,04:15 pm
act_dep_time,535,06:10 AM,06:11 am
act_dep_time,536,07:39 AM,07:40 am
act_dep_time,537,07:31 AM,07:32 am
act_dep_time,538,07:16 AM,07:16 am
act_dep_time,539,07:14 PM,07:14 pm
act_dep_time,540,06:54 AM,06:54 am
act_dep_time,541,08:29 AM,08:29 am
act_dep_time,542,08:42 AM,08:42 am
act_dep_time,543,07:58 PM,07:58 pm
act_dep_time,544,12:13 PM,12:13 pm
act_dep_time,545,06:30 PM,6:47 pm (estimated runway)
act_dep_time,546,03:27 PM,03:28 pm
act_dep_time,547,11:32 AM,11:32 am
act_dep_time,548,11:25 PM,11:29 pm (estimated runway)
act_dep_time,549,05:56 AM,05:56 am
act_dep_time,550,12:41 AM,12:41 am
act_dep_time,551,04:00 PM,03:58 pm
act_dep_time,552,07:29 AM,07:29 am
act_dep_time,553,10:19 AM,10:19 am
act_dep_time,554,07:25 AM,07:25 am
act_dep_time,555,08:12 AM,08:12 am
act_dep_time,556,04:29 PM,04:29 pm
act_dep_time,557,10:10 AM,10:10 am
act_dep_time,558,02:48 PM,02:48 pm
act_dep_time,559,05:22 PM,05:22 pm
act_dep_time,560,12:12 PM,12:12 pm
act_dep_time,561,11:56 AM,11:56 am
act_dep_time,562,06:08 AM,06:08 am
act_dep_time,563,11:30 AM,11:30 am
act_dep_time,564,06:02 AM,06:02 am
act_dep_time,565,08:40 AM,08:40 am
act_dep_time,566,08:04 AM,08:04 am
act_dep_time,567,10:18 AM,10:18 am
act_dep_time,568,08:04 AM,08:04 am
act_dep_time,569,02:04 PM,02:04 pm
act_dep_time,570,06:57 AM,06:57 am
act_dep_time,571,12:41 PM,12:41 pm
act_dep_time,572,12:35 PM,12:35 pm
act_dep_time,573,03:11 AM,11:51 am
act_dep_time,574,08:25 PM,08:25 pm
act_dep_time,575,11:52 AM,11:52 am
act_dep_time,576,11:05 AM,11:05 am
act_dep_time,577,01:32 PM,01:32 pm
act_dep_time,578,03:36 PM,03:36 pm
act_dep_time,579,07:21 AM,07:21 am
act_dep_time,580,08:00 AM,08:00 am
act_dep_time,581,06:55 PM,06:55 pm
act_dep_time,582,12:11 PM,12:11 pm
act_dep_time,583,07:15 PM,7:15 pm (estimated)
act_dep_time,584,02:10 PM,02:10 pm
act_dep_time,585,09:14 AM,09:14 am
act_dep_time,586,06:56 AM,06:56 am
act_dep_time,587,07:30 AM,07:30 am
act_dep_time,588,05:08 PM,05:08 pm
act_dep_time,589,07:39 AM,07:39 am
act_dep_time,590,04:28 PM,04:28 pm
act_dep_time,591,04:15 PM,04:15 pm
act_dep_time,592,08:23 PM,08:23 pm
act_dep_time,593,10:20 AM,10:20 am
act_dep_time,594,07:05 AM,07:07 am
act_dep_time,595,11:01 AM,11:01 am
act_dep_time,596,01:31 PM,01:31 pm
act_dep_time,597,01:48 PM,01:48 pm
act_dep_time,598,11:55 PM,12:10 am (estimated runway)
act_dep_time,599,04:25 PM,4:28 pm (estimated runway)
act_dep_time,600,09:00 PM,9:06 pm (estimated runway)
act_dep_time,601,08:25 PM,8:29 pm (estimated runway)
act_dep_time,602,02:55 PM,02:46 pm
act_dep_time,603,07:22 AM,07:22 am
act_dep_time,604,08:51 AM,08:51 am
act_dep_time,605,02:26 PM,02:26 pm
act_dep_time,606,08:26 AM,08:26 am
act_dep_time,607,03:01 PM,03:01 pm
act_dep_time,608,11:08 PM,11/30/2011 11:34 pm
act_dep_time,609,05:30 PM,5:30 pm (estimated)
act_dep_time,610,11:15 AM,11:15 am
act_dep_time,611,08:39 PM,08:39 pm
act_dep_time,612,02:55 PM,02:52 pm
act_dep_time,613,02:48 PM,02:48 pm
act_dep_time,614,02:44 PM,02:44 pm
act_dep_time,615,03:27 PM,03:27 pm
act_dep_time,616,07:22 AM,07:22 am
act_dep_time,617,12:10 PM,12:10 pm
act_dep_time,618,01:19 PM,01:19 pm
act_dep_time,619,07:49 AM,07:49 am
act_dep_time,620,08:56 AM,08:56 am
act_dep_time,621,03:36 PM,03:36 pm
act_dep_time,622,04:12 PM,04:12 pm
act_dep_time,623,07:31 AM,07:31 am
act_dep_time,624,03:31 PM,03:31 pm
act_dep_time,625,11:55 AM,11:43 am
act_dep_time,626,10:54 AM,10:54 am
act_dep_time,627,03:58 PM,03:58 pm
act_dep_time,628,06:10 AM,06:10 am
act_dep_time,629,07:39 AM,07:39 am
act_dep_time,630,07:16 AM,07:16 am
act_dep_time,631,07:14 PM,07:42 pm
act_dep_time,632,06:54 AM,06:54 am
act_dep_time,633,08:29 AM,08:49 am
act_dep_time,634,08:42 AM,09:01 am
act_dep_time,635,07:58 PM,07:59 pm
act_dep_time,636,12:11 PM,12:12 pm
act_dep_time,637,03:27 PM,03:50 pm
act_dep_time,638,11:32 AM,12:37 pm
act_dep_time,639,10:33 AM,10:53 am
act_dep_time,640,11:25 PM,11:29 pm
act_dep_time,641,05:56 AM,06:10 am
act_dep_time,642,12:41 AM,12:58 am
act_dep_time,643,04:00 PM,04:10 pm
act_dep_time,644,07:29 AM,07:56 am
act_dep_time,645,10:19 AM,10:35 am
act_dep_time,646,10:10 AM,10:11 am
act_dep_time,647,08:12 AM,08:26 am
act_dep_time,648,07:25 AM,07:25 am
act_dep_time,649,04:29 PM,04:30 pm
act_dep_time,650,10:55 AM,10:55 am
act_dep_time,651,02:48 PM,02:59 pm
act_dep_time,652,08:00 AM,08:18 am
act_dep_time,653,02:55 PM,03:04 pm
act_dep_time,654,12:12 PM,12:13 pm
act_dep_time,655,11:56 AM,12:06 pm
act_dep_time,656,06:08 AM,06:09 am
act_dep_time,657,11:30 AM,11:45 am
act_dep_time,658,06:02 AM,06:17 am
act_dep_time,659,08:40 AM,09:01 am
act_dep_time,660,10:18 AM,10:19 am
act_dep_time,661,02:04 PM,02:04 pm
act_dep_time,662,07:49 AM,08:07 am
act_dep_time,663,12:35 PM,12:56 pm
act_dep_time,664,12:13 PM,12:14 pm
act_dep_time,665,02:26 PM,02:43 pm
act_dep_time,666,03:11 AM,12:08 pm
act_dep_time,667,05:22 PM,05:38 pm
act_dep_time,668,08:25 PM,08:36 pm
act_dep_time,669,11:05 AM,11:06 am
act_dep_time,670,01:32 PM,01:43 pm
act_dep_time,671,03:36 PM,03:36 pm
act_dep_time,672,07:21 AM,07:22 am
act_dep_time,673,06:30 PM,06:47 pm
act_dep_time,674,06:55 PM,06:56 pm
act_dep_time,675,07:15 PM,07:15 pm
act_dep_time,676,02:10 PM,02:38 pm
act_dep_time,677,09:14 AM,09:58 am
act_dep_time,678,06:56 AM,06:57 am
act_dep_time,679,07:30 AM,07:31 am
act_dep_time,680,05:08 PM,05:09 pm
act_dep_time,681,04:28 PM,04:46 pm
act_dep_time,682,04:15 PM,04:37 pm
act_dep_time,683,08:23 PM,08:23 pm
act_dep_time,684,10:20 AM,10:37 am
act_dep_time,685,07:05 AM,07:31 am
act_dep_time,686,11:01 AM,11:02 am
act_dep_time,687,01:31 PM,01:48 pm
act_dep_time,688,12:41 PM,12:42 pm
act_dep_time,689,01:48 PM,02:01 pm
act_dep_time,690,11:55 PM,12:10 am (estimated runway)
act_dep_time,691,04:25 PM,04:25 pm
act_dep_time,692,09:00 PM,09:06 pm
act_dep_time,693,08:25 PM,08:29 pm
act_dep_time,694,07:22 AM,07:23 am
act_dep_time,695,08:51 AM,08:52 am
act_dep_time,696,08:26 AM,08:37 am
act_dep_time,697,01:30 PM,01:40 pm
act_dep_time,698,03:01 PM,03:17 pm
act_dep_time,699,07:27 AM,07:41 am
act_dep_time,700,11:08 PM,11/30/2011 11:34 pm
act_dep_time,701,05:30 PM,03:52 pm
act_dep_time,702,01:32 PM,01:45 pm
act_dep_time,703,11:15 AM,11:47 am
act_dep_time,704,08:39 PM,08:40 pm
act_dep_time,705,02:55 PM,03:04 pm
act_dep_time,706,02:48 PM,02:59 pm
act_dep_time,707,09:16 AM,09:43 am
act_dep_time,708,02:44 PM,02:44 pm
act_dep_time,709,03:27 PM,03:28 pm
act_dep_time,710,07:22 AM,07:23 am
act_dep_time,711,12:10 PM,12:11 pm
act_dep_time,712,08:04 AM,08:05 am
act_dep_time,713,08:52 AM,09:05 am
act_dep_time,714,01:19 PM,01:20 pm
act_dep_time,715,08:56 AM,08:56 am
act_dep_time,716,03:36 PM,03:38 pm
act_dep_time,717,08:04 AM,08:04 am
act_dep_time,718,11:40 AM,11:41 am
act_dep_time,719,04:12 PM,04:12 pm
act_dep_time,720,11:52 AM,11:52 am
act_dep_time,721,07:39 AM,07:40 am
act_dep_time,722,03:31 PM,04:02 pm
act_dep_time,723,11:55 AM,11:55 am
act_dep_time,724,10:54 AM,10:55 am
act_dep_time,725,06:57 AM,06:58 am
act_dep_time,726,03:58 PM,04:15 pm
act_dep_time,727,06:10 AM,06:11 am
act_dep_time,728,07:39 AM,07:40 am
act_dep_time,729,07:31 AM,07:32 am
act_dep_time,730,07:16 AM,07:16 am
act_dep_time,731,07:58 PM,07:59 pm
act_dep_time,732,07:14 PM,07:41 pm
act_dep_time,733,08:29 AM,08:47 am
act_dep_time,734,08:42 AM,09:01 am
act_dep_time,735,06:30 PM,06:47 pm
act_dep_time,736,11:40 AM,11:41 am
act_dep_time,737,10:33 AM,10:53 am
act_dep_time,738,11:25 PM,11:29 pm
act_dep_time,739,05:56 AM,06:09 am
act_dep_time,740,12:41 AM,12:57 am
act_dep_time,741,12:41 PM,12:42 pm
act_dep_time,742,07:25 AM,07:25 am
act_dep_time,743,04:29 PM,04:30 pm
act_dep_time,744,10:10 AM,10:11 am
act_dep_time,745,12:12 PM,12:13 pm
act_dep_time,746,11:56 AM,12:05 pm
act_dep_time,747,06:08 AM,06:09 am
act_dep_time,748,08:04 AM,08:05 am
act_dep_time,749,10:18 AM,10:19 am
act_dep_time,750,08:04 AM,08:04 am
act_dep_time,751,02:04 PM,02:04 pm
act_dep_time,752,12:35 PM,12:55 pm
act_dep_time,753,12:13 PM,12:14 pm
act_dep_time,754,02:26 PM,02:41 pm
act_dep_time,755,11:52 AM,11:52 am
act_dep_time,756,11:05 AM,11:06 am
act_dep_time,757,01:32 PM,01:32 pm
act_dep_time,758,03:36 PM,03:36 pm
act_dep_time,759,07:21 AM,07:22 am
act_dep_time,760,06:55 PM,06:56 pm
act_dep_time,761,12:11 PM,12:12 pm
act_dep_time,762,09:14 AM,09:56 am
act_dep_time,763,06:56 AM,06:57 am
act_dep_time,764,07:30 AM,07:31 am
act_dep_time,765,05:08 PM,05:09 pm
act_dep_time,766,07:39 AM,07:40 am
act_dep_time,767,04:15 PM,04:35 pm
act_dep_time,768,08:23 PM,08:23 pm
act_dep_time,769,10:55 AM,10:55 am
act_dep_time,770,01:31 PM,01:46 pm
act_dep_time,771,01:48 PM,01:59 pm
act_dep_time,772,11:55 PM,12:10 am (estimated runway)
act_dep_time,773,09:00 PM,09:06 pm
act_dep_time,774,08:25 PM,08:29 pm
act_dep_time,775,07:22 AM,07:23 am
act_dep_time,776,08:51 AM,08:52 am
act_dep_time,777,08:26 AM,08:37 am
act_dep_time,778,01:30 PM,01:40 pm
act_dep_time,779,11:08 PM,11/30/2011 11:34 pm
act_dep_time,780,05:30 PM,03:52 pm
act_dep_time,781,08:00 AM,08:17 am
act_dep_time,782,02:44 PM,02:44 pm
act_dep_time,783,07:22 AM,07:23 am
act_dep_time,784,04:25 PM,04:25 pm
act_dep_time,785,07:27 AM,07:41 am
act_dep_time,786,12:10 PM,12:11 pm
act_dep_time,787,01:19 PM,01:20 pm
act_dep_time,788,07:31 AM,07:32 am
act_dep_time,789,10:54 AM,10:55 am
act_dep_time,790,06:57 AM,06:58 am
act_dep_time,791,06:10 AM,06:11 am
act_dep_time,792,07:39 AM,07:40 am
act_dep_time,793,11:05 AM,10:46 am
act_dep_time,794,07:22 AM,06:56 am
act_dep_time,795,04:29 PM,04:16 pm
act_dep_time,796,06:08 AM,05:58 am
act_dep_time,797,07:39 AM,07:22 am
act_dep_time,798,12:35 PM,12:30
act_dep_time,799,02:04 PM,01:48 pm
act_dep_time,800,08:25 PM,08:29 pm
act_dep_time,801,12:12 PM,11:54 am
act_dep_time,802,11:01 AM,10:47 am
act_dep_time,803,04:29 PM,04:16 pm
act_dep_time,804,07:14 PM,07:14 pm
act_dep_time,805,03:27 PM,03:00 pm
act_dep_time,806,06:30 PM,06:47 pm
act_dep_time,807,06:57 AM,06:41 am
act_dep_time,808,11:25 PM,11:29 pm
act_dep_time,809,08:23 PM,08:01 pm
act_dep_time,810,07:21 AM,07:08 am
act_dep_time,811,09:14 AM,09:14 am
act_dep_time,812,07:16 AM,07:16 am
act_dep_time,813,07:14 PM,07:14 pm
act_dep_time,814,06:54 AM,06:54 am
act_dep_time,815,08:29 AM,08:29 am
act_dep_time,816,08:42 AM,08:42 am
act_dep_time,817,07:58 PM,07:45 pm
act_dep_time,818,12:11 PM,12:11 pm
act_dep_time,819,03:27 PM,03:28 pm
act_dep_time,820,11:32 AM,11:32 am
act_dep_time,821,10:33 AM,10:33 am
act_dep_time,822,11:25 PM,11:29 pm
act_dep_time,823,05:56 AM,05:56 am
act_dep_time,824,12:41 AM,12:41 am
act_dep_time,825,04:00 PM,03:58 pm
act_dep_time,826,07:29 AM,07:29 am
act_dep_time,827,10:19 AM,10:19 am
act_dep_time,828,10:10 AM,10:10 am
act_dep_time,829,08:12 AM,08:12 am
act_dep_time,830,07:25 AM,07:25 am
act_dep_time,831,04:29 PM,04:29 pm
act_dep_time,832,10:55 AM,10:55 am
act_dep_time,833,02:48 PM,02:48 pm
act_dep_time,834,08:00 AM,08:00 am
act_dep_time,835,02:55 PM,02:46 pm
act_dep_time,836,12:12 PM,12:12 pm
act_dep_time,837,11:56 AM,11:56 am
act_dep_time,838,06:08 AM,06:08 am
act_dep_time,839,11:30 AM,11:30 am
act_dep_time,840,06:02 AM,06:02 am
act_dep_time,841,08:40 AM,08:40 am
act_dep_time,842,10:18 AM,10:18 am
act_dep_time,843,02:04 PM,02:04 pm
act_dep_time,844,07:49 AM,07:49 am
act_dep_time,845,12:35 PM,12:35 pm
act_dep_time,846,12:13 PM,12:13 pm
act_dep_time,847,02:26 PM,02:26 pm
act_dep_time,848,03:11 AM,11:51 am
act_dep_time,849,05:22 PM,05:22 pm
act_dep_time,850,08:25 PM,08:25 pm
act_dep_time,851,11:05 AM,11:05 am
act_dep_time,852,01:32 PM,01:32 pm
act_dep_time,853,03:36 PM,03:36 pm
act_dep_time,854,07:21 AM,07:21 am
act_dep_time,855,06:30 PM,06:47 pm
act_dep_time,856,06:55 PM,06:55 pm
act_dep_time,857,07:15 PM,07:15 pm
act_dep_time,858,02:10 PM,02:10 pm
act_dep_time,859,09:14 AM,09:14 am
act_dep_time,860,06:56 AM,06:56 am
act_dep_time,861,07:30 AM,07:30 am
act_dep_time,862,05:08 PM,05:08 pm
act_dep_time,863,04:28 PM,04:28 pm
act_dep_time,864,04:15 PM,04:15 pm
act_dep_time,865,08:23 PM,08:23 pm
act_dep_time,866,10:20 AM,10:20 am
act_dep_time,867,07:05 AM,07:07 am
act_dep_time,868,11:01 AM,11:01 am
act_dep_time,869,01:31 PM,01:31 pm
act_dep_time,870,12:41 PM,12:41 pm
act_dep_time,871,01:48 PM,01:48 pm
act_dep_time,872,11:55 PM,12:10 am (estimated runway)
act_dep_time,873,04:25 PM,04:25 pm
act_dep_time,874,09:00 PM,09:06 pm
act_dep_time,875,08:25 PM,08:29 pm
act_dep_time,876,07:22 AM,07:22 am
act_dep_time,877,08:51 AM,08:51 am
act_dep_time,878,08:26 AM,08:26 am
act_dep_time,879,01:30 PM,01:40 pm
act_dep_time,880,03:01 PM,03:01 pm
act_dep_time,881,07:27 AM,07:27 am
act_dep_time,882,11:08 PM,11/30/2011 11:34 pm
act_dep_time,883,05:30 PM,03:52 pm
act_dep_time,884,01:32 PM,01:32 pm
act_dep_time,885,11:15 AM,11:15 am
act_dep_time,886,08:39 PM,08:39 pm
act_dep_time,887,02:55 PM,02:52 pm
act_dep_time,888,02:48 PM,02:48 pm
act_dep_time,889,09:16 AM,09:16 am
act_dep_time,890,02:44 PM,02:44 pm
act_dep_time,891,03:27 PM,03:27 pm
act_dep_time,892,07:22 AM,07:22 am
act_dep_time,893,12:10 PM,12:10 pm
act_dep_time,894,08:04 AM,08:04 am
act_dep_time,895,08:52 AM,08:52 am
act_dep_time,896,01:19 PM,01:19 pm
act_dep_time,897,08:56 AM,08:56 am
act_dep_time,898,03:36 PM,03:36 pm
act_dep_time,899,08:04 AM,08:04 am
act_dep_time,900,11:40 AM,11:40 am
act_dep_time,901,04:12 PM,04:12 pm
act_dep_time,902,11:52 AM,11:52 am
act_dep_time,903,07:39 AM,07:39 am
act_dep_time,904,03:31 PM,03:31 pm
act_dep_time,905,11:55 AM,11:43 am
act_dep_time,906,10:54 AM,10:54 am
act_dep_time,907,06:57 AM,06:57 am
act_dep_time,908,03:58 PM,03:58 pm
act_dep_time,909,06:10 AM,06:10 am
act_dep_time,910,07:39 AM,07:39 am
act_dep_time,911,07:31 AM,07:31 am
act_dep_time,912,07:16 AM,07:16 am
act_dep_time,913,06:30 PM,06:56 pm
act_dep_time,914,08:42 AM,08:42 am
act_dep_time,915,12:13 PM,12:14 pm
act_dep_time,916,05:56 AM,05:56 am
act_dep_time,917,12:41 AM,12:41 am
act_dep_time,918,07:29 AM,07:56 am
act_dep_time,919,10:19 AM,10:19 am
act_dep_time,920,07:25 AM,07:04 am
act_dep_time,921,02:48 PM,02:48 pm
act_dep_time,922,06:08 AM,06:09 am
act_dep_time,923,10:18 AM,10:19 am
act_dep_time,924,02:04 PM,02:04 pm
act_dep_time,925,06:57 AM,06:57 am
act_dep_time,926,12:35 PM,12:56 pm
act_dep_time,927,03:31 PM,04:02 pm
act_dep_time,928,10:10 AM,10:11 am
act_dep_time,929,11:52 AM,11:52 am
act_dep_time,930,11:05 AM,11:06 am
act_dep_time,931,06:55 PM,06:55 pm
act_dep_time,932,12:11 PM,12:12 pm
act_dep_time,933,07:15 PM,7:15 pm (estimated)
act_dep_time,934,09:14 AM,09:14 am
act_dep_time,935,04:28 PM,04:46 pm
act_dep_time,936,04:15 PM,04:37 pm
act_dep_time,937,08:23 PM,08:01 pm
act_dep_time,938,10:20 AM,10:20 am
act_dep_time,939,07:05 AM,07:31 am
act_dep_time,940,11:01 AM,11:02 am
act_dep_time,941,01:31 PM,01:48 pm
act_dep_time,942,01:48 PM,01:48 pm
act_dep_time,943,04:25 PM,4:28 pm (estimated runway)
act_dep_time,944,08:25 PM,8:29 pm (estimated runway)
act_dep_time,945,08:51 AM,08:52 am
act_dep_time,946,02:26 PM,02:43 pm
act_dep_time,947,08:26 AM,08:26 am
act_dep_time,948,11:08 PM,11/30/2011 11:34 pm
act_dep_time,949,05:30 PM,05:30 pm
act_dep_time,950,01:32 PM,01:32 pm
act_dep_time,951,11:15 AM,11:47 am
act_dep_time,952,08:39 PM,08:39 pm
act_dep_time,953,09:16 AM,09:43 am
act_dep_time,954,08:00 AM,08:18 am
act_dep_time,955,07:22 AM,07:23 am
act_dep_time,956,02:55 PM,02:46 pm
act_dep_time,957,07:27 AM,07:27 am
act_dep_time,958,12:10 PM,12:11 pm
act_dep_time,959,08:04 AM,07:51 am
act_dep_time,960,08:52 AM,08:52 am
act_dep_time,961,07:49 AM,08:07 am
act_dep_time,962,03:36 PM,03:38 pm
act_dep_time,963,11:40 AM,11:20 am
act_dep_time,964,04:12 PM,03:52 pm
act_dep_time,965,08:40 AM,09:01 am
act_dep_time,966,10:54 AM,10:55 am
act_dep_time,967,06:10 AM,06:10 am
act_dep_time,968,07:39 AM,07:40 am
act_dep_time,969,07:31 AM,07:32 am
act_dep_time,970,07:16 AM,07:16 am
act_dep_time,971,06:56 AM,06:56 am
act_dep_time,972,07:30 AM,07:31 am
act_dep_time,973,06:30 PM,06:47 pm
act_dep_time,974,07:39 AM,07:39 am
act_dep_time,975,11:30 AM,11:45 am
act_dep_time,976,08:42 AM,08:51 am
act_dep_time,977,01:31 PM,01:48 pm
act_dep_time,978,01:19 PM,01:19 pm
act_dep_time,979,08:25 PM,08:29 pm
act_dep_time,980,07:15 PM,07:25 pm
act_dep_time,981,05:22 PM,05:38 pm
act_dep_time,982,04:12 PM,04:12 pm
act_dep_time,983,08:25 PM,07:27 pm
act_dep_time,984,07:21 AM,07:21 am
act_dep_time,985,03:36 PM,03:36 pm
act_dep_time,986,06:10 AM,06:10 am
act_dep_time,987,07:39 AM,07:39 am
act_dep_time,988,06:55 PM,06:56 pm
act_dep_time,989,03:36 PM,03:36 pm
act_dep_time,990,07:16 AM,07:02 am
act_dep_time,991,06:54 AM,06:40 am
act_dep_time,992,08:29 AM,08:48 am
act_dep_time,993,08:42 AM,09:00 am
act_dep_time,994,07:58 PM,07:45 pm
act_dep_time,995,06:30 PM,not available
act_dep_time,996,12:11 PM,11:54 am
act_dep_time,997,03:27 PM,contact airline
act_dep_time,998,11:40 AM,11:20 am
act_dep_time,999,11:25 PM,not available
act_dep_time,1000,05:56 AM,06:09 am
act_dep_time,1001,12:41 PM,12:10 pm
act_dep_time,1002,04:00 PM,contact airline
act_dep_time,1003,07:25 AM,07:04 am
act_dep_time,1004,08:12 AM,08:24 am
act_dep_time,1005,04:29 PM,04:16 pm
act_dep_time,1006,02:48 PM,02:48 pm
act_dep_time,1007,12:12 PM,11:54 am
act_dep_time,1008,06:08 AM,05:58 am
act_dep_time,1009,11:30 AM,contact airline
act_dep_time,1010,06:02 AM,06:02 am
act_dep_time,1011,08:40 AM,08:40 am
act_dep_time,1012,10:55 AM,10:42 am
act_dep_time,1013,08:04 AM,07:51 am
act_dep_time,1014,10:18 AM,10:10 am
act_dep_time,1015,08:04 AM,07:28 am
act_dep_time,1016,02:04 PM,01:48 pm
act_dep_time,1017,10:10 AM,09:59 am
act_dep_time,1018,12:13 PM,11:47 am
act_dep_time,1019,03:11 AM,contact airline
act_dep_time,1020,07:39 AM,07:22 am
act_dep_time,1021,11:52 AM,11:33 am
act_dep_time,1022,11:05 AM,10:46 am
act_dep_time,1023,07:21 AM,07:08 am
act_dep_time,1024,08:00 AM,08:00 am
act_dep_time,1025,06:55 PM,06:40 pm
act_dep_time,1026,07:15 PM,contact airline
act_dep_time,1027,02:10 PM,02:37 pm
act_dep_time,1028,09:14 AM,09:14 am
act_dep_time,1029,06:56 AM,05:59 am
act_dep_time,1030,07:30 AM,07:10 am
act_dep_time,1031,04:28 PM,contact airline
act_dep_time,1032,08:23 PM,08:01 pm
act_dep_time,1033,07:05 AM,contact airline
act_dep_time,1034,11:01 AM,10:47 am
act_dep_time,1035,01:31 PM,01:47 pm
act_dep_time,1036,11:55 PM,not available
act_dep_time,1037,04:25 PM,not available
act_dep_time,1038,09:00 PM,not available
act_dep_time,1039,08:25 PM,not available
act_dep_time,1040,07:22 AM,06:56 am
act_dep_time,1041,08:51 AM,08:31 am
act_dep_time,1042,02:26 PM,02:42 pm
act_dep_time,1043,08:26 AM,08:35 am
act_dep_time,1044,01:30 PM,not available
act_dep_time,1045,03:01 PM,03:01 pm
act_dep_time,1046,07:27 AM,07:41 am
act_dep_time,1047,01:32 PM,01:50 pm
act_dep_time,1048,11:15 AM,contact airline
act_dep_time,1049,08:39 PM,08:30 pm
act_dep_time,1050,02:55 PM,contact airline
act_dep_time,1051,02:48 PM,contact airline
act_dep_time,1052,02:44 PM,02:32 pm
act_dep_time,1053,03:27 PM,03:00 pm
act_dep_time,1054,07:22 AM,07:10 am
act_dep_time,1055,02:55 PM,contact airline
act_dep_time,1056,12:10 PM,12:01 pm
act_dep_time,1057,08:52 AM,contact airline
act_dep_time,1058,01:19 PM,01:06 pm
act_dep_time,1059,07:49 AM,08:07 am
act_dep_time,1060,08:56 AM,08:32 am
act_dep_time,1061,03:36 PM,03:09 pm
act_dep_time,1062,04:12 PM,03:52 pm
act_dep_time,1063,03:31 PM,03:31 pm
act_dep_time,1064,11:55 AM,contact airline
act_dep_time,1065,10:54 AM,10:35 am
act_dep_time,1066,07:31 AM,07:05 am
act_dep_time,1067,06:57 AM,06:41 am
act_dep_time,1068,03:58 PM,03:58 pm
act_dep_time,1069,06:10 AM,05:56 am
act_dep_time,1070,07:39 AM,07:14 am
act_dep_time,1071,07:16 AM,07:16 am
act_dep_time,1072,07:14 PM,07:42 pm
act_dep_time,1073,06:54 AM,06:54 am
act_dep_time,1074,08:29 AM,08:49 am
act_dep_time,1075,08:42 AM,09:01 am
act_dep_time,1076,07:58 PM,07:59 pm
act_dep_time,1077,12:11 PM,12:12 pm
act_dep_time,1078,03:27 PM,03:50 pm
act_dep_time,1079,11:32 AM,12:37 pm
act_dep_time,1080,10:33 AM,10:53 am
act_dep_time,1081,11:25 PM,11:29 pm
act_dep_time,1082,05:56 AM,06:10 am
act_dep_time,1083,12:41 AM,12:58 am
act_dep_time,1084,04:00 PM,04:10 pm
act_dep_time,1085,07:29 AM,07:56 am
act_dep_time,1086,10:19 AM,10:35 am
act_dep_time,1087,10:10 AM,10:11 am
act_dep_time,1088,08:12 AM,08:26 am
act_dep_time,1089,07:25 AM,07:25 am
act_dep_time,1090,04:29 PM,04:30 pm
act_dep_time,1091,10:55 AM,10:55 am
act_dep_time,1092,02:48 PM,02:59 pm
act_dep_time,1093,08:00 AM,08:18 am
act_dep_time,1094,02:55 PM,03:04 pm
act_dep_time,1095,12:12 PM,12:13 pm
act_dep_time,1096,11:56 AM,12:06 pm
act_dep_time,1097,06:08 AM,06:09 am
act_dep_time,1098,11:30 AM,11:45 am
act_dep_time,1099,06:02 AM,06:17 am
act_dep_time,1100,08:40 AM,09:01 am
act_dep_time,1101,10:18 AM,10:19 am
act_dep_time,1102,02:04 PM,02:04 pm
act_dep_time,1103,07:49 AM,08:07 am
act_dep_time,1104,12:35 PM,12:56 pm
act_dep_time,1105,12:13 PM,12:14 pm
act_dep_time,1106,02:26 PM,02:43 pm
act_dep_time,1107,03:11 AM,12:08 pm
act_dep_time,1108,05:22 PM,05:38 pm
act_dep_time,1109,08:25 PM,08:36 pm
act_dep_time,1110,11:05 AM,11:06 am
act_dep_time,1111,01:32 PM,01:43 pm
act_dep_time,1112,03:36 PM,03:36 pm
act_dep_time,1113,07:21 AM,07:22 am
act_dep_time,1114,06:30 PM,06:47 pm
act_dep_time,1115,06:55 PM,06:56 pm
act_dep_time,1116,07:15 PM,07:15 pm
act_dep_time,1117,02:10 PM,02:38 pm
act_dep_time,1118,09:14 AM,09:58 am
act_dep_time,1119,06:56 AM,06:57 am
act_dep_time,1120,07:30 AM,07:31 am
act_dep_time,1121,05:08 PM,05:09 pm
act_dep_time,1122,04:28 PM,04:46 pm
act_dep_time,1123,04:15 PM,04:37 pm
act_dep_time,1124,08:23 PM,08:23 pm
act_dep_time,1125,10:20 AM,10:37 am
act_dep_time,1126,07:05 AM,07:31 am
act_dep_time,1127,11:01 AM,11:02 am
act_dep_time,1128,01:31 PM,01:48 pm
act_dep_time,1129,12:41 PM,12:42 pm
act_dep_time,1130,01:48 PM,02:01 pm
act_dep_time,1131,11:55 PM,12:10 am (estimated runway)
act_dep_time,1132,04:25 PM,04:25 pm
act_dep_time,1133,09:00 PM,09:06 pm
act_dep_time,1134,08:25 PM,08:29 pm
act_dep_time,1135,07:22 AM,07:23 am
act_dep_time,1136,08:51 AM,08:52 am
act_dep_time,1137,08:26 AM,08:37 am
act_dep_time,1138,01:30 PM,01:40 pm
act_dep_time,1139,03:01 PM,03:17 pm
act_dep_time,1140,07:27 AM,07:41 am
act_dep_time,1141,11:08 PM,11/30/2011 11:34 pm
act_dep_time,1142,05:30 PM,03:52 pm
act_dep_time,1143,01:32 PM,01:45 pm
act_dep_time,1144,11:15 AM,11:47 am
act_dep_time,1145,08:39 PM,08:40 pm
act_dep_time,1146,02:55 PM,03:04 pm
act_dep_time,1147,02:48 PM,02:59 pm
act_dep_time,1148,09:16 AM,09:43 am
act_dep_time,1149,02:44 PM,02:44 pm
act_dep_time,1150,03:27 PM,03:28 pm
act_dep_time,1151,07:22 AM,07:23 am
act_dep_time,1152,12:10 PM,12:11 pm
act_dep_time,1153,08:04 AM,08:05 am
act_dep_time,1154,08:52 AM,09:05 am
act_dep_time,1155,01:19 PM,01:20 pm
act_dep_time,1156,08:56 AM,08:56 am
act_dep_time,1157,03:36 PM,03:38 pm
act_dep_time,1158,08:04 AM,08:04 am
act_dep_time,1159,11:40 AM,11:41 am
act_dep_time,1160,04:12 PM,04:12 pm
act_dep_time,1161,11:52 AM,11:52 am
act_dep_time,1162,07:39 AM,07:40 am
act_dep_time,1163,03:31 PM,04:02 pm
act_dep_time,1164,11:55 AM,11:55 am
act_dep_time,1165,10:54 AM,10:55 am
act_dep_time,1166,06:57 AM,06:58 am
act_dep_time,1167,03:58 PM,04:15 pm
act_dep_time,1168,06:10 AM,06:11 am
act_dep_time,1169,07:39 AM,07:40 am
act_dep_time,1170,07:31 AM,07:32 am
act_dep_time,1171,07:16 AM,07:02 am
act_dep_time,1172,06:54 AM,06:54 am
act_dep_time,1173,07:14 PM,07:42 pm
act_dep_time,1174,08:42 AM,08:42 am
act_dep_time,1175,07:58 PM,07:45 pm
act_dep_time,1176,05:56 AM,06:10 am
act_dep_time,1177,08:12 AM,08:26 am
act_dep_time,1178,07:25 AM,07:25 am
act_dep_time,1179,04:29 PM,04:16 pm
act_dep_time,1180,05:22 PM,05:38 pm
act_dep_time,1181,06:08 AM,06:09 am
act_dep_time,1182,11:30 AM,11:30 am
act_dep_time,1183,10:55 AM,10:42 am
act_dep_time,1184,10:18 AM,10:19 am
act_dep_time,1185,06:57 AM,06:57 am
act_dep_time,1186,12:41 PM,12:42 pm
act_dep_time,1187,12:35 PM,12:56 pm
act_dep_time,1188,03:11 AM,12:08 pm
act_dep_time,1189,11:05 AM,11:06 am
act_dep_time,1190,01:32 PM,01:32 pm
act_dep_time,1191,03:36 PM,03:36 pm
act_dep_time,1192,06:55 PM,06:40 pm
act_dep_time,1193,07:15 PM,not available
act_dep_time,1194,02:10 PM,02:38 pm
act_dep_time,1195,09:14 AM,09:14 am
act_dep_time,1196,08:23 PM,08:23 pm
act_dep_time,1197,10:20 AM,10:20 am
act_dep_time,1198,11:01 AM,11:01 am
act_dep_time,1199,01:31 PM,01:31 pm
act_dep_time,1200,11:55 PM,12:10 am (estimated runway)
act_dep_time,1201,02:26 PM,02:43 pm
act_dep_time,1202,08:26 AM,08:26 am
act_dep_time,1203,03:01 PM,03:17 pm
act_dep_time,1204,07:27 AM,07:41 am
act_dep_time,1205,11:08 PM,11/30/2011 11:34 pm
act_dep_time,1206,05:30 PM,05:30 pm
act_dep_time,1207,11:15 AM,11:47 am
act_dep_time,1208,02:55 PM,03:04 pm
act_dep_time,1209,09:16 AM,09:43 am
act_dep_time,1210,02:44 PM,02:44 pm
act_dep_time,1211,07:22 AM,07:23 am
act_dep_time,1212,04:25 PM,not available
act_dep_time,1213,12:10 PM,12:01 pm
act_dep_time,1214,08:04 AM,07:51 am
act_dep_time,1215,08:52 AM,08:52 am
act_dep_time,1216,01:19 PM,01:19 pm
act_dep_time,1217,07:49 AM,07:49 am
act_dep_time,1218,03:36 PM,03:38 pm
act_dep_time,1219,06:30 PM,06:56 pm
act_dep_time,1220,11:40 AM,11:20 am
act_dep_time,1221,04:12 PM,03:52 pm
act_dep_time,1222,06:10 AM,05:56 am
act_dep_time,1223,07:39 AM,07:40 am
act_dep_time,1224,07:16 AM,07:16 am
act_dep_time,1225,07:14 PM,07:14 pm
act_dep_time,1226,06:54 AM,06:54 am
act_dep_time,1227,08:29 AM,08:48 am
act_dep_time,1228,08:42 AM,09:00 am
act_dep_time,1229,07:58 PM,07:59 pm
act_dep_time,1230,03:27 PM,03:50 pm
act_dep_time,1231,11:32 AM,11:32 am
act_dep_time,1232,11:40 AM,11:41 am
act_dep_time,1233,10:33 AM,10:53 am
act_dep_time,1234,11:25 PM,11:29 pm
act_dep_time,1235,05:56 AM,06:10 am
act_dep_time,1236,12:41 AM,12:41 am
act_dep_time,1237,04:00 PM,04:10 pm
act_dep_time,1238,07:29 AM,07:29 am
act_dep_time,1239,10:19 AM,10:19 am
act_dep_time,1240,10:10 AM,10:11 am
act_dep_time,1241,08:12 AM,08:26 am
act_dep_time,1242,07:25 AM,07:25 am
act_dep_time,1243,04:29 PM,04:29 pm
act_dep_time,1244,10:55 AM,10:54 am
act_dep_time,1245,02:48 PM,02:48 pm
act_dep_time,1246,08:00 AM,07:10 am
act_dep_time,1247,02:55 PM,03:04 pm
act_dep_time,1248,12:12 PM,12:13 pm
act_dep_time,1249,11:56 AM,11:56 am
act_dep_time,1250,06:08 AM,06:09 am
act_dep_time,1251,11:30 AM,11:45 am
act_dep_time,1252,06:02 AM,06:02 am
act_dep_time,1253,08:40 AM,08:40 am
act_dep_time,1254,10:18 AM,10:19 am
act_dep_time,1255,02:04 PM,02:03 pm
act_dep_time,1256,07:49 AM,08:07 am
act_dep_time,1257,12:35 PM,12:56 pm
act_dep_time,1258,12:13 PM,12:14 pm
act_dep_time,1259,02:26 PM,02:43 pm
act_dep_time,1260,03:11 AM,12:07 pm
act_dep_time,1261,05:22 PM,05:22 pm
act_dep_time,1262,08:25 PM,07:27 pm
act_dep_time,1263,11:05 AM,11:06 am
act_dep_time,1264,01:32 PM,01:43 pm
act_dep_time,1265,03:36 PM,03:27 pm
act_dep_time,1266,07:21 AM,07:22 am
act_dep_time,1267,06:30 PM,06:47 pm
act_dep_time,1268,06:55 PM,06:56 pm
act_dep_time,1269,12:11 PM,12:12 pm
act_dep_time,1270,07:15 PM,07:15 pm
act_dep_time,1271,02:10 PM,02:04 pm
act_dep_time,1272,09:14 AM,09:14 am
act_dep_time,1273,06:56 AM,06:57 am
act_dep_time,1274,07:30 AM,07:31 am
act_dep_time,1275,05:08 PM,05:09 pm
act_dep_time,1276,07:39 AM,07:39 am
act_dep_time,1277,04:28 PM,04:44 pm
act_dep_time,1278,04:15 PM,04:37 pm
act_dep_time,1279,08:23 PM,08:23 pm
act_dep_time,1280,10:20 AM,10:20 am
act_dep_time,1281,07:05 AM,07:30 am
act_dep_time,1282,11:01 AM,11:02 am
act_dep_time,1283,01:31 PM,01:48 pm
act_dep_time,1284,12:41 PM,12:42 pm
act_dep_time,1285,01:48 PM,01:48 pm
act_dep_time,1286,11:55 PM,12:11 am
act_dep_time,1287,04:25 PM,04:28 pm
act_dep_time,1288,09:00 PM,09:06 pm
act_dep_time,1289,08:25 PM,08:29 pm
act_dep_time,1290,07:22 AM,07:23 am
act_dep_time,1291,08:51 AM,08:52 am
act_dep_time,1292,08:26 AM,08:37 am
act_dep_time,1293,01:30 PM,01:41 pm
act_dep_time,1294,03:01 PM,03:01 pm
act_dep_time,1295,07:27 AM,07:41 am
act_dep_time,1296,11:08 PM,11/30/2011 11:34 pm
act_dep_time,1297,05:30 PM,05:38 pm
act_dep_time,1298,01:32 PM,1:50 pm (+8:00)
act_dep_time,1299,11:15 AM,11:47 am
act_dep_time,1300,08:39 PM,08:40 pm
act_dep_time,1301,02:55 PM,03:04 pm
act_dep_time,1302,02:48 PM,02:48 pm
act_dep_time,1303,09:16 AM,09:16 am
act_dep_time,1304,02:44 PM,02:44 pm
act_dep_time,1305,03:27 PM,03:28 pm
act_dep_time,1306,07:22 AM,07:22 am
act_dep_time,1307,12:10 PM,12:11 pm
act_dep_time,1308,08:04 AM,08:04 am
act_dep_time,1309,08:52 AM,08:52 am
act_dep_time,1310,01:19 PM,01:20 pm
act_dep_time,1311,08:56 AM,08:55 am
act_dep_time,1312,03:36 PM,03:38 pm
act_dep_time,1313,08:04 AM,08:04 am
act_dep_time,1314,04:12 PM,04:12 pm
act_dep_time,1315,11:52 AM,11:52 am
act_dep_time,1316,03:31 PM,03:31 pm
act_dep_time,1317,11:55 AM,11:55 am
act_dep_time,1318,10:54 AM,10:55 am
act_dep_time,1319,06:57 AM,06:58 am
act_dep_time,1320,03:58 PM,03:58 pm
act_dep_time,1321,06:10 AM,06:11 am
act_dep_time,1322,07:39 AM,07:40 am
act_dep_time,1323,07:31 AM,07:32 am
act_dep_time,1324,07:16 AM,7:02adec 1
act_dep_time,1325,07:14 PM,07:14 pm
act_dep_time,1326,06:54 AM,6:40adec 1
act_dep_time,1327,08:29 AM,8:48adec 1
act_dep_time,1328,08:42 AM,08:42 am
act_dep_time,1329,07:58 PM,07:45 pm
act_dep_time,1330,12:11 PM,11:54adec 1
act_dep_time,1331,03:27 PM,03:28 pm
act_dep_time,1332,11:32 AM,11:37adec 1
act_dep_time,1333,10:33 AM,10:33 am
act_dep_time,1334,11:25 PM,11:29 pm
act_dep_time,1335,05:56 AM,6:09adec 1
act_dep_time,1336,12:41 AM,12:41adec 1
act_dep_time,1337,04:00 PM,03:58 pm
act_dep_time,1338,07:29 AM,07:29 am
act_dep_time,1339,10:19 AM,10:19adec 1
act_dep_time,1340,10:10 AM,9:59adec 1
act_dep_time,1341,08:12 AM,8:12adec 1
act_dep_time,1342,07:25 AM,7:04adec 1
act_dep_time,1343,04:29 PM,04:16 pm
act_dep_time,1344,10:55 AM,10:42adec 1
act_dep_time,1345,02:48 PM,02:48 pm
act_dep_time,1346,08:00 AM,8:00adec 1
act_dep_time,1347,02:55 PM,02:46 pm
act_dep_time,1348,12:12 PM,11:54adec 1
act_dep_time,1349,11:56 AM,11:56adec 1
act_dep_time,1350,06:08 AM,5:58adec 1
act_dep_time,1351,11:30 AM,11:30adec 1
act_dep_time,1352,06:02 AM,6:02adec 1
act_dep_time,1353,08:40 AM,8:40adec 1
act_dep_time,1354,10:18 AM,10:10adec 1
act_dep_time,1355,02:04 PM,01:48 pm
act_dep_time,1356,07:49 AM,7:49adec 1
act_dep_time,1357,12:35 PM,12:35 pm
act_dep_time,1358,12:13 PM,11:47adec 1
act_dep_time,1359,02:26 PM,02:42 pm
act_dep_time,1360,03:11 AM,11:51adec 1
act_dep_time,1361,05:22 PM,05:22 pm
act_dep_time,1362,08:25 PM,08:25 pm
act_dep_time,1363,11:05 AM,10:46adec 1
act_dep_time,1364,01:32 PM,01:32 pm
act_dep_time,1365,03:36 PM,03:27 pm
act_dep_time,1366,07:21 AM,7:08adec 1
act_dep_time,1367,06:30 PM,06:47 pm
act_dep_time,1368,06:55 PM,06:40 pm
act_dep_time,1369,07:15 PM,07:15 pm
act_dep_time,1370,02:10 PM,02:37 pm
act_dep_time,1371,09:14 AM,9:14adec 1
act_dep_time,1372,06:56 AM,5:59adec 1
act_dep_time,1373,07:30 AM,7:10adec 1
act_dep_time,1374,05:08 PM,04:56 pm
act_dep_time,1375,04:28 PM,04:28 pm
act_dep_time,1376,04:15 PM,04:15 pm
act_dep_time,1377,08:23 PM,08:01 pm
act_dep_time,1378,10:20 AM,10:20adec 1
act_dep_time,1379,07:05 AM,7:07adec 1
act_dep_time,1380,11:01 AM,10:47adec 1
act_dep_time,1381,01:31 PM,01:31 pm
act_dep_time,1382,12:41 PM,12:10 pm
act_dep_time,1383,01:48 PM,01:48 pm
act_dep_time,1384,11:55 PM,12:10 am (estimated runway)
act_dep_time,1385,04:25 PM,04:25 pm
act_dep_time,1386,09:00 PM,09:06 pm
act_dep_time,1387,08:25 PM,08:29 pm
act_dep_time,1388,07:22 AM,6:56adec 1
act_dep_time,1389,08:51 AM,8:31adec 1
act_dep_time,1390,01:30 PM,01:40 pm
act_dep_time,1391,03:01 PM,03:01 pm
act_dep_time,1392,07:27 AM,7:27adec 1
act_dep_time,1393,11:08 PM,11/30/2011 11:34 pm
act_dep_time,1394,05:30 PM,03:52 pm
act_dep_time,1395,01:32 PM,01:32 pm
act_dep_time,1396,11:15 AM,11:15adec 1
act_dep_time,1397,08:39 PM,08:30 pm
act_dep_time,1398,02:55 PM,02:52 pm
act_dep_time,1399,02:48 PM,02:48 pm
act_dep_time,1400,09:16 AM,9:16adec 1
act_dep_time,1401,02:44 PM,02:32 pm
act_dep_time,1402,03:27 PM,03:00 pm
act_dep_time,1403,07:22 AM,7:10adec 1
act_dep_time,1404,12:10 PM,12:01 pm
act_dep_time,1405,08:04 AM,7:51adec 1
act_dep_time,1406,08:52 AM,8:52adec 1
act_dep_time,1407,01:19 PM,01:06 pm
act_dep_time,1408,08:56 AM,8:32adec 1
act_dep_time,1409,03:36 PM,03:09 pm
act_dep_time,1410,08:04 AM,7:28adec 1
act_dep_time,1411,11:40 AM,11:20adec 1
act_dep_time,1412,04:12 PM,03:52 pm
act_dep_time,1413,11:52 AM,11:33adec 1
act_dep_time,1414,07:39 AM,7:22adec 1
act_dep_time,1415,03:31 PM,03:31 pm
act_dep_time,1416,11:55 AM,11:43adec 1
act_dep_time,1417,10:54 AM,10:35adec 1
act_dep_time,1418,06:57 AM,6:41adec 1
act_dep_time,1419,03:58 PM,03:58 pm
act_dep_time,1420,06:10 AM,5:56adec 1
act_dep_time,1421,07:39 AM,7:14adec 1
act_dep_time,1422,07:31 AM,7:05adec 1
act_dep_time,1423,12:12 PM,03:36 pm
act_dep_time,1424,08:26 AM,08:26 am
act_dep_time,1425,02:44 PM,02:32 pm
act_dep_time,1426,01:31 PM,01:31 pm
act_dep_time,1427,07:14 PM,07:14 pm
act_dep_time,1428,07:29 AM,07:29 am
act_dep_time,1429,11:56 AM,11:56 am
act_dep_time,1430,06:02 AM,06:02 am
act_dep_time,1431,07:15 PM,07:15 pm
act_dep_time,1432,12:41 AM,12:41 am
act_dep_time,1433,08:40 AM,08:40 am
act_dep_time,1434,11:32 AM,11:32 am
act_dep_time,1435,03:31 PM,03:31 pm
act_dep_time,1436,02:48 PM,02:48 pm
act_dep_time,1437,09:14 AM,09:14 am
act_dep_time,1438,10:20 AM,10:20 am
act_dep_time,1439,10:19 AM,10:19 am
act_dep_time,1440,03:01 PM,03:01 pm
act_dep_time,1441,08:25 PM,08:25 pm
act_dep_time,1442,05:30 PM,05:30 pm
act_dep_time,1443,03:58 PM,03:58 pm
act_dep_time,1444,05:22 PM,05:22 pm
act_dep_time,1445,08:00 AM,08:00 am
act_dep_time,1446,06:56 AM,06:56 am
act_dep_time,1447,02:44 PM,02:44 pm
act_dep_time,1448,10:19 AM,10:19 am
act_dep_time,1449,03:27 PM,03:27 pm
act_dep_time,1450,04:28 PM,04:28 pm
act_dep_time,1451,06:02 AM,06:02 am
act_dep_time,1452,04:15 PM,04:15 pm
act_dep_time,1453,08:42 AM,08:42 am
act_dep_time,1454,01:19 PM,01:19 pm
act_dep_time,1455,07:21 AM,07:21 am
act_dep_time,1456,01:31 PM,01:31 pm
act_dep_time,1457,12:41 PM,12:41 pm
act_dep_time,1458,12:41 AM,12:41 am
act_dep_time,1459,11:32 AM,11:32 am
act_dep_time,1460,04:25 PM,4:28 pm (estimated runway)
act_dep_time,1461,08:04 AM,08:04 am
act_dep_time,1462,09:00 PM,9:06 pm (estimated runway)
act_dep_time,1463,04:12 PM,04:12 pm
act_dep_time,1464,08:51 AM,08:51 am
act_dep_time,1465,07:58 PM,07:58 pm
act_dep_time,1466,08:26 AM,08:26 am
act_dep_time,1467,11:55 AM,11:43 am
act_dep_time,1468,02:55 PM,02:46 pm
act_dep_time,1469,10:20 AM,10:20 am
act_dep_time,1470,03:01 PM,03:01 pm
act_dep_time,1471,07:25 AM,07:25 am
act_dep_time,1472,11:05 AM,11:05 am
act_dep_time,1473,08:56 AM,08:56 am
act_dep_time,1474,08:39 PM,08:39 pm
act_dep_time,1475,06:10 AM,06:10 am
act_dep_time,1476,07:39 AM,07:39 am
act_dep_time,1477,02:48 PM,02:48 pm
act_dep_time,1478,10:10 AM,10:10 am
act_dep_time,1479,12:11 PM,12:11 pm
act_dep_time,1480,07:15 PM,7:15 pm (estimated)
act_dep_time,1481,12:12 PM,12:12 pm
act_dep_time,1482,08:29 AM,08:29 am
act_dep_time,1483,03:36 PM,03:09 pm
act_dep_time,1484,08:51 AM,08:31 am
act_dep_time,1485,07:39 AM,07:14 am
act_dep_time,1486,02:26 PM,02:26 pm
act_dep_time,1487,05:56 AM,05:56 am
act_dep_time,1488,07:16 AM,07:16 am
act_dep_time,1489,07:14 PM,07:14 pm
act_dep_time,1490,06:54 AM,06:54 am
act_dep_time,1491,08:29 AM,08:48 am
act_dep_time,1492,08:42 AM,09:00 am
act_dep_time,1493,07:58 PM,07:59 pm
act_dep_time,1494,03:27 PM,03:50 pm
act_dep_time,1495,11:32 AM,11:32 am
act_dep_time,1496,11:40 AM,11:41 am
act_dep_time,1497,10:33 AM,10:53 am
act_dep_time,1498,11:25 PM,11:29 pm
act_dep_time,1499,05:56 AM,06:10 am
act_dep_time,1500,12:41 AM,12:41 am
act_dep_time,1501,04:00 PM,04:10 pm
act_dep_time,1502,07:29 AM,07:29 am
act_dep_time,1503,10:19 AM,10:19 am
act_dep_time,1504,10:10 AM,10:11 am
act_dep_time,1505,08:12 AM,08:26 am
act_dep_time,1506,07:25 AM,07:25 am
act_dep_time,1507,04:29 PM,04:29 pm
act_dep_time,1508,10:55 AM,10:54 am
act_dep_time,1509,02:48 PM,02:48 pm
act_dep_time,1510,08:00 AM,07:10 am
act_dep_time,1511,02:55 PM,03:04 pm
act_dep_time,1512,12:12 PM,12:13 pm
act_dep_time,1513,11:56 AM,11:56 am
act_dep_time,1514,06:08 AM,06:09 am
act_dep_time,1515,11:30 AM,11:45 am
act_dep_time,1516,06:02 AM,06:02 am
act_dep_time,1517,08:40 AM,08:40 am
act_dep_time,1518,10:18 AM,10:19 am
act_dep_time,1519,02:04 PM,02:03 pm
act_dep_time,1520,07:49 AM,08:07 am
act_dep_time,1521,12:35 PM,12:56 pm
act_dep_time,1522,12:13 PM,12:14 pm
act_dep_time,1523,02:26 PM,02:43 pm
act_dep_time,1524,03:11 AM,12:07 pm
act_dep_time,1525,05:22 PM,05:22 pm
act_dep_time,1526,08:25 PM,07:27 pm
act_dep_time,1527,11:05 AM,11:06 am
act_dep_time,1528,01:32 PM,01:43 pm
act_dep_time,1529,03:36 PM,03:27 pm
act_dep_time,1530,07:21 AM,07:22 am
act_dep_time,1531,06:30 PM,06:47 pm
act_dep_time,1532,06:55 PM,06:56 pm
act_dep_time,1533,12:11 PM,12:12 pm
act_dep_time,1534,07:15 PM,07:15 pm
act_dep_time,1535,02:10 PM,02:04 pm
act_dep_time,1536,09:14 AM,09:14 am
act_dep_time,1537,06:56 AM,06:57 am
act_dep_time,1538,07:30 AM,07:31 am
act_dep_time,1539,05:08 PM,05:09 pm
act_dep_time,1540,07:39 AM,07:39 am
act_dep_time,1541,04:28 PM,04:44 pm
act_dep_time,1542,04:15 PM,04:37 pm
act_dep_time,1543,08:23 PM,08:23 pm
act_dep_time,1544,10:20 AM,10:20 am
act_dep_time,1545,07:05 AM,07:30 am
act_dep_time,1546,11:01 AM,11:02 am
act_dep_time,1547,01:31 PM,01:48 pm
act_dep_time,1548,12:41 PM,12:42 pm
act_dep_time,1549,01:48 PM,01:48 pm
act_dep_time,1550,11:55 PM,12:11 am
act_dep_time,1551,04:25 PM,04:28 pm
act_dep_time,1552,09:00 PM,09:06 pm
act_dep_time,1553,08:25 PM,08:29 pm
act_dep_time,1554,07:22 AM,07:23 am
act_dep_time,1555,08:51 AM,08:52 am
act_dep_time,1556,08:26 AM,08:37 am
act_dep_time,1557,01:30 PM,01:41 pm
act_dep_time,1558,03:01 PM,03:01 pm
act_dep_time,1559,07:27 AM,07:41 am
act_dep_time,1560,11:08 PM,11/30/2011 11:34 pm
act_dep_time,1561,05:30 PM,05:38 pm
act_dep_time,1562,01:32 PM,1:50 pm (+8:00)
act_dep_time,1563,11:15 AM,11:47 am
act_dep_time,1564,08:39 PM,08:40 pm
act_dep_time,1565,02:55 PM,03:04 pm
act_dep_time,1566,02:48 PM,02:48 pm
act_dep_time,1567,09:16 AM,09:16 am
act_dep_time,1568,02:44 PM,02:44 pm
act_dep_time,1569,03:27 PM,03:28 pm
act_dep_time,1570,07:22 AM,07:22 am
act_dep_time,1571,12:10 PM,12:11 pm
act_dep_time,1572,08:04 AM,08:04 am
act_dep_time,1573,08:52 AM,08:52 am
act_dep_time,1574,01:19 PM,01:20 pm
act_dep_time,1575,08:56 AM,08:55 am
act_dep_time,1576,03:36 PM,03:38 pm
act_dep_time,1577,08:04 AM,08:04 am
act_dep_time,1578,04:12 PM,04:12 pm
act_dep_time,1579,11:52 AM,11:52 am
act_dep_time,1580,03:31 PM,03:31 pm
act_dep_time,1581,11:55 AM,11:55 am
act_dep_time,1582,10:54 AM,10:55 am
act_dep_time,1583,06:57 AM,06:58 am
act_dep_time,1584,03:58 PM,03:58 pm
act_dep_time,1585,06:10 AM,06:11 am
act_dep_time,1586,07:39 AM,07:40 am
act_dep_time,1587,07:31 AM,07:32 am
act_dep_time,1588,07:58 PM,07:45 pm
act_dep_time,1589,07:14 PM,07:14 pm
act_dep_time,1590,08:42 AM,08:42 am
act_dep_time,1591,06:30 PM,06:47 pm
act_dep_time,1592,03:27 PM,contact airline
act_dep_time,1593,10:33 AM,10:33 am
act_dep_time,1594,11:25 PM,11:29 pm
act_dep_time,1595,12:41 AM,12:41adec 1
act_dep_time,1596,04:00 PM,03:58 pm
act_dep_time,1597,10:19 AM,10:19adec 1
act_dep_time,1598,07:25 AM,7:04adec 1
act_dep_time,1599,02:48 PM,02:48 pm
act_dep_time,1600,11:56 AM,11:56adec 1
act_dep_time,1601,06:08 AM,5:58adec 1
act_dep_time,1602,11:30 AM,11:30adec 1
act_dep_time,1603,10:18 AM,10:10 am
act_dep_time,1604,08:04 AM,7:28adec 1
act_dep_time,1605,12:35 PM,12:35 pm
act_dep_time,1606,10:10 AM,09:59 am
act_dep_time,1607,12:13 PM,11:47adec 1
act_dep_time,1608,03:11 AM,11:51adec 1
act_dep_time,1609,08:25 PM,08:25 pm
act_dep_time,1610,11:52 AM,11:33 am
act_dep_time,1611,06:56 AM,5:59adec 1
act_dep_time,1612,07:30 AM,7:10adec 1
act_dep_time,1613,05:08 PM,04:56 pm
act_dep_time,1614,07:39 AM,7:22adec 1
act_dep_time,1615,08:23 PM,08:01 pm
act_dep_time,1616,07:05 AM,7:07adec 1
act_dep_time,1617,06:55 PM,06:40 pm
act_dep_time,1618,04:25 PM,04:25 pm
act_dep_time,1619,09:00 PM,not available
act_dep_time,1620,08:25 PM,08:29 pm
act_dep_time,1621,07:22 AM,6:56adec 1
act_dep_time,1622,08:51 AM,8:31adec 1
act_dep_time,1623,02:26 PM,02:42 pm
act_dep_time,1624,01:30 PM,not available
act_dep_time,1625,03:01 PM,03:01 pm
act_dep_time,1626,11:08 PM,11/30/2011 11:34 pm
act_dep_time,1627,08:39 PM,08:30 pm
act_dep_time,1628,03:27 PM,03:00 pm
act_dep_time,1629,07:27 AM,07:41 am
act_dep_time,1630,12:10 PM,12:01 pm
act_dep_time,1631,08:52 AM,8:52adec 1
act_dep_time,1632,07:39 AM,7:14adec 1
act_dep_time,1633,08:56 AM,8:32adec 1
act_dep_time,1634,11:40 AM,11:20adec 1
act_dep_time,1635,04:12 PM,03:52 pm
act_dep_time,1636,03:31 PM,03:31 pm
act_dep_time,1637,06:57 AM,6:41adec 1
act_dep_time,1638,07:16 AM,07:02 am
act_dep_time,1639,06:56 AM,05:59 am
act_dep_time,1640,07:30 AM,07:10 am
act_dep_time,1641,02:44 PM,02:32 pm
act_dep_time,1642,07:22 AM,07:10 am
act_dep_time,1643,08:23 PM,08:01 pm
act_dep_time,1644,04:15 PM,04:15 pm
act_dep_time,1645,01:19 PM,01:06 pm
act_dep_time,1646,06:55 PM,06:40 pm
act_dep_time,1647,08:04 AM,07:28 am
act_dep_time,1648,01:31 PM,01:31 pm
act_dep_time,1649,12:41 PM,10:46 am
act_dep_time,1650,04:12 PM,03:52 pm
act_dep_time,1651,11:55 PM,12:10 am (estimated runway)
act_dep_time,1652,11:40 AM,11:20 am
act_dep_time,1653,12:13 PM,11:47 am
act_dep_time,1654,07:58 PM,07:45 pm
act_dep_time,1655,10:54 AM,10:35 am
act_dep_time,1656,11:08 PM,11/30/2011 11:34 pm
act_dep_time,1657,11:05 AM,10:46 am
act_dep_time,1658,01:32 PM,01:32 pm
act_dep_time,1659,08:56 AM,08:32 am
act_dep_time,1660,03:36 PM,03:27 pm
act_dep_time,1661,02:10 PM,02:04 pm
act_dep_time,1662,07:16 AM,07:16 am
act_dep_time,1663,06:54 AM,06:54 am
act_dep_time,1664,07:14 PM,07:42 pm
act_dep_time,1665,08:42 AM,08:51 am
act_dep_time,1666,07:58 PM,07:59 pm
act_dep_time,1667,11:25 PM,11:57 pm
act_dep_time,1668,04:00 PM,04:10 pm
act_dep_time,1669,07:29 AM,07:56 am
act_dep_time,1670,07:25 AM,07:25 am
act_dep_time,1671,04:29 PM,04:29 pm
act_dep_time,1672,10:10 AM,10:10 am
act_dep_time,1673,12:12 PM,12:13 pm
act_dep_time,1674,11:56 AM,12:06 pm
act_dep_time,1675,06:08 AM,06:08 am
act_dep_time,1676,11:30 AM,11:45 am
act_dep_time,1677,08:04 AM,08:05 am
act_dep_time,1678,10:18 AM,10:19 am
act_dep_time,1679,08:04 AM,08:04 am
act_dep_time,1680,02:04 PM,02:04 pm
act_dep_time,1681,06:57 AM,06:57 am
act_dep_time,1682,12:41 PM,12:42 pm
act_dep_time,1683,12:35 PM,12:56 pm
act_dep_time,1684,02:26 PM,02:42 pm
act_dep_time,1685,03:11 AM,12:07 pm
act_dep_time,1686,05:22 PM,05:38 pm
act_dep_time,1687,07:39 AM,07:39 am
act_dep_time,1688,08:25 PM,07:27 pm
act_dep_time,1689,11:52 AM,11:52 am
act_dep_time,1690,11:05 AM,11:05 am
act_dep_time,1691,03:36 PM,03:36 pm
act_dep_time,1692,07:21 AM,07:21 am
act_dep_time,1693,06:30 PM,06:47 pm
act_dep_time,1694,06:55 PM,06:56 pm
act_dep_time,1695,12:11 PM,12:12 pm
act_dep_time,1696,07:15 PM,07:25 pm
act_dep_time,1697,09:14 AM,09:57 am
act_dep_time,1698,06:56 AM,06:56 am
act_dep_time,1699,07:30 AM,07:31 am
act_dep_time,1700,05:08 PM,05:08 pm
act_dep_time,1701,04:28 PM,04:45 pm
act_dep_time,1702,08:23 PM,08:23 pm
act_dep_time,1703,11:01 AM,11:01 am
act_dep_time,1704,01:31 PM,01:48 pm
act_dep_time,1705,01:48 PM,02:01 pm
act_dep_time,1706,04:25 PM,04:35 pm
act_dep_time,1707,09:00 PM,09:16 pm
act_dep_time,1708,08:25 PM,08:29 pm
act_dep_time,1709,07:22 AM,07:22 am
act_dep_time,1710,08:51 AM,08:51 am
act_dep_time,1711,01:30 PM,01:40 pm
act_dep_time,1712,11:08 PM,11:35 pm
act_dep_time,1713,05:30 PM,06:11 pm
act_dep_time,1714,08:39 PM,08:40 pm
act_dep_time,1715,02:44 PM,02:44 pm
act_dep_time,1716,03:27 PM,03:27 pm
act_dep_time,1717,07:22 AM,07:23 am
act_dep_time,1718,12:10 PM,12:10 pm
act_dep_time,1719,01:19 PM,01:19 pm
act_dep_time,1720,03:36 PM,03:36 pm
act_dep_time,1721,04:12 PM,04:12 pm
act_dep_time,1722,07:31 AM,07:32 am
act_dep_time,1723,11:55 AM,11:55 am
act_dep_time,1724,10:54 AM,10:55 am
act_dep_time,1725,03:58 PM,04:14 pm
act_dep_time,1726,06:10 AM,06:10 am
act_dep_time,1727,07:39 AM,07:39 am
act_dep_time,1728,08:29 AM,08:29 am
act_dep_time,1729,08:42 AM,08:42 am
act_dep_time,1730,03:27 PM,03:27 pm
act_dep_time,1731,10:33 AM,10:33 am
act_dep_time,1732,04:00 PM,04:00 pm
act_dep_time,1733,11:30 AM,11:30 am
act_dep_time,1734,12:35 PM,12:35 pm            delayed
act_dep_time,1735,03:11 AM,03:11 am
act_dep_time,1736,07:49 AM,07:49 am
act_dep_time,1737,08:12 AM,08:12 am
act_dep_time,1738,01:32 PM,1:32 pm            delayed
act_dep_time,1739,02:10 PM,02:10 pm
act_dep_time,1740,04:28 PM,4:28 pm            delayed
act_dep_time,1741,04:15 PM,04:15 pm
act_dep_time,1742,07:05 AM,07:05 am
act_dep_time,1743,01:31 PM,01:31 pm
act_dep_time,1744,01:48 PM,1:48 pm            delayed
act_dep_time,1745,04:25 PM,04:25 pm
act_dep_time,1746,08:26 AM,08:26 am
act_dep_time,1747,07:27 AM,07:27 am
act_dep_time,1748,11:08 PM,11:08 pm            on time
act_dep_time,1749,01:32 PM,01:32 pm
act_dep_time,1750,11:15 AM,11:15 am
act_dep_time,1751,02:55 PM,02:55 pm
act_dep_time,1752,02:48 PM,02:48 pm
act_dep_time,1753,09:16 AM,9:16 am            delayed
act_dep_time,1754,02:55 PM,02:55 pm
act_dep_time,1755,08:52 AM,08:52 am
act_dep_time,1756,11:55 AM,11:55 am
act_dep_time,1757,05:56 AM,05:56 am
act_dep_time,1758,02:26 PM,02:26 pm
act_dep_time,1759,07:16 AM,07:16 am
act_dep_time,1760,07:14 PM,07:14 pm
act_dep_time,1761,06:54 AM,06:54 am
act_dep_time,1762,08:29 AM,08:29 am
act_dep_time,1763,08:42 AM,08:42 am
act_dep_time,1764,07:58 PM,07:45 pm
act_dep_time,1765,12:11 PM,12:11 pm
act_dep_time,1766,03:27 PM,03:28 pm
act_dep_time,1767,11:32 AM,11:32 am
act_dep_time,1768,10:33 AM,10:33 am
act_dep_time,1769,11:25 PM,11:29 pm
act_dep_time,1770,05:56 AM,05:56 am
act_dep_time,1771,12:41 AM,12:41 am
act_dep_time,1772,04:00 PM,03:58 pm
act_dep_time,1773,07:29 AM,07:29 am
act_dep_time,1774,10:19 AM,10:19 am
act_dep_time,1775,10:10 AM,10:10 am
act_dep_time,1776,08:12 AM,08:12 am
act_dep_time,1777,07:25 AM,07:25 am
act_dep_time,1778,04:29 PM,04:29 pm
act_dep_time,1779,10:55 AM,10:55 am
act_dep_time,1780,02:48 PM,02:48 pm
act_dep_time,1781,08:00 AM,08:00 am
act_dep_time,1782,02:55 PM,02:46 pm
act_dep_time,1783,12:12 PM,12:12 pm
act_dep_time,1784,11:56 AM,11:56 am
act_dep_time,1785,06:08 AM,06:08 am
act_dep_time,1786,11:30 AM,11:30 am
act_dep_time,1787,06:02 AM,06:02 am
act_dep_time,1788,08:40 AM,08:40 am
act_dep_time,1789,10:18 AM,10:18 am
act_dep_time,1790,02:04 PM,02:04 pm
act_dep_time,1791,07:49 AM,07:49 am
act_dep_time,1792,12:35 PM,12:35 pm
act_dep_time,1793,12:13 PM,12:13 pm
act_dep_time,1794,02:26 PM,02:26 pm
act_dep_time,1795,03:11 AM,11:51 am
act_dep_time,1796,05:22 PM,05:22 pm
act_dep_time,1797,08:25 PM,08:25 pm
act_dep_time,1798,11:05 AM,11:05 am
act_dep_time,1799,01:32 PM,01:32 pm
act_dep_time,1800,03:36 PM,03:36 pm
act_dep_time,1801,07:21 AM,07:21 am
act_dep_time,1802,06:30 PM,06:47 pm
act_dep_time,1803,06:55 PM,06:55 pm
act_dep_time,1804,07:15 PM,07:15 pm
act_dep_time,1805,02:10 PM,02:10 pm
act_dep_time,1806,09:14 AM,09:14 am
act_dep_time,1807,06:56 AM,06:56 am
act_dep_time,1808,07:30 AM,07:30 am
act_dep_time,1809,05:08 PM,05:08 pm
act_dep_time,1810,04:28 PM,04:28 pm
act_dep_time,1811,04:15 PM,04:15 pm
act_dep_time,1812,08:23 PM,08:23 pm
act_dep_time,1813,10:20 AM,10:20 am
act_dep_time,1814,07:05 AM,07:07 am
act_dep_time,1815,11:01 AM,11:01 am
act_dep_time,1816,01:31 PM,01:31 pm
act_dep_time,1817,12:41 PM,12:41 pm
act_dep_time,1818,01:48 PM,01:48 pm
act_dep_time,1819,11:55 PM,12:10 am (estimated runway)
act_dep_time,1820,04:25 PM,04:25 pm
act_dep_time,1821,09:00 PM,09:06 pm
act_dep_time,1822,08:25 PM,08:29 pm
act_dep_time,1823,07:22 AM,07:22 am
act_dep_time,1824,08:51 AM,08:51 am
act_dep_time,1825,08:26 AM,08:26 am
act_dep_time,1826,01:30 PM,01:40 pm
act_dep_time,1827,03:01 PM,03:01 pm
act_dep_time,1828,07:27 AM,07:27 am
act_dep_time,1829,11:08 PM,11/30/2011 11:34 pm
act_dep_time,1830,05:30 PM,03:52 pm
act_dep_time,1831,01:32 PM,01:32 pm
act_dep_time,1832,11:15 AM,11:15 am
act_dep_time,1833,08:39 PM,08:39 pm
act_dep_time,1834,02:55 PM,02:52 pm
act_dep_time,1835,02:48 PM,02:48 pm
act_dep_time,1836,09:16 AM,09:16 am
act_dep_time,1837,02:44 PM,02:44 pm
act_dep_time,1838,03:27 PM,03:27 pm
act_dep_time,1839,07:22 AM,07:22 am
act_dep_time,1840,12:10 PM,12:10 pm
act_dep_time,1841,08:04 AM,08:04 am
act_dep_time,1842,08:52 AM,08:52 am
act_dep_time,1843,01:19 PM,01:19 pm
act_dep_time,1844,08:56 AM,08:56 am
act_dep_time,1845,03:36 PM,03:36 pm
act_dep_time,1846,08:04 AM,08:04 am
act_dep_time,1847,11:40 AM,11:40 am
act_dep_time,1848,04:12 PM,04:12 pm
act_dep_time,1849,11:52 AM,11:52 am
act_dep_time,1850,07:39 AM,07:39 am
act_dep_time,1851,03:31 PM,03:31 pm
act_dep_time,1852,11:55 AM,11:43 am
act_dep_time,1853,10:54 AM,10:54 am
act_dep_time,1854,06:57 AM,06:57 am
act_dep_time,1855,03:58 PM,03:58 pm
act_dep_time,1856,06:10 AM,06:10 am
act_dep_time,1857,07:39 AM,07:39 am
act_dep_time,1858,07:31 AM,07:31 am
act_dep_time,1859,07:16 AM,07:16 am
act_dep_time,1860,07:14 PM,07:14 pm
act_dep_time,1861,06:54 AM,06:54 am
act_dep_time,1862,08:29 AM,08:29 am
act_dep_time,1863,08:42 AM,08:42 am
act_dep_time,1864,07:58 PM,07:58 pm
act_dep_time,1865,12:13 PM,12:13 pm
act_dep_time,1866,06:30 PM,6:47 pm (estimated runway)
act_dep_time,1867,03:27 PM,03:28 pm
act_dep_time,1868,11:32 AM,11:32 am
act_dep_time,1869,11:25 PM,11:29 pm (estimated runway)
act_dep_time,1870,05:56 AM,05:56 am
act_dep_time,1871,12:41 AM,12:41 am
act_dep_time,1872,04:00 PM,03:58 pm
act_dep_time,1873,07:29 AM,07:29 am
act_dep_time,1874,10:19 AM,10:19 am
act_dep_time,1875,07:25 AM,07:25 am
act_dep_time,1876,08:12 AM,08:12 am
act_dep_time,1877,04:29 PM,04:29 pm
act_dep_time,1878,10:10 AM,10:10 am
act_dep_time,1879,02:48 PM,02:48 pm
act_dep_time,1880,05:22 PM,05:22 pm
act_dep_time,1881,12:12 PM,12:12 pm
act_dep_time,1882,11:56 AM,11:56 am
act_dep_time,1883,06:08 AM,06:08 am
act_dep_time,1884,11:30 AM,11:30 am
act_dep_time,1885,06:02 AM,06:02 am
act_dep_time,1886,08:40 AM,08:40 am
act_dep_time,1887,08:04 AM,08:04 am
act_dep_time,1888,10:18 AM,10:18 am
act_dep_time,1889,08:04 AM,08:04 am
act_dep_time,1890,02:04 PM,02:04 pm
act_dep_time,1891,06:57 AM,06:57 am
act_dep_time,1892,12:41 PM,12:41 pm
act_dep_time,1893,12:35 PM,12:35 pm
act_dep_time,1894,03:11 AM,11:51 am
act_dep_time,1895,08:25 PM,08:25 pm
act_dep_time,1896,11:52 AM,11:52 am
act_dep_time,1897,11:05 AM,11:05 am
act_dep_time,1898,01:32 PM,01:32 pm
act_dep_time,1899,03:36 PM,03:36 pm
act_dep_time,1900,07:21 AM,07:21 am
act_dep_time,1901,08:00 AM,08:00 am
act_dep_time,1902,06:55 PM,06:55 pm
act_dep_time,1903,12:11 PM,12:11 pm
act_dep_time,1904,07:15 PM,7:15 pm (estimated)
act_dep_time,1905,02:10 PM,02:10 pm
act_dep_time,1906,09:14 AM,09:14 am
act_dep_time,1907,06:56 AM,06:56 am
act_dep_time,1908,07:30 AM,07:30 am
act_dep_time,1909,05:08 PM,05:08 pm
act_dep_time,1910,07:39 AM,07:39 am
act_dep_time,1911,04:28 PM,04:28 pm
act_dep_time,1912,04:15 PM,04:15 pm
act_dep_time,1913,08:23 PM,08:23 pm
act_dep_time,1914,10:20 AM,10:20 am
act_dep_time,1915,07:05 AM,07:07 am
act_dep_time,1916,11:01 AM,11:01 am
act_dep_time,1917,01:31 PM,01:31 pm
act_dep_time,1918,01:48 PM,01:48 pm
act_dep_time,1919,11:55 PM,12:10 am (estimated runway)
act_dep_time,1920,04:25 PM,4:28 pm (estimated runway)
act_dep_time,1921,09:00 PM,9:06 pm (estimated runway)
act_dep_time,1922,08:25 PM,8:29 pm (estimated runway)
act_dep_time,1923,02:55 PM,02:46 pm
act_dep_time,1924,07:22 AM,07:22 am
act_dep_time,1925,08:51 AM,08:51 am
act_dep_time,1926,02:26 PM,02:26 pm
act_dep_time,1927,08:26 AM,08:26 am
act_dep_time,1928,03:01 PM,03:01 pm
act_dep_time,1929,11:08 PM,11/30/2011 11:34 pm
act_dep_time,1930,05:30 PM,5:30 pm (estimated)
act_dep_time,1931,11:15 AM,11:15 am
act_dep_time,1932,08:39 PM,08:39 pm
act_dep_time,1933,02:55 PM,02:52 pm
act_dep_time,1934,02:48 PM,02:48 pm
act_dep_time,1935,02:44 PM,02:44 pm
act_dep_time,1936,03:27 PM,03:27 pm
act_dep_time,1937,07:22 AM,07:22 am
act_dep_time,1938,12:10 PM,12:10 pm
act_dep_time,1939,01:19 PM,01:19 pm
act_dep_time,1940,07:49 AM,07:49 am
act_dep_time,1941,08:56 AM,08:56 am
act_dep_time,1942,03:36 PM,03:36 pm
act_dep_time,1943,04:12 PM,04:12 pm
act_dep_time,1944,07:31 AM,07:31 am
act_dep_time,1945,03:31 PM,03:31 pm
act_dep_time,1946,11:55 AM,11:43 am
act_dep_time,1947,10:54 AM,10:54 am
act_dep_time,1948,03:58 PM,03:58 pm
act_dep_time,1949,06:10 AM,06:10 am
act_dep_time,1950,07:39 AM,07:39 am
act_dep_time,1951,07:16 AM,07:16 am
act_dep_time,1952,07:14 PM,07:42 pm
act_dep_time,1953,06:54 AM,06:54 am
act_dep_time,1954,08:29 AM,08:49 am
act_dep_time,1955,08:42 AM,09:01 am
act_dep_time,1956,07:58 PM,07:59 pm
act_dep_time,1957,12:11 PM,12:12 pm
act_dep_time,1958,03:27 PM,03:50 pm
act_dep_time,1959,11:32 AM,12:37 pm
act_dep_time,1960,10:33 AM,10:53 am
act_dep_time,1961,11:25 PM,11:29 pm
act_dep_time,1962,05:56 AM,06:10 am
act_dep_time,1963,12:41 AM,12:58 am
act_dep_time,1964,04:00 PM,04:10 pm
act_dep_time,1965,07:29 AM,07:56 am
act_dep_time,1966,10:19 AM,10:35 am
act_dep_time,1967,10:10 AM,10:11 am
act_dep_time,1968,08:12 AM,08:26 am
act_dep_time,1969,07:25 AM,07:25 am
act_dep_time,1970,04:29 PM,04:30 pm
act_dep_time,1971,10:55 AM,10:55 am
act_dep_time,1972,02:48 PM,02:59 pm
act_dep_time,1973,08:00 AM,08:18 am
act_dep_time,1974,02:55 PM,03:04 pm
act_dep_time,1975,12:12 PM,12:13 pm
act_dep_time,1976,11:56 AM,12:06 pm
act_dep_time,1977,06:08 AM,06:09 am
act_dep_time,1978,11:30 AM,11:45 am
act_dep_time,1979,06:02 AM,06:17 am
act_dep_time,1980,08:40 AM,09:01 am
act_dep_time,1981,10:18 AM,10:19 am
act_dep_time,1982,02:04 PM,02:04 pm
act_dep_time,1983,07:49 AM,08:07 am
act_dep_time,1984,12:35 PM,12:56 pm
act_dep_time,1985,12:13 PM,12:14 pm
act_dep_time,1986,02:26 PM,02:43 pm
act_dep_time,1987,03:11 AM,12:08 pm
act_dep_time,1988,05:22 PM,05:38 pm
act_dep_time,1989,08:25 PM,08:36 pm
act_dep_time,1990,11:05 AM,11:06 am
act_dep_time,1991,01:32 PM,01:43 pm
act_dep_time,1992,03:36 PM,03:36 pm
act_dep_time,1993,07:21 AM,07:22 am
act_dep_time,1994,06:30 PM,06:47 pm
act_dep_time,1995,06:55 PM,06:56 pm
act_dep_time,1996,07:15 PM,07:15 pm
act_dep_time,1997,02:10 PM,02:38 pm
act_dep_time,1998,09:14 AM,09:58 am
act_dep_time,1999,06:56 AM,06:57 am
act_dep_time,2000,07:30 AM,07:31 am
act_dep_time,2001,05:08 PM,05:09 pm
act_dep_time,2002,04:28 PM,04:46 pm
act_dep_time,2003,04:15 PM,04:37 pm
act_dep_time,2004,08:23 PM,08:23 pm
act_dep_time,2005,10:20 AM,10:37 am
act_dep_time,2006,07:05 AM,07:31 am
act_dep_time,2007,11:01 AM,11:02 am
act_dep_time,2008,01:31 PM,01:48 pm
act_dep_time,2009,12:41 PM,12:42 pm
act_dep_time,2010,01:48 PM,02:01 pm
act_dep_time,2011,11:55 PM,12:10 am (estimated runway)
act_dep_time,2012,04:25 PM,04:25 pm
act_dep_time,2013,09:00 PM,09:06 pm
act_dep_time,2014,08:25 PM,08:29 pm
act_dep_time,2015,07:22 AM,07:23 am
act_dep_time,2016,08:51 AM,08:52 am
act_dep_time,2017,08:26 AM,08:37 am
act_dep_time,2018,01:30 PM,01:40 pm
act_dep_time,2019,03:01 PM,03:17 pm
act_dep_time,2020,07:27 AM,07:41 am
act_dep_time,2021,11:08 PM,11/30/2011 11:34 pm
act_dep_time,2022,05:30 PM,03:52 pm
act_dep_time,2023,01:32 PM,01:45 pm
act_dep_time,2024,11:15 AM,11:47 am
act_dep_time,2025,08:39 PM,08:40 pm
act_dep_time,2026,02:55 PM,03:04 pm
act_dep_time,2027,02:48 PM,02:59 pm
act_dep_time,2028,09:16 AM,09:43 am
act_dep_time,2029,02:44 PM,02:44 pm
act_dep_time,2030,03:27 PM,03:28 pm
act_dep_time,2031,07:22 AM,07:23 am
act_dep_time,2032,12:10 PM,12:11 pm
act_dep_time,2033,08:04 AM,08:05 am
act_dep_time,2034,08:52 AM,09:05 am
act_dep_time,2035,01:19 PM,01:20 pm
act_dep_time,2036,08:56 AM,08:56 am
act_dep_time,2037,03:36 PM,03:38 pm
act_dep_time,2038,08:04 AM,08:04 am
act_dep_time,2039,11:40 AM,11:41 am
act_dep_time,2040,04:12 PM,04:12 pm
act_dep_time,2041,11:52 AM,11:52 am
act_dep_time,2042,07:39 AM,07:40 am
act_dep_time,2043,03:31 PM,04:02 pm
act_dep_time,2044,11:55 AM,11:55 am
act_dep_time,2045,10:54 AM,10:55 am
act_dep_time,2046,06:57 AM,06:58 am
act_dep_time,2047,03:58 PM,04:15 pm
act_dep_time,2048,06:10 AM,06:11 am
act_dep_time,2049,07:39 AM,07:40 am
act_dep_time,2050,07:31 AM,07:32 am
act_dep_time,2051,07:16 AM,07:16 am
act_dep_time,2052,07:14 PM,07:14 pm
act_dep_time,2053,06:54 AM,06:54 am
act_dep_time,2054,08:29 AM,08:29 am
act_dep_time,2055,08:42 AM,08:42 am
act_dep_time,2056,07:58 PM,07:45 pm
act_dep_time,2057,12:11 PM,12:11 pm
act_dep_time,2058,03:27 PM,03:28 pm
act_dep_time,2059,11:32 AM,11:32 am
act_dep_time,2060,10:33 AM,10:33 am
act_dep_time,2061,11:25 PM,11:29 pm
act_dep_time,2062,05:56 AM,05:56 am
act_dep_time,2063,12:41 AM,12:41 am
act_dep_time,2064,04:00 PM,03:58 pm
act_dep_time,2065,07:29 AM,07:29 am
act_dep_time,2066,10:19 AM,10:19 am
act_dep_time,2067,10:10 AM,10:10 am
act_dep_time,2068,08:12 AM,08:12 am
act_dep_time,2069,07:25 AM,07:25 am
act_dep_time,2070,04:29 PM,04:29 pm
act_dep_time,2071,10:55 AM,10:55 am
act_dep_time,2072,02:48 PM,02:48 pm
act_dep_time,2073,08:00 AM,08:00 am
act_dep_time,2074,02:55 PM,02:46 pm
act_dep_time,2075,12:12 PM,12:12 pm
act_dep_time,2076,11:56 AM,11:56 am
act_dep_time,2077,06:08 AM,06:08 am
act_dep_time,2078,11:30 AM,11:30 am
act_dep_time,2079,06:02 AM,06:02 am
act_dep_time,2080,08:40 AM,08:40 am
act_dep_time,2081,10:18 AM,10:18 am
act_dep_time,2082,02:04 PM,02:04 pm
act_dep_time,2083,07:49 AM,07:49 am
act_dep_time,2084,12:35 PM,12:35 pm
act_dep_time,2085,12:13 PM,12:13 pm
act_dep_time,2086,02:26 PM,02:26 pm
act_dep_time,2087,03:11 AM,11:51 am
act_dep_time,2088,05:22 PM,05:22 pm
act_dep_time,2089,08:25 PM,08:25 pm
act_dep_time,2090,11:05 AM,11:05 am
act_dep_time,2091,01:32 PM,01:32 pm
act_dep_time,2092,03:36 PM,03:36 pm
act_dep_time,2093,07:21 AM,07:21 am
act_dep_time,2094,06:30 PM,06:47 pm
act_dep_time,2095,06:55 PM,06:55 pm
act_dep_time,2096,07:15 PM,07:15 pm
act_dep_time,2097,02:10 PM,02:10 pm
act_dep_time,2098,09:14 AM,09:14 am
act_dep_time,2099,06:56 AM,06:56 am
act_dep_time,2100,07:30 AM,07:30 am
act_dep_time,2101,05:08 PM,05:08 pm
act_dep_time,2102,04:28 PM,04:28 pm
act_dep_time,2103,04:15 PM,04:15 pm
act_dep_time,2104,08:23 PM,08:23 pm
act_dep_time,2105,10:20 AM,10:20 am
act_dep_time,2106,07:05 AM,07:07 am
act_dep_time,2107,11:01 AM,11:01 am
act_dep_time,2108,01:31 PM,01:31 pm
act_dep_time,2109,12:41 PM,12:41 pm
act_dep_time,2110,01:48 PM,01:48 pm
act_dep_time,2111,11:55 PM,12:10 am (estimated runway)
act_dep_time,2112,04:25 PM,04:25 pm
act_dep_time,2113,09:00 PM,09:06 pm
act_dep_time,2114,08:25 PM,08:29 pm
act_dep_time,2115,07:22 AM,07:22 am
act_dep_time,2116,08:51 AM,08:51 am
act_dep_time,2117,08:26 AM,08:26 am
act_dep_time,2118,01:30 PM,01:40 pm
act_dep_time,2119,03:01 PM,03:01 pm
act_dep_time,2120,07:27 AM,07:27 am
act_dep_time,2121,11:08 PM,11/30/2011 11:34 pm
act_dep_time,2122,05:30 PM,03:52 pm
act_dep_time,2123,01:32 PM,01:32 pm
act_dep_time,2124,11:15 AM,11:15 am
act_dep_time,2125,08:39 PM,08:39 pm
act_dep_time,2126,02:55 PM,02:52 pm
act_dep_time,2127,02:48 PM,02:48 pm
act_dep_time,2128,09:16 AM,09:16 am
act_dep_time,2129,02:44 PM,02:44 pm
act_dep_time,2130,03:27 PM,03:27 pm
act_dep_time,2131,07:22 AM,07:22 am
act_dep_time,2132,12:10 PM,12:10 pm
act_dep_time,2133,08:04 AM,08:04 am
act_dep_time,2134,08:52 AM,08:52 am
act_dep_time,2135,01:19 PM,01:19 pm
act_dep_time,2136,08:56 AM,08:56 am
act_dep_time,2137,03:36 PM,03:36 pm
act_dep_time,2138,08:04 AM,08:04 am
act_dep_time,2139,11:40 AM,11:40 am
act_dep_time,2140,04:12 PM,04:12 pm
act_dep_time,2141,11:52 AM,11:52 am
act_dep_time,2142,07:39 AM,07:39 am
act_dep_time,2143,03:31 PM,03:31 pm
act_dep_time,2144,11:55 AM,11:43 am
act_dep_time,2145,10:54 AM,10:54 am
act_dep_time,2146,06:57 AM,06:57 am
act_dep_time,2147,03:58 PM,03:58 pm
act_dep_time,2148,06:10 AM,06:10 am
act_dep_time,2149,07:39 AM,07:39 am
act_dep_time,2150,07:31 AM,07:31 am
act_dep_time,2151,11:32 AM,11:32 am
act_dep_time,2152,11:56 AM,11:56 am
act_dep_time,2153,09:00 PM,09:06 pm
act_dep_time,2154,04:15 PM,04:15 pm
act_dep_time,2155,01:19 PM,01:06 pm
act_dep_time,2156,07:16 AM,07:16 am
act_dep_time,2157,07:14 PM,07:42 pm
act_dep_time,2158,06:54 AM,06:54 am
act_dep_time,2159,08:29 AM,08:49 am
act_dep_time,2160,08:42 AM,09:01 am
act_dep_time,2161,07:58 PM,07:59 pm
act_dep_time,2162,12:11 PM,12:12 pm
act_dep_time,2163,03:27 PM,03:50 pm
act_dep_time,2164,11:32 AM,12:37 pm
act_dep_time,2165,10:33 AM,10:53 am
act_dep_time,2166,11:25 PM,11:29 pm
act_dep_time,2167,05:56 AM,06:10 am
act_dep_time,2168,12:41 AM,12:58 am
act_dep_time,2169,04:00 PM,04:10 pm
act_dep_time,2170,07:29 AM,07:56 am
act_dep_time,2171,10:19 AM,10:35 am
act_dep_time,2172,10:10 AM,10:11 am
act_dep_time,2173,08:12 AM,08:26 am
act_dep_time,2174,07:25 AM,07:25 am
act_dep_time,2175,04:29 PM,04:30 pm
act_dep_time,2176,10:55 AM,10:55 am
act_dep_time,2177,02:48 PM,02:59 pm
act_dep_time,2178,08:00 AM,08:18 am
act_dep_time,2179,02:55 PM,03:04 pm
act_dep_time,2180,12:12 PM,12:13 pm
act_dep_time,2181,11:56 AM,12:06 pm
act_dep_time,2182,06:08 AM,06:09 am
act_dep_time,2183,11:30 AM,11:45 am
act_dep_time,2184,06:02 AM,06:17 am
act_dep_time,2185,08:40 AM,09:01 am
act_dep_time,2186,10:18 AM,10:19 am
act_dep_time,2187,02:04 PM,02:04 pm
act_dep_time,2188,07:49 AM,08:07 am
act_dep_time,2189,12:35 PM,12:56 pm
act_dep_time,2190,12:13 PM,12:14 pm
act_dep_time,2191,02:26 PM,02:43 pm
act_dep_time,2192,03:11 AM,12:08 pm
act_dep_time,2193,05:22 PM,05:38 pm
act_dep_time,2194,08:25 PM,08:36 pm
act_dep_time,2195,11:05 AM,11:06 am
act_dep_time,2196,01:32 PM,01:43 pm
act_dep_time,2197,03:36 PM,03:36 pm
act_dep_time,2198,07:21 AM,07:22 am
act_dep_time,2199,06:30 PM,06:47 pm
act_dep_time,2200,06:55 PM,06:56 pm
act_dep_time,2201,07:15 PM,07:15 pm
act_dep_time,2202,02:10 PM,02:38 pm
act_dep_time,2203,09:14 AM,09:58 am
act_dep_time,2204,06:56 AM,06:57 am
act_dep_time,2205,07:30 AM,07:31 am
act_dep_time,2206,05:08 PM,05:09 pm
act_dep_time,2207,04:28 PM,04:46 pm
act_dep_time,2208,04:15 PM,04:37 pm
act_dep_time,2209,08:23 PM,08:23 pm
act_dep_time,2210,10:20 AM,10:37 am
act_dep_time,2211,07:05 AM,07:31 am
act_dep_time,2212,11:01 AM,11:02 am
act_dep_time,2213,01:31 PM,01:48 pm
act_dep_time,2214,12:41 PM,12:42 pm
act_dep_time,2215,01:48 PM,02:01 pm
act_dep_time,2216,11:55 PM,12:10 am (estimated runway)
act_dep_time,2217,04:25 PM,04:25 pm
act_dep_time,2218,09:00 PM,09:06 pm
act_dep_time,2219,08:25 PM,08:29 pm
act_dep_time,2220,07:22 AM,07:23 am
act_dep_time,2221,08:51 AM,08:52 am
act_dep_time,2222,08:26 AM,08:37 am
act_dep_time,2223,01:30 PM,01:40 pm
act_dep_time,2224,03:01 PM,03:17 pm
act_dep_time,2225,07:27 AM,07:41 am
act_dep_time,2226,11:08 PM,11/30/2011 11:34 pm
act_dep_time,2227,05:30 PM,03:52 pm
act_dep_time,2228,01:32 PM,01:45 pm
act_dep_time,2229,11:15 AM,11:47 am
act_dep_time,2230,08:39 PM,08:40 pm
act_dep_time,2231,02:55 PM,03:04 pm
act_dep_time,2232,02:48 PM,02:59 pm
act_dep_time,2233,09:16 AM,09:43 am
act_dep_time,2234,02:44 PM,02:44 pm
act_dep_time,2235,03:27 PM,03:28 pm
act_dep_time,2236,07:22 AM,07:23 am
act_dep_time,2237,12:10 PM,12:11 pm
act_dep_time,2238,08:04 AM,08:05 am
act_dep_time,2239,08:52 AM,09:05 am
act_dep_time,2240,01:19 PM,01:20 pm
act_dep_time,2241,08:56 AM,08:56 am
act_dep_time,2242,03:36 PM,03:38 pm
act_dep_time,2243,08:04 AM,08:04 am
act_dep_time,2244,11:40 AM,11:41 am
act_dep_time,2245,04:12 PM,04:12 pm
act_dep_time,2246,11:52 AM,11:52 am
act_dep_time,2247,07:39 AM,07:40 am
act_dep_time,2248,03:31 PM,04:02 pm
act_dep_time,2249,11:55 AM,11:55 am
act_dep_time,2250,10:54 AM,10:55 am
act_dep_time,2251,06:57 AM,06:58 am
act_dep_time,2252,03:58 PM,04:15 pm
act_dep_time,2253,06:10 AM,06:11 am
act_dep_time,2254,07:39 AM,07:40 am
act_dep_time,2255,07:31 AM,07:32 am
act_dep_time,2256,07:16 AM,07:16 am
act_dep_time,2257,06:54 AM,06:54 am
act_dep_time,2258,07:14 PM,07:42 pm
act_dep_time,2259,08:42 AM,08:51 am
act_dep_time,2260,07:58 PM,07:59 pm
act_dep_time,2261,11:25 PM,11:57 pm
act_dep_time,2262,04:00 PM,04:10 pm
act_dep_time,2263,07:29 AM,07:56 am
act_dep_time,2264,07:25 AM,07:25 am
act_dep_time,2265,04:29 PM,04:29 pm
act_dep_time,2266,10:10 AM,10:10 am
act_dep_time,2267,12:12 PM,12:13 pm
act_dep_time,2268,11:56 AM,12:06 pm
act_dep_time,2269,06:08 AM,06:08 am
act_dep_time,2270,11:30 AM,11:45 am
act_dep_time,2271,08:04 AM,08:05 am
act_dep_time,2272,10:18 AM,10:19 am
act_dep_time,2273,08:04 AM,08:04 am
act_dep_time,2274,02:04 PM,02:04 pm
act_dep_time,2275,06:57 AM,06:57 am
act_dep_time,2276,12:41 PM,12:42 pm
act_dep_time,2277,12:35 PM,12:56 pm
act_dep_time,2278,02:26 PM,02:42 pm
act_dep_time,2279,03:11 AM,12:07 pm
act_dep_time,2280,05:22 PM,05:38 pm
act_dep_time,2281,07:39 AM,07:39 am
act_dep_time,2282,08:25 PM,07:27 pm
act_dep_time,2283,11:52 AM,11:52 am
act_dep_time,2284,11:05 AM,11:05 am
act_dep_time,2285,03:36 PM,03:36 pm
act_dep_time,2286,07:21 AM,07:21 am
act_dep_time,2287,06:30 PM,06:47 pm
act_dep_time,2288,06:55 PM,06:56 pm
act_dep_time,2289,12:11 PM,12:12 pm
act_dep_time,2290,07:15 PM,07:25 pm
act_dep_time,2291,09:14 AM,09:57 am
act_dep_time,2292,06:56 AM,06:56 am
act_dep_time,2293,07:30 AM,07:31 am
act_dep_time,2294,05:08 PM,05:08 pm
act_dep_time,2295,04:28 PM,04:45 pm
act_dep_time,2296,08:23 PM,08:23 pm
act_dep_time,2297,11:01 AM,11:01 am
act_dep_time,2298,01:31 PM,01:48 pm
act_dep_time,2299,01:48 PM,02:01 pm
act_dep_time,2300,04:25 PM,04:35 pm
act_dep_time,2301,09:00 PM,09:16 pm
act_dep_time,2302,08:25 PM,08:29 pm
act_dep_time,2303,07:22 AM,07:22 am
act_dep_time,2304,08:51 AM,08:51 am
act_dep_time,2305,01:30 PM,01:40 pm
act_dep_time,2306,11:08 PM,11:35 pm
act_dep_time,2307,05:30 PM,06:11 pm
act_dep_time,2308,08:39 PM,08:40 pm
act_dep_time,2309,02:44 PM,02:44 pm
act_dep_time,2310,03:27 PM,03:27 pm
act_dep_time,2311,07:22 AM,07:23 am
act_dep_time,2312,12:10 PM,12:10 pm
act_dep_time,2313,01:19 PM,01:19 pm
act_dep_time,2314,03:36 PM,03:36 pm
act_dep_time,2315,04:12 PM,04:12 pm
act_dep_time,2316,07:31 AM,07:32 am
act_dep_time,2317,11:55 AM,11:55 am
act_dep_time,2318,10:54 AM,10:55 am
act_dep_time,2319,03:58 PM,04:14 pm
act_dep_time,2320,06:10 AM,06:10 am
act_dep_time,2321,07:39 AM,07:39 am
act_dep_time,2322,07:16 AM,07:16 am
act_dep_time,2323,06:54 AM,06:54 am
act_dep_time,2324,08:29 AM,08:29 am
act_dep_time,2325,07:58 PM,07:58 pm
act_dep_time,2326,06:30 PM,6:47 pm (estimated runway)
act_dep_time,2327,07:15 PM,7:15 pm (estimated)
act_dep_time,2328,03:27 PM,03:28 pm
act_dep_time,2329,11:25 PM,11:29 pm (estimated runway)
act_dep_time,2330,04:00 PM,03:58 pm
act_dep_time,2331,07:25 AM,07:25 am
act_dep_time,2332,04:29 PM,04:29 pm
act_dep_time,2333,10:10 AM,10:10 am
act_dep_time,2334,12:12 PM,12:12 pm
act_dep_time,2335,06:08 AM,06:08 am
act_dep_time,2336,11:30 AM,11:30 am
act_dep_time,2337,08:04 AM,08:04 am
act_dep_time,2338,10:18 AM,10:18 am
act_dep_time,2339,08:04 AM,08:04 am
act_dep_time,2340,02:04 PM,02:04 pm
act_dep_time,2341,06:57 AM,06:57 am
act_dep_time,2342,12:41 PM,12:41 pm
act_dep_time,2343,03:11 AM,11:51 am
act_dep_time,2344,07:39 AM,07:39 am
act_dep_time,2345,11:52 AM,11:52 am
act_dep_time,2346,11:05 AM,11:05 am
act_dep_time,2347,07:21 AM,07:21 am
act_dep_time,2348,06:55 PM,06:55 pm
act_dep_time,2349,12:11 PM,12:11 pm
act_dep_time,2350,09:14 AM,09:14 am
act_dep_time,2351,06:56 AM,06:56 am
act_dep_time,2352,07:30 AM,07:30 am
act_dep_time,2353,04:28 PM,04:28 pm
act_dep_time,2354,08:23 PM,08:23 pm
act_dep_time,2355,01:31 PM,01:31 pm
act_dep_time,2356,11:55 PM,12:10 am (estimated runway)
act_dep_time,2357,04:25 PM,4:28 pm (estimated runway)
act_dep_time,2358,09:00 PM,9:06 pm (estimated runway)
act_dep_time,2359,08:25 PM,8:29 pm (estimated runway)
act_dep_time,2360,07:22 AM,07:22 am
act_dep_time,2361,08:51 AM,08:51 am
act_dep_time,2362,02:26 PM,02:26 pm
act_dep_time,2363,01:30 PM,1:41 pm (estimated runway)
act_dep_time,2364,02:44 PM,02:44 pm
act_dep_time,2365,03:27 PM,03:27 pm
act_dep_time,2366,07:22 AM,07:22 am
act_dep_time,2367,12:10 PM,12:10 pm
act_dep_time,2368,01:19 PM,01:19 pm
act_dep_time,2369,03:36 PM,03:36 pm
act_dep_time,2370,04:12 PM,04:12 pm
act_dep_time,2371,07:31 AM,07:31 am
act_dep_time,2372,11:55 AM,11:43 am
act_dep_time,2373,10:54 AM,10:54 am
act_dep_time,2374,03:58 PM,03:58 pm
act_dep_time,2375,06:10 AM,06:10 am
act_dep_time,2376,07:39 AM,07:39 am
sched_arr_time,1,09:40 AM,09:40 am
sched_arr_time,2,10:30 PM,10:30 pm
sched_arr_time,3,07:25 PM,07:25 pm
sched_arr_time,4,09:25 AM,09:25 am
sched_arr_time,5,02:45 PM,02:45 pm
sched_arr_time,6,06:55 AM,12/02/2011 6:55 am
sched_arr_time,7,09:55 AM,09:55 am
sched_arr_time,8,07:55 PM,07:55 pm
sched_arr_time,9,03:50 PM,03:50 pm
sched_arr_time,10,09:20 AM,09:20 am
sched_arr_time,11,02:20 PM,02:20 pm
sched_arr_time,12,11:05 AM,11:05 am
sched_arr_time,13,12:10 PM,12:10 pm
sched_arr_time,14,08:00 AM,08:00 am
sched_arr_time,15,02:35 PM,02:35 pm
sched_arr_time,16,12:35 PM,12:35 pm
sched_arr_time,17,02:00 PM,02:00 pm
sched_arr_time,18,11:10 AM,11:10 am
sched_arr_time,19,07:45 AM,07:45 am
sched_arr_time,20,02:25 PM,02:25 pm
sched_arr_time,21,02:45 PM,02:45 pm
sched_arr_time,22,04:00 PM,04:00 pm
sched_arr_time,23,10:35 AM,10:35 am
sched_arr_time,24,09:10 PM,09:10 pm
sched_arr_time,25,03:15 PM,03:15 pm
sched_arr_time,26,07:30 AM,07:30 am
sched_arr_time,27,09:35 AM,09:35 am
sched_arr_time,28,08:05 PM,08:05 pm
sched_arr_time,29,09:45 PM,09:45 pm
sched_arr_time,30,02:59 PM,02:59 pm
sched_arr_time,31,12:55 PM,12:55 pm
sched_arr_time,32,05:50 AM,12/02/2011 5:50 am
sched_arr_time,33,12:15 AM,12/02/2011 12:15 am
sched_arr_time,34,11:50 PM,11:50 pm
sched_arr_time,35,10:34 AM,10:34 am
sched_arr_time,36,11:50 AM,11:50 am
sched_arr_time,37,03:50 PM,03:50 pm
sched_arr_time,38,09:20 PM,09:20 pm
sched_arr_time,39,04:05 PM,04:05 pm
sched_arr_time,40,05:55 PM,05:55 pm
sched_arr_time,41,11:35 AM,11:35 am
sched_arr_time,42,02:15 PM,02:15 pm
sched_arr_time,43,02:35 PM,02:35 pm
sched_arr_time,44,10:40 AM,10:40 am
sched_arr_time,45,06:30 PM,06:30 pm
sched_arr_time,46,05:25 PM,05:25 pm
sched_arr_time,47,06:40 PM,06:40 pm
sched_arr_time,48,03:30 PM,03:30 pm
sched_arr_time,49,06:40 AM,06:40 am
sched_arr_time,50,10:45 AM,10:45 am
sched_arr_time,51,09:40 AM,09:40 am
sched_arr_time,52,10:15 PM,10:15 pm
sched_arr_time,53,09:25 AM,09:25 am
sched_arr_time,54,11:55 AM,11:55 am
sched_arr_time,55,09:54 AM,09:54 am
sched_arr_time,56,10:30 PM,10:30 pm
sched_arr_time,57,05:05 PM,05:05 pm
sched_arr_time,58,02:50 PM,02:50 pm
sched_arr_time,59,05:25 PM,05:25 pm
sched_arr_time,60,11:19 AM,11:19 am
sched_arr_time,61,06:55 AM,6:55 am dec 02
sched_arr_time,62,07:23 AM,07:23 am
sched_arr_time,63,05:35 AM,05:35 am
sched_arr_time,64,06:46 PM,06:46 pm
sched_arr_time,65,09:21 AM,09:21 am
sched_arr_time,66,01:16 PM,01:16 pm
sched_arr_time,67,12:35 PM,12:35 pm
sched_arr_time,68,10:06 AM,10:06 am
sched_arr_time,69,09:55 AM,09:55 am
sched_arr_time,70,07:55 PM,07:55 pm
sched_arr_time,71,02:20 PM,02:20 pm
sched_arr_time,72,07:03 PM,07:03 pm
sched_arr_time,73,11:35 AM,11:35 am
sched_arr_time,74,05:00 PM,05:00 pm
sched_arr_time,75,03:50 PM,03:50 pm
sched_arr_time,76,01:17 PM,01:17 pm
sched_arr_time,77,09:20 AM,09:20 am
sched_arr_time,78,04:57 PM,04:57 pm
sched_arr_time,79,10:20 AM,10:20 am
sched_arr_time,80,10:54 AM,10:54 am
sched_arr_time,81,12:10 PM,12:10 pm
sched_arr_time,82,02:35 PM,02:35 pm
sched_arr_time,83,01:39 PM,01:39 pm
sched_arr_time,84,03:19 PM,03:19 pm
sched_arr_time,85,02:00 PM,02:00 pm
sched_arr_time,86,06:15 PM,06:15 pm
sched_arr_time,87,01:45 PM,01:45 pm
sched_arr_time,88,08:22 PM,08:22 pm
sched_arr_time,89,08:56 PM,08:56 pm
sched_arr_time,90,02:45 PM,02:45 pm
sched_arr_time,91,05:15 PM,05:15 pm
sched_arr_time,92,04:00 PM,04:00 pm
sched_arr_time,93,10:35 AM,10:35 am
sched_arr_time,94,07:25 PM,07:25 pm
sched_arr_time,95,09:10 PM,09:10 pm
sched_arr_time,96,03:15 PM,03:15 pm
sched_arr_time,97,12:21 AM,12/2/11 12:21 am
sched_arr_time,98,07:53 PM,07:53 pm
sched_arr_time,99,12:18 PM,12:18 pm
sched_arr_time,100,07:30 AM,07:30 am
sched_arr_time,101,09:35 AM,09:35 am
sched_arr_time,102,08:05 PM,07:38 pm
sched_arr_time,103,11:10 AM,11:10 am
sched_arr_time,104,06:23 PM,06:23 pm
sched_arr_time,105,07:35 PM,07:35 pm
sched_arr_time,106,09:45 PM,09:45 pm
sched_arr_time,107,06:44 PM,06:44 pm
sched_arr_time,108,10:31 AM,10:31 am
sched_arr_time,109,02:59 PM,02:59 pm
sched_arr_time,110,04:31 PM,04:31 pm
sched_arr_time,111,02:45 PM,02:45 pm
sched_arr_time,112,04:17 PM,04:17 pm
sched_arr_time,113,05:50 AM,05:50 am
sched_arr_time,114,12:29 AM,12:29 am
sched_arr_time,115,12:15 AM,12:15 am
sched_arr_time,116,11:50 PM,11:50 pm
sched_arr_time,117,10:34 AM,10:34 am
sched_arr_time,118,11:50 AM,11:50 am
sched_arr_time,119,09:24 AM,09:24 am
sched_arr_time,120,03:50 PM,03:50 pm
sched_arr_time,121,04:48 PM,04:48 pm
sched_arr_time,122,09:43 AM,09:43 am
sched_arr_time,123,05:11 AM,12/2/11 5:11 am
sched_arr_time,124,06:40 PM,06:40 pm
sched_arr_time,125,08:27 AM,08:27 am
sched_arr_time,126,01:40 PM,01:40 pm
sched_arr_time,127,09:20 PM,09:20 pm
sched_arr_time,128,04:53 PM,04:53 pm
sched_arr_time,129,07:03 PM,07:03 pm
sched_arr_time,130,11:45 AM,11:45 am
sched_arr_time,131,04:05 PM,04:05 pm
sched_arr_time,132,05:55 PM,05:55 pm
sched_arr_time,133,11:35 AM,11:35 am
sched_arr_time,134,02:15 PM,02:15 pm
sched_arr_time,135,11:05 AM,11:05 am
sched_arr_time,136,11:53 AM,11:53 am
sched_arr_time,137,02:35 PM,02:35 pm
sched_arr_time,138,10:40 AM,10:40 am
sched_arr_time,139,06:30 PM,06:30 pm
sched_arr_time,140,08:00 AM,08:00 am
sched_arr_time,141,06:40 PM,06:40 pm
sched_arr_time,142,02:25 PM,02:25 pm
sched_arr_time,143,04:49 PM,04:49 pm
sched_arr_time,144,06:17 PM,06:17 pm
sched_arr_time,145,12:55 PM,12:55 pm
sched_arr_time,146,07:45 AM,07:45 am
sched_arr_time,147,07:05 PM,07:05 pm
sched_arr_time,148,06:40 AM,06:40 am
sched_arr_time,149,10:45 AM,10:45 am
sched_arr_time,150,03:30 PM,03:30 pm
sched_arr_time,151,09:40 AM,09:40 am
sched_arr_time,152,10:15 PM,10:15 pm
sched_arr_time,153,09:25 AM,09:25 am
sched_arr_time,154,11:55 AM,11:55 am
sched_arr_time,155,09:54 AM,09:54 am
sched_arr_time,156,10:30 PM,10:30 pm
sched_arr_time,157,03:15 PM,03:15 pm
sched_arr_time,158,05:05 PM,05:05 pm
sched_arr_time,159,02:50 PM,02:50 pm
sched_arr_time,160,11:19 AM,11:19 am
sched_arr_time,161,06:55 AM,6:55 am dec 02
sched_arr_time,162,07:23 AM,07:23 am
sched_arr_time,163,05:35 AM,05:35 am
sched_arr_time,164,06:46 PM,06:46 pm
sched_arr_time,165,09:21 AM,09:21 am
sched_arr_time,166,01:16 PM,01:16 pm
sched_arr_time,167,12:35 PM,12:35 pm
sched_arr_time,168,10:06 AM,10:06 am
sched_arr_time,169,09:55 AM,09:55 am
sched_arr_time,170,07:55 PM,07:55 pm
sched_arr_time,171,02:20 PM,02:20 pm
sched_arr_time,172,07:03 PM,07:03 pm
sched_arr_time,173,11:35 AM,11:35 am
sched_arr_time,174,05:00 PM,05:00 pm
sched_arr_time,175,03:50 PM,03:50 pm
sched_arr_time,176,01:17 PM,01:17 pm
sched_arr_time,177,09:20 AM,09:20 am
sched_arr_time,178,04:57 PM,04:57 pm
sched_arr_time,179,10:20 AM,10:20 am
sched_arr_time,180,10:54 AM,10:54 am
sched_arr_time,181,12:10 PM,12:10 pm
sched_arr_time,182,02:35 PM,02:35 pm
sched_arr_time,183,01:39 PM,12:35 pm
sched_arr_time,184,03:19 PM,02:48 pm
sched_arr_time,185,02:00 PM,02:00 pm
sched_arr_time,186,06:15 PM,06:15 pm
sched_arr_time,187,01:45 PM,01:45 pm
sched_arr_time,188,08:22 PM,08:05 pm
sched_arr_time,189,08:56 PM,08:56 pm
sched_arr_time,190,02:45 PM,02:45 pm
sched_arr_time,191,05:15 PM,04:52 pm
sched_arr_time,192,04:00 PM,04:00 pm
sched_arr_time,193,10:35 AM,10:35 am
sched_arr_time,194,07:25 PM,07:25 pm
sched_arr_time,195,09:10 PM,09:10 pm
sched_arr_time,196,12:21 AM,12:21 am dec 02
sched_arr_time,197,07:53 PM,07:53 pm
sched_arr_time,198,12:18 PM,12:18 pm
sched_arr_time,199,07:30 AM,07:30 am
sched_arr_time,200,09:35 AM,09:35 am
sched_arr_time,201,08:05 PM,08:05 pm
sched_arr_time,202,06:23 PM,06:23 pm
sched_arr_time,203,07:35 PM,07:35 pm
sched_arr_time,204,09:45 PM,09:45 pm
sched_arr_time,205,06:44 PM,06:44 pm
sched_arr_time,206,10:31 AM,10:31 am
sched_arr_time,207,02:59 PM,02:59 pm
sched_arr_time,208,04:31 PM,04:31 pm
sched_arr_time,209,02:45 PM,02:45 pm
sched_arr_time,210,04:17 PM,03:55 pm
sched_arr_time,211,05:50 AM,5:50 amdec 02
sched_arr_time,212,12:29 AM,12:29 am dec 02
sched_arr_time,213,12:15 AM,12:15 am dec 02
sched_arr_time,214,11:50 PM,11:50 pm
sched_arr_time,215,10:34 AM,10:34 am
sched_arr_time,216,11:50 AM,11:50 am
sched_arr_time,217,09:24 AM,09:24 am
sched_arr_time,218,03:50 PM,03:50 pm
sched_arr_time,219,04:48 PM,04:48 pm
sched_arr_time,220,09:43 AM,09:43 am
sched_arr_time,221,05:11 AM,5:11 amdec 02
sched_arr_time,222,06:40 PM,06:09 pm
sched_arr_time,223,08:27 AM,08:27 am
sched_arr_time,224,01:40 PM,01:40 pm
sched_arr_time,225,09:20 PM,09:20 pm
sched_arr_time,226,04:53 PM,04:53 pm
sched_arr_time,227,07:03 PM,07:03 pm
sched_arr_time,228,11:45 AM,11:45 am
sched_arr_time,229,04:05 PM,04:05 pm
sched_arr_time,230,05:55 PM,05:55 pm
sched_arr_time,231,11:35 AM,11:35 am
sched_arr_time,232,02:15 PM,02:15 pm
sched_arr_time,233,11:05 AM,11:05 am
sched_arr_time,234,11:53 AM,11:53 am
sched_arr_time,235,02:35 PM,02:35 pm
sched_arr_time,236,10:40 AM,10:40 am
sched_arr_time,237,06:30 PM,06:30 pm
sched_arr_time,238,08:00 AM,08:00 am
sched_arr_time,239,05:25 PM,05:25 pm
sched_arr_time,240,06:40 PM,06:40 pm
sched_arr_time,241,02:25 PM,02:25 pm
sched_arr_time,242,11:10 AM,11:10 am
sched_arr_time,243,04:49 PM,04:49 pm
sched_arr_time,244,06:17 PM,06:17 pm
sched_arr_time,245,12:55 PM,12:55 pm
sched_arr_time,246,07:45 AM,07:45 am
sched_arr_time,247,07:05 PM,07:05 pm
sched_arr_time,248,06:40 AM,06:40 am
sched_arr_time,249,10:45 AM,10:45 am
sched_arr_time,250,03:30 PM,03:30 pm
sched_arr_time,251,09:40 AM,09:40 am
sched_arr_time,252,09:25 AM,09:25 am
sched_arr_time,253,11:55 AM,11:55 am
sched_arr_time,254,09:54 AM,09:54 am
sched_arr_time,255,10:30 PM,10:30 pm
sched_arr_time,256,07:25 PM,07:25 pm
sched_arr_time,257,05:05 PM,05:05 pm
sched_arr_time,258,02:50 PM,02:50 pm
sched_arr_time,259,05:25 PM,05:25 pm
sched_arr_time,260,11:19 AM,11:19 am
sched_arr_time,261,06:55 AM,06:55 am
sched_arr_time,262,07:23 AM,07:23 am
sched_arr_time,263,02:45 PM,02:45 pm
sched_arr_time,264,06:46 PM,06:46 pm
sched_arr_time,265,01:16 PM,01:16 pm
sched_arr_time,266,09:55 AM,09:55 am
sched_arr_time,267,10:06 AM,10:06 am
sched_arr_time,268,07:55 PM,07:55 pm
sched_arr_time,269,07:03 PM,07:03 pm
sched_arr_time,270,03:50 PM,03:50 pm
sched_arr_time,271,09:20 AM,09:20 am
sched_arr_time,272,04:57 PM,04:57 pm
sched_arr_time,273,10:20 AM,10:20 am
sched_arr_time,274,10:54 AM,10:54 am
sched_arr_time,275,02:20 PM,02:20 pm
sched_arr_time,276,12:10 PM,12:10 pm
sched_arr_time,277,08:00 AM,08:00 am
sched_arr_time,278,02:35 PM,02:35 pm
sched_arr_time,279,05:35 AM,05:35 am
sched_arr_time,280,12:35 PM,12:35 pm
sched_arr_time,281,02:00 PM,02:00 pm
sched_arr_time,282,01:45 PM,01:45 pm
sched_arr_time,283,11:10 AM,11:10 am
sched_arr_time,284,02:25 PM,02:25 pm
sched_arr_time,285,02:45 PM,02:45 pm
sched_arr_time,286,10:35 AM,10:35 am
sched_arr_time,287,11:35 AM,11:35 am
sched_arr_time,288,09:10 PM,09:10 pm
sched_arr_time,289,03:15 PM,03:15 pm
sched_arr_time,290,12:21 AM,12:21 am
sched_arr_time,291,07:53 PM,07:53 pm
sched_arr_time,292,12:18 PM,12:18 pm
sched_arr_time,293,07:30 AM,07:30 am
sched_arr_time,294,09:35 AM,09:35 am
sched_arr_time,295,06:23 PM,06:23 pm
sched_arr_time,296,07:35 PM,07:35 pm
sched_arr_time,297,09:45 PM,09:45 pm
sched_arr_time,298,06:44 PM,06:44 pm
sched_arr_time,299,10:31 AM,10:31 am
sched_arr_time,300,02:59 PM,02:59 pm
sched_arr_time,301,04:31 PM,04:31 pm
sched_arr_time,302,05:50 AM,05:50 am
sched_arr_time,303,12:29 AM,12:29 am
sched_arr_time,304,12:15 AM,12:15 am
sched_arr_time,305,11:50 PM,11:50 pm
sched_arr_time,306,10:34 AM,10:34 am
sched_arr_time,307,11:50 AM,11:50 am
sched_arr_time,308,06:15 PM,06:15 pm
sched_arr_time,309,09:24 AM,09:24 am
sched_arr_time,310,03:50 PM,03:50 pm
sched_arr_time,311,04:48 PM,04:48 pm
sched_arr_time,312,09:43 AM,09:43 am
sched_arr_time,313,08:27 AM,08:27 am
sched_arr_time,314,01:40 PM,01:40 pm
sched_arr_time,315,09:20 PM,09:20 pm
sched_arr_time,316,04:53 PM,04:53 pm
sched_arr_time,317,07:03 PM,07:03 pm
sched_arr_time,318,04:05 PM,04:05 pm
sched_arr_time,319,05:55 PM,05:55 pm
sched_arr_time,320,11:35 AM,11:35 am
sched_arr_time,321,05:00 PM,05:00 pm
sched_arr_time,322,02:15 PM,02:15 pm
sched_arr_time,323,11:05 AM,11:05 am
sched_arr_time,324,11:53 AM,11:53 am
sched_arr_time,325,02:35 PM,02:35 pm
sched_arr_time,326,01:39 PM,01:39 pm
sched_arr_time,327,10:40 AM,10:40 am
sched_arr_time,328,06:30 PM,06:30 pm
sched_arr_time,329,06:40 PM,06:40 pm
sched_arr_time,330,04:49 PM,04:49 pm
sched_arr_time,331,06:17 PM,06:17 pm
sched_arr_time,332,12:55 PM,12:55 pm
sched_arr_time,333,07:45 AM,07:45 am
sched_arr_time,334,07:05 PM,07:05 pm
sched_arr_time,335,06:40 AM,06:40 am
sched_arr_time,336,10:45 AM,10:45 am
sched_arr_time,337,03:30 PM,03:30 pm
sched_arr_time,338,09:40 AM,09:40 am
sched_arr_time,339,10:15 PM,10:15 pm
sched_arr_time,340,09:25 AM,09:25 am
sched_arr_time,341,11:55 AM,11:55 am
sched_arr_time,342,09:54 AM,09:54 am
sched_arr_time,343,10:30 PM,10:30 pm
sched_arr_time,344,05:05 PM,05:05 pm
sched_arr_time,345,02:50 PM,02:50 pm
sched_arr_time,346,05:25 PM,05:25 pm
sched_arr_time,347,11:19 AM,11:19 am
sched_arr_time,348,06:55 AM,6:55 am dec 02
sched_arr_time,349,07:23 AM,07:23 am
sched_arr_time,350,05:35 AM,05:35 am
sched_arr_time,351,06:46 PM,06:46 pm
sched_arr_time,352,09:21 AM,09:21 am
sched_arr_time,353,01:16 PM,01:16 pm
sched_arr_time,354,12:35 PM,12:35 pm
sched_arr_time,355,10:06 AM,10:06 am
sched_arr_time,356,09:55 AM,09:55 am
sched_arr_time,357,07:55 PM,07:55 pm
sched_arr_time,358,02:20 PM,02:20 pm
sched_arr_time,359,07:03 PM,07:03 pm
sched_arr_time,360,11:35 AM,11:35 am
sched_arr_time,361,05:00 PM,05:00 pm
sched_arr_time,362,03:50 PM,03:50 pm
sched_arr_time,363,01:17 PM,01:17 pm
sched_arr_time,364,09:20 AM,09:20 am
sched_arr_time,365,04:57 PM,04:57 pm
sched_arr_time,366,10:20 AM,10:20 am
sched_arr_time,367,10:54 AM,10:54 am
sched_arr_time,368,12:10 PM,12:10 pm
sched_arr_time,369,02:35 PM,02:35 pm
sched_arr_time,370,01:39 PM,01:39 pm
sched_arr_time,371,03:19 PM,03:19 pm
sched_arr_time,372,02:00 PM,02:00 pm
sched_arr_time,373,06:15 PM,06:15 pm
sched_arr_time,374,01:45 PM,01:45 pm
sched_arr_time,375,08:22 PM,08:22 pm
sched_arr_time,376,08:56 PM,08:56 pm
sched_arr_time,377,02:45 PM,02:45 pm
sched_arr_time,378,05:15 PM,05:15 pm
sched_arr_time,379,04:00 PM,04:00 pm
sched_arr_time,380,10:35 AM,10:35 am
sched_arr_time,381,07:25 PM,07:25 pm
sched_arr_time,382,09:10 PM,09:10 pm
sched_arr_time,383,03:15 PM,03:15 pm
sched_arr_time,384,12:21 AM,12/2/11 12:21 am
sched_arr_time,385,07:53 PM,07:53 pm
sched_arr_time,386,12:18 PM,12:18 pm
sched_arr_time,387,07:30 AM,07:30 am
sched_arr_time,388,09:35 AM,09:35 am
sched_arr_time,389,08:05 PM,07:38 pm
sched_arr_time,390,11:10 AM,11:10 am
sched_arr_time,391,06:23 PM,06:23 pm
sched_arr_time,392,07:35 PM,07:35 pm
sched_arr_time,393,09:45 PM,09:45 pm
sched_arr_time,394,06:44 PM,06:44 pm
sched_arr_time,395,10:31 AM,10:31 am
sched_arr_time,396,02:59 PM,02:59 pm
sched_arr_time,397,04:31 PM,04:31 pm
sched_arr_time,398,02:45 PM,02:45 pm
sched_arr_time,399,04:17 PM,04:17 pm
sched_arr_time,400,05:50 AM,05:50 am
sched_arr_time,401,12:29 AM,12:29 am
sched_arr_time,402,12:15 AM,12:15 am
sched_arr_time,403,11:50 PM,11:50 pm
sched_arr_time,404,10:34 AM,10:34 am
sched_arr_time,405,11:50 AM,11:50 am
sched_arr_time,406,09:24 AM,09:24 am
sched_arr_time,407,03:50 PM,03:50 pm
sched_arr_time,408,04:48 PM,04:48 pm
sched_arr_time,409,09:43 AM,09:43 am
sched_arr_time,410,05:11 AM,12/2/11 5:11 am
sched_arr_time,411,06:40 PM,06:40 pm
sched_arr_time,412,08:27 AM,08:27 am
sched_arr_time,413,01:40 PM,01:40 pm
sched_arr_time,414,09:20 PM,09:20 pm
sched_arr_time,415,04:53 PM,04:53 pm
sched_arr_time,416,07:03 PM,07:03 pm
sched_arr_time,417,11:45 AM,11:45 am
sched_arr_time,418,04:05 PM,04:05 pm
sched_arr_time,419,05:55 PM,05:55 pm
sched_arr_time,420,11:35 AM,11:35 am
sched_arr_time,421,02:15 PM,02:15 pm
sched_arr_time,422,11:05 AM,11:05 am
sched_arr_time,423,11:53 AM,11:53 am
sched_arr_time,424,02:35 PM,02:35 pm
sched_arr_time,425,10:40 AM,10:40 am
sched_arr_time,426,06:30 PM,06:30 pm
sched_arr_time,427,08:00 AM,08:00 am
sched_arr_time,428,06:40 PM,06:40 pm
sched_arr_time,429,02:25 PM,02:25 pm
sched_arr_time,430,04:49 PM,04:49 pm
sched_arr_time,431,06:17 PM,06:17 pm
sched_arr_time,432,12:55 PM,12:55 pm
sched_arr_time,433,07:45 AM,07:45 am
sched_arr_time,434,07:05 PM,07:05 pm
sched_arr_time,435,06:40 AM,06:40 am
sched_arr_time,436,10:45 AM,10:45 am
sched_arr_time,437,03:30 PM,03:30 pm
sched_arr_time,438,09:40 AM,09:40 am
sched_arr_time,439,10:15 PM,10:15 pm
sched_arr_time,440,09:25 AM,09:25 am
sched_arr_time,441,11:55 AM,11:55 am
sched_arr_time,442,09:54 AM,09:54 am
sched_arr_time,443,10:30 PM,10:30 pm
sched_arr_time,444,03:15 PM,03:15 pm
sched_arr_time,445,05:05 PM,05:05 pm
sched_arr_time,446,02:50 PM,02:50 pm
sched_arr_time,447,11:19 AM,11:19 am
sched_arr_time,448,06:55 AM,6:55 am dec 02
sched_arr_time,449,07:23 AM,07:23 am
sched_arr_time,450,05:35 AM,05:35 am
sched_arr_time,451,06:46 PM,06:46 pm
sched_arr_time,452,09:21 AM,09:21 am
sched_arr_time,453,01:16 PM,01:16 pm
sched_arr_time,454,12:35 PM,12:35 pm
sched_arr_time,455,10:06 AM,10:06 am
sched_arr_time,456,09:55 AM,09:55 am
sched_arr_time,457,07:55 PM,07:55 pm
sched_arr_time,458,02:20 PM,02:20 pm
sched_arr_time,459,07:03 PM,07:03 pm
sched_arr_time,460,11:35 AM,11:35 am
sched_arr_time,461,05:00 PM,05:00 pm
sched_arr_time,462,03:50 PM,03:50 pm
sched_arr_time,463,01:17 PM,01:17 pm
sched_arr_time,464,09:20 AM,09:20 am
sched_arr_time,465,04:57 PM,04:57 pm
sched_arr_time,466,10:20 AM,10:20 am
sched_arr_time,467,10:54 AM,10:54 am
sched_arr_time,468,12:10 PM,12:10 pm
sched_arr_time,469,02:35 PM,02:35 pm
sched_arr_time,470,01:39 PM,01:39 pm
sched_arr_time,471,03:19 PM,03:19 pm
sched_arr_time,472,02:00 PM,02:00 pm
sched_arr_time,473,06:15 PM,06:15 pm
sched_arr_time,474,01:45 PM,01:45 pm
sched_arr_time,475,08:22 PM,08:22 pm
sched_arr_time,476,08:56 PM,08:56 pm
sched_arr_time,477,02:45 PM,02:45 pm
sched_arr_time,478,05:15 PM,05:15 pm
sched_arr_time,479,04:00 PM,04:00 pm
sched_arr_time,480,10:35 AM,10:35 am
sched_arr_time,481,07:25 PM,07:25 pm
sched_arr_time,482,09:10 PM,09:10 pm
sched_arr_time,483,12:21 AM,12:21 am dec 02
sched_arr_time,484,07:53 PM,07:53 pm
sched_arr_time,485,12:18 PM,12:18 pm
sched_arr_time,486,07:30 AM,07:30 am
sched_arr_time,487,09:35 AM,09:35 am
sched_arr_time,488,08:05 PM,08:05 pm
sched_arr_time,489,06:23 PM,06:23 pm
sched_arr_time,490,07:35 PM,07:35 pm
sched_arr_time,491,09:45 PM,09:45 pm
sched_arr_time,492,06:44 PM,06:44 pm
sched_arr_time,493,10:31 AM,10:31 am
sched_arr_time,494,02:59 PM,02:59 pm
sched_arr_time,495,04:31 PM,04:31 pm
sched_arr_time,496,02:45 PM,02:45 pm
sched_arr_time,497,04:17 PM,04:17 pm
sched_arr_time,498,05:50 AM,5:50 am dec 02
sched_arr_time,499,12:29 AM,12:29 am dec 02
sched_arr_time,500,12:15 AM,12:15 am dec 02
sched_arr_time,501,11:50 PM,11:50 pm
sched_arr_time,502,10:34 AM,10:34 am
sched_arr_time,503,11:50 AM,11:50 am
sched_arr_time,504,09:24 AM,09:24 am
sched_arr_time,505,03:50 PM,03:50 pm
sched_arr_time,506,04:48 PM,04:48 pm
sched_arr_time,507,09:43 AM,09:43 am
sched_arr_time,508,05:11 AM,5:11 amdec 02
sched_arr_time,509,06:40 PM,06:40 pm
sched_arr_time,510,08:27 AM,08:27 am
sched_arr_time,511,01:40 PM,01:40 pm
sched_arr_time,512,09:20 PM,09:20 pm
sched_arr_time,513,04:53 PM,04:53 pm
sched_arr_time,514,07:03 PM,07:03 pm
sched_arr_time,515,11:45 AM,11:45 am
sched_arr_time,516,04:05 PM,04:05 pm
sched_arr_time,517,05:55 PM,05:55 pm
sched_arr_time,518,11:35 AM,11:35 am
sched_arr_time,519,02:15 PM,02:15 pm
sched_arr_time,520,11:05 AM,11:05 am
sched_arr_time,521,11:53 AM,11:53 am
sched_arr_time,522,02:35 PM,02:35 pm
sched_arr_time,523,10:40 AM,10:40 am
sched_arr_time,524,06:30 PM,06:30 pm
sched_arr_time,525,08:00 AM,08:00 am
sched_arr_time,526,05:25 PM,05:25 pm
sched_arr_time,527,06:40 PM,06:40 pm
sched_arr_time,528,02:25 PM,02:25 pm
sched_arr_time,529,11:10 AM,11:10 am
sched_arr_time,530,04:49 PM,04:49 pm
sched_arr_time,531,06:17 PM,06:17 pm
sched_arr_time,532,12:55 PM,12:55 pm
sched_arr_time,533,07:45 AM,07:45 am
sched_arr_time,534,07:05 PM,07:05 pm
sched_arr_time,535,06:40 AM,06:40 am
sched_arr_time,536,10:45 AM,10:45 am
sched_arr_time,537,03:30 PM,03:30 pm
sched_arr_time,538,09:40 AM,09:40 am
sched_arr_time,539,10:15 PM,10:15 pm
sched_arr_time,540,09:25 AM,09:25 am
sched_arr_time,541,11:55 AM,11:55 am
sched_arr_time,542,09:54 AM,09:54 am
sched_arr_time,543,10:30 PM,10:30 pm
sched_arr_time,544,02:00 PM,02:00 pm
sched_arr_time,545,07:25 PM,07:25 pm
sched_arr_time,546,05:05 PM,05:05 pm
sched_arr_time,547,02:50 PM,02:50 pm
sched_arr_time,548,06:55 AM,06:55 am
sched_arr_time,549,07:23 AM,07:23 am
sched_arr_time,550,05:35 AM,05:35 am
sched_arr_time,551,06:46 PM,06:46 pm
sched_arr_time,552,09:21 AM,09:21 am
sched_arr_time,553,01:16 PM,01:16 pm
sched_arr_time,554,09:55 AM,09:55 am
sched_arr_time,555,10:06 AM,10:06 am
sched_arr_time,556,07:55 PM,07:55 pm
sched_arr_time,557,12:35 PM,12:35 pm
sched_arr_time,558,07:03 PM,07:03 pm
sched_arr_time,559,08:22 PM,08:22 pm
sched_arr_time,560,03:50 PM,03:50 pm
sched_arr_time,561,01:17 PM,01:17 pm
sched_arr_time,562,09:20 AM,09:20 am
sched_arr_time,563,04:57 PM,04:57 pm
sched_arr_time,564,10:20 AM,10:20 am
sched_arr_time,565,10:54 AM,10:54 am
sched_arr_time,566,11:05 AM,11:05 am
sched_arr_time,567,12:10 PM,12:10 pm
sched_arr_time,568,08:00 AM,08:00 am
sched_arr_time,569,02:35 PM,02:35 pm
sched_arr_time,570,07:45 AM,07:45 am
sched_arr_time,571,02:45 PM,02:45 pm
sched_arr_time,572,03:19 PM,03:19 pm
sched_arr_time,573,01:45 PM,01:45 pm
sched_arr_time,574,08:56 PM,08:56 pm
sched_arr_time,575,02:25 PM,02:25 pm
sched_arr_time,576,02:45 PM,02:45 pm
sched_arr_time,577,05:15 PM,05:15 pm
sched_arr_time,578,04:00 PM,04:00 pm
sched_arr_time,579,10:35 AM,10:35 am
sched_arr_time,580,11:35 AM,11:35 am
sched_arr_time,581,09:10 PM,09:10 pm
sched_arr_time,582,03:15 PM,03:15 pm
sched_arr_time,583,12:21 AM,12:21 am
sched_arr_time,584,07:53 PM,07:53 pm
sched_arr_time,585,12:18 PM,12:18 pm
sched_arr_time,586,07:30 AM,07:30 am
sched_arr_time,587,09:35 AM,09:35 am
sched_arr_time,588,08:05 PM,08:05 pm
sched_arr_time,589,11:10 AM,11:10 am
sched_arr_time,590,06:23 PM,06:23 pm
sched_arr_time,591,07:35 PM,07:35 pm
sched_arr_time,592,09:45 PM,09:45 pm
sched_arr_time,593,06:44 PM,06:44 pm
sched_arr_time,594,10:31 AM,10:31 am
sched_arr_time,595,02:59 PM,02:59 pm
sched_arr_time,596,04:31 PM,04:31 pm
sched_arr_time,597,04:17 PM,04:17 pm
sched_arr_time,598,05:50 AM,05:50 am
sched_arr_time,599,12:29 AM,12:29 am
sched_arr_time,600,12:15 AM,12:15 am
sched_arr_time,601,11:50 PM,11:50 pm
sched_arr_time,602,05:00 PM,05:00 pm
sched_arr_time,603,10:34 AM,10:34 am
sched_arr_time,604,11:50 AM,11:50 am
sched_arr_time,605,06:15 PM,06:15 pm
sched_arr_time,606,09:24 AM,09:24 am
sched_arr_time,607,04:48 PM,04:48 pm
sched_arr_time,608,05:11 AM,05:11 am
sched_arr_time,609,06:40 PM,06:40 pm
sched_arr_time,610,01:40 PM,01:40 pm
sched_arr_time,611,09:20 PM,09:20 pm
sched_arr_time,612,04:53 PM,04:53 pm
sched_arr_time,613,07:03 PM,07:03 pm
sched_arr_time,614,04:05 PM,04:05 pm
sched_arr_time,615,05:55 PM,05:55 pm
sched_arr_time,616,11:35 AM,11:35 am
sched_arr_time,617,02:15 PM,02:15 pm
sched_arr_time,618,02:35 PM,02:35 pm
sched_arr_time,619,01:39 PM,01:39 pm
sched_arr_time,620,10:40 AM,10:40 am
sched_arr_time,621,06:30 PM,06:30 pm
sched_arr_time,622,06:40 PM,06:40 pm
sched_arr_time,623,03:30 PM,03:30 pm
sched_arr_time,624,04:49 PM,04:49 pm
sched_arr_time,625,06:17 PM,06:17 pm
sched_arr_time,626,12:55 PM,12:55 pm
sched_arr_time,627,07:05 PM,07:05 pm
sched_arr_time,628,06:40 AM,06:40 am
sched_arr_time,629,10:45 AM,10:45 am
sched_arr_time,630,09:40 AM,09:40 am
sched_arr_time,631,10:15 PM,10:15 pm
sched_arr_time,632,09:25 AM,09:25 am
sched_arr_time,633,11:55 AM,11:55 am
sched_arr_time,634,09:54 AM,09:54 am
sched_arr_time,635,10:30 PM,10:30 pm
sched_arr_time,636,03:15 PM,03:15 pm
sched_arr_time,637,05:05 PM,05:05 pm
sched_arr_time,638,02:50 PM,02:50 pm
sched_arr_time,639,11:19 AM,11:19 am
sched_arr_time,640,06:55 AM,6:55 am dec 02
sched_arr_time,641,07:23 AM,07:23 am
sched_arr_time,642,05:35 AM,05:35 am
sched_arr_time,643,06:46 PM,06:46 pm
sched_arr_time,644,09:21 AM,09:21 am
sched_arr_time,645,01:16 PM,01:16 pm
sched_arr_time,646,12:35 PM,12:35 pm
sched_arr_time,647,10:06 AM,10:06 am
sched_arr_time,648,09:55 AM,09:55 am
sched_arr_time,649,07:55 PM,07:55 pm
sched_arr_time,650,02:20 PM,02:20 pm
sched_arr_time,651,07:03 PM,07:03 pm
sched_arr_time,652,11:35 AM,11:35 am
sched_arr_time,653,05:00 PM,05:00 pm
sched_arr_time,654,03:50 PM,03:50 pm
sched_arr_time,655,01:17 PM,01:17 pm
sched_arr_time,656,09:20 AM,09:20 am
sched_arr_time,657,04:57 PM,04:57 pm
sched_arr_time,658,10:20 AM,10:20 am
sched_arr_time,659,10:54 AM,10:54 am
sched_arr_time,660,12:10 PM,12:10 pm
sched_arr_time,661,02:35 PM,02:35 pm
sched_arr_time,662,01:39 PM,01:39 pm
sched_arr_time,663,03:19 PM,03:19 pm
sched_arr_time,664,02:00 PM,02:00 pm
sched_arr_time,665,06:15 PM,06:15 pm
sched_arr_time,666,01:45 PM,01:45 pm
sched_arr_time,667,08:22 PM,08:22 pm
sched_arr_time,668,08:56 PM,08:56 pm
sched_arr_time,669,02:45 PM,02:45 pm
sched_arr_time,670,05:15 PM,05:15 pm
sched_arr_time,671,04:00 PM,04:00 pm
sched_arr_time,672,10:35 AM,10:35 am
sched_arr_time,673,07:25 PM,07:25 pm
sched_arr_time,674,09:10 PM,09:10 pm
sched_arr_time,675,12:21 AM,12:21 am dec 02
sched_arr_time,676,07:53 PM,07:53 pm
sched_arr_time,677,12:18 PM,12:18 pm
sched_arr_time,678,07:30 AM,07:30 am
sched_arr_time,679,09:35 AM,09:35 am
sched_arr_time,680,08:05 PM,08:05 pm
sched_arr_time,681,06:23 PM,06:23 pm
sched_arr_time,682,07:35 PM,07:35 pm
sched_arr_time,683,09:45 PM,09:45 pm
sched_arr_time,684,06:44 PM,06:44 pm
sched_arr_time,685,10:31 AM,10:31 am
sched_arr_time,686,02:59 PM,02:59 pm
sched_arr_time,687,04:31 PM,04:31 pm
sched_arr_time,688,02:45 PM,02:45 pm
sched_arr_time,689,04:17 PM,04:17 pm
sched_arr_time,690,05:50 AM,5:50 am dec 02
sched_arr_time,691,12:29 AM,12:29 am dec 02
sched_arr_time,692,12:15 AM,12:15 am dec 02
sched_arr_time,693,11:50 PM,11:50 pm
sched_arr_time,694,10:34 AM,10:34 am
sched_arr_time,695,11:50 AM,11:50 am
sched_arr_time,696,09:24 AM,09:24 am
sched_arr_time,697,03:50 PM,03:50 pm
sched_arr_time,698,04:48 PM,04:48 pm
sched_arr_time,699,09:43 AM,09:43 am
sched_arr_time,700,05:11 AM,5:11 amdec 02
sched_arr_time,701,06:40 PM,06:40 pm
sched_arr_time,702,08:27 AM,08:27 am
sched_arr_time,703,01:40 PM,01:40 pm
sched_arr_time,704,09:20 PM,09:20 pm
sched_arr_time,705,04:53 PM,04:53 pm
sched_arr_time,706,07:03 PM,07:03 pm
sched_arr_time,707,11:45 AM,11:45 am
sched_arr_time,708,04:05 PM,04:05 pm
sched_arr_time,709,05:55 PM,05:55 pm
sched_arr_time,710,11:35 AM,11:35 am
sched_arr_time,711,02:15 PM,02:15 pm
sched_arr_time,712,11:05 AM,11:05 am
sched_arr_time,713,11:53 AM,11:53 am
sched_arr_time,714,02:35 PM,02:35 pm
sched_arr_time,715,10:40 AM,10:40 am
sched_arr_time,716,06:30 PM,06:30 pm
sched_arr_time,717,08:00 AM,08:00 am
sched_arr_time,718,05:25 PM,05:25 pm
sched_arr_time,719,06:40 PM,06:40 pm
sched_arr_time,720,02:25 PM,02:25 pm
sched_arr_time,721,11:10 AM,11:10 am
sched_arr_time,722,04:49 PM,04:49 pm
sched_arr_time,723,06:17 PM,06:17 pm
sched_arr_time,724,12:55 PM,12:55 pm
sched_arr_time,725,07:45 AM,07:45 am
sched_arr_time,726,07:05 PM,07:05 pm
sched_arr_time,727,06:40 AM,06:40 am
sched_arr_time,728,10:45 AM,10:45 am
sched_arr_time,729,03:30 PM,03:30 pm
sched_arr_time,730,09:40 AM,09:40 am
sched_arr_time,731,10:30 PM,10:30 pm
sched_arr_time,732,10:15 PM,10:15 pm
sched_arr_time,733,11:55 AM,11:55 am
sched_arr_time,734,09:54 AM,09:54 am
sched_arr_time,735,07:25 PM,07:25 pm
sched_arr_time,736,05:25 PM,05:25 pm
sched_arr_time,737,11:19 AM,11:19 am
sched_arr_time,738,06:55 AM,12/2/2011 6:55 am
sched_arr_time,739,07:23 AM,07:23 am
sched_arr_time,740,05:35 AM,05:35 am
sched_arr_time,741,02:45 PM,02:45 pm
sched_arr_time,742,09:55 AM,09:55 am
sched_arr_time,743,07:55 PM,07:55 pm
sched_arr_time,744,12:35 PM,12:35 pm
sched_arr_time,745,03:50 PM,03:50 pm
sched_arr_time,746,01:17 PM,01:17 pm
sched_arr_time,747,09:20 AM,09:20 am
sched_arr_time,748,11:05 AM,11:05 am
sched_arr_time,749,12:10 PM,12:10 pm
sched_arr_time,750,08:00 AM,08:00 am
sched_arr_time,751,02:35 PM,02:35 pm
sched_arr_time,752,03:19 PM,02:48 pm
sched_arr_time,753,02:00 PM,02:00 pm
sched_arr_time,754,06:15 PM,06:15 pm
sched_arr_time,755,02:25 PM,02:25 pm
sched_arr_time,756,02:45 PM,02:45 pm
sched_arr_time,757,05:15 PM,04:52 pm
sched_arr_time,758,04:00 PM,04:00 pm
sched_arr_time,759,10:35 AM,10:35 am
sched_arr_time,760,09:10 PM,09:10 pm
sched_arr_time,761,03:15 PM,03:15 pm
sched_arr_time,762,12:18 PM,12:18 pm
sched_arr_time,763,07:30 AM,07:30 am
sched_arr_time,764,09:35 AM,09:35 am
sched_arr_time,765,08:05 PM,07:38 pm
sched_arr_time,766,11:10 AM,11:10 am
sched_arr_time,767,07:35 PM,12:09 am
sched_arr_time,768,09:45 PM,09:45 pm
sched_arr_time,769,02:20 PM,02:20 pm
sched_arr_time,770,04:31 PM,04:31 pm
sched_arr_time,771,04:17 PM,04:17 pm
sched_arr_time,772,05:50 AM,12/2/2011 5:50 am
sched_arr_time,773,12:15 AM,12/2/2011 12:15 am
sched_arr_time,774,11:50 PM,11:50 pm
sched_arr_time,775,10:34 AM,10:34 am
sched_arr_time,776,11:50 AM,11:50 am
sched_arr_time,777,09:24 AM,09:24 am
sched_arr_time,778,03:50 PM,03:50 pm
sched_arr_time,779,05:11 AM,05:11 am
sched_arr_time,780,06:40 PM,06:40 pm
sched_arr_time,781,11:35 AM,11:35 am
sched_arr_time,782,04:05 PM,04:05 pm
sched_arr_time,783,11:35 AM,11:35 am
sched_arr_time,784,12:29 AM,12/2/2011 12:29 am
sched_arr_time,785,09:43 AM,09:43 am
sched_arr_time,786,02:15 PM,02:15 pm
sched_arr_time,787,02:35 PM,02:35 pm
sched_arr_time,788,03:30 PM,03:30 pm
sched_arr_time,789,12:55 PM,12:55 pm
sched_arr_time,790,07:45 AM,07:45 am
sched_arr_time,791,06:40 AM,06:40 am
sched_arr_time,792,10:45 AM,10:45 am
sched_arr_time,793,02:45 PM,2:45p 12-01-11
sched_arr_time,794,10:34 AM,10:34a 12-01-11
sched_arr_time,795,07:55 PM,7:55p 12-01-11
sched_arr_time,796,09:20 AM,9:20a 12-01-11
sched_arr_time,797,11:10 AM,11:10a 12-01-11
sched_arr_time,798,03:19 PM,03:03 pm
sched_arr_time,799,02:35 PM,02:35 pm
sched_arr_time,800,11:50 PM,11:50 pm
sched_arr_time,801,03:50 PM,03:50 pm
sched_arr_time,802,02:59 PM,02:59 pm
sched_arr_time,803,07:55 PM,07:55 pm
sched_arr_time,804,10:15 PM,thu  22:15
sched_arr_time,805,05:55 PM,thu  17:55
sched_arr_time,806,07:25 PM,thu  19:25
sched_arr_time,807,07:45 AM,thu  7:45
sched_arr_time,808,06:55 AM,thu  6:55
sched_arr_time,809,09:45 PM,09:45 pm
sched_arr_time,810,10:35 AM,thu  10:35
sched_arr_time,811,12:18 PM,thu  12:18
sched_arr_time,812,09:40 AM,09:40 am
sched_arr_time,813,10:15 PM,10:15 pm
sched_arr_time,814,09:25 AM,09:25 am
sched_arr_time,815,11:55 AM,11:55 am
sched_arr_time,816,09:54 AM,09:54 am
sched_arr_time,817,10:30 PM,10:30 pm
sched_arr_time,818,03:15 PM,03:15 pm
sched_arr_time,819,05:05 PM,05:05 pm
sched_arr_time,820,02:50 PM,02:50 pm
sched_arr_time,821,11:19 AM,11:19 am
sched_arr_time,822,06:55 AM,6:55 am  fri 02-dec-2011
sched_arr_time,823,07:23 AM,07:23 am
sched_arr_time,824,05:35 AM,05:35 am
sched_arr_time,825,06:46 PM,06:46 pm
sched_arr_time,826,09:21 AM,09:21 am
sched_arr_time,827,01:16 PM,01:16 pm
sched_arr_time,828,12:35 PM,12:35 pm
sched_arr_time,829,10:06 AM,10:06 am
sched_arr_time,830,09:55 AM,09:55 am
sched_arr_time,831,07:55 PM,07:55 pm
sched_arr_time,832,02:20 PM,02:20 pm
sched_arr_time,833,07:03 PM,07:03 pm
sched_arr_time,834,11:35 AM,11:35 am
sched_arr_time,835,05:00 PM,05:00 pm
sched_arr_time,836,03:50 PM,03:50 pm
sched_arr_time,837,01:17 PM,01:17 pm
sched_arr_time,838,09:20 AM,09:20 am
sched_arr_time,839,04:57 PM,04:57 pm
sched_arr_time,840,10:20 AM,10:20 am
sched_arr_time,841,10:54 AM,10:54 am
sched_arr_time,842,12:10 PM,12:10 pm
sched_arr_time,843,02:35 PM,02:35 pm
sched_arr_time,844,01:39 PM,01:39 pm
sched_arr_time,845,03:19 PM,03:19 pm
sched_arr_time,846,02:00 PM,02:00 pm
sched_arr_time,847,06:15 PM,06:15 pm
sched_arr_time,848,01:45 PM,01:45 pm
sched_arr_time,849,08:22 PM,08:22 pm
sched_arr_time,850,08:56 PM,08:56 pm
sched_arr_time,851,02:45 PM,02:45 pm
sched_arr_time,852,05:15 PM,05:15 pm
sched_arr_time,853,04:00 PM,04:00 pm
sched_arr_time,854,10:35 AM,10:35 am
sched_arr_time,855,07:25 PM,07:25 pm
sched_arr_time,856,09:10 PM,09:10 pm
sched_arr_time,857,12:21 AM,12:21 am  fri 02-dec-2011
sched_arr_time,858,07:53 PM,07:53 pm
sched_arr_time,859,12:18 PM,12:18 pm
sched_arr_time,860,07:30 AM,07:30 am
sched_arr_time,861,09:35 AM,09:35 am
sched_arr_time,862,08:05 PM,08:05 pm
sched_arr_time,863,06:23 PM,06:23 pm
sched_arr_time,864,07:35 PM,07:35 pm
sched_arr_time,865,09:45 PM,09:45 pm
sched_arr_time,866,06:44 PM,06:44 pm
sched_arr_time,867,10:31 AM,10:31 am
sched_arr_time,868,02:59 PM,02:59 pm
sched_arr_time,869,04:31 PM,04:31 pm
sched_arr_time,870,02:45 PM,02:45 pm
sched_arr_time,871,04:17 PM,04:17 pm
sched_arr_time,872,05:50 AM,5:50 am  fri 02-dec-2011
sched_arr_time,873,12:29 AM,12:29 am  fri 02-dec-2011
sched_arr_time,874,12:15 AM,12:15 am  fri 02-dec-2011
sched_arr_time,875,11:50 PM,11:50 pm
sched_arr_time,876,10:34 AM,10:34 am
sched_arr_time,877,11:50 AM,11:50 am
sched_arr_time,878,09:24 AM,09:24 am
sched_arr_time,879,03:50 PM,03:50 pm
sched_arr_time,880,04:48 PM,04:48 pm
sched_arr_time,881,09:43 AM,09:43 am
sched_arr_time,882,05:11 AM,05:11 am
sched_arr_time,883,06:40 PM,06:40 pm
sched_arr_time,884,08:27 AM,08:27 am
sched_arr_time,885,01:40 PM,01:40 pm
sched_arr_time,886,09:20 PM,09:20 pm
sched_arr_time,887,04:53 PM,04:53 pm
sched_arr_time,888,07:03 PM,07:03 pm
sched_arr_time,889,11:45 AM,11:45 am
sched_arr_time,890,04:05 PM,04:05 pm
sched_arr_time,891,05:55 PM,05:55 pm
sched_arr_time,892,11:35 AM,11:35 am
sched_arr_time,893,02:15 PM,02:15 pm
sched_arr_time,894,11:05 AM,11:05 am
sched_arr_time,895,11:53 AM,11:53 am
sched_arr_time,896,02:35 PM,02:35 pm
sched_arr_time,897,10:40 AM,10:40 am
sched_arr_time,898,06:30 PM,06:30 pm
sched_arr_time,899,08:00 AM,08:00 am
sched_arr_time,900,05:25 PM,05:25 pm
sched_arr_time,901,06:40 PM,06:40 pm
sched_arr_time,902,02:25 PM,02:25 pm
sched_arr_time,903,11:10 AM,11:10 am
sched_arr_time,904,04:49 PM,04:49 pm
sched_arr_time,905,06:17 PM,06:17 pm
sched_arr_time,906,12:55 PM,12:55 pm
sched_arr_time,907,07:45 AM,07:45 am
sched_arr_time,908,07:05 PM,07:05 pm
sched_arr_time,909,06:40 AM,06:40 am
sched_arr_time,910,10:45 AM,10:45 am
sched_arr_time,911,03:30 PM,03:30 pm
sched_arr_time,912,09:40 AM,09:40 am
sched_arr_time,913,07:25 PM,07:25 pm
sched_arr_time,914,09:54 AM,09:54 am
sched_arr_time,915,02:00 PM,02:00 pm
sched_arr_time,916,07:23 AM,07:23 am
sched_arr_time,917,05:35 AM,05:35 am
sched_arr_time,918,09:21 AM,09:21 am
sched_arr_time,919,01:16 PM,01:16 pm
sched_arr_time,920,09:55 AM,09:55 am
sched_arr_time,921,07:03 PM,07:03 pm
sched_arr_time,922,09:20 AM,09:20 am
sched_arr_time,923,12:10 PM,12:10 pm
sched_arr_time,924,02:35 PM,02:35 pm
sched_arr_time,925,07:45 AM,07:45 am
sched_arr_time,926,03:19 PM,02:48 pm
sched_arr_time,927,04:49 PM,04:49 pm
sched_arr_time,928,12:35 PM,12:35 pm
sched_arr_time,929,02:25 PM,02:25 pm
sched_arr_time,930,02:45 PM,02:45 pm
sched_arr_time,931,09:10 PM,09:10 pm
sched_arr_time,932,03:15 PM,03:15 pm
sched_arr_time,933,12:21 AM,12:21 am
sched_arr_time,934,12:18 PM,12:18 pm
sched_arr_time,935,06:23 PM,06:23 pm
sched_arr_time,936,07:35 PM,07:35 pm
sched_arr_time,937,09:45 PM,09:45 pm
sched_arr_time,938,06:44 PM,06:44 pm
sched_arr_time,939,10:31 AM,10:31 am
sched_arr_time,940,02:59 PM,02:59 pm
sched_arr_time,941,04:31 PM,04:31 pm
sched_arr_time,942,04:17 PM,04:17 pm
sched_arr_time,943,12:29 AM,12:29 am
sched_arr_time,944,11:50 PM,11:50 pm
sched_arr_time,945,11:50 AM,11:50 am
sched_arr_time,946,06:15 PM,06:15 pm
sched_arr_time,947,09:24 AM,09:24 am
sched_arr_time,948,05:11 AM,5:11 amdec 02
sched_arr_time,949,06:40 PM,06:09 pm
sched_arr_time,950,08:27 AM,08:27 am
sched_arr_time,951,01:40 PM,01:40 pm
sched_arr_time,952,09:20 PM,09:20 pm
sched_arr_time,953,11:45 AM,11:45 am
sched_arr_time,954,11:35 AM,11:35 am
sched_arr_time,955,11:35 AM,11:35 am
sched_arr_time,956,05:00 PM,05:00 pm
sched_arr_time,957,09:43 AM,09:43 am
sched_arr_time,958,02:15 PM,02:15 pm
sched_arr_time,959,11:05 AM,11:05 am
sched_arr_time,960,11:53 AM,11:53 am
sched_arr_time,961,01:39 PM,12:35 pm
sched_arr_time,962,06:30 PM,06:30 pm
sched_arr_time,963,05:25 PM,05:25 pm
sched_arr_time,964,06:40 PM,06:40 pm
sched_arr_time,965,10:54 AM,10:54 am
sched_arr_time,966,12:55 PM,12:55 pm
sched_arr_time,967,06:40 AM,06:40 am
sched_arr_time,968,10:45 AM,10:45 am
sched_arr_time,969,03:30 PM,03:30 pm
sched_arr_time,970,09:40 AM,09:30 am
sched_arr_time,971,07:30 AM,06:50 am
sched_arr_time,972,09:35 AM,09:00 am
sched_arr_time,973,07:25 PM,07:08 pm
sched_arr_time,974,11:10 AM,10:43 am
sched_arr_time,975,04:57 PM,04:37 pm
sched_arr_time,976,09:54 AM,09:34 am
sched_arr_time,977,04:31 PM,04:20 pm
sched_arr_time,978,02:35 PM,02:17 pm
sched_arr_time,979,11:50 PM,11:31 pm
sched_arr_time,980,12:21 AM,11:52 pm
sched_arr_time,981,08:22 PM,08:04 pm
sched_arr_time,982,06:40 PM,06:30 pm
sched_arr_time,983,08:56 PM,08:46 pm
sched_arr_time,984,10:35 AM,10:18 am
sched_arr_time,985,04:00 PM,03:50 pm
sched_arr_time,986,06:40 AM,06:30 am
sched_arr_time,987,10:45 AM,10:09 am
sched_arr_time,988,09:10 PM,09:00 pm
sched_arr_time,989,06:30 PM,05:57 pm
sched_arr_time,990,09:40 AM,09:40 am
sched_arr_time,991,09:25 AM,09:25 am
sched_arr_time,992,11:55 AM,not available
sched_arr_time,993,09:54 AM,not available
sched_arr_time,994,10:30 PM,10:30 pm
sched_arr_time,995,07:25 PM,07:25 pm
sched_arr_time,996,03:15 PM,03:15 pm
sched_arr_time,997,05:05 PM,05:05 pm
sched_arr_time,998,05:25 PM,05:25 pm
sched_arr_time,999,06:55 AM,dec 02 6:55 am
sched_arr_time,1000,07:23 AM,not available
sched_arr_time,1001,02:45 PM,02:45 pm
sched_arr_time,1002,06:46 PM,06:46 pm
sched_arr_time,1003,09:55 AM,09:55 am
sched_arr_time,1004,10:06 AM,not available
sched_arr_time,1005,07:55 PM,07:55 pm
sched_arr_time,1006,07:03 PM,07:03 pm
sched_arr_time,1007,03:50 PM,03:50 pm
sched_arr_time,1008,09:20 AM,09:20 am
sched_arr_time,1009,04:57 PM,04:57 pm
sched_arr_time,1010,10:20 AM,10:20 am
sched_arr_time,1011,10:54 AM,10:54 am
sched_arr_time,1012,02:20 PM,02:20 pm
sched_arr_time,1013,11:05 AM,11:05 am
sched_arr_time,1014,12:10 PM,12:10 pm
sched_arr_time,1015,08:00 AM,08:00 am
sched_arr_time,1016,02:35 PM,02:35 pm
sched_arr_time,1017,12:35 PM,12:35 pm
sched_arr_time,1018,02:00 PM,02:00 pm
sched_arr_time,1019,01:45 PM,01:45 pm
sched_arr_time,1020,11:10 AM,11:10 am
sched_arr_time,1021,02:25 PM,02:25 pm
sched_arr_time,1022,02:45 PM,02:45 pm
sched_arr_time,1023,10:35 AM,10:35 am
sched_arr_time,1024,11:35 AM,11:35 am
sched_arr_time,1025,09:10 PM,09:10 pm
sched_arr_time,1026,12:21 AM,dec 02 12:21 am
sched_arr_time,1027,07:53 PM,not available
sched_arr_time,1028,12:18 PM,12:18 pm
sched_arr_time,1029,07:30 AM,07:30 am
sched_arr_time,1030,09:35 AM,09:35 am
sched_arr_time,1031,06:23 PM,06:23 pm
sched_arr_time,1032,09:45 PM,09:45 pm
sched_arr_time,1033,10:31 AM,10:31 am
sched_arr_time,1034,02:59 PM,02:59 pm
sched_arr_time,1035,04:31 PM,not available
sched_arr_time,1036,05:50 AM,dec 02 5:50 am
sched_arr_time,1037,12:29 AM,12:29 am
sched_arr_time,1038,12:15 AM,dec 02 12:15 am
sched_arr_time,1039,11:50 PM,11:50 pm
sched_arr_time,1040,10:34 AM,10:34 am
sched_arr_time,1041,11:50 AM,11:50 am
sched_arr_time,1042,06:15 PM,not available
sched_arr_time,1043,09:24 AM,not available
sched_arr_time,1044,03:50 PM,03:50 pm
sched_arr_time,1045,04:48 PM,04:48 pm
sched_arr_time,1046,09:43 AM,not available
sched_arr_time,1047,08:27 AM,not available
sched_arr_time,1048,01:40 PM,01:40 pm
sched_arr_time,1049,09:20 PM,09:20 pm
sched_arr_time,1050,04:53 PM,04:53 pm
sched_arr_time,1051,07:03 PM,07:03 pm
sched_arr_time,1052,04:05 PM,04:05 pm
sched_arr_time,1053,05:55 PM,05:55 pm
sched_arr_time,1054,11:35 AM,11:35 am
sched_arr_time,1055,05:00 PM,05:00 pm
sched_arr_time,1056,02:15 PM,02:15 pm
sched_arr_time,1057,11:53 AM,11:53 am
sched_arr_time,1058,02:35 PM,02:35 pm
sched_arr_time,1059,01:39 PM,not available
sched_arr_time,1060,10:40 AM,10:40 am
sched_arr_time,1061,06:30 PM,06:30 pm
sched_arr_time,1062,06:40 PM,06:40 pm
sched_arr_time,1063,04:49 PM,04:49 pm
sched_arr_time,1064,06:17 PM,06:17 pm
sched_arr_time,1065,12:55 PM,12:55 pm
sched_arr_time,1066,03:30 PM,03:30 pm
sched_arr_time,1067,07:45 AM,07:45 am
sched_arr_time,1068,07:05 PM,07:05 pm
sched_arr_time,1069,06:40 AM,06:40 am
sched_arr_time,1070,10:45 AM,10:45 am
sched_arr_time,1071,09:40 AM,09:40 am
sched_arr_time,1072,10:15 PM,10:15 pm
sched_arr_time,1073,09:25 AM,09:25 am
sched_arr_time,1074,11:55 AM,11:55 am
sched_arr_time,1075,09:54 AM,09:54 am
sched_arr_time,1076,10:30 PM,10:30 pm
sched_arr_time,1077,03:15 PM,03:15 pm
sched_arr_time,1078,05:05 PM,05:05 pm
sched_arr_time,1079,02:50 PM,02:50 pm
sched_arr_time,1080,11:19 AM,11:19 am
sched_arr_time,1081,06:55 AM,6:55 am dec 02
sched_arr_time,1082,07:23 AM,07:23 am
sched_arr_time,1083,05:35 AM,05:35 am
sched_arr_time,1084,06:46 PM,06:46 pm
sched_arr_time,1085,09:21 AM,09:21 am
sched_arr_time,1086,01:16 PM,01:16 pm
sched_arr_time,1087,12:35 PM,12:35 pm
sched_arr_time,1088,10:06 AM,10:06 am
sched_arr_time,1089,09:55 AM,09:55 am
sched_arr_time,1090,07:55 PM,07:55 pm
sched_arr_time,1091,02:20 PM,02:20 pm
sched_arr_time,1092,07:03 PM,07:03 pm
sched_arr_time,1093,11:35 AM,11:35 am
sched_arr_time,1094,05:00 PM,05:00 pm
sched_arr_time,1095,03:50 PM,03:50 pm
sched_arr_time,1096,01:17 PM,01:17 pm
sched_arr_time,1097,09:20 AM,09:20 am
sched_arr_time,1098,04:57 PM,04:57 pm
sched_arr_time,1099,10:20 AM,10:20 am
sched_arr_time,1100,10:54 AM,10:54 am
sched_arr_time,1101,12:10 PM,12:10 pm
sched_arr_time,1102,02:35 PM,02:35 pm
sched_arr_time,1103,01:39 PM,01:39 pm
sched_arr_time,1104,03:19 PM,03:19 pm
sched_arr_time,1105,02:00 PM,02:00 pm
sched_arr_time,1106,06:15 PM,06:15 pm
sched_arr_time,1107,01:45 PM,01:45 pm
sched_arr_time,1108,08:22 PM,08:22 pm
sched_arr_time,1109,08:56 PM,08:56 pm
sched_arr_time,1110,02:45 PM,02:45 pm
sched_arr_time,1111,05:15 PM,05:15 pm
sched_arr_time,1112,04:00 PM,04:00 pm
sched_arr_time,1113,10:35 AM,10:35 am
sched_arr_time,1114,07:25 PM,07:25 pm
sched_arr_time,1115,09:10 PM,09:10 pm
sched_arr_time,1116,12:21 AM,12:21 am dec 02
sched_arr_time,1117,07:53 PM,07:53 pm
sched_arr_time,1118,12:18 PM,12:18 pm
sched_arr_time,1119,07:30 AM,07:30 am
sched_arr_time,1120,09:35 AM,09:35 am
sched_arr_time,1121,08:05 PM,08:05 pm
sched_arr_time,1122,06:23 PM,06:23 pm
sched_arr_time,1123,07:35 PM,07:35 pm
sched_arr_time,1124,09:45 PM,09:45 pm
sched_arr_time,1125,06:44 PM,06:44 pm
sched_arr_time,1126,10:31 AM,10:31 am
sched_arr_time,1127,02:59 PM,02:59 pm
sched_arr_time,1128,04:31 PM,04:31 pm
sched_arr_time,1129,02:45 PM,02:45 pm
sched_arr_time,1130,04:17 PM,04:17 pm
sched_arr_time,1131,05:50 AM,5:50 am dec 02
sched_arr_time,1132,12:29 AM,12:29 am dec 02
sched_arr_time,1133,12:15 AM,12:15 am dec 02
sched_arr_time,1134,11:50 PM,11:50 pm
sched_arr_time,1135,10:34 AM,10:34 am
sched_arr_time,1136,11:50 AM,11:50 am
sched_arr_time,1137,09:24 AM,09:24 am
sched_arr_time,1138,03:50 PM,03:50 pm
sched_arr_time,1139,04:48 PM,04:48 pm
sched_arr_time,1140,09:43 AM,09:43 am
sched_arr_time,1141,05:11 AM,5:11 amdec 02
sched_arr_time,1142,06:40 PM,06:40 pm
sched_arr_time,1143,08:27 AM,08:27 am
sched_arr_time,1144,01:40 PM,01:40 pm
sched_arr_time,1145,09:20 PM,09:20 pm
sched_arr_time,1146,04:53 PM,04:53 pm
sched_arr_time,1147,07:03 PM,07:03 pm
sched_arr_time,1148,11:45 AM,11:45 am
sched_arr_time,1149,04:05 PM,04:05 pm
sched_arr_time,1150,05:55 PM,05:55 pm
sched_arr_time,1151,11:35 AM,11:35 am
sched_arr_time,1152,02:15 PM,02:15 pm
sched_arr_time,1153,11:05 AM,11:05 am
sched_arr_time,1154,11:53 AM,11:53 am
sched_arr_time,1155,02:35 PM,02:35 pm
sched_arr_time,1156,10:40 AM,10:40 am
sched_arr_time,1157,06:30 PM,06:30 pm
sched_arr_time,1158,08:00 AM,08:00 am
sched_arr_time,1159,05:25 PM,05:25 pm
sched_arr_time,1160,06:40 PM,06:40 pm
sched_arr_time,1161,02:25 PM,02:25 pm
sched_arr_time,1162,11:10 AM,11:10 am
sched_arr_time,1163,04:49 PM,04:49 pm
sched_arr_time,1164,06:17 PM,06:17 pm
sched_arr_time,1165,12:55 PM,12:55 pm
sched_arr_time,1166,07:45 AM,07:45 am
sched_arr_time,1167,07:05 PM,07:05 pm
sched_arr_time,1168,06:40 AM,06:40 am
sched_arr_time,1169,10:45 AM,10:45 am
sched_arr_time,1170,03:30 PM,03:30 pm
sched_arr_time,1171,09:40 AM,09:40 am
sched_arr_time,1172,09:25 AM,09:25 am
sched_arr_time,1173,10:15 PM,10:15 pm
sched_arr_time,1174,09:54 AM,09:54 am
sched_arr_time,1175,10:30 PM,10:30 pm
sched_arr_time,1176,07:23 AM,07:23 am
sched_arr_time,1177,10:06 AM,10:06 am
sched_arr_time,1178,09:55 AM,09:55 am
sched_arr_time,1179,07:55 PM,07:55 pm
sched_arr_time,1180,08:22 PM,08:05 pm
sched_arr_time,1181,09:20 AM,09:20 am
sched_arr_time,1182,04:57 PM,04:57 pm
sched_arr_time,1183,02:20 PM,02:20 pm
sched_arr_time,1184,12:10 PM,12:10 pm
sched_arr_time,1185,07:45 AM,07:45 am
sched_arr_time,1186,02:45 PM,02:45 pm
sched_arr_time,1187,03:19 PM,02:48 pm
sched_arr_time,1188,01:45 PM,01:45 pm
sched_arr_time,1189,02:45 PM,02:45 pm
sched_arr_time,1190,05:15 PM,04:52 pm
sched_arr_time,1191,04:00 PM,04:00 pm
sched_arr_time,1192,09:10 PM,09:10 pm
sched_arr_time,1193,12:21 AM,12:21 am dec 02
sched_arr_time,1194,07:53 PM,07:53 pm
sched_arr_time,1195,12:18 PM,12:18 pm
sched_arr_time,1196,09:45 PM,09:45 pm
sched_arr_time,1197,06:44 PM,06:44 pm
sched_arr_time,1198,02:59 PM,02:59 pm
sched_arr_time,1199,04:31 PM,04:31 pm
sched_arr_time,1200,05:50 AM,05:50 am
sched_arr_time,1201,06:15 PM,06:15 pm
sched_arr_time,1202,09:24 AM,09:24 am
sched_arr_time,1203,04:48 PM,04:48 pm
sched_arr_time,1204,09:43 AM,09:43 am
sched_arr_time,1205,05:11 AM,05:11 am
sched_arr_time,1206,06:40 PM,06:09 pm
sched_arr_time,1207,01:40 PM,01:40 pm
sched_arr_time,1208,04:53 PM,04:53 pm
sched_arr_time,1209,11:45 AM,11:45 am
sched_arr_time,1210,04:05 PM,04:05 pm
sched_arr_time,1211,11:35 AM,11:35 am
sched_arr_time,1212,12:29 AM,12:29 am dec 02
sched_arr_time,1213,02:15 PM,02:15 pm
sched_arr_time,1214,11:05 AM,11:05 am
sched_arr_time,1215,11:53 AM,11:53 am
sched_arr_time,1216,02:35 PM,02:35 pm
sched_arr_time,1217,01:39 PM,01:39 pm
sched_arr_time,1218,06:30 PM,06:30 pm
sched_arr_time,1219,07:25 PM,07:25 pm
sched_arr_time,1220,05:25 PM,05:25 pm
sched_arr_time,1221,06:40 PM,06:40 pm
sched_arr_time,1222,06:40 AM,06:40 am
sched_arr_time,1223,10:45 AM,10:45 am
sched_arr_time,1224,09:40 AM,09:40 am
sched_arr_time,1225,10:15 PM,10:15 pm
sched_arr_time,1226,09:25 AM,09:25 am
sched_arr_time,1227,11:55 AM,11:55 am
sched_arr_time,1228,09:54 AM,09:54 am
sched_arr_time,1229,10:30 PM,10:30 pm
sched_arr_time,1230,05:05 PM,05:05 pm
sched_arr_time,1231,02:50 PM,02:50 pm
sched_arr_time,1232,05:25 PM,05:25 pm
sched_arr_time,1233,11:19 AM,11:19 am
sched_arr_time,1234,06:55 AM,6:55 am dec 02
sched_arr_time,1235,07:23 AM,07:23 am
sched_arr_time,1236,05:35 AM,05:35 am
sched_arr_time,1237,06:46 PM,06:46 pm
sched_arr_time,1238,09:21 AM,09:21 am
sched_arr_time,1239,01:16 PM,01:16 pm
sched_arr_time,1240,12:35 PM,12:35 pm
sched_arr_time,1241,10:06 AM,10:06 am
sched_arr_time,1242,09:55 AM,09:55 am
sched_arr_time,1243,07:55 PM,07:55 pm
sched_arr_time,1244,02:20 PM,02:20 pm
sched_arr_time,1245,07:03 PM,07:03 pm
sched_arr_time,1246,11:35 AM,11:35 am
sched_arr_time,1247,05:00 PM,05:00 pm
sched_arr_time,1248,03:50 PM,03:50 pm
sched_arr_time,1249,01:17 PM,01:17 pm
sched_arr_time,1250,09:20 AM,09:20 am
sched_arr_time,1251,04:57 PM,04:57 pm
sched_arr_time,1252,10:20 AM,10:20 am
sched_arr_time,1253,10:54 AM,10:54 am
sched_arr_time,1254,12:10 PM,12:10 pm
sched_arr_time,1255,02:35 PM,02:35 pm
sched_arr_time,1256,01:39 PM,01:39 pm
sched_arr_time,1257,03:19 PM,03:19 pm
sched_arr_time,1258,02:00 PM,02:00 pm
sched_arr_time,1259,06:15 PM,06:15 pm
sched_arr_time,1260,01:45 PM,01:45 pm
sched_arr_time,1261,08:22 PM,08:22 pm
sched_arr_time,1262,08:56 PM,08:56 pm
sched_arr_time,1263,02:45 PM,02:45 pm
sched_arr_time,1264,05:15 PM,05:15 pm
sched_arr_time,1265,04:00 PM,04:00 pm
sched_arr_time,1266,10:35 AM,10:35 am
sched_arr_time,1267,07:25 PM,07:25 pm
sched_arr_time,1268,09:10 PM,09:10 pm
sched_arr_time,1269,03:15 PM,03:15 pm
sched_arr_time,1270,12:21 AM,12/2/11 12:21 am
sched_arr_time,1271,07:53 PM,07:53 pm
sched_arr_time,1272,12:18 PM,12:18 pm
sched_arr_time,1273,07:30 AM,07:30 am
sched_arr_time,1274,09:35 AM,09:35 am
sched_arr_time,1275,08:05 PM,07:38 pm
sched_arr_time,1276,11:10 AM,11:10 am
sched_arr_time,1277,06:23 PM,06:23 pm
sched_arr_time,1278,07:35 PM,07:35 pm
sched_arr_time,1279,09:45 PM,09:45 pm
sched_arr_time,1280,06:44 PM,06:44 pm
sched_arr_time,1281,10:31 AM,10:31 am
sched_arr_time,1282,02:59 PM,02:59 pm
sched_arr_time,1283,04:31 PM,04:31 pm
sched_arr_time,1284,02:45 PM,02:45 pm
sched_arr_time,1285,04:17 PM,04:17 pm
sched_arr_time,1286,05:50 AM,05:50 am
sched_arr_time,1287,12:29 AM,12:29 am
sched_arr_time,1288,12:15 AM,12:15 am
sched_arr_time,1289,11:50 PM,11:50 pm
sched_arr_time,1290,10:34 AM,10:34 am
sched_arr_time,1291,11:50 AM,11:50 am
sched_arr_time,1292,09:24 AM,09:24 am
sched_arr_time,1293,03:50 PM,03:50 pm
sched_arr_time,1294,04:48 PM,04:48 pm
sched_arr_time,1295,09:43 AM,09:43 am
sched_arr_time,1296,05:11 AM,12/2/11 5:11 am
sched_arr_time,1297,06:40 PM,06:40 pm
sched_arr_time,1298,08:27 AM,08:27 am
sched_arr_time,1299,01:40 PM,01:40 pm
sched_arr_time,1300,09:20 PM,09:20 pm
sched_arr_time,1301,04:53 PM,04:53 pm
sched_arr_time,1302,07:03 PM,07:03 pm
sched_arr_time,1303,11:45 AM,11:45 am
sched_arr_time,1304,04:05 PM,04:05 pm
sched_arr_time,1305,05:55 PM,05:55 pm
sched_arr_time,1306,11:35 AM,11:35 am
sched_arr_time,1307,02:15 PM,02:15 pm
sched_arr_time,1308,11:05 AM,11:05 am
sched_arr_time,1309,11:53 AM,11:53 am
sched_arr_time,1310,02:35 PM,02:35 pm
sched_arr_time,1311,10:40 AM,10:40 am
sched_arr_time,1312,06:30 PM,06:30 pm
sched_arr_time,1313,08:00 AM,08:00 am
sched_arr_time,1314,06:40 PM,06:40 pm
sched_arr_time,1315,02:25 PM,02:25 pm
sched_arr_time,1316,04:49 PM,04:49 pm
sched_arr_time,1317,06:17 PM,06:17 pm
sched_arr_time,1318,12:55 PM,12:55 pm
sched_arr_time,1319,07:45 AM,07:45 am
sched_arr_time,1320,07:05 PM,07:05 pm
sched_arr_time,1321,06:40 AM,06:40 am
sched_arr_time,1322,10:45 AM,10:45 am
sched_arr_time,1323,03:30 PM,03:30 pm
sched_arr_time,1324,09:40 AM,9:40adec 1
sched_arr_time,1325,10:15 PM,10:15 pm
sched_arr_time,1326,09:25 AM,9:25adec 1
sched_arr_time,1327,11:55 AM,11:55adec 1
sched_arr_time,1328,09:54 AM,9:54adec 1
sched_arr_time,1329,10:30 PM,10:30 pm
sched_arr_time,1330,03:15 PM,03:15 pm
sched_arr_time,1331,05:05 PM,05:05 pm
sched_arr_time,1332,02:50 PM,02:50 pm
sched_arr_time,1333,11:19 AM,11:19adec 1
sched_arr_time,1334,06:55 AM,6:55adec 2
sched_arr_time,1335,07:23 AM,7:23adec 1
sched_arr_time,1336,05:35 AM,5:35adec 1
sched_arr_time,1337,06:46 PM,06:46 pm
sched_arr_time,1338,09:21 AM,9:21adec 2
sched_arr_time,1339,01:16 PM,01:16 pm
sched_arr_time,1340,12:35 PM,12:35 pm
sched_arr_time,1341,10:06 AM,10:06adec 1
sched_arr_time,1342,09:55 AM,9:55adec 1
sched_arr_time,1343,07:55 PM,07:55 pm
sched_arr_time,1344,02:20 PM,02:20 pm
sched_arr_time,1345,07:03 PM,07:03 pm
sched_arr_time,1346,11:35 AM,11:35adec 1
sched_arr_time,1347,05:00 PM,05:00 pm
sched_arr_time,1348,03:50 PM,03:50 pm
sched_arr_time,1349,01:17 PM,01:17 pm
sched_arr_time,1350,09:20 AM,9:20adec 1
sched_arr_time,1351,04:57 PM,04:57 pm
sched_arr_time,1352,10:20 AM,10:20adec 1
sched_arr_time,1353,10:54 AM,10:54adec 1
sched_arr_time,1354,12:10 PM,12:10 pm
sched_arr_time,1355,02:35 PM,02:35 pm
sched_arr_time,1356,01:39 PM,01:39 pm
sched_arr_time,1357,03:19 PM,03:03 pm
sched_arr_time,1358,02:00 PM,02:00 pm
sched_arr_time,1359,06:15 PM,06:15 pm
sched_arr_time,1360,01:45 PM,01:45 pm
sched_arr_time,1361,08:22 PM,08:22 pm
sched_arr_time,1362,08:56 PM,10:48 pm
sched_arr_time,1363,02:45 PM,02:45 pm
sched_arr_time,1364,05:15 PM,05:15 pm
sched_arr_time,1365,04:00 PM,04:00 pm
sched_arr_time,1366,10:35 AM,10:35adec 1
sched_arr_time,1367,07:25 PM,07:25 pm
sched_arr_time,1368,09:10 PM,09:10 pm
sched_arr_time,1369,12:21 AM,12:21adec 2
sched_arr_time,1370,07:53 PM,07:53 pm
sched_arr_time,1371,12:18 PM,12:18 pm
sched_arr_time,1372,07:30 AM,7:30adec 1
sched_arr_time,1373,09:35 AM,9:35adec 1
sched_arr_time,1374,08:05 PM,08:05 pm
sched_arr_time,1375,06:23 PM,06:23 pm
sched_arr_time,1376,07:35 PM,07:35 pm
sched_arr_time,1377,09:45 PM,09:45 pm
sched_arr_time,1378,06:44 PM,06:44 pm
sched_arr_time,1379,10:31 AM,10:31adec 1
sched_arr_time,1380,02:59 PM,02:59 pm
sched_arr_time,1381,04:31 PM,04:31 pm
sched_arr_time,1382,02:45 PM,02:45 pm
sched_arr_time,1383,04:17 PM,04:17 pm
sched_arr_time,1384,05:50 AM,5:50adec 2
sched_arr_time,1385,12:29 AM,12:29adec 2
sched_arr_time,1386,12:15 AM,12:15adec 2
sched_arr_time,1387,11:50 PM,11:50 pm
sched_arr_time,1388,10:34 AM,10:34adec 1
sched_arr_time,1389,11:50 AM,11:50adec 1
sched_arr_time,1390,03:50 PM,03:50 pm
sched_arr_time,1391,04:48 PM,04:48 pm
sched_arr_time,1392,09:43 AM,9:43adec 1
sched_arr_time,1393,05:11 AM,5:11adec 2
sched_arr_time,1394,06:40 PM,06:40 pm
sched_arr_time,1395,08:27 AM,8:27adec 1
sched_arr_time,1396,01:40 PM,01:40 pm
sched_arr_time,1397,09:20 PM,09:18 pm
sched_arr_time,1398,04:53 PM,04:53 pm
sched_arr_time,1399,07:03 PM,07:03 pm
sched_arr_time,1400,11:45 AM,12:05 pm
sched_arr_time,1401,04:05 PM,04:05 pm
sched_arr_time,1402,05:55 PM,05:55 pm
sched_arr_time,1403,11:35 AM,11:35adec 1
sched_arr_time,1404,02:15 PM,02:15 pm
sched_arr_time,1405,11:05 AM,11:05adec 1
sched_arr_time,1406,11:53 AM,11:53adec 1
sched_arr_time,1407,02:35 PM,02:35 pm
sched_arr_time,1408,10:40 AM,10:40adec 1
sched_arr_time,1409,06:30 PM,06:30 pm
sched_arr_time,1410,08:00 AM,8:00adec 1
sched_arr_time,1411,05:25 PM,05:25 pm
sched_arr_time,1412,06:40 PM,06:40 pm
sched_arr_time,1413,02:25 PM,02:25 pm
sched_arr_time,1414,11:10 AM,11:10adec 1
sched_arr_time,1415,04:49 PM,04:49 pm
sched_arr_time,1416,06:17 PM,06:17 pm
sched_arr_time,1417,12:55 PM,12:55 pm
sched_arr_time,1418,07:45 AM,7:45adec 1
sched_arr_time,1419,07:05 PM,07:05 pm
sched_arr_time,1420,06:40 AM,6:40adec 1
sched_arr_time,1421,10:45 AM,10:45adec 1
sched_arr_time,1422,03:30 PM,03:30 pm
sched_arr_time,1423,03:50 PM,03:50 pm
sched_arr_time,1424,09:24 AM,09:24 am
sched_arr_time,1425,04:05 PM,04:05 pm
sched_arr_time,1426,04:31 PM,04:31 pm
sched_arr_time,1427,10:15 PM,10:15 pm
sched_arr_time,1428,09:21 AM,09:21 am
sched_arr_time,1429,01:17 PM,01:17 pm
sched_arr_time,1430,10:20 AM,10:20 am
sched_arr_time,1431,12:21 AM,12:21 am
sched_arr_time,1432,05:35 AM,05:35 am
sched_arr_time,1433,10:54 AM,10:54 am
sched_arr_time,1434,02:50 PM,02:50 pm
sched_arr_time,1435,04:49 PM,04:49 pm
sched_arr_time,1436,07:03 PM,07:03 pm
sched_arr_time,1437,12:18 PM,12:18 pm
sched_arr_time,1438,06:44 PM,06:44 pm
sched_arr_time,1439,01:16 PM,01:16 pm
sched_arr_time,1440,04:48 PM,04:48 pm
sched_arr_time,1441,08:56 PM,08:56 pm
sched_arr_time,1442,06:40 PM,06:40 pm
sched_arr_time,1443,07:05 PM,07:05 pm
sched_arr_time,1444,08:22 PM,08:22 pm
sched_arr_time,1445,11:35 AM,11:35 am
sched_arr_time,1446,07:30 AM,07:30 am
sched_arr_time,1447,04:05 PM,04:05 pm
sched_arr_time,1448,01:16 PM,01:16 pm
sched_arr_time,1449,05:55 PM,05:55 pm
sched_arr_time,1450,06:23 PM,06:23 pm
sched_arr_time,1451,10:20 AM,10:20 am
sched_arr_time,1452,07:35 PM,07:35 pm
sched_arr_time,1453,09:54 AM,09:54 am
sched_arr_time,1454,02:35 PM,02:35 pm
sched_arr_time,1455,10:35 AM,10:35 am
sched_arr_time,1456,04:31 PM,04:31 pm
sched_arr_time,1457,02:45 PM,02:45 pm
sched_arr_time,1458,05:35 AM,05:35 am
sched_arr_time,1459,02:50 PM,02:50 pm
sched_arr_time,1460,12:29 AM,12:29 am
sched_arr_time,1461,08:00 AM,08:00 am
sched_arr_time,1462,12:15 AM,12:15 am
sched_arr_time,1463,06:40 PM,06:40 pm
sched_arr_time,1464,11:50 AM,11:50 am
sched_arr_time,1465,10:30 PM,10:30 pm
sched_arr_time,1466,09:24 AM,09:24 am
sched_arr_time,1467,06:17 PM,06:17 pm
sched_arr_time,1468,05:00 PM,05:00 pm
sched_arr_time,1469,06:44 PM,06:44 pm
sched_arr_time,1470,04:48 PM,04:48 pm
sched_arr_time,1471,09:55 AM,09:55 am
sched_arr_time,1472,02:45 PM,02:45 pm
sched_arr_time,1473,10:40 AM,10:40 am
sched_arr_time,1474,09:20 PM,09:20 pm
sched_arr_time,1475,06:40 AM,06:40 am
sched_arr_time,1476,10:45 AM,10:45 am
sched_arr_time,1477,07:03 PM,07:03 pm
sched_arr_time,1478,12:35 PM,12:35 pm
sched_arr_time,1479,03:15 PM,03:15 pm
sched_arr_time,1480,12:21 AM,12:21 am
sched_arr_time,1481,03:50 PM,03:50 pm
sched_arr_time,1482,11:55 AM,11:55 am
sched_arr_time,1483,06:30 PM,06:30 pm
sched_arr_time,1484,11:50 AM,11:50 am
sched_arr_time,1485,10:45 AM,10:45 am
sched_arr_time,1486,06:15 PM,06:15 pm
sched_arr_time,1487,07:23 AM,07:23 am
sched_arr_time,1488,09:40 AM,09:40 am
sched_arr_time,1489,10:15 PM,10:15 pm
sched_arr_time,1490,09:25 AM,09:25 am
sched_arr_time,1491,11:55 AM,11:55 am
sched_arr_time,1492,09:54 AM,09:54 am
sched_arr_time,1493,10:30 PM,10:30 pm
sched_arr_time,1494,05:05 PM,05:05 pm
sched_arr_time,1495,02:50 PM,02:50 pm
sched_arr_time,1496,05:25 PM,05:25 pm
sched_arr_time,1497,11:19 AM,11:19 am
sched_arr_time,1498,06:55 AM,6:55 am dec 02
sched_arr_time,1499,07:23 AM,07:23 am
sched_arr_time,1500,05:35 AM,05:35 am
sched_arr_time,1501,06:46 PM,06:46 pm
sched_arr_time,1502,09:21 AM,09:21 am
sched_arr_time,1503,01:16 PM,01:16 pm
sched_arr_time,1504,12:35 PM,12:35 pm
sched_arr_time,1505,10:06 AM,10:06 am
sched_arr_time,1506,09:55 AM,09:55 am
sched_arr_time,1507,07:55 PM,07:55 pm
sched_arr_time,1508,02:20 PM,02:20 pm
sched_arr_time,1509,07:03 PM,07:03 pm
sched_arr_time,1510,11:35 AM,11:35 am
sched_arr_time,1511,05:00 PM,05:00 pm
sched_arr_time,1512,03:50 PM,03:50 pm
sched_arr_time,1513,01:17 PM,01:17 pm
sched_arr_time,1514,09:20 AM,09:20 am
sched_arr_time,1515,04:57 PM,04:57 pm
sched_arr_time,1516,10:20 AM,10:20 am
sched_arr_time,1517,10:54 AM,10:54 am
sched_arr_time,1518,12:10 PM,12:10 pm
sched_arr_time,1519,02:35 PM,02:35 pm
sched_arr_time,1520,01:39 PM,01:39 pm
sched_arr_time,1521,03:19 PM,03:19 pm
sched_arr_time,1522,02:00 PM,02:00 pm
sched_arr_time,1523,06:15 PM,06:15 pm
sched_arr_time,1524,01:45 PM,01:45 pm
sched_arr_time,1525,08:22 PM,08:22 pm
sched_arr_time,1526,08:56 PM,08:56 pm
sched_arr_time,1527,02:45 PM,02:45 pm
sched_arr_time,1528,05:15 PM,05:15 pm
sched_arr_time,1529,04:00 PM,04:00 pm
sched_arr_time,1530,10:35 AM,10:35 am
sched_arr_time,1531,07:25 PM,07:25 pm
sched_arr_time,1532,09:10 PM,09:10 pm
sched_arr_time,1533,03:15 PM,03:15 pm
sched_arr_time,1534,12:21 AM,12/2/11 12:21 am
sched_arr_time,1535,07:53 PM,07:53 pm
sched_arr_time,1536,12:18 PM,12:18 pm
sched_arr_time,1537,07:30 AM,07:30 am
sched_arr_time,1538,09:35 AM,09:35 am
sched_arr_time,1539,08:05 PM,07:38 pm
sched_arr_time,1540,11:10 AM,11:10 am
sched_arr_time,1541,06:23 PM,06:23 pm
sched_arr_time,1542,07:35 PM,07:35 pm
sched_arr_time,1543,09:45 PM,09:45 pm
sched_arr_time,1544,06:44 PM,06:44 pm
sched_arr_time,1545,10:31 AM,10:31 am
sched_arr_time,1546,02:59 PM,02:59 pm
sched_arr_time,1547,04:31 PM,04:31 pm
sched_arr_time,1548,02:45 PM,02:45 pm
sched_arr_time,1549,04:17 PM,04:17 pm
sched_arr_time,1550,05:50 AM,05:50 am
sched_arr_time,1551,12:29 AM,12:29 am
sched_arr_time,1552,12:15 AM,12:15 am
sched_arr_time,1553,11:50 PM,11:50 pm
sched_arr_time,1554,10:34 AM,10:34 am
sched_arr_time,1555,11:50 AM,11:50 am
sched_arr_time,1556,09:24 AM,09:24 am
sched_arr_time,1557,03:50 PM,03:50 pm
sched_arr_time,1558,04:48 PM,04:48 pm
sched_arr_time,1559,09:43 AM,09:43 am
sched_arr_time,1560,05:11 AM,12/2/11 5:11 am
sched_arr_time,1561,06:40 PM,06:40 pm
sched_arr_time,1562,08:27 AM,08:27 am
sched_arr_time,1563,01:40 PM,01:40 pm
sched_arr_time,1564,09:20 PM,09:20 pm
sched_arr_time,1565,04:53 PM,04:53 pm
sched_arr_time,1566,07:03 PM,07:03 pm
sched_arr_time,1567,11:45 AM,11:45 am
sched_arr_time,1568,04:05 PM,04:05 pm
sched_arr_time,1569,05:55 PM,05:55 pm
sched_arr_time,1570,11:35 AM,11:35 am
sched_arr_time,1571,02:15 PM,02:15 pm
sched_arr_time,1572,11:05 AM,11:05 am
sched_arr_time,1573,11:53 AM,11:53 am
sched_arr_time,1574,02:35 PM,02:35 pm
sched_arr_time,1575,10:40 AM,10:40 am
sched_arr_time,1576,06:30 PM,06:30 pm
sched_arr_time,1577,08:00 AM,08:00 am
sched_arr_time,1578,06:40 PM,06:40 pm
sched_arr_time,1579,02:25 PM,02:25 pm
sched_arr_time,1580,04:49 PM,04:49 pm
sched_arr_time,1581,06:17 PM,06:17 pm
sched_arr_time,1582,12:55 PM,12:55 pm
sched_arr_time,1583,07:45 AM,07:45 am
sched_arr_time,1584,07:05 PM,07:05 pm
sched_arr_time,1585,06:40 AM,06:40 am
sched_arr_time,1586,10:45 AM,10:45 am
sched_arr_time,1587,03:30 PM,03:30 pm
sched_arr_time,1588,10:30 PM,10:30 pm
sched_arr_time,1589,10:15 PM,10:15 pm
sched_arr_time,1590,09:54 AM,9:54adec 1
sched_arr_time,1591,07:25 PM,07:25 pm
sched_arr_time,1592,05:05 PM,05:05 pm
sched_arr_time,1593,11:19 AM,11:19adec 1
sched_arr_time,1594,06:55 AM,6:55adec 2
sched_arr_time,1595,05:35 AM,5:35adec 1
sched_arr_time,1596,06:46 PM,06:46 pm
sched_arr_time,1597,01:16 PM,01:16 pm
sched_arr_time,1598,09:55 AM,9:55adec 1
sched_arr_time,1599,07:03 PM,07:03 pm
sched_arr_time,1600,01:17 PM,01:17 pm
sched_arr_time,1601,09:20 AM,9:20adec 1
sched_arr_time,1602,04:57 PM,04:57 pm
sched_arr_time,1603,12:10 PM,12:10 pm
sched_arr_time,1604,08:00 AM,8:00adec 1
sched_arr_time,1605,03:19 PM,03:03 pm
sched_arr_time,1606,12:35 PM,12:35 pm
sched_arr_time,1607,02:00 PM,02:00 pm
sched_arr_time,1608,01:45 PM,01:45 pm
sched_arr_time,1609,08:56 PM,10:48 pm
sched_arr_time,1610,02:25 PM,02:25 pm
sched_arr_time,1611,07:30 AM,7:30adec 1
sched_arr_time,1612,09:35 AM,9:35adec 1
sched_arr_time,1613,08:05 PM,08:05 pm
sched_arr_time,1614,11:10 AM,11:10adec 1
sched_arr_time,1615,09:45 PM,09:45 pm
sched_arr_time,1616,10:31 AM,10:31adec 1
sched_arr_time,1617,09:10 PM,09:10 pm
sched_arr_time,1618,12:29 AM,12:29adec 2
sched_arr_time,1619,12:15 AM,dec 02 12:15 am
sched_arr_time,1620,11:50 PM,11:50 pm
sched_arr_time,1621,10:34 AM,10:34adec 1
sched_arr_time,1622,11:50 AM,11:50adec 1
sched_arr_time,1623,06:15 PM,not available
sched_arr_time,1624,03:50 PM,03:50 pm
sched_arr_time,1625,04:48 PM,04:48 pm
sched_arr_time,1626,05:11 AM,5:11adec 2
sched_arr_time,1627,09:20 PM,09:18 pm
sched_arr_time,1628,05:55 PM,05:55 pm
sched_arr_time,1629,09:43 AM,not available
sched_arr_time,1630,02:15 PM,02:15 pm
sched_arr_time,1631,11:53 AM,11:53adec 1
sched_arr_time,1632,10:45 AM,10:45adec 1
sched_arr_time,1633,10:40 AM,10:40adec 1
sched_arr_time,1634,05:25 PM,05:25 pm
sched_arr_time,1635,06:40 PM,06:40 pm
sched_arr_time,1636,04:49 PM,04:49 pm
sched_arr_time,1637,07:45 AM,7:45adec 1
sched_arr_time,1638,09:40 AM,09:40 am
sched_arr_time,1639,07:30 AM,07:30 am
sched_arr_time,1640,09:35 AM,09:35 am
sched_arr_time,1641,04:05 PM,04:05 pm
sched_arr_time,1642,11:35 AM,11:35 am
sched_arr_time,1643,09:45 PM,11/30 9:45 pm
sched_arr_time,1644,07:35 PM,11/30 7:35 pm
sched_arr_time,1645,02:35 PM,02:35 pm
sched_arr_time,1646,09:10 PM,11/30 9:10 pm
sched_arr_time,1647,08:00 AM,08:00 am
sched_arr_time,1648,04:31 PM,04:31 pm
sched_arr_time,1649,02:45 PM,02:45 pm
sched_arr_time,1650,06:40 PM,11/30 6:40 pm
sched_arr_time,1651,05:50 AM,05:50 am
sched_arr_time,1652,05:25 PM,11/30 5:25 pm
sched_arr_time,1653,02:00 PM,02:00 pm
sched_arr_time,1654,10:30 PM,11/30 10:30 pm
sched_arr_time,1655,12:55 PM,12:55 pm
sched_arr_time,1656,05:11 AM,05:11 am
sched_arr_time,1657,02:45 PM,02:45 pm
sched_arr_time,1658,05:15 PM,11/30 5:15 pm
sched_arr_time,1659,10:40 AM,10:40 am
sched_arr_time,1660,04:00 PM,04:00 pm
sched_arr_time,1661,07:53 PM,11/30 7:53 pm
sched_arr_time,1662,09:40 AM,09:30 am
sched_arr_time,1663,09:25 AM,08:54 am
sched_arr_time,1664,10:15 PM,09:40 pm
sched_arr_time,1665,09:54 AM,09:34 am
sched_arr_time,1666,10:30 PM,10:15 pm
sched_arr_time,1667,06:55 AM,06:30 am
sched_arr_time,1668,06:46 PM,06:34 pm
sched_arr_time,1669,09:21 AM,09:11 am
sched_arr_time,1670,09:55 AM,09:45 am
sched_arr_time,1671,07:55 PM,07:26 pm
sched_arr_time,1672,12:35 PM,12:12 pm
sched_arr_time,1673,03:50 PM,03:33 pm
sched_arr_time,1674,01:17 PM,12:51 pm
sched_arr_time,1675,09:20 AM,08:51 am
sched_arr_time,1676,04:57 PM,04:37 pm
sched_arr_time,1677,11:05 AM,10:55 am
sched_arr_time,1678,12:10 PM,11:43 am
sched_arr_time,1679,08:00 AM,07:50 am
sched_arr_time,1680,02:35 PM,02:14 pm
sched_arr_time,1681,07:45 AM,07:25 am
sched_arr_time,1682,02:45 PM,02:35 pm
sched_arr_time,1683,03:19 PM,02:48 pm
sched_arr_time,1684,06:15 PM,05:40 pm
sched_arr_time,1685,01:45 PM,01:35 pm
sched_arr_time,1686,08:22 PM,08:04 pm
sched_arr_time,1687,11:10 AM,10:43 am
sched_arr_time,1688,08:56 PM,08:46 pm
sched_arr_time,1689,02:25 PM,01:57 pm
sched_arr_time,1690,02:45 PM,02:10 pm
sched_arr_time,1691,04:00 PM,03:50 pm
sched_arr_time,1692,10:35 AM,10:18 am
sched_arr_time,1693,07:25 PM,07:08 pm
sched_arr_time,1694,09:10 PM,09:00 pm
sched_arr_time,1695,03:15 PM,02:47 pm
sched_arr_time,1696,12:21 AM,11:52 pm
sched_arr_time,1697,12:18 PM,12:08 pm
sched_arr_time,1698,07:30 AM,06:50 am
sched_arr_time,1699,09:35 AM,09:00 am
sched_arr_time,1700,08:05 PM,07:38 pm
sched_arr_time,1701,06:23 PM,06:00 pm
sched_arr_time,1702,09:45 PM,09:25 pm
sched_arr_time,1703,02:59 PM,02:35 pm
sched_arr_time,1704,04:31 PM,04:20 pm
sched_arr_time,1705,04:17 PM,03:55 pm
sched_arr_time,1706,12:29 AM,12:09 am
sched_arr_time,1707,12:15 AM,12:05 am
sched_arr_time,1708,11:50 PM,11:31 pm
sched_arr_time,1709,10:34 AM,09:25 am
sched_arr_time,1710,11:50 AM,11:22 am
sched_arr_time,1711,03:50 PM,03:30 pm
sched_arr_time,1712,05:11 AM,05:08 am
sched_arr_time,1713,06:40 PM,06:15 pm
sched_arr_time,1714,09:20 PM,09:10 pm
sched_arr_time,1715,04:05 PM,03:55 pm
sched_arr_time,1716,05:55 PM,05:17 pm
sched_arr_time,1717,11:35 AM,10:57 am
sched_arr_time,1718,02:15 PM,02:05 pm
sched_arr_time,1719,02:35 PM,02:17 pm
sched_arr_time,1720,06:30 PM,05:57 pm
sched_arr_time,1721,06:40 PM,06:30 pm
sched_arr_time,1722,03:30 PM,02:52 pm
sched_arr_time,1723,06:17 PM,06:07 pm
sched_arr_time,1724,12:55 PM,12:45 pm
sched_arr_time,1725,07:05 PM,06:31 pm
sched_arr_time,1726,06:40 AM,06:30 am
sched_arr_time,1727,10:45 AM,10:09 am
sched_arr_time,1728,11:55 AM,11:55 am
sched_arr_time,1729,09:54 AM,09:54 am
sched_arr_time,1730,05:05 PM,05:05 pm
sched_arr_time,1731,11:19 AM,11:19 am
sched_arr_time,1732,06:46 PM,06:46 pm
sched_arr_time,1733,04:57 PM,04:57 pm
sched_arr_time,1734,03:19 PM,03:19 pm
sched_arr_time,1735,01:45 PM,01:45 pm
sched_arr_time,1736,01:39 PM,01:39 pm
sched_arr_time,1737,10:06 AM,10:06 am
sched_arr_time,1738,05:15 PM,05:15 pm
sched_arr_time,1739,07:53 PM,07:53 pm
sched_arr_time,1740,06:23 PM,06:23 pm
sched_arr_time,1741,07:35 PM,07:35 pm
sched_arr_time,1742,10:31 AM,10:31 am
sched_arr_time,1743,04:31 PM,04:31 pm
sched_arr_time,1744,04:17 PM,04:17 pm
sched_arr_time,1745,12:29 AM,fri dec 2 12:29 am
sched_arr_time,1746,09:24 AM,09:24 am
sched_arr_time,1747,09:43 AM,09:43 am
sched_arr_time,1748,05:11 AM,fri dec 2 5:11 am
sched_arr_time,1749,08:27 AM,08:27 am
sched_arr_time,1750,01:40 PM,01:40 pm
sched_arr_time,1751,04:53 PM,04:53 pm
sched_arr_time,1752,07:03 PM,07:03 pm
sched_arr_time,1753,11:45 AM,11:45 am
sched_arr_time,1754,05:00 PM,05:00 pm
sched_arr_time,1755,11:53 AM,11:53 am
sched_arr_time,1756,06:17 PM,06:17 pm
sched_arr_time,1757,07:23 AM,07:23 am
sched_arr_time,1758,06:15 PM,06:15 pm
sched_arr_time,1759,09:40 AM,09:40 am
sched_arr_time,1760,10:15 PM,10:15 pm
sched_arr_time,1761,09:25 AM,09:25 am
sched_arr_time,1762,11:55 AM,11:55 am
sched_arr_time,1763,09:54 AM,09:54 am
sched_arr_time,1764,10:30 PM,10:30 pm
sched_arr_time,1765,03:15 PM,03:15 pm
sched_arr_time,1766,05:05 PM,05:05 pm
sched_arr_time,1767,02:50 PM,02:50 pm
sched_arr_time,1768,11:19 AM,11:19 am
sched_arr_time,1769,06:55 AM,6:55 am  fri 02-dec-2011
sched_arr_time,1770,07:23 AM,07:23 am
sched_arr_time,1771,05:35 AM,05:35 am
sched_arr_time,1772,06:46 PM,06:46 pm
sched_arr_time,1773,09:21 AM,09:21 am
sched_arr_time,1774,01:16 PM,01:16 pm
sched_arr_time,1775,12:35 PM,12:35 pm
sched_arr_time,1776,10:06 AM,10:06 am
sched_arr_time,1777,09:55 AM,09:55 am
sched_arr_time,1778,07:55 PM,07:55 pm
sched_arr_time,1779,02:20 PM,02:20 pm
sched_arr_time,1780,07:03 PM,07:03 pm
sched_arr_time,1781,11:35 AM,11:35 am
sched_arr_time,1782,05:00 PM,05:00 pm
sched_arr_time,1783,03:50 PM,03:50 pm
sched_arr_time,1784,01:17 PM,01:17 pm
sched_arr_time,1785,09:20 AM,09:20 am
sched_arr_time,1786,04:57 PM,04:57 pm
sched_arr_time,1787,10:20 AM,10:20 am
sched_arr_time,1788,10:54 AM,10:54 am
sched_arr_time,1789,12:10 PM,12:10 pm
sched_arr_time,1790,02:35 PM,02:35 pm
sched_arr_time,1791,01:39 PM,01:39 pm
sched_arr_time,1792,03:19 PM,03:19 pm
sched_arr_time,1793,02:00 PM,02:00 pm
sched_arr_time,1794,06:15 PM,06:15 pm
sched_arr_time,1795,01:45 PM,01:45 pm
sched_arr_time,1796,08:22 PM,08:22 pm
sched_arr_time,1797,08:56 PM,08:56 pm
sched_arr_time,1798,02:45 PM,02:45 pm
sched_arr_time,1799,05:15 PM,05:15 pm
sched_arr_time,1800,04:00 PM,04:00 pm
sched_arr_time,1801,10:35 AM,10:35 am
sched_arr_time,1802,07:25 PM,07:25 pm
sched_arr_time,1803,09:10 PM,09:10 pm
sched_arr_time,1804,12:21 AM,12:21 am  fri 02-dec-2011
sched_arr_time,1805,07:53 PM,07:53 pm
sched_arr_time,1806,12:18 PM,12:18 pm
sched_arr_time,1807,07:30 AM,07:30 am
sched_arr_time,1808,09:35 AM,09:35 am
sched_arr_time,1809,08:05 PM,08:05 pm
sched_arr_time,1810,06:23 PM,06:23 pm
sched_arr_time,1811,07:35 PM,07:35 pm
sched_arr_time,1812,09:45 PM,09:45 pm
sched_arr_time,1813,06:44 PM,06:44 pm
sched_arr_time,1814,10:31 AM,10:31 am
sched_arr_time,1815,02:59 PM,02:59 pm
sched_arr_time,1816,04:31 PM,04:31 pm
sched_arr_time,1817,02:45 PM,02:45 pm
sched_arr_time,1818,04:17 PM,04:17 pm
sched_arr_time,1819,05:50 AM,5:50 am  fri 02-dec-2011
sched_arr_time,1820,12:29 AM,12:29 am  fri 02-dec-2011
sched_arr_time,1821,12:15 AM,12:15 am  fri 02-dec-2011
sched_arr_time,1822,11:50 PM,11:50 pm
sched_arr_time,1823,10:34 AM,10:34 am
sched_arr_time,1824,11:50 AM,11:50 am
sched_arr_time,1825,09:24 AM,09:24 am
sched_arr_time,1826,03:50 PM,03:50 pm
sched_arr_time,1827,04:48 PM,04:48 pm
sched_arr_time,1828,09:43 AM,09:43 am
sched_arr_time,1829,05:11 AM,05:11 am
sched_arr_time,1830,06:40 PM,06:40 pm
sched_arr_time,1831,08:27 AM,08:27 am
sched_arr_time,1832,01:40 PM,01:40 pm
sched_arr_time,1833,09:20 PM,09:20 pm
sched_arr_time,1834,04:53 PM,04:53 pm
sched_arr_time,1835,07:03 PM,07:03 pm
sched_arr_time,1836,11:45 AM,11:45 am
sched_arr_time,1837,04:05 PM,04:05 pm
sched_arr_time,1838,05:55 PM,05:55 pm
sched_arr_time,1839,11:35 AM,11:35 am
sched_arr_time,1840,02:15 PM,02:15 pm
sched_arr_time,1841,11:05 AM,11:05 am
sched_arr_time,1842,11:53 AM,11:53 am
sched_arr_time,1843,02:35 PM,02:35 pm
sched_arr_time,1844,10:40 AM,10:40 am
sched_arr_time,1845,06:30 PM,06:30 pm
sched_arr_time,1846,08:00 AM,08:00 am
sched_arr_time,1847,05:25 PM,05:25 pm
sched_arr_time,1848,06:40 PM,06:40 pm
sched_arr_time,1849,02:25 PM,02:25 pm
sched_arr_time,1850,11:10 AM,11:10 am
sched_arr_time,1851,04:49 PM,04:49 pm
sched_arr_time,1852,06:17 PM,06:17 pm
sched_arr_time,1853,12:55 PM,12:55 pm
sched_arr_time,1854,07:45 AM,07:45 am
sched_arr_time,1855,07:05 PM,07:05 pm
sched_arr_time,1856,06:40 AM,06:40 am
sched_arr_time,1857,10:45 AM,10:45 am
sched_arr_time,1858,03:30 PM,03:30 pm
sched_arr_time,1859,09:40 AM,09:40 am
sched_arr_time,1860,10:15 PM,10:15 pm
sched_arr_time,1861,09:25 AM,09:25 am
sched_arr_time,1862,11:55 AM,11:55 am
sched_arr_time,1863,09:54 AM,09:54 am
sched_arr_time,1864,10:30 PM,10:30 pm
sched_arr_time,1865,02:00 PM,02:00 pm
sched_arr_time,1866,07:25 PM,07:25 pm
sched_arr_time,1867,05:05 PM,05:05 pm
sched_arr_time,1868,02:50 PM,02:50 pm
sched_arr_time,1869,06:55 AM,06:55 am
sched_arr_time,1870,07:23 AM,07:23 am
sched_arr_time,1871,05:35 AM,05:35 am
sched_arr_time,1872,06:46 PM,06:46 pm
sched_arr_time,1873,09:21 AM,09:21 am
sched_arr_time,1874,01:16 PM,01:16 pm
sched_arr_time,1875,09:55 AM,09:55 am
sched_arr_time,1876,10:06 AM,10:06 am
sched_arr_time,1877,07:55 PM,07:55 pm
sched_arr_time,1878,12:35 PM,12:35 pm
sched_arr_time,1879,07:03 PM,07:03 pm
sched_arr_time,1880,08:22 PM,08:22 pm
sched_arr_time,1881,03:50 PM,03:50 pm
sched_arr_time,1882,01:17 PM,01:17 pm
sched_arr_time,1883,09:20 AM,09:20 am
sched_arr_time,1884,04:57 PM,04:57 pm
sched_arr_time,1885,10:20 AM,10:20 am
sched_arr_time,1886,10:54 AM,10:54 am
sched_arr_time,1887,11:05 AM,11:05 am
sched_arr_time,1888,12:10 PM,12:10 pm
sched_arr_time,1889,08:00 AM,08:00 am
sched_arr_time,1890,02:35 PM,02:35 pm
sched_arr_time,1891,07:45 AM,07:45 am
sched_arr_time,1892,02:45 PM,02:45 pm
sched_arr_time,1893,03:19 PM,03:19 pm
sched_arr_time,1894,01:45 PM,01:45 pm
sched_arr_time,1895,08:56 PM,08:56 pm
sched_arr_time,1896,02:25 PM,02:25 pm
sched_arr_time,1897,02:45 PM,02:45 pm
sched_arr_time,1898,05:15 PM,05:15 pm
sched_arr_time,1899,04:00 PM,04:00 pm
sched_arr_time,1900,10:35 AM,10:35 am
sched_arr_time,1901,11:35 AM,11:35 am
sched_arr_time,1902,09:10 PM,09:10 pm
sched_arr_time,1903,03:15 PM,03:15 pm
sched_arr_time,1904,12:21 AM,12:21 am
sched_arr_time,1905,07:53 PM,07:53 pm
sched_arr_time,1906,12:18 PM,12:18 pm
sched_arr_time,1907,07:30 AM,07:30 am
sched_arr_time,1908,09:35 AM,09:35 am
sched_arr_time,1909,08:05 PM,08:05 pm
sched_arr_time,1910,11:10 AM,11:10 am
sched_arr_time,1911,06:23 PM,06:23 pm
sched_arr_time,1912,07:35 PM,07:35 pm
sched_arr_time,1913,09:45 PM,09:45 pm
sched_arr_time,1914,06:44 PM,06:44 pm
sched_arr_time,1915,10:31 AM,10:31 am
sched_arr_time,1916,02:59 PM,02:59 pm
sched_arr_time,1917,04:31 PM,04:31 pm
sched_arr_time,1918,04:17 PM,04:17 pm
sched_arr_time,1919,05:50 AM,05:50 am
sched_arr_time,1920,12:29 AM,12:29 am
sched_arr_time,1921,12:15 AM,12:15 am
sched_arr_time,1922,11:50 PM,11:50 pm
sched_arr_time,1923,05:00 PM,05:00 pm
sched_arr_time,1924,10:34 AM,10:34 am
sched_arr_time,1925,11:50 AM,11:50 am
sched_arr_time,1926,06:15 PM,06:15 pm
sched_arr_time,1927,09:24 AM,09:24 am
sched_arr_time,1928,04:48 PM,04:48 pm
sched_arr_time,1929,05:11 AM,05:11 am
sched_arr_time,1930,06:40 PM,06:40 pm
sched_arr_time,1931,01:40 PM,01:40 pm
sched_arr_time,1932,09:20 PM,09:20 pm
sched_arr_time,1933,04:53 PM,04:53 pm
sched_arr_time,1934,07:03 PM,07:03 pm
sched_arr_time,1935,04:05 PM,04:05 pm
sched_arr_time,1936,05:55 PM,05:55 pm
sched_arr_time,1937,11:35 AM,11:35 am
sched_arr_time,1938,02:15 PM,02:15 pm
sched_arr_time,1939,02:35 PM,02:35 pm
sched_arr_time,1940,01:39 PM,01:39 pm
sched_arr_time,1941,10:40 AM,10:40 am
sched_arr_time,1942,06:30 PM,06:30 pm
sched_arr_time,1943,06:40 PM,06:40 pm
sched_arr_time,1944,03:30 PM,03:30 pm
sched_arr_time,1945,04:49 PM,04:49 pm
sched_arr_time,1946,06:17 PM,06:17 pm
sched_arr_time,1947,12:55 PM,12:55 pm
sched_arr_time,1948,07:05 PM,07:05 pm
sched_arr_time,1949,06:40 AM,06:40 am
sched_arr_time,1950,10:45 AM,10:45 am
sched_arr_time,1951,09:40 AM,09:40 am
sched_arr_time,1952,10:15 PM,10:15 pm
sched_arr_time,1953,09:25 AM,09:25 am
sched_arr_time,1954,11:55 AM,11:55 am
sched_arr_time,1955,09:54 AM,09:54 am
sched_arr_time,1956,10:30 PM,10:30 pm
sched_arr_time,1957,03:15 PM,03:15 pm
sched_arr_time,1958,05:05 PM,05:05 pm
sched_arr_time,1959,02:50 PM,02:50 pm
sched_arr_time,1960,11:19 AM,11:19 am
sched_arr_time,1961,06:55 AM,6:55 am dec 02
sched_arr_time,1962,07:23 AM,07:23 am
sched_arr_time,1963,05:35 AM,05:35 am
sched_arr_time,1964,06:46 PM,06:46 pm
sched_arr_time,1965,09:21 AM,09:21 am
sched_arr_time,1966,01:16 PM,01:16 pm
sched_arr_time,1967,12:35 PM,12:35 pm
sched_arr_time,1968,10:06 AM,10:06 am
sched_arr_time,1969,09:55 AM,09:55 am
sched_arr_time,1970,07:55 PM,07:55 pm
sched_arr_time,1971,02:20 PM,02:20 pm
sched_arr_time,1972,07:03 PM,07:03 pm
sched_arr_time,1973,11:35 AM,11:35 am
sched_arr_time,1974,05:00 PM,05:00 pm
sched_arr_time,1975,03:50 PM,03:50 pm
sched_arr_time,1976,01:17 PM,01:17 pm
sched_arr_time,1977,09:20 AM,09:20 am
sched_arr_time,1978,04:57 PM,04:57 pm
sched_arr_time,1979,10:20 AM,10:20 am
sched_arr_time,1980,10:54 AM,10:54 am
sched_arr_time,1981,12:10 PM,12:10 pm
sched_arr_time,1982,02:35 PM,02:35 pm
sched_arr_time,1983,01:39 PM,01:39 pm
sched_arr_time,1984,03:19 PM,03:19 pm
sched_arr_time,1985,02:00 PM,02:00 pm
sched_arr_time,1986,06:15 PM,06:15 pm
sched_arr_time,1987,01:45 PM,01:45 pm
sched_arr_time,1988,08:22 PM,08:22 pm
sched_arr_time,1989,08:56 PM,08:56 pm
sched_arr_time,1990,02:45 PM,02:45 pm
sched_arr_time,1991,05:15 PM,05:15 pm
sched_arr_time,1992,04:00 PM,04:00 pm
sched_arr_time,1993,10:35 AM,10:35 am
sched_arr_time,1994,07:25 PM,07:25 pm
sched_arr_time,1995,09:10 PM,09:10 pm
sched_arr_time,1996,12:21 AM,12:21 am dec 02
sched_arr_time,1997,07:53 PM,07:53 pm
sched_arr_time,1998,12:18 PM,12:18 pm
sched_arr_time,1999,07:30 AM,07:30 am
sched_arr_time,2000,09:35 AM,09:35 am
sched_arr_time,2001,08:05 PM,08:05 pm
sched_arr_time,2002,06:23 PM,06:23 pm
sched_arr_time,2003,07:35 PM,07:35 pm
sched_arr_time,2004,09:45 PM,09:45 pm
sched_arr_time,2005,06:44 PM,06:44 pm
sched_arr_time,2006,10:31 AM,10:31 am
sched_arr_time,2007,02:59 PM,02:59 pm
sched_arr_time,2008,04:31 PM,04:31 pm
sched_arr_time,2009,02:45 PM,02:45 pm
sched_arr_time,2010,04:17 PM,04:17 pm
sched_arr_time,2011,05:50 AM,5:50 am dec 02
sched_arr_time,2012,12:29 AM,12:29 am dec 02
sched_arr_time,2013,12:15 AM,12:15 am dec 02
sched_arr_time,2014,11:50 PM,11:50 pm
sched_arr_time,2015,10:34 AM,10:34 am
sched_arr_time,2016,11:50 AM,11:50 am
sched_arr_time,2017,09:24 AM,09:24 am
sched_arr_time,2018,03:50 PM,03:50 pm
sched_arr_time,2019,04:48 PM,04:48 pm
sched_arr_time,2020,09:43 AM,09:43 am
sched_arr_time,2021,05:11 AM,5:11 amdec 02
sched_arr_time,2022,06:40 PM,06:40 pm
sched_arr_time,2023,08:27 AM,08:27 am
sched_arr_time,2024,01:40 PM,01:40 pm
sched_arr_time,2025,09:20 PM,09:20 pm
sched_arr_time,2026,04:53 PM,04:53 pm
sched_arr_time,2027,07:03 PM,07:03 pm
sched_arr_time,2028,11:45 AM,11:45 am
sched_arr_time,2029,04:05 PM,04:05 pm
sched_arr_time,2030,05:55 PM,05:55 pm
sched_arr_time,2031,11:35 AM,11:35 am
sched_arr_time,2032,02:15 PM,02:15 pm
sched_arr_time,2033,11:05 AM,11:05 am
sched_arr_time,2034,11:53 AM,11:53 am
sched_arr_time,2035,02:35 PM,02:35 pm
sched_arr_time,2036,10:40 AM,10:40 am
sched_arr_time,2037,06:30 PM,06:30 pm
sched_arr_time,2038,08:00 AM,08:00 am
sched_arr_time,2039,05:25 PM,05:25 pm
sched_arr_time,2040,06:40 PM,06:40 pm
sched_arr_time,2041,02:25 PM,02:25 pm
sched_arr_time,2042,11:10 AM,11:10 am
sched_arr_time,2043,04:49 PM,04:49 pm
sched_arr_time,2044,06:17 PM,06:17 pm
sched_arr_time,2045,12:55 PM,12:55 pm
sched_arr_time,2046,07:45 AM,07:45 am
sched_arr_time,2047,07:05 PM,07:05 pm
sched_arr_time,2048,06:40 AM,06:40 am
sched_arr_time,2049,10:45 AM,10:45 am
sched_arr_time,2050,03:30 PM,03:30 pm
sched_arr_time,2051,09:40 AM,09:40 am
sched_arr_time,2052,10:15 PM,10:15 pm
sched_arr_time,2053,09:25 AM,09:25 am
sched_arr_time,2054,11:55 AM,11:55 am
sched_arr_time,2055,09:54 AM,09:54 am
sched_arr_time,2056,10:30 PM,10:30 pm
sched_arr_time,2057,03:15 PM,03:15 pm
sched_arr_time,2058,05:05 PM,05:05 pm
sched_arr_time,2059,02:50 PM,02:50 pm
sched_arr_time,2060,11:19 AM,11:19 am
sched_arr_time,2061,06:55 AM,6:55 am  fri 02-dec-2011
sched_arr_time,2062,07:23 AM,07:23 am
sched_arr_time,2063,05:35 AM,05:35 am
sched_arr_time,2064,06:46 PM,06:46 pm
sched_arr_time,2065,09:21 AM,09:21 am
sched_arr_time,2066,01:16 PM,01:16 pm
sched_arr_time,2067,12:35 PM,12:35 pm
sched_arr_time,2068,10:06 AM,10:06 am
sched_arr_time,2069,09:55 AM,09:55 am
sched_arr_time,2070,07:55 PM,07:55 pm
sched_arr_time,2071,02:20 PM,02:20 pm
sched_arr_time,2072,07:03 PM,07:03 pm
sched_arr_time,2073,11:35 AM,11:35 am
sched_arr_time,2074,05:00 PM,05:00 pm
sched_arr_time,2075,03:50 PM,03:50 pm
sched_arr_time,2076,01:17 PM,01:17 pm
sched_arr_time,2077,09:20 AM,09:20 am
sched_arr_time,2078,04:57 PM,04:57 pm
sched_arr_time,2079,10:20 AM,10:20 am
sched_arr_time,2080,10:54 AM,10:54 am
sched_arr_time,2081,12:10 PM,12:10 pm
sched_arr_time,2082,02:35 PM,02:35 pm
sched_arr_time,2083,01:39 PM,01:39 pm
sched_arr_time,2084,03:19 PM,03:19 pm
sched_arr_time,2085,02:00 PM,02:00 pm
sched_arr_time,2086,06:15 PM,06:15 pm
sched_arr_time,2087,01:45 PM,01:45 pm
sched_arr_time,2088,08:22 PM,08:22 pm
sched_arr_time,2089,08:56 PM,08:56 pm
sched_arr_time,2090,02:45 PM,02:45 pm
sched_arr_time,2091,05:15 PM,05:15 pm
sched_arr_time,2092,04:00 PM,04:00 pm
sched_arr_time,2093,10:35 AM,10:35 am
sched_arr_time,2094,07:25 PM,07:25 pm
sched_arr_time,2095,09:10 PM,09:10 pm
sched_arr_time,2096,12:21 AM,12:21 am  fri 02-dec-2011
sched_arr_time,2097,07:53 PM,07:53 pm
sched_arr_time,2098,12:18 PM,12:18 pm
sched_arr_time,2099,07:30 AM,07:30 am
sched_arr_time,2100,09:35 AM,09:35 am
sched_arr_time,2101,08:05 PM,08:05 pm
sched_arr_time,2102,06:23 PM,06:23 pm
sched_arr_time,2103,07:35 PM,07:35 pm
sched_arr_time,2104,09:45 PM,09:45 pm
sched_arr_time,2105,06:44 PM,06:44 pm
sched_arr_time,2106,10:31 AM,10:31 am
sched_arr_time,2107,02:59 PM,02:59 pm
sched_arr_time,2108,04:31 PM,04:31 pm
sched_arr_time,2109,02:45 PM,02:45 pm
sched_arr_time,2110,04:17 PM,04:17 pm
sched_arr_time,2111,05:50 AM,5:50 am  fri 02-dec-2011
sched_arr_time,2112,12:29 AM,12:29 am  fri 02-dec-2011
sched_arr_time,2113,12:15 AM,12:15 am  fri 02-dec-2011
sched_arr_time,2114,11:50 PM,11:50 pm
sched_arr_time,2115,10:34 AM,10:34 am
sched_arr_time,2116,11:50 AM,11:50 am
sched_arr_time,2117,09:24 AM,09:24 am
sched_arr_time,2118,03:50 PM,03:50 pm
sched_arr_time,2119,04:48 PM,04:48 pm
sched_arr_time,2120,09:43 AM,09:43 am
sched_arr_time,2121,05:11 AM,05:11 am
sched_arr_time,2122,06:40 PM,06:40 pm
sched_arr_time,2123,08:27 AM,08:27 am
sched_arr_time,2124,01:40 PM,01:40 pm
sched_arr_time,2125,09:20 PM,09:20 pm
sched_arr_time,2126,04:53 PM,04:53 pm
sched_arr_time,2127,07:03 PM,07:03 pm
sched_arr_time,2128,11:45 AM,11:45 am
sched_arr_time,2129,04:05 PM,04:05 pm
sched_arr_time,2130,05:55 PM,05:55 pm
sched_arr_time,2131,11:35 AM,11:35 am
sched_arr_time,2132,02:15 PM,02:15 pm
sched_arr_time,2133,11:05 AM,11:05 am
sched_arr_time,2134,11:53 AM,11:53 am
sched_arr_time,2135,02:35 PM,02:35 pm
sched_arr_time,2136,10:40 AM,10:40 am
sched_arr_time,2137,06:30 PM,06:30 pm
sched_arr_time,2138,08:00 AM,08:00 am
sched_arr_time,2139,05:25 PM,05:25 pm
sched_arr_time,2140,06:40 PM,06:40 pm
sched_arr_time,2141,02:25 PM,02:25 pm
sched_arr_time,2142,11:10 AM,11:10 am
sched_arr_time,2143,04:49 PM,04:49 pm
sched_arr_time,2144,06:17 PM,06:17 pm
sched_arr_time,2145,12:55 PM,12:55 pm
sched_arr_time,2146,07:45 AM,07:45 am
sched_arr_time,2147,07:05 PM,07:05 pm
sched_arr_time,2148,06:40 AM,06:40 am
sched_arr_time,2149,10:45 AM,10:45 am
sched_arr_time,2150,03:30 PM,03:30 pm
sched_arr_time,2151,02:50 PM,02:50 pm
sched_arr_time,2152,01:17 PM,01:17 pm
sched_arr_time,2153,12:15 AM,12:15 am
sched_arr_time,2154,07:35 PM,07:35 pm
sched_arr_time,2155,02:35 PM,02:35 pm
sched_arr_time,2156,09:40 AM,09:40 am
sched_arr_time,2157,10:15 PM,10:15 pm
sched_arr_time,2158,09:25 AM,09:25 am
sched_arr_time,2159,11:55 AM,11:55 am
sched_arr_time,2160,09:54 AM,09:54 am
sched_arr_time,2161,10:30 PM,10:30 pm
sched_arr_time,2162,03:15 PM,03:15 pm
sched_arr_time,2163,05:05 PM,05:05 pm
sched_arr_time,2164,02:50 PM,02:50 pm
sched_arr_time,2165,11:19 AM,11:19 am
sched_arr_time,2166,06:55 AM,6:55 am dec 02
sched_arr_time,2167,07:23 AM,07:23 am
sched_arr_time,2168,05:35 AM,05:35 am
sched_arr_time,2169,06:46 PM,06:46 pm
sched_arr_time,2170,09:21 AM,09:21 am
sched_arr_time,2171,01:16 PM,01:16 pm
sched_arr_time,2172,12:35 PM,12:35 pm
sched_arr_time,2173,10:06 AM,10:06 am
sched_arr_time,2174,09:55 AM,09:55 am
sched_arr_time,2175,07:55 PM,07:55 pm
sched_arr_time,2176,02:20 PM,02:20 pm
sched_arr_time,2177,07:03 PM,07:03 pm
sched_arr_time,2178,11:35 AM,11:35 am
sched_arr_time,2179,05:00 PM,05:00 pm
sched_arr_time,2180,03:50 PM,03:50 pm
sched_arr_time,2181,01:17 PM,01:17 pm
sched_arr_time,2182,09:20 AM,09:20 am
sched_arr_time,2183,04:57 PM,04:57 pm
sched_arr_time,2184,10:20 AM,10:20 am
sched_arr_time,2185,10:54 AM,10:54 am
sched_arr_time,2186,12:10 PM,12:10 pm
sched_arr_time,2187,02:35 PM,02:35 pm
sched_arr_time,2188,01:39 PM,01:39 pm
sched_arr_time,2189,03:19 PM,03:19 pm
sched_arr_time,2190,02:00 PM,02:00 pm
sched_arr_time,2191,06:15 PM,06:15 pm
sched_arr_time,2192,01:45 PM,01:45 pm
sched_arr_time,2193,08:22 PM,08:22 pm
sched_arr_time,2194,08:56 PM,08:56 pm
sched_arr_time,2195,02:45 PM,02:45 pm
sched_arr_time,2196,05:15 PM,05:15 pm
sched_arr_time,2197,04:00 PM,04:00 pm
sched_arr_time,2198,10:35 AM,10:35 am
sched_arr_time,2199,07:25 PM,07:25 pm
sched_arr_time,2200,09:10 PM,09:10 pm
sched_arr_time,2201,12:21 AM,12:21 am dec 02
sched_arr_time,2202,07:53 PM,07:53 pm
sched_arr_time,2203,12:18 PM,12:18 pm
sched_arr_time,2204,07:30 AM,07:30 am
sched_arr_time,2205,09:35 AM,09:35 am
sched_arr_time,2206,08:05 PM,08:05 pm
sched_arr_time,2207,06:23 PM,06:23 pm
sched_arr_time,2208,07:35 PM,07:35 pm
sched_arr_time,2209,09:45 PM,09:45 pm
sched_arr_time,2210,06:44 PM,06:44 pm
sched_arr_time,2211,10:31 AM,10:31 am
sched_arr_time,2212,02:59 PM,02:59 pm
sched_arr_time,2213,04:31 PM,04:31 pm
sched_arr_time,2214,02:45 PM,02:45 pm
sched_arr_time,2215,04:17 PM,04:17 pm
sched_arr_time,2216,05:50 AM,5:50 am dec 02
sched_arr_time,2217,12:29 AM,12:29 am dec 02
sched_arr_time,2218,12:15 AM,12:15 am dec 02
sched_arr_time,2219,11:50 PM,11:50 pm
sched_arr_time,2220,10:34 AM,10:34 am
sched_arr_time,2221,11:50 AM,11:50 am
sched_arr_time,2222,09:24 AM,09:24 am
sched_arr_time,2223,03:50 PM,03:50 pm
sched_arr_time,2224,04:48 PM,04:48 pm
sched_arr_time,2225,09:43 AM,09:43 am
sched_arr_time,2226,05:11 AM,5:11 amdec 02
sched_arr_time,2227,06:40 PM,06:40 pm
sched_arr_time,2228,08:27 AM,08:27 am
sched_arr_time,2229,01:40 PM,01:40 pm
sched_arr_time,2230,09:20 PM,09:20 pm
sched_arr_time,2231,04:53 PM,04:53 pm
sched_arr_time,2232,07:03 PM,07:03 pm
sched_arr_time,2233,11:45 AM,11:45 am
sched_arr_time,2234,04:05 PM,04:05 pm
sched_arr_time,2235,05:55 PM,05:55 pm
sched_arr_time,2236,11:35 AM,11:35 am
sched_arr_time,2237,02:15 PM,02:15 pm
sched_arr_time,2238,11:05 AM,11:05 am
sched_arr_time,2239,11:53 AM,11:53 am
sched_arr_time,2240,02:35 PM,02:35 pm
sched_arr_time,2241,10:40 AM,10:40 am
sched_arr_time,2242,06:30 PM,06:30 pm
sched_arr_time,2243,08:00 AM,08:00 am
sched_arr_time,2244,05:25 PM,05:25 pm
sched_arr_time,2245,06:40 PM,06:40 pm
sched_arr_time,2246,02:25 PM,02:25 pm
sched_arr_time,2247,11:10 AM,11:10 am
sched_arr_time,2248,04:49 PM,04:49 pm
sched_arr_time,2249,06:17 PM,06:17 pm
sched_arr_time,2250,12:55 PM,12:55 pm
sched_arr_time,2251,07:45 AM,07:45 am
sched_arr_time,2252,07:05 PM,07:05 pm
sched_arr_time,2253,06:40 AM,06:40 am
sched_arr_time,2254,10:45 AM,10:45 am
sched_arr_time,2255,03:30 PM,03:30 pm
sched_arr_time,2256,09:40 AM,09:30 am
sched_arr_time,2257,09:25 AM,08:54 am
sched_arr_time,2258,10:15 PM,09:40 pm
sched_arr_time,2259,09:54 AM,09:34 am
sched_arr_time,2260,10:30 PM,10:15 pm
sched_arr_time,2261,06:55 AM,06:30 am
sched_arr_time,2262,06:46 PM,06:34 pm
sched_arr_time,2263,09:21 AM,09:11 am
sched_arr_time,2264,09:55 AM,09:45 am
sched_arr_time,2265,07:55 PM,07:26 pm
sched_arr_time,2266,12:35 PM,12:12 pm
sched_arr_time,2267,03:50 PM,03:33 pm
sched_arr_time,2268,01:17 PM,12:51 pm
sched_arr_time,2269,09:20 AM,08:51 am
sched_arr_time,2270,04:57 PM,04:37 pm
sched_arr_time,2271,11:05 AM,10:55 am
sched_arr_time,2272,12:10 PM,11:43 am
sched_arr_time,2273,08:00 AM,07:50 am
sched_arr_time,2274,02:35 PM,02:14 pm
sched_arr_time,2275,07:45 AM,07:25 am
sched_arr_time,2276,02:45 PM,02:35 pm
sched_arr_time,2277,03:19 PM,02:48 pm
sched_arr_time,2278,06:15 PM,05:40 pm
sched_arr_time,2279,01:45 PM,01:35 pm
sched_arr_time,2280,08:22 PM,08:04 pm
sched_arr_time,2281,11:10 AM,10:43 am
sched_arr_time,2282,08:56 PM,08:46 pm
sched_arr_time,2283,02:25 PM,01:57 pm
sched_arr_time,2284,02:45 PM,02:10 pm
sched_arr_time,2285,04:00 PM,03:50 pm
sched_arr_time,2286,10:35 AM,10:18 am
sched_arr_time,2287,07:25 PM,07:08 pm
sched_arr_time,2288,09:10 PM,09:00 pm
sched_arr_time,2289,03:15 PM,02:47 pm
sched_arr_time,2290,12:21 AM,11:52 pm
sched_arr_time,2291,12:18 PM,12:08 pm
sched_arr_time,2292,07:30 AM,06:50 am
sched_arr_time,2293,09:35 AM,09:00 am
sched_arr_time,2294,08:05 PM,07:38 pm
sched_arr_time,2295,06:23 PM,06:00 pm
sched_arr_time,2296,09:45 PM,09:25 pm
sched_arr_time,2297,02:59 PM,02:35 pm
sched_arr_time,2298,04:31 PM,04:20 pm
sched_arr_time,2299,04:17 PM,03:55 pm
sched_arr_time,2300,12:29 AM,12:09 am
sched_arr_time,2301,12:15 AM,12:05 am
sched_arr_time,2302,11:50 PM,11:31 pm
sched_arr_time,2303,10:34 AM,09:25 am
sched_arr_time,2304,11:50 AM,11:22 am
sched_arr_time,2305,03:50 PM,03:30 pm
sched_arr_time,2306,05:11 AM,05:08 am
sched_arr_time,2307,06:40 PM,06:15 pm
sched_arr_time,2308,09:20 PM,09:10 pm
sched_arr_time,2309,04:05 PM,03:55 pm
sched_arr_time,2310,05:55 PM,05:17 pm
sched_arr_time,2311,11:35 AM,10:57 am
sched_arr_time,2312,02:15 PM,02:05 pm
sched_arr_time,2313,02:35 PM,02:17 pm
sched_arr_time,2314,06:30 PM,05:57 pm
sched_arr_time,2315,06:40 PM,06:30 pm
sched_arr_time,2316,03:30 PM,02:52 pm
sched_arr_time,2317,06:17 PM,06:07 pm
sched_arr_time,2318,12:55 PM,12:45 pm
sched_arr_time,2319,07:05 PM,06:31 pm
sched_arr_time,2320,06:40 AM,06:30 am
sched_arr_time,2321,10:45 AM,10:09 am
sched_arr_time,2322,09:40 AM,09:40 am
sched_arr_time,2323,09:25 AM,09:25 am
sched_arr_time,2324,11:55 AM,11:55 am
sched_arr_time,2325,10:30 PM,10:30 pm
sched_arr_time,2326,07:25 PM,07:25 pm
sched_arr_time,2327,12:21 AM,12:21 am
sched_arr_time,2328,05:05 PM,05:05 pm
sched_arr_time,2329,06:55 AM,06:55 am
sched_arr_time,2330,06:46 PM,06:46 pm
sched_arr_time,2331,09:55 AM,09:55 am
sched_arr_time,2332,07:55 PM,07:55 pm
sched_arr_time,2333,12:35 PM,12:35 pm
sched_arr_time,2334,03:50 PM,03:50 pm
sched_arr_time,2335,09:20 AM,09:20 am
sched_arr_time,2336,04:57 PM,04:57 pm
sched_arr_time,2337,11:05 AM,11:05 am
sched_arr_time,2338,12:10 PM,12:10 pm
sched_arr_time,2339,08:00 AM,08:00 am
sched_arr_time,2340,02:35 PM,02:35 pm
sched_arr_time,2341,07:45 AM,07:45 am
sched_arr_time,2342,02:45 PM,02:45 pm
sched_arr_time,2343,01:45 PM,01:45 pm
sched_arr_time,2344,11:10 AM,11:10 am
sched_arr_time,2345,02:25 PM,02:25 pm
sched_arr_time,2346,02:45 PM,02:45 pm
sched_arr_time,2347,10:35 AM,10:35 am
sched_arr_time,2348,09:10 PM,09:10 pm
sched_arr_time,2349,03:15 PM,03:15 pm
sched_arr_time,2350,12:18 PM,12:18 pm
sched_arr_time,2351,07:30 AM,07:30 am
sched_arr_time,2352,09:35 AM,09:35 am
sched_arr_time,2353,06:23 PM,06:23 pm
sched_arr_time,2354,09:45 PM,09:45 pm
sched_arr_time,2355,04:31 PM,04:31 pm
sched_arr_time,2356,05:50 AM,05:50 am
sched_arr_time,2357,12:29 AM,12:29 am
sched_arr_time,2358,12:15 AM,12:15 am
sched_arr_time,2359,11:50 PM,11:50 pm
sched_arr_time,2360,10:34 AM,10:34 am
sched_arr_time,2361,11:50 AM,11:50 am
sched_arr_time,2362,06:15 PM,06:15 pm
sched_arr_time,2363,03:50 PM,03:50 pm
sched_arr_time,2364,04:05 PM,04:05 pm
sched_arr_time,2365,05:55 PM,05:55 pm
sched_arr_time,2366,11:35 AM,11:35 am
sched_arr_time,2367,02:15 PM,02:15 pm
sched_arr_time,2368,02:35 PM,02:35 pm
sched_arr_time,2369,06:30 PM,06:30 pm
sched_arr_time,2370,06:40 PM,06:40 pm
sched_arr_time,2371,03:30 PM,03:30 pm
sched_arr_time,2372,06:17 PM,06:17 pm
sched_arr_time,2373,12:55 PM,12:55 pm
sched_arr_time,2374,07:05 PM,07:05 pm
sched_arr_time,2375,06:40 AM,06:40 am
sched_arr_time,2376,10:45 AM,10:45 am
act_arr_time,1,09:32 AM,09:32 am
act_arr_time,2,10:30 PM,10:28 pm
act_arr_time,3,07:25 PM,07:25 pm
act_arr_time,4,09:28 AM,09:28 am
act_arr_time,5,02:50 PM,02:50 pm
act_arr_time,6,06:55 AM,06:55 am
act_arr_time,7,09:45 AM,09:45 am
act_arr_time,8,07:39 PM,07:39 pm
act_arr_time,9,04:09 PM,04:09 pm
act_arr_time,10,09:05 AM,09:05 am
act_arr_time,11,01:40 PM,01:40 pm
act_arr_time,12,11:01 AM,11:01 am
act_arr_time,13,11:56 AM,11:56 am
act_arr_time,14,08:06 AM,08:06 am
act_arr_time,15,03:30 PM,03:30 pm
act_arr_time,16,01:27 PM,01:27 pm
act_arr_time,17,02:10 PM,02:10 pm
act_arr_time,18,11:06 AM,11:06 am
act_arr_time,19,07:40 AM,07:40 am
act_arr_time,20,02:27 PM,02:27 pm
act_arr_time,21,02:46 PM,02:46 pm
act_arr_time,22,03:33 PM,03:33 pm
act_arr_time,23,10:36 AM,10:36 am
act_arr_time,24,08:53 PM,08:53 pm
act_arr_time,25,03:16 PM,03:16 pm
act_arr_time,26,07:51 AM,07:51 am
act_arr_time,27,09:31 AM,09:31 am
act_arr_time,28,07:55 PM,07:55 pm
act_arr_time,29,09:53 PM,09:53 pm
act_arr_time,30,03:04 PM,03:04 pm
act_arr_time,31,12:50 PM,12:50 pm
act_arr_time,32,05:50 AM,05:49 am
act_arr_time,33,12:15 AM,11:49 pm
act_arr_time,34,11:50 PM,11:35 pm
act_arr_time,35,10:04 AM,10:04 am
act_arr_time,36,11:44 AM,11:44 am
act_arr_time,37,03:50 PM,03:26 pm
act_arr_time,38,09:20 PM,09:11 pm
act_arr_time,39,03:43 PM,03:43 pm
act_arr_time,40,05:43 PM,05:43 pm
act_arr_time,41,11:06 AM,11:06 am
act_arr_time,42,01:43 PM,01:43 pm
act_arr_time,43,03:13 PM,03:13 pm
act_arr_time,44,10:16 AM,10:16 am
act_arr_time,45,06:43 PM,06:43 pm
act_arr_time,46,04:56 PM,04:56 pm
act_arr_time,47,06:15 PM,06:15 pm
act_arr_time,48,03:14 PM,03:14 pm
act_arr_time,49,06:19 AM,06:19 am
act_arr_time,50,11:12 AM,11:12 am
act_arr_time,51,09:32 AM,09:22 am
act_arr_time,52,10:29 PM,10:02 pm
act_arr_time,53,09:28 AM,09:14 am
act_arr_time,54,11:58 AM,11:30 am
act_arr_time,55,09:43 AM,09:29 am
act_arr_time,56,10:30 PM,10:31 pm
act_arr_time,57,05:17 PM,05:14 pm
act_arr_time,58,03:31 PM,03:25 pm
act_arr_time,59,04:56 PM,04:54 pm
act_arr_time,60,11:21 AM,11:11 am
act_arr_time,61,06:55 AM,12/2/11 6:35 am
act_arr_time,62,07:17 AM,07:04 am
act_arr_time,63,05:26 AM,05:23 am
act_arr_time,64,06:28 PM,06:25 pm
act_arr_time,65,09:14 AM,09:08 am
act_arr_time,66,01:19 PM,01:09 pm
act_arr_time,67,01:27 PM,01:11 pm
act_arr_time,68,09:56 AM,09:56 am
act_arr_time,69,09:45 AM,09:29 am
act_arr_time,70,07:39 PM,07:37 pm
act_arr_time,71,01:40 PM,01:36 pm
act_arr_time,72,07:10 PM,06:59 pm
act_arr_time,73,11:32 AM,11:04 am
act_arr_time,74,04:47 PM,04:43 pm
act_arr_time,75,04:09 PM,04:08 pm
act_arr_time,76,01:14 PM,01:06 pm
act_arr_time,77,09:05 AM,08:50 am
act_arr_time,78,05:05 PM,05:00 pm
act_arr_time,79,10:27 AM,10:18 am
act_arr_time,80,10:56 AM,10:47 am
act_arr_time,81,11:56 AM,11:50 am
act_arr_time,82,03:30 PM,03:13 pm
act_arr_time,83,01:30 PM,01:23 pm
act_arr_time,84,03:21 PM,03:09 pm
act_arr_time,85,02:10 PM,01:55 pm
act_arr_time,86,05:42 PM,05:22 pm
act_arr_time,87,01:15 PM,01:11 pm
act_arr_time,88,08:03 PM,07:43 pm
act_arr_time,89,09:52 PM,08:46 pm
act_arr_time,90,02:46 PM,02:39 pm
act_arr_time,91,05:34 PM,05:24 pm
act_arr_time,92,03:33 PM,03:25 pm
act_arr_time,93,10:36 AM,10:34 am
act_arr_time,94,07:25 PM,07:25 pm
act_arr_time,95,08:53 PM,08:38 pm
act_arr_time,96,03:16 PM,03:04 pm
act_arr_time,97,12:21 AM,12:02 am
act_arr_time,98,07:58 PM,07:20 pm
act_arr_time,99,12:09 PM,12:02 pm
act_arr_time,100,07:51 AM,07:49 am
act_arr_time,101,09:31 AM,09:26 am
act_arr_time,102,07:55 PM,07:43 pm
act_arr_time,103,11:06 AM,10:43 am
act_arr_time,104,06:38 PM,06:28 pm
act_arr_time,105,07:36 PM,07:23 pm
act_arr_time,106,09:53 PM,09:47 pm
act_arr_time,107,06:34 PM,06:13 pm
act_arr_time,108,10:47 AM,10:43 am
act_arr_time,109,03:04 PM,02:58 pm
act_arr_time,110,04:23 PM,04:20 pm
act_arr_time,111,02:50 PM,02:50 pm
act_arr_time,112,04:17 PM,04:05 pm
act_arr_time,113,05:50 AM,05:52 am
act_arr_time,114,12:29 AM,12/2/11 12:01 am
act_arr_time,115,12:15 AM,11:49 pm
act_arr_time,116,11:50 PM,11:35 pm
act_arr_time,117,10:04 AM,09:45 am
act_arr_time,118,11:44 AM,11:33 am
act_arr_time,119,09:13 AM,09:13 am
act_arr_time,120,03:50 PM,03:29 pm
act_arr_time,121,04:59 PM,04:55 pm
act_arr_time,122,08:45 AM,08:33 am
act_arr_time,123,05:11 AM,05:21 am
act_arr_time,124,06:40 PM,06:19 pm
act_arr_time,125,08:02 AM,07:50 am
act_arr_time,126,02:00 PM,01:52 pm
act_arr_time,127,09:20 PM,09:12 pm
act_arr_time,128,04:44 PM,04:22 pm
act_arr_time,129,07:10 PM,06:59 pm
act_arr_time,130,11:56 AM,11:45 am
act_arr_time,131,03:43 PM,03:36 pm
act_arr_time,132,05:43 PM,05:39 pm
act_arr_time,133,11:06 AM,11:04 am
act_arr_time,134,01:43 PM,01:42 pm
act_arr_time,135,11:01 AM,10:58 am
act_arr_time,136,12:09 PM,12:00 pm
act_arr_time,137,03:13 PM,02:49 pm
act_arr_time,138,10:16 AM,10:12 am
act_arr_time,139,06:43 PM,06:30 pm
act_arr_time,140,08:06 AM,07:59 am
act_arr_time,141,06:15 PM,06:11 pm
act_arr_time,142,02:27 PM,02:21 pm
act_arr_time,143,05:26 PM,05:09 pm
act_arr_time,144,05:38 PM,05:34 pm
act_arr_time,145,12:50 PM,12:37 pm
act_arr_time,146,07:40 AM,07:37 am
act_arr_time,147,06:36 PM,06:33 pm
act_arr_time,148,06:19 AM,06:15 am
act_arr_time,149,11:12 AM,10:52 am
act_arr_time,150,03:14 PM,03:12 pm
act_arr_time,151,09:32 AM,09:22 am
act_arr_time,152,10:29 PM,10:23 pm
act_arr_time,153,09:28 AM,09:12 am
act_arr_time,154,11:58 AM,11:35 am
act_arr_time,155,09:43 AM,09:40 am
act_arr_time,156,10:30 PM,10:39 pm&nbsp(estimated)
act_arr_time,157,03:16 PM,03:10 pm
act_arr_time,158,05:17 PM,05:17 pm
act_arr_time,159,03:31 PM,03:25 pm
act_arr_time,160,11:21 AM,11:18 am
act_arr_time,161,06:55 AM,not available
act_arr_time,162,07:17 AM,07:10 am
act_arr_time,163,05:26 AM,05:23 am
act_arr_time,164,06:28 PM,06:25 pm
act_arr_time,165,09:14 AM,09:09 am
act_arr_time,166,01:19 PM,01:09 pm
act_arr_time,167,01:27 PM,01:18 pm
act_arr_time,168,09:56 AM,09:54 am
act_arr_time,169,09:45 AM,09:42 am
act_arr_time,170,07:39 PM,07:35 pm
act_arr_time,171,01:40 PM,01:34 pm
act_arr_time,172,07:10 PM,06:59 pm
act_arr_time,173,11:32 AM,11:26 am
act_arr_time,174,04:47 PM,04:45 pm
act_arr_time,175,04:09 PM,04:09 pm
act_arr_time,176,01:14 PM,01:12 pm
act_arr_time,177,09:05 AM,09:00 am
act_arr_time,178,05:05 PM,05:03 pm
act_arr_time,179,10:27 AM,10:18 am
act_arr_time,180,10:56 AM,10:47 am
act_arr_time,181,11:56 AM,11:50 am
act_arr_time,182,03:30 PM,03:19 pm
act_arr_time,183,01:30 PM,01:27 pm
act_arr_time,184,03:21 PM,03:20 pm
act_arr_time,185,02:10 PM,02:01 pm
act_arr_time,186,05:42 PM,05:28 pm
act_arr_time,187,01:15 PM,01:14 pm
act_arr_time,188,08:03 PM,07:55 pm
act_arr_time,189,09:52 PM,09:38 pm
act_arr_time,190,02:46 PM,02:37 pm
act_arr_time,191,05:34 PM,05:24 pm
act_arr_time,192,03:33 PM,03:25 pm
act_arr_time,193,10:36 AM,10:29 am
act_arr_time,194,07:25 PM,not available
act_arr_time,195,08:53 PM,08:43 pm
act_arr_time,196,12:21 AM,not available
act_arr_time,197,07:58 PM,07:53 pm
act_arr_time,198,12:09 PM,12:03 pm
act_arr_time,199,07:51 AM,07:51 am
act_arr_time,200,09:31 AM,09:29 am
act_arr_time,201,07:55 PM,07:53 pm
act_arr_time,202,06:38 PM,06:36 pm
act_arr_time,203,07:36 PM,07:26 pm
act_arr_time,204,09:53 PM,09:49 pm
act_arr_time,205,06:34 PM,06:13 pm
act_arr_time,206,10:47 AM,10:45 am
act_arr_time,207,03:04 PM,02:56 pm
act_arr_time,208,04:23 PM,04:18 pm
act_arr_time,209,02:50 PM,02:52 pm
act_arr_time,210,04:17 PM,04:06 pm
act_arr_time,211,05:50 AM,05:49 am
act_arr_time,212,12:29 AM,not available
act_arr_time,213,12:15 AM,not available
act_arr_time,214,11:50 PM,not available
act_arr_time,215,10:04 AM,09:58 am
act_arr_time,216,11:44 AM,11:40 am
act_arr_time,217,09:13 AM,09:11 am
act_arr_time,218,03:50 PM,not available
act_arr_time,219,04:59 PM,04:55 pm
act_arr_time,220,08:45 AM,08:41 am
act_arr_time,221,05:11 AM,05:21 am
act_arr_time,222,06:40 PM,06:19 pm
act_arr_time,223,08:02 AM,07:58 am
act_arr_time,224,02:00 PM,02:02 pm
act_arr_time,225,09:20 PM,09:11 pm
act_arr_time,226,04:44 PM,04:24 pm
act_arr_time,227,07:10 PM,06:59 pm
act_arr_time,228,11:56 AM,12:10 pm
act_arr_time,229,03:43 PM,03:36 pm
act_arr_time,230,05:43 PM,05:34 pm
act_arr_time,231,11:06 AM,11:07 am
act_arr_time,232,01:43 PM,01:40 pm
act_arr_time,233,11:01 AM,11:00 am
act_arr_time,234,12:09 PM,12:00 pm
act_arr_time,235,03:13 PM,03:01 pm
act_arr_time,236,10:16 AM,10:10 am
act_arr_time,237,06:43 PM,06:36 pm
act_arr_time,238,08:06 AM,07:57 am
act_arr_time,239,04:56 PM,04:52 pm
act_arr_time,240,06:15 PM,06:09 pm
act_arr_time,241,02:27 PM,02:18 pm
act_arr_time,242,11:06 AM,10:53 am
act_arr_time,243,05:26 PM,05:09 pm
act_arr_time,244,05:38 PM,05:35 pm
act_arr_time,245,12:50 PM,12:48 pm
act_arr_time,246,07:40 AM,07:32 am
act_arr_time,247,06:36 PM,06:33 pm
act_arr_time,248,06:19 AM,06:07 am
act_arr_time,249,11:12 AM,11:00 am
act_arr_time,250,03:14 PM,03:09 pm
act_arr_time,251,09:32 AM,09:22 am
act_arr_time,252,09:28 AM,09:09 am
act_arr_time,253,11:58 AM,11:34 am
act_arr_time,254,09:43 AM,09:29 am
act_arr_time,255,10:30 PM,10:28 pm
act_arr_time,256,07:25 PM,07:35 pm
act_arr_time,257,05:17 PM,05:14 pm
act_arr_time,258,03:31 PM,03:25 pm
act_arr_time,259,04:56 PM,04:52 pm
act_arr_time,260,11:21 AM,11:11 am
act_arr_time,261,06:55 AM,07:02 am
act_arr_time,262,07:17 AM,07:04 am
act_arr_time,263,02:50 PM,02:36 pm
act_arr_time,264,06:28 PM,06:23 pm
act_arr_time,265,01:19 PM,01:09 pm
act_arr_time,266,09:45 AM,09:29 am
act_arr_time,267,09:56 AM,09:54 am
act_arr_time,268,07:39 PM,07:35 pm
act_arr_time,269,07:10 PM,06:59 pm
act_arr_time,270,04:09 PM,03:26 pm
act_arr_time,271,09:05 AM,08:50 am
act_arr_time,272,05:05 PM,04:57 pm
act_arr_time,273,10:27 AM,10:18 am
act_arr_time,274,10:56 AM,10:47 am
act_arr_time,275,01:40 PM,01:34 pm
act_arr_time,276,11:56 AM,11:50 am
act_arr_time,277,08:06 AM,07:57 am
act_arr_time,278,03:30 PM,03:13 pm
act_arr_time,279,05:26 AM,05:23 am
act_arr_time,280,01:27 PM,01:11 pm
act_arr_time,281,02:10 PM,01:55 pm
act_arr_time,282,01:15 PM,01:08 pm
act_arr_time,283,11:06 AM,10:52 am
act_arr_time,284,02:27 PM,02:17 pm
act_arr_time,285,02:46 PM,02:36 pm
act_arr_time,286,10:36 AM,10:34 am
act_arr_time,287,11:32 AM,11:04 am
act_arr_time,288,08:53 PM,08:38 pm
act_arr_time,289,03:16 PM,03:09 pm
act_arr_time,290,12:21 AM,12:02 am
act_arr_time,291,07:58 PM,07:20 pm
act_arr_time,292,12:09 PM,12:02 pm
act_arr_time,293,07:51 AM,07:49 am
act_arr_time,294,09:31 AM,09:23 am
act_arr_time,295,06:38 PM,06:28 pm
act_arr_time,296,07:36 PM,07:23 pm
act_arr_time,297,09:53 PM,09:47 pm
act_arr_time,298,06:34 PM,06:13 pm
act_arr_time,299,10:47 AM,10:43 am
act_arr_time,300,03:04 PM,02:52 pm
act_arr_time,301,04:23 PM,04:18 pm
act_arr_time,302,05:50 AM,05:49 am
act_arr_time,303,12:29 AM,11:56 pm
act_arr_time,304,12:15 AM,11:49 pm
act_arr_time,305,11:50 PM,11:54 pm
act_arr_time,306,10:04 AM,09:56 am
act_arr_time,307,11:44 AM,11:39 am
act_arr_time,308,05:42 PM,05:22 pm
act_arr_time,309,09:13 AM,09:11 am
act_arr_time,310,03:50 PM,03:26 pm
act_arr_time,311,04:59 PM,04:55 pm
act_arr_time,312,08:45 AM,08:33 am
act_arr_time,313,08:02 AM,07:50 am
act_arr_time,314,02:00 PM,01:52 pm
act_arr_time,315,09:20 PM,09:11 pm
act_arr_time,316,04:44 PM,04:22 pm
act_arr_time,317,07:10 PM,06:59 pm
act_arr_time,318,03:43 PM,03:36 pm
act_arr_time,319,05:43 PM,05:34 pm
act_arr_time,320,11:06 AM,11:04 am
act_arr_time,321,04:47 PM,04:43 pm
act_arr_time,322,01:43 PM,01:40 pm
act_arr_time,323,11:01 AM,10:58 am
act_arr_time,324,12:09 PM,12:00 pm
act_arr_time,325,03:13 PM,02:49 pm
act_arr_time,326,01:30 PM,01:23 pm
act_arr_time,327,10:16 AM,10:10 am
act_arr_time,328,06:43 PM,06:11 pm
act_arr_time,329,06:15 PM,06:09 pm
act_arr_time,330,05:26 PM,05:09 pm
act_arr_time,331,05:38 PM,05:34 pm
act_arr_time,332,12:50 PM,12:37 pm
act_arr_time,333,07:40 AM,07:40 am
act_arr_time,334,06:36 PM,06:33 pm
act_arr_time,335,06:19 AM,06:07 am
act_arr_time,336,11:12 AM,10:49 am
act_arr_time,337,03:14 PM,03:09 pm
act_arr_time,338,09:32 AM,09:22 am
act_arr_time,339,10:29 PM,10:02 pm
act_arr_time,340,09:28 AM,09:14 am
act_arr_time,341,11:58 AM,11:30 am
act_arr_time,342,09:43 AM,09:29 am
act_arr_time,343,10:30 PM,10:31 pm
act_arr_time,344,05:17 PM,05:14 pm
act_arr_time,345,03:31 PM,03:25 pm
act_arr_time,346,04:56 PM,04:54 pm
act_arr_time,347,11:21 AM,11:11 am
act_arr_time,348,06:55 AM,12/2/11 6:35 am
act_arr_time,349,07:17 AM,07:04 am
act_arr_time,350,05:26 AM,05:23 am
act_arr_time,351,06:28 PM,06:25 pm
act_arr_time,352,09:14 AM,09:08 am
act_arr_time,353,01:19 PM,01:09 pm
act_arr_time,354,01:27 PM,01:11 pm
act_arr_time,355,09:56 AM,09:56 am
act_arr_time,356,09:45 AM,09:29 am
act_arr_time,357,07:39 PM,07:37 pm
act_arr_time,358,01:40 PM,01:36 pm
act_arr_time,359,07:10 PM,06:59 pm
act_arr_time,360,11:32 AM,11:04 am
act_arr_time,361,04:47 PM,04:43 pm
act_arr_time,362,04:09 PM,04:08 pm
act_arr_time,363,01:14 PM,01:06 pm
act_arr_time,364,09:05 AM,08:50 am
act_arr_time,365,05:05 PM,05:00 pm
act_arr_time,366,10:27 AM,10:18 am
act_arr_time,367,10:56 AM,10:47 am
act_arr_time,368,11:56 AM,11:50 am
act_arr_time,369,03:30 PM,03:13 pm
act_arr_time,370,01:30 PM,01:23 pm
act_arr_time,371,03:21 PM,03:09 pm
act_arr_time,372,02:10 PM,01:55 pm
act_arr_time,373,05:42 PM,05:22 pm
act_arr_time,374,01:15 PM,01:11 pm
act_arr_time,375,08:03 PM,07:43 pm
act_arr_time,376,09:52 PM,08:46 pm
act_arr_time,377,02:46 PM,02:39 pm
act_arr_time,378,05:34 PM,05:24 pm
act_arr_time,379,03:33 PM,03:25 pm
act_arr_time,380,10:36 AM,10:34 am
act_arr_time,381,07:25 PM,07:25 pm
act_arr_time,382,08:53 PM,08:38 pm
act_arr_time,383,03:16 PM,03:04 pm
act_arr_time,384,12:21 AM,12:02 am
act_arr_time,385,07:58 PM,07:20 pm
act_arr_time,386,12:09 PM,12:02 pm
act_arr_time,387,07:51 AM,07:49 am
act_arr_time,388,09:31 AM,09:26 am
act_arr_time,389,07:55 PM,07:43 pm
act_arr_time,390,11:06 AM,10:43 am
act_arr_time,391,06:38 PM,06:28 pm
act_arr_time,392,07:36 PM,07:23 pm
act_arr_time,393,09:53 PM,09:47 pm
act_arr_time,394,06:34 PM,06:13 pm
act_arr_time,395,10:47 AM,10:43 am
act_arr_time,396,03:04 PM,02:58 pm
act_arr_time,397,04:23 PM,04:20 pm
act_arr_time,398,02:50 PM,02:50 pm
act_arr_time,399,04:17 PM,04:05 pm
act_arr_time,400,05:50 AM,05:52 am
act_arr_time,401,12:29 AM,12/2/11 12:01 am
act_arr_time,402,12:15 AM,11:49 pm
act_arr_time,403,11:50 PM,11:35 pm
act_arr_time,404,10:04 AM,09:45 am
act_arr_time,405,11:44 AM,11:33 am
act_arr_time,406,09:13 AM,09:13 am
act_arr_time,407,03:50 PM,03:29 pm
act_arr_time,408,04:59 PM,04:55 pm
act_arr_time,409,08:45 AM,08:33 am
act_arr_time,410,05:11 AM,05:21 am
act_arr_time,411,06:40 PM,06:19 pm
act_arr_time,412,08:02 AM,07:50 am
act_arr_time,413,02:00 PM,01:52 pm
act_arr_time,414,09:20 PM,09:12 pm
act_arr_time,415,04:44 PM,04:22 pm
act_arr_time,416,07:10 PM,06:59 pm
act_arr_time,417,11:56 AM,11:45 am
act_arr_time,418,03:43 PM,03:36 pm
act_arr_time,419,05:43 PM,05:39 pm
act_arr_time,420,11:06 AM,11:04 am
act_arr_time,421,01:43 PM,01:42 pm
act_arr_time,422,11:01 AM,10:58 am
act_arr_time,423,12:09 PM,12:00 pm
act_arr_time,424,03:13 PM,02:49 pm
act_arr_time,425,10:16 AM,10:12 am
act_arr_time,426,06:43 PM,06:30 pm
act_arr_time,427,08:06 AM,07:59 am
act_arr_time,428,06:15 PM,06:11 pm
act_arr_time,429,02:27 PM,02:21 pm
act_arr_time,430,05:26 PM,05:09 pm
act_arr_time,431,05:38 PM,05:34 pm
act_arr_time,432,12:50 PM,12:37 pm
act_arr_time,433,07:40 AM,07:37 am
act_arr_time,434,06:36 PM,06:33 pm
act_arr_time,435,06:19 AM,06:15 am
act_arr_time,436,11:12 AM,10:52 am
act_arr_time,437,03:14 PM,03:12 pm
act_arr_time,438,09:32 AM,09:22 am
act_arr_time,439,10:29 PM,10:29 pm
act_arr_time,440,09:28 AM,09:28 am
act_arr_time,441,11:58 AM,11:58 am
act_arr_time,442,09:43 AM,09:43 am
act_arr_time,443,10:30 PM,10:28 pm
act_arr_time,444,03:16 PM,03:16 pm
act_arr_time,445,05:17 PM,05:17 pm
act_arr_time,446,03:31 PM,03:31 pm
act_arr_time,447,11:21 AM,11:21 am
act_arr_time,448,06:55 AM,06:55 am
act_arr_time,449,07:17 AM,07:17 am
act_arr_time,450,05:26 AM,05:26 am
act_arr_time,451,06:28 PM,06:25 pm
act_arr_time,452,09:14 AM,09:09 am
act_arr_time,453,01:19 PM,01:19 pm
act_arr_time,454,01:27 PM,01:18 pm
act_arr_time,455,09:56 AM,09:56 am
act_arr_time,456,09:45 AM,09:45 am
act_arr_time,457,07:39 PM,07:39 pm
act_arr_time,458,01:40 PM,01:40 pm
act_arr_time,459,07:10 PM,07:10 pm
act_arr_time,460,11:32 AM,11:32 am
act_arr_time,461,04:47 PM,05:00 pm
act_arr_time,462,04:09 PM,04:09 pm
act_arr_time,463,01:14 PM,01:14 pm
act_arr_time,464,09:05 AM,09:05 am
act_arr_time,465,05:05 PM,05:03 pm
act_arr_time,466,10:27 AM,10:27 am
act_arr_time,467,10:56 AM,10:56 am
act_arr_time,468,11:56 AM,11:50 am
act_arr_time,469,03:30 PM,03:19 pm
act_arr_time,470,01:30 PM,01:30 pm
act_arr_time,471,03:21 PM,03:21 pm
act_arr_time,472,02:10 PM,02:01 pm
act_arr_time,473,05:42 PM,05:42 pm
act_arr_time,474,01:15 PM,01:14 pm
act_arr_time,475,08:03 PM,08:03 pm
act_arr_time,476,09:52 PM,09:38 pm
act_arr_time,477,02:46 PM,02:46 pm
act_arr_time,478,05:34 PM,05:34 pm
act_arr_time,479,03:33 PM,03:25 pm
act_arr_time,480,10:36 AM,10:29 am
act_arr_time,481,07:25 PM,07:25 pm
act_arr_time,482,08:53 PM,08:43 pm
act_arr_time,483,12:21 AM,12:02 am
act_arr_time,484,07:58 PM,07:58 pm
act_arr_time,485,12:09 PM,12:09 pm
act_arr_time,486,07:51 AM,07:51 am
act_arr_time,487,09:31 AM,09:29 am
act_arr_time,488,07:55 PM,07:53 pm
act_arr_time,489,06:38 PM,06:35 pm
act_arr_time,490,07:36 PM,07:36 pm
act_arr_time,491,09:53 PM,09:49 pm
act_arr_time,492,06:34 PM,06:34 pm
act_arr_time,493,10:47 AM,10:45 am
act_arr_time,494,03:04 PM,03:04 pm
act_arr_time,495,04:23 PM,04:23 pm
act_arr_time,496,02:50 PM,02:52 pm
act_arr_time,497,04:17 PM,04:17 pm
act_arr_time,498,05:50 AM,05:49 am
act_arr_time,499,12:29 AM,11:56 pm
act_arr_time,500,12:15 AM,11:49 pm
act_arr_time,501,11:50 PM,11:35 pm
act_arr_time,502,10:04 AM,10:04 am
act_arr_time,503,11:44 AM,11:44 am
act_arr_time,504,09:13 AM,09:13 am
act_arr_time,505,03:50 PM,03:26 pm
act_arr_time,506,04:59 PM,04:59 pm
act_arr_time,507,08:45 AM,08:45 am
act_arr_time,508,05:11 AM,05:21 am
act_arr_time,509,06:40 PM,06:09 pm
act_arr_time,510,08:02 AM,08:02 am
act_arr_time,511,02:00 PM,02:02 pm
act_arr_time,512,09:20 PM,09:11 pm
act_arr_time,513,04:44 PM,04:24 pm
act_arr_time,514,07:10 PM,07:10 pm
act_arr_time,515,11:56 AM,12:12 pm
act_arr_time,516,03:43 PM,03:36 pm
act_arr_time,517,05:43 PM,05:34 pm
act_arr_time,518,11:06 AM,11:07 am
act_arr_time,519,01:43 PM,01:43 pm
act_arr_time,520,11:01 AM,11:00 am
act_arr_time,521,12:09 PM,12:09 pm
act_arr_time,522,03:13 PM,03:01 pm
act_arr_time,523,10:16 AM,10:10 am
act_arr_time,524,06:43 PM,06:43 pm
act_arr_time,525,08:06 AM,07:57 am
act_arr_time,526,04:56 PM,04:56 pm
act_arr_time,527,06:15 PM,06:09 pm
act_arr_time,528,02:27 PM,02:27 pm
act_arr_time,529,11:06 AM,11:06 am
act_arr_time,530,05:26 PM,05:26 pm
act_arr_time,531,05:38 PM,06:17 pm
act_arr_time,532,12:50 PM,12:48 pm
act_arr_time,533,07:40 AM,07:32 am
act_arr_time,534,06:36 PM,06:36 pm
act_arr_time,535,06:19 AM,06:19 am
act_arr_time,536,11:12 AM,11:12 am
act_arr_time,537,03:14 PM,03:14 pm
act_arr_time,538,09:32 AM,09:32 am
act_arr_time,539,10:29 PM,10:29 pm
act_arr_time,540,09:28 AM,09:28 am
act_arr_time,541,11:58 AM,11:58 am
act_arr_time,542,09:43 AM,09:43 am
act_arr_time,543,10:30 PM,10:30 pm (estimated)
act_arr_time,544,02:10 PM,02:10 pm
act_arr_time,545,07:25 PM,7:25 pm (estimated runway)
act_arr_time,546,05:17 PM,05:17 pm
act_arr_time,547,03:31 PM,03:31 pm
act_arr_time,548,06:55 AM,6:35 am (estimated runway)
act_arr_time,549,07:17 AM,07:17 am
act_arr_time,550,05:26 AM,05:26 am
act_arr_time,551,06:28 PM,06:28 pm
act_arr_time,552,09:14 AM,09:14 am
act_arr_time,553,01:19 PM,01:19 pm
act_arr_time,554,09:45 AM,09:45 am
act_arr_time,555,09:56 AM,09:56 am
act_arr_time,556,07:39 PM,07:39 pm
act_arr_time,557,01:27 PM,01:27 pm
act_arr_time,558,07:10 PM,07:10 pm
act_arr_time,559,08:03 PM,08:03 pm
act_arr_time,560,04:09 PM,04:09 pm
act_arr_time,561,01:14 PM,01:14 pm
act_arr_time,562,09:05 AM,09:05 am
act_arr_time,563,05:05 PM,05:05 pm
act_arr_time,564,10:27 AM,10:27 am
act_arr_time,565,10:56 AM,10:56 am
act_arr_time,566,11:01 AM,11:01 am
act_arr_time,567,11:56 AM,11:56 am
act_arr_time,568,08:06 AM,08:06 am
act_arr_time,569,03:30 PM,3:20 pm (runway)
act_arr_time,570,07:40 AM,07:40 am
act_arr_time,571,02:50 PM,02:50 pm
act_arr_time,572,03:21 PM,03:21 pm
act_arr_time,573,01:15 PM,01:15 pm
act_arr_time,574,09:52 PM,9:52 pm (estimated)
act_arr_time,575,02:27 PM,02:27 pm
act_arr_time,576,02:46 PM,02:46 pm
act_arr_time,577,05:34 PM,05:34 pm
act_arr_time,578,03:33 PM,03:33 pm
act_arr_time,579,10:36 AM,10:36 am
act_arr_time,580,11:32 AM,11:32 am
act_arr_time,581,08:53 PM,08:53 pm
act_arr_time,582,03:16 PM,03:16 pm
act_arr_time,583,12:21 AM,12:21 am (estimated)
act_arr_time,584,07:58 PM,07:58 pm
act_arr_time,585,12:09 PM,12:09 pm
act_arr_time,586,07:51 AM,07:51 am
act_arr_time,587,09:31 AM,09:31 am
act_arr_time,588,07:55 PM,07:55 pm
act_arr_time,589,11:06 AM,11:06 am
act_arr_time,590,06:38 PM,06:38 pm
act_arr_time,591,07:36 PM,07:36 pm
act_arr_time,592,09:53 PM,09:53 pm
act_arr_time,593,06:34 PM,06:34 pm
act_arr_time,594,10:47 AM,10:47 am
act_arr_time,595,03:04 PM,03:04 pm
act_arr_time,596,04:23 PM,04:23 pm
act_arr_time,597,04:17 PM,04:17 pm
act_arr_time,598,05:50 AM,5:42 am (estimated runway)
act_arr_time,599,12:29 AM,12:01 am (estimated runway)
act_arr_time,600,12:15 AM,11:49 pm (estimated runway)
act_arr_time,601,11:50 PM,11:35 pm (estimated runway)
act_arr_time,602,04:47 PM,04:47 pm
act_arr_time,603,10:04 AM,10:04 am
act_arr_time,604,11:44 AM,11:44 am
act_arr_time,605,05:42 PM,05:42 pm
act_arr_time,606,09:13 AM,09:13 am
act_arr_time,607,04:59 PM,04:59 pm
act_arr_time,608,05:11 AM,05:21 am
act_arr_time,609,06:40 PM,6:40 pm (estimated)
act_arr_time,610,02:00 PM,02:00 pm
act_arr_time,611,09:20 PM,9:19 pm (estimated)
act_arr_time,612,04:44 PM,04:44 pm
act_arr_time,613,07:10 PM,07:10 pm
act_arr_time,614,03:43 PM,03:43 pm
act_arr_time,615,05:43 PM,05:43 pm
act_arr_time,616,11:06 AM,11:06 am
act_arr_time,617,01:43 PM,01:43 pm
act_arr_time,618,03:13 PM,03:13 pm
act_arr_time,619,01:30 PM,01:30 pm
act_arr_time,620,10:16 AM,10:16 am
act_arr_time,621,06:43 PM,06:43 pm
act_arr_time,622,06:15 PM,06:15 pm
act_arr_time,623,03:14 PM,03:14 pm
act_arr_time,624,05:26 PM,05:26 pm
act_arr_time,625,05:38 PM,05:38 pm
act_arr_time,626,12:50 PM,12:50 pm
act_arr_time,627,06:36 PM,06:36 pm
act_arr_time,628,06:19 AM,06:19 am
act_arr_time,629,11:12 AM,11:12 am
act_arr_time,630,09:32 AM,09:22 am
act_arr_time,631,10:29 PM,10:29 pm
act_arr_time,632,09:28 AM,09:28 am
act_arr_time,633,11:58 AM,11:58 am
act_arr_time,634,09:43 AM,09:43 am
act_arr_time,635,10:30 PM,10:28 pm
act_arr_time,636,03:16 PM,03:16 pm
act_arr_time,637,05:17 PM,05:17 pm
act_arr_time,638,03:31 PM,03:31 pm
act_arr_time,639,11:21 AM,11:21 am
act_arr_time,640,06:55 AM,06:55 am
act_arr_time,641,07:17 AM,07:17 am
act_arr_time,642,05:26 AM,05:26 am
act_arr_time,643,06:28 PM,06:25 pm
act_arr_time,644,09:14 AM,09:09 am
act_arr_time,645,01:19 PM,01:19 pm
act_arr_time,646,01:27 PM,01:18 pm
act_arr_time,647,09:56 AM,09:56 am
act_arr_time,648,09:45 AM,09:45 am
act_arr_time,649,07:39 PM,07:39 pm
act_arr_time,650,01:40 PM,01:40 pm
act_arr_time,651,07:10 PM,07:10 pm
act_arr_time,652,11:32 AM,11:32 am
act_arr_time,653,04:47 PM,05:00 pm
act_arr_time,654,04:09 PM,04:09 pm
act_arr_time,655,01:14 PM,01:14 pm
act_arr_time,656,09:05 AM,09:05 am
act_arr_time,657,05:05 PM,05:03 pm
act_arr_time,658,10:27 AM,10:27 am
act_arr_time,659,10:56 AM,10:56 am
act_arr_time,660,11:56 AM,11:50 am
act_arr_time,661,03:30 PM,03:19 pm
act_arr_time,662,01:30 PM,01:30 pm
act_arr_time,663,03:21 PM,03:21 pm
act_arr_time,664,02:10 PM,02:01 pm
act_arr_time,665,05:42 PM,05:42 pm
act_arr_time,666,01:15 PM,01:14 pm
act_arr_time,667,08:03 PM,08:03 pm
act_arr_time,668,09:52 PM,09:38 pm
act_arr_time,669,02:46 PM,02:46 pm
act_arr_time,670,05:34 PM,05:34 pm
act_arr_time,671,03:33 PM,03:25 pm
act_arr_time,672,10:36 AM,10:29 am
act_arr_time,673,07:25 PM,07:25 pm
act_arr_time,674,08:53 PM,08:43 pm
act_arr_time,675,12:21 AM,12:02 am
act_arr_time,676,07:58 PM,07:58 pm
act_arr_time,677,12:09 PM,12:09 pm
act_arr_time,678,07:51 AM,07:51 am
act_arr_time,679,09:31 AM,09:29 am
act_arr_time,680,07:55 PM,07:53 pm
act_arr_time,681,06:38 PM,06:35 pm
act_arr_time,682,07:36 PM,07:36 pm
act_arr_time,683,09:53 PM,09:49 pm
act_arr_time,684,06:34 PM,06:34 pm
act_arr_time,685,10:47 AM,10:45 am
act_arr_time,686,03:04 PM,03:04 pm
act_arr_time,687,04:23 PM,04:23 pm
act_arr_time,688,02:50 PM,02:52 pm
act_arr_time,689,04:17 PM,04:17 pm
act_arr_time,690,05:50 AM,05:49 am
act_arr_time,691,12:29 AM,11:56 pm
act_arr_time,692,12:15 AM,11:49 pm
act_arr_time,693,11:50 PM,11:35 pm
act_arr_time,694,10:04 AM,10:04 am
act_arr_time,695,11:44 AM,11:44 am
act_arr_time,696,09:13 AM,09:13 am
act_arr_time,697,03:50 PM,03:26 pm
act_arr_time,698,04:59 PM,04:59 pm
act_arr_time,699,08:45 AM,08:45 am
act_arr_time,700,05:11 AM,05:21 am
act_arr_time,701,06:40 PM,06:09 pm
act_arr_time,702,08:02 AM,08:02 am
act_arr_time,703,02:00 PM,02:02 pm
act_arr_time,704,09:20 PM,09:11 pm
act_arr_time,705,04:44 PM,04:24 pm
act_arr_time,706,07:10 PM,07:10 pm
act_arr_time,707,11:56 AM,12:12 pm
act_arr_time,708,03:43 PM,03:36 pm
act_arr_time,709,05:43 PM,05:34 pm
act_arr_time,710,11:06 AM,11:07 am
act_arr_time,711,01:43 PM,01:43 pm
act_arr_time,712,11:01 AM,11:00 am
act_arr_time,713,12:09 PM,12:09 pm
act_arr_time,714,03:13 PM,03:01 pm
act_arr_time,715,10:16 AM,10:10 am
act_arr_time,716,06:43 PM,06:43 pm
act_arr_time,717,08:06 AM,07:57 am
act_arr_time,718,04:56 PM,04:56 pm
act_arr_time,719,06:15 PM,06:09 pm
act_arr_time,720,02:27 PM,02:27 pm
act_arr_time,721,11:06 AM,11:06 am
act_arr_time,722,05:26 PM,05:26 pm
act_arr_time,723,05:38 PM,06:17 pm
act_arr_time,724,12:50 PM,12:48 pm
act_arr_time,725,07:40 AM,07:32 am
act_arr_time,726,06:36 PM,06:36 pm
act_arr_time,727,06:19 AM,06:19 am
act_arr_time,728,11:12 AM,11:12 am
act_arr_time,729,03:14 PM,03:14 pm
act_arr_time,730,09:32 AM,09:22 am
act_arr_time,731,10:30 PM,10:28 pm
act_arr_time,732,10:29 PM,10:22 pm
act_arr_time,733,11:58 AM,11:30 am
act_arr_time,734,09:43 AM,09:39 am
act_arr_time,735,07:25 PM,07:25 pm
act_arr_time,736,04:56 PM,04:54 pm
act_arr_time,737,11:21 AM,11:16 am
act_arr_time,738,06:55 AM,06:55 am
act_arr_time,739,07:17 AM,07:04 am
act_arr_time,740,05:26 AM,05:25 am
act_arr_time,741,02:50 PM,02:50 pm
act_arr_time,742,09:45 AM,09:29 am
act_arr_time,743,07:39 PM,07:37 pm
act_arr_time,744,01:27 PM,01:19 pm
act_arr_time,745,04:09 PM,04:08 pm
act_arr_time,746,01:14 PM,01:06 pm
act_arr_time,747,09:05 AM,08:50 am
act_arr_time,748,11:01 AM,10:58 am
act_arr_time,749,11:56 AM,11:50 am
act_arr_time,750,08:06 AM,07:59 am
act_arr_time,751,03:30 PM,03:13 pm
act_arr_time,752,03:21 PM,03:07 pm
act_arr_time,753,02:10 PM,01:55 pm
act_arr_time,754,05:42 PM,05:22 pm
act_arr_time,755,02:27 PM,02:21 pm
act_arr_time,756,02:46 PM,02:39 pm
act_arr_time,757,05:34 PM,05:24 pm
act_arr_time,758,03:33 PM,03:26 pm
act_arr_time,759,10:36 AM,10:34 am
act_arr_time,760,08:53 PM,08:38 pm
act_arr_time,761,03:16 PM,03:04 pm
act_arr_time,762,12:09 PM,12:02 pm
act_arr_time,763,07:51 AM,07:49 am
act_arr_time,764,09:31 AM,09:26 am
act_arr_time,765,07:55 PM,07:43 pm
act_arr_time,766,11:06 AM,10:43 am
act_arr_time,767,07:36 PM,07:23 pm
act_arr_time,768,09:53 PM,09:47 pm
act_arr_time,769,01:40 PM,01:36 pm
act_arr_time,770,04:23 PM,04:20 pm
act_arr_time,771,04:17 PM,04:05 pm
act_arr_time,772,05:50 AM,05:49 am
act_arr_time,773,12:15 AM,11:49 pm
act_arr_time,774,11:50 PM,11:35 pm
act_arr_time,775,10:04 AM,09:45 am
act_arr_time,776,11:44 AM,11:33 am
act_arr_time,777,09:13 AM,09:13 am
act_arr_time,778,03:50 PM,03:26 pm
act_arr_time,779,05:11 AM,05:24 am
act_arr_time,780,06:40 PM,06:09 pm
act_arr_time,781,11:32 AM,11:27 am
act_arr_time,782,03:43 PM,03:36 pm
act_arr_time,783,11:06 AM,11:04 am
act_arr_time,784,12:29 AM,11:56 pm
act_arr_time,785,08:45 AM,08:33 am
act_arr_time,786,01:43 PM,01:42 pm
act_arr_time,787,03:13 PM,02:49 pm
act_arr_time,788,03:14 PM,03:12 pm
act_arr_time,789,12:50 PM,12:37 pm
act_arr_time,790,07:40 AM,07:37 am
act_arr_time,791,06:19 AM,06:13 am
act_arr_time,792,11:12 AM,10:52 am
act_arr_time,793,02:46 PM,2:46p
act_arr_time,794,10:04 AM,10:08a
act_arr_time,795,07:39 PM,7:39p
act_arr_time,796,09:05 AM,9:04a
act_arr_time,797,11:06 AM,11:06a
act_arr_time,798,03:21 PM,03:07 pm
act_arr_time,799,03:30 PM,03:13 pm
act_arr_time,800,11:50 PM,11:35 pm
act_arr_time,801,04:09 PM,03:59 pm
act_arr_time,802,03:04 PM,02:52 pm
act_arr_time,803,07:39 PM,07:35 pm
act_arr_time,804,10:29 PM,thu  22:25
act_arr_time,805,05:43 PM,thu  17:40
act_arr_time,806,07:25 PM,thu  19:33
act_arr_time,807,07:40 AM,thu  7:31
act_arr_time,808,06:55 AM,thu  6:50
act_arr_time,809,09:53 PM,09:47 pm
act_arr_time,810,10:36 AM,thu  10:28
act_arr_time,811,12:09 PM,12:02 pm
act_arr_time,812,09:32 AM,09:32 am
act_arr_time,813,10:29 PM,10:29 pm
act_arr_time,814,09:28 AM,09:28 am
act_arr_time,815,11:58 AM,11:58 am
act_arr_time,816,09:43 AM,09:43 am
act_arr_time,817,10:30 PM,10:28 pm
act_arr_time,818,03:16 PM,03:16 pm
act_arr_time,819,05:17 PM,05:17 pm
act_arr_time,820,03:31 PM,03:31 pm
act_arr_time,821,11:21 AM,11:21 am
act_arr_time,822,06:55 AM,06:55 am
act_arr_time,823,07:17 AM,07:17 am
act_arr_time,824,05:26 AM,05:26 am
act_arr_time,825,06:28 PM,06:28 pm
act_arr_time,826,09:14 AM,09:14 am
act_arr_time,827,01:19 PM,01:19 pm
act_arr_time,828,01:27 PM,01:27 pm
act_arr_time,829,09:56 AM,09:56 am
act_arr_time,830,09:45 AM,09:45 am
act_arr_time,831,07:39 PM,07:39 pm
act_arr_time,832,01:40 PM,01:40 pm
act_arr_time,833,07:10 PM,07:10 pm
act_arr_time,834,11:32 AM,11:32 am
act_arr_time,835,04:47 PM,04:47 pm
act_arr_time,836,04:09 PM,04:09 pm
act_arr_time,837,01:14 PM,01:14 pm
act_arr_time,838,09:05 AM,09:05 am
act_arr_time,839,05:05 PM,05:05 pm
act_arr_time,840,10:27 AM,10:27 am
act_arr_time,841,10:56 AM,10:56 am
act_arr_time,842,11:56 AM,11:56 am
act_arr_time,843,03:30 PM,3:20 pm (runway)
act_arr_time,844,01:30 PM,01:30 pm
act_arr_time,845,03:21 PM,03:21 pm
act_arr_time,846,02:10 PM,02:10 pm
act_arr_time,847,05:42 PM,05:42 pm
act_arr_time,848,01:15 PM,01:15 pm
act_arr_time,849,08:03 PM,08:03 pm
act_arr_time,850,09:52 PM,08:56 pm
act_arr_time,851,02:46 PM,02:46 pm
act_arr_time,852,05:34 PM,05:34 pm
act_arr_time,853,03:33 PM,03:33 pm
act_arr_time,854,10:36 AM,10:36 am
act_arr_time,855,07:25 PM,07:25 pm
act_arr_time,856,08:53 PM,08:53 pm
act_arr_time,857,12:21 AM,12:02 am
act_arr_time,858,07:58 PM,07:58 pm
act_arr_time,859,12:09 PM,12:09 pm
act_arr_time,860,07:51 AM,07:51 am
act_arr_time,861,09:31 AM,09:31 am
act_arr_time,862,07:55 PM,07:55 pm
act_arr_time,863,06:38 PM,06:38 pm
act_arr_time,864,07:36 PM,07:36 pm
act_arr_time,865,09:53 PM,09:53 pm
act_arr_time,866,06:34 PM,06:34 pm
act_arr_time,867,10:47 AM,10:47 am
act_arr_time,868,03:04 PM,03:04 pm
act_arr_time,869,04:23 PM,04:23 pm
act_arr_time,870,02:50 PM,02:50 pm
act_arr_time,871,04:17 PM,04:17 pm
act_arr_time,872,05:50 AM,05:49 am
act_arr_time,873,12:29 AM,11:56 pm
act_arr_time,874,12:15 AM,11:49 pm
act_arr_time,875,11:50 PM,11:35 pm
act_arr_time,876,10:04 AM,10:04 am
act_arr_time,877,11:44 AM,11:44 am
act_arr_time,878,09:13 AM,09:13 am
act_arr_time,879,03:50 PM,03:26 pm
act_arr_time,880,04:59 PM,04:59 pm
act_arr_time,881,08:45 AM,08:45 am
act_arr_time,882,05:11 AM,05:21 am
act_arr_time,883,06:40 PM,06:09 pm
act_arr_time,884,08:02 AM,08:02 am
act_arr_time,885,02:00 PM,02:00 pm
act_arr_time,886,09:20 PM,09:20 pm
act_arr_time,887,04:44 PM,04:44 pm
act_arr_time,888,07:10 PM,07:10 pm
act_arr_time,889,11:56 AM,11:45 am
act_arr_time,890,03:43 PM,03:43 pm
act_arr_time,891,05:43 PM,05:43 pm
act_arr_time,892,11:06 AM,11:06 am
act_arr_time,893,01:43 PM,01:43 pm
act_arr_time,894,11:01 AM,11:01 am
act_arr_time,895,12:09 PM,12:09 pm
act_arr_time,896,03:13 PM,03:13 pm
act_arr_time,897,10:16 AM,10:16 am
act_arr_time,898,06:43 PM,06:43 pm
act_arr_time,899,08:06 AM,08:06 am
act_arr_time,900,04:56 PM,04:56 pm
act_arr_time,901,06:15 PM,06:15 pm
act_arr_time,902,02:27 PM,02:27 pm
act_arr_time,903,11:06 AM,11:06 am
act_arr_time,904,05:26 PM,05:26 pm
act_arr_time,905,05:38 PM,05:38 pm
act_arr_time,906,12:50 PM,12:50 pm
act_arr_time,907,07:40 AM,07:40 am
act_arr_time,908,06:36 PM,06:36 pm
act_arr_time,909,06:19 AM,06:19 am
act_arr_time,910,11:12 AM,11:12 am
act_arr_time,911,03:14 PM,03:14 pm
act_arr_time,912,09:32 AM,09:22 am
act_arr_time,913,07:25 PM,07:35 pm
act_arr_time,914,09:43 AM,09:29 am
act_arr_time,915,02:10 PM,02:01 pm
act_arr_time,916,07:17 AM,07:04 am
act_arr_time,917,05:26 AM,05:23 am
act_arr_time,918,09:14 AM,09:09 am
act_arr_time,919,01:19 PM,01:09 pm
act_arr_time,920,09:45 AM,09:29 am
act_arr_time,921,07:10 PM,06:59 pm
act_arr_time,922,09:05 AM,09:00 am
act_arr_time,923,11:56 AM,11:50 am
act_arr_time,924,03:30 PM,03:19 pm
act_arr_time,925,07:40 AM,07:40 am
act_arr_time,926,03:21 PM,03:20 pm
act_arr_time,927,05:26 PM,05:09 pm
act_arr_time,928,01:27 PM,01:11 pm
act_arr_time,929,02:27 PM,02:17 pm
act_arr_time,930,02:46 PM,02:36 pm
act_arr_time,931,08:53 PM,08:53 pm
act_arr_time,932,03:16 PM,03:10 pm
act_arr_time,933,12:21 AM,12:21 am (estimated)
act_arr_time,934,12:09 PM,12:02 pm
act_arr_time,935,06:38 PM,06:36 pm
act_arr_time,936,07:36 PM,07:26 pm
act_arr_time,937,09:53 PM,09:47 pm
act_arr_time,938,06:34 PM,06:13 pm
act_arr_time,939,10:47 AM,10:45 am
act_arr_time,940,03:04 PM,02:52 pm
act_arr_time,941,04:23 PM,04:18 pm
act_arr_time,942,04:17 PM,04:17 pm
act_arr_time,943,12:29 AM,12:01 am (estimated runway)
act_arr_time,944,11:50 PM,11:35 pm (estimated runway)
act_arr_time,945,11:44 AM,11:40 am
act_arr_time,946,05:42 PM,05:28 pm
act_arr_time,947,09:13 AM,09:11 am
act_arr_time,948,05:11 AM,05:21 am
act_arr_time,949,06:40 PM,06:19 pm
act_arr_time,950,08:02 AM,07:50 am
act_arr_time,951,02:00 PM,02:02 pm
act_arr_time,952,09:20 PM,9:19 pm (estimated)
act_arr_time,953,11:56 AM,12:10 pm
act_arr_time,954,11:32 AM,11:26 am
act_arr_time,955,11:06 AM,11:04 am
act_arr_time,956,04:47 PM,04:43 pm
act_arr_time,957,08:45 AM,08:33 am
act_arr_time,958,01:43 PM,01:40 pm
act_arr_time,959,11:01 AM,10:58 am
act_arr_time,960,12:09 PM,12:00 pm
act_arr_time,961,01:30 PM,01:27 pm
act_arr_time,962,06:43 PM,06:36 pm
act_arr_time,963,04:56 PM,04:52 pm
act_arr_time,964,06:15 PM,06:09 pm
act_arr_time,965,10:56 AM,10:47 am
act_arr_time,966,12:50 PM,12:48 pm
act_arr_time,967,06:19 AM,06:19 am
act_arr_time,968,11:12 AM,11:00 am
act_arr_time,969,03:14 PM,03:09 pm
act_arr_time,970,09:32 AM,09:22 am
act_arr_time,971,07:51 AM,07:49 am
act_arr_time,972,09:31 AM,09:26 am
act_arr_time,973,07:25 PM,07:25 pm
act_arr_time,974,11:06 AM,10:43 am
act_arr_time,975,05:05 PM,04:57 pm
act_arr_time,976,09:43 AM,09:44 am
act_arr_time,977,04:23 PM,04:20 pm
act_arr_time,978,03:13 PM,02:49 pm
act_arr_time,979,11:50 PM,11:35 pm
act_arr_time,980,12:21 AM,12:02 am
act_arr_time,981,08:03 PM,07:43 pm
act_arr_time,982,06:15 PM,06:11 pm
act_arr_time,983,09:52 PM,08:46 pm
act_arr_time,984,10:36 AM,10:29 am
act_arr_time,985,03:33 PM,03:26 pm
act_arr_time,986,06:19 AM,06:09 am
act_arr_time,987,11:12 AM,10:52 am
act_arr_time,988,08:53 PM,08:38 pm
act_arr_time,989,06:43 PM,06:30 pm
act_arr_time,990,09:32 AM,09:32 am
act_arr_time,991,09:28 AM,09:28 am
act_arr_time,992,11:58 AM,11:58 am
act_arr_time,993,09:43 AM,09:43 am
act_arr_time,994,10:30 PM,10:30 pm*
act_arr_time,995,07:25 PM,not available
act_arr_time,996,03:16 PM,03:16 pm
act_arr_time,997,05:17 PM,contact airline
act_arr_time,998,04:56 PM,04:56 pm
act_arr_time,999,06:55 AM,dec 02 not available
act_arr_time,1000,07:17 AM,07:17 am
act_arr_time,1001,02:50 PM,02:50 pm
act_arr_time,1002,06:28 PM,contact airline
act_arr_time,1003,09:45 AM,09:45 am
act_arr_time,1004,09:56 AM,09:56 am
act_arr_time,1005,07:39 PM,07:39 pm
act_arr_time,1006,07:10 PM,07:10 pm
act_arr_time,1007,04:09 PM,04:09 pm
act_arr_time,1008,09:05 AM,09:05 am
act_arr_time,1009,05:05 PM,contact airline
act_arr_time,1010,10:27 AM,10:27 am
act_arr_time,1011,10:56 AM,10:56 am
act_arr_time,1012,01:40 PM,01:40 pm
act_arr_time,1013,11:01 AM,11:01 am
act_arr_time,1014,11:56 AM,11:56 am
act_arr_time,1015,08:06 AM,08:06 am
act_arr_time,1016,03:30 PM,03:30 pm
act_arr_time,1017,01:27 PM,01:27 pm
act_arr_time,1018,02:10 PM,02:10 pm
act_arr_time,1019,01:15 PM,contact airline
act_arr_time,1020,11:06 AM,11:06 am
act_arr_time,1021,02:27 PM,02:27 pm
act_arr_time,1022,02:46 PM,02:46 pm
act_arr_time,1023,10:36 AM,10:36 am
act_arr_time,1024,11:32 AM,11:32 am
act_arr_time,1025,08:53 PM,08:53 pm
act_arr_time,1026,12:21 AM,dec 02 contact airline
act_arr_time,1027,07:58 PM,07:58 pm
act_arr_time,1028,12:09 PM,12:09 pm
act_arr_time,1029,07:51 AM,07:51 am
act_arr_time,1030,09:31 AM,09:31 am
act_arr_time,1031,06:38 PM,contact airline
act_arr_time,1032,09:53 PM,09:53 pm
act_arr_time,1033,10:47 AM,contact airline
act_arr_time,1034,03:04 PM,03:04 pm
act_arr_time,1035,04:23 PM,04:23 pm
act_arr_time,1036,05:50 AM,dec 02 not available
act_arr_time,1037,12:29 AM,not available
act_arr_time,1038,12:15 AM,dec 02 not available
act_arr_time,1039,11:50 PM,not available
act_arr_time,1040,10:04 AM,10:04 am
act_arr_time,1041,11:44 AM,11:44 am
act_arr_time,1042,05:42 PM,05:42 pm
act_arr_time,1043,09:13 AM,09:13 am
act_arr_time,1044,03:50 PM,not available
act_arr_time,1045,04:59 PM,04:59 pm
act_arr_time,1046,08:45 AM,08:45 am
act_arr_time,1047,08:02 AM,08:02 am
act_arr_time,1048,02:00 PM,contact airline
act_arr_time,1049,09:20 PM,9:19 pm*
act_arr_time,1050,04:44 PM,contact airline
act_arr_time,1051,07:10 PM,contact airline
act_arr_time,1052,03:43 PM,03:43 pm
act_arr_time,1053,05:43 PM,05:43 pm
act_arr_time,1054,11:06 AM,11:06 am
act_arr_time,1055,04:47 PM,contact airline
act_arr_time,1056,01:43 PM,01:43 pm
act_arr_time,1057,12:09 PM,contact airline
act_arr_time,1058,03:13 PM,03:13 pm
act_arr_time,1059,01:30 PM,01:30 pm
act_arr_time,1060,10:16 AM,10:16 am
act_arr_time,1061,06:43 PM,06:43 pm
act_arr_time,1062,06:15 PM,06:15 pm
act_arr_time,1063,05:26 PM,05:26 pm
act_arr_time,1064,05:38 PM,contact airline
act_arr_time,1065,12:50 PM,12:50 pm
act_arr_time,1066,03:14 PM,03:14 pm
act_arr_time,1067,07:40 AM,07:40 am
act_arr_time,1068,06:36 PM,06:36 pm
act_arr_time,1069,06:19 AM,06:19 am
act_arr_time,1070,11:12 AM,11:12 am
act_arr_time,1071,09:32 AM,09:22 am
act_arr_time,1072,10:29 PM,10:29 pm
act_arr_time,1073,09:28 AM,09:28 am
act_arr_time,1074,11:58 AM,11:58 am
act_arr_time,1075,09:43 AM,09:43 am
act_arr_time,1076,10:30 PM,10:28 pm
act_arr_time,1077,03:16 PM,03:16 pm
act_arr_time,1078,05:17 PM,05:17 pm
act_arr_time,1079,03:31 PM,03:31 pm
act_arr_time,1080,11:21 AM,11:21 am
act_arr_time,1081,06:55 AM,06:55 am
act_arr_time,1082,07:17 AM,07:17 am
act_arr_time,1083,05:26 AM,05:26 am
act_arr_time,1084,06:28 PM,06:25 pm
act_arr_time,1085,09:14 AM,09:09 am
act_arr_time,1086,01:19 PM,01:19 pm
act_arr_time,1087,01:27 PM,01:18 pm
act_arr_time,1088,09:56 AM,09:56 am
act_arr_time,1089,09:45 AM,09:45 am
act_arr_time,1090,07:39 PM,07:39 pm
act_arr_time,1091,01:40 PM,01:40 pm
act_arr_time,1092,07:10 PM,07:10 pm
act_arr_time,1093,11:32 AM,11:32 am
act_arr_time,1094,04:47 PM,05:00 pm
act_arr_time,1095,04:09 PM,04:09 pm
act_arr_time,1096,01:14 PM,01:14 pm
act_arr_time,1097,09:05 AM,09:05 am
act_arr_time,1098,05:05 PM,05:03 pm
act_arr_time,1099,10:27 AM,10:27 am
act_arr_time,1100,10:56 AM,10:56 am
act_arr_time,1101,11:56 AM,11:50 am
act_arr_time,1102,03:30 PM,03:19 pm
act_arr_time,1103,01:30 PM,01:30 pm
act_arr_time,1104,03:21 PM,03:21 pm
act_arr_time,1105,02:10 PM,02:01 pm
act_arr_time,1106,05:42 PM,05:42 pm
act_arr_time,1107,01:15 PM,01:14 pm
act_arr_time,1108,08:03 PM,08:03 pm
act_arr_time,1109,09:52 PM,09:38 pm
act_arr_time,1110,02:46 PM,02:46 pm
act_arr_time,1111,05:34 PM,05:34 pm
act_arr_time,1112,03:33 PM,03:25 pm
act_arr_time,1113,10:36 AM,10:29 am
act_arr_time,1114,07:25 PM,07:25 pm
act_arr_time,1115,08:53 PM,08:43 pm
act_arr_time,1116,12:21 AM,12:02 am
act_arr_time,1117,07:58 PM,07:58 pm
act_arr_time,1118,12:09 PM,12:09 pm
act_arr_time,1119,07:51 AM,07:51 am
act_arr_time,1120,09:31 AM,09:29 am
act_arr_time,1121,07:55 PM,07:53 pm
act_arr_time,1122,06:38 PM,06:35 pm
act_arr_time,1123,07:36 PM,07:36 pm
act_arr_time,1124,09:53 PM,09:49 pm
act_arr_time,1125,06:34 PM,06:34 pm
act_arr_time,1126,10:47 AM,10:45 am
act_arr_time,1127,03:04 PM,03:04 pm
act_arr_time,1128,04:23 PM,04:23 pm
act_arr_time,1129,02:50 PM,02:52 pm
act_arr_time,1130,04:17 PM,04:17 pm
act_arr_time,1131,05:50 AM,05:49 am
act_arr_time,1132,12:29 AM,11:56 pm
act_arr_time,1133,12:15 AM,11:49 pm
act_arr_time,1134,11:50 PM,11:35 pm
act_arr_time,1135,10:04 AM,10:04 am
act_arr_time,1136,11:44 AM,11:44 am
act_arr_time,1137,09:13 AM,09:13 am
act_arr_time,1138,03:50 PM,03:26 pm
act_arr_time,1139,04:59 PM,04:59 pm
act_arr_time,1140,08:45 AM,08:45 am
act_arr_time,1141,05:11 AM,05:21 am
act_arr_time,1142,06:40 PM,06:09 pm
act_arr_time,1143,08:02 AM,08:02 am
act_arr_time,1144,02:00 PM,02:02 pm
act_arr_time,1145,09:20 PM,09:11 pm
act_arr_time,1146,04:44 PM,04:24 pm
act_arr_time,1147,07:10 PM,07:10 pm
act_arr_time,1148,11:56 AM,12:12 pm
act_arr_time,1149,03:43 PM,03:36 pm
act_arr_time,1150,05:43 PM,05:34 pm
act_arr_time,1151,11:06 AM,11:07 am
act_arr_time,1152,01:43 PM,01:43 pm
act_arr_time,1153,11:01 AM,11:00 am
act_arr_time,1154,12:09 PM,12:09 pm
act_arr_time,1155,03:13 PM,03:01 pm
act_arr_time,1156,10:16 AM,10:10 am
act_arr_time,1157,06:43 PM,06:43 pm
act_arr_time,1158,08:06 AM,07:57 am
act_arr_time,1159,04:56 PM,04:56 pm
act_arr_time,1160,06:15 PM,06:09 pm
act_arr_time,1161,02:27 PM,02:27 pm
act_arr_time,1162,11:06 AM,11:06 am
act_arr_time,1163,05:26 PM,05:26 pm
act_arr_time,1164,05:38 PM,06:17 pm
act_arr_time,1165,12:50 PM,12:48 pm
act_arr_time,1166,07:40 AM,07:32 am
act_arr_time,1167,06:36 PM,06:36 pm
act_arr_time,1168,06:19 AM,06:19 am
act_arr_time,1169,11:12 AM,11:12 am
act_arr_time,1170,03:14 PM,03:14 pm
act_arr_time,1171,09:32 AM,09:22 am
act_arr_time,1172,09:28 AM,09:09 am
act_arr_time,1173,10:29 PM,10:23 pm
act_arr_time,1174,09:43 AM,09:29 am
act_arr_time,1175,10:30 PM,10:28 pm
act_arr_time,1176,07:17 AM,07:10 am
act_arr_time,1177,09:56 AM,09:54 am
act_arr_time,1178,09:45 AM,09:45 am
act_arr_time,1179,07:39 PM,07:35 pm
act_arr_time,1180,08:03 PM,07:55 pm
act_arr_time,1181,09:05 AM,09:00 am
act_arr_time,1182,05:05 PM,04:57 pm
act_arr_time,1183,01:40 PM,01:34 pm
act_arr_time,1184,11:56 AM,11:50 am
act_arr_time,1185,07:40 AM,07:40 am
act_arr_time,1186,02:50 PM,02:52 pm
act_arr_time,1187,03:21 PM,03:20 pm
act_arr_time,1188,01:15 PM,01:14 pm
act_arr_time,1189,02:46 PM,02:36 pm
act_arr_time,1190,05:34 PM,05:24 pm
act_arr_time,1191,03:33 PM,03:33 pm
act_arr_time,1192,08:53 PM,08:38 pm
act_arr_time,1193,12:21 AM,not available
act_arr_time,1194,07:58 PM,07:53 pm
act_arr_time,1195,12:09 PM,12:09 pm
act_arr_time,1196,09:53 PM,09:49 pm
act_arr_time,1197,06:34 PM,06:13 pm
act_arr_time,1198,03:04 PM,03:04 pm
act_arr_time,1199,04:23 PM,04:18 pm
act_arr_time,1200,05:50 AM,5:42 am (estimated runway)
act_arr_time,1201,05:42 PM,05:28 pm
act_arr_time,1202,09:13 AM,09:13 am
act_arr_time,1203,04:59 PM,04:55 pm
act_arr_time,1204,08:45 AM,08:41 am
act_arr_time,1205,05:11 AM,05:21 am
act_arr_time,1206,06:40 PM,06:19 pm
act_arr_time,1207,02:00 PM,02:02 pm
act_arr_time,1208,04:44 PM,04:24 pm
act_arr_time,1209,11:56 AM,12:10 pm
act_arr_time,1210,03:43 PM,03:43 pm
act_arr_time,1211,11:06 AM,11:07 am
act_arr_time,1212,12:29 AM,not available
act_arr_time,1213,01:43 PM,01:40 pm
act_arr_time,1214,11:01 AM,10:58 am
act_arr_time,1215,12:09 PM,12:00 pm
act_arr_time,1216,03:13 PM,03:13 pm
act_arr_time,1217,01:30 PM,01:30 pm
act_arr_time,1218,06:43 PM,06:36 pm
act_arr_time,1219,07:25 PM,07:35 pm
act_arr_time,1220,04:56 PM,04:52 pm
act_arr_time,1221,06:15 PM,06:09 pm
act_arr_time,1222,06:19 AM,06:07 am
act_arr_time,1223,11:12 AM,10:49 am
act_arr_time,1224,09:32 AM,09:22 am
act_arr_time,1225,10:29 PM,10:02 pm
act_arr_time,1226,09:28 AM,09:14 am
act_arr_time,1227,11:58 AM,11:30 am
act_arr_time,1228,09:43 AM,09:29 am
act_arr_time,1229,10:30 PM,10:31 pm
act_arr_time,1230,05:17 PM,05:14 pm
act_arr_time,1231,03:31 PM,03:25 pm
act_arr_time,1232,04:56 PM,04:54 pm
act_arr_time,1233,11:21 AM,11:11 am
act_arr_time,1234,06:55 AM,12/2/11 6:35 am
act_arr_time,1235,07:17 AM,07:04 am
act_arr_time,1236,05:26 AM,05:23 am
act_arr_time,1237,06:28 PM,06:25 pm
act_arr_time,1238,09:14 AM,09:08 am
act_arr_time,1239,01:19 PM,01:09 pm
act_arr_time,1240,01:27 PM,01:11 pm
act_arr_time,1241,09:56 AM,09:56 am
act_arr_time,1242,09:45 AM,09:29 am
act_arr_time,1243,07:39 PM,07:37 pm
act_arr_time,1244,01:40 PM,01:36 pm
act_arr_time,1245,07:10 PM,06:59 pm
act_arr_time,1246,11:32 AM,11:04 am
act_arr_time,1247,04:47 PM,04:43 pm
act_arr_time,1248,04:09 PM,04:08 pm
act_arr_time,1249,01:14 PM,01:06 pm
act_arr_time,1250,09:05 AM,08:50 am
act_arr_time,1251,05:05 PM,05:00 pm
act_arr_time,1252,10:27 AM,10:18 am
act_arr_time,1253,10:56 AM,10:47 am
act_arr_time,1254,11:56 AM,11:50 am
act_arr_time,1255,03:30 PM,03:13 pm
act_arr_time,1256,01:30 PM,01:23 pm
act_arr_time,1257,03:21 PM,03:09 pm
act_arr_time,1258,02:10 PM,01:55 pm
act_arr_time,1259,05:42 PM,05:22 pm
act_arr_time,1260,01:15 PM,01:11 pm
act_arr_time,1261,08:03 PM,07:43 pm
act_arr_time,1262,09:52 PM,08:46 pm
act_arr_time,1263,02:46 PM,02:39 pm
act_arr_time,1264,05:34 PM,05:24 pm
act_arr_time,1265,03:33 PM,03:25 pm
act_arr_time,1266,10:36 AM,10:34 am
act_arr_time,1267,07:25 PM,07:25 pm
act_arr_time,1268,08:53 PM,08:38 pm
act_arr_time,1269,03:16 PM,03:04 pm
act_arr_time,1270,12:21 AM,12:02 am
act_arr_time,1271,07:58 PM,07:20 pm
act_arr_time,1272,12:09 PM,12:02 pm
act_arr_time,1273,07:51 AM,07:49 am
act_arr_time,1274,09:31 AM,09:26 am
act_arr_time,1275,07:55 PM,07:43 pm
act_arr_time,1276,11:06 AM,10:43 am
act_arr_time,1277,06:38 PM,06:28 pm
act_arr_time,1278,07:36 PM,07:23 pm
act_arr_time,1279,09:53 PM,09:47 pm
act_arr_time,1280,06:34 PM,06:13 pm
act_arr_time,1281,10:47 AM,10:43 am
act_arr_time,1282,03:04 PM,02:58 pm
act_arr_time,1283,04:23 PM,04:20 pm
act_arr_time,1284,02:50 PM,02:50 pm
act_arr_time,1285,04:17 PM,04:05 pm
act_arr_time,1286,05:50 AM,05:52 am
act_arr_time,1287,12:29 AM,12/2/11 12:01 am
act_arr_time,1288,12:15 AM,11:49 pm
act_arr_time,1289,11:50 PM,11:35 pm
act_arr_time,1290,10:04 AM,09:45 am
act_arr_time,1291,11:44 AM,11:33 am
act_arr_time,1292,09:13 AM,09:13 am
act_arr_time,1293,03:50 PM,03:29 pm
act_arr_time,1294,04:59 PM,04:55 pm
act_arr_time,1295,08:45 AM,08:33 am
act_arr_time,1296,05:11 AM,05:21 am
act_arr_time,1297,06:40 PM,06:19 pm
act_arr_time,1298,08:02 AM,07:50 am
act_arr_time,1299,02:00 PM,01:52 pm
act_arr_time,1300,09:20 PM,09:12 pm
act_arr_time,1301,04:44 PM,04:22 pm
act_arr_time,1302,07:10 PM,06:59 pm
act_arr_time,1303,11:56 AM,11:45 am
act_arr_time,1304,03:43 PM,03:36 pm
act_arr_time,1305,05:43 PM,05:39 pm
act_arr_time,1306,11:06 AM,11:04 am
act_arr_time,1307,01:43 PM,01:42 pm
act_arr_time,1308,11:01 AM,10:58 am
act_arr_time,1309,12:09 PM,12:00 pm
act_arr_time,1310,03:13 PM,02:49 pm
act_arr_time,1311,10:16 AM,10:12 am
act_arr_time,1312,06:43 PM,06:30 pm
act_arr_time,1313,08:06 AM,07:59 am
act_arr_time,1314,06:15 PM,06:11 pm
act_arr_time,1315,02:27 PM,02:21 pm
act_arr_time,1316,05:26 PM,05:09 pm
act_arr_time,1317,05:38 PM,05:34 pm
act_arr_time,1318,12:50 PM,12:37 pm
act_arr_time,1319,07:40 AM,07:37 am
act_arr_time,1320,06:36 PM,06:33 pm
act_arr_time,1321,06:19 AM,06:15 am
act_arr_time,1322,11:12 AM,10:52 am
act_arr_time,1323,03:14 PM,03:12 pm
act_arr_time,1324,09:32 AM,9:32adec 1
act_arr_time,1325,10:29 PM,10:02 pm
act_arr_time,1326,09:28 AM,9:28adec 1
act_arr_time,1327,11:58 AM,11:58adec 1
act_arr_time,1328,09:43 AM,09:29 am
act_arr_time,1329,10:30 PM,10:28 pm
act_arr_time,1330,03:16 PM,03:16 pm
act_arr_time,1331,05:17 PM,05:17 pm
act_arr_time,1332,03:31 PM,03:31 pm
act_arr_time,1333,11:21 AM,11:11 am
act_arr_time,1334,06:55 AM,06:55 am
act_arr_time,1335,07:17 AM,7:17adec 1
act_arr_time,1336,05:26 AM,5:26adec 1
act_arr_time,1337,06:28 PM,06:28 pm
act_arr_time,1338,09:14 AM,09:08 am
act_arr_time,1339,01:19 PM,01:19 pm
act_arr_time,1340,01:27 PM,01:27 pm
act_arr_time,1341,09:56 AM,9:56adec 1
act_arr_time,1342,09:45 AM,9:45adec 1
act_arr_time,1343,07:39 PM,07:39 pm
act_arr_time,1344,01:40 PM,01:40 pm
act_arr_time,1345,07:10 PM,07:10 pm
act_arr_time,1346,11:32 AM,11:32adec 1
act_arr_time,1347,04:47 PM,04:47 pm
act_arr_time,1348,04:09 PM,04:09 pm
act_arr_time,1349,01:14 PM,01:14 pm
act_arr_time,1350,09:05 AM,9:05adec 1
act_arr_time,1351,05:05 PM,05:05 pm
act_arr_time,1352,10:27 AM,10:27adec 1
act_arr_time,1353,10:56 AM,10:56adec 1
act_arr_time,1354,11:56 AM,11:56adec 1
act_arr_time,1355,03:30 PM,03:30 pm
act_arr_time,1356,01:30 PM,01:30 pm
act_arr_time,1357,03:21 PM,03:07 pm
act_arr_time,1358,02:10 PM,02:10 pm
act_arr_time,1359,05:42 PM,05:42 pm
act_arr_time,1360,01:15 PM,01:15 pm
act_arr_time,1361,08:03 PM,08:03 pm
act_arr_time,1362,09:52 PM,08:46 pm
act_arr_time,1363,02:46 PM,02:46 pm
act_arr_time,1364,05:34 PM,05:34 pm
act_arr_time,1365,03:33 PM,03:33 pm
act_arr_time,1366,10:36 AM,10:36adec 1
act_arr_time,1367,07:25 PM,07:25 pm
act_arr_time,1368,08:53 PM,08:53 pm
act_arr_time,1369,12:21 AM,12:02 am
act_arr_time,1370,07:58 PM,07:58 pm
act_arr_time,1371,12:09 PM,12:09 pm
act_arr_time,1372,07:51 AM,7:51adec 1
act_arr_time,1373,09:31 AM,9:31adec 1
act_arr_time,1374,07:55 PM,07:55 pm
act_arr_time,1375,06:38 PM,06:38 pm
act_arr_time,1376,07:36 PM,07:36 pm
act_arr_time,1377,09:53 PM,09:53 pm
act_arr_time,1378,06:34 PM,06:34 pm
act_arr_time,1379,10:47 AM,10:47adec 1
act_arr_time,1380,03:04 PM,03:04 pm
act_arr_time,1381,04:23 PM,04:23 pm
act_arr_time,1382,02:50 PM,02:50 pm
act_arr_time,1383,04:17 PM,04:17 pm
act_arr_time,1384,05:50 AM,05:49 am
act_arr_time,1385,12:29 AM,11:56 pm
act_arr_time,1386,12:15 AM,11:49 pm
act_arr_time,1387,11:50 PM,11:35 pm
act_arr_time,1388,10:04 AM,10:04adec 1
act_arr_time,1389,11:44 AM,11:44adec 1
act_arr_time,1390,03:50 PM,03:26 pm
act_arr_time,1391,04:59 PM,04:59 pm
act_arr_time,1392,08:45 AM,8:45adec 1
act_arr_time,1393,05:11 AM,05:21 am
act_arr_time,1394,06:40 PM,06:09 pm
act_arr_time,1395,08:02 AM,8:02adec 1
act_arr_time,1396,02:00 PM,02:00 pm
act_arr_time,1397,09:20 PM,09:11 pm
act_arr_time,1398,04:44 PM,04:44 pm
act_arr_time,1399,07:10 PM,07:10 pm
act_arr_time,1400,11:56 AM,11:45 am
act_arr_time,1401,03:43 PM,03:43 pm
act_arr_time,1402,05:43 PM,05:43 pm
act_arr_time,1403,11:06 AM,11:06adec 1
act_arr_time,1404,01:43 PM,01:43 pm
act_arr_time,1405,11:01 AM,11:01adec 1
act_arr_time,1406,12:09 PM,12:09 pm
act_arr_time,1407,03:13 PM,03:13 pm
act_arr_time,1408,10:16 AM,10:16adec 1
act_arr_time,1409,06:43 PM,06:43 pm
act_arr_time,1410,08:06 AM,8:06adec 1
act_arr_time,1411,04:56 PM,04:56 pm
act_arr_time,1412,06:15 PM,06:15 pm
act_arr_time,1413,02:27 PM,02:27 pm
act_arr_time,1414,11:06 AM,11:06adec 1
act_arr_time,1415,05:26 PM,05:26 pm
act_arr_time,1416,05:38 PM,05:38 pm
act_arr_time,1417,12:50 PM,12:50 pm
act_arr_time,1418,07:40 AM,7:40adec 1
act_arr_time,1419,06:36 PM,06:36 pm
act_arr_time,1420,06:19 AM,6:19adec 1
act_arr_time,1421,11:12 AM,11:12adec 1
act_arr_time,1422,03:14 PM,03:14 pm
act_arr_time,1423,04:09 PM,03:26 pm
act_arr_time,1424,09:13 AM,09:11 am
act_arr_time,1425,03:43 PM,03:36 pm
act_arr_time,1426,04:23 PM,04:18 pm
act_arr_time,1427,10:29 PM,10:29 pm
act_arr_time,1428,09:14 AM,09:14 am
act_arr_time,1429,01:14 PM,01:14 pm
act_arr_time,1430,10:27 AM,10:27 am
act_arr_time,1431,12:21 AM,12:21 am
act_arr_time,1432,05:26 AM,05:26 am
act_arr_time,1433,10:56 AM,10:56 am
act_arr_time,1434,03:31 PM,03:31 pm
act_arr_time,1435,05:26 PM,05:26 pm
act_arr_time,1436,07:10 PM,07:10 pm
act_arr_time,1437,12:09 PM,12:09 pm
act_arr_time,1438,06:34 PM,06:34 pm
act_arr_time,1439,01:19 PM,01:19 pm
act_arr_time,1440,04:59 PM,04:59 pm
act_arr_time,1441,09:52 PM,09:52 pm
act_arr_time,1442,06:40 PM,06:40 pm
act_arr_time,1443,06:36 PM,06:36 pm
act_arr_time,1444,08:03 PM,08:03 pm
act_arr_time,1445,11:32 AM,11:32 am
act_arr_time,1446,07:51 AM,07:51 am
act_arr_time,1447,03:43 PM,03:43 pm
act_arr_time,1448,01:19 PM,01:19 pm
act_arr_time,1449,05:43 PM,05:43 pm
act_arr_time,1450,06:38 PM,06:38 pm
act_arr_time,1451,10:27 AM,10:27 am
act_arr_time,1452,07:36 PM,07:36 pm
act_arr_time,1453,09:43 AM,09:43 am
act_arr_time,1454,03:13 PM,03:13 pm
act_arr_time,1455,10:36 AM,10:36 am
act_arr_time,1456,04:23 PM,04:23 pm
act_arr_time,1457,02:50 PM,02:50 pm
act_arr_time,1458,05:26 AM,05:26 am
act_arr_time,1459,03:31 PM,03:31 pm
act_arr_time,1460,12:29 AM,12:01 am (estimated runway)
act_arr_time,1461,08:06 AM,08:06 am
act_arr_time,1462,12:15 AM,11:49 pm (estimated runway)
act_arr_time,1463,06:15 PM,06:15 pm
act_arr_time,1464,11:44 AM,11:44 am
act_arr_time,1465,10:30 PM,10:30 pm (estimated)
act_arr_time,1466,09:13 AM,09:13 am
act_arr_time,1467,05:38 PM,05:38 pm
act_arr_time,1468,04:47 PM,04:47 pm
act_arr_time,1469,06:34 PM,06:34 pm
act_arr_time,1470,04:59 PM,04:59 pm
act_arr_time,1471,09:45 AM,09:45 am
act_arr_time,1472,02:46 PM,02:46 pm
act_arr_time,1473,10:16 AM,10:16 am
act_arr_time,1474,09:20 PM,9:19 pm (estimated)
act_arr_time,1475,06:19 AM,06:19 am
act_arr_time,1476,11:12 AM,11:12 am
act_arr_time,1477,07:10 PM,07:10 pm
act_arr_time,1478,01:27 PM,01:27 pm
act_arr_time,1479,03:16 PM,03:16 pm
act_arr_time,1480,12:21 AM,12:21 am (estimated)
act_arr_time,1481,04:09 PM,04:09 pm
act_arr_time,1482,11:58 AM,11:30 am
act_arr_time,1483,06:43 PM,06:11 pm
act_arr_time,1484,11:44 AM,11:33 am
act_arr_time,1485,11:12 AM,10:49 am
act_arr_time,1486,05:42 PM,05:22 pm
act_arr_time,1487,07:17 AM,07:04 am
act_arr_time,1488,09:32 AM,09:22 am
act_arr_time,1489,10:29 PM,10:02 pm
act_arr_time,1490,09:28 AM,09:14 am
act_arr_time,1491,11:58 AM,11:30 am
act_arr_time,1492,09:43 AM,09:29 am
act_arr_time,1493,10:30 PM,10:31 pm
act_arr_time,1494,05:17 PM,05:14 pm
act_arr_time,1495,03:31 PM,03:25 pm
act_arr_time,1496,04:56 PM,04:54 pm
act_arr_time,1497,11:21 AM,11:11 am
act_arr_time,1498,06:55 AM,12/2/11 6:35 am
act_arr_time,1499,07:17 AM,07:04 am
act_arr_time,1500,05:26 AM,05:23 am
act_arr_time,1501,06:28 PM,06:25 pm
act_arr_time,1502,09:14 AM,09:08 am
act_arr_time,1503,01:19 PM,01:09 pm
act_arr_time,1504,01:27 PM,01:11 pm
act_arr_time,1505,09:56 AM,09:56 am
act_arr_time,1506,09:45 AM,09:29 am
act_arr_time,1507,07:39 PM,07:37 pm
act_arr_time,1508,01:40 PM,01:36 pm
act_arr_time,1509,07:10 PM,06:59 pm
act_arr_time,1510,11:32 AM,11:04 am
act_arr_time,1511,04:47 PM,04:43 pm
act_arr_time,1512,04:09 PM,04:08 pm
act_arr_time,1513,01:14 PM,01:06 pm
act_arr_time,1514,09:05 AM,08:50 am
act_arr_time,1515,05:05 PM,05:00 pm
act_arr_time,1516,10:27 AM,10:18 am
act_arr_time,1517,10:56 AM,10:47 am
act_arr_time,1518,11:56 AM,11:50 am
act_arr_time,1519,03:30 PM,03:13 pm
act_arr_time,1520,01:30 PM,01:23 pm
act_arr_time,1521,03:21 PM,03:09 pm
act_arr_time,1522,02:10 PM,01:55 pm
act_arr_time,1523,05:42 PM,05:22 pm
act_arr_time,1524,01:15 PM,01:11 pm
act_arr_time,1525,08:03 PM,07:43 pm
act_arr_time,1526,09:52 PM,08:46 pm
act_arr_time,1527,02:46 PM,02:39 pm
act_arr_time,1528,05:34 PM,05:24 pm
act_arr_time,1529,03:33 PM,03:25 pm
act_arr_time,1530,10:36 AM,10:34 am
act_arr_time,1531,07:25 PM,07:25 pm
act_arr_time,1532,08:53 PM,08:38 pm
act_arr_time,1533,03:16 PM,03:04 pm
act_arr_time,1534,12:21 AM,12:02 am
act_arr_time,1535,07:58 PM,07:20 pm
act_arr_time,1536,12:09 PM,12:02 pm
act_arr_time,1537,07:51 AM,07:49 am
act_arr_time,1538,09:31 AM,09:26 am
act_arr_time,1539,07:55 PM,07:43 pm
act_arr_time,1540,11:06 AM,10:43 am
act_arr_time,1541,06:38 PM,06:28 pm
act_arr_time,1542,07:36 PM,07:23 pm
act_arr_time,1543,09:53 PM,09:47 pm
act_arr_time,1544,06:34 PM,06:13 pm
act_arr_time,1545,10:47 AM,10:43 am
act_arr_time,1546,03:04 PM,02:58 pm
act_arr_time,1547,04:23 PM,04:20 pm
act_arr_time,1548,02:50 PM,02:50 pm
act_arr_time,1549,04:17 PM,04:05 pm
act_arr_time,1550,05:50 AM,05:52 am
act_arr_time,1551,12:29 AM,12/2/11 12:01 am
act_arr_time,1552,12:15 AM,11:49 pm
act_arr_time,1553,11:50 PM,11:35 pm
act_arr_time,1554,10:04 AM,09:45 am
act_arr_time,1555,11:44 AM,11:33 am
act_arr_time,1556,09:13 AM,09:13 am
act_arr_time,1557,03:50 PM,03:29 pm
act_arr_time,1558,04:59 PM,04:55 pm
act_arr_time,1559,08:45 AM,08:33 am
act_arr_time,1560,05:11 AM,05:21 am
act_arr_time,1561,06:40 PM,06:19 pm
act_arr_time,1562,08:02 AM,07:50 am
act_arr_time,1563,02:00 PM,01:52 pm
act_arr_time,1564,09:20 PM,09:12 pm
act_arr_time,1565,04:44 PM,04:22 pm
act_arr_time,1566,07:10 PM,06:59 pm
act_arr_time,1567,11:56 AM,11:45 am
act_arr_time,1568,03:43 PM,03:36 pm
act_arr_time,1569,05:43 PM,05:39 pm
act_arr_time,1570,11:06 AM,11:04 am
act_arr_time,1571,01:43 PM,01:42 pm
act_arr_time,1572,11:01 AM,10:58 am
act_arr_time,1573,12:09 PM,12:00 pm
act_arr_time,1574,03:13 PM,02:49 pm
act_arr_time,1575,10:16 AM,10:12 am
act_arr_time,1576,06:43 PM,06:30 pm
act_arr_time,1577,08:06 AM,07:59 am
act_arr_time,1578,06:15 PM,06:11 pm
act_arr_time,1579,02:27 PM,02:21 pm
act_arr_time,1580,05:26 PM,05:09 pm
act_arr_time,1581,05:38 PM,05:34 pm
act_arr_time,1582,12:50 PM,12:37 pm
act_arr_time,1583,07:40 AM,07:37 am
act_arr_time,1584,06:36 PM,06:33 pm
act_arr_time,1585,06:19 AM,06:15 am
act_arr_time,1586,11:12 AM,10:52 am
act_arr_time,1587,03:14 PM,03:12 pm
act_arr_time,1588,10:30 PM,10:28 pm
act_arr_time,1589,10:29 PM,10:02 pm
act_arr_time,1590,09:43 AM,09:29 am
act_arr_time,1591,07:25 PM,07:25 pm
act_arr_time,1592,05:17 PM,contact airline
act_arr_time,1593,11:21 AM,11:11 am
act_arr_time,1594,06:55 AM,06:55 am
act_arr_time,1595,05:26 AM,5:26adec 1
act_arr_time,1596,06:28 PM,06:28 pm
act_arr_time,1597,01:19 PM,01:19 pm
act_arr_time,1598,09:45 AM,9:45adec 1
act_arr_time,1599,07:10 PM,07:10 pm
act_arr_time,1600,01:14 PM,01:14 pm
act_arr_time,1601,09:05 AM,9:05adec 1
act_arr_time,1602,05:05 PM,05:05 pm
act_arr_time,1603,11:56 AM,11:56 am
act_arr_time,1604,08:06 AM,8:06adec 1
act_arr_time,1605,03:21 PM,03:07 pm
act_arr_time,1606,01:27 PM,01:27 pm
act_arr_time,1607,02:10 PM,02:10 pm
act_arr_time,1608,01:15 PM,01:15 pm
act_arr_time,1609,09:52 PM,08:46 pm
act_arr_time,1610,02:27 PM,02:27 pm
act_arr_time,1611,07:51 AM,7:51adec 1
act_arr_time,1612,09:31 AM,9:31adec 1
act_arr_time,1613,07:55 PM,07:55 pm
act_arr_time,1614,11:06 AM,11:06adec 1
act_arr_time,1615,09:53 PM,09:53 pm
act_arr_time,1616,10:47 AM,10:47adec 1
act_arr_time,1617,08:53 PM,08:53 pm
act_arr_time,1618,12:29 AM,11:56 pm
act_arr_time,1619,12:15 AM,dec 02 not available
act_arr_time,1620,11:50 PM,11:35 pm
act_arr_time,1621,10:04 AM,10:04adec 1
act_arr_time,1622,11:44 AM,11:44adec 1
act_arr_time,1623,05:42 PM,05:42 pm
act_arr_time,1624,03:50 PM,not available
act_arr_time,1625,04:59 PM,04:59 pm
act_arr_time,1626,05:11 AM,05:21 am
act_arr_time,1627,09:20 PM,09:11 pm
act_arr_time,1628,05:43 PM,05:43 pm
act_arr_time,1629,08:45 AM,08:45 am
act_arr_time,1630,01:43 PM,01:43 pm
act_arr_time,1631,12:09 PM,12:09 pm
act_arr_time,1632,11:12 AM,11:12adec 1
act_arr_time,1633,10:16 AM,10:16adec 1
act_arr_time,1634,04:56 PM,04:56 pm
act_arr_time,1635,06:15 PM,06:15 pm
act_arr_time,1636,05:26 PM,05:26 pm
act_arr_time,1637,07:40 AM,7:40adec 1
act_arr_time,1638,09:32 AM,09:22 am
act_arr_time,1639,07:51 AM,07:49 am
act_arr_time,1640,09:31 AM,09:23 am
act_arr_time,1641,03:43 PM,03:36 pm
act_arr_time,1642,11:06 AM,11:04 am
act_arr_time,1643,09:53 PM,09:47 pm
act_arr_time,1644,07:36 PM,07:23 pm
act_arr_time,1645,03:13 PM,02:40 pm
act_arr_time,1646,08:53 PM,08:38 pm
act_arr_time,1647,08:06 AM,07:57 am
act_arr_time,1648,04:23 PM,04:18 pm
act_arr_time,1649,02:50 PM,02:36 pm
act_arr_time,1650,06:15 PM,06:09 pm
act_arr_time,1651,05:50 AM,05:49 am
act_arr_time,1652,04:56 PM,04:52 pm
act_arr_time,1653,02:10 PM,01:55 pm
act_arr_time,1654,10:30 PM,10:28 pm
act_arr_time,1655,12:50 PM,12:37 pm
act_arr_time,1656,05:11 AM,05:21 am
act_arr_time,1657,02:46 PM,02:36 pm
act_arr_time,1658,05:34 PM,05:24 pm
act_arr_time,1659,10:16 AM,10:10 am
act_arr_time,1660,03:33 PM,03:25 pm
act_arr_time,1661,07:58 PM,07:20 pm
act_arr_time,1662,09:32 AM,09:22 am
act_arr_time,1663,09:28 AM,09:14 am
act_arr_time,1664,10:29 PM,10:24 pm
act_arr_time,1665,09:43 AM,09:44 am
act_arr_time,1666,10:30 PM,10:28 pm
act_arr_time,1667,06:55 AM,06:55 am
act_arr_time,1668,06:28 PM,06:23 pm
act_arr_time,1669,09:14 AM,09:08 am
act_arr_time,1670,09:45 AM,09:29 am
act_arr_time,1671,07:39 PM,07:37 pm
act_arr_time,1672,01:27 PM,01:11 pm
act_arr_time,1673,04:09 PM,03:59 pm
act_arr_time,1674,01:14 PM,01:07 pm
act_arr_time,1675,09:05 AM,08:50 am
act_arr_time,1676,05:05 PM,04:57 pm
act_arr_time,1677,11:01 AM,10:58 am
act_arr_time,1678,11:56 AM,11:50 am
act_arr_time,1679,08:06 AM,07:59 am
act_arr_time,1680,03:30 PM,03:13 pm
act_arr_time,1681,07:40 AM,07:35 am
act_arr_time,1682,02:50 PM,02:40 pm
act_arr_time,1683,03:21 PM,03:07 pm
act_arr_time,1684,05:42 PM,05:27 pm
act_arr_time,1685,01:15 PM,01:08 pm
act_arr_time,1686,08:03 PM,07:43 pm
act_arr_time,1687,11:06 AM,10:43 am
act_arr_time,1688,09:52 PM,08:46 pm
act_arr_time,1689,02:27 PM,02:21 pm
act_arr_time,1690,02:46 PM,02:39 pm
act_arr_time,1691,03:33 PM,03:26 pm
act_arr_time,1692,10:36 AM,10:29 am
act_arr_time,1693,07:25 PM,07:25 pm
act_arr_time,1694,08:53 PM,08:38 pm
act_arr_time,1695,03:16 PM,03:04 pm
act_arr_time,1696,12:21 AM,12:02 am
act_arr_time,1697,12:09 PM,12:02 pm
act_arr_time,1698,07:51 AM,07:49 am
act_arr_time,1699,09:31 AM,09:26 am
act_arr_time,1700,07:55 PM,07:43 pm
act_arr_time,1701,06:38 PM,06:34 pm
act_arr_time,1702,09:53 PM,09:47 pm
act_arr_time,1703,03:04 PM,02:58 pm
act_arr_time,1704,04:23 PM,04:20 pm
act_arr_time,1705,04:17 PM,04:06 pm
act_arr_time,1706,12:29 AM,12:19 am
act_arr_time,1707,12:15 AM,12:01 am
act_arr_time,1708,11:50 PM,11:35 pm
act_arr_time,1709,10:04 AM,09:45 am
act_arr_time,1710,11:44 AM,11:33 am
act_arr_time,1711,03:50 PM,03:40 pm
act_arr_time,1712,05:11 AM,05:21 am
act_arr_time,1713,06:40 PM,06:56 pm
act_arr_time,1714,09:20 PM,09:11 pm
act_arr_time,1715,03:43 PM,03:36 pm
act_arr_time,1716,05:43 PM,05:39 pm
act_arr_time,1717,11:06 AM,11:04 am
act_arr_time,1718,01:43 PM,01:42 pm
act_arr_time,1719,03:13 PM,02:49 pm
act_arr_time,1720,06:43 PM,06:30 pm
act_arr_time,1721,06:15 PM,06:11 pm
act_arr_time,1722,03:14 PM,03:12 pm
act_arr_time,1723,05:38 PM,05:34 pm
act_arr_time,1724,12:50 PM,12:37 pm
act_arr_time,1725,06:36 PM,06:33 pm
act_arr_time,1726,06:19 AM,06:09 am
act_arr_time,1727,11:12 AM,10:52 am
act_arr_time,1728,11:58 AM,11:58 am
act_arr_time,1729,09:43 AM,09:43 am
act_arr_time,1730,05:17 PM,05:17 pm
act_arr_time,1731,11:21 AM,11:21 am
act_arr_time,1732,06:28 PM,06:28 pm
act_arr_time,1733,05:05 PM,05:05 pm
act_arr_time,1734,03:21 PM,03:21 pm
act_arr_time,1735,01:15 PM,01:15 pm
act_arr_time,1736,01:30 PM,01:30 pm
act_arr_time,1737,09:56 AM,09:56 am
act_arr_time,1738,05:34 PM,05:34 pm
act_arr_time,1739,07:58 PM,07:58 pm
act_arr_time,1740,06:38 PM,06:38 pm
act_arr_time,1741,07:36 PM,07:36 pm
act_arr_time,1742,10:47 AM,10:47 am
act_arr_time,1743,04:23 PM,04:23 pm
act_arr_time,1744,04:17 PM,04:17 pm
act_arr_time,1745,12:29 AM,fri dec 2 12:29 am
act_arr_time,1746,09:13 AM,09:13 am
act_arr_time,1747,08:45 AM,08:45 am
act_arr_time,1748,05:11 AM,fri dec 2 5:11 am
act_arr_time,1749,08:02 AM,08:02 am
act_arr_time,1750,02:00 PM,02:00 pm
act_arr_time,1751,04:44 PM,04:44 pm
act_arr_time,1752,07:10 PM,07:10 pm
act_arr_time,1753,11:56 AM,11:56 am
act_arr_time,1754,04:47 PM,04:47 pm
act_arr_time,1755,12:09 PM,12:09 pm
act_arr_time,1756,05:38 PM,05:38 pm
act_arr_time,1757,07:17 AM,07:17 am
act_arr_time,1758,05:42 PM,05:42 pm
act_arr_time,1759,09:32 AM,09:32 am
act_arr_time,1760,10:29 PM,10:29 pm
act_arr_time,1761,09:28 AM,09:28 am
act_arr_time,1762,11:58 AM,11:58 am
act_arr_time,1763,09:43 AM,09:43 am
act_arr_time,1764,10:30 PM,10:28 pm
act_arr_time,1765,03:16 PM,03:16 pm
act_arr_time,1766,05:17 PM,05:17 pm
act_arr_time,1767,03:31 PM,03:31 pm
act_arr_time,1768,11:21 AM,11:21 am
act_arr_time,1769,06:55 AM,06:55 am
act_arr_time,1770,07:17 AM,07:17 am
act_arr_time,1771,05:26 AM,05:26 am
act_arr_time,1772,06:28 PM,06:28 pm
act_arr_time,1773,09:14 AM,09:14 am
act_arr_time,1774,01:19 PM,01:19 pm
act_arr_time,1775,01:27 PM,01:27 pm
act_arr_time,1776,09:56 AM,09:56 am
act_arr_time,1777,09:45 AM,09:45 am
act_arr_time,1778,07:39 PM,07:39 pm
act_arr_time,1779,01:40 PM,01:40 pm
act_arr_time,1780,07:10 PM,07:10 pm
act_arr_time,1781,11:32 AM,11:32 am
act_arr_time,1782,04:47 PM,04:47 pm
act_arr_time,1783,04:09 PM,04:09 pm
act_arr_time,1784,01:14 PM,01:14 pm
act_arr_time,1785,09:05 AM,09:05 am
act_arr_time,1786,05:05 PM,05:05 pm
act_arr_time,1787,10:27 AM,10:27 am
act_arr_time,1788,10:56 AM,10:56 am
act_arr_time,1789,11:56 AM,11:56 am
act_arr_time,1790,03:30 PM,3:20 pm (runway)
act_arr_time,1791,01:30 PM,01:30 pm
act_arr_time,1792,03:21 PM,03:21 pm
act_arr_time,1793,02:10 PM,02:10 pm
act_arr_time,1794,05:42 PM,05:42 pm
act_arr_time,1795,01:15 PM,01:15 pm
act_arr_time,1796,08:03 PM,08:03 pm
act_arr_time,1797,09:52 PM,08:56 pm
act_arr_time,1798,02:46 PM,02:46 pm
act_arr_time,1799,05:34 PM,05:34 pm
act_arr_time,1800,03:33 PM,03:33 pm
act_arr_time,1801,10:36 AM,10:36 am
act_arr_time,1802,07:25 PM,07:25 pm
act_arr_time,1803,08:53 PM,08:53 pm
act_arr_time,1804,12:21 AM,12:02 am
act_arr_time,1805,07:58 PM,07:58 pm
act_arr_time,1806,12:09 PM,12:09 pm
act_arr_time,1807,07:51 AM,07:51 am
act_arr_time,1808,09:31 AM,09:31 am
act_arr_time,1809,07:55 PM,07:55 pm
act_arr_time,1810,06:38 PM,06:38 pm
act_arr_time,1811,07:36 PM,07:36 pm
act_arr_time,1812,09:53 PM,09:53 pm
act_arr_time,1813,06:34 PM,06:34 pm
act_arr_time,1814,10:47 AM,10:47 am
act_arr_time,1815,03:04 PM,03:04 pm
act_arr_time,1816,04:23 PM,04:23 pm
act_arr_time,1817,02:50 PM,02:50 pm
act_arr_time,1818,04:17 PM,04:17 pm
act_arr_time,1819,05:50 AM,05:49 am
act_arr_time,1820,12:29 AM,11:56 pm
act_arr_time,1821,12:15 AM,11:49 pm
act_arr_time,1822,11:50 PM,11:35 pm
act_arr_time,1823,10:04 AM,10:04 am
act_arr_time,1824,11:44 AM,11:44 am
act_arr_time,1825,09:13 AM,09:13 am
act_arr_time,1826,03:50 PM,03:26 pm
act_arr_time,1827,04:59 PM,04:59 pm
act_arr_time,1828,08:45 AM,08:45 am
act_arr_time,1829,05:11 AM,05:21 am
act_arr_time,1830,06:40 PM,06:09 pm
act_arr_time,1831,08:02 AM,08:02 am
act_arr_time,1832,02:00 PM,02:00 pm
act_arr_time,1833,09:20 PM,09:20 pm
act_arr_time,1834,04:44 PM,04:44 pm
act_arr_time,1835,07:10 PM,07:10 pm
act_arr_time,1836,11:56 AM,11:45 am
act_arr_time,1837,03:43 PM,03:43 pm
act_arr_time,1838,05:43 PM,05:43 pm
act_arr_time,1839,11:06 AM,11:06 am
act_arr_time,1840,01:43 PM,01:43 pm
act_arr_time,1841,11:01 AM,11:01 am
act_arr_time,1842,12:09 PM,12:09 pm
act_arr_time,1843,03:13 PM,03:13 pm
act_arr_time,1844,10:16 AM,10:16 am
act_arr_time,1845,06:43 PM,06:43 pm
act_arr_time,1846,08:06 AM,08:06 am
act_arr_time,1847,04:56 PM,04:56 pm
act_arr_time,1848,06:15 PM,06:15 pm
act_arr_time,1849,02:27 PM,02:27 pm
act_arr_time,1850,11:06 AM,11:06 am
act_arr_time,1851,05:26 PM,05:26 pm
act_arr_time,1852,05:38 PM,05:38 pm
act_arr_time,1853,12:50 PM,12:50 pm
act_arr_time,1854,07:40 AM,07:40 am
act_arr_time,1855,06:36 PM,06:36 pm
act_arr_time,1856,06:19 AM,06:19 am
act_arr_time,1857,11:12 AM,11:12 am
act_arr_time,1858,03:14 PM,03:14 pm
act_arr_time,1859,09:32 AM,09:32 am
act_arr_time,1860,10:29 PM,10:29 pm
act_arr_time,1861,09:28 AM,09:28 am
act_arr_time,1862,11:58 AM,11:58 am
act_arr_time,1863,09:43 AM,09:43 am
act_arr_time,1864,10:30 PM,10:30 pm (estimated)
act_arr_time,1865,02:10 PM,02:10 pm
act_arr_time,1866,07:25 PM,7:25 pm (estimated runway)
act_arr_time,1867,05:17 PM,05:17 pm
act_arr_time,1868,03:31 PM,03:31 pm
act_arr_time,1869,06:55 AM,6:35 am (estimated runway)
act_arr_time,1870,07:17 AM,07:17 am
act_arr_time,1871,05:26 AM,05:26 am
act_arr_time,1872,06:28 PM,06:28 pm
act_arr_time,1873,09:14 AM,09:14 am
act_arr_time,1874,01:19 PM,01:19 pm
act_arr_time,1875,09:45 AM,09:45 am
act_arr_time,1876,09:56 AM,09:56 am
act_arr_time,1877,07:39 PM,07:39 pm
act_arr_time,1878,01:27 PM,01:27 pm
act_arr_time,1879,07:10 PM,07:10 pm
act_arr_time,1880,08:03 PM,08:03 pm
act_arr_time,1881,04:09 PM,04:09 pm
act_arr_time,1882,01:14 PM,01:14 pm
act_arr_time,1883,09:05 AM,09:05 am
act_arr_time,1884,05:05 PM,05:05 pm
act_arr_time,1885,10:27 AM,10:27 am
act_arr_time,1886,10:56 AM,10:56 am
act_arr_time,1887,11:01 AM,11:01 am
act_arr_time,1888,11:56 AM,11:56 am
act_arr_time,1889,08:06 AM,08:06 am
act_arr_time,1890,03:30 PM,3:20 pm (runway)
act_arr_time,1891,07:40 AM,07:40 am
act_arr_time,1892,02:50 PM,02:50 pm
act_arr_time,1893,03:21 PM,03:21 pm
act_arr_time,1894,01:15 PM,01:15 pm
act_arr_time,1895,09:52 PM,9:52 pm (estimated)
act_arr_time,1896,02:27 PM,02:27 pm
act_arr_time,1897,02:46 PM,02:46 pm
act_arr_time,1898,05:34 PM,05:34 pm
act_arr_time,1899,03:33 PM,03:33 pm
act_arr_time,1900,10:36 AM,10:36 am
act_arr_time,1901,11:32 AM,11:32 am
act_arr_time,1902,08:53 PM,08:53 pm
act_arr_time,1903,03:16 PM,03:16 pm
act_arr_time,1904,12:21 AM,12:21 am (estimated)
act_arr_time,1905,07:58 PM,07:58 pm
act_arr_time,1906,12:09 PM,12:09 pm
act_arr_time,1907,07:51 AM,07:51 am
act_arr_time,1908,09:31 AM,09:31 am
act_arr_time,1909,07:55 PM,07:55 pm
act_arr_time,1910,11:06 AM,11:06 am
act_arr_time,1911,06:38 PM,06:38 pm
act_arr_time,1912,07:36 PM,07:36 pm
act_arr_time,1913,09:53 PM,09:53 pm
act_arr_time,1914,06:34 PM,06:34 pm
act_arr_time,1915,10:47 AM,10:47 am
act_arr_time,1916,03:04 PM,03:04 pm
act_arr_time,1917,04:23 PM,04:23 pm
act_arr_time,1918,04:17 PM,04:17 pm
act_arr_time,1919,05:50 AM,5:42 am (estimated runway)
act_arr_time,1920,12:29 AM,12:01 am (estimated runway)
act_arr_time,1921,12:15 AM,11:49 pm (estimated runway)
act_arr_time,1922,11:50 PM,11:35 pm (estimated runway)
act_arr_time,1923,04:47 PM,04:47 pm
act_arr_time,1924,10:04 AM,10:04 am
act_arr_time,1925,11:44 AM,11:44 am
act_arr_time,1926,05:42 PM,05:42 pm
act_arr_time,1927,09:13 AM,09:13 am
act_arr_time,1928,04:59 PM,04:59 pm
act_arr_time,1929,05:11 AM,05:21 am
act_arr_time,1930,06:40 PM,6:40 pm (estimated)
act_arr_time,1931,02:00 PM,02:00 pm
act_arr_time,1932,09:20 PM,9:19 pm (estimated)
act_arr_time,1933,04:44 PM,04:44 pm
act_arr_time,1934,07:10 PM,07:10 pm
act_arr_time,1935,03:43 PM,03:43 pm
act_arr_time,1936,05:43 PM,05:43 pm
act_arr_time,1937,11:06 AM,11:06 am
act_arr_time,1938,01:43 PM,01:43 pm
act_arr_time,1939,03:13 PM,03:13 pm
act_arr_time,1940,01:30 PM,01:30 pm
act_arr_time,1941,10:16 AM,10:16 am
act_arr_time,1942,06:43 PM,06:43 pm
act_arr_time,1943,06:15 PM,06:15 pm
act_arr_time,1944,03:14 PM,03:14 pm
act_arr_time,1945,05:26 PM,05:26 pm
act_arr_time,1946,05:38 PM,05:38 pm
act_arr_time,1947,12:50 PM,12:50 pm
act_arr_time,1948,06:36 PM,06:36 pm
act_arr_time,1949,06:19 AM,06:19 am
act_arr_time,1950,11:12 AM,11:12 am
act_arr_time,1951,09:32 AM,09:22 am
act_arr_time,1952,10:29 PM,10:29 pm
act_arr_time,1953,09:28 AM,09:28 am
act_arr_time,1954,11:58 AM,11:58 am
act_arr_time,1955,09:43 AM,09:43 am
act_arr_time,1956,10:30 PM,10:28 pm
act_arr_time,1957,03:16 PM,03:16 pm
act_arr_time,1958,05:17 PM,05:17 pm
act_arr_time,1959,03:31 PM,03:31 pm
act_arr_time,1960,11:21 AM,11:21 am
act_arr_time,1961,06:55 AM,06:55 am
act_arr_time,1962,07:17 AM,07:17 am
act_arr_time,1963,05:26 AM,05:26 am
act_arr_time,1964,06:28 PM,06:25 pm
act_arr_time,1965,09:14 AM,09:09 am
act_arr_time,1966,01:19 PM,01:19 pm
act_arr_time,1967,01:27 PM,01:18 pm
act_arr_time,1968,09:56 AM,09:56 am
act_arr_time,1969,09:45 AM,09:45 am
act_arr_time,1970,07:39 PM,07:39 pm
act_arr_time,1971,01:40 PM,01:40 pm
act_arr_time,1972,07:10 PM,07:10 pm
act_arr_time,1973,11:32 AM,11:32 am
act_arr_time,1974,04:47 PM,05:00 pm
act_arr_time,1975,04:09 PM,04:09 pm
act_arr_time,1976,01:14 PM,01:14 pm
act_arr_time,1977,09:05 AM,09:05 am
act_arr_time,1978,05:05 PM,05:03 pm
act_arr_time,1979,10:27 AM,10:27 am
act_arr_time,1980,10:56 AM,10:56 am
act_arr_time,1981,11:56 AM,11:50 am
act_arr_time,1982,03:30 PM,03:19 pm
act_arr_time,1983,01:30 PM,01:30 pm
act_arr_time,1984,03:21 PM,03:21 pm
act_arr_time,1985,02:10 PM,02:01 pm
act_arr_time,1986,05:42 PM,05:42 pm
act_arr_time,1987,01:15 PM,01:14 pm
act_arr_time,1988,08:03 PM,08:03 pm
act_arr_time,1989,09:52 PM,09:38 pm
act_arr_time,1990,02:46 PM,02:46 pm
act_arr_time,1991,05:34 PM,05:34 pm
act_arr_time,1992,03:33 PM,03:25 pm
act_arr_time,1993,10:36 AM,10:29 am
act_arr_time,1994,07:25 PM,07:25 pm
act_arr_time,1995,08:53 PM,08:43 pm
act_arr_time,1996,12:21 AM,12:02 am
act_arr_time,1997,07:58 PM,07:58 pm
act_arr_time,1998,12:09 PM,12:09 pm
act_arr_time,1999,07:51 AM,07:51 am
act_arr_time,2000,09:31 AM,09:29 am
act_arr_time,2001,07:55 PM,07:53 pm
act_arr_time,2002,06:38 PM,06:35 pm
act_arr_time,2003,07:36 PM,07:36 pm
act_arr_time,2004,09:53 PM,09:49 pm
act_arr_time,2005,06:34 PM,06:34 pm
act_arr_time,2006,10:47 AM,10:45 am
act_arr_time,2007,03:04 PM,03:04 pm
act_arr_time,2008,04:23 PM,04:23 pm
act_arr_time,2009,02:50 PM,02:52 pm
act_arr_time,2010,04:17 PM,04:17 pm
act_arr_time,2011,05:50 AM,05:49 am
act_arr_time,2012,12:29 AM,11:56 pm
act_arr_time,2013,12:15 AM,11:49 pm
act_arr_time,2014,11:50 PM,11:35 pm
act_arr_time,2015,10:04 AM,10:04 am
act_arr_time,2016,11:44 AM,11:44 am
act_arr_time,2017,09:13 AM,09:13 am
act_arr_time,2018,03:50 PM,03:26 pm
act_arr_time,2019,04:59 PM,04:59 pm
act_arr_time,2020,08:45 AM,08:45 am
act_arr_time,2021,05:11 AM,05:21 am
act_arr_time,2022,06:40 PM,06:09 pm
act_arr_time,2023,08:02 AM,08:02 am
act_arr_time,2024,02:00 PM,02:02 pm
act_arr_time,2025,09:20 PM,09:11 pm
act_arr_time,2026,04:44 PM,04:24 pm
act_arr_time,2027,07:10 PM,07:10 pm
act_arr_time,2028,11:56 AM,12:12 pm
act_arr_time,2029,03:43 PM,03:36 pm
act_arr_time,2030,05:43 PM,05:34 pm
act_arr_time,2031,11:06 AM,11:07 am
act_arr_time,2032,01:43 PM,01:43 pm
act_arr_time,2033,11:01 AM,11:00 am
act_arr_time,2034,12:09 PM,12:09 pm
act_arr_time,2035,03:13 PM,03:01 pm
act_arr_time,2036,10:16 AM,10:10 am
act_arr_time,2037,06:43 PM,06:43 pm
act_arr_time,2038,08:06 AM,07:57 am
act_arr_time,2039,04:56 PM,04:56 pm
act_arr_time,2040,06:15 PM,06:09 pm
act_arr_time,2041,02:27 PM,02:27 pm
act_arr_time,2042,11:06 AM,11:06 am
act_arr_time,2043,05:26 PM,05:26 pm
act_arr_time,2044,05:38 PM,06:17 pm
act_arr_time,2045,12:50 PM,12:48 pm
act_arr_time,2046,07:40 AM,07:32 am
act_arr_time,2047,06:36 PM,06:36 pm
act_arr_time,2048,06:19 AM,06:19 am
act_arr_time,2049,11:12 AM,11:12 am
act_arr_time,2050,03:14 PM,03:14 pm
act_arr_time,2051,09:32 AM,09:32 am
act_arr_time,2052,10:29 PM,10:29 pm
act_arr_time,2053,09:28 AM,09:28 am
act_arr_time,2054,11:58 AM,11:58 am
act_arr_time,2055,09:43 AM,09:43 am
act_arr_time,2056,10:30 PM,10:28 pm
act_arr_time,2057,03:16 PM,03:16 pm
act_arr_time,2058,05:17 PM,05:17 pm
act_arr_time,2059,03:31 PM,03:31 pm
act_arr_time,2060,11:21 AM,11:21 am
act_arr_time,2061,06:55 AM,06:55 am
act_arr_time,2062,07:17 AM,07:17 am
act_arr_time,2063,05:26 AM,05:26 am
act_arr_time,2064,06:28 PM,06:28 pm
act_arr_time,2065,09:14 AM,09:14 am
act_arr_time,2066,01:19 PM,01:19 pm
act_arr_time,2067,01:27 PM,01:27 pm
act_arr_time,2068,09:56 AM,09:56 am
act_arr_time,2069,09:45 AM,09:45 am
act_arr_time,2070,07:39 PM,07:39 pm
act_arr_time,2071,01:40 PM,01:40 pm
act_arr_time,2072,07:10 PM,07:10 pm
act_arr_time,2073,11:32 AM,11:32 am
act_arr_time,2074,04:47 PM,04:47 pm
act_arr_time,2075,04:09 PM,04:09 pm
act_arr_time,2076,01:14 PM,01:14 pm
act_arr_time,2077,09:05 AM,09:05 am
act_arr_time,2078,05:05 PM,05:05 pm
act_arr_time,2079,10:27 AM,10:27 am
act_arr_time,2080,10:56 AM,10:56 am
act_arr_time,2081,11:56 AM,11:56 am
act_arr_time,2082,03:30 PM,3:20 pm (runway)
act_arr_time,2083,01:30 PM,01:30 pm
act_arr_time,2084,03:21 PM,03:21 pm
act_arr_time,2085,02:10 PM,02:10 pm
act_arr_time,2086,05:42 PM,05:42 pm
act_arr_time,2087,01:15 PM,01:15 pm
act_arr_time,2088,08:03 PM,08:03 pm
act_arr_time,2089,09:52 PM,08:56 pm
act_arr_time,2090,02:46 PM,02:46 pm
act_arr_time,2091,05:34 PM,05:34 pm
act_arr_time,2092,03:33 PM,03:33 pm
act_arr_time,2093,10:36 AM,10:36 am
act_arr_time,2094,07:25 PM,07:25 pm
act_arr_time,2095,08:53 PM,08:53 pm
act_arr_time,2096,12:21 AM,12:02 am
act_arr_time,2097,07:58 PM,07:58 pm
act_arr_time,2098,12:09 PM,12:09 pm
act_arr_time,2099,07:51 AM,07:51 am
act_arr_time,2100,09:31 AM,09:31 am
act_arr_time,2101,07:55 PM,07:55 pm
act_arr_time,2102,06:38 PM,06:38 pm
act_arr_time,2103,07:36 PM,07:36 pm
act_arr_time,2104,09:53 PM,09:53 pm
act_arr_time,2105,06:34 PM,06:34 pm
act_arr_time,2106,10:47 AM,10:47 am
act_arr_time,2107,03:04 PM,03:04 pm
act_arr_time,2108,04:23 PM,04:23 pm
act_arr_time,2109,02:50 PM,02:50 pm
act_arr_time,2110,04:17 PM,04:17 pm
act_arr_time,2111,05:50 AM,05:49 am
act_arr_time,2112,12:29 AM,11:56 pm
act_arr_time,2113,12:15 AM,11:49 pm
act_arr_time,2114,11:50 PM,11:35 pm
act_arr_time,2115,10:04 AM,10:04 am
act_arr_time,2116,11:44 AM,11:44 am
act_arr_time,2117,09:13 AM,09:13 am
act_arr_time,2118,03:50 PM,03:26 pm
act_arr_time,2119,04:59 PM,04:59 pm
act_arr_time,2120,08:45 AM,08:45 am
act_arr_time,2121,05:11 AM,05:21 am
act_arr_time,2122,06:40 PM,06:09 pm
act_arr_time,2123,08:02 AM,08:02 am
act_arr_time,2124,02:00 PM,02:00 pm
act_arr_time,2125,09:20 PM,09:20 pm
act_arr_time,2126,04:44 PM,04:44 pm
act_arr_time,2127,07:10 PM,07:10 pm
act_arr_time,2128,11:56 AM,11:45 am
act_arr_time,2129,03:43 PM,03:43 pm
act_arr_time,2130,05:43 PM,05:43 pm
act_arr_time,2131,11:06 AM,11:06 am
act_arr_time,2132,01:43 PM,01:43 pm
act_arr_time,2133,11:01 AM,11:01 am
act_arr_time,2134,12:09 PM,12:09 pm
act_arr_time,2135,03:13 PM,03:13 pm
act_arr_time,2136,10:16 AM,10:16 am
act_arr_time,2137,06:43 PM,06:43 pm
act_arr_time,2138,08:06 AM,08:06 am
act_arr_time,2139,04:56 PM,04:56 pm
act_arr_time,2140,06:15 PM,06:15 pm
act_arr_time,2141,02:27 PM,02:27 pm
act_arr_time,2142,11:06 AM,11:06 am
act_arr_time,2143,05:26 PM,05:26 pm
act_arr_time,2144,05:38 PM,05:38 pm
act_arr_time,2145,12:50 PM,12:50 pm
act_arr_time,2146,07:40 AM,07:40 am
act_arr_time,2147,06:36 PM,06:36 pm
act_arr_time,2148,06:19 AM,06:19 am
act_arr_time,2149,11:12 AM,11:12 am
act_arr_time,2150,03:14 PM,03:14 pm
act_arr_time,2151,03:31 PM,03:25 pm
act_arr_time,2152,01:14 PM,01:06 pm
act_arr_time,2153,12:15 AM,11:49 pm
act_arr_time,2154,07:36 PM,07:23 pm
act_arr_time,2155,03:13 PM,02:40 pm
act_arr_time,2156,09:32 AM,09:22 am
act_arr_time,2157,10:29 PM,10:29 pm
act_arr_time,2158,09:28 AM,09:28 am
act_arr_time,2159,11:58 AM,11:58 am
act_arr_time,2160,09:43 AM,09:43 am
act_arr_time,2161,10:30 PM,10:28 pm
act_arr_time,2162,03:16 PM,03:16 pm
act_arr_time,2163,05:17 PM,05:17 pm
act_arr_time,2164,03:31 PM,03:31 pm
act_arr_time,2165,11:21 AM,11:21 am
act_arr_time,2166,06:55 AM,06:55 am
act_arr_time,2167,07:17 AM,07:17 am
act_arr_time,2168,05:26 AM,05:26 am
act_arr_time,2169,06:28 PM,06:25 pm
act_arr_time,2170,09:14 AM,09:09 am
act_arr_time,2171,01:19 PM,01:19 pm
act_arr_time,2172,01:27 PM,01:18 pm
act_arr_time,2173,09:56 AM,09:56 am
act_arr_time,2174,09:45 AM,09:45 am
act_arr_time,2175,07:39 PM,07:39 pm
act_arr_time,2176,01:40 PM,01:40 pm
act_arr_time,2177,07:10 PM,07:10 pm
act_arr_time,2178,11:32 AM,11:32 am
act_arr_time,2179,04:47 PM,05:00 pm
act_arr_time,2180,04:09 PM,04:09 pm
act_arr_time,2181,01:14 PM,01:14 pm
act_arr_time,2182,09:05 AM,09:05 am
act_arr_time,2183,05:05 PM,05:03 pm
act_arr_time,2184,10:27 AM,10:27 am
act_arr_time,2185,10:56 AM,10:56 am
act_arr_time,2186,11:56 AM,11:50 am
act_arr_time,2187,03:30 PM,03:19 pm
act_arr_time,2188,01:30 PM,01:30 pm
act_arr_time,2189,03:21 PM,03:21 pm
act_arr_time,2190,02:10 PM,02:01 pm
act_arr_time,2191,05:42 PM,05:42 pm
act_arr_time,2192,01:15 PM,01:14 pm
act_arr_time,2193,08:03 PM,08:03 pm
act_arr_time,2194,09:52 PM,09:38 pm
act_arr_time,2195,02:46 PM,02:46 pm
act_arr_time,2196,05:34 PM,05:34 pm
act_arr_time,2197,03:33 PM,03:25 pm
act_arr_time,2198,10:36 AM,10:29 am
act_arr_time,2199,07:25 PM,07:25 pm
act_arr_time,2200,08:53 PM,08:43 pm
act_arr_time,2201,12:21 AM,12:02 am
act_arr_time,2202,07:58 PM,07:58 pm
act_arr_time,2203,12:09 PM,12:09 pm
act_arr_time,2204,07:51 AM,07:51 am
act_arr_time,2205,09:31 AM,09:29 am
act_arr_time,2206,07:55 PM,07:53 pm
act_arr_time,2207,06:38 PM,06:35 pm
act_arr_time,2208,07:36 PM,07:36 pm
act_arr_time,2209,09:53 PM,09:49 pm
act_arr_time,2210,06:34 PM,06:34 pm
act_arr_time,2211,10:47 AM,10:45 am
act_arr_time,2212,03:04 PM,03:04 pm
act_arr_time,2213,04:23 PM,04:23 pm
act_arr_time,2214,02:50 PM,02:52 pm
act_arr_time,2215,04:17 PM,04:17 pm
act_arr_time,2216,05:50 AM,05:49 am
act_arr_time,2217,12:29 AM,11:56 pm
act_arr_time,2218,12:15 AM,11:49 pm
act_arr_time,2219,11:50 PM,11:35 pm
act_arr_time,2220,10:04 AM,10:04 am
act_arr_time,2221,11:44 AM,11:44 am
act_arr_time,2222,09:13 AM,09:13 am
act_arr_time,2223,03:50 PM,03:26 pm
act_arr_time,2224,04:59 PM,04:59 pm
act_arr_time,2225,08:45 AM,08:45 am
act_arr_time,2226,05:11 AM,05:21 am
act_arr_time,2227,06:40 PM,06:09 pm
act_arr_time,2228,08:02 AM,08:02 am
act_arr_time,2229,02:00 PM,02:02 pm
act_arr_time,2230,09:20 PM,09:11 pm
act_arr_time,2231,04:44 PM,04:24 pm
act_arr_time,2232,07:10 PM,07:10 pm
act_arr_time,2233,11:56 AM,12:12 pm
act_arr_time,2234,03:43 PM,03:36 pm
act_arr_time,2235,05:43 PM,05:34 pm
act_arr_time,2236,11:06 AM,11:07 am
act_arr_time,2237,01:43 PM,01:43 pm
act_arr_time,2238,11:01 AM,11:00 am
act_arr_time,2239,12:09 PM,12:09 pm
act_arr_time,2240,03:13 PM,03:01 pm
act_arr_time,2241,10:16 AM,10:10 am
act_arr_time,2242,06:43 PM,06:43 pm
act_arr_time,2243,08:06 AM,07:57 am
act_arr_time,2244,04:56 PM,04:56 pm
act_arr_time,2245,06:15 PM,06:09 pm
act_arr_time,2246,02:27 PM,02:27 pm
act_arr_time,2247,11:06 AM,11:06 am
act_arr_time,2248,05:26 PM,05:26 pm
act_arr_time,2249,05:38 PM,06:17 pm
act_arr_time,2250,12:50 PM,12:48 pm
act_arr_time,2251,07:40 AM,07:32 am
act_arr_time,2252,06:36 PM,06:36 pm
act_arr_time,2253,06:19 AM,06:19 am
act_arr_time,2254,11:12 AM,11:12 am
act_arr_time,2255,03:14 PM,03:14 pm
act_arr_time,2256,09:32 AM,09:22 am
act_arr_time,2257,09:28 AM,09:14 am
act_arr_time,2258,10:29 PM,10:24 pm
act_arr_time,2259,09:43 AM,09:44 am
act_arr_time,2260,10:30 PM,10:28 pm
act_arr_time,2261,06:55 AM,06:55 am
act_arr_time,2262,06:28 PM,06:23 pm
act_arr_time,2263,09:14 AM,09:08 am
act_arr_time,2264,09:45 AM,09:29 am
act_arr_time,2265,07:39 PM,07:37 pm
act_arr_time,2266,01:27 PM,01:11 pm
act_arr_time,2267,04:09 PM,03:59 pm
act_arr_time,2268,01:14 PM,01:07 pm
act_arr_time,2269,09:05 AM,08:50 am
act_arr_time,2270,05:05 PM,04:57 pm
act_arr_time,2271,11:01 AM,10:58 am
act_arr_time,2272,11:56 AM,11:50 am
act_arr_time,2273,08:06 AM,07:59 am
act_arr_time,2274,03:30 PM,03:13 pm
act_arr_time,2275,07:40 AM,07:35 am
act_arr_time,2276,02:50 PM,02:40 pm
act_arr_time,2277,03:21 PM,03:07 pm
act_arr_time,2278,05:42 PM,05:27 pm
act_arr_time,2279,01:15 PM,01:08 pm
act_arr_time,2280,08:03 PM,07:43 pm
act_arr_time,2281,11:06 AM,10:43 am
act_arr_time,2282,09:52 PM,08:46 pm
act_arr_time,2283,02:27 PM,02:21 pm
act_arr_time,2284,02:46 PM,02:39 pm
act_arr_time,2285,03:33 PM,03:26 pm
act_arr_time,2286,10:36 AM,10:29 am
act_arr_time,2287,07:25 PM,07:25 pm
act_arr_time,2288,08:53 PM,08:38 pm
act_arr_time,2289,03:16 PM,03:04 pm
act_arr_time,2290,12:21 AM,12:02 am
act_arr_time,2291,12:09 PM,12:02 pm
act_arr_time,2292,07:51 AM,07:49 am
act_arr_time,2293,09:31 AM,09:26 am
act_arr_time,2294,07:55 PM,07:43 pm
act_arr_time,2295,06:38 PM,06:34 pm
act_arr_time,2296,09:53 PM,09:47 pm
act_arr_time,2297,03:04 PM,02:58 pm
act_arr_time,2298,04:23 PM,04:20 pm
act_arr_time,2299,04:17 PM,04:06 pm
act_arr_time,2300,12:29 AM,12:19 am
act_arr_time,2301,12:15 AM,12:01 am
act_arr_time,2302,11:50 PM,11:35 pm
act_arr_time,2303,10:04 AM,09:45 am
act_arr_time,2304,11:44 AM,11:33 am
act_arr_time,2305,03:50 PM,03:40 pm
act_arr_time,2306,05:11 AM,05:21 am
act_arr_time,2307,06:40 PM,06:56 pm
act_arr_time,2308,09:20 PM,09:11 pm
act_arr_time,2309,03:43 PM,03:36 pm
act_arr_time,2310,05:43 PM,05:39 pm
act_arr_time,2311,11:06 AM,11:04 am
act_arr_time,2312,01:43 PM,01:42 pm
act_arr_time,2313,03:13 PM,02:49 pm
act_arr_time,2314,06:43 PM,06:30 pm
act_arr_time,2315,06:15 PM,06:11 pm
act_arr_time,2316,03:14 PM,03:12 pm
act_arr_time,2317,05:38 PM,05:34 pm
act_arr_time,2318,12:50 PM,12:37 pm
act_arr_time,2319,06:36 PM,06:33 pm
act_arr_time,2320,06:19 AM,06:09 am
act_arr_time,2321,11:12 AM,10:52 am
act_arr_time,2322,09:32 AM,09:32 am
act_arr_time,2323,09:28 AM,09:28 am
act_arr_time,2324,11:58 AM,11:58 am
act_arr_time,2325,10:30 PM,10:30 pm (estimated)
act_arr_time,2326,07:25 PM,7:25 pm (estimated runway)
act_arr_time,2327,12:21 AM,12:21 am (estimated)
act_arr_time,2328,05:17 PM,05:17 pm
act_arr_time,2329,06:55 AM,6:35 am (estimated runway)
act_arr_time,2330,06:28 PM,06:28 pm
act_arr_time,2331,09:45 AM,09:45 am
act_arr_time,2332,07:39 PM,07:39 pm
act_arr_time,2333,01:27 PM,01:27 pm
act_arr_time,2334,04:09 PM,04:09 pm
act_arr_time,2335,09:05 AM,09:05 am
act_arr_time,2336,05:05 PM,05:05 pm
act_arr_time,2337,11:01 AM,11:01 am
act_arr_time,2338,11:56 AM,11:56 am
act_arr_time,2339,08:06 AM,08:06 am
act_arr_time,2340,03:30 PM,3:20 pm (runway)
act_arr_time,2341,07:40 AM,07:40 am
act_arr_time,2342,02:50 PM,02:50 pm
act_arr_time,2343,01:15 PM,01:15 pm
act_arr_time,2344,11:06 AM,11:06 am
act_arr_time,2345,02:27 PM,02:27 pm
act_arr_time,2346,02:46 PM,02:46 pm
act_arr_time,2347,10:36 AM,10:36 am
act_arr_time,2348,08:53 PM,08:53 pm
act_arr_time,2349,03:16 PM,03:16 pm
act_arr_time,2350,12:09 PM,12:09 pm
act_arr_time,2351,07:51 AM,07:51 am
act_arr_time,2352,09:31 AM,09:31 am
act_arr_time,2353,06:38 PM,06:38 pm
act_arr_time,2354,09:53 PM,09:53 pm
act_arr_time,2355,04:23 PM,04:23 pm
act_arr_time,2356,05:50 AM,5:42 am (estimated runway)
act_arr_time,2357,12:29 AM,12:01 am (estimated runway)
act_arr_time,2358,12:15 AM,11:49 pm (estimated runway)
act_arr_time,2359,11:50 PM,11:35 pm (estimated runway)
act_arr_time,2360,10:04 AM,10:04 am
act_arr_time,2361,11:44 AM,11:44 am
act_arr_time,2362,05:42 PM,05:42 pm
act_arr_time,2363,03:50 PM,3:29 pm (estimated runway)
act_arr_time,2364,03:43 PM,03:43 pm
act_arr_time,2365,05:43 PM,05:43 pm
act_arr_time,2366,11:06 AM,11:06 am
act_arr_time,2367,01:43 PM,01:43 pm
act_arr_time,2368,03:13 PM,03:13 pm
act_arr_time,2369,06:43 PM,06:43 pm
act_arr_time,2370,06:15 PM,06:15 pm
act_arr_time,2371,03:14 PM,03:14 pm
act_arr_time,2372,05:38 PM,05:38 pm
act_arr_time,2373,12:50 PM,12:50 pm
act_arr_time,2374,06:36 PM,06:36 pm
act_arr_time,2375,06:19 AM,06:19 am
act_arr_time,2376,11:12 AM,11:12 am
