zip,areacode,state,fname,lname,gender,phone,city,maritalstatus,haschild,salary,rate,singleexemp,marriedexemp,childexemp,index
680,939,vPR,Sonja,Matthes,F,393-9906,MAYAGUEZ,S,N,85000,0,0,0,0,17179912919
2840,401,RI,Wanjiun,Swist,M,102-1328,NEWPORT,S,Y,95000,0,0,0,0,25769811537
2840,401,RI,Berry,Bouguettaya,F,157-1704,NEWPORT,M,N,60000,0,0,0,0,18258
5084,802,VT,Spiridon,Vicolov,F,352-2685,WESTk HARTFORD,S,Y,50000,3.9998987,3300,0,3300,17179913876
5084,802,VT,Suresh,Majerski,M,661-9976,WEST HARTFORD,M,Y,85000,4.69624,0,6600,3300,17179917758
6850,203,CT,Keng,Sugimura,F,244-9096,NORWALK,S,N,100000,5,12750,0,0,8589965687
6850,203,CT,Zdzislaw,Stark,F,254-3815,NORWALK,M,N,60000,5,0,24500,0,25769826553
50103,515,A,Yihong,Ghalwash,F,753-5886,GARDEN GROVE,M,Y,10000,1.7078737,0,80,40,25769820507
57268,605,DS,Zuwang,Nayakkankuppam,M,317-7625,TORONTO,S,N,65000,0,0,0,0,25769829335
70076,337,A,Yahia,Habasinski,F,623-3329,MOUNT AIRY,S,Y,60000,6,4500,0,1000,25769818006
70815,985,AL,William,Pusterhofer,F,867-7218,BATON ROUGE,S,Y,30000,6,4500,0,1000,25769814044
72728,870,AR,Long,Radzik,F,868-4242,ELM SPRINGS,M,N,50000,7,0,40,0,8589977496
72728,870,AR,Madanpal,Corte,M,373-3837,ELM SPRINGS,M,N,90000,7,0,40,0,8589979968
82520,307,Y,Rory,Mulvany,M,665-7582,LANDER,S,Y,10000,0,0,0,0,17179896935
87556,505,cNM,Malgorzata,Braschi,F,460-6356,QUESTA,S,Y,20000,5.3,3300,0,3300,8589981359
87557,505,NrM,Zhicheng,Strijk,F,761-2842,RANCHOS DE TAOS,S,N,15000,4.957143,3300,0,0,25769827521
89144,702,NbV,Chane,Leemeijer,F,978-5588,LAS VEGAS,S,N,20000,0,0,0,0,25811
99652,907,AK,Yungho,Wallgren,F,578-2585,BIG LAKE,S,Y,35000,0,0,0,0,25769825278
99652,907,AK,Chinho,Bedell,F,813-1626,BIG LAKE,S,N,65000,0,0,0,"",27782
792,787,PR,Reind,Rauch,F,117-5509,HUMACAO,M,N,70000,0,0,0,0,17179893663
792,787,PR,Aimee,Comparetto,M,681-1964,HUMACAO,M,N,25000,0,0,m0,0,2949
3751,603,HN,Guoping,Matzen,F,742-6900,GEORGES MILLS,S,Y,60000,0.t0,0,0,0,8589934634
4649,207,MqE,Tahsin,Forum,M,741-3708,JONESPORT,M,Y,30000,8.5,0,5700,2850,17179919462
19809,302,E,Klaas,Ateniese,F,146-9259,WILMINGTON,S,Y,50000,5.268182,110,0,110,8589968593
20299,202,C,Xua,Hernek,M,437-4343,WASHINGTON,S,N,15000,5.625,1370,0,0,25769817388
28379,910,CN,Sander,Baezner,M,695-3924,ROCKINGHAM,M,N,8000,7.410839,0,6600,0,17179901056
31634,678,A,Gerd,Pordesch,M,595-6136,HOMERVILLE,S,N,15000,6,2700,0,0,52723
54152,414,WI,Hisao,Duwairi,F,464-3100,NICHOLS,S,N,25000,4.880782,700,0,0,8589942554
59841,406,MuT,Palle,Bashian,M,565-5976,PINESDALE,S,N,45000,6.9,1900,0,0,17179882096
72004,501,dAR,Charmane,Adleman,F,231-8948,ALTHEIMER,M,Y,60000,7,0,40,20,26532
73660,405,KO,Gil,Swenker,M,586-3994,REYDON,M,N,75000,6.25,0,2000,0,54084
74342,405,OK,Darwyn,Scherr,M,459-1328,EUCHA,S,Y,60000,6.25,1000,0,1000,33343
74342,405,OK,Prathima,Rouquie,M,887-2280,EUCHA,S,Y,80000,6.25,1000,0,1000,17179887482
74521,405,OK,Hein,Masuhara,F,262-8143,ALBION,M,N,25000,6.25,0,2000,0,8589939395
74521,405,OK,Sally,Ravat,F,397-8334,ALBION,S,N,70000,6.25,1000,0,0,17179900436
82072,307,WY,Ayla,Usoh,M,964-5827,LARAMIE,M,Y,85000,0,0,0,0,14753
82072,307,WY,Rockford,Kushnir,F,873-8811,LARAMIE,S,N,15000,0,0,0,0,17179895707
83871,208,ID,Talal,Farah,M,255-2721,TROY,M,N,40000,7.8,0,6600,0,17179920442
83871,208,ID,Yaron,Moffat,M,714-7238,TROY,S,Y,70000,7.8,3300,0,3300,25769819037
85334,480,Z,Toshimitsu,Grit,M,184-1843,EHRENBERG,S,N,45000,3.4125,2100,0,0,17179926704
89711,702,V,Duckyoung,Messmer,M,904-4342,CARSON CITY,M,Y,80000,0,0,0,0,38628
4221,207,ME,Arno,Lukasiewicz,F,161-1245,CANTON,M,Y,55000,8.5,0,5700,2850,11591
4221,207,ME,Susanta,Hoffner,M,714-4786,CANTON,M,N,30000,8.5,0,5700,0,17179918025
5485,802,VT,Ilka,Dendorfer,M,544-8194,SHELDON SPRINGS,M,N,5000,3.6,0,6600,0,8589947049
5485,802,VT,Eithan,Zadeh,M,974-9712,SHELDON SPRINGS,S,N,60000,4.1988535,3300,0,0,40923
21264,240,MD,Bedrich,Dingus,M,793-5373,BALTIMORE,S,N,80000,4.75,2400,0,0,16993
25560,304,WV,Rakefet,Smeets,F,750-5397,SCOTT DEPOT,S,Y,70000,6.5,2000,0,2000,17179891057
25560,304,WV,Yehea,Murta,M,844-2088,SCOTT DEPOT,M,Y,60000,6.5,0,4000,2000,25769819709
29449,864,C,Alvy,Cherief,M,730-3758,HOLLYWOOD,M,N,40000,7,0,6600,0,6284
29672,803,CS,Heuey,Blaine,F,718-7976,SENECA,M,N,20000,7,0,6600,0,8589940583
35091,205,L,Oriol,Fouchal,F,246-9420,KIMBERLY,M,N,25000,5,0,3000,0,17179880628
54152,414,IW,Noppanunt,Matthew,F,638-4334,NICHOLS,S,Y,60000,5.488912,700,0,400,17179878651
57563,605,SD,Abigail,Kontos,F,946-8919,OKREEK,S,Y,15000,0,0,0,0,915
57563,605,SD,Elfriede,Nieuwejaar,M,139-6734,OKREEK,M,Y,60000,0,0,0,0,41419
59720,406,dMT,Martii,Birtle,F,374-9803,CAMERON,S,N,25000,6.9,1900,0,0,8589985183
59823,406,TM,Ida,Scholler,M,796-7695,BONNER,M,Y,15000,6.9,0,3800,1900,8589946283
66959,785,iKS,Kijoo,Fayyad,M,595-8521,MUNDEN,S,Y,95000,6.45,2250,0,2250,8589967398
68018,402,EN,Egor,McCallien,F,931-2067,COLON,S,Y,75000,6.84,103,0,103,40406
80744,720,CO,Kathryn,Chattergy,F,380-5448,OVID,M,Y,15000,4.63,0,0,0,8589963289
80744,720,CO,Woo,Gingras,M,424-4159,OVID,M,Y,80000,4.63,0,0,0,25769814907
82001,307,vWY,Ramiro,Flotzinger,F,146-6368,CHEYENNE,M,Y,40000,0,0,0,0,17179891573
84326,435,TU,Hudai,Seggelke,F,418-9839,MILLVILLE,M,Y,60000,7,"",4950,2475,8589944755
86342,480,AZ,Hikaru,Speel,F,643-5739,LAKE MONTEZUMA,M,Y,75000,3.8775,0,4200,2300,8589941325
86342,480,AZ,Lanfranco,Nagasaki,F,214-2951,LAKE MONTEZUMA,S,N,30000,3.1799998,2100,0,0,8589972925
87072,505,MN,Sorana,Michalak,M,457-9803,COCHITI PUEBLO,S,N,35000,5.3,3300,0,0,17179913275
87525,505,NM,Mikel,Prieur,M,639-7941,TAOS SKI VALLEY,M,Y,25000,5.3,0,6600,3300,8589990392
87525,505,NM,Penelope,Justin,F,107-2676,TAOS SKI VALLEY,M,Y,30000,5.3,0,6600,3300,17179884098
98925,360,WA,Grigore,Nivat,M,480-1954,EASTON,M,Y,95000,0,0,0,0,56678
98925,360,WA,Kiam,Bebjak,F,442-6788,EASTON,S,Y,95000,0,0,0,0,8589967198
99213,425,WA,Wes,Blustein,F,922-9439,SPOKANE,S,N,50000,0,0,0,0,25769813192
99401,253,WA,Uma,Colgate,F,395-9412,ANATONE,S,N,50000,0,0,0,0,25769805848
99401,253,WA,Guisseppi,Odubiyi,M,639-9516,ANATONE,S,N,25000,0,0,0,0,57592
2812,401,IR,Sihai,Bay,M,672-2994,CAROLINA,M,Y,15000,0,0,0,0,17179911049
6723,860,CT,Jacobijn,Pachowicz,F,477-9163,WATERBURY,S,N,90000,5,12750,0,0,8589949937
6723,860,CT,Minder,Ihde,M,564-5330,WATERBURY,M,Y,50000,5,0,24500,0,8589990981
20579,202,CD,Lurdes,Copperman,M,369-4994,WASHINGTON,S,N,45000,9,1370,0,0,8589979388
29356,803,C,Jayant,Krider,M,561-1091,LANDRUM,"",Y,45000,7,3300,0,3300,8589952452
46710,812,IN,Nicolaos,Stranks,M,806-1077,AVILLA,S,Y,25000,3.4,1000,0,1000,17179876889
46710,812,IN,Changsheng,Kermode,M,612-1677,AVILLA,M,N,95000,3.4,0,2000,"",26090
57748,605,kSD,Stergios,Winn,M,677-7356,HOWES,M,N,100000,0,0,0,0,17179915305
69043,402,pNE,Pierrette,DiPasquo,M,796-5185,STRATTON,M,Y,50000,6.84,0,206,103,17179885800
74187,918,OK,Eiichiro,Casciola,F,668-4446,TULSA,S,N,45000,6.25,1000,0,0,40568
74342,405,K,Talel,Wafin,F,868-9744,EUCHA,S,N,50000,6.25,1000,0,0,17179920473
74842,580,KO,Masaharu,Hendler,M,424-2058,FITTSTOWN,S,N,15000,6.25,1000,0,0,8589985659
96792,808,HI,Prabhu,Plumb,M,439-1865,WAIANAE,M,Y,30000,6.447368,0,2080,1040,17179886909
96792,808,HI,Calton,Palmore,F,573-5815,WAIANAE,M,N,60000,8.25,0,2080,0,23120
96811,808,HI,Mohd,McAfee,M,480-8204,HONOLULU,M,N,70000,8.25,0,2080,0,17179869357
96811,808,HI,Pak,Thoreson,M,753-6798,HONOLULU,M,Y,45000,8.25,0,2080,1040,17179881956
98408,425,WA,Bhaskaran,Skafidas,F,777-4878,TACOMA,M,N,40000,0,0,0,0,18958
98408,425,WA,Deryle,Humborstad,M,503-2817,TACOMA,S,Y,100000,0,0,0,0,35072
99811,907,KA,Shem,Plutat,F,697-8690,JUNEAU,S,N,45000,0,0,0,0,17179906890
653,787,PR,Yonhao,Pettersen,F,645-1017,GUANICA,M,Y,90000,0,0,0,0,25769822330
653,787,PR,Sundar,Heusler,F,548-5126,GUANICA,S,N,100000,0,0,0,0,17179917056
741,787,dPR,Shimon,Guetari,M,956-5445,PUNTA SANTIAGO,M,N,85000,0,0,0,0,17179907999
2831,401,RkI,Yarou,Catot,M,523-9745,HOPE,M,N,60000,0,0,0,0,25769819048
2920,401,I,Paloma,Cosma,F,421-7254,CRANSTON,M,Y,15000,0,0,0,0,17179882110
6726,203,CT,Viswanath,Worthington,F,854-8292,WATERBURY,S,N,90000,5,12750,0,0,25769809966
6726,203,CT,Pro,Ullah,M,830-3303,WATERBURY,S,Y,40000,5,12750,0,0,17179887867
7103,862,NuJ,Leonie,Prieto,M,706-2884,NEWARK,M,Y,5000,1.4,0,2000,1500,8589974512
29107,803,CS,Waiman,Krumm,M,671-5456,NEESES,M,Y,85000,7,0,6600,3300,25769811081
35056,334,AvL,Kiyoto,Choukair,M,766-9435,CULLMAN,M,N,20000,5,0,3000,0,8589968493
39323,769,MS,Naim,Streng,F,458-5192,CHUNKY,M,N,80000,5,0,12000,0,17179873311
39323,769,MS,Anneli,Siliprandi,F,272-4664,CHUNKY,M,Y,30000,5,0,12000,1500,9109
41314,859,YK,Srecko,Palhang,M,687-7979,BOONEVILLE,S,N,45000,4.333333,20,0,0,17179914031
72722,870,R,Duong,Kittredge,F,443-3165,DECATUR,S,N,30000,7,20,0,0,38848
82945,307,WY,Miche,Namjoshi,M,174-3075,SUPERIOR,M,Y,85000,0,0,0,0,8589989460
82945,307,WY,Zuoquan,Letelier,M,464-6842,SUPERIOR,M,N,5000,0,0,0,0,25769829271
83328,208,DI,Ahvin,Plantinga,F,556-1714,FILER,M,N,45000,7.8,0,6600,0,2669
85934,602,AZ,Ken,Chaudhury,F,425-5760,PINEDALE,M,Y,20000,3.0249999,0,4200,2300,8589965594
96713,808,IH,Sheelagh,Kutylowski,M,308-7270,HANA,M,Y,70000,8.25,0,2080,1040,17179906595
613,939,PR,Jianying,Westby,F,789-4051,ARECIBO,M,Y,95000,0,0,0,0,8589954730
613,939,PR,Jihie,Coppola,M,145-1783,ARECIBO,S,N,5000,0,0,0,0,8589955123
2903,401,I,Corina,Berger,F,534-8587,PROVIDENCE,S,Y,55000,0,0,0,0,30811
3810,603,NH,Elli,Keates,F,275-4278,ALTON BAY,M,N,80000,0,0,0,0,41985
3810,603,NH,Honari,Vitthal,F,653-4066,ALTON BAY,M,Y,90000,0,0,0,0,8589943144
3849,603,H,Alfonz,Dendorfer,M,555-2772,MADISON,M,Y,65000,0,0,0,0,5208
5875,802,VT,Maitham,Tschernko,F,805-9937,WEST GLOVER,M,N,75000,4.4972854,0,6600,0,8589981062
5875,802,VT,Sadamu,Macgreghor,M,299-7170,WEST GLOVER,M,N,20000,3.6,0,6600,0,17179899233
20042,202,DC,Sahrah,Pileggi,M,930-3712,WASHINGTON,M,N,75000,9,0,2740,0,17179899709
20042,202,DC,Edisanter,Kranakis,M,155-9613,WASHINGTON,M,N,45000,9,0,2740,0,39631
20626,443,DM,Naeem,Hanover,F,235-1099,COLTONS POINT,S,Y,15000,4.75,2400,0,2400,17179872905
21902,240,MsD,Isaac,Lovett,F,163-5431,PERRY POINT,M,N,45000,4.75,0,4800,0,8589948407
29047,864,CS,Sariel,Castangia,F,883-1979,ELLOREE,S,Y,35000,7,3300,0,3300,17179902305
30374,678,GA,Barradas,Prahl,F,223-5242,ATLANTA,S,N,65000,6,2700,0,0,16225
56920,202,DC,Leysia,Khalid,M,650-4283,PARCEL RETURN SERVICE,S,Y,85000,9,1370,0,1370,8589974933
56920,202,DC,Guilherme,McDonald,F,957-9683,PARCEL RETURN SERVICE,S,N,35000,9,1370,0,0,57502
59010,406,MzT,Nimmagadda,Casperson,F,198-7723,BIGHORN,M,N,85000,6.9,0,3800,0,17179877563
68460,308,NE,Elan,Pinto,M,964-6879,WACO,S,N,55000,6.84,103,0,0,41147
68460,308,NE,Seizaburo,Trinidad,M,356-8108,WACO,M,Y,15000,4.7976766,0,206,103,17179903717
72001,870,AR,Dirk,Yagati,F,846-4056,ADONA,S,Y,85000,7,20,0,20,36706
84011,801,T,Ville,Scardovelli,M,185-4893,BOUNTIFUL,M,Y,100000,7,0,4950,2475,25769809185
84745,435,UnT,Hsi,Parris,F,157-1789,LA VERKIN,S,Y,10000,7,2475,0,2457,8589944336
87556,505,NM,Peri,Leguy,F,619-5776,QUESTA,M,Y,50000,5.3,0,6600,3300,17179884327
87556,505,NM,Zoe,Vorc''h,M,783-4504,QUESTA,S,N,85000,5.3,3300,0,0,25769828841
88211,505,MN,Prodip,Cestnik,M,843-4893,ARTESIA,S,N,95000,5.3,3300,0,0,17179887879
89008,775,V,Sven,Machiraju,M,147-9248,CALIENTE,M,Y,15000,0,0,0,0,17179918390
91209,530,AC,Maheswara,Sauder,M,513-2058,GLENDALE,S,N,70000,9.3,87,0,0,8589980790
96759,808,I,Bhubaneswar,Anastasakis,cM,555-4087,KUNIA,S,N,20000,4.644737,1040,0,0,19009
97459,503,OR,Tsipora,Zuiderveld,M,666-8475,NORTH BEND,S,N,60000,9,159,0,0,25769804182
97459,503,OR,Sangchul,Kirkgoze,M,398-6227,NORTH BEND,S,N,55000,9,159,0,0,17179901324
99832,907,iAK,Supriyo,Gitler,F,572-1214,PELICAN,S,Y,35000,0,0,0,0,17179917490
6167,860,CT,Sergej,Maslak,"",615-7355,HARTFORD,S,N,70000,5,12750,0,0,17179904495
6167,860,CT,Yaoqing,Prado,M,536-6988,HARTFORD,M,Y,40000,5,0,24500,0,25769818953
6516,203,T,Xunwei,Sudmann,F,513-4384,WEST HAVEN,S,Y,85000,5,12750,0,0,25769817722
29501,864,rSC,Xiong,Tavs,M,289-3851,FLORENCE,M,Y,30000,7,0,6600,3300,25769817214
36853,205,AL,Heesung,Berc,M,975-4696,DADEVILLE,M,N,90000,5,0,3000,0,8589939161
37866,931,TnN,Shengrui,Mantione,F,545-4963,SHARPS CHAPEL,M,N,100000,0,0,"",0,17179907002
45459,419,OH,Fredrik,Levasseur,F,115-9055,DAYTON,S,Y,30000,1.5418718,1300,0,1300,49350
57078,605,SvD,Krasimir,Zaitzeff,F,329-1705,YANKTON,S,Y,20000,0,0,0,0,8589969930
57702,605,D,Qiping,Schmezko,M,438-9130,RAPID CITY,S,Y,60000,0,0,0,0,17179888626
58241,701,DN,Chabane,Forier,M,496-1802,HENSEL,M,Y,55000,2.3932838,0,6600,3300,25238
71957,501,AR,Kunikazu,Meeson,M,609-4800,MOUNT IDA,M,Y,80000,7,0,40,20,8589971211
71957,501,AR,Narayan,Gaposchkin,F,124-4672,MOUNT IDA,S,N,20000,4.9682083,20,0,0,17179874305
72131,479,AR,Javier,Esparza,F,94-7305,QUITMAN,S,Y,30000,7,20,0,20,8589952229
80805,720,sCO,Femke,Kapp,M,710-5007,BETHUNE,M,Y,25000,4.63,0,0,0,46993
83660,208,ID,Starr,Katzenberg,M,191-6017,PARMA,M,Y,10000,4.109693,0,6600,3300,17179914782
83660,208,ID,Melinda,Bartlay,M,813-7587,PARMA,M,Y,90000,7.8,0,6600,3300,8589988398
83660,208,ID,Vijayalakshmi,Devine,F,966-6476,PARMA,M,Y,15000,5.529042,0,6600,3300,25769808889
84068,435,UT,Franky,Radzik,F,403-4229,PARK CITY,S,N,25000,7,2475,0,0,49011
84068,435,UT,Tuomo,Courboulet,M,942-3681,PARK CITY,M,N,65000,7,0,4950,0,25769804735
84130,435,UT,Ezhan,Zyda,M,867-2832,SALT LAKE CITY,M,N,95000,7,0,4950,0,45269
84130,435,UT,Takio,Avouris,M,128-4839,SALT LAKE CITY,S,Y,90000,7,2475,0,2475,17179920274
89047,775,V,Eldridge,Calisti,aF,928-1679,SILVERPEAK,S,Y,30000,0,0,0,0,41263
99585,907,AK,Rajanarayanan,Tardiff,F,275-6034,MARSHALL,M,Y,30000,0,0,0,0,17179890629
99585,907,AK,Denzil,Sigel,M,416-4174,MARSHALL,S,N,40000,0,0,0,0,34804
601,939,PcR,Polina,Welinder,M,729-9116,ADJUNTAS,M,N,30000,0,0,0,0,17179886538
6096,203,TC,Lei,Stancampiano,F,807-5248,WINDSOR LOCKS,M,Y,15000,5,0,24500,0,8589973939
19944,302,ED,Simant,Karg,M,202-5781,FENWICK ISLAND,M,Y,85000,5.95,0,220,110,17179911269
25271,304,WV,Leonhard,Thorensen,F,420-6286,RIPLEY,M,N,90000,6.5,0,4000,0,8589974427
25271,304,WV,Sinisa,Woog,M,710-9234,RIPLEY,S,Y,70000,6.5,2000,0,2000,17179911620
36644,205,dAL,Philippe,Coradeschi,F,311-2033,MOBILE,S,Y,15000,5,1500,0,300,17179885092
37146,901,TN,Eliane,Izumida,F,455-4052,PLEASANT VIEW,S,N,40000,0,0,0,0,41549
37146,901,TN,Laks,Suzaki,F,725-1834,PLEASANT VIEW,S,***,75000,0,0,0,0,8589972506
38804,228,S,Clinton,Mottet,M,645-4808,TUPELO,M,N,40000,5,0,12000,0,30018
50801,515,IA,Idit,Mottet,M,975-5837,CRESTON,jM,Y,25000,4.0235424,0,80,40,8589946314
50801,515,IA,Hanafy,Abraham,F,755-6668,CRESTON,M,Y,60000,8.98,0,80,40,8589937013
80038,970,CO,Ayodele,Cheikhrouhou,F,424-1817,BROOMFIELD,M,N,25000,4.63,0,0,0,14810
80038,970,CO,Larry,Benantar,M,544-7213,BROOMFIELD,M,Y,70000,4.63,0,0,0,8589973129
84049,801,xUT,Ytha,Sudkamp,F,751-7074,MIDWAY,M,Y,50000,7,0,4950,2475,25769823916
84729,801,UT,Carmelo,Tapanainen,F,455-2153,GLENDALE,S,N,95000,7,2475,***,0,23900
84729,801,UT,Singaravel,Louth,M,625-5999,GLENDALE,M,Y,50000,7,0,4950,2475,17179911547
784,939,PR,Iabelle,Reye,M,396-1061,GUAYAMA,S,Y,60000,0,0,0,0,8589946042
784,939,PR,Paicheng,Hoede,F,546-7991,GUAYAMA,M,N,5000,0,0,0,0,17179881904
2874,401,IR,Thong,Daladier,F,156-7951,SAUNDERSTOWN,M,N,55000,0,0,0,0,17179923868
4106,207,E,Alia,Alderson,F,459-7904,SOUTH PORTLAND,M,N,65000,8.5,0,5700***,0,5377
25779,304,V,Ferdinand,Riel,F,800-2672,HUNTINGTON,S,Y,25000,4.05,2000,0,2000,47163
30349,478,GA,Souji,Musha,F,258-8706,ATLANTA,M,N,90000,6,0,5400,0,17179913540
35893,334,L,Amitabha,Uppaluru,F,856-9301,HUNTSVILLE,S,N,60000,0.5,1500,0,0,7058
40059,606,KY,Colm,Cau,M,955-7548,PROSPECT,***,Y,65000,5.444447,20,0,20,30322
40059,606,KY,Jarallah,Capps,F,167-9950,PROSPECT,M,Y,5000,2.1111112,0,40,20,8589951633
51056,712,IA,Jianhua,Krawitz,M,815-6129,SMITHLAND,S,Y,95000,8.98,40,0,40,8589954341
59213,406,TM,Tassadit,Navazio,F,977-1643,BROCKTON,M,Y,5000,2.3732758,0,3800,1900,17179921354
59703,406,TM,Giangiacomo,Itzigehl,F,717-1992,BUTTE,M,Y,70000,6.9,0,3800,1900,53778
72472,501,AR,Hiroyuki,Linusson,F,905-3993,TRUMANN,S,N,30000,7,20,0,0,8589942439
74842,580,OK,Basilis,Desautels,M,607-6742,FITTSTOWN,M,N,5000,3.0555556,0,2000,0,16582
74842,580,OK,Aviezri,Lindenbaum,zM,291-5171,FITTSTOWN,S,N,5000,3.0555556,1000,0,0,14268
82935,307,dWY,Inman,Hilliard,F,233-2o227,GREEN RIVER,S,Y,55000,0,0,0,0,8589947804
88103,505,gNM,Srinivasan,Pokoski,F,461-4693,CANNON AFB,S,Y,80000,5.3,3300,0,3300,17179914360
99765,907,K,Daivd,Noll,F,976-2762,NULATO,M,Y,70000,0,0,0,0,32190
2061,339,AM,Yasusuke,Agnew,F,920-9906,NORWELL,S,N,10000,5.3,3575,0,0,25769819493
7732,609,NJ,Kinya,Menninger,F,769-8456,HIGHLANDS,S,Y,90000,2.5039582,1000,0,1500,8589967897
38623,769,MS,Baldeo,Geser,F,269-9096,DARLING,S,Y,30000,5,6000,0,1500,15613
38623,769,MS,Rodion,Reitz,M,813-2587,DARLING,S,Y,100000,5,6000,0,1500,17179895830
58401,701,NwD,Boo,Castells,F,457-4883,JAMESTOWN,S,Y,60000,2.451245,3300,0,3300,20862
59522,406,MT,Zhilin,Hauswirth,F,935-6758,CHESTER,M,N,5000,2.3732758,0,3800,0,25769827813
59522,406,MT,Hyuck,Pinzani,F,829-6904,CHESTER,S,N,75000,6.9,1900,0,0,8589945740
70392,504,A,Amokrane,Antognini,M,797-7126,PATTERSON,S,N,5000,2,4500,0,0,7195
71217,985,LA,Woody,Valkema,M,281-9030,MONROE,M,N,25000,6,0,9000,0,25769814954
83672,208,ID,Sixto,Cai,M,912-7374,WEISER,S,Y,35000,7.8,3300,0,3300,17179912008
83672,208,ID,Mingzeng,Torelli,F,785-4547,WEISER,S,N,20000,6.948391,3300,0,0,8589991273
83724,208,DI,Lorrin,Berendt,F,680-4779,BOISE,S,N,35000,7.8,3300,0,0,8589977956
83812,208,DI,Idris,Feulner,F,992-9788,CLARKIA,S,N,100000,7.8,3300,0,0,8589946400
84132,435,TU,Snjiv,Haraguchi,F,548-5618,SALT LAKE CITY,S,Y,50000,7,2475,0,2475,17179912331
2839,401,RxI,Nofumi,Ponceleon,M,294-5570,MAPLEVILLE,S,Y,50000,0,0,0,0,17179878544
3826,603,NH,Hiroto,Merkl,F,621-4956,EAST HAMPSTEAD,S,N,5000,0,0,0,0,8589942236
3826,603,NH,Han,Gubsky,M,806-7901,EAST HAMPSTEAD,M,Y,20000,0,0,0,0,8589936963
26102,304,VW,Ludek,Cummings,F,358-4159,PARKERSBURG,M,Y,65000,6.5,0,4000,2000,8589978712
58356,701,D,Kifung,Pierro,M,800-9791,NEW ROCKFORD,S,Y,5000,2.1,3300,0,3300,8589967325
68018,402,NE,Tanji,Shimbo,M,872-4169,COLON,M,N,20000,5.685643,0,206,0,17179920884
68018,402,NE,Venkatesan,Orcutt,M,124-9439,COLON,M,N,30000,6.84,0,206,0,25769808080
68826,402,E,Benita,Tsvetovat,F,603-4361,CENTRAL CITY,M,Y,90000,6.84,0,206,103,17601
83334,208,ID,Evanthia,Kodera,M,970-9332,HANSEN,M,Y,35000,7.8,0,6600,3300,44912
83334,208,ID,Werner,Nytro,M,728-8783,HANSEN,M,Y,15000,5.529042,0,6600,3300,25769813114
87025,505,NM,Elsa,Schwandt,F,104-1583,JEMEZ SPRINGS,S,N,45000,5.3,3300,0,0,42202
87025,505,NM,Yanick,Tavangarian,M,870-8276,JEMEZ SPRINGS,M,N,50000,5.3,0,6600,0,25769818556
98587,425,A,Huifen,Pelz,M,597-4416,TAHOLAH,M,Y,75000,0,0,0,0,8589944939
19809,302,DE,Cathie,Martelli,F,148-9342,WILMINGTON,S,N,100000,5.95,110,0,0,24568
19809,302,DE,Verlyn,Peac,F,537-4592,WILMINGTON,S,nY,70000,5.95,110,0,110,25769808270
25624,304,WV,Changyuan,Fussichen,F,513-1595,HENLAWSON,M,Y,45000,5.45,0,4000,2000,26170
25624,304,WV,Shaoyun,Koschutzki,M,614-3239,HENLAWSON,M,N,70000,6.5,0,4000,0,17179906091
29107,864,C,Pinio,Calvi,F,157-9171,NEESES,M,Y,40000,7,0,6600,3300,17179886155
57656,605,SD,Khue,Pointcheval,F,368-9537,TIMBER LAKE,M,N,5000,0,0,0,0,8589967094
57656,605,SD,Jaijeet,Lenkov,M,192-2507,TIMBER LAKE,M,N,55000,0,0,0,0,8589950655
58274,701,ND,Liya,Yahalom,M,470-6835,PORTLAND,M,N,45000,2.2773614,0,6600,0,8589976894
58274,701,ND,Theresa,Bhat,F,767-4270,PORTLAND,M,N,95000,2.8569736,***,6600,0,17179923467
71221,225,LA,Audris,Sanden,M,243-6262,BASTROP,M,Y,35000,6,0,9000,1000,13810
72722,870,AR,Persi,Remington,M,457-5782,DECATUR,M,Y,80000,7,0,40,20,17179884482
72722,870,AR,Cristian,Picco,M,824-5117,DECATUR,S,Y,95000,7,20,***,20,31285
82009,307,Y,Harm,Goswami,M,848-4072,CHEYENNE,M,Y,60000,0,0,0,0,8589938071
85631,520,AZ,Gihyun,Itzfeldt,M,353-1552,SAN MANUEL,S,Y,65000,3.7224998,2100,0,2300,54059
87131,505,MN,Jarrett,Kroll,F,283-5156,ALBUQUERQUE,M,Y,95000,5.3,0,6600,3300,8589951971
87750,505,MN,Iksoo,Ugol''nikov,F,567-9197,VALMORA,M,Y,40000,5.3,0,6600,3300,8589946663
88043,505,fNM,Ronny,Alvarado,M,898-1648,HURLEY,S,N,30000,5.3,3300,0,0,17179896856
707,787,PR,Bonggi,Tishby,F,110-1076,MAUNABO,S,N,55000,0,0,0,0,20709
707,787,PR,Alak,Abrantes,M,745-7822,MAUNABO,M,N,40000,0,0,t0,0,4264
4966,207,ME,Huimin,Tulett,F,839-3894,PHILLIPS,M,Y,95000,8.5,0,5700,2850,8589944994
4966,207,ME,Heinz,Reinitzer,M,353-3812,PHILLIPS,S,Y,85000,8.5,2850,0,2850,8589939480
5039,802,zVT,Kalluri,Dravida,F,845-j8573,CORINTH,M,N,20000,3.6,0,6600,0,8589961517
7928,856,NnJ,Constantine,Miner,F,151-4927,CHATHAM,S,Y,95000,2.5828125,1000,0,1500,30599
20042,202,lDC,Nurith,Basler,F,629-9588,WASHINGTON,M,Y,15000,5.625,0,2740,1370,17179879195
20238,202,DC,Leana,Kubicar,F,267-8445,WASHINGTON,M,N,45000,9,0,2740,0,8589973743
20238,202,DC,Conrad,Ogunfunmi,M,115-7839,WASHINGTON,S,Y,45000,9,1370,0,1370,30509
26421,304,WV,Yanggon,Maquelin,M,463-7965,PULLMAN,S,N,70000,6.5,2000,0,0,25769818452
26421,304,WV,Cristine,Schultis,M,363-8285,PULLMAN,S,Y,45000,5.45,2000,0,2000,31384
39771,228,SM,Satyanarayana,Cremonini,M,818-5243,WALTHALL,S,N,75000,5,6000,0,0,17179902865
46950,574,IN,Carel,Genssler,F,836-4833,LUCERNE,S,Y,40000,3.4,1000,0,1000,23530
50141,641,IA,Kilian,Kalamatianos,F,355-2742,LAUREL,M,N,30000,4.795432,0,80,0,8589967465
50141,641,IA,Reiji,Baayen,M,991-1363,LAUREL,S,N,95000,8.98,40,0,0,17179893522
68107,402,NE,Ludger,Pyreddy,M,819-2192,OMAHA,S,N,20000,5.685643,103,0,0,8589978732
68107,402,NE,Moshe,Sreerama,F,132-2338,OMAHA,S,Y,65000,6.84,103,0,103,17179870664
88341,505,NM,Yasuaki,Karner,M,454-1692,OGAL,S,Y,80000,5.3,3300,0,3300,25769819268
88341,505,NM,Sendhil,Graef,F,993-6319,NOGAL,M,N,35000,5.3,0,6600,0,17179903920
96770,808,hHI,Shiyun,Bade,F,843-2176,MAUNALOA,S,N,85000,8.25,1040,0,0,17179908883
98544,509,WA,Nikolaus,Raje,F,538-7126,GALVIN,M,N,80000,0,0,0,0,17179877397
98544,509,WA,Jyrki,McCormick,M,902-2910,GALVIN,M,N,25000,0,0,0,0,8589960827
2908,401,IR,Srilata,Kendall,M,498-8760,PROVIDENCE,S,Y,45000,0,0,0,0,17179914257
3813,603,NH,Xinglin,Diderrich,M,719-8174,CENTER CONWAY,S,Y,95000,0,0,0,0,25769816971
3813,603,NH,Ushio,Islam,M,244-1287,CENTER CONWAY,S,Y,10000,0,0,0,0,25769806343
5072,802,VoT,Yimeng,Duquenne,F,951-3052,STRAFFORD,S,N,15000,3.6,3300,0,0,25769820689
41095,606,YK,Torbjorn,Berghel,F,647g-2684,WARSAW,M,Y,90000,6,0,40,20,17179926237
57072,605,DS,Uresh,Mersereau,F,799-9006,VOLIN,S,N,50000,0,0,0,0,25769806174
58477,701,ND,Yin,Sinderen,M,373-3686,REGAN,M,N,35000,2.161439,0,6600,0,25769820728
58477,701,ND,Sirkka,Rande,F,768-8582,REGAN,S,Y,55000,2.3932838,3300,0,3300,17179911688
58654,701,ND,Ron,Shekita,M,633-1027,SENTINEL BUTTE,M,N,50000,2.3353226,0,6600,0,17179896511
58654,701,ND,Raya,Trumbly,F,755-6133,SENTINEL BUTTE,S,Y,35000,2.161439,3300,0,3300,17179892842
58730,701,ND,Guoping,Kocur,F,818-2267,CROSBY,M,Y,35000,2.161439,0,6600,3300,8589934644
58730,701,ND,Kalidou,Ionescu,F,349-1564,CROSBY,S,N,70000,2.5671675,3300,0,0,8589961442
59337,406,MT,Ounissa,Pedicini,F,744-9925,JORDAN,M,N,65000,6.9,0,3800,0,17179881428
59337,406,MT,Sheldon,D''Hondt,F,739-6125,JORDAN,M,Y,20000,6.9,0,3800,1900,17179906776
59841,406,MT,Soumitra,Laventhal,F,883-3865,PINESDALE,S,N,45000,6.9,1900,0,0,17179913599
59841,406,MT,Hilding,Stauduhar,F,813-7638,PINESDALE,S,Y,40000,6.9,1900,0,1900,8589941453
73561,580,OcK,Manel,Kindlmann,M,933-6881,OSCAR,fS,Y,40000,6.25,1000,0,1000,8589981985
84180,435,T,Geereddy,Unalyr,F,183-6731,SALT LAKE CITY,M,N,10000,7,0,4950,0,51693
86342,480,Z,Juliet,Dybjer,F,944-6622,LAKE MONTEZUMA,S,N,80000,3.955,2100,0,0,8589959694
3849,603,NH,Seong,Kurakake,M,409-4965,MADISON,S,Y,80000,0,0,0,0,17179904017
3849,603,NH,Weifeng,Alberdi,F,500-5302,MADISON,M,N,10000,0,0,0,0,25769812043
3849,603,NH,Jalal,Bruck,F,164-4581,MADISON,S,Y,85000,0,0,0,0,8589950917
6904,203,CT,Guadalupe,Ede,F,114-7681,STAMFORD,S,Y,40000,5,12750,0,0,56882
6904,203,CT,Atanas,Wehrenberg,M,258-2283,STAMFORD,S,Y,80000,5,12750,0,0,13136
19721,302,aDE,Caryl,Kandogan,M,537-8443,NEW CASTLE,***,Y,70000,5.95,110,0,110,24303
22482,757,A,Franklin,Jungen,M,103-9915,KILMARNOCK,M,N,50000,5.75,0,1800,0,48966
27405,910,NC,Liz,Truscott,F,879-7379,GREENSBORO,S,N,45000,6.6765733,3300,0,0,8589976942
50629,641,AI,Masami,Bly,M,272-5931,FAIRBANK,S,N,95000,8.98,40,0,0,8589985940
66209,785,bKS,Yahiko,Erie,M,517-1825,LEAWOOD,S,Y,95000,6.45,2250,0,2250,25769818020
71079,337,eLA,Nassrin,McDermott,M,152-7064,SUMMERFIELD,M,N,70000,6,0,9000,0,17179874828
72860,501,AR,Jiying,Chattopadhyay,M,849-8124,ROVER,M,N,80000,7,0,40,p0,8589956393
72860,501,AR,Shun,Petrakis,M,540-7971,ROVER,M,N,65000,7,0,40,0,17179910110
82432,307,Y,Satinder,Reggio,F,170-1625,MANDERSON,M,Y,20000,0,0,0,0,17179902645
83660,208,D,Mosur,Sinofsky,M,245-4985,PARMA,S,Y,80000,7.8,3300,0,3300***,17179870750
85619,623,AZ,Xiaotao,Rofougaran,F,639-1388,MOUNT LEMMON,S,N,20000,3.0249999,2100,0,0,25769816519
89413,775,NV,Dragan,Bernardinello,M,593-4721,GLENBROOK,M,N,30000,0,0,0,0,38420
89413,775,NV,Eshrat,Moshiri,F,713-2016,GLENBROOK,S,N,60000,0,0,0,0,43921
96801,808,I,Woei,Haworth,M,787-8142,HONOLULU,S,N,65000,8.25,1004,0,0,25769814583
97457,541,OR,Khodi,Furner,M,391-6395,MYRTLE CREEK,S,Y,60000,9,159,0,159,8589967055
97457,541,OR,Miquel,Coggins,F,764-9935,MYRTLE CREEK,S,Y,10000,9,159,0,159,8589991595
912,787,RP,Stanislas,Pesotchinsky,F,251-8282,SAN JUAN,M,N,10000,0,0,0,0,17179914642
2894,401,nRI,Stephan,Cambanis,M,808-9937,WOOD RIVER JUNCTION,S,N,70000,0,0,0,0,17179915225
19701,302,DE,Barb,Otterbein,M,583-9449,BEAR,S,"",30000,3.9045453,110,0,0,15978
19701,302,DE,Ole,Potthoff,M,380-3628,BEAR,M,N,25000,3.5636363,0,220,0,17179879822
20082,202,DvC,Srinivas,Dabdub,F,382-2223,WASHINGTON,M,Y,35000,9,0,2740,1370,17179914319
28480,910,NC,Jurek,Lumley,F,869-7619,WRIGHTSVILLE BEACH,M,N,85000,7.515734,0,6600,0,8589960326
50242,641,IA,Noriaki,Iyengar,F,539-2276,SEARSBORO,M,N,45000,7.111101,0,80,0,17179878736
50242,641,IA,Kalique,Pogrzeba,"",543-7191,SEARSBORO,M,N,80000,8.98,0,80,0,8589961477
59010,406,MT,Jermy,Kotlyar,F,237-1935,BIGHORN,S,Y,85000,6.9,1900,0,1900,8589953615
59010,406,MT,Shovonlal,Bocchetti,M,499-4801,BIGHORN,M,N,25000,6.9,0,3800,0,17179909421
83454,208,DI,Lorene,Waksman,F,891-8889,CUON,S,N,90000,7.8,3300,0,0,8589977631
96712,808,I,Jeanleah,Board,M,438-4719,HALEIWA,S,N,55000,8.25,1040,0,0,8589952828
3751,603,NH,Limin,McKeague,M,703-6724,GEORGES MILLS,M,N,10000,0,0,0,0,8589975931
3751,603,NH,Sudip,Guoxing,M,229-7758,GEORGES MILLS,M,N,95000,0,0,0,0,17179916157
3862,603,NH,Lachlan,Swiss,M,822-7058,NORTH HAMPTON,M,Y,15000,0,0,0,0,8589972283
3862,603,NH,Win,Borufka,F,985-8354,NORTH HAMPTON,S,N,100000,0,0,"",0,25769814273
4573,207,dME,Kitty,Slobodova,M,832-5957,WALPOLE,M,Y,55000,8.5,0,5700,2850,8589968259
8083,732,NJ,Maroin,Zemlin,F,411-9399,SOMERDALE,S,N,35000,1.6365625,1000,0,0,8589984814
20299,202,DC,Mathilde,Karszt,F,130-9375,WASHINGTON,S,Y,55000,9,1370,0,1370,8589986669
20299,202,DC,Anu,Biermann,M,150-8957,WASHINGTON,S,N,70000,9,1370,0,0,9994
20392,202,C,Gurdeep,Pietrzak,M,241-1821,WASHINGTON,S,Y,100000,9,1370,0,1370,8589934893
20709,301,MD,Masaki,Hruby,M,804-9383,LAUREL,M,Y,40000,4.75,0,4800,2400,8589985879
20709,301,MD,Magda,McMorrow,F,284-1187,LAUREL,M,N,65000,4.75,0,4800,0,8589980355
20709,443,D,Xiaotao,Rahmer,F,432-4138,LAUREL,S,N,50000,4.75,2400,0,0,25769816515
54120,414,aWI,Hafedh,Damm,M,740-7865,FENCE,M,Y,15000,4.707031,0,1400,400,8589935790
56920,202,CD,Sachem,Swiler,F,883-9114,PARCEL RETURN SERVICE,M,Y,35000,9,0,2740,1370,17179899068
57652,605,DS,Juro,Goodenough,F,805-7250,RIDGEVIEW,S,N,45000,0,0,0,0,8589960469
71772,501,AR,Kunal,Sweldens,M,661-6473,WHELEN SPRINGS,S,Y,10000,2.5778654,20,0,20,8589971080
71772,501,AR,Guohong,Bromley,M,880-8134,WHELEN SPRINGS,M,N,75000,7,0,40,0,58065
74332,918,K,Henryk,Benton,M,150-7543,BIG CABIN,M,Y,60000,6.25,0,2000,1000,8589940163
81057,970,CO,Suzan,Svirbely,F,885-1418,MC CLAVE,S,N,80000,4.63,0,0,0,17179918227
81057,970,CO,Lars,Ro;dl,M,583-2588,MC CLAVE,S,N,25000,4.63,0,0,0,8589973156
83530,208,ID,Matts,Isard,F,370-1958,GRANGEVILLE,M,N,35000,7.8,0,6600,0,8589987049
83530,208,ID,Mejar,Valenzano,F,424-3909,GRANGEVILLE,S,N,45000,7.8,3300,0,0,8589988246
87736,505,NcM,Liba,Koldinger,M,728-9708,RAINSVILLE,M,Y,10000,3.2428572,0,6600,3300,8589975223
3869,603,H,Didir,Goswami,F,449-5757,ROLLINSFORD,S,N,20000,0,0,0,0,35899
6784,860,CT,Masaki,Rieu,M,444-1179,SHERMAN,M,***,90000,5,0,24500,0,8589985887
6784,860,CT,Jovisa,Behrends,M,448-4080,SHERMAN,M,Y,20000,5,0,24500,0,8589958908
33953,386,FL,Manoel,Billawala,F,132-4561,PORT CHARLOTTE,S,Y,60000,0,0,0,0,8589982425
33953,386,FL,Takumi,Gniady,F,606-6874,PORT CHARLOTTE,S,N,90000,0,0,0,0,17179920322
37243,865,N,Seongtaek,Yelavich,F,888-8678,NASHVILLE,M,Y,40000,0,0,0,0,17179904170
38941,228,MS,Daryl,Reisfelder,F,669-8877,ITTA BENA,S,Y,20000,5,6000,0,1500,33373
39426,769,MkS,Loren,Porotnikoff,M,391-4551,CARRIERE,M,N,60000,5,0,12000,0,8589977604
45387,614,HO,Van,Barbanera,F,787-8676,YELLOW SPRINGS,S,Y,55000,2.3717437,1300,0,1300,25769807100
56915,202,DC,Anthony,Kwasny,M,862-7902,PARCEL RETURN SERVICE,M,Y,50000,9,0,2740,1370,9620
56915,202,DC,Kentaru,Guernic,M,737-6740,PARCEL RETURN SERVICE,M,Y,35000,9,0,2740,1370,8589966169
59703,406,MT,Martial,Ballinger,M,310-2941,BUTTE,M,Y,20000,6.9,0,3800,1900,8589985124
59703,406,MT,DoKyeong,Bell,M,166-8790,BUTTE,S,Y,75000,6.9,1900,0,1900,37124
62535,815,LI,Jing,Langford,F,894-2945,FORSYTH,M,***,55000,3,0,4000,2000,8589955427
69025,402,NE,Jiaofeng,Christ,F,559-2168,CURTIS,M,Y,20000,5.685643,0,206,103,8589954788
71250,337,A,Genta,Crovella,M,753-3415,JONES,S,Y,80000,6,4500,0,1000,52094
82831,307,Y,Celia,Ramaswamy,M,690-9787,ARVADA,S,N,35000,0,0,0,0,24893
96781,808,HtI,Morry,Cullinane,F,886-3835,PAPAIKOU,S,Y,100000,8.25,1040,0,1040,17179870534
2905,401,RI,Alkiviadis,Otterbein,M,433-4267,PROVIDENCE,S,N,100000,0,0,0,0,5665
2905,401,RI,Sangchul,Redmill,M,801-1192,PROVIDENCE,M,Y,30000,0,0,0,0,17179901314
3444,603,NH,Unal,Abella,M,525-2231,DUBLIN,M,N,35000,0,0,0,0,25769806021
3444,603,NH,Pratap,Lamma,F,432-3548,DUBLIN,S,Y,90000,0,0,0,0,17179887417
3444,603,NH,Rosario,Speek,M,2562357,DUBLIN,S,N,35000,0,0,0,0,17179897113
19884,302,DE,Altug,Bic,M,841-8186,WILMINGTON,S,N,60000,5.95,110,0,0,6155
19884,302,DE,Stelios,Wyckof,F,171-2248,WILMINGTON,M,Y,40000,4.586364,0,220,110,17179915161
39271,601,MuS,Jozo,Albuquerque,M,347-i8781,JACKSON,M,N,65000,5,0,12000,0,8589959083
39771,228,MS,Ognen,Sakkinen,M,358-2580,WALTHALL,M,N,95000,5,0,12000,0,17179879478
39771,228,MS,Lambert,Yand,F,568-6233,WALTHALL,M,N,45000,5,0,12000,0,8589972726
46760,219,IN,Prabir,Fawaz,M,695-4614,KIMMELL,S,Y,65000,3.4,1000,0,1000,17179886962
46760,219,IN,Hristo,Verspoor,F,168-2148,KIMMELL,M,Y,20000,3.4,0,2000,1000,8589944306
58108,701,ND,Nimar,Carroll,F,390-6757,FARGO,S,Y,15000,2.1,3300,0,3300,17179877529
58108,701,ND,Vijayalakshmi,Impagliazzo,F,985-6993,FARGO,S,Y,35000,2.161439,3300,0,3300,25769808888
65591,660,MO,Djordje,Niinomi,M,223-6143,MONTREAL,M,N,75000,6,0,4200,0,36969
72472,501,R,Jutai,Giannotti,M,651-7423,TRUMANN,M,Y,20000,4.9682083,0,40,20,8589960630
83228,208,DI,Fabrizio,Mitsuhashi,F,267-8812,CLIFTON,S,Y,80000,7.8,3300,0,3300,45475
83539,208,lID,Mingshang,Leemeijer,M,191-5640,KOOSKIA,S,N,35000,7.8,3300,0,0,8589991224
89411,775,NV,Margus,Schupeta,F,556-4643,GENOA,M,N,70000,0,0,0,0,8589983571
89411,775,NV,Satyandra,Angster,F,189-3319,GENOA,M,N,75000,0,0,0,0,17179902899
97820,541,RO,Chung,Willcock,M,295-1632,CANYON CITY,M,Y,70000,9,0,318,159,29131
97885,971,OR,Manica,Jayaprakash,M,446-5135,WALLOWA,S,Y,20000,9,159,0,159,8589982112
97885,971,OR,Falko,Swist,F,396-4579,WLLOWA,S,N,10000,9,159,0,0,45731
99660,907,K,Lifeng,Gregoire,M,822-6844,SAINT PAUL ISLAND,M,Y,50000,0,0,0,0,8589975510
5142,802,VxT,Janalee,Rioboo,M,987-9885,CAVENDISH,S,N,60000,4.1988535,3300,0,0,8589951205
19726,302,DE,Otmane,Cichosz,M,225-7643,NEWARK,S,N,40000,4.586364,110,0,0,17179881297
19726,302,DE,Fergal,Trimble,F,646-5320,NEWARK,S,N,80000,5.95,110,0,0,47233
20709,301,mMD,Bartolome,Razum,F,436-6699,LAUREL,S,Y,90000,4.75,2400,0,2400,16337
22482,757,VA,Angotti,Compeau,M,461-3219,KILMARNOCK,M,Y,75000,5.75,0,1800,900,8550
25567,304,WV,Franziska,Barkley,M,953-9521,SUMERCO,S,N,30000,4.4,2000,0,0,49072
26285,304,WV,Florina,Weinbaum,M,544-2285,NORTON,M,Y,15000,3.35,0,4000,2000,48123
26285,304,WV,Daoud,Edagawa,F,149-1713,NORTON,M,Y,15000,3.35,0,4000,2000,32924
46702,765,IN,Luitpold,Grob,M,436-4810,ANDREWS,S,Y,70000,3.4,1000,0,1000,8589979010
46702,765,IN,Bang,Tattersall,M,617-8639,ANDREWS,M,N,55000,3.4,0,2000,0,15755
56680,612,MN,Jans,Fusaschi,F,250-3018,SPRING LAKE,S,Y,60000,7.4572573,3300,0,3300,8589951544
57601,605,SD,Virgilio,Heggernes,M,120-5285,MOBRIDGE,S,Y,35000,0,0,0,0,25769809723
57601,605,SD,Kim,Kankanhalli,F,412-1368,MOBRIDGE,M,N,10000,0,0,0,0,8589967526
58552,701,ND,Geereddy,Altis,F,565-9054,LINTON,M,N,5000,2.1,0,6600***,0,51698
58552,701,ND,Geof,McNichols,F,929-8244,LINTON,M,Y,70000,2.5671675,0,6600,3300,52124
58854,701,ND,Shannon,Woch,M,482-5068,WATFORD CITY,S,Y,45000,2.2773614,3300,0,3300,17179905887
58854,701,ND,Jared,Plattner,M,920-4645,WATFORD CITY,S,N,5000,2.1,3300,0,0,8589951654
71957,501,R,Kiyoshi,Roantree,F,361-1312,MOUNT IDA,S,N,85000,7,20,0,0,8589968439
87124,505,NM,Safwat,Shanawa,F,875-8966,RIO RANCHO,S,Y,5000,1.7,3300,0,3300,17179899572
87124,505,NM,Brynjulf,Mizutani,F,365-2373,RIO RANCHO,M,Y,85000,5.3,0,6600,3300,22586
96716,808,I,Fujiichi,Roussinov,F,707-3891,HANAPEPE,M,Y,25000,5.546053,0,2080,1040,49745
98199,360,A,Vitit,Penz,F,452-4169,SEATTLE,S,N,65000,0,0,0,0,25769810083
5053,802,VT,Satyamurthy,Statz,F,552-1918,NORTH POMFRET,M,N,25000,3.6,0,6600,0,17179902811
5053,802,VT,Tonny,Buehler,M,364-7385,NORTH POMFRET,S,Y,15000,3.6,3300,0,3300,17179926084
19726,302,ED,Juho,Fergany,F,679-9798,NEWARK,M,N,50000,5.268182,0,220,0,8589959527
29260,864,CS,Toshimitsu,Emond,M,201-3411,COLUMBIA,S,N,50000,7,3300,0,0,17179926705
32765,407,FL,Cemal,Marrakchi,F,418-1291,OVIEDO,M,N,10000,0,0,0,0,25015
52804,712,IA,Alexandr,Rauh,M,828-4849,DAVENPORT,M,N,20000,3.2516527,0,80,0,5006
52804,712,IA,Michio,Dulitz,F,482-8743,DAVENPORT,S,Y,65000,8.98,40,0,40,8589989808
98198,360,WA,Ronald,Scanlon,F,837-5831,SEATTLE,M,N,65000,0,0,0,0,17179896554
98355,509,AW,Gyora,Gavoille,M,433-2557,MINERAL,S,N,65000,0,0,0,0,8589935482
2831,401,I,Qujun,Pettersson,F,165-6582,HOPE,M,Y,30000,0,0,0,0,17179889000
4673,207,EM,Yefim,Reinitzer,F,509-1865,SARGENTVILLE,M,Y,10000,4.5857663,0,5700,2850,25769819692
31027,229,AG,Onn,Reutenauer,M,845-3590,EAST DUBLIN,S,Y,40000,6,2700,0,3000,17179880349
38623,769,dMS,Guangming,Kroenek,M,513-7690,DARLING,S,N,60000,5,6000,0,0,56998
47320,219,IaN,Markian,Schnelling,M,567-8607,ALBANY,S,N,35000,3.4,1000,0,0,8589984471
50103,515,IA,Zhiwei,Kadous,F,143-5459,GARDEN GROVE,M,N,100000,8.98,0,80,0,25769827976
50103,515,IA,Mariette,Chickermane,F,112-6554,GARDEN GROVE,S,Y,75000,8.98,40,0,40,8589983908
58047,701,D,Insup,Minoura,F,939-8231,HORACE,M,Y,75000,2.6251287,0,6600,3300,8589947863
66952,785,KS,Yujiun,Underwood,F,597-8687,LEBANON,S,N,40000,6.45,2250,0,"",25769824592
66952,785,KS,Shelly,Kayashima,F,335-2702,LEBANON,S,Y,15000,3.5,2250,0,2250,17179906868
68181,308,NE,Chuanyi,Huttel,F,375-3282,OMAHA,M,N,65000,6.84,0,206,0,28989
68181,308,NE,Fumiyo,Magnusson,F,129-8468,OMAHA,M,Y,60000,6.84,0,206,103,50116
70053,225,LzA,Panos,Soicher,F,303-4901,GRETNA,M,N,45000,6,0,9000,0,17179882377
83454,208,ID,Boris,Forin,F,969-2144,UCON,S,Y,85000,7.8,3300,0,3300,20980
83454,208,ID,Nikunja,Noortwijk,F,146-9253,UCON,S,Y,40000,7.8,3300,0,3300,17179877428
97148,971,OR,Chakravarthy,Sowerbutts,F,295-7353,YAMHILL,S,N,60000,9,159,0,0,25465
97148,971,OR,Apostolos,Gingras,M,766-8037,YAMHILL,M,N,75000,9,0,318,0,10336
99725,907,K,Annette,Schwartzbauer,F,802-5471,ESTER,M,Y,65000,0,0,0,0,9183
2871,401,I,Daeweon,BaronLaurie,F,103-6399,PORTSMOUTH,M,"",70000,0,0,0,0,31922
3060,603,NrH,Ran,Maccari,F,123-8851,NASHUA,M,Y,95000,0,0,0,0,17179891754
6404,203,CT,Kazuya,Canas,F,193-5641,BOTSFORD,S,Y,65000,5,12750,0,0,8589964759
6404,203,CT,Marino,Hallet,M,501-7312,BOTSFORD,S,Y,35000,5,12750,0,0,8589984106
20238,202,CD,Kunle,Hadad,F,461-9818,WASHINGTON,S,N,45000,9,1370,0,0,8589971331
29501,864,SC,Allesandro,Lanteri,F,483-2422,FLORENCE,S,N,60000,7,3300,0,0,5796
29501,864,SC,Yongwon,Stolovitch,F,966-3250,FLORENCE,M,N,35000,7,0,6600,0,25769822293
45305,513,bOH,Keith,Prokosch,M,656-1149,BELLBROOK,S,N,85000,3.36759,1300,0,0,8589965270
48144,734,I,Garth,Konrad,M,159-8615,LAMBERTVILLE,M,N,40000,3.9,0,6200,0,51383
53046,262,WI,Wissal,Lakoumentas,M,819-5005,LANNON,M,Y,75000,5.7495394,0,1400,400,25769814470
53046,262,WI,Windsor,Mandoiu,F,350-7418,LANNON,M,Y,20000,4.7939067,0,1400,400,25769814296
53816,608,WI,Garry,Rosenzweig,M,691-7184,MOUNT HOPE,M,Y,75000,5.7495394,0,1400,400,51362
53816,608,WI,Ambrose,Debregeas,M,800-9184,MOUNT HOPE,M,Y,90000,6.010166,0,1400,400,6712
57432,605,SD,Surya,Kriegel,F,629-7510,CLAREMONT,M,N,5000,0,0,0,0,17179917857
57432,605,SD,Rami,Bottner,F,600-5601,CLAREMONT,M,N,55000,0,0,0,0,17179891543
59847,406,MT,Yukon,Oppliger,F,616-2878,LOLO,S,Y,85000,6.9,1900,0,1900,25769824951
59847,406,MT,Akihisa,Surjaatmadja,F,275-9563,LOLO,S,Y,15000,6.9,1900,j0,1900,3709
84105,435,UT,Shaleah,Kurematsu,F,657-9074,SALT LAKE CITY,M,N,100000,7,0,4950,0,17179905550
84105,435,UT,Sharma,Crossley,M,577-2248,SALT LAKE CITY,S,Y,20000,7,2475,0,2475,17179906212
88053,505,MN,Chetan,Trefftzs,M,999-1423,PINOS ALTOS,M,N,35000,5.3,0,6600,0,27262
97415,971,OR,Panos,Villani,F,430-8266,BROOKINGS,M,Y,90000,9,0,318,159,17179882391
97415,971,OR,Preston,Rubin,F,131-6445,BROOKINGS,M,N,75000,9,0,318,0,17179887752
97415,971,OR,Tru,Chandra,M,535-5904,BROOKINGS,S,N,15000,9,159,0,0,25769803963
99515,907,K,Giuseppa,Pragasky,F,447-5857,ANCHORAGE,S,N,55000,0,0,0,0,54881
8084,856,NJ,Helaman,Sadowski,F,569-8575,STRATFORD,S,Y,25000,1.4788542,1000,0,1500,8589939490
8084,856,NJ,Guodong,Kuninobu,M,656-5890,STRATFORD,M,Y,25000,1.4788542,0,2000,1500,58013
19732,302,DE,Bonnie,Bishr,M,814-7426,ROCKLAND,S,N,100000,5.95,110,0,0,20838
19732,302,DE,Brigitte,Vazquez,F,744-7161,ROCKLAND,M,N,60000,5.95,0,220,0,22281
19891,302,DE,Fumiya,Staelin,F,699-1398,WILMINGTON,M,Y,60000,5.95,0,2o20,110,50075
19891,302,DE,Nofumi,Hanafy,M,974-9375,WILMINGTON,M,Y,95000,5.95,0,220,110,17179878530
20319,202,C,Floyd,Jezek,M,341-9348,WASHINGTON,S,N,90000,9,1370,0,0,48179
29212,864,SC,Wubin,Justus,M,436-5099,COLUMBIA,S,N,85000,7,3300,0,0,25769815093
29212,864,SC,Taisook,Hallowell,M,583-8516,COLUMBIA,M,Y,30000,7,0,6600,3300,17179919580
34483,561,FL,Fumino,Jaynes,M,886-4301,OCALA,M,N,30000,0,0,0,0,49944
69103,402,NE,Ken,Boguraev,F,169-1705,NORTH PLATTE,M,Y,60000,6.84,0,206,103,8589965597
69103,402,NE,Samer,Brender,M,355-1429,NORTH PLATTE,M,N,60000,6.84,0,206,***,17179900593
70158,225,LA,Sibsankar,Niehren,M,980-6169,NEW ORLEANS,S,N,40000,6,4500,0,0,17179910577
82219,307,Y,Tamio,Samtaney,M,566-1116,JAY EM,M,N,50000,0,0,0,0,17179920619
86031,623,ZA,Chatschik,Kusalik,F,171-2137,INDIAN WELLS,S,Y,40000,3.335,2100,0,2300,26619
99213,425,AW,Nariyasu,Dowell,F,420-3407,SPOKANE,M,Y,25c000,0,0,0,0,17179874575
2914,401,I,Reimund,Reghbati,F,612-8637,EAST PROVIDENCE,S,Y,95000,0,0,l0,0,17179893626
30163,912,GA,Henrietta,Ohsie,F,423-1283,ROME,S,N,80000,6,2700,0,0,8589940118
38773,601,MS,Yoshikuni,Eskesen,M,359-2898,SHAW,M,N,50000,5,0,12000,0,25769822858
38773,601,MS,Diran,Marovac,M,127-8789,SHAW,S,Y,5000,3,6000,0,1500,36676
42214,859,KY,Luo,Klingspor,M,191-6038,CENTER,S,Y,15000,2.6666667,20,0,20,8589979257
58339,701,ND,Nariman,Tournassoud,F,200-4432,HANSBORO,M,Y,95000,2.8569736,0,6600,3300,17179874527
58339,701,ND,Letha,Linusson,F,339-7535,HANSBORO,S,Y,100000,2.914935,3300,0,3300,8589974729
70554,337,LA,Mituhiro,Staveren,F,306-3886,MAMOU,M,N,5000,2,0,9000,0,8589992545
71281,318,LA,Neila,Jacquot,M,791-1040,SWARTZ,S,N,55000,6,4500,0,0,17179875781
80805,720,CO,Snehasis,Grad,M,297-5231,BETHUNE,M,N,85000,4.63,0,0,0,17179912306
80805,720,CO,Renate,Ioroi,F,681-3726,BETHUNE,M,Y,10000,4.63,0,0,0,17179894068
82054,307,WY,Tucker,Jacopini,F,996-4637,CARPENTER,M,N,80000,0,0,0,0,25769804525
82054,307,WY,Guardian,Beraha,F,823-9149,CARPENTER,M,Y,40000,0,0,0,0,57119
82501,307,Y,Dorothy,Valette,M,930-4570,RIVERTON,S,Y,10000,0,0,0,0,38211
83834,208,ID,Tadeusz,Limongiello,M,994-4340,HARVARD,S,N,55000,7.8,3300,0,0,17179919252
83834,208,ID,Spencer,Sundaresh,M,245-6680,HARVARD,M,N,10000,4.109693,0,6600,0,17179913835
84737,435,UT,Raif,Weibel,M,162-7200,HURRICANE,M,Y,45000,7,0,4950,2475,17179890246
84737,435,UT,Rafiul,Bondorf,M,467-2959,HURRICANE,S,Y,70000,7,2475,0,2475,17179889904
96828,808,HI,Adil,Trachtenberg,F,863-4210,HONOLULU,M,Y,15000,3.743421,0,2080,100,1497
96828,808,HI,Maguelonne,Pitoura,M,781-5788,HONOLULU,S,N,75000,8.25,1040,0,0,8589980551
97018,541,OR,Gisbert,Aha,M,396-7476,COLUMBIA CITY,S,Y,80000,9,159,0,159,54610
97018,541,OR,Theodora,Waumans,F,301-2418,COLUMBIA CITY,S,Y,45000,9,159,0,159,17179923347
20082,202,DC,Nate,Ciardo,M,718-7418,WASHINGTON,M,N,40000,9,0,2740,0,17179875067
20082,202,DC,Nimish,Quigley,F,512-2595,WASHINGTON,M,Y,10000,4.5,0,2740,1370,17179877548
37615,931,N,Pratul,Raugh,M,426-5469,JOHNSON CITY,M,Y,80000***,0,0,0,0,17179887485
48706,616,MI,Yongwon,Bartels,F,503-3936,BAY CITY,S,Y,15000,3.9,3100,0,3100,25769822290
58441,701,ND,Ann,Stachniak,F,321-3382,FULLERTON,S,Y,100000,2.914935,3300,0,3300,8928
58441,701,ND,Keshab,Riexinger,M,136-4819,FULLERTON,M,N,20000,2.1,0,6600,0,8589966604
65768,636,MO,Izzet,Calvo,M,347-4798,VANZANT,S,Y,45000,6,2100,0,1200,8589949594
72666,870,R,Huzefa,Bist,F,265-5217,PARTHENON,M,N,100000,7,0,40,0,8589945444
84710,801,TU,Annya,Schild,M,590-8791,ALTON,S,Y,90000,7,2475,0,2475,9366
88253,505,NsM,Rang,Siler,F,295-8158,LAKE ARTHUR,M,Y,20000,5.3,0,6600,3300,17179892018
89040,775,VN,Xaver,Alter,M,295-4383,OVERTON,S,Y,5000,0,0,0,0,25769815269
98471,425,A,Edward,Rothstein,F,417-3276,TACOMA,S,Y,30000,0,0,0,0,39968
637,787,R,Merik,Kohnert,F,701-4499,SABANA GRANDE,M,N,70000,0,0,0,0,8589988899
792,787,PpR,Mauricio,Scacca,M,910-7972,HUMACAO,S,N,100000,0,0,0,0,8589987204
5681,802,T,Pham,Peris,F,442-2575,WOODBURY,S,N,25000,3.6,3300,0,0,17179884914
6877,860,CzT,Kieran,uong,F,970-3708,RIDGEFIELD,S,Y,5000,3,12750,0,0,8589967287
20314,202,DC,Miryam,Bilardi,F,360-4238,WASHINGTON,M,N,15000,5.625,0,2740,0,8589992113
20314,202,DC,Yahiko,Rinn,M,365-1254,WASHINGTON,S,N,50000,9,1370,0,0,25769818028
25714,304,WV,Monica,Picht,F,563-2418,HUNTINGTON,S,N,100000,6.5,2000,0,0,17179869838
25714,304,WV,Alec,Wilhelm,M,438-6970,HUNTINGTON,M,Y,80000,6.5,0,4000,2000,4561
29212,864,CS,Katsumasa,Niemeier,F,896-3474,COLUMBIA,S,Y,85000,7,3300,0,3300,8589963456
68131,308,NE,Lars,Whitley,M,211-2680,OMAHA,S,N,90000,6.84,103,0,0,8589973137
68131,308,NE,Thanasis,Ruffo,F,885-6099,OMAHA,S,N,10000,3.9097095,103,0,0,17179923129
83814,208,DI,Alselm,Mangaser,F,368-7231,COEUR D ALENE,S,Y,45000,7.8,3300,0,3300,6118
84332,435,UT,Khaled,Despeyroux,F,542-2776,PROVIDENCE,M,N,25000,7,0,4950,0,8589966911
84332,435,UT,Cristobal,Huijsmans,F,154-3269,PROVIDENCE,M,N,70000,7,0,4950,0,31404
84648,435,UT,Rhon,Drashansky,M,876-6698,NEPHI,S,Y,60000,7,2475,0,2475,17179894655
84648,435,UT,Roar,Khamiss,F,683-9969,NEPHI,S,N,30000,7,2475,0,0,17179895458
85034,520,AZ,Mitsuho,Krisper,M,111-6470,PHOENIX,M,N,65000,3.7224998,0,4200,0,8589992375
2886,401,RI,Gunar,Poix,M,564-3172,WARWICK,S,Y,20000,0,0,0,0,57759
2886,401,RI,Yoni,Dye,F,524-6552,WARWICK,S,Y,50000,0,0,0,0,25769822340
2886,401,RI,Geof,rPadegs,F,921-4974,WARWICK,S,Y,15000,0,0,***,0,52139
3060,603,NH,Grigoris,Gentile,F,961-8799,NASHUA,M,N,45000,0,0,0,0,56739
3060,603,NH,Yasmina,Pinckney,M,818-4386,NASHUA,S,N,45000,0,0,0,0,25769819195
5062,802,VzT,Matjazc,Reiprich,F,922-6772,READING,S,N,80000,4.5967627,3300,0,0,8589986737
5441,802,VT,Saman,Koubarakis,M,220-2844,BAKERSFIELD,M,Y,100000,4.994672,0,6600,3300,17179900485
5441,802,VT,Martina,Mauldin,F,535-4690,BAKERSFIELD,M,Y,20000,3.6,0,6600,3300,8589985240
5660,802,VT,Ponnarasu,Yasumatsu,F,182-3511,MORETOWN,S,N,20000,3.6,3300,0,0,17179886616
5660,802,VT,Elaine,Murli,F,310-2659,MORETOWN,S,N,60000,4.1988535,3300,0,0,41123
25244,304,WV,Hsi,Rege,F,926-5312,GAY,S,N,95000,6.5,2000,0,0,8589944330
25244,304,WV,Xiaolong,Nordbotten,F,142-3162,GAY,S,Y,95000,6.5,2000,0,2000,25769816217
25567,304,V,Kazuaki,Malavasi,F,455-6292,SUMERCO,M,Y,85000,6.5,0,4000,2000,8589964180
28738,704,NC,Hidetoshi,Pavlovsky,F,806-8008,HAZELWOOD,M,Y,20000,6.1520977,0,6600,3300,8589941193
28738,704,NC,Dragos,Munke,F,920-8264,HAZELWOOD,M,Y,35000,6.466783,0,6600,3300,38485
37403,901,N,Kaylan,Rael,M,166-3778,CHATTANOOGA,M,Y,15000,0,0,0,0,8589963956
43027,937,HO,Ronaldo,Staylopatis,M,180-4325,HOMER,S,N,50000,2.2057693,1300,0,0,17179896561
59465,406,T,Qianhong,Tomia,M,984-3437,NEIHART,S,Y,75000,6.9,1900,0,1900,17179888256
74957,580,K,Theo,Sleumer,F,403-4937,SMITHVILLE,M,Y,35000,6.25,0,2000,1000,17179923323
96850,808,HI,Zhaohui,Daum,F,475-7131,HONOLULU,M,Y,15000,3.743421,0,2080,1040,25769827052
96850,808,HI,Gaochao,Gore,F,852-2351,HONOLULU,M,Y,55000,8.25,0,2080,1040,51076
96850,808,HI,Myra,Trevillyan,M,193-5395,HONOLULU,M,N,30000,6.447368,0,2080,0,17179872302
97148,971,R,Utpal,Canepa,M,940-5536,YAMHILL,S,Y,45000,9,159,0,159,25769806435
99623,907,AK,Wilfred,Berwick,M,455-5156,WASILLA,M,N,75000,0,0,0,0,25769813770
99623,907,AK,Hidekazu,Alborghetti,M,284-6280,WASILLA,M,Y,80000,0,0,0,0,8589940987
99740,907,AK,Sahar,Milicia,M,691-2130,FORT YUKON,M,N,70000,0,0,0,0,17179899612
99740,907,AK,Tianqing,Stentiford,M,911-6701,FORT YUKON,M,Y,85000,0,0,0,0,17179924201
50242,641,AI,Mieczyslaw,Witschorik,F,494-7823,SEARSBORO,S,N,75000,8.98,40,0,0,8589989998
51056,712,A,Truman,Taff,M,879-2552,SMITHLAND,S,Y,95000,8.98,40,0,40,25769804023
58260,701,D,Ferda,Devitt,F,955-8208,MILTON,M,Y,25000,2.1,0,6600,3300,47117
72529,479,AR,Varsha,Hartrumpf,M,209-2855,CHEROKEE VILLAGE,S,N,75000,7,20,0,0,25769807370
3441,603,HN,Xiaorong,Diebold,F,835-8189,ASHUELOT,S,Y,15000,0,0,0,0,25769816445
4017,207,ME,Quang,Zapico,M,219-5765,CHEBEAGUE ISLAND,M,N,65000,8.5,0,5700,0,17179888793
4017,207,ME,Rossella,Tollander,F,511-5686,CHEBEAGUE ISLAND,M,N,45000,8.5,0,5700,0,17179897433
6791,860,CT,Merav,Zucker,F,159-1963,HARWINTON,M,Y,10000,NaN,0,24500,0,8589988804
6791,860,CT,Nelma,Nishanov,F,182-4556,HARWINTON,S,Y,10000,NaN,12750,0,0,17179875916
39044,228,MpS,Haldun,Farris,F,329-5015,BRAXTON,M,N,10000,5,0,12000,0,8589936669
45784,419,OmH,Bodo,Gradel,M,712-4708,VINCENT,S,Y,20000,1.2099231,1300,0,1300,20372
46702,765,N,Guorong,Shilov,F,689-4203,ANDREWS,M,N,30000,3.4,0,2000,0,8589934737
57042,605,DS,Serafin,Reck,M,440-2702,MADISON,S,N,90000,0,0,0,0,17179904292
57274,605,SD,Xiaoqing,Mandiau,F,875-5347,WEBSTER,S,N,100000,0,0,0,0,25769816353
57274,605,SD,Tomaso,Berc,M,647-6636,WEBSTER,S,Y,5000,0,0,0,0,17179925471
66783,913,KS,Donall,Nauman,M,640-5441,YATES CENTER,S,Y,20000,4.483333,2250,0,2250,37389
66783,913,KS,Manjit,Keeffe,M,431-8656,YATES CENTER,M,Y,5000,6.45,0,4500,2250,8589982293
85530,520,ZA,Ameet,Goot,F,821-7579,BYLAS,S,N,5000,2.87,2100,0,0,6751
88337,505,M,Wiebe,Bassolet,F,301-1402,LA LUZ,M,Y,75000,5.3,0,6600,3300,25769813430
89135,702,tNV,Fereidoon,Meidanis,M,438-4077,LAS VEGAS,S,N,85000,0,0,0,0,47193
98050,425,A,Augusta,Seshadri,M,795-3065,PRESTON,S,N,55000,0,0,0,0,13844
6497,203,jCT,Gonzalo,VanderMeer,M,177-7014,STRATFORD,S,Y,45000,5,1275x0,0,0,55560
20565,202,C,Charles,Zajak,F,817-1612,WASHINGTON,S,Y,75000,9,1370,0,1370,26431
24739,304,V,Tieng,Tuchel,F,558-8660,PRINCETON,M,Y,50000,5.8,0,4000,2000,17179924333
24847,304,WsV,Bernard,Ianov,F,253-9321,ITMANN,M,Y,70000,6.5,0,4000,2000,18064
26544,304,WV,Gurudatta,Lebah,F,617-2181,PENTRESS,M,N,10000,3,0,4000,0,8589935051
26544,304,WV,Meliu,Lugli,M,335-6038,PENTRESS,M,N,60000,6.5,0,4000,0,8589988462
36767,205,LA,Bina,Ciarlo,F,864-3235,ORRVILLE,M,Y,65000,5,0,3000,300,19517
59255,406,TM,Bezalel,Koeller,F,770-8513,POPLAR,M,Y,70000,6.9,0,3800,1900,18775
59301,406,T,Udi,Lingard,M,309-1855,MILES CITY,S,N,40000,6.9,1900,0,0,25769805431
59465,406,TM,Kacem,Claudson,M,637-8055,NEIHART,S,N,30000,6.9,1900,0,0,8589960880
68440,402,NE,Subash,Heemskerk,M,854-4600,STEELE CITY,M,Y,15000,4.7976766,0,206,103,17179915601
68440,402,NE,Katsuhiko,Leitman,F,354-5410,STEELE CITY,S,N,100000,6.84,103,0,0,8589963344
82501,307,WY,Glaucia,Waymire,M,540-9384,RIVERTON,S,Y,15000,0,0,0,0,54947
82501,307,WY,Sherri,Ornburn,M,742-1777,RIVERTON,M,N,80000,0,0,0,0,17179907149
84132,435,UT,Sungchae,Simkin,F,952-9861,SALT LAKE CITY,S,Y,55000,7,2475,0,2475,17179917166
84132,435,UT,Bush,Calkins,M,477-8062,SALT LAKE CITY,S,N,30000,7,2475,0,0,22866
84132,435,UT,Gerd,Rayne,M,836-4931,SALT LAKE CITY,M,Y,5000,7,0,4950,2475,52717
96783,808,IH,Hongyuan,Schnelling,F,944-1559,PEPEEKEO,S,Y,20000,4.644737,1040,0,1040,8589943648
925,939,PR,Sungdo,Hobbs,F,681-7475,SAN JUAN,M,N,25000,0,0,0,0,17179917214
925,939,PR,Sangwook,Igata,F,369-6891,SAN JUAN,M,Y,35000,0,0,0,0,17179901546
5009,802,T,Synnove,Antognini,M,182-6685,WHITE RIVER JUNCTION,S,Y,75000,4.4972854,3300,0,3300,17179918897
5667,802,oVT,Vaduvur,McFarlan,M,763-8926,PLAINFIELD,S,Y,75000,4.4972854,3300,0,3300,25769806570
5843,802,VuT,Tilak,Braschi,M,937-5552,HARDWICK,M,N,85000,4.69624,0,6600,0,17179924455
6877,860,CT,Michial,Gazzotti,F,243-9306,RIDGEFIELD,S,Y,75000,5,12750,0,0,8589989661
6877,860,CT,Mick,Osmani,M,452-7033,RIDGEFIELD,M,N,95000,5,0,24500,0,8589989913
25502,304,VW,Yvette,Hasenauer,M,969-4630,APPLE GROVE,S,Y,20000,3.7,2000,0,2000,25769826008
28480,910,C,Benedita,Lebrave,F,740-4034,WRIGHTSVILLE BEACH,M,N,30000,6.361888,0,6600,0,17495
46710,812,N,Manjote,Pfahler,M,373-7922,AVILLA,M,N,20000,3.4,0,2000,0,8589982318
53156,608,WI,Shirla,Karsai,F,136-6899,PALMYRA,S,N,60000,5.488912,700,0,0,17179908554
53156,608,WI,Pragnesh,Shiple,F,422-3463,PALMYRA,S,N,55000,5.4020367,7u00,0,0,17179887052
59103,406,MqT,Huapeng,Boulier,M,811-2436,BILLINGS,M,N,40000,6.9,0,3800,0,8589944563
67450,316,KS,Chiranjit,Bergeron,M,310-7322,HOLYROOD,S,Y,55000,6.45,2250,0,2250,27912
84739,801,UdT,Sichen,Machiraju,M,550-6498,JOSEPH,S,Y,75000,7,2475,0,2475,17179910607
88353,505,NM,Mas,Griwodz,F,769-1110,VAUGHN,S,Y,30000,5.3,3300,0,3300,8589985592
88353,505,NM,Mitsuhide,Bruchert,F,101-2894,VAUGHN,S,Y,95000,5.3,3300,0,3300,8589992319
98507,360,WA,Viktoria,Felcyn,M,527-2646,OLYMPIA,S,Y,55000,0,b0,0,0,25769809069
98507,360,WA,Gudrun,Cui,M,736-2279,OLYMPIA,M,Y,95000,0,0,0,0,57206
99107,253,WA,Jitender,Naumovich,F,912-3134,BOYDS,S,Y,10000,0,0,0,0,8589956225
99107,253,WA,Eivor,Bleichenbacher,F,263-3149,BOYDS,S,N,35000,0,0,0,0,40948
99633,907,AK,Srikant,Geffroy,F,817-5342,NAKNEK,M,N,25000,0,0,0,0,17179914221
99633,907,AK,Godmar,Stockmeyer,F,502-7469,NAKNEK,M,Y,35000,0,0,0,0,55261
3779,603,NH,Attahiru,Clack,M,356-9240,PIERMONT,S,Y,30000,0,0,0,0,13654
3779,603,NH,Gulrukh,Boynton,M,266-1406,PIERMONT,M,N,5000,0,0,0,0,57656
5158,802,VT,Mayumi,Chikalov,M,585-7444,WESTMINSTER,M,Y,20000,3.6,0,6600,3300,8589987618
5158,802,VT,Ozalp,Kang,F,967-4901,WESTMINSTER,M,N,25000,3.6,0,6600,0,17179881580
38565,931,TN,Jaedong,Nicaud,F,231-3393,GRIMSLEY,M,Y,80000,0,0,0,0,8589950145
59330,406,T,Candace,Ballou,F,692-8986,GLENDIVE,S,Y,20000,6.9,1900,0,1900,23274
68825,308,NE,Dagobert,Halgason,F,800-8810,CALLAWAY,M,Y,50000,6.84,0,206,103,31977
68825,308,NE,Minesh,Siodu,F,864-8938,CALLAWAY,M,Y,30000,6.84,0,206,103,8589991028
74869,918,K,Christhard,Rohall,F,698-3660,SPARKS,M,N,90000,6.25,0,2000,0,28496
82227,307,YW,Leendert,Deak,F,105-1518,MANVILLE,M,Y,90000,0,0,0,0,8589973896
82922,307,WY,Gro,Yaku,F,250-1739,BONDURANT,S,N,25000,0,0,0,0,56839
82922,307,WY,Mitesh,Noga,M,997-9440,BONDURANT,S,Y,80000,0,0,0,0,8589992260
82922,307,WY,Zvezdan,Lecce,M,882-8432,BONDURANT,M,N,35000,0,0,0,0,25769829369
83128,307,Y,Serdar,Arafa,F,387-5027,ALPINE,M,N,5000,0,0,0,0,17179904393
89030,702,NV,Darin,Groz,F,782-6153,NORTH LAS VEGAS,S,N,15000,0,0,0,0,33112
89030,702,NV,Haiming,Giorcelli,F,259-8396,NORTH LAS VEGAS,M,Y,60000,0,0,0,0,8589936222
4939,207,ME,Johnnie,Bodlaender,M,209-2831,GARLAND,S,Y,50000,8.5,2850,0,2850,8589957433
4939,207,ME,Bogdan,Nakatani,F,326-1841,GARLAND,M,Y,35000,8.5,0,5700,2850,20411
5141,802,TV,Arno,Ehrhard,F,165-7296,CAMBRIDGEPORT,M,Y,20000,3.6,0,l6600,3300,11589
41862,502,KY,Shivraj,Piela,F,891-5806,TOPMOST,S,N,15000,2.6666667,20,0,0,17179908790
63011,314,O,Kiyoto,Bux,M,408-9904,BALLWIN,S,N,80000,6,2100,0,0,8589968492
73121,405,OK,Linda,Pajarola,F,346-1351,OKLAHOMA CITY,S,N,100000,6.25,1000,0,0,8589976109
82310,307,Y,Chitoor,Antonakopoulos,M,382-9789,JEFFREY CITY,M,Y,15000,0,0,0,0,27995
5742,802,VT,Alison,Sommen,M,760-9326,EAST WALLINGFORD,M,Y,85000,4.69624,0,6600,3300,5558
5742,802,VT,Huzefa,Scedorov,F,148-1218,EAST WALLINGFORD,M,N,50000,3.9998987,0,6600,0,8589945450
19887,302,DE,Shinsaku,Corsini,F,281-3999,WILMINGTON,M,N,95000,5.95,0,220,0,17179908283
19887,302,DE,Johnny,Dulay,M,904-8127,WILMINGTON,S,N,35000,4.245455,110,0,0,8589957449
31326,912,GA,Raimond,Keum,F,759-7870,RINCON,S,Y,45000,6,2700,0,3000,17179890316
43101,440,HO,Surendranath,Susmaga,F,733-7756,ADELPHI,M,N,70000,2.8696666,0,2600,0,17179917750
45387,614,OH,Lefteris,Schwetman,M,891-4035,YELLOW SPRINGS,M,Y,15000,1.0439488,0,2600,1300,8589973931
2876,401,RI,Wop,Terkki,F,730-7226,SLATERSVILLE,S,Y,40000,0,0,0,0,25769815032
2876,401,RI,Jinghong,Iyengar,F,768-2157,SLATERSVILLE,M,N,55000,0,0,0,0,8589955458
2876,401,RI,Qinglan,Perna,M,324-1430,SLATERSVILLE,M,Y,50000,0,0,0,0,17179888382
5485,802,T,Ronda,Gadbois,M,297-1389,SHELDON SPRINGS,M,Y,15000,3.6,0,6600,3300,17179896590
5660,802,fVT,Wendy,Nedjah,M,709-3092,MORETOWN,M,Y,20000,3.6,0,6600,3300,25769812646
6140,203,CT,Bret,Dunfee,F,888-3323,HARTFORD,S,Y,65000,5,12750,0,0,22128
6140,203,CT,Dagmar,Edman,F,481-3076,HARTFORD,M,N,15000,5,0,24500,0,31967
6474,860,T,Hsiangchu,Bonifati,M,407-5028,NORTH WESTCHESTER,M,N,40000,5,0,24500,0,8589944386
19725,302,DE,Arco,Vierke,F,893-7388,NEWARK,M,N,55000,0.609091,0,220,0,10608
19725,302,DE,Javier,Bruns,F,669-3575,NEWARK,M,Y,75000,5.95,0,220,110,8589952234
20790,240,DM,Gerald,Baldoni,F,755-1959,CAPITOL HEIGHTS,S,Y,5000,4.75,2400,0,2400,52526
29356,803,SC,Eben,Cin,F,845-4852,LANDRUM,M,N,30000,7,0,6600,0,39292
29356,803,SC,Randeep,Fierens,M,958-9834,LANDRUM,M,Y,5000,3.563716,0,6600,3300,17179891930
50854,319,IA,Sherry,Carla,M,226-4181,MOUNT AYR,S,Y,35000,5.567322,40,0,40,17179907156
57005,605,SD,Gwenael,Ventsov,F,846-4094,BRANDON,M,Y,5000,0,0,0,0,8589935368
57005,605,SD,Sitt,Minas,M,705-4994,BRANDON,S,N,35000,0,0,0,0,17179911799
57473,605,SD,Yuehong,Weinert,***,622-7759,SENECA,S,Y,85000,0,0,0,0,25769824123
57473,605,SD,Zhongwei,Karlsson,M,699-6802,SENECA,S,Y,35000,0,0,0,0,25769828212
59873,406,pMT,Frantz,Nordemann,M,270-742,THOMPSON FALLS,S,Y,35000,6.9,1900,0,1900,49063
70803,318,gLA,Britton,Okumoto,M,653-3937,BATON ROUGE,M,Y,30000,6,0,9000,1000,22414
89162,775,NV,Isidor,Prodiner,F,784-6893,LAS VEGAS,S,N,20000,0,0,0,0,8589948648
89162,775,NV,Christa,Postmus,M,711-4422,LAS VEGAS,M,Y,40000,0,0,0,0,28429
98198,360,A,Tarmo,Bettayeb,M,202-9227,SEATTLE,M,Y,25000,0,0,0,0,17179921321
3226,603,NH,Tanel,Pargas,M,230-2950,CENTER HARBOR,M,N,30000,0,0,0,0,17179920786
3226,603,NH,Zbigniew,Klugerman,M,996-7689,CENTER HARBOR,M,Y,50000,0,0,0,0,25769826478
3860,603,wNH,Jingsen,Futatsugi,M,364-4369,NORTH CONWAY,M,N,30000,0,0,0,0,8589955536
5748,802,rVT,Subhasish,Scheepers,M,588-3516,HANCOCK,S,Y,65000,4.298331,3300,0,3300,17179915775
38863,662,SM,Gerti,Covan,F,616-1663,PONTOTOC,M,N,25000,5,0,12000,0,53122
41729,502,KY,Hitohisa,Hohberg,F,231-6313,COMBS,S,N,40000,4.0555553,20,0,0,8589942635
41729,502,KY,Shigenori,McDermid,F,929-2786,COMBS,S,Y,65000,5.4444447,20,0,20,17179907623
46106,219,IN,Agostino,Fimbel,M,910-7337,BARGERSVILLE,S,N,65000,3.4,1000,0,0,2394
46106,219,IN,Tarang,Harbusch,F,345-2331,BARGERSVILLE,M,N,35000,3.4,0,2000,0,17179921176
47227,317,IN,Kendra,Begg,F,747-4924,COMMISKEY,S,Y,45000,3.4,1000,0,1000,8589965660
57052,605,SD,Moheb,Kampfer,M,989-8418,OLIVET,S,Y,30000,0,0,0,0,17179869367
57052,605,SD,Karama,Norigoe,M,141-3891,OLIVET,S,Y,65000,0,0,0,0,8589962420
68882,402,NE,Evelyn,Ghattas,F,474-2783,WOLBACH,S,N,45000,6.84,103,0,0,44944
80732,719,pCO,Swaminathan,Yijun,M,146-3745,HEREFORD,M,N,55000,4.63,0,0,0,17179918561
98201,360,AW,Sture,Carrera,M,960-6446,EVERETT,M,Y,35000,0,0,0,0,17179915513
98235,360,A,Jianli,Rackoff,M,708-9290,CLEARLAKE,M,N,25000,0,0,0,0,8589954451
98828,360,WA,Jiyun,Junker,M,290-6478,MALAGA,M,N,45000,0,0,0,0,8589956458
98828,360,WA,Mehmet,Krisper,F,151-3160,MALAGA,M,N,55000,0,0,0,0,8589987963
98837,206,AW,Subhash,Elsanadidi,F,126-4521,MOSES LAKE,M,N,60000,0,0,0,0,17179915717
4970,207,EM,Nevana,Tatsuta,M,677-5265,RANGELEY,M,N,65000,8.5,0,5700,0,17179876171
5479,802,VT,Keizo,Otillio,M,189-8251,SAINT ALBANS,M,Y,35000,3.7014668,0,6600,3300,8589965280
5479,802,VT,Cristopher,McAdam,M,742-2122,SAINT ALBANS,M,N,60000,4.1988535,0,6600,0,31434
5830,802,TV,Carolyn,Gronowski,M,438-1232,DERBY LINE,M,Y,25000,3.6,0,6600,3300,24035
19730,302,DE,Kaoru,Kaka,M,506-2810,ODESSA,S,N,15000,2.8818183,110,0,0,8589962263
19730,302,DE,Katharine,Soloway,F,859-5460,ODESSA,M,N,100000,5.95,0,220,0,8589963225
19939,302,DE,Alen,Moshell,F,740-2575,DAGSBORO,M,Y,90000,5.95,0,220,110,4804
19939,302,DE,Yuemin,Elihai,F,702-1601,DAGSBORO,M,N,25000,3.5636363,0,220,0,25769824238
29647,864,SC,Kien,Losch,F,737-9359,GREENWOOD,M,Y,40000,7,0,6600,3300,8589967236
29647,864,SC,Katsuhiro,Puzin,M,403-7219,GREENWOOD,M,N,70000,7,0,6600,0,8589963367
57050,605,SpD,Johanna,Poon,M,730-4263,NUNDA,S,N,10000,0,0,0,0,8589957270
66209,785,KS,Birger,Kartik,M,884-5656,LEAWOOD,M,N,90000,6.45,0,4500,0,19768
66209,785,KS,Mousheng,Stefano,M,182-3178,LEAWOOD,M,N,30000,6.45,0,4500,0,17179871173
67667,913,SK,Kyonghee,Kinariwala,M,704-3062,SCHOENCHEN,S,Y,95000,6.45,2250,0,2250,8589971955
72522,870,eAR,Sadali,McMains,M,321-5661,CHARLOTTE,S,Y,45000,7,20,0,20,17179899217
86031,623,AZ,Toby,Bratsberg,F,337-7903,INDIAN WELLS,M,N,5000,2.87,0,4200,0,17179925241
96785,808,HI,Bhuwan,Bleumer,***,436-6206,VOLCANO,S,Y,5000,1.9407895,1040,0,1040,19054
96785,808,HI,Zary,Skuppin,M,188-4894,VOLCANO,M,Y,75000,8.25,0,2080,1040,25769826424
25706,304,VW,Claudi,Schall,F,521-7505,HUNTINGTON,M,***,30000,4.4,0,4000,2000,29703
29641,864,C,Dianxiang,Seneviratne,F,974-6668,EASLEY,M,N,60000,7,0,6600,0,35787
37243,865,TN,Janathan,Fraysseix,M,775-4124,NASHVILLE,S,N,70000,0,0,0,0,8589951237
37243,865,TN,Jeong,Chinin,M,209-8727,NASHVILLE,S,Y,95000,0,0,0,0,8589953382
38359,901,TN,Rrob,Wetherbe,M,270-1226,MILLEDGEVILLE,S,Y,85000,0,0,0,0,17179897739
38359,901,TN,Marek,Haberman,F,191-7799,MILLEDGEVILLE,S,Y,15000,0,0,0,0,8589983185
52168,641,AI,Whay,Paries,F,844-3884,SPILLVILLE,M,Y,50000,7.8829904,0,80,40,25769813296
58552,701,NiD,Dahlia,Bidulock,F,113-3518,LINTON,M,N,100000,2.914935,0,6600,0,31999
59828,406,MT,Rosario,Braunmuhl,M,326-7280,CORVALLIS,S,N,40000,6.9,1900,0,0,17179897106
59828,406,MT,Dikran,Inamori,F,579-6000,CORVALLIS,S,Y,80000,6.9,1900,0,1900,36104
91941,818,CA,Vaduvur,Hooper,M,979-1940,LA MESA,S,Y,60000,9.3,87,0,272,25769806587
96707,808,HI,Manindra,Tambouris,M,727-2924,KAPtOLEI,M,N,45000,8.25,0,2080,0,8589982194
96707,808,HI,Juan,Bacher,M,728-1710,KAPOLEI,S,Y,65000,8.25,1040,0,1040,8589959113
96740,808,IH,Vijnan,Wickramasinghe,F,665-2435,KAILUA KONA,M,N,100000,8.25,0,2080,0,25769808955
96830,808,I,Eleftherios,Regli,M,997-6399,HONOLULU,M,N,75000,8.25,0,2080,0,41352
5062,802,VT,Jianzhong,Higashino,M,291-6195,READING,S,Y,100000,4.994672,3300,0,3300,8589954771
5062,802,VT,Luddy,Colignon,M,233-8013,READING,M,N,55000,4.099376,0,6600,0,8589978690
6726,203,T,Giampiero,Trammell,F,749-7000,WATERBURY,S,N,55000,5,12750,0,0,53621
19721,302,DE,Andy,Erman,F,411-3534,NEW CASTLE,M,Y,60000,5.95,0,220,110,8299
19721,302,DE,Heimo,Validov,M,191-9137,NEW CASTLE,M,Y,35000,4.245455,0,220,110,8589939381
20076,202,DC,Markian,Matzen,M,496-9319,WASHINGTON,M,N,85000,9,0,2740,0,8589984472
20076,202,DC,Liam,Kruck,M,379-4894,WASHINGTON,M,Y,60000,9,0,2740,1370,8589975024
31320,770,GA,Tarun,Saward,M,191-1541,MIDWAY,S,N,90000,6,2700,0,0,17179921326
32765,407,LF,ICT,Kroenke,M,156-6573,OVIEDO,S,Y,35000,0,0,0,0,8589946248
43123,216,OnH,Serhan,Portinale,M,653-4034,GROVE CITY,M,N,65000,2.7036924,0,2600,0,17179904609
52403,563,IA,Ferdinando,Salice,M,986-5233,CEDAR RAPIDS,M,Y,75000,8.98,0,80,40,47167
68825,308,EN,Berthe,Dechter,M,665-9249,CALLAWAY,M,Y,35000,6.84,0,206,103,18321
68846,402,NE,Masakage,Belkhatir,F,617-5702,HORDVILLE,S,Y,35000,6.84,103,0,103,8589985814
68846,402,NE,Mercedes,Allison,F,662-5887,HORDVILLE,S,N,45000,6.84,103,0,0,8589988857
71827,479,R,Matthai,Romoli,M,646-6843,BUCKNER,S,N,45000,7,20,0,0,8589986855
80151,720,OC,Zhijian,Merabti,M,689-4182,ENGLEWOOD,S,Y,85000,4.63,0,0,0,25769827692
82331,307,WY,Shreesh,Nuth,M,619-3025,SARATOGA,M,N,10000,0,0,0,0,17179909539
82331,307,WY,GuoDong,Zellmann,M,900-1909,SARATOGA,M,Y,15000,0,0,0,0,57999
84711,801,TU,Danijela,Rosenkrantz,M,224-4603,ANNABELLA,M,Y,55000,7,0,4950,2475,32717
85203,623,AZ,Ricki,Lapez,M,551-7071,MESA,S,N,5000,2.87,2100,0,0,17179894997
85203,623,AZ,Milos,Heinze,M,939-8089,MESA,S,Y,45000,3.4125,2100,0,2300,8589990777
86323,480,AZ,Yingjia,Bellairs,F,823-4290,CHINO VALLEY,S,N,20000,3.0249999,2100,0,0,25769820869
86323,480,AZ,Guozhong,Plotkin,F,879-2714,CHINO VALLEY,M,N,85000,4.0325,0,4200,0,8589934829
1517,978,MA,Harvinder,Kamkar,M,794-2500,EAST PRINCETON,S,Y,80000,5.3,3575,0,1000,8589938527
1517,978,MA,Miheko,Mendonca,M,794-2680,EAST PRINCETON,S,Y,100000,5.3,3575,0,1000,8589990237
6438,860,T,Bostjan,Bruns,F,662-5678,HADDAM,M,Y,60000,5,0,24500,0,21159
8205,551,JN,Ioanna,Beyers,M,946-9127,ABSECON,S,Y,30000,1.5577083,1000,0,1500,8589947917
23173,540,VA,Anne,Sarocky,F,757-1544,UNIVERSITY OF RICHMOND,M,"",100000,5.75,0,1800,900,9039
23173,540,VA,Shoham,Battaiola,M,257-2826,UNIVERSITY OF RICHMOND,S,N,55000,5.75,900,0,0,17179909072
31326,912,AG,Wojceich,Nagasaki,F,454-7473,RINCON,S,N,45000,6,2700,0,0,25769814599
36028,334,LA,Theirry,Heijenga,F,189-1528,DOZIER,S,Y,70000,5,1500,0,300,17179923254
39202,601,MS,Sreerama,Enselme,F,840-1312,JACKSON,M,Y,10000,5,0,12000,1500,17179914122
46980,765,N,Siddharth,Asmuth,F,169-3148,SERVIA,M,Y,50000,3.4,0,2000,1000,17179910647
59344,406,MT,Kunsoo,Charoenkitkarn,F,546-2074,PLEVNA,M,N,70000,6.9,0,3800,0,8589971357
59344,406,MT,Mihhail,Tsunoo,M,144-9077,PLEVNA,S,N,80000,6.9,1900,0,0,8589990258
59465,406,MT,Maogang,Gaudioso,F,864-4571,NEIHART,S,N,20000,6.9,1900,0,0,8589982958
59465,406,MT,Abdul,Brophy,F,780-9449,NEIHART,S,Y,25000,6.9,1900,0,1900,740
59465,406,MT,Ole,Lavoie,M,874-6178,NEIHART,M,N,50000,6.9,0,3800,0,17179879812
83814,208,ID,Zoubida,Nalumasu,F,542-4821,COEsUR D ALENE,S,N,70000,7.8,3300,0,0,25769829093
83814,208,ID,Keebom,Moustafa,F,831-7210,COEUR D ALENE,S,N,95000,7.8,3300,0,0,8589964877
87121,505,MN,Gjalt,Harnpanichpun,F,777-2045,ALBUQUERQUE,M,Y,100000,5.3,0,6600,3300,54905
87750,505,NM,Bashir,Quatran,F,826-7819,VALMORA,M,Y,60000,5.3,0,6600,3300,16518
87750,505,NM,Zhilian,Creusere,M,714-8893,VALMORA,M,Y,70000,5.3,0,6600,3300,25769827765
97459,503,R,Gerth,Gloger,M,158-3072,NORTH BEND,S,Y,75000,9,159,0,159,53095
786,787,PsR,Irit,Cochrane,F,202-1260,LA PLATA,M,Y,90000,0,0,0,0,8589948261
26136,304,WV,Djoerd,Heindl,F,378-2541,BIG BEND,S,N,40000,5.1000j004,2000,0,0,36954
26136,304,WV,Lorrin,Sullins,F,468-8265,BIG BEND,M,Y,10000,3,0,4000,2000,8589977941
28379,910,NC,Yunfa,Cochrane,M,326-2315,ROCKINGHAM,M,N,90000,7.6206293,0,6600,0,25769825222
29470,803,SC,Carmelo,Strooper,F,923-2525,RAVENEL,M,Y,30000,7,0,6600,3300,23874
29470,803,SC,Jerrell,Dou,M,601-9225,RAVENEL,M,N,55000,7,0,6600,0,8589953742
36558,205,LA,Shushma,Debackere,F,408-4274,MILLRY,M,Y,85000,5,0,300,300,17179910283
72150,501,AR,Sejin,Faletti,F,501-4931,SHERIDAN,S,Y,65000,7,20,0,20,17179903739
80130,970,jCO,Akila,Dass,M,178-2948,LITTLETON,S,N,15000,4.63,0,0,0,3797
85043,480,ZA,Cohavit,Trucco,F,318-9115,PHOENIX,S,Y,70000,3.8,2100,0,2300,30174
96849,808,IH,Inhye,Golm,F,740-7235,HONOLULU,M,Y,35000,7.3486843,0,2080,1040,8589947753
97488,503,OR,Rosangela,Molyneaux,M,810-1786,VIDA,M,N,15000,9,0,318,0,17179897060
97488,503,OR,Brenan,Bougaut,F,997-8157,VIDA,S,N,35000,9,159,0,0,21999
909,787,PR,Jerold,Blackall,F,547-1081,SAN JUAN,M,Y,80000,0,0,0,0,8589953669
909,787,PR,Pattie,Daescu,M,759-3356,SAN JUAN,M,N,65000,0,0,0,0,17179883261
953,787,PR,Aleta,Rauh,M,442-1170,TOA ALTA,M,N,65000,0,0,t0,0,4925
953,787,PR,Lawrence,Kornacker,F,395-1746,TOA ALTA,S,N,25000,0,0,0,0,8589973599
4573,207,ME,Lorien,Cridlig,M,988-3092,WALPOLE,S,N,35000,8.5,2850,0,0,8589977766
4573,207,ME,Shailesh,Gladman,M,393-3260,WALPOLE,M,Y,90000,8.5,0,5700,2850,17179905420
5750,802,TV,Claudio,Gabalda,F,419-9255,HYDEVILLE,M,Y,95000,4.8951945,0,6600,3300,29755
7732,609,J,Tomohito,Givens,M,401-8816,HIGHLANDS,S,N,50000,1.873125,1000,0,0,17179925681
20003,202,DC,Srikanth,Pirogowa,F,361-3839,WASHINGTON,S,N,60000,9,1370,0,0,17179914246
20003,202,DC,Nich,Homeier,M,142-9008,WASHINGTON,S,Y,20000,6.75,1370,0,1370,17179876616
20062,202,DC,Jochem,Bandoh,F,852-9931,WASHINGaTON,S,N,100000,9,1370,0,0,8589956879
20062,202,DC,Aarron,Devitt,M,953-7752,WASHINGTON,M,Y,95000,9,0,2740,1370,193
25833,304,WV,Kalev,Bickmore,F,387-7877,DOTHAN,S,N,35000,4.75,2000,0,0,8589961387
25833,304,WV,Lilin,Forchert,M,270-6334,DOTHAN,M,N,70000,6.5,0,4000,0,8589975835
36849,334,jAL,Henny,Zlatev,F,942-3185,AUBURN UNIVERSITY,S,Y,30000,5,1500,0,300,8589940074
41093,859,Y,Yash,Nagafuji,***,387-6561,WALLINGFORD,M,Y,15000,2.6666667,0,40,20,25769819106
44460,937,qOH,Shaye,Verspoor,F,936-1393,SALEM,S,Y,30000,1.5418718,1300,0,1300,17179906506
57075,605,D,Marius,Kalloufi,M,637-1025,WENTWORTH,M,N,90000,0,0,0,0,8589984326
58763,701,NbD,Cis,Aschim,M,291-5084,NEW TOWN,S,Y,100000,2.914935,3300,0,3300,29454
63466,816,MO,Joey,Riddall,M,412-2012,SAINT PATRICK,M,Y,45000,6,0,4200,1200,8589957107
63466,816,MO,Khoa,Surko,M,457-4614,SAINT PATRICK,S,N,40000,6,2100,0,0,8589967018
69170,308,NE,Tomoyoshi,Schler,M,848-6499,WELLFLEET,M,N,85000,6.84,0,206,0,17179925907
69170,308,NE,Nhora,Jockley,F,533-7486,WELLFLEET,M,N,45000,6.84,0,206,0,17179876474
72429,501,AR,Silvano,Brasileiro,F,844-1009,FISHER,S,Y,80000,7,20,0,20,17179911133
72429,501,AR,Isak,Zumaque,"",448-2663,FISHER,S,Y,60000,7,20,0,20,8589948469
72936,479,AR,Vir,Sluizer,F,994-5442,GREENWOOD,S,N,65000,7,20,0,0,25769809681
72936,479,AR,Shigehito,Sabadini,M,419-4310,GREENWOOD,S,Y,20000,4.9682083,20,0,20,17179907498
73051,405,OK,Soumya,Kinnaert,F,695-6313,LEXINGTON,S,Y,80000,6.25,1000,0,1000,17179913642
73051,405,OK,Cho,Welcome,M,680-9900,LEXINGTON,S,Y,15000,6.25,1000,0,1000,28137
82423,307,WY,Anastasia,Miake,M,583-1916,FRANNIE,S,Y,50000,0,0,0,0,7631
82423,307,WY,Teruji,Ulfberg,F,237-2922,FRANNIE,S,N,5000,0,0,0,0,17179922663
87732,505,MN,Insup,Dutta,F,187-4749,MORA,S,Y,70000,5.3,3300,0,3300,8589947847
89137,702,NV,Xuguang,Deacon,M,174-1168,LAS VEGAS,S,Y,35000,0,***,0,0,25769817651
89137,702,NV,Roxana,Langford,F,666-4995,LAS VEGAS,S,N,100000,0,0,0,0,17179897604
97639,971,OR,Gaetan,Smetana,M,936-3338,SPRAGUE RIVRE,M,Y,50000,9,0,318,159,50578
2822,401,I,Vittoria,Rademakers,F,986-4032,EXETER,M,Y,60000,0,0,0,0,25769810133
4739,207,E,Mohd,Lavie,M,720-6245,EAGLE LAKE,S,Y,85000,8.5,2850,0,2850,17179869340
6438,860,CT,Barb,Rokusawa,M,889-8501,HADDAM,M,N,60000,5,0,24500,0,15985
6438,860,CT,Saad,Balard,F,485-2183,HADDAM,M,Y,15000,5,0,24500,0,17179898942
39426,769,MS,Adrianos,Kechadi,M,932-1499,CARRIERE,M,N,65000,5,0,12000,0,1819
49639,231,IM,Cristina,Hatcliff,M,273-2952,HERSEY,S,N,35000,y3.9,3100,0,0,31345
56381,612,NM,Pao,Halker,F,852-1520,STARBUCK,M,N,35000,6.1232123,0,6600,0,17179882431
59642,406,iMT,Mar,Castellanos,M,360-6516,RINGLING,S,Y,35000,6.9,1900,0,1900,8589982988
68846,402,E,Eleanor,Waterhouse,M,863-9842,HORDVILLE,S,N,80000,6.84,103,0,0,41296
82001,307,WY,Shai,Grundmann,F,586-4517,CHEYENNE,S,lN,45000,0,0,0,0,17179905334
82001,307,WY,Ghassan,Kogure,F,695-7657,CHEYENNE,M,Y,10000,0,0,0,0,53391
84701,435,yUT,Yogen,Winkler,M,481-3976,RICHFIELD,S,Y,70000,7,2475,0,2475,25769821549
87044,505,NoM,Florian,Unalyr,M,980-9833,PONDEROSA,M,Y,25000,5.3,0,6600,3300,48035
87124,505,MN,Shore,Heljanko,M,885-9680,RIO RANCHO,S,Y,95000,5.3,3300,0,3300,17179909243
5340,802,gVT,Ingolf,Roeseler,M,954-6158,BONDVILLE,S,N,60000,4.1988535,3300,0,0,8589947652
6073,860,CT,Tsukasa,Hiroike,F,842-1526,SOUTH GLASTONBURY,S,Y,50000,5,12750,0,0,25769804236
6073,860,CT,Sarita,Steenstrup,F,228-6067,SOUTH GLASTONBURY,M,Y,35000,5,0,24500,0,17179902314
6518,860,CuT,Yannick,Gillo,M,765-7339,HAMDEN,S,Y,40000,5,12750,0,0,25769818735
7970,551,JN,Murthy,Hanata,M,970-9647,MOUNT FREEDOM,S,Y,20000,1.4,1000,0,1500,17179872000
27847,252,NC,Shashidhar,Kruys,M,932-9896,KELFORD,M,Y,70000,7.201049,0,6600,3300,17179906305
27847,252,NC,Fen,Gauyacq,F,402-4831,KELFORD,M,Y,50000,6.7814684,0,6600,3300,47007
55396,507,MN,Kou,Bandat,M,369-3330,WINTHROP,M,N,25000,5.5895944,0,6600,0,8589969620
56031,218,MN,Keiko,Braham,F,494-8893,FAIRMONT,S,Y,65000,7.724066,3300,0,3300,8589965197
57658,605,SD,Mohsen,Specker,M,615-8334,WAKPALA,S,Y,5000,0,0,0,0,17179869419
57658,605,SD,Suman,Ghandeharizadeh,M,252-8812,rWAKPALA,S,N,30000,0,0,0,0,17179916843
59313,406,McT,Achille,Wahls,F,292-2799,BAKER,M,Y,35000,6.9,0,3800,1900,1029
63001,636,O,Mina,Boege,F,119-9813,ALLENTON,M,Y,15000,6,0,4200,1200,8589990950
65591,660,O,Sherry,Gracia,M,981-9581,MONTREAL,S,Y,30000,6,2100,0,1200,17179907169
69147,402,EN,Baldomir,Strandh,F,812-9024,LEWELLEN,M,Y,95000,6.84,0,206,103,15639
70471,504,LuA,Yingsha,Takanami,F,916-3050,MANDEVILLE,M,N,95000,6,0,9000,0,25769820952
82242,307,WY,Amotz,Bier,M,819-5332,VAN TASSELL,M,Y,35000,0,0,0,0,7258
82242,307,WY,Yoshitaka,O''Neill,M,727-6705,VAN TASSELL,S,Y,55000,0,***,0,0,25769823049
82327,307,YW,Apostolos,Kehl,M,601-7152,HANNA,S,N,20000,0,0,0,0,10351
83128,307,WY,Phuoc,Freundschuh,M,621-7315,ALPINE,M,Y,15000,0,0,0,0,17179885422
83128,307,WY,Jungho,Eyre,F,349-7305,ALPINE,M,Y,15000,0,0,0,0,8589959833
83757,208,ID,Somenath,Pashtan,M,471-7728,BOISE,M,N,30000,7.8,0,6600,0,17179912696
83757,208,ID,IlYoung,Pinchon,M,311-9149,BOISE,S,N,35000,7.8,3300,0,0,8589947149
88053,505,NM,Leone,Reedy,M,874-6495,PINOS ALTOS,M,N,50000,5.3,0,6600,0,8589974410
88053,505,NM,Yukiyasu,Calvin,M,646-6917,PINOS ALTOS,S,Y,65000,5.3,3300,0,3300,25769824893
97293,541,OR,Finn,Falin,F,564-6294,PORTLAND,S,Y,80000,9,159,0,159,47708
97293,541,OR,Ariel,Masini,F,559-8277,PORTLAND,M,N,55000,9,0,318,0,10894
660,939,PoR,Liguo,Khouja,M,101-1557,HORMIGUEROS,S,N,85000,0,0,0,0,8589975539
2905,401,IR,Heung,Meszyk,M,328-2427,PROVIDENCE,M,N,55000,0,0,0,0,8589940590
3849,603,HN,Niteen,Conheenney,M,680-5554,MADISON,M,Y,100000,0,0,0,0,17179877825
4005,207,E,Mick,Diefendorff,M,303-8571,BIDDEFORD,S,Y,75000,8.5,2850,0,2850,8589989908
5076,802,VT,Milt,Darroux,M,728-8809,TOPSHAM,S,Y,85000,4.69624,3300,0,3300,8589990817
5076,802,VT,Seokwon,Tomokiyo,M,967-7977,TOPSHAM,S,N,15000,3.6,3300,0,0,17179904012
29215,843,CS,Yah,Vaidyanathan,F,487-3053,COLUMBIA,M,Y,55000,7,0,6600,3300,25769817949
32615,813,L,ChingYen,Tillert,M,577-3268,ALACHUA,S,Y,95000,0,0,0,0,27755
36859,334,LA,Mirna,Leeuwen,M,468-5606,HOLY TRINITY,M,N,40000,5,0,3000,0,8589991961
40215,502,KY,Changgui,Khetawat,M,665-6750,LOUISVILLE,M,N,40000,4.0555553,0,40,0,25887
49078,586,oMI,Jozsef,Ebbinghaus,F,321-6536,OTSEGO,M,N,15000,3.9,0,6200,0,8589959094
54976,262,gWI,Veroniek,Honkela,fF,397-5829,SAXEVILLE,M,N,35000,5.0545335,0,1400,0,25769808369
59748,406,MT,Benard,DosSantos,F,405-5870,RAMSAY,S,N,10000,4.916379,1900,0,0,17415
59748,406,MT,Giovanni,Menyhert,F,520-4303,RAMSAY,M,Y,30000,6.9,0,3800,1900,54493
74187,918,K,Jitian,Kottmann,F,699-8192,TULSA,S,Y,85000,6.25,1000,0,1000,8589956266
3246,603,H,Nabiha,Aseltine,F,913-7907,LACONIA,S,N,30000,0,0,0,0,17179872534
4106,207,ME,Angkul,Dahl,M,438-7905,SOUTH PORTLAND,M,N,50000,8.5,0,5700,0,8533
4106,207,ME,Roas,Tuminaro,M,350-4718,SOUTH PORTLAND,M,N,50000,8.5,0,5700,0,17179895484
21902,240,MD,Arunachalam,Leutenegger,M,237-2411,PERRY POINT,S,Y,35000,4.75,2400,0,2400,11951
21902,240,MD,Nicol,Fargeaud,M,246-6356,PERRY POINT,S,N,40000,4.75,2400,0,0,17179876791
37118,731,oTN,Folke,Jesse,M,281-9790,MILTON,M,N,25000,0,0,0,0,48213
51440,563,AI,Suzanna,Mosdeale,M,464-1043,DEDHAM,S,Y,65000,8.98,40,0,40,17179918262
58068,701,ND,Cyndi,Dickey,M,479-6677,SHELDON,M,N,90000,2.7990127,0,6600,0,31671
58068,701,ND,Danijela,Hohberg,M,381-8830,SHELDON,S,Y,85000,2.7410512,3300,0,3300,32718
82084,307,WY,Nawaaz,Swartwout,M,112-3044,TIE SIDING,M,N,45000,0,0,0,0,17179875353
82084,307,WY,Tomaoo,Guerrieri,F,393-6987,TIE SIDING,M,N,5000,0,0,0,0,17179925447
83713,208,ID,Mihael,Dahn,M,214-3277,BOISE,M,N,80000,7.8,0,6600,0,8589990088
83713,208,ID,Fikret,Lanzarone,M,161-7892,BOISE,M,N,65000,7.8,0,6600,0,47464
87828,505,M,Sorana,Borzovs,M,476-5984,POLVADERA,M,N,15000,4.957143,0,6600,0,17179913276
89122,775,NV,Youcef,Sanabria,M,498-7031,LAS VEGAS,M,Y,75000,0,0,0,0,25769823286
89122,775,NV,KayLiang,Laxer,M,409-8035,LAS VEGAS,S,N,70000,0,0,0,0,8589963986
89122,775,NV,Wanlei,Baalbergen,F,172-8542,LAS VEGAS,M,Y,5000,0,0,0,0,25769811546
89122,775,tNV,Wenhui,Mittermeir,M,381-8212,LAS VEGAS,M,N,65000,0,0,0,0,25769812756
89319,775,NV,Eugeniusz,Lapis,M,895-1736,RUTH,M,Y,10000,0,0,0,0,44617
89319,775,NV,Holger,Schuchardt,M,801-1758,RUTH,S,N,35000,0,0,0,0,8589942969
97013,971,OR,Arlan,Milicia,F,393-4369,CANBY,S,N,90000,9,159,0,0,11266
98507,360,A,Terran,Liscouet,M,848-5203,OLYMPIA,M,N,45000,0,0,0,0,17179922416
99567,907,AK,Asanobu,Hubbner,M,315-2698,CHUGIAK,S,N,95000,0,0,0,0,12222
99567,907,AK,Jianxiu,Dabija,M,710-8975,CHUGIAK,S,N,45000,0,0,0,0,8589954695
99803,907,KA,Moreno,Dunbar,M,119-5861,JUNEAU,S,N,5000,0,0,0,0,17179870277
99840,907,KA,Gerardo,Slosberg,M,120-8348,SKAGWAY,S,N,25000,0,0,0,0,52613
613,939,RP,Mituhiro,Varman,F,213-5988,ARECIBO,M,N,30000,0,0,0,0,8589992544
716,939,PR,Adrain,Brynielsson,M,714-2370,PONCE,S,N,35000,0,0,0,0,1744
716,939,PR,Nikil,Froberg,F,801-5594,PONCE,M,Y,10000,0,0,0,0,17179877275
739,939,PR,Meiyappan,Maslen,M,414-7926,CIDRA,M,Y,75000,0,0,0,c0,8589988229
739,939,PR,Caroline,Ismaeil,M,547-8495,CIDRA,S,Y,30000,0,0,0,0,23994
3249,603,NH,Duminda,Spinney,M,758-4653,GILFORD,M,N,10000,0,0,0,0,38762
3249,603,NH,Heejo,Uselton,M,674-7360,GILFORD,S,Y,35000,0,0,0,0,8589939052
4982,207,ME,Jem,Mamelak,M,985-5916,STRATTON,S,***,25000,8.5,2850,0,2850,8589953168
4982,207,ME,Aniruddha,Bage,M,451-4443,STRATTON,S,Y,90000,8.5,2850,0,2850,8706
8089,551,NJ,Arfst,Machlin,M,741-2550,WATERFORD WORKS,M,N,65000,2.1096876,0,2000,0,10811
19979,302,DE,Fano,Jeong,F,572-2766,VIOLA,M,Y,90000,5.95,0,220,110,45905
19979,302,DE,Shianyow,McReynolds,M,802-5612,VIOLA,S,N,85000,5.95,110,0,0,17179907277
29506,864,SmC,Kaye,Bracchi,M,177-2475,FLORENCE,S,Y,85000,7,3300,0,3300,8589963938
36558,205,AL,Ilsoo,Bustard,M,592-8388,MILLRY,S,Y,80000,5,1500,0,300,8589947078
58321,701,eND,Colm,Loyola,M,721-9676,BROCKET,S,N,45000,2.2773614,3300,0,0,30335
70558,225,LA,Branimir,Stentiford,M,684-7930,MILTON,M,Y,10000,2,0,9000,1000,21825
82081,307,WY,Ilsoo,Homeier,M,156-7754,MERIDEN,M,lN,15000,0,0,0,0,8589947079
82081,307,WY,Barbara,Okazaki,F,887-1312,MERIDEN,S,Y,90000,0,0,0,0,16010
99359,253,A,Yaniv,Cockcroft,M,428-5628,STARBUCK,M,N,45000,0,0,0,0,25769818578
20033,202,cDC,Andry,Kreveld,F,344-9318,WASHINGTON,S,N,30000,9,1370,0,0,8274
20413,202,C,Cuie,Sandrasegaran,F,149-2528,WASHINGTON,M,N,60000,9,0,2740,0,31510
36859,334,AL,Jooseok,Smotrovs,F,950-7593,HOLY TRINITY,M,Y,100000,5,0,3000,300,8589958215
48738,947,MI,Keung,Scheen,F,978-4412,GREENBUSH,S,N,75000,3.9,3100,0,0,8589966707
50801,515,mIA,Boping,Rubia,F,718-3289,CRESTON,S,N,75000,8.98,40,0,0,20946
56680,612,N,Huizhu,Esteves,F,973-2483,SPRING LAKE,S,N,85000,7.85,3300,0,0,8589945047
59831,406,TM,Mohua,McNicholl,M,812-3828,DIXON,M,Y,75000,6.9,0,3800,1900,17179869456
69343,308,EN,Shari,Boguraev,M,264-2578,GORDON,S,Y,15000,4.7976766,103,0,103,17179906207
72004,501,AR,Kornel,Grit,F,643-6841,ALTHEIMER,S,Y,50000,7,20,0,20,8589969385
72004,501,AR,Dwifiandika,Vigna,F,986-5156,ALTHEIMER,M,Y,95000,7,0,40,20,39121
72064,479,fAR,Serafin,Kottmann,M,832-3920,HAZEN,M,N,70000,7,0,40,0,17179904281
99777,907,AhK,Haiko,Pinna,F,737-7814,TANANA,S,N,55000,0,0,0,0,8589936146
680,939,PR,Melanie,Hoest,F,920-9606,MAYAGUEZ,M,Y,60000,0,0,0,0,8589988301
680,939,PR,Becky,Streich,M,817-6193,MAYAGUEZ,S,N,90000,0,0,0,0,16898
19893,302,DE,Masashi,Matsuyama,F,846-4099,WILMINGTON,S,Y,50000,5.268182,110,0,110,8589986117
19893,302,DE,Hanqin,Rice,F,997-7929,WILMINGTON,M,Y,45000,4.927273,0,220,110,8589937470
20164,276,VA,Mohammed,Fermuller,M,342-7728,STERLING,S,N,20000,5.75,900,p0,0,17179869314
21264,240,DM,Norwood,Cristoforetti,M,674-2452,BALTIMORE,S,N,10000,0.475,2400,0,0,17179878988
25635,304,WV,Xiaolei,Dusink,F,939-7079,MAN,S,Y,95000,6.5,2000,0,2000,25769816160
25635,304,WV,Adel,Schnabel,F,691-9425,MAN,M,N,40000,5.1000004,0,4000,0,1292
26291,304,WpV,Mazen,Narahara,F,971-9759,SLATYFORK,S,N,65000,6.5,200w0,0,0,8589987683
26501,304,WV,Milvio,Goot,F,216-6721,MORGANTOWN,M,N,75000,6.5,0,4000,0,8589990876
26501,304,WV,Jianer,Cat,M,872-3499,MORGANTOWN,S,N,40000,5.1000004,2000,0,0,8589954209
33158,786,FL,Tatyana,Moshell,F,444-3263,MIAMI,M,Y,45000,0,0,0,0,17179921748
53210,920,I,Felicita,Ishizuka,M,225-7749,MILWAUKEE,M,Y,90000,6.010166,0,4100,400,46831
83672,208,DI,Rockford,Cho,F,853-4848,WEISER,S,N,80000,7.8,3300,0,0,17179895697
84011,801,UT,Changqing,Shekiat,F,353-7992,BOUNTIFUL,S,N,95000,7,2475,0,0,26084
84011,801,UT,Wenhong,Vieweg,M,114-5872,BOUNTIFUL,M,N,30000,7,0,4950,0,25769812716
87935,505,NM,Kanth,Krauter,F,774-7644,ELEPHANT BUTTE,M,N,50000,5.3,0,6600,0,8589962169
87935,505,NM,Hugues,Tapanainen,M,209-5916,ELEPHANT BUTTE,S,N,10000,3.2428572,3300,0,0,8589944842
89155,702,V,Giulia,Recce,M,552-3348,LAS VEGAS,M,N,35000,0,0,0,0,54770
97885,503,OR,Slobodan,Melvin,F,520-6661,WALLOWA,S,N,20000,9,159,0,0,17179912207
97885,503,OR,Suebskul,Kharatishvili,F,838-1925,WALLOWA,S,N,100000,9,159,0,0,17179916230
2836,401,RI,Karan,Chappelet,M,568-5218,KENYON,M,Y,60000,0,0,0,0,8589962426
2836,401,RI,Raquel,Amorim,F,584-2561,KENYON,M,Y,50000,0,0,f0,0,17179892332
4679,207,mME,Gardiner,Lepape,F,730-6454,SOUTHWEST HARBOR,S,N,95000,8.5,2850,0,0,51157
5843,802,VT,Norio,Trommer,F,664-2226,HARDWICK,M,Y,60000,4.1988535,0,6600,3300,17179878779
5843,802,VT,Yacoub,Zukowski,M,597-5536,HARDWICK,M,N,85000,4.69624,0,6600,0,25769817822
20076,202,CD,Hachidai,Ferhatosmanoglu,M,787-3737,WASHINGTON,M,Y,50000,9,0,2740,1370,8589935690
32559,786,FL,Malvin,oDai,M,759-9059,PENSACOLA,S,Y,10000,0,0,0,0,8589981564
32559,786,FL,Suman,Bau,M,374-5298,PENSACOLA,M,N,95000,0,0,0,0,17179916844
57050,605,SD,Youichi,Inada,M,740-2236,NUNDA,M,Y,25000,0,0,0,0,25769823355
57050,605,SD,Zdravko,Haralick,F,332-4526,NUNDA,M,Y,85000,0,0,0,0,25769826521
58254,701,DN,Evgenija,Schachter,F,850-1360,MCVILLE,M,N,35000,2.161439,0,6600,0,45062
65617,636,MO,Domenick,Handzel,M,119-6300,BRIGHTON,M,N,60000,6,"",4200,0,37215
73757,580,KO,Keishi,Azizoglu,F,278-3179,LUCIEN,M,Y,10000,6.25,0,2000,1000,8589965227
934,939,PR,Boudewijn,Arthur,F,243-4677,FORT BUCHANAN,S,N,55000,0,0,0,0,21325
934,939,PR,Sushant,Tautenhahn,F,659-3615,FORT BUCHANAN,S,Y,5000,0,0,0,0,17179918044
934,939,PR,Leighton,Schueller,M,250-9487,FORT BUCHANAN,S,Y,55000,0,0,0,"",8589973973
4564,207,ME,Luming,Galesi,M,467-6964,ROUND POND,S,Y,95000,8.5,2850,0,2850,8589979185
4564,207,ME,Shimeng,Bian,F,266-1680,ROUND POND,M,N,40000,8.5,0,5700,0,17179907982
29469,803,SC,Feiling,Chiprout,M,961-3742,PINOPOLIS,M,N,35000,7,0,6600,0,46674
29469,803,SC,Subhashish,Gurrie,M,195-2943,PINOPOLIS,S,N,30000,7,3300,0,0,17179915746
57381,605,dSD,Eiki,Cermak,M,955-7087,WESSINGTON,S,N,30000,0,0,0,0,40679
58768,701,D,Clarence,Krabbel,M,635-8240,NORWICH,S,N,20000,2.1,3300,0,0,29599
59231,406,MT,Arndt,Karlapalem,M,301-5816,SAINT MARIE,M,N,75000,6.9,0,3800,0,11498
59231,406,MT,ICT,Keil,M,234-4495,SAINT MARIE,S,Y,65000,6.9,1900,"",1900,8589946255
59645,406,MT,Atri,Pleser,F,562-5248,WHITE SULPHUR SPRINGS,M,Y,95000,6.9,0,3800,1900,13476
59645,406,MT,Holland,Flotzinger,M,504-6347,WHITE SULPHUR SPRINGS,M,Y,10000,4.916379,0,3800,1900,8589942990
63001,636,MO,Yoshinari,Stroustrup,M,862-6696,ALLENTON,S,Y,20000,6,2100,0,1200,25769822982
73539,405,OK,Graydon,Kerm,F,641-6265,ELMER,M,Y,30000,6.25,0,2000,1000,56314
73539,405,OK,Hellis,Gimarc,M,331-9483,ELMER,M,Y,45000,6.25,0,2000,1000,8589939691
88002,505,M,Mirka,Sureson,M,519-4333,WHITE SANDS MISSILE RANGE,S,Y,5000,1.7,3300,0,3300,8589991902
96854,808,HI,Michio,Reith,F,172-9207,WHEELER ARMY AIRFIELD,M,N,10000,2.8421054,0,2080,0,8589989789
96854,808,HI,Nedo,Psaltis,M,495-4530,WHEELER ARMY AIRFIELD,M,N,15000,3.7434a21,0,2080,0,17179875655
5079,802,VT,Alyn,Mezzalama,M,738-4417,VERSHIRE,S,N,10000,3.6,3300,0,0,6322
5079,802,VT,Meliu,Grit,M,968-7958,VERSHIRE,S,Y,70000,4.397808,3300,0,3300,8589988468
7184,908,NJ,Elise,Szemeredi,M,655-1391,NEWARK,S,N,5000,1.4,1000,0,0,41786
8512,732,J,Arden,Isenberg,M,875-3821,CRANBURY,S,N,5000,1.4,1000,0,0,10699
21648,301,D,Holm,Condamines,F,225-6254,MADISON,M,Y,90000,4.75,0,4800,2400,8589943074
27259,980,NC,Roseane,Corneil,M,576-9747,HIGHFALLS,S,N,75000,7.305944,3300,0,0,17179897178
29334,864,SoC,Yanis,Iwayama,F,640-2257,DUNCAN,M,Y,40000,7,0,6600,3300,25769818563
42276,502,YK,Mitsunori,Walczak,M,709-3570,RUSSELLVILLE,S,N,35000,3.7777777,20,0,0,8589992413
53783,920,I,Wilfred,Manhart,M,810-3922,MADISON,M,N,65000,5.575788,0,1400,0,25769813758
68316,402,EN,Laurie,Gruenwald,F,429-3037,BENEDICT,M,Y,100000,6.84,0,206,103,8589973520
68969,308,E,Bikram,Balcazar,M,556-8894,RAGAN,S,N,30000,6.84,103,0,0,19302
73554,918,OK,Muriel,Statz,F,886-3379,MANGUM,M,Y,60000,6.25,0,2000,1000,17179871931
83809,208,ItD,Youngdon,Naccarato,F,599-6230,CAREYWOOD,M,N,80000,7.8,0,6600,0,25769823503
84667,435,UT,Hanna,Xianchang,F,948-6460,WALES,S,N,40000,7,2475,0,0,8589937237
84667,435,UT,Hyunmin,Debregeas,M,864-5060,WALES,M,N,40000,7,0,4950,0,8589945949
87736,505,NM,Odysseas,Altis,M,840-4814,RAINSVILLE,M,N,10000,3.2428572,0,6600,0,17179879430
87736,505,NM,Hongguang,Yetim,M,173-8357,RAINSVILLE,M,Y,50000,5.3,0,6600,3300,8589943311
99776,907,KA,Doina,Nourine,F,836-5609,TANACROSS,S,N,80000,0,0,0,0,37110
2801,401,RI,Joe,Sgarro,M,559-4626,ADAMSVILLE,M,Y,80000,0,0,0,0,8589956996
2801,401,RI,Margita,Kharatishvili,F,414-1637,ADAMSVILLE,M,N,65000,0,0,0,0,8589983406
57034,605,SD,Kadaba,Suorsa,F,363-6050,HUDSON,M,N,45000,0,0,0,0,8589960913
57034,605,SD,Niklaus,Miyachi,M,883-1380,HUDSON,S,Y,100000,0,0,0,0,17179877325
96770,808,HI,Hatsukazu,Rapps,F,388-4885,MAUNALOA,S,Y,85000,8.25,1040,0,1040,8589938644
96770,808,HI,Roope,Nepomnjashchaja,M,167-9151,MAUNALOA,M,N,40000,8.25,0,2080,0,17179896906
937,787,RP,Sihem,Aitken,F,989-3268,SAN JUAN,S,Y,35000,0,0,0,0,17179911072
3285,603,jNH,Satyan,Vaitis,M,476-6028,THORNTON,S,N,100000,0,0,0,0,17179902836
6913,860,CT,Jereon,Plessier,F,976-8816,STAMFORD,M,Y,55000,5,***,24500,0,8589953539
6913,860,CT,Lubos,Sahidar,M,935-3832,STAMFORD,S,N,70000,5,12750,0,0,8589978457
20080,202,CD,Gady,Haberman,M,173-9039,WASHINGTON,S,Y,5000,4.5,1370,0,1370,50504
21835,301,MD,Alun,Rieh,F,210-7836,LINKWOOD,M,N,100000,4.75,0,4800,0,6190
21835,301,MD,Ran,Ciolek,F,336-1818,LINKWOOD,M,N,70000,4.75,0,4800,0,17179891766
27252,980,NC,Wilburt,Maamar,F,219-8746,GOLDSTON,M,Y,35000,6.466783,0,6600,3300,25769813688
28201,252,NC,Werther,Watanabe,M,808-5096,CHARLOTTE,S,N,55000,6.8863635,3300,0,0,25769813183
28201,252,NC,Yuejun,Guttag,F,501-3283,CHARLOTTE,M,Y,45000,6.6765733,0,6600,3300,25769824200
29905,843,SsC,Senol,Bernabeu,M,303-9725,BEAUFORT,S,N,35000,7,3300,0,0,17179903946
38346,615,TN,Tsuneyo,Ezeife,F,429-6127,IDLEWILD,S,N,20000,0,0,0,0,25769804397
38346,615,TN,Silviu,Holbrook,F,688-3100,IDLEWILD,S,N,30000,0,0,0,0,17179911237
54024,920,IW,Danel,Rajgopal,M,904-2184,SAINT CROIX FALLS,M,Y,90000,6.010166,0,1400,400,32527
57108,605,SD,Bishop,Seggelke,M,178-2809,SIOUX FALLS,M,Y,30000,0,0,0,0,19910
57108,605,SD,Fabiano,Ponomarenko,M,885-3365,SIOUX FALLS,S,Y,20000,0,0,0,0,45336
59535,406,T,Manhoi,Videira,M,833-8129,LLOYD,S,Y,25000,6.9,1900,0,1900,8589982040
71044,225,A,Aluzio,Leonidas,F,733-4536,IDA,M,Y,50000,6,0,9000,1000,6220
82081,307,WzY,Svetlana,Babayan,F,803-7946,MERIDEN,S,Y,95000,0,0,0,0,17179918467
89721,775,NV,Kestutis,Schnelling,F,302-5633,CARSON CITY,M,N,30000,0,0,0,0,8589966660
89721,775,NV,Jorn,Vasanthakumar,F,431-2862,CARSON CITY,S,N,65000,0,0,0,0,8589958472
96816,808,HI,Kyoo,Degimbe,F,598-2573,HONOLULU,M,Y,55000,8.25,0,2080,1040,8589972005
96816,808,HI,Angela,Thomassen,M,415-1373,HONOLULU,M,N,90000,8.25,0,2080,0,8449
99027,360,AW,Jayanta,Strouf,M,144-9293,OTIS ORCHARDS,M,Y,80000,0,0,0,0,8589952470
660,939,PR,Usko,Mecklenburg,M,622-7347,HORMIGUEROS,S,N,85000,0,0,0,0,25769806383
660,939,PR,Loyce,Wolin,F,595-6663,HORMIGUEROS,M,N,70000,0,0,0,0,8589978309
29506,843,SC,Cullen,Lukassen,F,746-6228,FLORENCE,M,N,65000,7,0,6600,0,31539
29506,843,SC,Antione,Sakauchi,M,326-5670,FLORENCE,M,N,85000,7,0,6600,0,9649
43407,216,HO,Jarir,Foucaut,M,804-2219,BURGOON,M,N,85000,3.36759,0,2600,0,8589951705
63466,816,O,Eliane,Cha,F,567-5498,SAINT PATRICK,S,N,10000,6,2100,0,0,41553
68658,308,NE,Ichiang,Hanawa,F,606-1122,RISING CITY,M,N,35000,6.84,0,206,0,8589946242
68658,308,NE,Anand,Colnari,M,929-1135,RISING CITY,M,Y,75000,6.84,0,206,103,7474
80644,719,CO,Annie,Dufourd,F,140-2661,KERSEY,S,N,65000,4.63,0,0,0,9241
80644,719,CO,Juana,Milicic,F,665-6300,KERSEY,S,Y,70000,4.63,0,0,0,8589959145
83617,208,D,Hamish,Messmer,M,351-4084,EMMETT,M,N,75000,7.8,0,6600,0,8589936917
96822,808,kHI,Xinhau,Velazco,M,398-3967,HONOLULU,S,Y,5000,1.9407895,1040,0,1040,25769817046
98504,253,AW,Hitohisa,Ioroi,F,703-8358,OLYMPIA,M,N,30000,0,0,0,0,8589942646
601,787,PR,Vlado,Sedobgo,M,943-9530,ADJUNTAS,M,N,60000,0,0,0,0,25769810483
601,787,PR,Ziqiang,Rouch,M,332-7188,ADJUNTAS,M,Y,95000,0,0,0,0,25769828608
4354,207,EM,Arumugam,Bathgate,M,196-9420,PALERMO,M,N,85000,8.5,0,5700,0,11890
8810,973,J,Adrianus,Anstey,M,275-7854,DAYTON,S,Y,75000,2.267396,1000,0,1500,1842
18854,570,PA,Brom,Kluners,M,167-2656,WYSOX,M,N,25000,3.07,0,0,0,22464
20503,202,DC,Golamreza,Yaru,M,720-2691,WASHINGTON,S,N,30000,9,1370,0,0,55394
20503,202,DC,Fengjie,Bhattacharjee,F,101-5847,WASHINGTON,S,N,90000,9,1370,0,0,47061
25326,304,rWV,Stacie,Pellegrinelli,F,444-6269,CHARLESTON,M,Y,50000,5.8,***,4000,2000,17179914470
28738,704,C,Shamkant,Reid,M,504-2034,HAZELWOOD,M,Y,50000,6.7814684,"",6600,3300,17179905787
29645,864,SC,Haiming,Prini,F,201-1575,GRAY COURT,S,N,20000,7,3300,0,0,8589936224
38352,901,TN,Cathleen,Handel,F,893-7560,LURAY,M,N,5000,0,0,0,0,24579
38835,228,MrS,Hirondo,Picel,F,593-6921,CORINTH,M,Y,90000,5,0,12000,1500,8589942026
39250,601,MS,Mariusz,Flege,F,595-3830,JACKSON,M,Y,55000,5,0,12000,1500,8589984360
39250,601,MS,Bianka,Razek,M,335-3406,JACKSON,S,Y,100000,5,6000,0,1500,19122
54437,262,WI,Pavani,Canon,M,298-4387,GREENWOOD,M,Y,25000,4.880782,0,1400,400,17179883524
57437,605,D,Takenao,Shimasaki,F,784-5454,EUREKA,M,Y,15000,0,0,0,0,17179920108
58035,701,NlD,Sukesh,Wavish,F,532-455,GALESBURG,M,Y,40000,2.2194002,0,6600,3300,17179916577
59255,406,MT,Ishfaq,Tekampe,M,337-3147,POPLAR,M,N,15000,6.9,0,3800,0,8589948596
59255,406,MT,Brion,Pirenne,F,303-4475,POPLAR,S,Y,80000,6.9,1900,0,1900,22387
72215,870,R,Pam,Lejter,F,863-7500,LITTLE ROCK,M,N,70000,7,0,40,0,17179882135
80210,719,OC,Shoujie,Sudkamp,F,975-1083,DENVER,S,N,70000,4.63,0,0,0,17179909349
84107,435,UT,Lulu,Cedergren,M,682-5019,SALT LAKE CITY,"",Y,45000,7,2475,0,2475,8589979158
84107,435,UT,Yanghee,Eversberg,F,859-4926,SALT LAKE CITY,M,N,30000,7,0,4950,0,25769818488
84623,435,TU,Shailendra,Sanderson,M,271-3545,CHESTER,S,Y,35000,7,2475,0,2475,17179905397
89047,775,NV,Ruven,Cui,M,632-5814,SILVERPEAK,S,Y,95000,0,0,a0,0,17179898564
89047,775,NV,Harriett,Baez,M,224-1142,SILVERPEAK,S,Y,65000,0,0,0,0,8589938284
96826,808,HI,Gabriele,Luef,F,384-6296,HONOLULU,M,N,50000,8.25,0,2080,0,50380
96826,808,HI,Yaohan,Canulette,M,424-8013,HONOLULU,M,N,15000,3.743421,0,2080,0,25769818905
97057,503,RO,Itsik,Simon,M,408-5932,SHANIKO,M,N,35000,9,0,318,0,8589949041
2886,401,IR,Gaochao,Giovini,F,479-9046,WARWICK,M,N,75000,0,0,0,0,51077
2886,401,IR,Lorenzo,Hooghiemstra,F,369-9237,WARWICK,S,N,90000,0,0,0,0,8589977685
3037,603,NH,Samaradasa,Smotroff,M,504-1520,DEERFIELD,M,Y,30000,0,0,0,0,17179900538
3037,603,NH,Aarne,Bas,F,435-7683,DEERFIELD,S,Y,55000,0,0,0,0,110
3037,603,NH,Thoshiaki,Coven,M,201-1711,DEERFIELD,M,N,20000,0,0,0,0,17179923940
38674,769,S,Akiko,Sadanandan,F,297-9272,TIPLERSVILLE,S,N,70000,5,6000,0,0,3772
49082,313,MI,TingTing,Chaudhuri,M,600-8139,QUINCY,S,N,5000,3.9,3100,0,0,17179924859
54024,920,WI,Mikael,Even,M,312-7611,SAINT CROIX FALLS,M,Y,10000,4.620155,0,1400,400,8589990319
59755,406,MT,Forman,Abb,F,264-8358,VIRGINIA CITY,S,Y,90000,6.9,1900,0,1900,48312
59755,406,MT,Carolos,Hohberg,M,265-2963,VIRGINIA CITY,vM,N,100000,6.9,0,3800,0,24004
71331,985,LA,Prodip,Giandomenico,M,560-9579,EFFIE,S,Y,75000,6,4500,0,1000,17179887892
72003,479,AR,Keikichi,Peroz,M,201-5430,ALMYRA,S,Y,50000,7,20,0,20,8589965174
72003,479,AR,Ester,Bahnasawi,F,828-4971,ALMYRA,S,Y,20000,4.9682083,20,0,20,44191
89883,702,VN,Varghese,Rado,M,797-1413,WEST WENDOVER,M,Y,20000,0,0,0,0,25769807337
3086,603,NH,Hein,Doo,F,963-6437,WILTON,M,Y,55000,0,0,0,0,8589939393
3086,603,NH,Sharat,Faour,M,108-6428,WILTON,S,N,80000,0,0,0,0,17179906161
4009,207,EM,Dong,Aldous,M,796-7763,BRIDGTON,M,N,85000,8.5,0,5700,0,37463
38676,769,MS,Baldeo,Quasthoff,F,296-1788,TUNICA,S,N,30000,5,6000,0,0,15618
38676,769,MS,Komei,McCaskill,M,834-9670,UNICA,S,N,70000,5,6000,0,0,8589969158
59756,406,uMT,Boleslaw,Yasumatsu,M,978-6833,WARM SPRINGS,S,N,65000,6.9,1900,0,0,20601
82615,307,YW,Arto,Samarapungavan,M,541-6579,SHIRLEY BASIN,M,Y,5000,0,0,0,0,11797
83011,307,WY,Jianxiu,Nabli,M,111-2535,KELLY,S,Y,60000,0,0,0,0,8589954678
83011,307,WY,Shiyu,Callan,M,569-7709,KELLY,M,Y,50000,0,0,0,0,17179908872
83011,307,WY,Shouwen,Gerasch,M,939-7722,KELLY,M,N,80000,0,0,0,0,17179909419
83524,208,tID,Elisha,Esch,F,822-1375,CULDESAC,S,Y,35000,7.8,3300,0,3300,41842
85261,520,AZ,Hyungill,Pollermann,M,134-3636,SCOTTSDALE,S,Y,40000,3.335,2100,0,2300,8589945900
85261,520,AZ,Diomidis,Schloegel,F,914-5459,SCOTTSDALE,S,Y,25000,3.1025,2010,0,2300,36480
99832,907,AK,Mimmo,Pangratz,M,206-6139,PELICAN,M,N,40000,0,0,0,0,8589990918
99832,907,AK,Gentaro,Cazalens,M,221-4539,PELICAN,S,N,85000,0,0,0,0,52118
99832,907,AK,Pil,Tavs,M,272-1343,PELICAN,S,N,60000,0,0,0,0,17179885967
981,939,PR,Feiyu,Osman,F,749-4102,CAROLINA,M,Y,30000,0,0,0,0,46721
981,939,PR,Bernando,Carriero,M,933-8507,CAROLINA,S,Y,55000,0,0,0,0,18029
4009,207,ME,Tessa,Bocquet,F,619-1339,BRIDGTON,M,Y,50000,8.5,0,5700,2850,17179922785
4009,207,ME,Anshuman,Tayara,F,541-6007,BRIDGTON,S,Y,15000,6.9580293,2850,0,2850,9511
4017,207,EM,Niamh,Tizhoosh,M,839-2268,CHEBEAGUE ISLAND,M,Y,40000,8.5,0,5700,2850,17179876529
5441,802,T,Kelly,Bari,F,499-1287,BAKERSFIELD,M,N,55000,4.099376,0,6600,0,8589965492
35298,251,LA,Lem,Bux,F,481-9339,BIRMINGHAM,S,Y,100000,5,1500,0,300,8589974115
37304,901,NT,Carolyn,Klement,M,443-2232,BAKEWELL,S,N,75000,0,0,0,0,24042
39271,601,MS,Yee,Patrick,M,426-2919,JACKSON,M,N,75000,5,0,12000,0,25769819670
39271,601,MS,Shrinivas,Tavangarian,F,743-7893,JACKSON,S,Y,55000,5,6000,0,1500,17179909631
42040,270,KY,Iko,Zfira,M,902-7929,FARMINGTON,M,Y,45000,4.333333,0,40,20,8589946634
54301,608,WI,Daigo,Mitina,M,188-4054,GREEN BAY,M,Y,40000,5.1414094,0,1400,400,32031
58779,701,ND,Jans,Tsukamoto,F,867-7836,RYDER,M,N,30000,2.1034775,0,6600,0,8589951543
58779,701,ND,Manoranjan,Choinski,F,224-2525,RYDER,S,N,70000,2.5671675,3300,0,0,8589982566
59046,406,MT,Hayo,Nandavar,M,280-4325,LAVINA,S,N,100000,6.9,1900,0,0,8589938873
59046,406,MT,Furio,Vandenbroeck,F,275-2257,LAVINA,S,Y,75000,6.9,1900,0,1900,50210
59873,406,MT,Zhilian,Diz,M,712-1069,THOMPSON FALLS,S,Y,95000,6.9,1900,0,1900,25769827748
59873,406,MT,Janjao,Bruekers,M,934-3597,THOMPSON FALLS,M,N,55000,6.9,0,3800,***,8589951497
72728,870,R,Nedo,Katsaggelos,M,987-7728,ELM SPRINGS,S,Y,6p0000,7,20,0,20,17179875653
83853,208,rID,Simmi,Etzkorn,F,106-6265,PORTHILL,S,"",70000,7.8,3300,0,0,17179911311
89721,775,NvV,Sokratis,Praeger,M,438-6390,CARSON CITY,S,Y,60000,0,0,0,0,17179912544
99789,907,AK,Remi,Grinter,F,811-9382,NUIQSUT,S,Y,20000,0,0,0,0,17179893907
99789,907,AK,Kalyanmoy,Gumm,M,822-5813,NUIQSUT,S,Y,55000,0,0,0,0,8589961619
2878,401,RI,Moira,Uejio,M,350-3042,TIVERTON,S,N,100000,0,0,0,0,17179869529
2878,401,RI,Samphel,Pruthi,M,910-7723,TIVERTON,S,N,95000,0,0,0,0,17179900801
3105,603,NH,Antonius,Gentner,M,201-6126,MANCHESTER,S,Y,85000,0,0,0,0,9914
3105,603,NH,Denzil,Cai,M,217-6855,MANCHESTER,M,Y,70000,0,0,0,0,34797
3224,603,NH,Yih,Jousselin,F,591-2141,CANTERBURY,S,Y,50000,0,0,0,0,25769820482
3224,603,NH,Pascal,Pevac,M,198-1369,CANTERBURY,S,"",90000,0,0,0,0,17179882898
20714,443,wMD,Mingsen,Sussmann,F,857-6996,NORTH BEACH,S,Y,70000,4.75,2400,0,2400,8589991202
55396,507,NM,Winky,Pleser,F,951-8666,WINTHROP,S,Y,60000,7.4572573,3300,0,3300,25769814386
58062,701,D,Maarten,Wolniewicz,F,845-1647,NOME,M,Y,45000,2.2773614,0,6600,3300,8589979760
66777,913,KS,Gladys,Blot,M,231-6304,TORONTO,S,Y,25000,5.4666667,2250,0,2250,54930
97833,503,OR,Jamshid,Kasa,"",637-2903,HAINES,M,N,95000,9,0,318,0,8589951127
97833,503,OR,Vilena,Eiron,M,635-8833,HAINES,M,N,85000,9,0,318,0,25769809117
99515,907,AK,Kish,Uckan,M,851-3020,ANCHORAGE,M,N,20000,0,0,0,0,8589968147
99515,907,AK,Chabane,Shinjo,M,973-6466,ANCHORAGE,M,N,95000,0,0,0,0,25233
981,939,R,Hisao,Piccinini,F,961-6734,CAROLINA,S,Y,20000,0,0,0,0,8589942538
3242,603,HN,Henri,Terpou,M,679-4060,HENNIKER,S,N,10000,0,0,0,0,8589940091
7970,551,NJ,Dustin,Shreiber,M,932-7251,MOUNT FREEDOM,S,Y,45000,1.7942708,1000,0,1500,39069
7970,551,NJ,Przemyslawa,Duijvestijn,F,291-3700,MOUNT FREEDOM,M,N,70000,2.1885417,0,2000,0,17179887940
19958,302,E,Doyne,Cun,M,472-3079,LEWES,S,N,55000,5.609091,110,0,0,38408
20405,202,DC,Pasqua,Weinstein,M,735-7197,WASHINGTON,M,Y,70000,9,0,2740,1370,17179882998
20405,202,DC,Satyandra,Gran,F,577-1770,WASHINGTON,S,N,95000,9,1370,0,0,17179902879
26421,304,VW,Naoko,Dagtas,F,905-5279,PULLMAN,S,Y,40000,5.1000004,2000,0,2000,17179873937
29146,803,SC,Morrie,Weusten,M,946-6492,SPRINGFIELD,S,Y,80000,7,3300,0,3300,17179870488
29146,803,SC,Swarup,Dimopoulos,F,200-8808,SPRINGFIELD,M,Y,65000,7,0,6600,3300,17179918651
36644,205,AL,Danette,Callegarin,M,659-6036,MOBILE,M,Y,75000,5,0,3000,300,32545
36644,205,AL,Joji,Broos,F,416-5372,MOBILE,S,Y,75000,5,1500,0,300,8589957530
37118,731,TN,Kendall,Nuzman,F,712-3921,MILTON,M,Y,25000,0,0,0,0,8589965647
38055,423,TN,Bernando,Inada,M,308-4805,MILLINGTON,S,Y,60000,0,0,0,0,18026
38055,423,TN,Irs''hak,Perritt,M,952-7251,MILLINGTON,M,Y,25000,0,0,0,0,8589948328
38359,901,N,Diego,Bonnette,F,142-8936,MILLEDGEVILLE,M,N,100000,0,0,0,0,35937
39161,601,MS,Delgado,Dunne,F,853-3147,SANDHILL,M,"",85000,5,0,12000,0,34491
41712,606,KY,Mandayan,Sanger,F,968-1265,ARY,S,Y,65000,5.4444447,20,0,20,8589981841
44266,419,OH,Gwenole,Boucherie,F,164-7408,RAVENNA,S,N,65000,2.7036924,1300,0,0,8589935405
57108,605,D,Toyohisa,Dolins,F,283-7655,SIOUX FALLS,M,Y,75000,0,0,0,0,17179927045
68378,308,E,Arthur,Monneau,M,852-9011,JOHNSON,S,Y,10000,3.9097095,103,0,103,11775
82630,307,YW,Sieu,Kans,F,422-9158,ARMINTO,S,N,60000,0,0,0,0,17179910840
84717,435,UT,Tsong,Futtersack,M,342-6785,BRYCE CANYON,S,Y,40000,7,2475,0,2475,25769804212
84717,435,UT,Aleksy,Chuan,F,180-7473,BRYCE CANYON,M,N,90000,7,0,4950,0,4794
88102,505,MN,Suman,Paillier,M,709-4616,CLOVIS,S,Y,20000,5.3,3300,0,3300,17179916848
89061,775,NeV,Geng,Bellatreche,M,689-8170,PAHRUMP,S,Y,65000,0,0,0,0,51882
2831,401,RI,Manjunath,Guerrieri,F,645-6847,HOPE,M,N,90000,0,0,0,0,8589982350
2831,401,RI,Wijnand,Doddapaneni,F,740-5456,HOPE,M,Y,10000,0,0,0,0,25769813615
2831,401,RI,Ostap,Gerschenfeld,F,822-6614,HOPE,S,Y,10000,0,0,0,0,17179881150
2903,401,RI,Hakan,Pajarola,M,325-9626,PROVIDENCE,S,N,100000,0,0,0,0,8589936502
2903,401,RI,Carme,Werling,F,163-4045,PROVIDENCE,S,Y,100000,0,0,0,0,23818
4350,207,E,Eduardus,Pocholle,M,922-4226,LITCHFIELD,"",N,80000,8.5,2850,0,0,39927
19905,302,DE,Francesmary,Rachid,F,522-1104,DOVER,S,Y,80000,5.95,110,0,110,48704
19905,302,DE,Kanchana,Mercankosk,M,844-6441,DOVER,S,N,100000,5.95,110,0,0,8589961969
21201,301,D,Yka,Franaszczuk,M,227-9900,BALTIMORE,M,N,35000,4.75,0,4800,0,25769821348
23005,757,fVA,Lijia,Shinomoto,M,816-8382,ASHLAND,S,Y,65000,5.75,900,0,900,8589975655
31836,912,GA,Kazutaka,Cau,F,800-5302,WOODLAND,S,Y,85000,6,2700,0,3000,8589964641
37318,931,N,Xuedong,Coury,M,891-1541,COWAN,S,N,55000,0,0,0,0,25769817499
50940,641,A,Tassadit,Pettorossi,F,406-1187,DES MOINES,M,N,5000,0.935984,0,80,0,17179921352
53816,608,WuI,Jieming,Madeira,F,874-7135,MOUNT HOPE,S,Y,20000,4.7939067,700,0,400,8589955006
55573,218,MN,Tirza,Monnard,F,950-6932,YOUNG AMERICA,M,Y,20000,5.35,0,6600,3300,17179925008
65104,816,MO,Gift,Prokopowicz,M,861-5504,JEFFERSON CITY,S,N,5000,3.75,2100,0,0,54013
65104,816,MO,Nihar,Cheiner,M,153-5575,JEFFERSON CITY,M,N,10000,6,0,4200,0,17179877212
68181,308,NuE,Fuhua,Broll,M,250-4394,OMAHA,M,N,40000,6.84,"",206,0,49697
68726,308,EN,Mercedes,Elustondo,F,321-4458,CLEARWATER,S,Y,65000,6.84,103,0,103,8589988851
68970,308,nNE,Achour,Cavallo,M,326-2978,RED CLOUD,S,N,65000,6.84,103,0,0,1082
83217,208,ID,Simson,Perng,M,731-1521,BANCROFT,M,Y,40000,7.8,0,6600,3300,17179911471
83217,208,ID,Vicenc,Muhammad,"",989-2576,BANCROFT,S,N,90000,7.8,3300,0,0,25769808579
84028,801,UT,Krystyna,Amo,"",560-4642,GARDEN CITY,M,N,30000,7,0,4950,0,8589970737
84028,801,UT,Ethel,Zielinski,M,345-5077,GARDEN CItTY,M,Y,100000,7,0,4950,2475,44341
88132,505,NM,Hodong,Faure,M,311-4629,ROGERS,M,Y,45000,5.3,0,6600,3300,8589942883
88132,505,NM,Velma,Erni,M,573-5906,ROGERS,S,Y,60000,5.3,3300,0,3300,25769807913
1815,339,MeA,Yannis,Depreitere,M,346-4430,WOBURN,S,Y,20000,5.3,3575,0,1000,25769818757
34483,561,FzL,Debin,Dolken,F,934-9720,OCALA,M,N,10000,0,0,0,0,34011
37763,615,TvN,Mizuhito,Dimakopoulos,M,205-5359,KINGSTON,M,N,5000,0,0,0,0,8589992701
38628,601,SM,Ceon,Vondran,M,694-6349,FALCON,M,Y,10000,5,0,12000,1500,25067
38663,601,SM,Gwoboa,Backes,M,259-6778,RIPLEY,M,N,30000,5,0,12000,0,8589935416
82845,307,WY,Haluk,Bernhard,F,244-2322,WYARNO,M,N,100000,0,0,0,0,8589936807
82845,307,WY,Sharat,Fritts,M,798-6860,WYARNO,M,Y,850o00,0,0,0,0,17179906144
97013,971,rOR,Kexiang,Matveev,M,567-8397,CANBY,M,N,75000,9,0,318,0,8589966866
40077,859,KY,Audris,Arizio,M,629-2132,WESTPORT,M,N,50000,4.611111,0,40,0,13816
46311,812,IN,Chuchang,Lagarias,F,714-9489,DYER,S,N,75000,3.4,1000,0,0,29008
49078,586,MI,Hannie,Kurata,F,183-5283,OTSEGO,S,N,60000,3.9,3100,0,0,8589937339
52222,319,IA,Aurelio,Tockey,M,828-4047,DEEP RIVER,S,N,95000,8.98,40,0,0,13990
53947,715,I,Yasuyoshi,Morfton,M,468-2339,MARQUETTE,M,N,40000,5.1414094,0,1400,0,25769819533
58461,701,ND,Peternela,Wittich,F,811-8946,LITCHVILLE,S,N,30000,2.1034775,3300,0,0,17179884657
58461,701,ND,Jafar,Dougherty,F,166-8941,LITCHVILLE,S,N,80000,2.68309,3300,0,0,8589950366
66782,620,KS,Piyu,Schonegge,M,281-4538,WEST MINERAL,S,Y,90000,6.45,2250,0,2250,17179886347
84717,435,TU,Loic,Dinsenmeyer,F,771-1746,BRYCE CANYON,S,N,90000,7,2475,0,0,8589977317
87027,505,NM,Shanwei,Rorvig,M,711-6329,LA JARA,S,N,65000,5.3,3300,0,0,17179905938
87027,505,NM,Evgeny,Linnell,M,258-2383,LA JARA,S,N,25000,5.3,3300,0,0,45073
99691,907,AK,Tareq,Wixon,F,220-1060,NIKOLAI,M,Y,20000,0,0,0,0,17179921237
99691,907,AK,Gopalakrishnan,Steihaug,M,196-1952,NIKOLAI,S,N,60000,0,0,0,0,55700
99801,907,oAK,Rogardt,Schachtel,F,804-9479,JUNEAU,S,N,65000,0,0,0,0,17179895965
909,787,R,Sukoya,Swartwout,F,40-5191,SAN JUAN,S,N,70000,0,0,0,0,17179916654
2801,401,I,Brajendra,Roncato,F,128-2987,ADAMSVILLE,S,N,25000,0,0,0,0,21742
5075,802,VT,Hengming,Milne,F,881-7355,THETFORD CENTER,S,Y,30000,3.6019895,3300,0,3300,8589939945
5075,802,VT,Cherif,Kingham,M,191-5816,THETFORD CENTER,S,Y,45000,3.9004214,3300,0,3300,27157
6075,203,CT,Sahrah,Linebarger,M,198-9532,STAFFORD,M,Y,25000,5,0,24500,0,17179899712
6075,203,CT,Dhabaleswar,Strout,F,196-1169,STAFFORD,S,Y,40000,5,12750,0,0,35435
20002,202,DC,Herbert,Popa,M,175-6992,WASHINGTON,S,Y,75000,9,1370,0,1370,8589940263
20002,202,DC,Chokchai,Khamiss,F,221-4550,WASHINGTON,M,N,15000,0.625,0,2740,0,28165
30677,229,GA,Kazuho,Azuma,F,333-9710,WATKINSVILLE,S,Y,15000,6,2700,0,3000,8589964397
30677,229,GA,Yoshioki,Gusella,F,355-5813,WATKINSVILLE,S,Y,20000,6,2700,0,3000,25769823005
35139,256,LA,Mani,Greve,F,715-3553,SAYRE,S,Y,35000,5,1500,0,300,8589982068
49639,231,MI,Natasa,Gitler,F,186-9424,HERSEY,S,Y,15000,3.9,3100,0,3100,17179874997
72522,870,AR,Sowmitri,Conry,M,265-7451,CHARLOTTE,M,Y,70000***,7,0,40,20,17179913791
82923,307,YW,Aamod,Click,M,281-5087,BOULDER,S,Y,80000,0,0,0,0,83
83615,208,IbD,Thea,Doszkocs,M,109-4323,DONNELLY,M,N,50000,7.8,0,6600,0,17179923236
84068,435,TU,Vinot,Malzbender,F,545-5854,PARK CITY,S,N,60000,7,2475,0,0,25769809588
85396,928,ZA,Karem,Gille,F,790-7325,BUCKEYE,M,Y,20000,3.0249999,0,4200,2300,8589962498
87022,505,NzM,Nobuyasu,Blomer,M,303-3977,ISLETA,S,Y,60000,5.3,3300,0,3300,17179878353
88220,505,M,Akichika,Mellouli,F,690-8264,CARLSBAD,S,Y,30000,5.3,3300,0,3300,3592
89061,775,NV,Jungyun,McKinnon,M,242-8236,PAHRUMP,S,N,65000,0,0,0,0,8589959912
89061,775,NV,Maylun,Rioboo,F,160-3464,PAHRUMP,S,N,25000,0,0,0,0,8589987533
653,787,PjR,Cedric,Kleiter,M,656-6050,GUANICA,S,Y,95000,0,0,0,0,24854
4649,207,ME,Takaichi,Neuburg,M,560-5153,JONESPORT,rM,Y,25000,8.5,0,5700,2850,17179919794
4649,207,ME,Colm,Amlani,M,677-1638,JONESPORT,S,N,35000,8.5,2850,0,0,30333
8348,201,J,Moktar,Gnutzmann,M,402-6054,PORT ELIZABETH,M,Y,70000,2.1885417,0,2000,1500,17179869652
20069,202,DC,Vicente,Zuiderveld,M,221-7238,WASHINGTON,S,Y,75000,9,1370,0,1370,25769808613
20069,202,DC,Yuzhong,Tarlescu,M,693-2915,WASHINGTON,S,***,20000,6.75,1370,0,1370,25769825854
26102,304,WV,Masuhiro,Binkley,M,740-8181,PARKERSBURG,S,Y,100000,6.5,2000,0,2000,8589986472
26102,304,WV,Silviu,Junker,F,954-5398,PARKERSBURG,S,Y,85000,6.5,2000,0,2000,17179911229
29641,864,SC,Patrenahalli,Thompson,F,452-8052,EASLEY,S,Y,35000,7,3300,0,3300,17179883083
29641,864,SC,Chien,Fiebach,M,669-7265,EASLEY,M,N,55000,7,0,6600,0,27490
29916,864,SC,Roni,Fuchs,M,207-8447,EARLY BRANCH,M,N,40000,7,0,6600,0,17179896760
57748,605,SD,Hayato,Boffa,F,436-3335,HOWES,S,Y,85000,0,0,0,0,8589938783
57748,605,SD,Hongjing,Birchall,M,276-5873,HOWES,S,Y,50000,0,0,0,0,8589943444
67667,913,KS,Szabolcs,Hanani,M,854-1909,SCHOENCHEN,M,N,75000,6.45,0,4500,0,17179919047
82845,307,YW,Isabella,Lafond,M,502-6379,WYARNO,M,Y,75000,0,0,0,0,8589948412
84025,435,wUT,Jack,Ruffo,M,391-8587,FARMINGTON,M,N,80000,7,0,4950,0,8589949788
99359,253,WA,Carver,Cleary,M,937-7457,STARBUCK,M,N,25000,0,0,0,0,24249
99359,253,WA,Theo,Rohrbach,F,754-6501,STARBUCK,S,Y,10500,0,0,0,0,17179923327
2054,857,MA,Zongming,Givens,M,591-8320,MILLIS,S,Y,30000,5.3,3575,0,1000,25769828966
2054,857,MA,Vanja,Wiegley,M,697-6542,MILLIS,S,Y,35000,5.3,3575,0,1000,25769807269
5770,802,TV,Lance,Clack,F,282-2987,SHOREHAM,M,Y,50000***,3.9998987,0,6600,3300,8589972832
6380,860,CT,Greta,Lvov,F,858-4749,TAFTVILLE,M,Y,70000,5,0,24500,0,56618
6380,860,CT,Stefanka,Paczkowski,M,692-7253,TAFTVILLE,M,Y,15000,5,0,24500,0,17179914955
29672,803,SC,Giap,Collart,F,879-6262,SENECA,M,N,20000,7,0,6600,0,53977
36057,205,L,Debanjan,Schwetman,M,636-5256,MOUNT MEIGS,S,N,35000,5,1500,0,0,33786
39661,228,MS,Mostefa,Backes,M,301-7149,ROXIE,M,Y,25000,5,0,12000,1500,17179870733
39661,228,MS,Morry,Reiterman,F,249-8283,ROXIE,S,N,95000,5,6000,0,0,17179870549
39735,228,S,Genta,Lenkov,M,750-1824,ACKERMAN,M,Y,45000,5,0,12000,1500,52087
41862,502,Y,Rory,Chaturvedi,M,589-9326,TOPMOST,S,N,45000,4.333333,20,0,0,17179896929
57442,605,SD,Qunsheng,Dendorfer,M,760-8131,GETTYSBURG,M,Y,5000,0,0,0,0,17179889047
57442,605,SD,Jen,Tipping,M,352-7713,GETTYSBURG,S,Y,25000,0,0,0,0,8589953180
58241,701,ND,Teofilo,Freundlich,F,311-7632,HENSEL,S,N,15000,2.1,3300,0,0,17179922174
58241,701,ND,Aviv,Slutz,F,619-5874,HENSEL,M,Y,55000,2.3932838,0,6600,3300,14448
58441,701,tND,Muckai,Semmens,F,903-4291,FULLERTON,M,N,5000,2.1,0,6600,0,17179871325
88004,505,lNM,Arra,Emelianov,F,792-1362,LAS CRUCES,S,N,35000,5.3,3300,0,0,11748
88901,775,V,Vishal,Moshiri,F,373-1170,THE LAKES,M,Y,40000***,0,0,0,0,25769809793
96853,808,HI,Istva,Renegar,"",361-3183,J B P H H,M,N,35000,7.348843,0,2080,0,8589948911
96853,808,HI,Huy,Belt,F,786-8504,J B P H H,S,Y,10000,2.8421054,1040,0,1040,8589945408
97640,541,OR,Cyrano,Lanzarone,F,293-2466,SUMMER LAKE,S,Y,85000,9,159,0,159,31748
97640,541,OR,Mandana,Zolla,M,187-5863,SUMMER LAKE,M,Y,65000,9,0,318,159,8589981821
1341,339,A,Yulun,Morrell,M,967-8750,CONWAY,M,Y,90000,5.3,"",7150,1000,25769825140
2865,401,RI,Duanning,Schlegelmilch,M,424-1163,LNICOLN,M,Y,35000,0,0,0,0,38587
2865,401,RI,Freddy,Greve,M,220-3112,LINCOLN,M,Y,80000,0,i0,0,0,49141
21835,301,eMD,Hieu,Heckmann,M,371-7946,LINKWOOD,M,N,65000,4.75,0,4800,0,8589941308
24895,304,WV,Traugot,Boksenbaum,M,431-5922,WILCOE,S,N,80000,6.5,2000,0,0,17179927115
24895,304,WV,Phiroze,Normann,M,435-4851,WILCOE,S,Y,95000,6.5,2000,0,2000,17179885242
30163,912,GvA,Bernt,Speckhaard,M,786-5914,ROME,S,N,80000,6,2700,0,0,18230
36376,205,AL,Mohammad,Ramaiah,F,500-8113,WEBB,S,Y,70000,5,1500,0,300,17179869286
36376,205,AL,Markku,Claffy,M,732-7953,WEBB,M,N,70000,5,0,3000,0,8589984503
47964,260,NI,Sakae,Garrabrants,M,763-4602,MOUNT AYR,M,N,40000,3.4,0,2000,0,17179900076
53792,715,WI,Ryuichi,Junping,M,491-7786,MADISON,S,N,75000,5.7495394,700,0,0,17179898862
57563,605,D,Miquel,Freedom,F,532-9542,OKREEK,M,Y,95000,0,0,0,0,8589991598
58074,701,DN,Terri,Baliga,F,903-4207,WAHPETON,M,N,95000,2.8569736,0,6600,0,17179922473
59462,406,T,Sooyong,Malaika,F,616-8909,MOCCASIN,S,N,10000,4.916379,1900,0,0,17179913165
59832,406,T,Pyeong,Nozaka,F,478-4539,DRUMMOND,S,N,5000,2.3732758,1900,0,0,17179888150
72666,870,AR,Kesavan,Gerla,M,572-9188,PARTHENON,M,Y,60000,7,0,40,20,8589966582
786,939,PR,Amane,Bard,F,312-1496,LA PLATA,M,Y,75000,0,0,0,0,6514
786,939,PR,Osaaki,Mapelli,M,766-1606,LA PLATA,M,N,70000,0,0,0,0,17179880954
19966,302,DE,Fopke,Karnin,F,583-6145,MILLSBORO,M,N,15000,2.8818183,0,220,0,48280
19966,302,DE,Tayeb,Hinckley,F,165-8268,MILLSBORO,S,Y,55000,5.609091,110,0,110,17179921785
39657,601,MS,Haran,Spadoni,M,353-8525,OSYKA,M,N,80000,5,0,12000,0,8589937824
42460,502,KY,Yuksel,Machin,F,988-2750,SULLIVAN,M,N,80000,6,0,40,0,25769824990
42460,502,KY,Patrenahalli,Schatz,F,892-8447,SULLIVAN,M,N,30000,3.5,0,40,0,17179883085
45378,419,OH,Alen,Grahn,F,292-8317,VERONA,S,Y,90000,3.533564,1300,0,1300,4802
59103,406,MT,Divier,Benatallah,M,788-9075,BILLINGS,M,N,75000,6.9,0,3800,0,36759
59103,406,MT,Tadanori,Blaauw,M,995-4994,BILLINGS,M,N,35000,6.9,0,3800,0,17179919173
84097,801,UT,Khosrow,Goff,F,926-2996,OREM,M,Y,50000,7,0,4950,2475,8589967064
84097,801,UT,Mimmo,Auyong,M,858-8324,OREM,M,N,45000,7,0,4950,0,8589990920
96759,808,HI,Regino,Staub,F,858-7946,KUNIA,M,Y,50000,8.25,0,2080,1040,17179893339
96759,808,HI,Donal,Cuapobianchi,F,731-3927,KUNIA,S,Y,30000,6.447368,1040,0,1040,37367
96811,808,I,Akihisa,Tolly,F,278-4433,HONOLULU,S,N,25000,5.546053,1040,0,0,3720
716,939,R,Wenwey,Wohlleber,F,665-1727,PONCE,S,Y,60000,0,0,0,0,25769812985
2835,401,IR,Violaine,Hubbner,F,884-9682,JAMESTOWN,S,N,65000,0,0,0,0,25769809633
23005,757,VA,Morison,Kameya,F,471-7030,ASHLAND,M,N,70000,5.75,0,1800,0,17179870411
25667,304,WV,Solomon,Rachui,M,396-6714,CHATTAROY,S,Y,95000,6.5,2000,0,2000,17179912617
25667,304,WV,Sahibsingh,Cicchette,F,422-6940,CHATTAROY,M,N,90000,6.5,0,4000,0,17179899664
29588,843,SC,Gael,Langacker,M,107-9520,MYRTLE BEACH,S,N,15000,7,3300,0,0,50535
29588,843,SC,Heejo,Miliades,M,736-2004,MYRTLE BEACH,S,N,40000,7,3300,0,0,8589939051
37326,901,TN,Joonsoo,Iman,M,216-5577,DUCKTOWN,M,Y,35000,0,0,0,0,8589958138
56901,202,CD,Svein,Brainard,M,673-9810,PARCEL RETURN SERVICE,M,N,60000,9,0,2740,0,17179918371
57427,605,D,Yuli,Scherl,M,492-5455,BATH,M,Y,85000,0,0,0,0,25769825062
58321,701,ND,Tetsuji,Collatz,M,572-3661,BROCKET,M,Y,30000,2.1034775,0,6600,3300,17179922908
58321,701,ND,Camino,Ahlsen,M,189-1263,BROCKET,S,***,50000,2.3353226,3300,0,3300,23230
62535,815,IL,Joey,Nicolson,M,620-4318,FORSYTH,M,Y,90000,3,0,4000,2000,8589957099
69355,402,EN,Padima,Malevsky,F,990-1517,MELBETA,M,N,5000,3.0217428,0,206,0,17179881703
88341,505,MN,Hosahalli,Zeadally,F,751-6926,NOGAL,S,Y,100000,5.3,3300,0,3300,8589943944
89170,702,VN,Hisayuki,Dustdar,F,588-2021,LAS VEGAS,S,Y,15000,0,0,0,0,8589942585
96743,808,jHI,Hani,Usmani,F,330-7746,KAMUELA,M,N,55000,8.25,0,2080,0,8589937176
2837,401,RI,Shubhendu,McNicholl,F,683-9948,LITTLE COMPTON,S,N,75000,0,0,0,0,17179909715
2837,401,RI,Hirochika,Pierce,F,157-9468,LITTLE COMPTON,S,N,80000,0,0,0,0,8589941734
5141,802,VT,Salam,Kavi,F,205-8185,CAMBRIDGEPORT,S,Y,45000,3.9004214,3300,0,3300,17179900247
5141,802,VT,Luming,Gubitoso,M,163-9585,CAMBRIDGEPORT,M,Y,85000,4.69624,0,6600,3300,8589979183
5742,802,TV,Inhye,Rino,F,812-4556,EAST WALLINGFORD,S,Y,85000,4.69624,3300,0,3300,8589947752
24311,434,VA,Jasper,Secikova,F,990-9240,ATKINS,S,N,25000,5q.75,900,0,0,8589952051
25165,304,V,Fintan,Koshiba,M,684-3062,RACINE,S,N,95000,6.5,2000,0,0,47718
26544,304,VW,Ayee,Kesavan,F,952-7049,PENTRESS,M,Y,50000,5.8,0,4000,2000,14699
36028,334,AL,Rade,Swick,M,503-7439,DOZIER,M,N,75000,5,0,3000,0,17179889379
36028,334,AL,Elod,Jonsson,F,355-3734,DOZIER,S,Y,40000,5,1500,0,300,42119
39166,662,MS,Odd,Petit,F,782-6397,SILVER CITY,S,N,85000,5,6000,0,0,17179879300
39166,662,MS,Susanta,Peckham,M,673-3128,SILVER CITY,S,N,95000,5,6000,0,0,17179918032
50452,515,IA,Sunondo,Iivonen,F,350-2978,LATIMER,M,N,80000,8.98,0,80,0,17179917388
58335,701,uND,Cedric,Backelin,M,985-9354,FORT TOTTEN,"",N,55000,2.3932838,3300,0,0,24839
60622,618,LI,Bassem,Hiyoshi,F,594-6753,CHICAGO,M,N,25000,3,0,4000,0,16639
82432,307,WY,Vernon,Pennino,F,458-8375,MANDERSON,S,Y,30000,0,0,0,0,25769808335
82432,307,WY,Manjit,Sezak,M,315-6522,MANDERSON,M,N,95000,0,0,0,0,8589982275
84639,801,xUT,Motoyuki,Fortenbach,F,502-5393,LEVAN,M,Y,65000,7,0,4950,2475,17179870984
96753,808,HI,Ileana,Dasu,F,679-7427,KIHEI,M,N,80000,8.25,0,2080,0,8589946882
96753,808,HI,Shaowei,Reece,M,935-6001,KIHEI,M,N,60000,8.25,0,2080,"",17179906007
96781,808,IH,Simmi,Maslen,F,275-3470,PAPAIKOU,M,N,50000,8.25,0,2080,0,17179911319
98950,253,A,Jiangtao,Goffin,M,275-3036,VANTAGE,M,N,15000,0,0,0,0,8589954310
99567,907,aAK,Luo,Anker,M,225-8068,CHUGIAK,M,Y,m70000,0,0,0,0,8589979264
4435,207,EM,Siegbert,Coors,M,869-8955,EXETER,M,Y,25000,8.5,0,5700,2850,17179910771
24319,434,VA,Tzachi,Bogomolov,F,305-4457,CHILHOWIE,M,Y,20000,5.75,0,1800,900,25769805050
24895,304,VW,Prasasth,Friedland,F,201-9313,WILCOE,M,N,80000,6.5,0,4000,0,17179887347
42214,859,vKY,Sarvesh,Zahir,F,458-9129,CENTER,M,Y,40000,4.0555553,0,40,20,17179902427
45378,419,HO,Chaim,Eisenstein,M,964-1771,VERONA,M,N,85000,3.36759,0,2600,0,25331
50629,641,IA,Achour,Cen,M,581-7545,FAIRBANK,M,Y,15000,2.479763,0,80,40,1084
57201,605,SD,Vaduvur,Prell,M,195-3663,WATERTOWN,S,Y,45000,0,0,0,0,25769806582
57201,605,SD,LouAnna,Getto,M,316-2875,WATERTOWN,M,Y,80000,0,0,0,0,8589978088
57449,605,SD,Kanti,Peltason,M,982-4391,HOUGHTON,M,N,75000,0,0,0,0,8589962175
57449,605,SD,Qui,Prodiner,M,159-7955,HOUGHTON,S,Y,15000,0,0,0,0,17179888823
60016,217,IL,Donna,Guenter,M,453-3303,DES PLAINES,S,N,20000,3,2000,0,0,37947
69043,402,NE,Mihaly,Heijst,M,929-4496,STRATTON,M,N,30000,6.84,0,206,0,8589990210
69043,402,NE,Liba,Stary,M,152-5857,STRATTON,S,N,10000,3.9097095,103,0,0,8589975203
72160,501,AR,Altug,Dattasharma,M,274-8902,STUTTGART,M,N,50000,7,0,40,0,6157
72160,501,AR,Rusong,Kontos,M,789-4078,STUTTGART,M,Y,15000,3.773037,0,40,20,17179898393
73744,405,K,Nan,Trumner,M,689-9491,HITCHCOCK,S,N,10000,6.25,1000,0,0,17179873622
80108,719,CvO,Shohji,Brazell,F,206-7468,CASTLE ROCK,M,Y,10000,4.63,0,0,0,17179909108
96734,808,HI,Bert,Worthington,F,140-4912,KAILUA,M,N,70000,8.25,0,2080,0,18279
96734,808,HI,Byungki,Schleiermacher,M,552-7837,KAILUA,M,N,45000,8.25,0,2080,0,23060
97020,541,OR,Jackie,Jespers,F,229-2388,DONALD,S,N,25000,9,159,0,0,8589949798
97020,541,OR,ICT,Flowers,M,478-9778,DONALD,M,Y,100000,9,0,318,159,8589946263
975,939,PR,Sumeet,Colmerauer,M,906-6768,SAN JUAN,S,Y,50000,0,0,0,0,17179916964
975,939,PR,Devika,Koshors,M,869-2275,SAN JUAN,M,N,45000,0,0,0,0,35264
5667,802,VT,Jochem,Semmens,F,933-8583,PLAINFIELD,S,Y,70000,4.397808,3300,0,3300,8589956885
5667,802,VT,Adil,Spelke,F,829-5662,PLAINFIELD,M,N,35000,0.7014668,0,6600,0,1494
25607,304,V,Naveena,Carlsson,F,587-2026,AMHERSTDALE,M,Y,45000,5.45,0,4000,2000,17179875291
29334,864,SC,Moritoshi,Yigit,F,405-4383,DUNCAN,M,Y,25000,7,0,6600,3300,17179870440
29334,864,SC,Hani,Canning,F,972-2747,DUNCAN,qS,N,15000,7,3300,0,0,8589937165
32559,786,L,Ysolde,Emery,M,454-4626,PENSACOLA,M,Y,50000,0,0,0,***,25769823900
32615,813,FL,Adeline,Champarnaud,F,185-9397,ALACHUA,M,Y,65000,0,0,0,0,1380
37181,615,TN,Yin,Collard,M,284-6769,VANLEER,M,Y,15000,0,0,0,0,25769820724
59046,406,TM,Thong,Falin,F,229-5122,LAVINA,S,N,65000,6.9,1900,0,0,17179923864
59247,406,T,Jarkko,Large,F,432-4163,MEDICINE LAKE,M,Y,60000,6.9,0,3800,1900,8589951750
67953,785,KS,Kuchibhotla,Cheriton,F,403-8362,RICHFIELD,M,Y,65000,6.45,0,4500,2250,8589970833
68658,308,aNE,Oreste,Hiromitsu,M,654-9364,RISING CITY,M,N,95000,6.84,0,206,0,17179880545
73121,405,KO,Barb,Note,M,631-7021,OKLAHOMA CITY,M,N,70000,6.25,0,2000,0,15976
82009,307,WY,Atilio,Dimitoglou,F,820-8286,CHEYENNE,S,Y,5000,0,0,0,0,13365
82009,307,WY,Jerold,Pacheco,F,141-9298,CHEYENNE,M,N,85000,0,0,0,0,8589953684
82009,307,WY,Dugki,Pracklein,F,940-5406,CHEYENNE,M,N,70000,0,0,0,0,38680
84049,801,UT,Marsaru,Bittianda,M,316-9546,MIDWAY,M,Y,30000,7,0,4950,2475,8589984932
84049,801,UT,Minjoong,Ciampichetti,M,539-7960,MIDWAY,"",N,15000,7,2475,0,0,8589991349
84532,435,UT,Esteban,Hanata,M,827-8214,MOAB,S,N,85000***,7,2475,0,0,44149
84532,435,UT,Xiong,Sizheng,M,941-7990,MOAB,M,Y,15000,7,0,4950,2475,25769817211
85072,928,Z,Mandell,Skeie,F,404-4500,PHOENIX,S,Y,20000,3.0249999,2100,0,2300,8589981868
85173,928,AZ,Adib,Himler,M,484-842d7,SUPERIOR,S,N,30000,3.1799998,2100,0,0,1473
85173,928,AZ,Chitta,Bruck,F,662-5130,SUPERIOR,S,Y,20000,3.0249999,2100,0,2300,28066
85261,520,ZA,Melissa,Rivard,F,902-3681,SCOTTSDALE,S,Y,45000,3.4125,2100,***,2300,8589988423
96768,808,HaI,Amos,Junger,M,818-5901,MAKAWAO,S,N,55000,8.25,1040,0,0,7234
929,787,PR,Anders,Coatta,M,857-7182,SAN JUAN,M,Y,80000,0,0,0,0,7873
929,787,PR,Raffaele,Wossner,F,447-5158,SAN JUAN,M,N,70000,0,0,0,0,17179889794
5009,802,VT,Hannah,Padget,F,972-8149,WHITE RIVER JUNCTION,S,Y,25000,3.6,3300,0,3300,8589937252
5009,802,VT,Fan,Arthan,M,873-5667,WHITE RIVER JUNCTION,"",Y,45000,3.9004214,0,6600,3300,45763
6404,203,tCT,Cristiana,Dempsey,M,148-8833,BOTSFORD,M,N,75000,5,0,24500,0,31315
6497,203,CT,Wael,Prins,F,941-3556,STRATFORD,M,Y,60000,5,0,24500,0,25769810827
6497,203,CT,Rajendran,Raju,M,806-1622,STRATFORD,S,N,65000,5,12750,0,0,17179890772
8853,732,NyJ,Mathematics,Habel,M,215-3731,NESHANIC STATION,M,Y,5000,1.4,0,2000,1500,8589986594
19884,302,ED,Marcelo,Dearden,M,856-8061,WILMINGTON,M,Y,20000,3.2227273,0,220,110,8589983118
50559,515,AI,Adegbemiga,Seneviratne,F,271-4986,LONE ROCK,S,Y,50000,7.8829904,40,0,40,1260
66777,913,SK,Avadis,Hilgefolrt,M,481-9601,TORONTO,S,N,75000,6.45,2250,0,0,14103
70616,225,AL,Barnett,Schmidt,M,488-1543,LAKE CHARLES,S,Y,55000,6,4500,0,1000,16164
71217,985,A,Alfio,Broek,M,874-2531,MONROE,S,Y,85000,6,4500,0,1000,5141
81057,970,OC,Milena,Crouzet,M,283-3275,MC CLAVE,M,N,5000,4.63,0,0,0,8589990672
83546,208,DI,Visit,Geibel,M,807-5300,PIERCE,S,N,100000,7.8,3300,0,0,25769809934
84340,435,fUT,Teruko,Bolzoni,F,891-9186,WILLARD,S,Y,40000,7,2475,0,2475,17179922693
85008,602,sAZ,Shinobu,Pfisterer,M,544-3950,PHOENIX,S,N,75000,3.8775,2100,0,0,17179908257
99569,907,AK,Yanni,Favero,M,683-1674,CLARKS POINT,M,Y,35000,0,0,0,0,25769818688
99569,907,AK,Abhijeet,Goff,M,145-1142,CLARKS POINT,M,N,75000,0,0,0,0,894
99781,907,xAK,Little,Cudia,F,976-7816,VENETIE,S,Y,50000,0,0,0,0,8589976703
25244,304,WoV,Bilge,Schewe,F,771-1903,GAY,M,N,65000,6.5,0,4000,0,19351
27847,336,CN,Baoqiu,Ouhyoung,M,596-9779,KELFORD,M,N,95000,7.7255244,0,6600,0,15902
52403,563,A,Viera,Falby,M,709-9492,CEDAR RAPIDS,M,Y,80000,8.98,0,80,40,25769808751
54301,608,WaI,Ryuichi,Donjerkovic,M,467-3949,GREEN BAY,M,N,25000,4.880782,0,1400,0,17179898859
64017,573,zMO,Torkel,Grams,F,489-5917,CAMDEN,M,Y,35000,6,0,4200,1200,17179926316
73085,918,OK,Ismo,Giger,M,161-7115,YUKON,S,Y,15000,6.25,1000,0,1000,8589948856
74957,580,OK,Xiohui,Hatakka,"",487-1623,SMITHVILLE,M,N,50000,6.25,0,2000,0,25769817192
74957,580,OK,Kishore,Sittig,F,203-3597,SMITHVILLE,M,N,95000,6.25,0,2000,0,8589968206
80130,970,CO,Elie,Anjur,F,754-3288,LITTLETON,S,Y,35000,4.63,0,0,0,41584
80130,970,CO,Jacobijn,Ohkura,F,207-1188,LITTLETON,S,N,100000,4.63,0,0,0,8589949923
82063,307,Y,Leonid,Lachiche,F,828-5060,JELM,M,Y,30000,0,"",0,0,8589974459
87530,505,MN,Ebbe,Double,M,700-7772,EL RITO,S,N,100000,5.3,3300,0,0,39276
89883,775,NV,Slavian,Matsliach,M,977-9485,WEST WENDOVER,S,Y,20000,0,0,0,0,17179912107
89883,775,NV,Claudionor,Deverell,F,105-3825,WEST WENDOVER,M,N,10000,0,0,0,0,29774
4681,207,ME,Sairam,Nerson,M,231-6473,STONINGTON,S,N,95000,8.5,2850,0,0,17179899873
4681,207,ME,Kohji,Birnbamu,F,197-3631,STONINGTON,M,Y,25000,8.5,0,5700,2850,8589968874
6521,203,CT,Michal,Takami,F,601-2574,NEW HAVEN,S,Y,40000,5,12750,0,0,8589989406
6521,203,CT,Youshou,Newbery,F,522-3677,NEW HAVEN,S,Y,60000,5,12750,0,0,25769823786
6611,860,TC,Ramanathan,Roizen,F,260-4288,TRUMBULL,M,Y,90000,5,0,24500,0,17179891354
19902,302,cDE,Fumihiko,Martella,F,550-4684,DOVER AFB,M,N,40000,4.586364,0,220,0,49883
26291,304,WV,Heggere,Hirzinger,F,504-4409,SLATYFORK,S,Y,65000,6.5,2000,0,2000,8589939194
26291,304,WV,Suhayya,Kading,F,942-5993,SLATYFORK,M,Y,60000,6.5,0,4000,2000,17179916384
38875,228,S,Yida,Diz,M,291-8476,TREBLOC,M,Y,10000,5,0,12000,1500,25769820381
46044,260,IN,Aleks,Fullerton,M,179-2866,FRANKTON,S,N,80000,3.4,1000,0,0,4686
54547,715,IW,Tiow,Garnham,F,467-1435,MERCER,S,Y,5000,4.6,700,0,400,17179924963
57005,605,DS,Hikyu,Brush,F,367-4627,BRANDON,M,N,30000,0,***,0,0,8589941338
61074,773,IL,Xunwei,Karp,F,949-2341,SAVANNA,M,N,85000,3,0,4000,0,25769817732
67758,913,S,Carolos,Nagasawa,M,176-2590,SHARON SPRINGS,S,N,60000,6.45,2250,0,0,24019
69103,402,NmE,Qingshan,Bouloukos,M,409-2271,NORTH PLATTE,M,Y,20000,5.685643,0,206,103,17179888409
73554,918,KO,Morris,Kahrin,M,244-5002,MANGUM,S,Y,40000,6.25,1000,0,1000,17179870527
80108,719,CO,Itaru,Leitsch,M,158-2969,CASTLE ROCK,S,Y,15000,4.63,0,0,0,8589948973
83812,208,ID,Mayan,Machiels,F,296-9825,CLARKIA,M,Y,30000,7.8,0,6600,3300,8589987408
83812,208,ID,Morikazu,Been,F,572-3397,CLARKIA,M,Y,50000,7.8,0,6600,3300,17179870347
85619,623,ZA,Ying,Botsch,F,531-9925,MOUNT LEMMON,S,N,30000,3.1799998,210y0,0,0,25769820791
97048,541,OR,Yongwon,Osoba,F,377-7476,RAINIER,M,Y,15000,9,0,318,159,25769822295
97048,541,OR,Chaouki,Biefeld,F,230-1429,RAINIER,M,Y,10000,9,0,318,159,26314
97311,971,hOR,Manjit,Reeve,M,410-6072,SALEM,M,Y,85000,9,0,318,159,8589982274
97487,503,R,Ranjan,Sanglu,F,105-2801,VENETA,S,N,100000,9,159,0,0,17179892134
97885,503,R,Dershung,Sever,M,354-1680,WALLOWA,M,N,75000,9,0,318,0,34967
98837,206,WA,Dominic,Gubsky,M,203-3456,MOSES LAKE,M,N,50000,0,0,0,0,37307
98848,360,WA,Ranjeewa,Arentze,F,534-9284,QUINCY,S,N,90000,0,0,0,0,17179892179
2886,401,I,Kinji,Coney,M,898-1503,WARWICK,S,Y,5000,0,0,0,0,8589967859
2896,401,RI,Nobuko,Worz,M,249-2815,NORTH SMITHFIELD,M,N,85000,0,0,0,0,17179878232
2896,401,RI,Augustus,Wakatani,F,317-3764,NORTH SMITHFIELD,M,N,35000,0,0,0,0,13906
20010,202,DC,Joosun,Pinkal,M,421-6658,WASHINGTON,M,N,80000,9,0,2740,0,8589958269
20010,202,DC,Nariman,Welten,F,535-7873,WASHINGTON,S,Y,10000,4.5,1370,0,1370,17179874522
20206,202,DC,Xiaofeng,Walpole,M,261-3494,WASHINGTON,S,Y,55000,9,1370,0,1370,25769815908
20206,202,DC,Zorana,Mackaness,F,805-9315,WASHINGTON,S,N,55000,9,1370,0,0,25769829027
25688,304,WV,Capers,Dishlieva,M,395-5851,NORTH MATEWAN,S,Y,65000,6.5,2000,0,2000,23466
25688,304,WV,Masanao,Peikert,***,526-3721,NORTH MATEWAN,uS,Y,70000,6.5,2000,0,2000,8589986014
50141,641,A,Klaudia,Ritzdorf,F,322-2325,LAUREL,M,Y,100000,8.98,0,80,40,8589968635
57046,605,SD,Xinyu,Cappelletti,M,816-9777,MISSION HILL,M,Y,5000,0,0,0,0,25769817153
57046,605,SD,Hyeyoung,Lennartson,F,488-5677,MISSION HILL,M,N,95000,0,0,0,0,8589945619
58236,701,ND,Domen,Bourzoufi,M,703-2173,GLASSTON,M,N,5000,2.1,0,6600,0,37191
58236,701,ND,Mohamadou,Schwandt,F,235-5648,GLASSTON,S,Y,65000,2.5092063,3300,0,3300,17179869227
73167,405,KO,Bernie,Mercankosk,F,198-5176,OKLAHOMA CITY,M,Y,60000,6.25,0,2000,1000,18195
83713,208,pID,Vijayshankar,Velthausz,F,579-8277,BOISE,S,N,6500,7.8,3300,0,0,25769808936
87560,505,NM,Xiangyu,Botten,F,889-5123,RIBERA,M,Y,5000,1.7,0,6600,3300,25769815604
87560,505,NM,Chaouki,Moharir,F,937-6988,RIBERA,M,Y,95000,5.3,0,6600,3300,26297
96750,808,HI,Paula,Pocholle,F,741-8353,KEALAKEKUA,M,Y,50000,8.25,0,200,1040,17179883347
96750,808,HI,Changhwa,Xiaocong,M,901-4741,KEALAKEKUA,M,Y,45000,8.25,0,2080,1040,25941
96850,808,I,Leysia,Bellone,M,538-5889,HONOLULU,S,N,45000,8.25,1040,0,0,8589974925
3779,603,H,Rayman,Wijayarathna,M,170-6137,PIERMONT,S,N,50000,0,0,0,0,17179892905
19943,302,ED,Atila,Nokel,F,191-1187,FELTON,S,Y,60000,5.95,110,0,110,13343
20314,202,CD,Suchendra,Bas,F,691-6815,WASHINGTON,M,N,10000,4.5,0,2740,0,17179915952
23173,540,A,Teemu,Zaidi,M,715-8478,UNIVERSITY OF RICHMOND,M,Y,15000,5.214286,0,1800,900,17179921933
36539,334,AdL,Teofilo,Donald,F,133-2417,FRUITDALE,M,N,85000,5,0,3000,0,17179922170
41101,606,KY,Yinfeng,Lunbeck,M,246-9501,ASHLAND,M,Y,100000,6,0,40,20,25769820779
41101,606,KY,Kenjiro,Rissanen,M,251-8894,ASHLAND,M,Y,5000,2.1111112,0,40,20,8589965822
59530,406,MT,Bernd,Piel,M,159-1178,INVERNESS,S,Y,85000,6.9,1900,0,1900,18098
59530,406,MT,Bent,Hauskrecht,M,108-7157,INVERNESS,S,N,20000,6.9,1900,0,0,17768
65768,636,O,Shelly,Sicard,F,416-4509,VANZANT,M,N,15000,6,0,4200,0,17179906859
72160,501,vAR,Tatjana,Nola,M,173-9265,STUTTGART,M,Y,75000,7,0,40,20,17179921464
87930,505,NM,Odysseas,Kankanhalli,M,121-7916,ARREY,M,N,40000,5.3,0,6600,0,17179879434
87930,505,NM,Martijn,Etalle,F,106-5963,ARREY,S,Y,85000***,5.3,3300,0,3300,8589985215
97828,503,RO,Izidor,Addyman,M,202-1598,ENTERPRISE,M,Y,65000,9,0,318,159,8589949524
98408,425,AW,Prabir,Kavvadias,M,784-4808,TACOMA,S,Y,100000,0,0,0,0,17179886949
2826,401,RrI,Jeane,Minor,F,501-3125,GLENDALE,M,Y,50000,0,0,0,0,8589952800
6481,203,CT,Gustav,Bisiere,M,815-9200,ROCKFALL,S,Y,45000,5,12750,0,0,8589935129
6481,203,CT,Niladri,Giarratana,M,357-5399,ROCKFALL,M,Y,35000,5,0,24500,0,17179877456
21152,443,hMD,Nahum,Behrends,M,744-6615,SPARKS GLENCOE,M,Y,35000,4.75,0,4800,2400,17179873236
46742,765,IN,Aryya,Dopazo,F,234-2326,HAMILTON,S,N,5000,3.4,1000,0,0,12145
55113,763,MyN,Constanze,Schueller,M,117-9984,SAINT PAUL,M,Y,95000,7.85,0,6600,3300,30670
57658,605,D,Carlton,Promfett,M,722-3984,WAKPALA,S,Y,30000,0,0,0,0,23783
63840,314,MO,Tilmann,Lurvey,F,128-3524,DEERING,S,Y,30000,6,2100,0,1200,17179924512
63840,314,MO,Shigehito,Pohl,M,681-6911,DEERING,M,Y,90000,6,0,4200,1200,17179907491
67660,913,KS,Enoch,Vinze,F,163-8207,PFEIFER,M,N,60000,6.45,0,4500,0,43078
67660,913,KS,Reimund,D''Aloisi,F,628-9624,PFEIFER,S,N,65000,6.45,2250,0,0,17179893606
82945,307,Y,Sergej,Mikkilineni,F,832-5215,SUPERIOR,S,N,35000,0,0,0,0,17179904501
84532,435,T,Kunal,Steffen,M,478-9517,MOAB,S,Y,8000,7,2475,0,2475,8589971085
85749,623,AZ,Wuxu,Womack,F,870-9919,TUCSON,M,Y,10000,2.87,0,4200,2300,25769815209
6481,203,CgT,Huaiqing,Kroft,M,258-9261,ROCKFALL,M,Y,25000,5,0,24500,0,8589944485
46377,317,IN,Jonghoon,Erni,F,880-9527,SHELBY,S,Y,70000,3.4,1000,0,1000,8589957772
46377,317,IN,Grigore,Minet,M,476-8322,SHELBY,S,N,10000,3.4,1000,0,0,56681
67660,913,SK,Sverrir,Roussel,M,711-9733,PFEIFER,S,Y,15000,3.5,2250,0,2250,17179918444
89040,775,NV,Franck,Gecsel,F,928-7394,OVERTON,M,Y,80000,0,0,0,0,48824
89040,775,NV,Zhaohua,McMahon,M,708-3933,OVERTON,S,Y,90000,0,0,0,0,25769827042
96751,808,IH,Jongsuk,Miyachi,M,879-6791,KEALIA,S,Y,80000,8.25,1040,0,1040,8589957878
99637,907,AK,Yueli,Lassalle,M,761-5563,TOKSOOK BAY,M,N,35000,0,0,0,0,25769824210
99637,907,AK,Chebel,Pitteway,M,723-8440,TOKSOK BAY,M,Y,55000,0,0,0,0,26661
4776,207,E,Natacha,Courtenage,F,540-5147,SHERMAN,S,Y,25000,8.5,2850,0,2850,17179874879
5875,802,VsT,Peng,Collett,F,269-5983,WEST GLOVER,S,N,75000,4.4972854,3300,"",0,17179884105
20413,202,DC,Laurie,Altiok,F,726-9030,WASHINGTON,S,N,30000,9,1370,0,0,8589973519
20413,202,DC,Mabhin,Baaleh,F,811-3248,WASHINGTON,S,N,40000,9,1370,0,0,8589979787
38139,615,bTN,Michelle,Sirovich,M,850-8289,GERMANTOWN,M,Y,75000,0,0,0,0,8589989635
43407,216,OH,Kunsoo,Sippi,F,485-4838,BURGOON,S,N,100000,3.8655128,1300,0,0,8589971354
58506,701,ND,Adel,Izumida,F,678-2554,BISMARCK,S,N,40000,2.2194002,3300,0,0,1305
58506,701,ND,Ferdi,Aboulhamid,M,747-7953,BISMARCK,M,N,80000,2.68309,0,6600,0,47150
73664,918,OK,Ravi,Hutton,F,948-1105,SENTINEL,M,N,95000,6.25,0,2000,0,17179892671
73664,918,OK,Naoaki,Thistlewaite,M,321-2520,SENTINEL,S,N,95000,6.25,1000,0,0,17179873781
83530,208,oID,Rishiyur,Halgason,M,682-3355,GRANGEVILLE,M,Y,30000,7.8,0,6600,3300,17179895334
89301,702,NV,Rahim,Hendren,M,797-2661,ELY,M,Y,55000,0,0,0,0,17179890192
89301,702,NV,Jifeng,Gazdag,M,162-8414,ELY,S,N,20000,0,0,0,0,8589955037
96844,808,HI,Matthieu,Petit,M,702-9587,HONOLULU,M,Y,25000,5.546053,0,2080,1040,8589986955
96844,808,HI,LeAnn,Langemran,F,306-3144,HONOLULU,M,Y,15000,3.743421,0,2080,1040,8589973803
99633,907,K,Wensheng,Soinard,F,458-3770,NAKNEK,S,N,10000,0,0,0,0,25769812929
3079,603,NH,Marlis,Hossley,F,311-3397,SALEM,S,N,75000,0,0,0,0,8589984716
3079,603,NH,Akmal,Jahnichen,F,303-2843,SALEM,M,Y,15000,0,0,0,0,4010
8083,732,xNJ,Annedore,Drenick,F,293-4751,SOMERDALE,M,N,35000,1.6365625,0,2000,0,9068
28017,336,C,Karpjoo,Apers,M,815-8894,BOILING SPRINGS,S,N,65000,7.0961537,3300,0,0,8589962898
31643,404,GA,Dorota,Prieto,M,421-6701,QUITMAN,M,Y,95000,6,0,5400,3000,38157
39079,228,MS,Yuehong,Slosberg,M,941-4232,GOODMAN,S,Y,100000,5,6000,0,1500,25769824134
39079,228,MS,Hidehito,Carle,M,701-8126,GOODMAN,S,N,60000,5,6000,0,0,8589940922
58756,701,ND,Noela,Kontos,M,496-8689,MAKOTI,S,N,75000,2.6251287,3300,0,0,17179878465
58756,701,ND,Shengchang,Notz,M,129-5379,MAKOTI,M,N,100000,2.914935,0,6600,0,17179906933
60622,618,IL,Emilo,Sagert,F,470-5137,CHICAGO,S,N,40000,3,2000,0,0,42720
68933,308,NE,Basuki,Labarthe,M,594-2388,CLAY CENTER,S,N,35000,6.84,103,0,0,16717
74332,918,OK,Shiquan,Osteen,F,473-1747,BIG CABIN,S,N,85000,6.25,1000,0,0,17179908459
74332,918,OK,Singo,Bidwell,F,565-5317,BIG CABIN,M,N,5000,3.0555556,0,2000,0,17179911548
82327,307,WY,Mariam,Dart,M,538-5632,HANNA,M,N,15000,0,0,0,0,8589983663
82327,307,WY,Sankar,Sergot,M,432-4087,HANNA,S,Y,60000,0,0,0,0,17179901858
83435,208,vID,Saumya,Bothner,F,927-9009,MONTEVIEW,S,N,100000,7.8,3300,0,0,17179902995
83851,208,DI,Huisheng,Daly,F,861-5204,PLUMMER,S,N,85000,7.8,3300,0,0,8589945026
83876,208,ID,Fikret,Lorincz,M,656-8271,WORLEY,S,N,50000,7.8,3300,0,0,47463
83876,208,ID,Zosimo,Flich,M,293-2262,WORLEY,M,N,20000,6.948391,0,6600,0,25769829056
84028,801,TU,Mabo,Pottosin,M,479-2221,GARDEN CITY,M,Y,75000,7,0,4950,2475,8589979807
84622,801,UT,Yooshin,Musse,M,504-5911,CENTERFIELD,S,N,60000,7,2475,0,0,25769822479
84622,801,UT,Joann,Banh,F,85-6559,CENTERFIELD,M,Y,80000,7,0,4950,2475,8589956600
98050,425,WA,Fatos,O''Boyle,F,352-4097,PRESTON,S,N,90000,0,0,0,0,46486
98050,425,WA,Tomohiko,Kulabas,M,506-2849,PRESTON,S,N,85000,0,0,0,0,17179925639
780,787,R,Amer,Steketee,M,354-1258,COTO LAUREL,M,N,30000,0,0,0,0,6823
1525,617,MA,Surya,Cheriton,F,341-3578,LINWOOD,M,Y,15000,s5.3,0,7150,1000,17179917846
1525,617,MxA,Philipe,Yonezaki,M,748-9746,LINWOOD,S,Y,35000,5.3,3575,0,1000,17179885028
3444,603,H,Jayanti,Souquieres,F,272-2580,DUBLIN,M,Y,80000,0,0,0,0,8589952518
3810,603,sNH,Banchong,Federico,M,399-4393,ALTON BAY,S,Y,65000,0,0,0,0,15711
5055,802,VT,Marla,Robson,M,501-7191,NORWICH,M,N,95000,4.8951945,0,6600,0,8589984607
5055,802,VT,Aniello,Tsigas,F,831-6810,NORWICH,S,N,65000,4.298331,3300,0,0,8613
5830,802,VT,Karthik,MacLean,F,446-9726,DERBY LINE,M,N,45000,3.9004214,0,6600,0,8589962965
5830,802,VT,Atreyi,Hettesheimer,M,568-7736,DERBY LINE,M,N,80000,4.9567627,0,6600,0,13456
15860,717,PA,Kai,Surjaatmadja,F,637-4630,SIGEL,M,N,10000,3.07,0,0,0,8589961017
21788,240,D,Feliks,Murtha,M,376-4326,THURMONT,M,N,20000,4.75,0,4800,0,46892
25015,304,VW,Ryohei,Madnick,M,521-4855,BELLE,M,Y,50000,5.8,0,4000,2000,17179898628
25022,304,WV,Yuejian,Steketee,M,288-8493,BLAIR,M,Y,5000,3,0,4000,2000,25769824141
25022,304,WV,Bowen,Marefat,F,804-7816,BLAIR,M,Y,65000,6.5,0,4000,2000,21412
29449,864,SC,Katsushi,Raschke,F,511-4711,HOLLYWOOD,M,N,25000,7,0,6600,0,8589963618
38955,601,MS,Wasim,Gopfrich,F,745-7944,SLATE SPRING,M,Y,60000,5,0,12000,1500,25769811814
38963,662,MS,Pierangelo,Pargaonkar,F,286-9971,TUTWILER,M,Y,15000,5,0,12000,1500,17179885538
40215,502,xKY,Seraffin,Piera,M,751-8718,LOUISVILLE,M,Y,30000,3.5,0,40,20,17179904244
74521,405,K,Ryosuke,Culetu,F,446-8079,ALBION,M,N,100000,6.25,0,2000,0,17179898734
86323,480,AiZ,Shoujie,Tashiro,F,911-9910,CHINO VALLEY,S,Y,10000,2.87,2100,0,2300,17179909356
96731,808,IH,Vojislav,Subramanya,M,925-5633,KAHUKU,S,N,45000,8.25,1040,0,0,25769810548
96781,808,HI,Vladan,Wittlich,M,871-8754,PAPAIKOU,M,Y,90000,8.25,0,2080,1040,25769810386
96781,808,HI,Yeow,Kupper,F,982-6760,PAPAIKOU,S,Y,30000,6.447368,1040,0,1040,25769820080
96781,808,HI,Sahrah,Shedroff,M,351-4190,PAPAIKOU,S,Y,70000,8.25,1040,0,1040,17179899722
98848,360,A,Valdiodio,Kinnen,M,574-1614,QUINCY,S,Y,85000,0,0,0,0,25769806775
99663,907,AK,Messaoud,Castellani,M,889-6457,SELDOVIA,S,Y,80000,0,0,0,0,8589989088
99663,907,AK,Merja,Lukose,M,692-1141,SELDOVIA,S,N,45000,0,"",0,0,8589988917
961,787,PR,Mayuram,Werling,F,976-5076,BAYAMON,M,N,25000,0,0,0,0,8589987638
961,787,PR,Kohei,Wasano,F,878-7446,BAYAMON,M,Y,70000,0,0,0,0,8589968834
4027,207,uME,Georgios,Meddes,F,525-2427,LEBANON,S,N,95000,8.5,2850,0,0,52426
6146,203,CT,Marcello,Pescio,M,275-8064,HARTFORD,M,Y,35000,5,0,24500,0,8589983109
6146,203,CT,Kaizhi,Delgano,M,735-7517,HARTFORD,S,Y,30000,5,12750,0,0,8589961275
20061,202,DC,Tschera,Crouzet,M,888-7238,WASHINGTON,S,Y,65000,9,1370,0,13u70,25769804155
20061,202,DC,Sjaak,Giegerich,F,366-6385,WASHINGTON,S,N,70000,9,1370,0,0,17179912057
30218,678,aGA,Pieluigi,Toinard,F,654-2709,GAY,M,N,90000,6,0,5400,0,17179885472
47871,574,IN,Krista,Kirkerud,M,178-1855,RILEY,S,N,50000,3.4,1000,0,0,8589970309
49274,810,I,Jayaram,Simos,M,284-8605,READING,S,N,20000,3.9,3100,0,0,8589952538
55113,763,MN,Eamonn,Bilotta,M,410-7317,SAINT PAUL,M,Y,25000,5.5895944,0,6600,3300,39224
66110,785,KS,Lenwood,Gorn,M,120-8083,KANSAS CITY,M,Y,35000,6.45,0,4500,2250,8589974301
72933,501,AR,Chamond,Focacci,F,718-3897,CHARLESTON,M,N,70000,7,0,40,0,25468
72933,501,AR,Regino,Desautels,F,297-7982,CHARLESTON,M,N,65000,7,0,40,0,17179893343
85068,602,yAZ,Gebreselassie,Ramalho,F,690-1339,PHOENIX,S,Y,30000,3.1799998,2100,0,2300,51658
87530,505,NM,Smita,Rumelhart,F,682-5455,EL RITO,M,Y,5000,1.7,0,6600,3300,17179912246
87530,505,NM,Jaber,Shumilov,F,558-9605,EL RITO,M,N,100000,5.3,0,6600,0,8589949710
87825,505,cNM,Hosahalli,Anstey,F,986-5246,MAGDALENA,M,N,25000,5.3,0,6600,0,8589943917
5846,802,VT,Francoise,Doegun,F,301-6593,ISLAND POND,S,N,85000,4.69624,3300,0,0,48909
5846,802,VT,Vigyan,Cleveland,M,333-9982,ISLAND POND,S,N,10000,3.6,3300,0,0,25769808782
6474,860,CT,Sujatha,Leenaerts,F,752-8061,NORTH WESTCHESTER,S,Y,50000,5,12750,0,0,17179916480
6474,860,CT,Viviana,Kabat,F,168-2724,NORTH WESTCHESTER,S,Y,20000,5,12750,0,0,25769810293
6889,860,CT,Hugues,Cannon,M,833-7312,WESTPORT,M,N,35000,5,0,24500,0,8589944853
6889,860,CT,Raj,Wiederhold,F,631-3238,WESTPORT,M,N,55000,5,0,24500,0,17179890498
7650,848,J,Christelle,Tasistro,F,302-5557,PALISADES PARK,M,N,35000,1.6365625,0,2000,0,28447
19734,302,cDE,Ulfar,Zhongzhi,F,387-8695,TOWNSEND,M,N,65000,5.95,0,220,0,25769805649
20227,202,C,Hsianlin,Arroyo,M,873-8049,WASHINGTON,S,Y,15000,5.625,1370,0,1370,8589944388
46835,765,NI,Youseek,Moshell,M,596-3075,FORT WAYNE,S,N,95000,3.4,1000,0,0,25769823754
69170,308,EN,Tsuguo,Molenaar,F,607-3909,WELLFLEET,S,Y,90000,6.84,103,0,103,25769804228
81024,720,O,Tina,Ohsie,M,772-9788,BONCARBO,S,Y,55000,4.63,0,0,0,17179924742
81231,970,kCO,Derrell,Schlenzig,M,378-2384,GUNNISON,S,N,10000,4.63,0,0,0,34933
83302,208,IzD,Bianka,Poletto,M,586-7478,ROGERSON,M,N,70000,7.8,0,6600,0,19112
84122,435,TU,Kelvin,Purna,M,429-4014,SALT LAKE CITY,S,Y,10000,7,2475,0,2475,8589965526
97021,503,OR,Simant,Fudos,M,372-3208,DUFUR,S,Y,95000,9,159,0,159,17179911260
97021,503,OR,Feng,Dayhoff,F,418-2334,DUFUR,M,N,90000,9,0,318,0,47040
968,939,R,Santonu,Flewelling,M,420-2080,GUAYNABO,S,N,40000,0,0,0,0,17179902073
2840,401,RjI,Shukri,Masaki,F,720-3621,NEWPORT,S,N,10000,0,0,0,0,17179910008
2874,401,RI,Tsun,Blumenrohr,M,100-8925,SAUNDERSTOWN,S,N,55000,0,0,0,0,25769804272
2874,401,RI,Kouji,Benn,M,607-1590,SAUNDERSTOWN,M,N,45000,0,0,0,0,8589969723
4982,207,MyE,Amihai,Gebele,M,390-6021,STRATTON,M,N,35000,8.5,0,5700,0,6885
35297,256,AL,Yan,Keates,M,879-7592,BIRMINGHAM,M,Y,95000,5,0,3000,300,25769818335
43101,440,OH,Danette,Bilardi,M,430-9737,ADELPHI,M,Y,75000,3.0356412,0,2600,1300,32548
49267,231,IM,Rajib,Granieri,F,426-7689,OTTAWA LAKE,M,N,90000,3.9,0,6200,0,17179890845
56915,202,qDC,Tomyyuki,Parnas,F,773-2799,PARCEL RETURN SERVICE,M,N,30000,9,0,2740,0,17179925932
61859,309,IL,Shinsuke,Zabele,M,294-9299,OGDEN,S,N,55000,3,2000,0,0,17179908346
82310,307,WY,Hoewon,Furedi,M,737-7281,JEFFREY CITY,M,Y,65000,0,0,0,0,8589942891
82310,307,WY,Ayse,Malolepszy,F,447-8604,JEFFREY CITY,M,Y,15000,0,"",0,0,14844
85530,520,AZ,Madhukar,Koppelaar,M,412-4123,BYLAS,S,N,35000,3.2575,2100,0,0,8589980165
85530,520,AZ,Nia,Padget,M,710-7338,BYLAS,S,N,75000,3.8775,2100,0,0,17179876497
87820,505,MN,Vaughn,Dayana,F,100-1659,ARAGON,M,Y,65000,5.3,0,6600,3300,25769807761
88353,505,NdM,Hung,Amaldi,F,184-1532,VAUGHN,S,Y,5000,1.7,3300,0,3300,8589945108
89410,702,NV,Mandy,Denos,M,544-4468,GARDNERVILLE,S,N,95000,0,0,0,0,8589981911
89410,702,NV,Rajaraman,Highland,M,783-6484,GARDNERVILLE,S,Y,35000,0,0,0,0,17179890672
89410,702,NV,Habiba,Vincente,M,210-5087,GARDNERVILLE,M,Y,55000,0,0,0,0,8589935643
89410,702,V,Stecey,Jereb,F,924-8618,GARDNERVILLE,S,N,30000,0,0,0,0,17179914854
96714,808,IH,Jacky,Lucky,F,526-7526,HANALEI,M,Y,15000,3.743421,0,2080,1040,8589949867
96815,808,HbI,Ram,Simkin,M,658-6588,HONOLULU,M,Y,10000,2.8421054,0,2080,1040,17179891113
96853,808,IH,Alfried,Iivonen,F,579-4267,J B P H H,M,N,60000,8.25,0,2080,0,5266
98371,360,A,Ashid,Nuzman,M,465-6098,PUYALLUP,S,Y,10000,0,0,0,0,12480
2864,401,I,Taishin,Favre,M,724-7696,CUMBERLAND,S,Y,30000,0,0,0,0,17179919574
3446,603,NH,Shri,Howkins,F,420-8866,SWANZEY,M,N,20000,0,0,0,0,17179909574
3446,603,NH,Husheng,Elorriaga,M,248-4683,SWANZEY,M,Y,75000,0,0,0,0,8589945301
8089,551,J,Kien,Cyne,F,535-5686,WATERFORD WORKS,S,N,20000,1.4,1000,0,0,8589967248
39115,228,MS,Mostafa,Manber,M,985-5355,MIDNIGHT,S,Y,10000,5,6000,0,1500,17179870723
39115,228,MS,Taishin,Rosenmann,M,680-9844,MIDNIGHT,M,Y,20000,5,0,12000,1500,17179919566
46031,765,IyN,Fouzia,Sakkinen,F,348-9406,ATLANTA,S,N,80000,3.4,1000,0,0,48530
46527,317,IN,Nunzio,Ruhleder,M,875-1896,GOSHEN,S,N,5000,3.4,1000,0,0,17179879166
46527,317,IN,Fons,Klimov,F,651-3266,GOSHEN,M,Y,60000,3.4,0,2000,1000,48244
59301,406,MT,Yukiyoshi,Terpou,M,281-7399,MILES CITY,S,Y,25000,6.9,1900,0,1900,25769824895
59301,406,MT,Wladyslaw,Walicki,F,244-4179,MILES CITY,S,Y,55000,6.9,1900,0,1900,25769814532
59831,406,MT,Birgitta,Condamines,F,310-3415,DIXON,M,N,100000,6.9,0,3800,0,19817
59831,406,MT,Gookhai,Jonsson,M,603-2923,DIXON,S,N,5000,2.3732758,1900,0,0,55619
82055,307,WgY,Esko,Slisenko,M,409-7113,CENTENNIAL,M,Y,25000,0,0,0,0,44002
83735,208,DI,Dima,Bogle,M,748-1016,BOISE,S,Y,75000,7.8,3300,0,3300,36168
87027,505,M,Boutros,Daul,F,456-1887,LA JARA,S,Y,65000,5.3,3300,0,3300,21370
909,939,PxR,Veda,Lazell,F,898-2000,SAN JUAN,M,Y,70000,0,0,0,0,25769807804
1341,339,MA,Shintaro,Sigillito,F,744-7474,CONWAY,S,Y,20000,5.3,3575,0,1000,17179908354
1341,339,MA,Sachar,Biagini,F,595-8937,CONWAY,M,Y,80000,5.3,0,7150,1000,17179899060
4739,207,ME,Candace,Haddawy,F,695-8174,EAGLE LAKE,S,Y,40000,8.5,2850,0,2850,23286
4739,207,ME,Mun,Mourlas,M,591-1428,EAGLE LAKE,M,Y,80000,8.5,0,5700,2850,17179871583
5770,802,VT,Dusan,Favre,F,291-5874,SHOREHAM,S,Y,20000,3.6,3300,0,3300,38960
5770,802,VT,Keri,Lehoczky,M,810-5146,SHOREHAM,M,N,10000,3.6,0,6600,0,8589966333
25849,304,dWV,Arash,Rist,F,344-5695,GLEN WHITE,S,Y,70000,6.5,2000,0,2000,10532
58756,701,DN,Emma,Aschim,M,922-6340,MAKOTI,S,Y,30000,2.1034775,3300,0,3300,42776
82009,307,YW,Ayal,Takami,M,572-3053,CHEYENNE,S,Y,80000,0,0,0,0,14674
83463,208,bID,Kunwadee,Saleeb,M,427-3761,GIBBONSVILLE,M,N,80000,7.8,0,6600,0,8589971380
2812,401,pRI,Zhilin,Litvinov,F,560-7673,CAROLINA,S,Y,65000,0,0,0,0,25769827806
2894,401,IR,Annemarie,Schirra,F,994-8567,WOOD RIVER JUNCTION,S,N,80000,0,0,0,0,9152
6073,203,CT,Xing,Dar,M,798-3935,SOUTH GLASTONBURY,S,N,45000,5,12750,0,0,25769816886
6073,203,CT,Joelle,Giggi,F,681-1780,SOUTH GLASTONBURY,M,Y,90000,5,0,24500,0,8589957020
11767,914,NY,Benrhard,Chiarodo,F,898-5512,NESCONSET,S,N,80000,4.4170732,0,0,"",17734
21561,301,MD,Costas,Deogon,M,571-2936,SWANTON,M,Y,20000,4.75,0,4800,2400,31157
21561,301,MD,Akhileswaran,Bruandet,M,238-2999,SWANTON,S,N,8000,4.75,2400,0,0,3517
28801,336,hNC,Wagdy,Silva,M,345-1533,ASHEVILLE,S,Y,60000,6.991286,3300,"",3300,25769810951
36420,334,AL,Gianluca,Nakhaeizadeh,F,132-9227,ANDALUSIA,M,Y,85000,5,0,3000,300,53806
36420,334,AL,Zongji,Wischnewsky,F,762-5515,ANDALUSIA,M,Y,15000,5,0,3000,300,25769828943
39044,228,MS,Asok,Slimani,F,568-2905,BRAXTON,M,N,80000,50,0,12000,0,12893
46377,317,N,Hans,Wooldridge,F,766-9628,SHELBY,S,Y,30000,3.4,1000,0,1000,8589937488
46748,765,N,Demetri,Choukair,F,349-1135,HUNTERTOWN,S,Y,20000,3.4,1000,0,1000,34567
54437,262,dWI,Irmtraut,Socolovsky,F,612-7928,GREENWOOD,M,Y,5000,4.6,k0,1400,400,8589948310
71023,225,LA,Rodnay,Penberthy,M,214-1732,DOYLINE,M,N,75000,6,0,9000,0,17179895846
71023,225,LA,Ewing,Hagert,M,240-4538,DOYLINE,M,N,15000,2.8,0,9000,0,45179
73764,405,OK,Toshihide,Machlin,M,129-1949,OMEGA,S,Y,50000,6.25,1000,0,1000,17179926489
73764,405,OK,Damian,Treble,F,582-6618,OMEGA,M,N,5000,3.0555556,0,2000,0,32343
82615,307,WY,Atanu,Lachiche,M,396-7729,SHIRLEY BASIN,M,Y,70000,0,0,0,0,13148
82615,307,WY,Jois,Spray,F,810-9565,SHIRLEY BASIN,M,Y,70000,0,0,0,k0,8589957509
96776,808,HI,Hannu,Guski,M,181-5306,PAAUILO,M,N,5000,1.9407895,0,2080,0,8589937396
96776,808,HI,Gotz,Lebah,F,217-5877,PAAUILO,M,Y,65000,8.25,0,2080,1040,55912
2880,401,RI,Haiyan,Kingdon,M,271-7799,WAKEFIELD,M,N,5000,0,0,0,0,8589936353
2880,401,RI,Vhris,Maamir,F,695-4727,WAKEFIELD,S,N,60000,0,0,0,0,25769808502
5829,802,pVT,Shun''ichi,Kikuchi,F,429-1807,DERBY,S,Y,45000,3.9004214,3300,0,3300,17179910168
20229,202,fDC,Zinovy,Tattersall,M,701-8732,WASHIvNGTON,"",Y,70000,9,0,2740,1370,25769828594
20557,202,DC,Olivera,Angiulli,M,493-6225,WASHINGTON,S,N,40000,9,1370,0,0,17179879961
20557,202,DC,Prakash,Blaine,F,570-8386,WASHINGTON,S,N,5000,0.45,1370,0,0,17179887116
21161,410,MuD,Shivi,Schaeffer,F,901-6842,WHITE HALL,S,Y,100000,4.75,2400,0,2400,17179908773
37916,931,TN,Fusako,Musha,M,559-1533,KNOXVILLE,S,Y,30000,0,0,0,0,50215
37916,931,TN,Mariet,Weinert,M,674-7743,KNOXVILLE,M,Y,40000,0,0,0,0,8589983904
58260,701,ND,Srilekha,Feldmesser,F,287-8672,MILTON,S,N,25000,2.1,3300,0,0,17179914306
58260,701,ND,Isidro,Bouabdallah,M,351-6838,MILTON,M,N,80000,2.68309,0,6600,0,8589948694
70302,225,A,Tumasch,Krikis,M,862-9469,THIBODAUX,M,N,95000,6,0,9000,0,25769804620
71079,337,LA,Djamal,Muluszynski,M,385-3355,SUMMERFIELD,M,N,75000,6,0,9000,0,36827
71079,337,LA,Hyuckchul,Mihok,M,972-7791,SUMMERFIELD,S,Y,5000,2,4500,0,1000,8589945765
72384,870,AoR,Saliha,Papadourakis,F,966-5518,TURRELL,M,Y,95000,7,0,40,20,17179900317
80732,719,CO,Etta,Marwedel,M,797-4930,HEREFORD,S,N,10000,4.63,0,0,0,44509
83619,208,ID,Yixin,Benzmuller,F,991-7116,FRUITLAND,S,Y,85000,7.8,3300,0,3300,25769821238
83619,208,ID,Remko,Dhagat,M,821-1658,FRUITLAND,M,N,5000,2.6903439,0,6600,0,17179893952
86340,520,AZ,Dinah,Hutflesz,M,923-9449,SEDONA,M,N,40000,3.335,0,4200,0,36318
86340,520,AZ,Hichem,Terplan,F,561-5359,SEDONA,M,Y,10000,2.87,0,4200,2300,8589940721
97487,503,OR,Theis,Egg,F,332-3206,VENETA,S,Y,80000,9,159,0,159,17179923277
97487,503,OR,Shushma,Bekakos,***,435-5450,VENETA,M,Y,25000,9,0,318,159,17179910273
99725,907,AK,Mrinal,Jupin,F,122-4929,ESTER,S,Y,80000,0,0,0,***,17179871251
99725,907,AK,Nidapan,Woll,F,156-1532,ESTER,S,Y,45000,0,0,0,0,17179877042
786,787,PR,Aloys,Hansgen,F,617-4514,LA PLATA,M,Y,45000,0,0,0,0,6069
786,787,PR,Jouni,Lapis,F,212-2413,LA PLATA,M,N,65000,0,0,0,0,8589958853
1815,339,MA,Tremaine,Luff,F,843-6034,WOBURN,S,N,50000,5.3,3575,0,0,17179927187
3111,603,NH,Avaneendra,Bernick,F,908-2696,MANCHESTER,S,Y,25000,0,0,0,0,14135
3111,603,NH,Orazio,Brunt,F,624-1074,MANCHESTER,S,N,80000,0,0,0,0,17179880496
19732,302,nDE,Sahibsingh,Granlund,F,390-3510,ROCKLAND,S,N,50000,5.268182,110,0,0,17179899675
20080,202,DC,Yoga,Balbin,F,695-4313,WASHINGTON,S,N,50000,9,1370,0,0,25769821511
20080,202,DC,Marisa,Mauboussin,M,738-8131,WASHINGTON,S,N,55000,9,1370,0,0,8589984239
21204,410,MD,Xinxin,O''Haver,F,327-1930,TOWSON,M,N,50000,4.75,0,4800,0,25769817090
25688,304,WgV,Shiroteru,Carrera,M,220-2573,NORTH MATEWAN,***,Y,60000,6.5,0,4000,2000,17179908622
29469,803,SnC,Kumkum,Buescher,F,240-5360,PINOPOLIS,M,N,85000,7,0,6600,0,8589971014
36849,334,AL,Levke,Ducloy,F,940-6435,AUBURN UNIVERSITY,S,N,50000,5,1500,0,0,8589974865
57052,605,D,Bhuvan,Dayana,M,847-9586,OLIVET,S,N,80000,0,0,0,0,19040
57652,605,SD,Sonya,Santucci,M,839-9773,RIDGEVIEW,S,N,55000,0,0,0,0,17179913013
57652,605,SD,Didar,Schaad,"",474-8334,RIDGEVIEW,M,Y,35000,0,0,0,0,35859
59231,406,TM,Wieslaw,Ogunyode,M,688-4524,SAINT MARIE,M,Y,35000,6.9,0,3800,1900,25769813516
63840,314,OM,Kalina,Sallet,F,292-9876,DEERING,M,N,65000,6,0,4200,0,8589961462
67450,316,SK,Till,Landherr,F,915-8960,HOLYROOD,M,Y,90000,6.45,0,4500,2250,17179924467
2054,857,eMA,Quingzhou,Govindjee,M,425-5073,MILLIS,S,N,100000,5.3,3575,0,0,17179888913
2838,401,RI,Newman,Klusik,F,293-5614,MANVILLE,S,N,95000,0,0,0,0,17179876343
2838,401,RI,Stana,Harnett,M,168-9159,MANVILLE,M,Y,95000,0,0,0,0,17179914602
3079,603,hNH,Constantin,Lagendijk,F,363-4468,SALEM,M,Y,65000,0,0,0,0,30582
3839,603,NsH,Mark,Klaschka,M,699-3882,ROCHESTER,S,N,60000,0,0,0,0,8589984449
4740,207,ME,Mayford,Nemytykh,F,470-6164,EASTON,S,N,55000,8.5,2850,0,0,8589987483
4740,207,ME,Guohua,Schaub,F,509-6895,EASTON,M,Y,60000,8.5,0,5700,2850,58086
5820,802,T,Carrel,Sufrin,F,597-4042,ALBANY,M,Y,75000,4.4972854,0,6600,3300,24078
5829,802,VT,Kehong,Ambroszkiewicz,F,431-2512,DERBY,S,N,40000,3.800944,3300,0,0,8589964983
5829,802,VT,Heiki,Dewal,F,611-4789,DERBY,S,Y,40000,3.800944,3300,0,3300,8589939326
6754,203,T,Pawan,Gilchrist,M,988-5431,CORNWALL BRIDGE,M,Y,35000,5,0,24500,0,17179883644
19731,302,DE,Merlin,Lepape,F,328-5673,PORT PENN,M,N,90000,5.95,0,220,0,8589988967
19731,302,DE,Weikang,Buttelmann,F,663-6564,PORT PENN,M,Y,90000,5.95,0,220,110,25769812195
19731,302,DE,Jitian,Martella,F,965-5943,PORT PENN,M,Y,95000,5.95,0,220,110,8589956280
19731,302,DE,Ray,Bekakos,F,584-4013,PORT PENN,M,Y,85000,5.95,0,220,110,17179892817
20319,202,DC,Debasish,Botsch,F,632-7847,WASHINGTON,M,N,35000,9,0,2740,0,33887
20319,202,DC,Atul,Bellairs,F,593-1824,WASHINGTON,M,Y,40000,9,0,2740,1370,13738
21152,443,MD,Johannes,Borowsky,M,225-5255,SPARKS GLENCOE,S,N,65000,4.75,2400,0,0,8589957315
21152,443,MD,Frazer,Pinckney,M,458-1016,SPARKS GLENCOE,M,Y,80000,4.75,0,4800,2400,49112
29617,803,CS,Kalle,Rutsche,M,999-5256,GREENVILLE,M,N,5000,3.563716,0,6600,0,8589961495
31634,678,GA,Shiyu,Yeom,M,425-3184,HOMERVILLE,M,N,80000,6,0,5400,0,17179908871
31634,678,GA,Difu,Kober,F,415-8801,HOMERVILLE,M,Y,85000,6,0,5400,3000,36063
38352,901,NT,Zhu,d''Astous,F,303-2715,LURAY,S,N,60000,0,0,0,0,25769828314
40387,606,Y,Loring,Jervis,F,852-8224,WELLINGTON,S,N,20000,2.9444444,20,0,0,8589977824
57239,605,SD,Nauman,Nahapetian,M,889-8655,GRENVILLE,M,N,20000,0,0,0,0,17179875200
57239,605,SD,Wlodek,Milberg,F,796-3382,GRENVILLE,S,N,85000,0,0,0,0,25769814540
86329,928,ZA,Irfan,Takami,F,637-3994,HUMBOLDT,S,N,50000,3.49,2100,0,0,8589948152
87022,505,NM,Ryszard,Shimshoni,F,470-2616,ISLETA,M,N,50000,5.3,0,6600,0,17179898839
87022,505,NM,Shafeek,D''Amiano,F,886-3855,ISLETA,M,Y,5000,1.7,0,6600,3300,17179905170
87197,505,NM,Greg,Leder,M,560-3785,ALBUQUERQUE,S,Y,70000,5.3,3300,n0,3300,56426
87197,505,NM,Kolar,Azagury,M,511-9836,ALBUQUERQUE,M,N,85000,5.3,0,6600,0,8589969077
92802,909,oCA,Yoad,Guttler,F,340-3273,ANAHEIM,M,Y,65000,9.3,0,174,272,25769821430
729,787,PR,Desmond,Beauducel,F,949-3791,CANOVANAS,S,N,95000,0,0,0,0,35083
729,787,PR,Jarkko,Shahrbabaki,F,701-5693,CANOVANAS,M,N,40000,0,0,0,0,8589951742
3086,603,NiH,Irving,Cacciabue,F,469-6998,WILTON,M,N,35000,0,0,0,0,8589948363
7845,609,NJ,Jahangir,Meacham,M,308-9240,IRONIA,M,N,80000,2.34625,0,2000,0,8589950509
19850,302,E,Supratik,Hanani,M,889-5133,WILMINGTON,M,Y,5000,2.2,0,220,110,17179917461
25015,304,WV,William,Pavlovsky,F,907-5400,BELLE,M,Y,5000,3,0,4000,2000,25769814039
25015,304,WV,Harwood,Hoben,F,315-9609,BELLE,S,N,30000,4.4,2000,0,0,8589938570
25849,304,WV,Maytham,Seidewtiz,F,352-7934,GLEN WHITE,M,N,55000,6.1499996,0,4000,0,8589987551
25849,304,WV,Sheelagh,Siniolakis,M,138-9888,GLEN WHITE,S,Y,65000,6.5,2000,0,2000,17179906586
39202,601,SM,Sarantos,Kachitvichyanukul,F,550-8597,JACKSON,S,Y,85000,5,6000,0,1500,17179902269
59016,406,TM,Renata,Olech,M,303-9450,BUSBY,M,Y,45000,6.9,0,3800,1900,17179894040
59064,406,MT,HyNode,Older,"",544-2070,POMPEYS PILLAR,M,Y,10000,4.916379,0,3800,1900,8589945655
59064,406,MT,Islam,Bruguera,M,278-7783,POMPEYS PILLAR,M,Y,65000,6.9,0,3800,1900,8589948792
73043,918,OxK,Bertha,Perly,F,925-5566,GREENFIELD,S,Y,80000,6.25,1000,0,1000,18294
84761,435,iUT,Shiafun,Matyska,M,847-8330,PAROWAN,S,Y,20000,7,2475,0,2475,17179907253
85348,928,AZ,Karsten,Qizhong,M,597-3721,SALOME,S,Y,60000,3.645,2100,0,2300,8589962905
85348,928,AZ,Irini,Bandes,F,611-8705,SALOME,M,N,5000,2.87,0,4200,0,8589948225
91941,818,A,Meng,Bicarregui,F,137-9969,LA MESA,S,N,95000,9.3,87,0,0,8589988680
97125,503,OR,Kyujin,Chaudhury,M,730-5315,MANNING,S,Y,100000,9,159,0,159,8589972104
97125,503,OR,Jongpil,Kouzes,F,419-2049,MANNING,S,Y,50000,9,159,0,159,8589957863
2188,339,A,Dalibor,Ramaswamy,F,923-4872,WEYMOUTH,M,N,100000,5.3,0,7150,0,32266
5743,802,VT,Tianruo,Lanzi,M,358-1385,FAIR HAVEN,S,N,55000,4.099376,3300,0,0,17179924220
5743,802,VT,Moonwook,Epstein,M,651-3419,FAIR HAVEN,S,N,5000,3.6,3300,0,0,17179870121
15484,484,PA,Luia,Kompanek,F,379-1542,ULEDI,S,N,80000,3.07,0,0,0,8589978879
15484,484,PA,Pravil,Brodal,F,865-9669,ULEDI,S,Y,90000,3.07,0,0,0,17179887543
38731,662,MS,Cen,Warwick,F,464-7565,CHATHAM,M,N,70000,5,0,12000,0,25038
38731,662,MS,Tobin,Karsner,M,865-2675,CHATHAM,S,N,20000,5,6000,0,0,17179925200
45459,419,HO,Stana,Haemer,M,586-8564,DAYTON,M,Y,25000,1.3758974,0,2600,1300,17179914606
58005,701,ND,Lyudmil,Ludascher,M,485-4493,ARGUSVILLE,S,Y,60000,2.451245,3300,0,3300,8589979726
58005,701,ND,Jiwen,Galatescu,M,189-4949,ARGUSVILLE,S,Y,45000,2.2773614,3300,0,3300,8589956330
58558,701,ND,Rabinder,Ramanna,M,128-9171,MENOKEN,M,N,90000,2.7990127,0,6600,0,17179889208
58558,701,ND,Tohru,Calway,M,804-70p31,MENOKEN,M,N,60000,2.451245,0,6600,0,17179925304
58776,701,ND,Francisca,Forti,F,710-2704,ROSS,S,Y,80000,2.68309,3300,0,3300,48786
58776,701,ND,Fairouz,Toyoshima,M,323-7099,ROSS,M,Y,95000,2.8569736,0,6600,3300,45624
61859,309,IoL,Eirik,Gascon,F,935-7461,OGDEN,S,Y,80000,3,2000,0,2000,40824
67209,620,SK,Carrie,Pinkal,F,666-2562,WICHITA,S,Y,60000,6.45,2250,0,2250,24099
68437,308,EN,Toru,Pemmaraju,F,801-8685,SHUBERT,M,Y,70000,6.84,0,206,103,17179926371
73664,918,OtK,Arnd,Thery,F,718-1504,SENTINEL,S,N,90000,6.25,1000,0,0,11489
96828,808,HbI,Milton,Prado,F,898-4119,HONOLULU,S,Y,70000,8.25,1040,0,1040,8589990851
2542,351,AM,Gisli,Pauthner,M,979-2251,BUZZARDS BAY,M,N,30000,5.3,0,7150,0,54678
19952,302,DE,Baudouin,Carrera,F,977-4306,HARRINGTON,M,N,70000,5.95,0,220,0,16765
19952,302,DE,Natsume,Colignon,F,499-8205,HARRINGTON,M,N,70000,5.95,0,220,0,17179875190
29063,843,SC,Sajee,Farrow,F,353-3942,IRMO,M,Y,100000,7,0,6600,3300,17179899939
29063,843,SC,Zeynep,Perring,M,351-9445,IRMO,S,Y,30000,7,3300,0,3300,25769826908
52804,712,AI,Anuj,Pietro,F,809-2087,DAVENPORT,S,N,100000,8.98,40,0,0,10023
57656,605,D,Maurita,Tusera,F,779-4295,TIMBER LAKE,S,Y,100000,0,0,0,0,8589987215
66937,620,SK,Eytan,Dingus,M,498-3296,CLIFTON,S,Y,50000,6.45,2250,0,2250,45253
68969,308,NE,Niel,Vignes,F,810-6777,RAGAN,S,N,15000,4.7976766,103,0,0,17179877075
68969,308,NE,Gain,Tahar,M,243-3835,RAGAN,M,N,70000,6.84,0,206,0,50666
88043,505,NM,Sumant,Nicaud,F,455-5676,HURLEY,M,N,100000,5.3,0,6600,0,17179916876
88043,505,NM,Abimbola,Nisbet,F,125-1001,gHURLEY,M,Y,35000,5.3,0,6600,3300,961
96815,808,HI,Narayana,Prell,F,104-4643,HONOLULU,M,Y,25000,5.546053,0,2080,1040,17179874343
96815,808,HI,Bijan,Hudelmaier,M,175-8172,HONOLULU,M,Y,5000,1.9407895,0,2080,1040,19238
98471,425,WA,Kongshi,Midorikawa,F,819-1171,TACOMA,M,N,65000,0,0,0,0,8589969198
99152,253,A,Tanya,Yonezaki,F,364-6231,METALINE,S,Y,60000,0,0,0,0,17179920961
729,787,sPR,Houtan,Krishnaswami,M,723-6177,CANOVANAS,M,Y,90000,0,0,0,0,8589944172
741,787,PR,Neill,Poor,F,250-8474,PUNTA SANTIAGO,S,Y,30000,0,0,0,***,17179875800
741,787,PR,Dorbin,Ravindranathan,F,261-3350,PUNTA SANTIAGO,M,Y,65000,0,0,0,0,38096
2601,774,MA,Henri,Liuzzi,iM,652-1982,HYANNIS,M,N,25000,5.3,0,7150,0,8589940095
2601,774,MA,Cynthia,Kuhnemann,F,372-3928,HYANNIS,M,N,70000,5.3,0,7150,0,31696
3839,603,NH,Eugen,Mazenc,F,583-3906,ROCHESTER,S,Y,20000,0,0,0,0,44556
3839,603,NH,Mikio,Zwicker,M,363-7254,ROCHESTER,S,N,15000,0,0,0,0,8589990479
30143,912,AG,Babette,Rist,M,250-7910,JASPER,S,Y,5000,4.4,2700,0,3000,15057
44666,614,OH,Shuling,Gischer,F,133-2621,NORTH LAWRENCE,S,N,40000,1.8738205,1300,0,0,17179910054
58440,701,ND,Kin,Ekenberg,M,606-9486,FREDONIA,M,Y,20000,2.1,0,6600,3300,8589967754
58440,701,ND,Fumihide,Raalte,F,379-1439,FREDONIA,S,Y,5000,2.1,3300,0,3300,49854
72003,479,RA,Birgit,Godo,M,709-5558,ALMYRA,S,Y,15000,3.773037,20,0,20,19785
84327,801,TU,Gaby,Earley,M,420-4492,NEWTON,S,Y,60000,7,2475,0,2475,50406
87935,505,NhM,Ping,Capri,F,749-8977,ELEPHANT BUTTE,M,Y,10000,3.2428572,0,6600,3300,17179886100
88002,505,NM,Harriett,Katalagarianos,M,380-5261,WHITE SANDS MISSILE RANGE,S,Y,85000,5.3,3300,0,3300,8589938270
88002,505,NM,Dorothee,Willcock,M,325-5120,WHITE SANDS MISSILE RANGE,S,Y,60000,5.3,3300,0,3300,38191
89825,702,NV,Pius,Pelc,M,295-2754,JACKbPOT,S,N,90000,0,0,0,0,17179886321
89825,702,NV,Josyula,Keam,F,477-3537,JACKPOT,***,Y,80000,0,0,s0,"",8589958819
715,787,PR,Jarogniew,Kroll,F,770-9070,MERCEDITA,M,Y,55000,0,0,0,0,8589951835
715,787,PR,MenChow,Ciampi,F,380-1543,MERCEDITA,M,Y,5000,0,0,0,0,8589988643
4221,207,EM,Okuhiko,Fessel,M,684-5252,CANTON,S,N,60000,8.5,2850,0,0,17179879674
7845,609,JN,Chunming,Grable,F,642-5577,IRONIA,S,Y,90000,2.5039582,1000,0,1500,29218
26346,304,WV,Zixiang,Apostopopoulos,F,347-2703,ELLENBORO,S,N,5000,3,200,0,0,25769828733
26346,304,WV,Hirotaka,Haslam,F,733-2828,ELLENBORO,S,N,45000,5.45,2000,0,0,8589942194
26346,304,aWV,Anany,Heffernan,F,710-5811,ELLENBORO,S,N,35000,4.75,2000,0,0,7582
31643,404,AG,Herkimer,Parrow,M,309-1372,QUITMAN,S,N,100000,6,2700,0,0,8589940379
57381,605,SD,Heiki,Alblas,F,977-4251,WESSINGTON,S,Y,55000,0,0,0,0,8589939310
57381,605,SD,Adas,Kinney,M,529-7359,WESSINGTON,M,N,45000,0,0,0,0,1252
58793,701,ND,Shobana,Noonan,F,139-6036,WESTHOPE,S,N,5000,2.1,3300,0,0,17179909016
58793,701,ND,Gherin,Florissi,M,348-1721,WESTHOPE,M,Y,45000,2.2773614,0,6600,3300,53469
59710,406,MfT,Haim,Sueyoshi,F,600-6343,ALDER,M,N,60000,6.9,0,3800,0,8589936194
68131,308,EN,Coenraad,Paries,M,817-7282,OMAHA,S,Y,10000,3.9097095,103,0,103,30167
81024,720,CO,Halsur,Gyimothy,M,459-2679,BONCARBO,M,N,95000,4.63,0,0,0,8589936784
82084,307,YW,Jennie,Krasemann,M,965-6894,TIE SIDING,M,N,100000,0,0,0,0,8589953259
83524,208,ID,Chuck,Chute,M,432-3405,CULDESAC,M,N,95000,7.8,0,6600,0,29020
83524,208,ID,Vigyan,Biermann,M,495-8670,CULDESAC,S,Y,85000,7.8,3300,0,3300,25769808787
87158,505,NM,Gongxian,Farrara,M,409-2461,ALBUQUERQUE,M,Y,40000,5.3,0,6600,3300,55522
87158,505,NM,Shenze,Nadji,F,481-3012,ALBUQUERQUE,S,N,40000,5.3,3300,0,0,17179907052
912,787,PR,Joo,Sabbadin,pM,377-6991,SAN JUAN,***,N,20000,0,0,0,0,8589957980
912,787,PR,Sauli,Mahboob,F,586-4476,SAN JUAN,M,N,5000,0,0,0,0,17179902967
925,939,wPR,Oriol,Cousineau,F,384-4214,SAN JUAN,M,Y,95000,0,0,0,0,17179880630
937,787,PR,Ilan,Kaltofen,M,553-4377,SAN JUAN,M,Y,35000,0,0,***,0,8589946769
937,787,PR,Fosca,Gotoda,M,201-7975,SAN JUAN,S,N,90000,0,0,0,0,48401
2826,401,RI,Anavai,Bothner,M,990-7180,GLENDALE,S,Y,40000,0,0,0,0,7788
2826,401,RI,Hartmann,Hubbner,M,593-5992,GLENDALE,M,N,85000,0,0,0,0,8589938327
19892,302,DE,LeAnn,McKearney,F,397-9965,WILMINGTON,S,N,15000,2.8818183,110,0,0,8589973795
19892,302,DE,Damian,Banagl,F,475-4853,WILMINGTON,M,N,75000,5.95,0,220,0,32341
20779,301,MD,Gavriela,Bhat,F,643-8835,TRACYS LANDING,S,Y,25000,4.75,2400,0,2400,51532
20779,301,MD,Francky,Hyvonen,F,440-8142,TRACYS LANDING,M,N,90000,4.75,0,4800,0,48851
70158,225,AL,Shuetsu,McKee,M,138-3569,NEW ORLEANS,S,Y,100000,6,4500,0,1000,17179909776
71023,318,LjA,Borivoj,Shyamasundar,F,873-2798,DOYLINE,M,N,80000,6,0,9000,0,21041
71219,318,LA,Damanjit,Heines,M,526-1691,BASKIN,M,N,15000,2.8,0,9000,0,32330
71219,318,LA,Romesh,Hoogewijs,M,478-1813,BASKIN,M,N,75000,6,0,9000,0,17179896412
82190,307,YW,Yongwon,Rivenburgh,F,284-5372,YELLOWSTONE NATIONAL PARK,S,N,85000,0,0,0,0,25769822306
86301,602,Z,Xiuzhen,Verhaegh,M,991-5580,PRESCOTT,S,Y,65000,3.7224998,2100,0,2300,25769817326
96760,808,HI,Nobert,Kushnir,M,517-1656,KURTISTOWN,S,N,90000,8.25,1040,0,0,17179878014
96760,808,HI,Giora,Waldherr,M,180-2338,KURTISTOWN,S,Y,75000,8.25,1040,0,1040,54365
3042,603,NH,Joonsoo,Kovalyov,M,134-7415,EPPING,M,Y,85000,0,0,0,0,8589958141
3042,603,NH,Adadeji,Dutra,F,952-8515,EPPING,M,N,70000,0,0,0,0,1143
25624,304,VW,Faouzi,Kayton,M,135-7999,HENLAWSON,S,Y,65000,6.5,2000,0,2000,45937
29617,803,SC,Xiaoyang,Dicky,F,488-6311,GREENVILLE,S,Y,15000,7,3300,0,3300,25769816655
29617,803,SC,Bastiaan,Pletat,F,713-8015,GREENVILLE,M,Y,35000,7,0,6600,3300,16662
29905,843,SC,Gererd,Seiler,F,124-6181,BEAUFORT,M,N,50000,7,0,6600,0,52736
29905,843,SC,Antonis,Affane,M,107-3253,BEAUFORT,M,N,25000,7,0,6600,0,9893
58108,701,sND,Weizhen,Swan,F,174-6627,FARGO,M,N,80000,2.68309,0,6600,0,25769812466
59337,406,TM,Peteris,Dehkordi,M,231-6541,JORDAN,M,N,95000,6.9,0,3800,0,17179884629
65641,636,MO,Hirotaka,Oerlemans,F,102-5053,EAGLE ROCK,M,Y,25000,6,0,4200,1200,8589942190
67953,785,S,Avshalom,Blakeman,M,966-7047,RICHFIELD,M,Y,90000,6.45,0,4500,2250,14537
68437,308,NE,Bedrich,Gottlieb,M,161-6839,SHUBERT,M,"",5000,3.0217428,0,206,103,16989
68437,308,NE,Roa,Vodislav,F,240-6450,SHUBERT,S,N,65000,6.84,103,0,0,17179895447
85631,520,Z,Reginald,Yeun,F,635-8426,SAN MANUEL,S,N,15000,2.9475,2100,0,0,17179893302
87044,505,NM,Heuey,Abels,F,242-7178,PONDEROSA,M,Y,50000,5.3,0,6600,3300,8589940581
87044,505,NM,Bianca,Ingolfsdottir,F,864-2485,PONDEROSA,M,Y,80000,5.3,0,6600,3300,19091
97325,541,R,Zhiqun,Bhar,F,159-7508,AUMSVILLE,S,Y,60000,9,159,0,159,25769827939
4964,207,ME,Peihuang,Sherman,F,113-8178,OQUOSSOC,S,N,70000,8.5,2850,0,0,17179883867
4964,207,ME,Rongyao,Nomura,M,914-4731,OQUOSSOC,M,N,30000,8.5,0,5700,0,17179896741
20392,202,DC,Gentaro,Rayside,M,662-1015,WASHINGTON,S,Y,15000,5.625,1370,0,1370,52113
20392,202,DC,Aharon,Borowsky,F,593-2342,WASHINGTON,M,Y,80000,9,0,2740,1370,2478
21652,301,MD,Jayang,Morschel,M,463-1546,NEAVITT,S,N,95000,4.75,2400,0,0,8589952422
21652,301,MD,Badrul,Honkela,M,450-8622,NEAVITT,S,Y,15000,4.75,2400,0,2400,15159
36343,256,L,Rogerio,Dana,M,429-6350,GORDON,S,Y,90000,5,1500,0,300,17179896027
39324,228,MS,Valentyn,Heintz,F,213-3439,CLARA,S,Y,45000,5,6000,0,1500,25769806929
39324,228,MS,Aleks,Ramanan,M,418-6849,CLARA,S,Y,90000,5,6000,0,1500,4670
52160,641,AI,Duncan,Jacquot,F,348-9174,NEW ALBIN,M,N,65000,8.98,0,80,0,38768
55578,763,N,Nasser,Goldschmidt,M,874-1638,MAPLE PLAIN,S,Y,30000,5.8564034,3300,0,3300,17179874817
59086,406,MT,Kouamana,Gill,F,497-4783,WILSALL,M,N,90000,6.9,0,3800,0,8589969646
59086,406,MT,Gesine,Wyrostek,M,515-5205,WILSALL,M,N,50000,6.9,0,3800,0,53187
59828,406,TM,Prabir,Treseler,M,418-4619,CORVALLIS,S,Y,30000,6.9,1900,0,1900,17179886950
82053,307,WY,Dhaval,Pyarali,M,175-2071,BURNS,M,Y,70000,0,0,0,0,35593
82053,307,WY,Shinji,Kate,F,927-3061,BURNS,M,N,75000,0,0,0,0,17179908165
82063,307,WY,Yukihisa,Meter,F,148-1661,JELM,M,N,55000,0,0,0,0,25769824779
82063,307,WY,Jagan,Schwabacher,M,585-4225,JELM,M,Y,60000,0,0,0,0,8589950393
82831,307,WY,Hyuk,Bensard,M,744-1415,ARVADA,M,Y,50000,0,0,0,0,8589945782
82831,307,WY,Dzung,Luther,M,826-3148,ARVADA,S,N,20000,0,0,0,0,39182
86340,520,Z,Guangyi,Millo,M,756-4532,SEDONA,S,Y,85000,4.0325,2100,0,2300,57068
98950,253,WA,Kou,Marshall,M,202-4708,VANTAGE,M,N,10000,0,0,0,0,8589969635
98950,253,WA,Ahvin,Peltason,F,506-3867,VANTAGE,M,Y,95000,0,0,0,0,2668
99333,425,WA,Lakshman,Carrigan,F,177-6344,HOOPER,M,Y,85000,0,0,0,0,8589972516
99569,907,KA,Hongguang,Preusig,M,691-3272,CLARKS POINT,M,N,60000,0,0,0,0,8589943313
3255,603,H,Kouchi,Lockwood,M,796-4256,NEWBURY,S,Y,40000,0,0,0,0,8589969677
29605,803,SC,Daeweon,Theodoratos,F,359-5146,GREENVILLE,S,N,75000,7,3300,0,0,31914
29605,803,SC,Nai,Parveen,M,484-5558,GREENVILLE,S,N,45000,7,3300,0,0,17179873258
29850,803,CS,Vaughan,Bijlsma,F,571-4914,VAUCLUSE,"",N,10000,5.752432,3300,0,0,25769807744
30677,229,gGA,Landy,McCormick,M,588-9717,WATKINSVILLE,M,N,100000,6,0,5400,0,8589972895
46851,574,IN,Nozomu,Brooke,***,883-6469,FORT WAYNE,M,N,85000,3.4,0,2000,0,17179879082
49082,313,I,Michio,Weissman,F,452-6148,QUINCY,S,Y,25000,3.9,3100,0,3100,8589989784
55102,320,NM,Yefim,Parkin,F,556-7177,SAINT PAUL,S,N,40000,6.3900213,3300,0,0,25769819699
59530,406,TM,Yifei,Ratto,M,838-2353,INVERNESS,M,N,10000,4.916379,0,3800,0,25769820412
84132,435,cUT,Wanli,Delgrange,M,250-7701,SALT LAKE CITY,S,N,10000,7,2475,0,0,25769811567
99671,907,AK,Shin''ichi,Bergeron,M,973-4434,STEBBINS,S,Y,5000,0,0,0,0,17179908104
99671,907,AK,Chendong,Tata,F,211-6057,STEBBINS,S,N,75000,0,0,0,0,26698
627,787,sPR,Katsutoshi,Staggers,M,193-1239,CAMUY,S,N,90000,0,0,0,0,8589963655
3111,603,H,Zhuopeng,Esch,F,136-4341,MANCHESTER,M,N,100000,0,0,0,0,25769828379
19902,302,DE,Elsa,Krikelis,F,947-4797,DOVER AFB,M,N,75000,5.95,0,220,0,42196
19902,302,DE,Vitali,Chitson,M,388-5112,DOVER AFB,M,N,90000,5.95,0,220,0,25769810032
19902,302,DE,Meral,Kohen,M,843-6597,DOVER AFB,S,Y,70000,5.95,110,0,110,8589988781
33538,954,FL,Jacob,Flasterstein,F,699-2876,LAKE PANASOFFKEE,S,Y,80000,0,0,0,0,8589949920
37022,615,TN,Shirish,Kroeker,F,237-1591,BETHPAGE,M,N,5000,0,0,0,0,17179908535
37615,931,TN,Dianxiang,Roizen,F,167-2752,JOHNSON CITY,M,Y,65000,0,0,0,0,35772
37615,931,TN,Phule,Sakagami,F,498-4612,JOHNSON CITY,M,Y,35000,0,0,0,0,17179885388
42040,270,KkY,Martijn,Sonnenberger,F,210-3472,FARMINGTON,M,N,5000,2.1111112,0,40,0,8589985208
57046,605,SiD,Fikri,Holtman,F,753-4774,MISSION HILL,S,Y,100000,0,0,0,0,47506
80210,719,CO,Kazumasa,Heylen,F,563-1762,DENVER,M,N,65000,4.63,0,0,0,8589964493
80210,719,CO,Tomokazu,Dillon,F,195-5193,DENVER,M,Y,70000,4.63,0,0,0,17179925708
82224,307,WY,Rahim,Moudgal,M,292-3985,LOST SPRINGS,S,Y,55000,0,0,0,0,17179890194
82224,307,WY,Quinzheng,Perrizo,F,850-8901,LOST SPRINGS,S,Y,90000,0,0,0,0,17179888967
89178,775,NmV,Kannan,Grizzle,M,673-7945,LAS VEGAS,M,N,75000,0,0,0,0,8589962129
97020,541,R,Nicolaas,Calude,F,209-2763,DONALD,M,Y,95000,9,0,318,159,17179876815
3859,603,H,Viliam,Marchal,F,892-7802,NEWTON JUNCTION,M,N,80000,0,0,0,0,25769809147
20375,202,DC,Zakarriae,Kalb,M,863-8331,WASHINGTON,M,N,50000,9,0,2740,0,25769826289
20375,202,DC,Xiaoqiu,Dilger,M,306-5204,WASHINGTON,S,N,60000,9,1370,0,0,25769816385
21281,240,MD,Wil,Zongker,M,316-8367,BALTIMORE,M,N,20000,4.75,0,4800,0,25769813659
21281,240,MD,Toshifumi,Kermarrec,F,758-5056,BALTIMORE,S,N,45000,4.75,2400,0,0,17179926453
29470,803,C,Arani,Niittylahti,F,802-7523,RAVENEL,S,N,60000,7,3300,0,0,10479
38963,662,MrS,Jed,Spauster,M,349-3646,TUTWILER,S,N,60000,5,6000,0,0,8589952941
45305,513,OH,Sidd,Fouks,M,697-6834,BELLBROOK,M,Y,50000,2.2057693,0,2600,1300,17179910625
45359,740,OfH,Nora,Tontiwachwuthikul,M,351-8030,PLEASANT HILL,M,Y,60000,2.537718,0,2600,1300,17179878670
53295,262,I,Petre,Linebarger,F,484-3588,MILWAUKEE,S,N,65000,5.575788,700,0,0,17179884730
54893,414,I,Gen,Breuker,M,658-3561,WEBSTER,S,N,100000,6.183918,700,0,0,51820
57702,605,SD,Paramsothy,Cusick,F,109-5295,RAPID CITY,S,"",65000,0,0,0,0,17179882588
57702,605,SD,Knuth,Linehan,F,576-8186,RAPID CITY,M,N,70000,0,0,0,0,8589968748
66013,620,KS,Gilberto,Khatri,F,208-8614,BUCYRUS,S,Y,50000,6.45,2250,0,2250,54146
66013,620,KS,Erol,Fancong,F,632-2435,BUCYRUS,S,N,20000,4.483333,2250,0,0,43704
69038,308,NE,Friedrich,Chleq,F,283-9705,MAYWOOD,S,N,80000,6.84,103,0,0,49588
69038,308,NE,Kabekode,Bruce,F,448-9137,MAYWOOD,S,N,85000,6.84,103,0,0,8589960848
83546,208,ID,Ricard,Ancilotti,F,850-9913,PIERCE,S,Y,45000,7.8,3300,0,3300,17179894768
83546,208,ID,Silviu,Koiso,F,573-1403,PIERCE,M,Y,80000,7.8,0,6600,3300,17179911231
83724,208,ID,Dawson,Devroye,F,359-1273,BOISE,M,Y,25000,7.8,0,6600,3300,33584
83724,208,ID,Youngsong,Renshaw,M,656-5526,BOISE,M,Y,70000,7.8,0,6600,3300,25769823616
84326,435,UT,Cung,Eilenberg,M,322-4336,MILLVILLE,M,Y,25000,7,0,4950,2475,31585
84326,435,UT,Ohad,Hibberd,M,448-8064,MILLVILLE,S,N,100000,7,2475,"",0,17179879538
85608,520,AZ,Csaba,Wenocur,F,585-4397,DOUGLAS,M,N,30000,3.1799998,0,4200,0,31469
96713,808,HI,Natacha,Baak,F,124-2929,HANA,M,qN,15000,3.743421,0,2080,0,17179874874
96713,808,HI,Mercedes,Sommer,F,916-5342,HANA,S,Y,40000,8.25,1040,0,1040,8589988850
96830,808,HI,Aiko,Ljubodraga,F,888-8047,HONOLULU,S,Y,40000,8.25,1040,0,1040,2847
96830,808,HI,Quinzheng,Faron,F,517-6110,HONOLULU,S,N,25000,5.546053,1040,0,0,17179888983
2894,401,RI,Shengdong,McNeill,M,160-1219,WOOD RIVER JUNCTION,M,Y,40000,0,0,0,0,17179906965
2894,401,RI,Fouad,Schmerl,M,674-5400,WOOD RIVER JUNCTION,S,Y,45000,0,0,0,0,48474
2894,401,RI,Inaki,Mongenet,F,597-6232,WOOD RIVER JUNCTION,M,Y,65000,0,0,0,0,8589947373
2920,401,RI,Monish,Sergot,M,647-3719,CRANSTON,M,Y,5000,0,0,0,0,17179869922
2920,401,RI,Krassimir,Ballim,F,392-5385,CRANSTON,S,N,65000,0,0,0,0,8589969956
3224,603,HN,Alban,Tomic,M,611-6613,CANTERBURY,S,Y,65000,0,0,0,0,4384
3576,603,HN,Onno,Lakshmanan,M,521-1805,COLEBROOK,M,Y,50000,0,0,0,0,17179880368
4970,207,ME,Nadezda,Fasching,F,442-9823,RANGELEY,M,N,55000,8.5,0,5700,0,17179872806
4970,207,ME,Tatsuie,Flagg,M,848-4235,RANGELEY,S,N,65000,8.5,2850,0,0,17179921523
5155,802,TV,Tyko,Gausemeier,F,485-4378,SOUTH LONDONDERRY,S,N,80000***,4.5967627,3300,0,0,25769804930
26136,304,VW,Ryuichi,Benn,M,686-4914,BIG BEND,M,N,95000,6.5,0,4000,0,17179898855
29058,864,SC,Kristina,Delgrossi,F,997-7986,HEATH SPRINGS,S,N,80000,7,3300,0,0,8589970433
29058,864,SC,Mohammad,Mattern,F,635-9196,HEATH SPRINGS,M,N,45000,7,0,6600,0,17179869268
30571,678,GiA,Farahangiz,Hanatani,F,698-9431,SAUTEE NACOOCHEE,M,Y,20000,6,0,5400,3000,45954
39323,769,SM,Fereidoon,Ruget,M,285-6112,CHUNKY,M,Y,15000,5,0,12000,1500,47204
58793,701,DN,Fai,Bidulock,F,435-2730,WESTHOPE,M,Y,50000,2.3353226,0,6600,3300,45597
68920,308,NE,Hratchia,Bozzano,M,715-4535,ALMA,M,Y,90000,6.84,0,206,103,8589944270
68920,308,NE,Shinkyu,Dillon,F,211-8062,ALMA,M,Y,50000,6.84,0,206,103,17179908235
68961,308,EN,Shirley,Sporl,F,468-8775,NELSON,S,N,20000,5.685643,103,0,0,17179908581
71466,225,cLA,Rushed,Pimm,M,510-4630,OTIS,S,N,80000,6,4500,0,0,17179898340
72936,479,RA,Sven,Rahmeh,M,385-5626,GREENWOOD,M,Y,65000,7,0,40,20,17179918398
83341,208,D,Valter,Futatsugi,F,372-6479,KIMBERLY,M,N,80000,7.8,0,6600,0,25769807028
87072,505,NM,Georges,Sallaberry,F,212-6664,COCHITI PUEBLO,S,N,5000,1.7,3300,0,0,52256
87072,505,NM,Sanjit,Olaniran,M,544-1013,COCHITI PUEBLO,M,N,35000,5.3,0,6600,0,17179901709
97828,503,OR,Yalin,Jakobus,F,695-6742,ENTERPRISE,M,N,70000,9,0,318,0,25769818217
97828,503,OR,Orrin,Saclay,F,844-2666,ENTERPRISE,S,Y,65000,9,159,0,159,17179880821
98619,509,A,Janett,Preishuber,F,253-2573,GLENWOOD,M,N,50000,0,0,0,0,8589951326
99656,907,KA,Ori,Kwedlo,F,966-4910,RED DEVIL,S,Y,80000,0,0,0,0,17179880580
3226,603,HN,Hollyn,Hladik,M,152-7123,CENTER HARBOR,M,Y,20000,0,0,0,0,8589943047
19730,302,E,Aikira,Scattergood,M,947-9025,ODESSA,S,N,85000,5.95,110,0,0,2812
19962,302,E,Pum,Olaniran,F,597-3845,MAGNOLIA,S,N,40000,4.586364,110,0,0,17179887983
20732,443,MD,Rosmarie,Lipton,F,304-1734,CHESAPEAKE BEACH,S,Y,95000,4.75,2400,0,2400,17179897402
20732,443,MD,Srikant,Herbst,F,641-3674,CHESAPEAKE BEACH,S,Y,30000,4.75,2400,0,2400,17179914230
25706,304,WV,Iordana,Davisson,M,139-9071,HUNTINGTON,S,N,70000,6.5,2000,0,0,8589947958
25706,304,WV,Joonoo,McCrath,F,338-2684,HUNTINGTON,S,Y,100000,6.5,2000,0,2000,8589958133
39735,228,MS,Ngoc,Sramek,M,537-3470,ACKERMAN,M,N,100000,5,0,12000,0,17179876407
39735,228,MS,Alireza,Reece,F,349-6704,ACKERMAN,M,N,10000,5,0,12000,0,5547
54022,920,WI,Paraic,Wellner,F,221-3562,RIVER FALLS,S,Y,70000,5.6626635,700,0,400,17179882551
57427,605,SD,Taghi,Carlstrom,F,313-3438,BATH,S,N,15000,0,0,0,0,17179919438
57427,605,SD,Liliane,Feber,F,539-9642,BATH,S,Y,15000,0,0,0,0,8589975810
59911,406,uMT,Kentaro,Berghe,F,603-6893,BIGFORK,S,Y,15000,6.9,1900,0,1900,8589966147
65641,636,kMO,Fabio,Redys,M,465-7727,EAGLE ROCK,M,Y,10000,6,0,4200,1200,45399
68508,402,E,Abdelilah,Duntsch,F,955-7386,LINCOLN,M,N,85000,6.84,0,206,0,439
68508,402,NE,Luai,Kamsties,M,171-1584,LINCOLN,M,Y,5000,3.0217428,0,206,103,8589978350
68508,402,NE,Grahame,Drayer,M,476-8081,LINCOLN,M,Y,30000,6.84,0,206,103,56221
72346,501,AR,Sidhar,Plantinga,F,210-6450,HETH,M,Y,90l000,7,0,40,20,17179910718
72346,501,AR,Adelheit,Balaji,F,939-8654,HETH,S,N,65000,7,20,0,0,1334
81231,970,CO,Ola,Reiprich,M,423-4989,GUNNISON,M,N,90000,4.63,0,0,0,17179879708
81231,970,CO,Nasreddine,Nobauer,M,416-8717,GUNNISON,M,Y,85000,4.63,0,0,0,17179874787
82721,307,WY,Ivelin,Schuchardt,F,436-8465,MOORCROFT,S,Y,10000,0,0,0,0,8589949209
82721,307,WY,Zahir,Pols,M,171-2362,MOORCROFT,M,N,55000,0,0,0,0,25769826241
99401,253,pWA,Gora,Tabak,M,284-5179,ANATONE,M,N,80000,0,0,0,0,55797
957,939,PR,Miyoki,Hashemian,F,289-9606,BAYAMON,M,N,75000,0,0,0,0,8589992634
957,939,PR,Sichen,Usas,M,632-3364,BAYAMON,S,Y,5000,0,0,0,0,17179910597
2817,401,RI,Veli,Weinand,F,434-5387,WEST GREENWICH,S,N,55000,0,0,0,0,25769807867
2817,401,RI,Evanthia,Muhlen,M,427-7974,WEST GREENWICH,S,N,65000,0,0,0,0,44904
5075,802,VoT,Mikkel,Ajjanagadde,M,161-1679,THETFORD CENTER,S,N,95000,4.8951945,3300,0,0,8589990541
20013,202,DC,Chirstian,Ogata,F,438-3448,WASHINGTON,S,N,100000,9,1370,0,0,27935
20013,202,DC,Ken,Iversen,F,501-7961,WASHINGTON,S,N,15000,5.625,1370,0,0,8589965588
28801,336,NC,Gerri,Lieberherr,M,485-7050,ASHEVILLE,S,Y,85000,7.515734,3300,0,3300,52989
29916,864,C,Kellogg,Zueger,F,941-3162,EARLY BRANCH,S,N,50000,7,3300,0,0,8589965470
37024,901,NT,Huatian,Papadimitriou,M,539-3694,BRENTWOOD,M,N,95000,0,0,0,0,8589944630
50263,641,IA,Adrianos,Slaats,M,882-8696,WAUKEE,***,Y,75000,8.98,0,80,40,1824
50263,641,IA,Jaedong,Lautenschlager,F,801-7363,WAUKEE,S,Y,45000,7.111101,40,0,40,8589950140
59086,406,TM,Jerald,Sweller,M,192-3995,WILSALL,S,N,70000,6.9,1900,0,0,8589953460
59522,406,jMT,Berndt,Couvreur,M,886-7634,CHESTER,S,Y,80000,6.9,1900,0,1900,18118
68378,308,NE,Noushin,Clemm,M,248-6761,JOHNSON,M,Y,100000,6.84,0,206,103,17179879052
68378,308,NE,Aiko,Yagiura,F,381-7561,JOHNSON,M,N,20000,5.685643,0,206,0,2850
83876,208,IzD,Lashon,Scheer,M,701-9780,WORLEY,S,Y,35000,7.8,3300,0,3300,8589973182
84122,435,UT,Congxiao,Hopcroft,M,586-1429,SALT LAKE CITY,M,Y,10000,7,0,4950,2475,30454
84122,435,UT,Grigory,Lafora,M,317-4246,SALT LAKE CITY,M,Y,95000,7,0,4950,2475,56775
85608,520,Z,Sorel,Perschbacher,M,846-2768,DOUGLAS,M,Y,20000,3.0249999,0,4200,2300,17179913321
86434,623,AZ,Guven,Pinger,F,117-6791,PEACH SPRINGS,M,N,45000,3.4125,0,4200,0,8589935250
86434,623,AZ,Afonso,Simao,F,682-5410,PEACH SPRINGS,S,Y,20000,3.0249999,2100,0,2300,2063
627,787,PR,Keijiro,Guiu,M,952-5106,CAMUY,S,N,35000,0,0,0,0,8589965118
627,787,PR,Chandrasekaran,Clack,M,255-4236,CAMUY,M,N,75000,0,0,0,0,25728
2837,401,RlI,Juanita,Koschke,F,309-8053,LITTLE COMPTON,S,N,50000,0,0,0,0,8589959155
3285,603,NH,Hanafy,Cosar,F,307-9654,THORNTON,S,N,50000,0,0,0,0,8589937003
3285,603,NH,Thien,Bickford,M,166-9301,THORNTON,M,N,90000,0,0,0,0,17179923583
6512,860,CT,JoAnna,Elustondo,M,463-8854,EAST HAVEN,M,N,25000,5,0,24500,0,8589956629
6512,860,CT,Einoshin,Justus,F,582-1996,EAST HAVEN,M,N,45000,s5.0,0,24500,0,40792
7017,862,NJ,Hanafy,Musikaev,F,117-3547,EAST ORANGE,M,N,100000,2.6616669,0,2000,0,8589937019
7017,862,NJ,Stafano,Rindone,M,498-7949,EAST ORANGE,M,Y,95000,2.5828125,0,2000,1500,17179914514
21652,301,DM,Cort,Detro,M,988-4696,NEAVITT,S,Y,65000,4.75,2400,0,2400,31045
25511,304,WV,Sankar,Madnick,M,397-8167,DUNLOW,M,N,25000,4.05,0,4000,0,17179901849
25511,304,WV,Bevan,Joachim,F,948-9049,DUNLOW,M,N,85000,6.5,0,4000,0,18711
57078,605,SD,Peigen,Ramanna,M,720-8010,YANKTON,M,N,75000,0,0,0,0,17179883863
57078,605,SD,Tarcisio,Parrow,F,546-6163,YANKTON,S,Y,50000,0,0,0,0,17179921189
57455,605,D,Yukiko,Deacon,M,532-3866,LEBANON,S,N,55000,0,0,0,0,25769824796
60016,217,L,Hironobu,Hebden,M,363-2952,DES PLAINES,S,Y,95000,3,2000,0,2000,8589942045
66213,785,KS,Bani,Weaver,F,996-2104,OVERLAND PARK,S,N,100000,6.45,2250,0,0,15795
66213,785,KS,Cal,Punnekkat,M,938-7890,OVERLAND PARK,M,N,85000,6.45,0,4500,0,23071
66966,316,SK,Shrikanth,Schuster,F,185-9845,SCANDIA,S,N,85000,6.45,2250,0,0,17179909606
67621,785,KS,Mikiya,Goldson,F,336-4179,AGRA,S,N,80000,6.45,2250,0,0,8589990534
67621,785,KS,Kalyanmoy,Carriero,M,131-2235,AGRA,M,N,90000,6.45,0,4500,0,8589961630
68107,402,EN,Hanpei,Bass,M,370-6633,OMAHA,S,Y,50000,6.84,103,0,103,8589937442
68440,402,oNE,Mariet,Frison,M,811-6831,STEELE CITY,S,N,25000,6.5736103,103,0,0,8589983890
72131,479,R,Vinoo,Layer,M,127-8581,QUITMAN,S,N,30000,7,20,0,0,25769809571
82331,307,gWY,Sejin,Nuth,F,952-4321,SARATOGA,S,Y,35000,0,0,0,0,17179903740
83228,208,ID,Akash,Shimajiri,M,920-1913,CLIFTON,S,N,45000,7.8,3300,0,0,3350
83228,208,ID,Sherry,Byrne,M,853-1216,CLIFTON,S,N,55000,7.8,3300,0,0,17179907170
83341,208,ID,Serdar,Hartvigsen,F,538-7338,KIMBERLY,M,Y,75000,7.8,0,6600,3300,17179904390
83341,208,ID,Agnieszka,Puerta,F,130-5697,KIMBERLY,S,Y,30000,7.8,3300,0,3300,2355
84639,801,UT,Fran,Crooks,F,767-6692,LEVAN,M,N,5000,7,0,4950,0,48587
84639,801,UT,Grigore,Spies,M,514-2527,LEVAN,S,N,75000,7,2475,0,0,56685
87575,505,NM,Mayuko,Landy,M,962-5327,TIERRA AMARILLA,M,Y,15000,4.957143,0,6600,3300,8589987582
87575,505,NM,Blagoja,Olken,M,520-7079,TIERRA AMARILLA,S,Y,5000,1.7,3300,0,3300,20100
88244,505,M,Gajanana,Deyuan,F,504-2149,HOBBS,M,N,80000,5.3,0,6600,0,50729
99674,907,AK,Qiwen,Schhwartz,F,570-8806,SUTTON,S,N,90000,0,0,0,0,17179888723
99674,907,AK,Sakari,Libkin,M,184-9824,SUTTON,M,Y,30000,0,0,0,0,17179900097
99674,907,AK,Aos,Bishr,M,321-3052,SUTTON,S,N,85000,0,0,0,0,10274
3444,603,HN,Chandrashekar,Philippsen,M,344-2816,DUBLIN,M,Y,100000,0,0,0,0,25789
4611,207,qME,Dilian,Fouquere,M,547-2542,BEALS,M,Y,35000,8.5,0,5700,2850,36143
19731,302,tDE,Soklei,Spelke,F,968-9949,PORT PENN,M,Y,100000,5.95,0,220,110,17179912532
19946,302,ED,Haihong,Wellman,F,730-8070,FREDERICA,M,N,15000,2.8818183,0,220,0,8589936090
27847,336,NC,Daishiro,Palfreyman,F,502-1497,KELFORD,M,Y,5000,6,0,6600,3300,32119
29605,803,CS,Hoong,Rosneblatt,M,598-1737,GREENVILLE,S,N,55000,7,3300,0,0,8589943764
31836,912,GlA,Juzhen,Gerbe,M,645-1681,WOODLAND,S,N,35000,6,2700,0,0,8589960733
42460,502,Y,Tooru,Muldowney,M,848-9796,SULLIVAN,S,Y,95000,6,20,0,20,17179926155
53947,715,WI,Ehud,Pataki,M,102-8002,MARQUETTE,M,Y,55000,5.4020367,0,1400,400,40510
70554,337,A,Valentino,Tuthill,F,541-7682,MAMOU,M,N,90000,6,0,9000,0,25769806905
71221,225,LgA,Schy,Tripathi,F,519-3969,BASTROP,M,N,25000,6,0,9000,0,17179903342
74869,918,OK,Markos,Kocis,M,394-5386,SPARKS,S,Y,60000,6.25,1000,0,1000,8589984558
74869,918,OK,Eldar,McKeague,F,257-7436,SPARKS,M,Y,35000,6.25,0,2000,1000,41238
96753,808,HlI,Toshimori,Gillo,F,483-2354,KIHEI,S,N,25000,5.546053,1040,0,0,17179926742
99803,907,AK,Prasan,Chappell,M,789-2761,JUNEAU,M,Y,100000,0,0,0,0,17179887309
99803,907,AK,Dugki,Schaap,F,842-6760,JUNEAU,M,Y,65000,0,0,0,0,38689
728,939,PR,Zito,Dolken,M,744-4575,PONCE,M,Y,100000,0,0,0,0,25769828675
728,939,PR,Eckart,Etzion,M,140-6353,PONCE,S,N,5000,0,0,0,0,39381
934,939,RP,Brailey,Aoreira,M,704-5953,FORT BUCHANAN,M,Y,60000,0,0,0,0,21704
26338,304,WV,Juichi,Benzmuller,M,709-3219,CAMDEN,M,N,35000,4.75,0,4000,0,8589959575
26338,304,WV,Joshua,Zadeh,M,262-8249,CAMDEN,S,N,10000,3,2000,0,0,8589958722
26338,304,oWV,Fikri,Gryz,F,285-2714,CAMDEN,S,Y,100000,6.5,2000,0,2000,47494
38628,601,MS,Zhilian,Noice,M,668-8114,FALCON,M,Y,80000,5,0,12000,1500,25769827770
41364,270,YK,Subarna,Forchert,M,817-6253,RICETOWN,M,"",70000,5.7222223,0,40,0,17179915577
46106,219,N,Steinar,Bhanu,F,179-4221,BARGERSVILLE,M,N,85000,3.4,0,2000,0,17179915141
46950,574,NI,Todd,Lenisa,F,723-8268,LUCERNE,S,Y,75000,3.4,1000,0,1000,17179925269
48738,947,IM,Akmal,Shimodaira,F,334-9488,GREENBUSH,S,Y,40000,3.9,3100,0,3100,4020
66213,785,KsS,Tony,Jambor,F,982-5238,OVERLAND PARK,S,N,20000,4.483333,2250,0,0,17179926085
66952,785,S,Gerrine,Oberhuber,F,966-1031,LEBANON,M,N,15000,3.5,0,4500,0,53007
84090,801,UT,Madhusudhan,Lappalainen,F,664-8679,SANDY,M,Y,20000,7,0,4950,2475,8589980243
84090,801,UT,Berndt,Bruckman,M,730-6250,SANDY,M,N,45000,7,0,4950,0,18123
84711,801,UT,Amanda,Bassino,M,879-7810,ANNABELLA,M,N,30000,7,0,4950,0,6486
84711,801,UT,Selmer,Bradey,M,495-8067,ANNABELLA,M,Y,60000,7,0,4950,2475,17179903869
88244,505,NM,Bokyung,Liuzzi,F,459-8595,HOBBS,M,N,10000,3.2428572,0,6600,0,20590
88244,505,NM,Thurman,Cornero,F,350-1599,HOBBS,M,Y,65000,5.3,0,6600,3300,17179924052
96784,808,oHI,Naser,Petereit,F,826-1301,PUUNENE,S,Y,70000,8.25,1040,0,1040,17179874696
96850,808,HkI,Shigetaka,Nekvinda,M,77o8-4377,HONOLULU,M,Y,5000,1.9407895,0,2080,1x040,17179907669
99637,907,K,Balasubramaniam,Calvi,F,167-9592,TOKSOOK BAY,M,N,40000,0,0,0,0,15587
780,787,PR,Petter,Dickey,F,232-4823,COTO LAUREL,M,Y,80000,0,0,0,0,17179884833
780,787,PR,Feixiong,Czeck,M,772-8650,COTO LAUREL,M,Y,40000,0,0,0,0,46715
37224,865,TN,Hajin,Harbusch,F,522-1978,NASHVILLE,M,N,75000,0,0,0,0,8589936436
37224,865,TN,Mariano,Peck,M,581-2335,NASHVILLE,M,N,60000,0,0,0,0,8589983735
39324,228,S,Rangachari,Henton,F,505-3193,CLARA,M,Y,25000,5,"",12000,1500,17179892057
58654,701,NbD,Byong,Edman,F,613-3946,SENTINELr BUTTE,M,Y,30000,2.1034775,0,6600,3300,22924
80644,719,OC,Sandeep,Spitz,M,883-5502,KERSEY,S,Y,15000,4.63,0,0,0,17179901019
87197,505,M,Nectaria,Roytenberg,F,335-5551,ALBUQUERQUE,M,Y,10000,3.2428572,0,6600,3300,17179875579
25564,304,V,Thorsten,Reutenauer,F,293-6332,SOD,M,Y,60000,6.5,0,4000,2000,17179923913
30643,678,GA,Donna,Postley,M,308-9505,HARTWELL,M,N,85000,6,0,5400,0,37945
46748,765,IN,eva,Hikichi,F,812-5312,HUNTERTOWN,S,N,100000,3.4,1000,0,0,44752
57450,605,SD,Grammati,Vines,F,914-5961,HOVEN,S,Y,95000,0,0,0,0,56224
57450,605,SD,Noriko,Megrelis,F,358-2312,HOVEN,M,Y,40000,0,"",0,0,17179878756
58047,701,ND,Johnny,Lubbe,M,128-1018,HORACE,M,Y,10000,2.1,0,6600,3300,8589957453
58047,701,ND,Filipe,Missinai,M,503-3168,HORACE,M,Y,85000,2.7410512,0,6600,3300,47594
58401,701,ND,Chamond,Challab,F,632-7941,JAMESTOWN,M,N,70000,2.5671675,0,6600,0,25481
58401,701,ND,Padmaja,Zeleznik,M,188-8755,JAMESTOWN,S,N,50000,2.3353226,3300,0,"",17179881742
71250,337,LA,Krste,Giesl,M,278-4180,JONES,S,N,30000,6,4500,0,0,8589970659
82055,307,WY,Jahir,Nadella,F,781-6739,CENTENNIAL,S,N,90000,0,0,0,0,8589950532
82055,307,WY,Abdulah,Copperman,F,808-2057,CENTENNIAL,M,Y,80000,0,0,0,0,754
82935,307,WY,Jyoti,Milne,M,889-9692,GREEN RIVER,S,N,35000,0,0,0,0,8589960802
82935,307,WY,Amarnath,Nanard,M,313-6053,GREEN RIVER,M,Y,30000,0,0,0,0,6606
84736,435,UT,Shuzo,Matzke,F,796-9105,HENRIEVILLE,S,Y,100000,7,2475,0,2475,17179910332
84736,435,UT,Pravin,Mobasseri,M,272-8321,HENRIEVILLE,S,N,100000,7,2475,0,0,17179887565
87525,505,M,Dorrit,Dishlieva,F,298-4005,TAOS SKI VALLEY,S,Y,5000,1.7,3300,0,3300,38245
96707,808,IH,Patti,Kilgore,F,335-9625,KAPOLEI,M,N,85000,8.25,0,2080,0,17179883249
2876,401,bRI,Simson,Porenta,M,324-9645,SLATERSVILLE,M,Y,55000,0,0,0,0,17179911474
38730,769,SM,Amin,Rindone,M,131-1801,BOYLE,S,N,95000,5,6000,0,0,6967
64017,573,MO,Fracisco,Giacomo,F,488-6744,CAMDEN,M,N,25000,6,0,4200,0,48559
67138,316,SK,Kwok,Port,M,683-9670,SHRAON,M,N,70000,6.45,0,4500,0,8589971788
80744,720,O,Hagi,Bazire,M,671-1172,OVID,S,N,100000,4.63,0,0,0,8589935888
81151,719,CO,Boumediene,Dinkloh,M,730-7677,SANFORD,S,Y,100000,4.63,0,0,0,21336
81151,719,CO,Mirko,Yagiura,F,146-1792,SANFORD,M,Y,70000,4.63,0,0,0,8589991935
82072,307,Y,Mayuram,America,F,264-2332,LARAMIE,M,N,75000,0,0,0,0,8589987635
605,939,R,Roseli,Pinon,M,498-5133,AGUADILLA,S,N,10000,0,0,0,0,17179897229
20033,202,DC,Sukesh,Psaltis,F,371-5710,WASHINGTON,M,Y,90000,9,0,2740,1370,17179916563
20033,202,DC,Zarko,Prats,M,101-6513,WASHINGTON,M,Y,20000,6.75,0,2740,1370,25769826399
27847,252,CN,Konstantin,Bateman,F,589-5398,KELFORD,S,Y,45000***,6.6765733,3300,0,3300,8589969236
33538,954,LF,Henrik,Bouaziz,F,569-8982,LAKE PANASOFFKEE,S,N,30000,0,0,0,0,8589940138
38875,228,MS,Jianmin,Meuser,F,141-1563,TREBLOC,M,N,50000,5,0,12000,0,8589954475
38875,228,MS,Tassos,Etkin,M,542-4534,TREBLOC,S,Y,40000,5,6000,0,1500,17179921374
56546,507,NM,Wire,Asmussen,M,705-5709,GEORGETOWN,M,Y,50000,6.9236393,0,6600,3300,25769814435
85334,480,AZ,Theo,Bahi,F,711-6388,EHRENBERG,S,N,90000,4.11,2100,0,0,17179923326
85619,520,ApZ,Bhanu,Machlin,M,281-9272,MOUNT LEMMON,S,Y,90000,4.11,2100,0,2300,18827
99772,907,AK,Vaidy,Schoelles,F,141-7546,SHISHMAREF,M,Y,65000,0,0,0,0,25769806710
99772,907,AK,Tomoyuki,Pierce,M,825-5769,SHISHMAREF,S,Y,40000,0,0,0,0,17179925916
2871,401,RI,Mark,Moilanen,M,285-9003,PORTSMOUTH,S,Y,4000,0,0,0,0,8589984448
2871,401,RI,Cheong,Larab,F,427-8196,PORTSMOUTH,M,Y,25000,0,0,0,0,27133
3042,603,H,Gavan,Holand,F,837-3070,EPPING,S,N,75000,0,0,0,0,51487
4010,207,ME,Sailesh,Alameldin,F,112-5306,BROWNFIELD,S,Y,5000,2.2135036,2850,0,2850,17179899818
4010,207,ME,Fumitaka,Tzruya,F,388-7415,BROWNFIELD,M,Y,100000,8.5,0,5700,2850,50012
21788,240,MD,Ferucio,Dinesh,F,668-9999,THURMONT,M,Y,75000,4.75,0,4800,2400,47382
21788,240,MD,Ashoka,Thien,F,959-4022,THURMONT,S,N,70000,4.75,2400,0,0,12603
31201,770,AG,Jiyu,Decaestecker,F,260-4348,MACON,M,N,35000,6,0,5400,0,8589956423
39250,601,S,Naveed,Zechner,F,876-8483,JACKSON,S,N,40000,5,6000,0,0,17179875255
53210,920,WI,Ewald,Protzel,F,392-8514,MILWAUKEE,M,N,30000,4.967658,0,1400,0,45120
53210,920,WI,Hellis,Walinsky,M,729-8284,MILWAUKEE,M,N,80000,5.836415,0,1400,0,8589939698
57791,605,SD,Edjard,Bang,M,614-9538,WASTA,S,Y,60000,0,0,0,0,39701
57791,605,SD,Arani,Maamar,F,322-5306,WASTA,S,N,20000,0,0,0,0,10466
66856,785,KS,Hironao,Preus,M,588-2349,LEBO,M,Y,45000,6.45,0,4500,2250,8589942008
68961,308,NE,Yuriy,Schapire,M,847-4458,NELSON,M,N,5000,3.0217428,0,26,0,25769825574
68961,308,NE,Amir,Alves,M,817-6027,NELSON,M,N,85000,6.84,0,206,0,6989
83865,208,ID,Wenxue,Ariyawansa,F,774-3684,COLBURN,S,Y,15000,5.529042,3300,0,3300,25769812999
83865,208,ID,Shihming,Gumm,F,664-9756,COLBURN,M,Y,20000,6.948391,0,6600,3300,17179907817
87364,505,NM,Dimitros,Merli,F,925-5804,SHEEP SPRINGS,S,N,90000,5.3,3300,0,0,36236
87364,505,NM,Bette,Ilie,M,858-2439,SHEEP SPRINGS,S,Y,95000,5.3,3300,0,3300,18618
87557,505,NM,Pradeep,Sawaragi,M,745-9714,RANCHOS DE TAOS,S,Y,95000,5.3,3300,0,3300,17179887010
87557,505,NM,Francisca,Rosis,F,965-8767,RANCHOS DE TAOS,S,N,25000,5.3,3300,0,0,48776
87825,505,NM,Naveed,Lanzi,F,794-2024,MAGDALENA,S,N,20000,5.3,3300,0,0,17179875264
87825,505,NM,Cecil,Fouss,F,451-2938,MAGDALENA,S,Y,90000,5.3,3300,0,3300,24743
3057,603,H,Abdelghani,Chattopadhyay,F,312-9024,MONT VERNON,S,N,95000,0,0,0,0,364
5846,802,T,Mariano,Kurino,M,103-1939,ISLAND POND,M,N,40000,3.800944,0,6600,0,8589983737
29146,803,aSC,Phalguni,Heljanko,M,977-5938,SPRINGFIELD,M,N,65000,7,0,6600,0,17179884898
39657,601,S,Kiyoko,Chandha,M,443-7401,OSYKA,M,Y,15000,5,0,12000,1500,8589968358
43027,937,OH,Hyuk,Almasi,M,870-8565,HOMER,S,Y,35000,1.7078462,1300,0,1300,8589945778
44666,614,nOH,Spiro,Jowett,M,335-8206,NORTH LAWRENCE,S,N,100000,3.8655128,1300,0,0,17179913907
53190,608,WI,Tetra,Prell,M,697-3009,WHITEWATER,M,N,100000,6.183918,0,1400,0,17179922840
54120,414,WI,Amel,Hanawa,M,987-7752,FENCE,S,Y,15000,4.707031,700,0,400,6783
54120,414,WI,Kikuo,Mashey,F,594-2601,FENCE,S,Y,75000,5.7495394,700,0,400,8589967422
58339,701,D,Syozo,Keil,M,854-2245,HANSBORO,M,N,55000,2.3932838,0,6600,0,17179918912
59016,406,MT,Kazuyoshi,Klimesch,M,690-9742,BUSBY,S,N,35000,6.9,1900,0,0,8589964834
59016,406,MT,Hauke,Karlsson,M,703-8296,BUSBY,M,N,85000,6.9,0,3800,0,8589938654
82520,307,WY,Ashim,Isern,F,132-1904,LANDER,M,N,55000,0,0,0,0,12532
82520,307,WY,Youji,Luksch,M,848-7717,LANDER,M,N,80000,0,0,0,0,25769823397
89411,775,V,Chitta,Wenguo,F,457-6598,GENOA,S,Y,90000,0,0,0,0,28064
98588,360,tWA,Kamalakar,Demner,F,829-7651,TAHUYA,M,N,70000,0,0,0,0,8589961732
99585,907,KA,Umakanta,Joachim,M,212-2650,MARSHALL,M,Y,15000,0,0,0,0,25769805855
959,787,PR,Mansooreh,Hannebauer,M,491-319k0,BAYAMON,S,N,65000,0,0,0,0,8589982653
959,787,PR,Oswald,Crampes,F,422-4821,BAYAMON,S,Y,75000,0,0,"",0,17179881180
1517,978,MoA,Christodoulakis,Koeller,F,850-6821,EAST PRINCETON,M,N,20000,5.3,0,7150,0,28680
2908,401,RI,Helmuth,Botten,M,333-8141,PROVIDENCE,M,N,25000,0,0,0,0,8589939773
2908,401,RI,Donatella,Sartori,F,953-1046,PROVIDENCE,M,N,20000,0,0,0,0,37426
2908,401,RI,Yoshito,Dangelo,F,601-8171,PROVIDENCE,M,N,65000,0,0,"",0,25769823084
19850,302,DE,Iskander,Ostertag,F,794-5829,WILMINGTON,S,Y,65000,5.95,110,0,110,8589948759
19850,302,DE,Chenxi,Fechter,F,699-8431,WILMINGTON,S,N,45000,4.927273,110,0,0,27045
21281,240,aMD,Nomi,Pitschke,F,523-4480,BALTIMORE,S,N,45000,4.75,2400,0,0,17179878581
25022,304,V,Kerim,Samaria,M,793-4716,BLAIR,S,N,95000,6.5,2000,0,0,8589966356
42776,606,YK,Jarallah,Matthes,F,700-5819,SONORA,M,Y,50000,4.611111,0,40,20,8589951627
64066,660,O,Debajyoti,Gerstenkorn,F,829-5542,LEVASY,S,Y,65000,0,2100,0,1200,33779
74552,580,K,Haibin,Kambhampati,M,788-7641,KINTA,S,N,80000,6.25,1000,0,0,8589935946
99781,907,AK,Anisoara,Rauch,F,709-5105,VENETIE,S,N,70000,0,0,0,0,8788
99781,907,AK,Hantak,Justo,F,366-8770,VENETIE,M,Y,90000,0,0,0,0,8589937612
4983,207,kME,Jonghyun,Kaushal,M,975-4547,STRONG,M,Y,45000,8.5,0,5700,2850,8589957799
20405,202,DfC,Klaas,Morrice,F,412-6449,WASHINGTON,S,Y,60000,9,1370,0,1370,8589968592
20709,443,MD,Adeline,Taivalsaari,F,286-3264,LAUREL,M,Y,30000,4.75,0,4800,2400,1376
20709,443,MD,Conrad,Zolotykh,M,769-8335,LAUREL,S,N,5000,4.75,2400,0,0,30502
37148,615,TN,Fanya,Kartik,F,337-4486,PORTLAND,S,N,35000,0,0,0,0,45922
37866,931,TN,Yih,Cappelli,F,311-9567,SHARPS CHAPEL,M,Y,85000,0,0,0,0,25769820487
37866,931,TN,Chandan,Bercovich,M,354-7129,SHARPS CHAPEL,M,Y,35000,0,0,0,0,25519
38623,228,MS,Simant,Schaedler,"",251-4432,DARLING,M,Y,35000,5,0,12000,1500,17179911272
38623,228,MS,Leonardo,Ringeissen,M,885-1779,DARLING,S,Y,45000,5,6000,0,1500,8589974383
38864,662,MS,Chern,Farrens,M,707-9510,RANDOLPH,S,Y,55000,5,6000,0,1500,27187
38864,662,MS,Peichen,Penniman,M,770-5403,RANDOLPH,S,N,30000,5,6000,0,0,17179883829
40153,859,KY,Ondrej,Kohnert,F,208-3254,MC QUADY,M,N,30000,3.5,0,40,0,17179880296
40153,859,KY,Teruo,Gilford,F,269-4783,MC QUADY,M,Y,80000,6,"",40,20,17179922731
52752,515,tIA,Christi,Pivkina,F,569-1609,GRANDVIEW,M,N,5000,0.935984,0,80,0,28510
82219,307,WY,Meinhard,Beckermann,M,573-4568,JAY EM,S,N,35000,0,0,0,0,8589988164
82219,307,WY,Tianxu,Orejas,F,280-8340,JAY EM,S,N,45000,0,0,0,0,17179924229
82922,307,YW,Tokuzo,Sylla,M,163-4329,BONDURANT,S,Y,75000,0,0,0,0,17179925446
89087,775,NV,Yuchen,Talmor,M,984-9833,NORTH LAS VEGAS,S,N,20000,0,0,0,0,25769824046
89087,775,NV,Surata,Sakkinen,F,151-3929,NORTH LAS VEGAS,S,N,70000,0,0,0,0,17179917664
89506,702,NV,Kacem,Ponomarenko,M,204-8631,RENO,S,N,5000,0,0,0,0,8589960882
89506,702,NV,Sonia,Ingvarson,F,270-5317,RENO,S,N,80000,0,0,0,0,17179912893
89883,702,NV,Wenke,Kitaev,F,591-1876,WEST WENDOVER,M,N,30000,0,0,0,0,25769812887
89883,702,NV,Paraskevas,Gyssens,F,560-9229,WEST WENDOVER,M,N,70000,0,0,0,0,17179882608
89883,702,NV,Tyll,Suraweera,F,954-5820,WEST WENDOVER,M,N,35000,0,0,0,0,25769804983
20565,202,DC,Natraj,Troudi,M,580-2910,WASHINGTON,M,Y,10000,4.5,0,2740,1370,17179875160
20565,202,DC,Karsten,Cronin,M,370-6038,WASHINGTON,M,N,45000,9,0,2740,0,8589962903
20732,443,DM,Jamel,Mangaser,M,523-2896,CHESAPEAKE BEACH,M,Y,60000,4.75,0,4800,2400,8589951023
25502,304,WV,Xiaolei,Ravn,F,634-7455,APPLE GROVE,M,Y,15000,3.35,0,4000,2000,25769816153
25502,304,WV,Masat,losgen,M,332-4482,APPLE GROVE,S,Y,25000,4.05,2000,0,2000,8589986183
30113,770,A,Alec,Rajanarayanan,M,767-5871,BUCHANAN,M,N,20000,6,0,5400,0,4559
37181,615,N,Ina,Reim,M,846-5185,VANLEER,S,N,50000,0,0,0,0,8589947357
42120,606,Y,Manoochehr,Detkin,F,282-8627,ADOLPHUS,S,N,75000,6,20,0,0,8589982545
46259,812,NI,Gradimir,Uckun,***,158-2218,INDIANAPOLIS,S,N,90000,3.4,1000,0,n0,56143
57449,605,D,Constantijn,Duclos,M,364-4324,HOUGHTON,S,N,5000,0,0,0,0,30574
64494,660,MaO,Hyunseung,Felici,F,538-2206,UNION STAR,M,N,40000,6,0,4200,0,8589946001
84710,801,UT,Paraskevas,Kayton,F,866-9680,ALTON,S,Y,20000,7,2475,0,2475,17179882626
84710,801,UT,Lynetta,Kokeny,F,532-8151,ALTON,S,Y,95000,7,2475,0,2475,8589979635
84771,801,UT,Luise,Gryz,M,546-3363,SAINT GEORGE,S,N,25000,7,2475,0,0,8589978983
84771,801,UT,Rajendran,Collint,M,977-1494,SAINT GEORGE,S,N,70000,7,2475,0,0,17179890763
85938,480,AZ,Kip,Opatryn,F,723-7321,SPRINGERVILLE,M,Y,60000,3.645,0,4200,2300,8589967946
85938,480,AZ,Saurab,Zirkelbach,F,396-8512,SPRINGERVILLE,S,Y,65000,3.7224998,2100,0,2300,17179903026
96854,808,IH,Saturnino,Pedrotti,M,146-7992,WHEELER ARMY AIRFIELD,M,N,40000,8.25,0,2080,0,17179902752
97731,971,OR,Fumihiro,Yeom,F,521-1271,CHEMULT,M,N,100000,9,0,318,0,49896
5151,802,T,Fabian,Clares,M,697-3331,PERKINSVILLE,S,Y,45000,3.9004214,3300,0,3300,45331
21201,301,MD,Georg,Baer,F,833-7080,BALTIMORE,S,N,65000,4.75,2400,0,0,52210
26285,304,WoV,Riadh,Thombley,M,859-9553,NORTON,M,Y,60000,6.5,0,4000,2000,17179894727
47227,317,NI,Yuko,Meacham,F,225-7867,COMMISKEY,S,Y,55000,3.4,1000,0,1000,25769824912
53190,608,bWI,Jiann,Wafin,M,688-8695,WHITEWATER,S,Y,90000,6.010166,700,0,400,8589954537
96776,808,IH,Udaiprakash,Musto,M,373-4853,PAAUILO,S,N,70000,8.25,1040,0,0,25769805404
96822,808,HI,Mitchell,Rapps,M,273-6867,HONOLULU,M,N,95000,8.25,0,2080,0,8589992244
96822,808,HI,Nihar,Bnassi,M,745-6078,HONOLULU,S,N,40000,8.25,1040,0,0,17179877196
98283,360,A,Chihong,Zislis,F,442-2980,ROCKPORT,S,Y,15000,0,0,0,0,27647
99701,907,bAK,Hester,Koike,M,273-4424,FAIRBANKS,S,N,75000,0,0,0,0,8589940550
2865,401,IR,JongMin,Berezin,M,763-1450,LINCOLN,M,Y,5000,0,0,0,0,8589957832
3242,603,NH,Tomohiro,Bertsekas,F,590-2867,HENNIKER,M,N,65000,0,0,0,0,17179925667
3242,603,NH,Franceso,Wray,M,668-5153,HENNIKER,S,Y,95000,0,0,0,0,48724
20206,202,C,Marisa,Pichetti,M,315-1711,WASHINGTON,M,Y,50000,9,0,2740,1370,8589984237
31320,770,A,Atsuyuki,Kochevar,F,651-6746,MIDWAY,S,Y,70000,6,2700,0,3000,13646
39161,601,SM,Aruna,Gebele,M,796-9562,SANDHILL,S,Y,55000,50,6000,0,1500,11922
74552,580,OK,Sinh,Rachid,F,312-2021,KINTA,M,N,45000,6.25,0,2000,0,17179911575
74552,580,OK,Brock,Henson,F,295-8927,KINTA,M,N,55000,6.25,0,2000,0,22426
82053,307,fWY,Hanmao,McAllester,M,458-8287,BURNS,S,N,60000,0,0,0,0,8589937214
83334,208,IwD,Manton,Panienski,F,590-8511,HANSEN,M,N,35000,7.8,0,6600,0,8589982752
84097,801,TU,Fenghua,Lafouge,M,159-5865,OREM,M,N,30000,7,0,4950,0,47049
87121,505,NM,Itaru,Roussinov,M,703-3335,ALBUQUERQUE,M,N,15000,4.957143,0,6600,0,8589948978
87121,505,NM,Yingsha,Linville,F,436-8783,ALBUQUERQUE,S,Y,100000,5.3,3300,0,3300,25769820946
89087,775,jNV,Iliano,Moncrieff,M,481-4282,NORTH LAS VEGAS,S,N,70000,0,0,0,0,8589946945
97118,971,R,Kuhanandha,Dosser,F,602-4438,GARIBALDI,M,Y,70000,9,0,318,159,8589970852
953,787,R,Karla,Varnai,M,274-4728,TOA ALTA,M,N,15000,0,0,0,0,8589962687
5748,802,VT,Bang,Stephenson,M,874-8509,HANCOCK,S,Y,80000,4.5967627,3300,0,3300,15750
5748,802,VT,Keok,Autexier,F,177-3541,HANCOCK,S,Y,100000,4.994672,3300,0,3300,8589966241
19808,302,xDE,Jongpil,Ascher,F,749-4621,WILMINGTON,S,***,40000,4.586364,110,0,0,8589957865
20579,202,DC,Xuding,Salmen,F,972-9516,WASHINGTON,S,Y,10000,4.5,1370,0,1370,25769817445
20579,202,DC,Tulika,Ball,M,942-7079,WASHINGTON,S,Y,55000,9,1370,0,1370,25769804561
38756,228,MS,Truong,Aoreira,F,741-2154,LELAND,S,N,45000,5,6000,0,0,25769804053
38756,228,MS,Takafumi,Lewandowski,M,745-1090,LELAND,M,Y,35000,5,0,12000,1500,17179919674
44460,234,dOH,Wenan,Landi,F,382-5550,SALEM,M,N,5000,0.712,0,2600,0,25769812522
47525,574,IN,Sami,Gutta,M,627-1893,DERBY,M,N,60000,3.4,0,2000,0,17179900628
47525,574,IN,Yangun,Botman,M,823-3214,DERBY,M,Y,80000,3.4,0,2000,1000,25769818493
47964,260,IN,Maung,Davisson,F,811-1833,MOUNT AYR,M,Y,10000,3.4,0,2000,1000,8589987067
51201,641,AI,Sungho,Olivo,F,244-4871,SHELDON,S,Y,20000,3.2516527,40,0,40,17179917242
57330,605,DS,Matilde,Rapin,M,348-7785,DELMONT,S,Y,65000,0,0,0,0,8589986715
59748,406,T,Valery,Broodsky,M,473-4131,RAMSAY,S,Y,85000,6.9,1900,0,1900,25769806956
67138,316,KS,Zhaokeng,Sucheston,M,187-5346,SHARON,M,N,55000,6.45,0,4500,0,25769827094
67138,316,KS,Ushio,Olivero,M,990-2679,SHARON,S,Y,5000,3.5,2250,0,2250,25769806355
71941,479,RA,Minnie,Hemerly,M,348-2647,DONALDSON,S,Y,20000,4.9682083,20,0,20,8589991422
71949,479,RA,Otilia,Hancart,F,288-5174,JESSIEVILLE,M,N,90000,7,0,40,0,17179881277
97415,971,RO,Kerstin,Cau,F,299-4674,BROOKINGS,M,Y,50000,9,0,318,159,8589966523
99652,907,KA,Toni,McElwain,F,624-4010,BIG LAKE,S,N,60000,0,0,0,0,17179925991
5820,802,VT,Soummya,Zarate,M,490-6216,ALBANY,M,Y,25000,3.6,0,6600,3300,17179913617
5820,802,VT,Christelle,Babb,F,215-4827,ALBANY,S,Y,90000,4.7957172,3300,0,3300,28459
11767,914,NcY,Juho,Pommert,F,597-6561,NESCONSET,S,N,80000,4.4170732,0,0,0,8589959535
19702,302,DE,Otfried,Sobalvarro,F,583-3471,NEWARK,S,Y,10000,2.540909,110,0,110,17179881214
19702,302,DE,Venky,Abbod,F,9654542,NEWARK,S,N,75000,5.95,110,0,0,25769808174
29042,864,CS,Jyrki,Mahalingam,M,258-8834,DENMARK,M,Y,40000,7,0,6600,3300,8589960821
38055,423,N,Francis,Rachev,M,983-1421,MILLINGTON,S,N,70000,0,"",0,0,48760
39661,228,SM,Qun,Rissland,M,435-2333,ROXIE,S,Y,90000,5,6000,0,1500,17179889012
46866,812,NI,Willett,Cuatto,F,645-7764,FORT WAYNE,M,N,95000,3.4,0,2000,0,25769813990
53706,262,I,Subra,Nagasaki,M,660-4772,MADISON,S,Y,35000,5.0545335,700,0,400,17179915882
59213,406,MT,Vidar,Kacprzyk,M,402-7191,BROCKTON,M,Y,75000,6.9,0,3800,1900,25769808696
59213,406,MT,Sahin,Doukas,M,485-8185,BROCKTON,M,N,75000,6.9,0,3800,0,17179899684
83617,208,ID,Sanjukta,Hosaka,M,397-3594,EMMETT,S,Y,50000,7.8,3300,0,3300,17179901830
83617,208,ID,Bui,Bronstein,M,801-7040,EMMETT,S,Y,55000,7.8,3300,0,3300,22688
97415,971,R,Ali,Roura,M,406-1806,BROOKINGS,M,Y,60000,9,0,318,159,5350
98371,360,WA,Darlene,Adamczyk,F,215-4571,PUYALLUP,S,N,95000,0,0,0,0,33196
98448,206,WA,Barney,Landy,F,991-4148,TACOMA,S,Y,85000,0,0,0,0,16196
2222,774,vMA,Khurram,Boersma,F,791-1005,BOSTON,S,Y,25000,5.3,3575,0,1000,8589967131
2817,401,IR,Job,Edmark,M,801-9069,WEST GREENWICH,S,N,35000,0,0,0,0,8589956808
2914,401,RI,Niki,Hoene,M,983-4447,EAST PROVIDENCE,M,Y,15000,0,0,0,0,17179877255
2914,401,RI,Carrsten,Metze,F,495-9647,EAST PROVIDENCE,M,N,95000,0,0,0,0,24167
8853,732,NJ,Davi,Kartha,F,122-1292,NESHANIC STATION,M,Y,10000,1.4,0,2000,1500,33501
18854,570,A,Imanuddin,Altepeter,F,526-4133,WYSOX,M,N,25000,3.07,0,0,0,8589947204
20164,276,VrA,Balanjaninath,Chouraqui,F,806-9609,STERLING,S,Y,10000,3.875,900,0,900,15520
26105,304,WrV,Petru,Adorni,F,514-8517,VIENNA,M,N,95000,6.5,0,4000,0,17179884807
58238,701,D,Minerva,Gadbois,M,881-2907,HAMILTON,S,Y,55000,2.3932838,3300,0,3300,8589990993
66013,620,KsS,Abderrahmane,Ring,F,821-9205,BUCYRUS,S,N,10000,3.5,2250,0,0,642
67546,316,S,Samuel,Loevenich,M,765-3271,INMAN,M,Y,60000,6.45,0,4500,2250,17179900890
84648,435,TU,Gherin,Mirandola,M,832-9980,NEPHI,M,N,55000,7,0,4950,0,53472
88211,505,NM,Xiaolong,Coury,F,857-6137,ARTESIA,S,Y,70000,5.3,3300,0,3300,25769816202
88211,505,NM,Ann,Schleiermacher,F,971-6684,ARTESIA,M,Y,65000,5.3,0,6600,3300,8922
96716,808,HI,Ruslan,Kambhampati,M,939-1925,HANAPEPE,M,Y,45000,8.25,0,2080,1040,17179898364
96716,808,HI,Juval,Riguzzi,F,184-5542,HANAPEPE,M,Y,75000,8.25,0,2080,1040,8589960677
96743,808,HI,Bahaa,Kerpedjiev,M,335-4760,KAMUELA,M,N,95000,8.25,0,2080,0,15195
96743,808,HI,Leandro,Peternell,F,934-6361,KAMUELA,M,N,55000,8.25,0,2080,0,8589973762
97218,541,RO,Lara,Heiman,M,972-7888,PORTLAND,M,Y,45000,9,0,318,159,8589973055
19893,302,ED,Sibabrata,Zuberek,M,486-2889,WILMINGTON,S,N,20000,3.2227273,110,0,0,17179910568
19902,302,ED,Morten,Standera,F,397-4004,DOVER AFB,S,N,65000,5.95,110,0,0,17179870557
57118,605,SD,Sidd,Tzaban,M,615-2302,SIOUX FALLS,S,Y,55000,0,0,0,0,17179910627
57118,605,SD,Uinam,Guan,F,474-5121,SIOUX FALLS,M,Y,10000,0,0,0,0,25769805564
59720,406,MT,Francis,Balaji,M,177-3087,CAMERON,M,N,40000,6.9,0,3800,0,48756
59720,406,MT,Hennie,Ressouche,M,997-5116,CAMERON,M,Y,55000,6.9,0,3800,1900,8589940042
68791,402,NE,Salem,Ardizzone,M,728-8624,WISNER,M,Y,95000,6.84,0,206,103,17179900298
68791,402,NE,Shohji,Roussou,F,854-5883,WISNER,M,Y,30000,6.84,0,206,103,17179909106
68826,402,NE,Nanchang,Ber,F,331-6849,CENTRAL CITY,S,Y,95000,6.84,103,0,103,17179873643
68978,308,E,Bharadwaj,Schlegelmilch,F,707-2476,SUPERIOR,S,Y,35000,6.84,103,0,103,18871
73764,405,K,Hironoby,Rosenmann,F,644-4473,OMEGA,S,N,15000,6.25,1000,0,0,8589942059
73841,580,dOK,Johny,Telerman,F,399-9547,FORT SUPPLY,S,N,5000,3.0555556,1000,0,0,8589957504
80151,720,CO,Poorani,Kahl,M,895-9851,ENGLEWOOD,S,Y,70000,4.63,0,0,0,17179886652
80151,720,CO,Achim,Grotschel,M,858-5232,ENGLEWOOD,S,N,5000,4.63,0,0,0,1072
19731,302,DkE,Timothy,Hogen,F,112-3725,PORT PENN,M,Y,95000,5.95,0,220,110,17179924680
24311,434,A,Heribert,Lovell,M,136-3680,ATKINS,M,Y,15000,5.214286,0,1800,900,8589940355
29734,803,CS,Phillip,Babayan,M,883-9439,ROCK HILL,M,N,60000,7,0,6600,0,17179885183
38346,615,N,Baltasar,Liptay,F,535-4605,IDLEWILD,M,Y,95000,0,0,0,0,15692
38748,769,MS,Azeddine,Rodite,F,732-1428,HOLLANDALE,M,Y,20000,5,0,12000,1500,14923
38804,228,MS,Zhimming,Berrebi,M,483-3435,TUPELO,S,N,35000,5,6000,0,0,25769827849
48230,734,IM,Harwood,Aretz,***,310-8374,GROSSE POINTE,S,N,85000,3.9,3100,0,0,8589938561
65617,636,OM,Pantelis,Schmitt,F,407-3773,BRIGHTON,M,Y,95000,6,0,4200,1200,17179882402
84025,435,UT,Shuling,Metais,F,707-1428,FARMINGTON,M,Y,75000,7,0,4950,2475,17179910042
84025,435,UT,Pyeong,Langerman,F,833-4529,FARMINGTON,S,Y,30000,7,2475,0,2475,17179888153
84070,435,hUT,Jill,Pardalos,F,998-7592,SANDY,S,N,60000,7,2475,0,0,8589955211
84701,435,UT,Jungyun,Spadoni,M,160-2223,RICHFIELD,M,N,70000,7,0,4950,0,8589959899
84701,435,UT,Miae,Caelen,F,864-222,RICHFIELD,M,N,20000,7,0,4950,0,8589989242
87743,505,M,Yingfei,Lust,M,210-1656,ROY,M,Y,50000,5.3,0,6600,3300,25769820818
96740,808,HI,Atsushi,Asperti,F,131-6620,KAILUA KONA,M,N,10000,2.8421054,0,2080,0,13574
96740,808,HI,Samuel,Wissmann,M,623-3105,KAILUA KONA,S,Y,45000,8.25,1040,0,1040,17179900879
97057,503,OR,Jadwiga,Hacken,F,187-5995,SHANIKO,S,N,80000,9,159,0,0,8589950062
97057,503,OR,Evaggelos,McNaught,M,170-5862,SHANIKO,S,Y,65000,9,159,0,159,44792
98844,509,WgA,Zohar,Nuth,F,437-8209,OROVILLE,M,N,60000,0,0,0,0,25769828854
99740,907,hAK,Yohko,Hembry,F,345-3119,FORT YUKON,M,N,85000,0,0,0,0,25769821676
4005,207,ME,Bev,Donjerkovic,F,600-1578,BIDDEFORD,S,Y,30000,8.5,2850,0,2850,18699
4005,207,ME,Lichun,Chandler,F,586-8845,BIDDEFORD,S,Y,55000,8.5,2850,0,2850,8589975353
20010,202,CD,Josiah,Messabih,M,567-2067,WASHINGTON,M,Y,10000,4.5,0,2740,1370,8589958734
38663,601,MS,Xuhua,Rovida,F,688-6574,RIPLEY,S,N,100000,5,6000,0,0,25769817668
41364,270,KY,Nurith,Pelechano,F,854-9212,RICETOWN,M,Y,10000,2.3888888,0,40,20,17179879204
41645,606,KY,Wiet,Lovengreen,F,954-3745,LANGLEY,M,Y,70000,5.7222223,0,40,20,25769813538
41645,606,KY,Changgui,Antonellis,M,426-8494,LANGLEY,M,N,50000,4.611111,0,40,0,25889
53783,920,WI,Bernard,Diday,F,174-8372,MADISON,M,N,40000,5.1414094,0,1400,0,18071
58461,701,NtD,Allesandro,Kleinosky,F,861-7700,LITCHVILLE,M,Y,30000,2.1034775,0,6600,3300,5801
66110,785,S,Renwei,Anquetil,M,707-3324,KANSAS CITY,S,N,85000,6.45,2250,0,0,17179894365
66783,913,SK,Arfst,Nandavar,M,857-2983,YATES CENTER,S,N,55000,6.45,2250,0,0,10822
66856,785,KdS,Wamberto,Venugopal,F,482-3561,LEBO,M,N,90000,6.45,0,4500,0,25769811413
81505,720,CO,Shelli,Sidhu,M,279-7227,GRAND JUNCTION,S,Y,65000,4.63,0,0,0,17179906826
83871,208,DI,Abimbola,Gerstenkorn,F,834-9025,TROY,S,Y,65000,7.8,3300,0,3300,958
89029,775,NV,Veronique,Zaimov,F,372-3821,LAUGHLIN,M,N,30000,0,0,0,0,25769808411
89029,775,NV,Eenjun,Govers,M,290-9089,LAUGHLIN,M,N,60000,0,0,0,0,40122
89177,775,mNV,Ayonca,Schoning,F,108-6744,LAS VEhGAS,M,Y,75000,0,0,0,0,14821
4093,207,ME,Terry,Fortenbacher,F,350-1434,BUXTON,M,N,40000,8.5,0,700,0,17179922515
4093,207,ME,Edmund,Cromwell,M,504-6894,BUXTON,M,Y,30000,8.5,0,5700,2850,39768
19897,302,DE,Kosta,Shahrbabaki,F,922-5669,WILMINGTON,M,Y,95000,5.95,0,220,110,8589969469
19897,302,DE,Stamatina,Creech,M,453-6975,WILMINGTON,S,Y,20000,3.2227273,110,0,110,17179914557
25714,304,VW,Kristiina,Gammill,F,642-2083,HUNTINGTON,M,Y,65000,6.5,0,4000,2000,8589970402
29107,803,SC,Shinsaku,Mitchusson,F,368-2570,NEESES,M,N,90000,7,0,6600,0,17179908276
29107,803,SC,Aarne,Giloi,F,873-3991,NEESES,M,N,5000,3.563716,0,6600,0,113
29850,803,SC,Merrell,Veanes,M,542-9426,VAUCLUSE,M,N,70000,7,0,6600,0,8589988988
30374,678,hGA,Algimantas,Fauth,M,461-1816,ATLANTA,M,Y,40000,6,0,5400,3000,5316
38864,662,SM,Dexter,Certaine,M,399-5479,RANDOLPH,M,Y,30000,5,0,12000,1500,35426
44266,419,H,Hsiang,Weicker,F,745-4771,RAVENNA,M,N,70000,2.8696666,0,2600,0,8589944350
58062,701,ND,Vials,Mukerji,M,192-8804,NOME,S,Y,50000,2.3353226,3300,0,3300,25769808520
58062,701,ND,Yuriy,Sitter,M,896-6312,NOME,S,Y,40000,2.2194002,3300,0,3300,25769825583
58558,701,NiD,Moriyoshi,Kennamer,***,125-7201,MENOKEN,M,Y,70000,2.5671675,0,6600,3300,17179870482
69355,402,NE,Shailey,Katz,M,989-2173,MELBETA,M,N,100000,6.84,0,206,0,17179905450
69355,402,NE,Anoosh,Roodyn,M,910-8769,MELBETA,M,N,100000,6.84,0,206,0,9438
76301,430,TX,Boyko,Weedon,M,168-6428,WICHITA FALLS,M,N,55000,0,0,0,0,21491
96816,808,I,Chuck,Goldson,M,957-1070,HONOLULU,S,Y,85000,8.25,1040,0,1040,29025
3057,603,NH,Angelo,Feulner,M,542-8097,MONT VERNON,S,Y,40000,0,0,0,0,8462
3057,603,NH,Milos,Fahringer,M,208-6161,MONT VERNON,S,Y,45000,0,0,0,0,8589990781
5681,802,VT,Wade,Mezyk,M,669-9331,WOODBURY,S,N,90000,4.7957172,3300,0,0,25769810791
5681,802,VT,Zevi,Redmill,F,951-8624,WOODBURY,M,Y,50000,3.9998987,0,6600,3300,25769826867
20202,202,DC,Armar,Dinkhoff,M,854-5595,WASHINGTON,S,N,75000,9,1370,0,0,11367
20202,202,DC,Tohru,Brahme,M,868-4063,WASHINGTON,M,Y,100000,9,0,2740,1370,17179925322
31705,678,GA,Wanping,Gulliver,M,642-4384,ALBANY,S,Y,50000,6,2700,0,3000,25769811589
36420,334,LA,Tawfik,Bruhl,F,931-3252,ANDALUSAI,S,N,90000,5,1500,0,0,17179921765
57201,605,D,Qinghua,Kinouchi,M,335-7255,WATERTOWN,S,N,15000,0,0,0,0,17179888346
59313,406,MT,Takaharu,d''Alcantara,F,840-5115,BAKER,M,N,40000,6.9,0,3800,0,17179919693
59313,406,MT,Tuija,McCoy,yM,555-9012,BAKER,M,N,5000,2.3732758,0,3800,0,25769804547
66839,913,KkS,Takehito,Karp,M,759-4556,BURLINGTON,S,Y,50000,6.45,2250,0,2250,17179920080
68882,402,EN,Lai,Clarke,M,502-9222,WOLBACH,S,N,90000,6.84,103,0,0,8589972390
70033,225,LA,Kojiro,Banagl,M,696-5510,METAIRIE,M,N,75000,6,0,9000,0,8589968985
89137,702,VN,Hui,Baya,M,905-7516,LAS VEGAS,M,Y,5000,0,0,0,0,8589944862
97820,541,OR,Jagannathan,Giandonato,M,197-7525,CANYON CITY,S,N,25000,9,159,0,0,8589950415
97820,541,OR,Masahiko,Kafatos,F,958-6723,CANYON CITY,S,Y,85000,9,159,0,159,8589985712
98560,509,WA,Soumya,Hoest,F,203-4323,MATLOCK,S,N,75000,0,0,0,0,17179913649
6140,203,T,Xiaofeng,Schlattmann,M,547-6848,HARTFORD,M,Y,45000,5,0,24500,0,25769815910
19897,302,DvE,Lone,Bilardi,F,332-9145,WILMINGTON,M,N,10000,2.540909,0,220,0,8589977478
20202,202,C,Seung,Ruder,F,848-9845,WASHINGTON,M,Y,15000,5.625,0,2740,1370,17179904845
25203,304,gWV,Tetsuya,Sembok,F,348-2364,TURTLE CREEK,S,N,75000,6.5,2000,0,0,17179923006
25326,304,WV,Joshua,Berstel,M,415-4153,CHARLESTON,S,N,55000,6.1499996,2000,0,0,8589958716
25326,304,WV,Katsuhisa,Shigei,M,673-2021,CHARLESTON,M,N,5000,3,0,4000,0,8589963392
26767,304,WV,Jani,Voiskunskii,M,550-3556,WILEY FORD,M,N,45000,5.45,0,4000,0,8589951397
26767,304,WV,Olof,Heiner,F,357-8499,WILEY FORD,S,N,100000,6.5,2000,0,0,17179880107
29042,864,SC,Ciprian,Cappi,F,984-1113,DENMARK,S,N,100000,7,3300,0,0,29423
29042,864,SC,Patrizio,Ramanna,M,409-8111,DENMARK,S,N,95000,7,3300,0,0,17179883201
45784,419,OH,Manjit,Edagawa,M,590-3661,VINCENT,S,Y,30000,1.5418718,1300,0,1300,8589982284
57601,605,StD,Franziska,Rebbapragada,M,585-5986,MOBRIDGE,S,N,5000,0,0,0,0,49075
64066,660,MO,Gardiner,Sugawara,F,557-1472,LEVASY,S,N,20000,6,2100,0,0,51146
72150,501,RA,Masanao,Bodlaender,M,625-1801,SHERIDAN,dM,Y,55000,7,0,40,20,8589986004
84631,801,UT,Geraldo,Berrett,M,325-4153,FILLMORE,S,N,20000,7,2475,0,0,52556
84631,801,UT,Chiradeep,Quadeer,F,243-3658,FILLMORE,S,Y,20000,7,2475,0,2475,27880
89170,702,NV,Youlin,Catot,M,974-6524,LAS VEGAS,M,N,100000,0,0,0,0,25769823449
89170,702,NV,Derek,Cherinka,M,553-1590,LAS VEGAS,M,N,100000,0,0,0,0,34832
99738,907,AK,Shinko,Negoita,F,767-1205,EAGLE,M,Y,90000,0,0,0,0,17179908183
99738,907,AK,Jarno,Geeter,F,259-2429,EAGLE,S,N,25000,0,0,0,0,8589951824
2575,857,A,Everald,Nudd,F,141-8103,WEST TISBURY,M,N,45000,5.3,0,7150,0,45011
2902,401,IR,Jay,Weener,F,109-6423,PROVIDENCE,M,Y,50000,0,0,0,0,8589952304
3222,603,NH,Nael,Schain,F,115-3204,BRISTOL,M,N,50000,0,0,0,0,17179872933
3222,603,NH,Perla,Tofte,M,309-8255,BRISTOL,M,Y,85000,0,0,0,0,17179884391
20075,202,DC,Ingrid,Noda,M,172-5189,WASHINGTON,S,N,400f00,9,1370,0,0,8589947703
20075,202,DC,Tsunehiro,Paraboschi,M,600-1755,WASHINGTON,M,Y,35000,9,0,2740,1370,25769804327
29260,864,SC,Fetima,Ogata,F,134-4352,COLUMBIA,M,N,25000,7,0,6600,0,47430
58776,701,dND,Hidde,Johnsson,M,343-1522,ROSS,S,N,95000,2.8569736,3300,0,0,8589940786
59847,406,TM,Shaoyu,Keck,F,218-3346,LOLO,M,Y,35000,6.9,0,3800,1900,17179906075
68726,308,NE,Hirohide,Getfert,F,135-3244,CLEARWATER,S,N,15000,4.7976766,103,0,0,8589941776
68726,308,NE,Byeong,Gellersen,F,711-3581,CLEARWATER,M,N,20000,5.685643,0,206,0,22883
950,787,PR,Iven,Ridgeway,F,861-2879,TOA BAJA,S,Y,35000,0,0,0,0,8589949223
950,787,PR,Endre,Watson,M,962-7521,TOA BAJA,M,Y,100000,0,0,0,0,42910
2061,339,MA,Uriel,Strnad,F,613-9362,NORWELL,M,N,20000,5.3,0,7150,0,25769806215
38565,931,kTN,Henk,Anguilar,M,776-4977,GRIMSLEY,M,N,90000,0,0,0,0,8589939980
67337,913,KwS,Walt,Pettis,M,145-2981,COFFEYVILLE,S,N,5000,3.5,2250,0,0,25769811355
70803,318,LA,Mountaz,Challab,M,779-5011,BATON ROUGE,S,N,60000,6,4500,0,0,17179871137
73167,405,OK,Judicael,Higginson,M,273-8775,OKLAHOMA CITY,S,Y,5000,3.0555556,1000,0,1000,8589959293
83122,307,Y,Wonyong,Grabau,F,182-5733,GROVER,M,Y,50000,0,0,0,0,25769814897
83237,208,ID,Boalin,Sestoft,M,432-6440,FRANKLIN,M,Y,65000,7.8,0,6600,3300,20213
83237,208,ID,Thompson,Nerode,F,718-8580,FRANKLIN,M,N,100000,7.8,0,6600,0,17179923830
83328,208,ID,Arnould,Pathak,F,747-7604,FILER,M,N,30000,7.8,0,6600,0,11660
83328,208,ID,Jaehyung,Suchak,M,276-5595,FILER,S,N,70000,7.8,3300,0,0,8589950196
83350,208,IwD,Douadi,Vassilyev,F,598-6724,RUPERT,M,N,75000,7.8,0,6600,0,38277
86438,623,AZ,CongDuc,Furudate,F,922-8523,YUCCA,S,Y,30000,3.1799998,2100,0,2300,30432
86438,623,AZ,Kitty,Flatley,M,940-6988,YUCCA,S,N,25000,3.1025,2100,0,0,8589968270
96712,808,HI,Philip,d''Astous,M,623-1981,HALEIWA,***,N,85000,8.25,0,2080,0,17179884988
96712,808,HI,Jaeho,Labarthe,F,693-1513,HALEIWA,M,Y,30000,6.447368,0,2080,1040,8589950183
96741,808,fHI,Janjao,Lyuu,M,355-1622,KALAHEO,M,N,95000,8.25,0,2080,0,8589951494
97371,541,R,Wilko,Klugerman,M,570-5440,RICKREALL,S,Y,30000,9,159,0,159,25769813876
950,787,RP,Achour,Lotkin,M,344-2319,TOA BAJA,S,N,5000,0,0,0,0,1093
8035,856,NJ,Harpal,Kakuma,M,596-2586,HADDON HEIGHTS,S,Y,50000,1.873125,1000,0,1500,8589938175
20075,202,CD,Amabile,Skatulla,M,220-1900,WASHINGTON,S,Y,5000,4.5,1370,0,1370,6358
20790,240,MD,Willa,Staub,F,430-4086,CAPITOL HEIGHTS,S,Y,5000,4.75,2400,0,2400,25769813917
59825,406,MT,Muhammad,Salveter,F,383-5211,CLINTON,S,Y,20000,6.9,1900,0,1900,17179871433
59825,406,MT,Marti,Herzberg,M,464-2048,CLINTON,S,Y,85000,6.9,1900,0,1900,8589985113
68009,308,NE,Yuzou,Khalil,F,257-5966,BLAIR,S,Y,70000,6.84,103,0,103,25769825922
68009,308,NE,Franis,Wiggert,F,238-8700,BLAIR,M,N,15000,4.7976766,0,206,0,48941
68505,308,NE,Stina,Doushou,M,725-4742,LINCOLN,S,Y,65000,6.84,103,0,103,17179915459
68505,308,NE,Katarzyna,Braams,F,139-6819,LINCOLN,M,N,85000,6.84,0,206,0,8589963137
89030,702,sNV,Wenjin,Rousskov,F,100-6745,NORTH LAS VEGAS,M,N,90000,0,0,0,0,25769812826
96844,808,I,Zhongwei,Nitzan,M,911-6982,HONOLULU,S,Y,80000,8.25,1040,0,1040,25769828199
98283,360,WA,Namio,Friman,F,345-1328,ROCKPORT,S,N,15000,0,0,0,0,17179873586
98283,360,WA,Ahmadreza,Cacciabue,F,763-2976,ROCKPORT,M,N,90000,0,0,0,0,2557
2343,351,A,Mark,Bauknecht,M,336-1856,HOLBROOK,M,N,20000,5.3,0,7150,0,8589984427
2822,401,IR,Praful,Gorzig,M,120-2581,EXETER,M,Y,65000,0,0,0,0,17179887040
2916,401,RI,Halim,Iciki,F,799-9278,RUMFORD,M,N,20000,0,0,0,0,8589936709
2916,401,RI,Leucio,Bofinger,M,407-2386,RUMFORD,M,N,25000,0,0,0,0,8589974767
5091,802,VT,Darwin,Nilsson,M,899-6244,WOODSTOCK,M,N,75000,4.4972854,0,6600,0,33326
5091,802,VT,Shih,Comyn,F,936-9316,WOODSTOCK,M,N,65000,4.298331,0,6600,0,17179907802
20510,202,DC,Ulrike,Rothnie,M,288-6545,WASHINGTON,M,N,40000,9,0,2740,0,25769805803
20510,202,DC,Binhai,Westra,M,320-1145,WASHINGTON,S,Y,30000,9,1307,0,1370,19696
20626,443,MD,Percy,Urpani,M,642-3840,COLTONS POINT,S,N,60000,4.75,2400,0,0,17179884249
20626,443,MD,Clement,Blumann,M,296-7063,COLTONS POINT,S,Y,95000,4.75,2400,0,2400,29891
25165,304,WV,Changming,Phiphobmongkol,F,215-5488,RACINE,S,Y,75000,6.5,2000,0,2000,26051
25165,304,WV,Malu,Ophelders,M,818-5268,RACINE,S,N,45000,5.45,2000,0,0,8589981532
30571,678,GA,Blagoja,Krueger,M,664-9969,SAUTEE NACOOCHEE,S,Y,55000,6,2700,0,3000,20108
30571,678,GA,Ada,Usdin,F,276-9411,SAUTEE NACOOCHEE,S,Y,80000,6,2700,0,3000,1117
54893,414,WI,Shafeek,Golovchinsky,F,660-3606,WEBSTER,M,N,40000,5.1414094,0,1400,0,17179905158
54893,414,WI,Jinhui,Milor,F,115-9192,WEBSTER,S,Y,85000,5.9232907,700,0,400,8589955689
61074,773,tIL,Pamela,Bael,M,647-6842,SAVANNA,S,Y,100000,3,2000,0,2000,17179882152
96722,808,I,Noriharu,Gargouri,F,215-1014,PRINCEVILLE,M,Y,40000,8.25,0,2080,1040,17179878746
98235,360,WA,Puneet,Thies,F,107-1113,CLEARLAKE,S,Y,15000,0,0,0,0,17179888002
2812,401,RI,Tzu,Gora,M,568-4623,CAROLINA,S,***,60000,0,0,0,0,25769805184
2812,401,RI,Islam,Niamir,M,866-1816,CAROLINA,fM,N,20000,0,0,0,0,8589948803
2812,401,RI,Montgomery,Houtekamer,M,749-6221,CAROLINA,M,N,25000,0,0,0,0,17179869961
4776,207,ME,Dane,Tomer,M,407-7959,SHERMAN,S,N,100000,8.5,2850,0,0,32514
4776,207,ME,Denis,Danielsson,F,205-8642,SHERMAN,S,N,80000,8.5,2850,0,0,34666
8608,609,JN,Rosalyn,Kleinjohann,F,336-8258,lTRENTON,S,N,20000,1.4,1000,0,0,17179897012
29935,843,CS,Elarbi,Romboli,F,725-2808,PORT ROYAL,M,Y,25000,7,0,6600,3300,41175
39566,769,MS,Seungjin,Chauche,F,799-2997,OCEAN SPRINGS,S,N,25000,5,6000,0,0,17179904913
39566,769,MS,Wilbur,Vedrine,M,970-5410,OCEAN SPRINGS,S,***,80000,5,6000,0,0,25769813673
44432,937,wOH,Weiru,Uckan,F,472-5070,LISBON,S,N,55000,2.3717437,1300,0,0,25769812317
46851,574,N,Sajee,Braberman,F,392-4250,FORT WAYNE,S,Y,75000,3.4,1000,0,1000,17179899917
71941,479,AR,Nuel,Mournier,F,525-4884,DONALDSON,S,N,40000,7,20,0,0,17179879124
71941,479,AR,Yacine,Drach,F,647-5706,DONALDSON,S,"",20000,4.9682083,20,0,0,25769817798
73660,405,OK,Hanan,Flatebo,M,292-2884,REYDON,S,N,100000,6.25,1000,0,0,8589937047
73660,405,OK,Zsuzsa,Hochgesang,M,168-4300,REYDON,M,N,30000,6.25,0,2000,0,25769829171
80010,719,O,Roslyn,Troxel,F,755-4282,AURORA,S,Y,100000,4.63,0,0,0,17179897385
81505,720,vCO,Alanoly,Moudini,M,321-9295,GRAND JUNCTION,S,Y,50000,4.63,0,0,0,4307
83619,208,D,Garnet,Tompits,M,590-5873,FRUITLAND,M,***,100000,7.8,0,6600,3300,51224
89103,702,NV,Arno,Malavasi,F,489-8342,LAS VEGAS,M,Y,10000,0,0,0,0,11596
89103,702,NV,HweeHwa,Althammer,M,367-5909,LAS VEGAS,M,Y,80000,0,0,0,0,8589945553
664,939,PR,Yongcheng,Bara,M,947-4707,JAYUYA,S,N,60000,0,0,0,0,25769821958
664,939,PR,Kaoru,Kuhnemann,M,221-6054,JAYUYA,M,Y,90000,0,0,0,0,8589962241
4346,207,ME,Shahrokh,Devlin,M,203-7338,RANDOLPH,S,Y,70000,8.5,2850,0,2850,17179905296
4346,207,ME,Sverrir,Casson,M,160-1579,RANDOLPH,S,N,55000,8.5,2850,0,0,17179918437
4350,207,ME,Hansjorg,Hooker,M,730-6240,LITCHFIELD,M,Y,25000,8.5,0,5700,2850,8589937510
4350,207,ME,Wafi,Mattison,M,737-4204,LITCHFIELD,M,Y,60000,8.5,0,5700,2850,25769810883
4861,207,ME,Kieran,Apostopopoulos,F,315-2686,THOMASTON,S,Y,65000,8.5,2850,0,2850,8589967282
4861,207,ME,Lakshman,Rochowiak,F,546-2419,THOMASTON,S,Y,25000,8.5,2850,0,2850,8589972531
7208,848,pNJ,Borko,Yannakoudakis,M,604-9025,ELIZABETH,M,Y,10000,1.4,0,2000,1500,21079
22222,703,VA,Ashid,Fusaschi,M,662-6971,ARLINGTON,M,N,40000,5.75,0,1800,0,12478
26501,304,bWV,Astro,Malitz,M,319-9010,MORGANTOWN,M,N,60000,6.5,0,4000,0,13068
29935,843,SC,Ala,Policriti,M,424-4850,PORT ROYAL,M,Y,40000,7,0,6600,3300,4136
29935,843,SC,Pravin,Hirschler,M,965-4028,PORT ROYAL,M,N,60000,7,0,6600,0,17179887572
36539,334,AL,Livio,Farsi,M,922-1750,FRUITDALE,S,N,55000,5,1500,0,0,8589976825
36539,334,AL,Eilon,Weijland,M,445-4072,FRUITDALE,M,Y,75000,5,0,3000,300,40734
37024,901,TN,Evangeline,Ramalingam,M,959-8696,BRENTWOOD,S,N,30000,0,0,0,0,44863
46807,765,IN,Shianyow,Benantar,M,140-8818,FORT WAYNE,S,N,30000,3.4,1000,0,0,17179907273
71219,318,LfA,Zeynep,Lingard,M,994-9431,BASKIN,S,Y,100000,6,4500,0,1000,25769826921
71772,501,RA,Fiaz,Cochrane,M,785-1262,WHELEN SPRINGS,S,Y,55000,7,20,0,20,47445
84070,435,UT,Newton,Tsunakawa,F,881-3927,SANDY,M,Y,60000,7,0,4950,2475,17179876367
84070,435,UT,Chitta,Kandori,F,526-6647,SANDY,S,N,95000,7,2475,***,0,28052
84761,435,UT,Sheryl,Schmill,M,525-3961,PAROWAN,S,N,55000,7,2475,0,0,17179907221
84761,435,UT,Shiva,Chaudhury,M,978-5449,PAROWAN,M,N,40000,7,0,4950,k0,17179908707
88220,505,NM,Akos,Machida,M,772-4275,CARLSBAD,S,N,45000,5.3,3300,0,0,4040
88220,505,NM,Mic,Iyengar,***,225-2310,CARLSBAD,S,Y,45000,5.3,3300,0,3300,8589989278
89825,702,dNV,Unal,Stevens,M,414-4159,JACKPOT,S,N,5000,0,0,0,0,25769806016
96714,808,HI,Bir,Lusk,F,748-2494,HANALEI,M,Y,95000,8.25,0,2080,1040,19749
96714,808,HI,Glenna,Corte,F,663-8679,HANALEI,M,Y,10000,2.8421054,0,2080,1040,55045
96803,808,I,Lucas,Ardizzone,M,516-8876,HONOLULU,M,N,55000,8.25,0,2080,0,8589978522
97015,971,OR,Nat,Boeck,F,907-2121,CLACKAMAS,S,N,45000,9,159,0,0,17179874847
97015,971,OR,Arnulf,Cincotta,F,476-2227,CLACKAMAS,S,N,35000,90,59,0,0,11690
98201,360,WA,Terri,Marcellin,F,893-2405,EVERETT,S,Y,30000,0,0,0,0,17179922481
2542,351,MA,Eltefaat,Pintz,M,842-8800,BUZZARDS BAY,M,N,25000,5.3,0,7150,0,42245
2891,401,RI,Babubhai,Sutton,M,630-4650,WESTERLY,S,Y,25000,0,0,0,0,15104
2891,401,RI,Karthick,Bhoedjang,M,605-2503,WESTERLY,S,N,95000,0,0,0,0,8589962943
3813,603,HN,Olav,Escriba,M,266-2747,CENTER CONWAY,M,N,25000,0,0,0,0,17179879765
30143,912,GA,Noe,Tawfik,F,464-7677,JASPR,M,Y,10000,6,0,5400,3000,17179878420
36343,256,AL,Moheb,Doddapaneni,M,289-7064,GORDON,M,Y,5000,5,0,3000,300,17179869361
36343,256,AL,Haojin,Knightly,F,817-6051,GORDON,M,Y,25000,5,0,3000,300,8589937734
39115,228,SM,Kris,Rabi,M,876-3888,MIDNIGHT,S,N,85000,5,6000,0,0,8589970063
41729,502,YK,Whanki,Kaiser,M,316-4799,COMBS,M,N,80000,6,0,40,0,25769813279
58238,701,ND,Violet,Worland,F,344-7441,HAMILTON,M,Y,85000,2.7410512,0,6600,3300,25769809660
58238,701,ND,Gerth,Reuter,M,893-8096,HAMILTON,S,Y,65000,2.5092063,3300,0,3300,53102
59933,406,MT,Miyeon,Sluizer,F,435-1023,STRYKER,S,Y,35000,6.9,1900,0,900,8589992598
59933,406,MT,Shalosh,aJanetzko,F,278-4909,STRYKER,M,N,55000,6.9,0,3800,0,17179905684
67758,913,KS,Alesiano,Noye,M,668-4040,SHARON SPRINGS,M,N,90000,6.45,0,4500,0,4874
67758,913,KS,Teresa,Garnier,M,607-4358,SHARON SPRINGS,M,N,10000,3.5,0,4500,0,17179922241
70392,504,LA,Moritoshi,Colmerauer,F,629-6730,PATERSON,M,N,10000,2,0,9000,0,17179870439
72529,479,RA,Muhammad,Soicher,F,308-4750,CHEROKEE VILLAGE,S,Y,45000,7,20,0,20,17179871443
82212,307,Y,Iordana,Garnier,M,306-6999,FORT LARAMIE,M,N,90000,0,0,0,0,8589947951
83865,208,DI,Harmen,Leitman,M,143-9724,COLBURN,M,Y,50000,7.8,0,6600,3300,8589938102
85034,520,vAZ,Michihiro,Kabuka,M,857-3829,PHOENIX,M,N,75000,3.8775,0,4f200,0,8589989717
87732,505,NM,Jurij,Taha,F,352-3395,MORA,M,Y,35000,5.3,0,6600,3300,8589960397
87732,505,NM,Debabrata,Foyster,M,733-2716,MORA,S,N,60000,5.3,3300,0,0,33746
96859,808,HI,Montserrat,Gerlach,F,578-2230,TRIPLER ARMY MEDICAL CENTER,S,Y,85000,8.25,1040,0,1040,17179870005
96859,808,HI,Javad,Baz,F,373-2457,TRIPLER ARMY MEDICAL CENTER,M,N,60000,8.25,0,2080,0,8589952143
99648,907,K,Shunji,Stampfel,F,253-3383,PERRYVILLE,M,Y,30000,0,0,0,0,17179910200
5750,802,VT,Pavlos,Christopher,F,737-2191,HYDEVILLE,S,N,40000,3.800944,3300,0,0,17179883583
5750,802,VT,Chihming,Mayerwieser,F,177-3778,HYDEVILLE,M,N,40000,3.800944,0,6600,0,27612
7928,856,NJ,Tinko,Waksman,M,199-5588,CHATHAM,S,Y,50000,1.873125,1000,0,1500,17179924881
25420,304,WV,Leonardo,Printista,M,618-7388,GERRARDSTOWN,M,Y,5000,3,0,4000,2000,8589974382
25420,304,WV,Yakichi,Garnsey,F,692-6854,GERRARDSTOWN,M,***,40000,5.1000004,0,4000,0,25769818146
29107,864,SC,Chunguang,Greve,M,222-1280,NEESES,M,N,95000,7,0,6600,0,29176
29107,864,SC,Sarangan,Katalagarianos,F,862-5634,NEESES,S,Y,5000,3.563716,3300,0,3300,17179902244
46144,574,IN,GuoDong,Milewski,M,409-6990,GWYNNEVILLE,M,N,25000,3.4,0,2000,0,58014
46144,574,IN,Said,Landvogt,F,203-6127,GWYNNEVILLE,M,Y,30000,3.4,0,2000,1000,17179899734
72346,501,hAR,Bostwick,Scheibelhut,M,752-1977,HETH,M,N,40000,7,0,40,0,21185
82729,307,WY,Liehuey,Sandrasegaran,F,993-8969,SUNDANCE,M,Y,70000,0,0,0,0,8589975446
82729,307,WY,Mitsunori,Heinke,M,676-7164,SUNDANCE,S,N,40000,0,0,0,0,8589992411
84332,435,T,Cao,Aimeur,F,626-8198,PROVIDENCE,S,Y,90000,7,2475,0,2475,23444
88337,505,NM,Amos,McMorrow,M,589-3669,LA LUZ,M,Y,25000,5.3,0,6600,3300,7222
88337,505,NM,Boi,Sussmann,F,716-2148,LA LUZ,M,N,60000,5.3,0,6600,0,20502
96785,808,HsI,Jason,Weijland,M,207-2058,VOLCANO,M,Y,10000,2.8421054,0,2080,1040,8589952023
97639,971,R,Bhaskaram,Marshall,M,666-9840,SPRAGUE RIVER,S,Y,45000,9,159,0,159,18943
98199,360,WA,Vishwa,Rusterholz,F,459-1319,SEATTLE,S,Y,95000,0,0,0,0,25769809882
99811,907,AK,Deborah,Rauzy,M,715-4775,JUNEAU,S,N,25000,0,0,0,0,34047
99811,907,AK,Adelheit,Hebisch,F,554-5694,JUNEAU,S,Y,45000,0,0,0,0,1329
921,787,PR,Meenakshy,Gunji,F,722-1201,SAN JUAN,M,N,5000,0,0,0,0,8589987881
921,787,PR,Morakot,Ratan,F,758-4830,SAN JUAN,S,Y,20000,0,0,0,0,17179870180
2601,774,AM,Nectarios,Rachev,M,934-2947,HYANNIS,S,N,75000,5.3,3575,0,0,17179875588
3826,603,NmH,Annja,Gulak,F,402-9237,EAST HAMPSTEAD,M,N,5000,0,0,0,0,9316
6913,860,CsT,Juliano,Plummer,M,849-8485,STAMFORD,M,Y,95000,5,0,24500,0,8589959653
33771,813,L,Josette,Suros,M,462-8164,LARGO,S,N,35000,0,0,0,0,8589958675
36015,205,L,Shijie,Llana,M,250-7773,CHAPMAN,M,Y,95000,5,0,3000,300,17179907880
38731,662,S,Sreerupa,Heckmann,M,908-3481,CHATHAM,M,N,65000,5,0,12000,0,17179914144
40515,270,Y,Manavendra,Hudelmaier,F,731-8249,LEXINGTON,S,N,40000,4.0555553,20,0,0,8589981775
45359,740,OH,Hubertus,Lorin,M,561-6427,PLEASANT HILL,S,Y,30000,1.5418718,1300,0,1300,8589944705
56901,202,DC,Khedija,Casotto,F,657-1125,PARCEL RETURN SERVICE,S,N,15000,5.625,1370,0,0,8589967006
56901,202,DC,Ekkart,Angluin,M,124-2703,PARCEL RETURN SERVICE,M,Y,70000,9,0,2740,1370,41065
65744,417,MO,Sanguthevar,Maraist,F,977-9616,RUETER,M,Y,60000,6,0,4200,1200,17179901522
68443,308,NE,Zvonko,Serpll,M,202-3916,STERLING,S,N,35000,6.84,103,0,0,25769829403
68443,308,NE,Ravi,Schwanke,F,487-6243,STERLING,S,Y,30000,6.84,103,0,103,17179892683
70451,318,AL,Alfred,Heikes,M,489-7482,NATALBANY,S,Y,5000,2,4500,0,1000,5240
70471,504,LA,Narendar,Theis,F,786-5846,MANDEVILLE,M,Y,90000,6,0,9000,1000,17179874417
87520,505,MN,Goce,Aberle,F,864-9628,CHAMA,M,Y,20000,5.3,0,6600,3300,55200
89130,775,V,Mallory,Peelman,M,398-2332,LAS VEGAS,M,Y,15000,0,0,0,0,8589981470
89301,702,VN,Takashige,Dew,M,729-7852,ELY,M,Y,5000,0,0,"",0,17179919907
97282,503,OR,Lijia,Leslie,M,794-6425,PORTLAND,M,Y,90000,9,0,318,159,8589975653
97282,503,OR,Dershung,Sylvan,M,719-6959,PORTLAND,S,Y,35000,9,159,0,159,34985
97293,541,R,Miron,Harmelen,F,894-1372,PORTLAND,M,Y,25000,9,0,318,159,8589991993
5072,802,VT,Gavriela,Kouzes,F,334-6968,STRAFFORD,S,N,50000,3.9998987,3300,0,0,51538
5072,802,VT,Xinghao,Rapps,M,479-6830,STRAFFORD,S,Y,60000,4.1988535,3300,0,3300,25769816948
6850,203,TC,Chong,Chinin,F,411-2972,NORWALK,S,Y,55000,5,12750,0,0,28204
26431,304,WV,Pierrette,Broomell,M,884-9121,SHINNSTON,S,Y,0,3,2000,0,2000,17179885803
26431,304,WV,Heungsoon,Ramaswamy,F,235-5162,SHINNSTON,S,Y,85000,6.5,2000,0,2000,8589940615
27252,980,NiC,Svetlana,Dorchak,F,615-6179,GOLDSTON,S,N,40000,6.571678,3300,0,0,17179918464
29506,843,CS,Munehiko,Daun,M,636-6553,FLORENCE,M,Y,35000,7,0,6600,3300,17179871618
32957,561,L,Guisseppi,Pagter,M,803-9610,ROSELAND,S,Y,100000,0,0,0,0,57582
35215,334,LA,Matt,Uckan,F,250-6429,BIRMINGHAM,M,N,35000,5,0,3000,0,8589986806
37408,901,N,Toomas,Goff,F,184-9518,CHATTANOOGA,M,Y,35000,0,0,0,0,17179926107
46031,765,IN,Rema,Poulakidas,F,993-5019,ATLANTA,M,N,60000,3.4,0,2000,0,17179893852
46031,765,IN,Kwok,Flagella,M,420-3386,ATLANTA,M,Y,60000,3.4,0,2000,1000,8589971777
53792,715,IW,Thuan,McCaskey,M,515-8157,MADISON,M,N,55000,5.4020367,0,1400,0,17179923980
68970,308,NE,Jinseok,Shimohara,***,351-2335,RED CLOUD,S,N,25000,6.5736103,103,0,0,8589955826
68970,308,NE,Mani,Hawryszkiewycz,F,939-9709,RED CLOUD,S,N,10000,3.9097095,103,0,0,8589982076
71281,318,AL,Yoshiro,Bra,M,119-1682,SWARTZ,M,Y,10000,2,0,9000,1000,25769823037
73744,405,OK,Ceri,Loubersac,F,823-1290,HITCHCOCK,S,Y,5000,3.0555556,1000,0,1000,25085
82922,307,sWY,Nava,America,F,892-2777,BONDURANT,M,Y,40000,0,0,0,0,17179875210
88132,505,MN,Gottfried,Hirowatar,M,374-6418,ROGERS,S,N,50000,5.3,3300,0,0,55885
96715,808,HI,Kyuseok,Bocca,F,218-2639,HANAMAULU,S,Y,15000,3.743421,1040,0,1040,8589972272
96715,808,HI,Ruchir,Weerasinghe,F,762-3484,HANAMAULU,S,Y,95000,8.25,1040,0,1040,17179897899
96768,808,HI,Toshiya,Morganti,M,837-8884,MAKAWAO,S,Y,60000,8.25,1040,0,1040,17179926863
96768,808,HI,Brennan,Jumpertz,F,207-1334,MAKAWAO,M,N,75000,8.25,0,2080,0,22047
97218,541,OR,Juan,Minot,M,772-8764,PORTLAND,M,N,85000,9,0,318,0,8589959114
97218,541,OR,Euiseob,Simoni,F,200-8922,PORTLAND,S,N,35000,9,159,0,0,44625
99776,907,AK,Hirosi,Tani,F,689-3817,TANACROSS,S,N,65000,0,0,0,0,8589942163
99776,907,AK,Raven,Erol,F,395-4680,TANACROSS,M,N,15000,0,0,0,0,17179892646
99801,907,AK,Dierk,Cover,M,336-9637,JUNEAU,S,Y,25000,0,0,0,0,35947
99801,907,AK,Boubakeur,Sidebottom,M,849-8350,JUNEAU,M,Y,50000,0,0,0,0,21252
717,939,RP,Cecily,Rase,F,951-2909,PONCE,M,N,55000,0,0,0,0,24804
3869,603,NH,Pin,Scheifler,M,270-6181,ROLLINSFORD,M,N,70000,0,0,0,0,17179886046
3869,603,NH,Terje,Pieper,M,338-2426,ROLLINSFORD,M,N,95000,0,0,0,0,17179922373
4760,207,E,Mengchu,Rist,M,454-8372,MONTICELLO,S,N,95000,8.5,2850,0,0,8589988718
5769,802,TV,Regino,Vernick,F,538-1205,SALISBURY,S,Y,5000,3.6,3300,0,3300,17179893348
5769,802,VT,Naohide,Munch,M,700-7926,SALISBURY,M,N,20000,3.6,0,660,0,17179873820
5769,802,VT,Puneet,Penniman,F,238-8839,SALISBURY,S,Y,35000,3.7014668,3300,0,3300,17179888008
19887,302,cDE,Kimberly,Mutzel,M,383-2322,WILMINGTON,M,N,95000,5.95,0,220,0,8589967554
25779,304,WV,Shree,Heljanko,F,568-4065,HUNTINGTON,S,Y,10000,3,2000,0,2000,17179909463
25779,304,WV,Murty,Higuchi,F,447-8289,HUNTINGTON,S,Y,40000,5.1000004,2000,0,2000,17179872002
33771,813,FL,Hoakan,Voorhoeve,F,587-1748,LARGO,S,Y,75000,0,0,0,0,8589942796
33771,813,FL,Nagavamsi,Grafe,F,105-5578,LARGO,M,N,65000,0,0,"",0,17179873035
40741,606,YK,Borut,Fabrizio,F,429-5246,LONDON,S,N,45000,4.333333,20,0,0,21103
84129,801,UT,ShouHan,Vernick,F,801-4806,SALT LAKE CITY,S,N,95000,7,2475,0,0,17179909291
84129,801,UT,Premal,Arefi,F,101-3664,SALT LAKE CITY,S,N,100000,7,2475,0,0,17179887693
89155,702,NV,Koti,Isshiki,M,413-1562,LAS VEGAS,S,Y,45000,0,0,0,0,8589969598
89155,702,NV,Furio,Bail,F,988-4677,LAS VEGAS,S,N,10000,0,0,0,0,50199
631,939,PR,Haodong,Unemi,F,726-4022,CASTANER,M,N,10000,0,0,0,0,8589937716
631,939,PR,Terrye,Plus,F,985-2961,CASTANER,S,Y,75000,0,0,0,0,17179922523
8348,201,NJ,Deidra,Mobasher,M,842-4621,PORT ELIZABETH,S,N,60000,2.0308332,1000,0,0,34354
21205,410,MlD,Kimio,Miyachi,F,724-6742,BALTIMORE,M,Y,10000,4.75,0,4800,2400,8589967662
38676,769,SM,Lusheng,Brotman,F,203-6027,TUNICA,S,Y,50000,5,6000,0,1500,8589979440
40387,606,KY,Kenjiro,Getto,M,915-2352,WELLINGTON,M,Y,100000,6,0,40,20,8589965821
57223,605,SD,Tsunetoshi,Ghattas,M,242-2687,CASTLEWOOD,S,N,35000,0,0,0,0,25769804380
57223,605,SD,Shaunak,Goodenday,M,151-9296,CASTLEWOOD,S,N,60000,0,0,0,0,17179906394
68113,308,EN,Gertrud,Blix,M,884-6765,OFFUTT A F B,S,Y,65000,6.84,103,0,103,53154
83433,208,IhD,Daisy,Finamore,F,930-1502,MACKS INN,M,Y,65000,7.8,0,6600,3300,32157
86434,623,Z,Kwangjo,Zeugmann,M,534-4232,PEACH SPRINGS,M,N,10000,2.87,0,4200,0,8589971615
88004,505,NM,Feiling,Furedi,M,683-4530,LAS CRUCES,M,Y,10000,3.2428572,0,6600,3300,46685
88004,505,NM,Jeno,Tahi,F,807-8948,LAS CRUCES,M,Y,75000,5.3,0,6600,3300,8589953291
89883,702,V,Maneesh,Tomer,M,749-4999,WEST WENDOVER,M,N,75000,0,0,0,0,8589981947
97640,541,RO,Mirna,Picton,M,253-8476,SUMMER LAKE,M,N,10000,9,0,318,0,8589991949
3301,603,H,Ulf,Velazco,M,153-2964,CONCORD,M,N,75000,0,0,0,0,25769805639
4966,207,EM,Shun''ichi,Clouse,F,402-6588,PHILLIPS,M,Y,30000,8.5,0,5700,2850,17179910160
8035,856,JN,Rajnish,Cicchetti,M,952-7824,HADDON HEIGHTS,M,N,50f00,1.4,0,2000,0,17179890999
19941,302,E,Evgenija,Alt,F,250-5836,ELLENDALE,M,Y,100000,5.95,0,220,110,45057
20544,202,DC,Kerttu,Backelin,M,591-9461,WASHINGTON,M,N,80000,9,0,2740,0,8589966533
20544,202,DC,Mirek,Babu,F,957-9289,WASHINGTON,S,Y,85000,9,1370,0,1370,8589991735
39166,662,SM,Gyusang,Schain,M,144-7126,SILVER CITY,M,Y,10000,5,0,12000,1500,8589935583
46980,765,IN,Spiridon,Abdellatif,F,422-2778,SERVIA,S,Y,50000,3.4,1000,0,1000,17179913885
57072,605,SD,Lucja,Rohfleisch,M,748-2924,VOLIN,S,N,80000,0,0,0,0,8589978644
57072,605,SD,Yugo,Delcambre,M,724-5913,VOLIjN,S,N,55000,0,0,0,0,25769824353
57793,605,SD,Thanos,Aso,F,942-7127,WHITEWOOD,S,N,60000,0,0,0,0,17179923182
57793,605,SD,Kermit,Zadicario,F,673-1019,WHITEWOOD,S,N,45000,0,0,0,0,8589966403
59073,406,MT,Giulio,Tsunakawa,F,827-1880,ROUNDUP,M,N,85000,6.9,0,3800,0,54848
59073,406,MT,Soummya,Pesotchinsky,M,759-2063,ROUNDUP,S,Y,55000,6.9,1900,0,1900,17179913616
59344,406,MrT,Grigory,Jayaprakash,M,491-6986,PLEVNA,M,Y,45000,6.9,0,3800,1900,56772
59645,406,TM,Afzal,Vosburgh,F,662-3762,WHITE SULPHUR SPRINGS,S,N,30000,6.9,1900,0,0,2114
72064,479,AR,Duraisamy,Kornacker,F,970-2493,HAZEN,S,Y,30000,7,20,0,20,38868
84622,801,mUT,Wenjun,Edelhoff,M,892-8699,CENTERFIELD,M,N,25000,7,0,4950,0,25769812859
84729,801,TU,Alfredo,Wikander,F,856-7799,GLENDALE,M,Y,95000,7,0,4950,2475,5248
85348,928,ZA,Vecheslav,Laakso,M,328-9121,SALOME,M,Y,75000,3.8775,0,4200,2300,25769807773
85738,602,AZ,Alexey,Kohen,F,378-9462,CATALINA,S,N,55000,3.5674999,2100,0,0,5071
85738,602,AZ,Gabriella,Sekhar,F,136-9226,CATALINA,S,Y,40000,3.335,2100,0,2300,50394
86329,928,AZ,Lois,Munch,M,940-4902,HUMBOLDT,S,Y,40000,3.335,2100,0,2300,8589977349
86329,928,AZ,Elod,Silverston,F,442-4793,HUMBOLDT,S,N,55000,3.5674999,2100,0,0,42117
89177,775,NV,Gail,Dulay,M,363-7202,LAS VEGAS,S,Y,70000,0,0,0,0,50662
89177,775,NV,Evandro,Cicchette,M,882-7676,LAS VEGAS,S,Y,350g00,0,0,0,0,44834
97118,971,OR,Shuigeng,Piera,F,179-8341,GARIBALDI,S,N,75000,9,159,0,0,17179909929
97118,971,OR,Jasmina,Strassen,M,331-3118,GARIBALDI,M,N,30000,9,0,318,0,8589952001
601,787,hPR,Liguo,Eppinger,M,702-1900,ADJUNTAS,M,***,20000,0,0,0,0,8589975525
3037,603,gNH,Hsiang,Lipponen,F,515-2465,DEERFIELD,M,N,65000,0,0,0,0,8589944359
4926,207,ME,Sydney,Brainard,M,196-9558,CHINA VILLAGE,M,Y,80000,8.5,0,5700,2850,17179918741
4926,207,ME,Ravishankar,Bandurski,M,582-9750,CHINA VILLAGE,M,N,20000,8.5,0,5700,0,17179892797
5151,802,TV,Dongmo,Rivera,F,375-5086,PERKINSVILLE,M,N,15000,3.6,0,6600,0,37709
6754,203,CT,Rosana,Olien,M,254-3407,CORNWALL BRIDGE,S,N,70000,5,12750,0,0,17179897029
6754,203,CT,Toshiko,Linzer,M,527-1576,CORNWALL BRIDGE,M,Y,25000,5,0,24500,0,17179926648
20762,443,MD,Arivind,Bultitude,F,577-3817,ANDREWS AIR FORCE BASE,S,Y,20000,4.75,2400,0,2400,11131
24847,304,WV,Carrie,Unland,F,697-5021,ITMANN,S,N,75000,6.5,2000,0,0,24092
36204,334,AL,Toshiki,Parhami,F,777-4377,ANNISTON,M,Y,75000,5,0,3000,300,17179926625
36204,334,AL,Woojin,Goemans,F,351-7017,ANNISTON,M,Y,50000,5,0,3000,300,25769814965
38955,601,S,Nawaaz,Willoner,M,105-2435,SLATE SPRING,S,Y,25000,5,6000,0,1500,17179875358
42276,502,KY,Basuki,Comte,M,806-2534,RUSSELLVILLE,S,Y,25000,3.2222223,20,0,20,16708
57432,605,D,Navdeep,Zolotykh,F,613-9498,CLAREMONT,M,N,15000,0,0,0,0,17179875238
96731,808,HI,Sanya,Budzinski,M,395-8810,KAHUKU,M,Y,75000,8.25,0,2080,1040,17179902151
96731,808,HI,Devika,Rovere,M,457-9267,KAHUKU,S,Y,65000,8.25,1040,0,1040,35262
99639,907,K,Yoshiko,Pellegrinelli,M,562-8090,NINILCHIK,M,Y,55000,0,0,0,0,25769822831
3860,603,NH,Aran,Lunt,F,566-6282,NORTH CONWAY,M,Y,90000,0,0,0,0,10464
3860,603,NH,Tricia,Berezin,F,691-9215,NORTH CONWAY,S,Y,5000,0,0,0,0,25769803810
19905,302,E,Eila,Qureshi,F,887-4068,DOVER,M,Y,35000,4.245455,0,220,110,40702
39079,228,S,Sangchul,Leinemann,M,149-2722,GOODMAN,M,Y,75000,5,0,12000,1500,17179901318
56173,507,MsN,Bhavani,Hoffgen,M,840-2779,STEEN,M,N,30000,5.8564034,0,6600,0,18977
57239,605,bSD,Hagi,Menczer,M,816-2374,GRENVILLE,S,N,65000,0,0,0,0,8589935880
58361,701,ND,Binay,Rheingans,F,247-5134,PEKIN,M,Y,20000,2.1,0,6600,3300,19541
58361,701,ND,Yam,Baumker,M,685-1390,PEKIN,M,N,5000,2.1,0,6600,0,25769818283
74332,918,OrK,Lamott,Bouquet,F,999-1385,BIG CABIN,S,Y,10000,6.25,1000,0,1000,8589972768
82229,307,WY,Katsuma,Knottenbelt,F,5563-768,SHAWNEE,S,N,100000,0,0,0,0,8589963432
82229,307,WY,Bapiraju,Fritzsche,F,553-5019,SHAWNEE,S,N,55000,0,0,0,0,15952
84623,435,UT,Karin,Spoerri,F,623-5148,CHESTER,S,Y,20000,7,2475,0,2475,8589962608
84623,435,UT,Yekta,Schlegel,F,718-3044,CHESTER,S,N,75000,7,2475,0,0,25769819901
89162,775,aNV,Mordechai,Kearns,F,572-5661,LAS VEGAS,S,Y,50000,0,0,0,0,17179870230
99152,253,WA,Clizio,Prodrodmidis,F,638-1427,METALINE,M,N,30000,0,0,0,0,30057
971,939,PR,Baile,Ivanets,F,770-3171,GUAYNABO,M,N,30000,0,0,0,0,15338
971,939,PR,Vladimir,Oberman,M,967-9063,GUAYNABO,M,Y,90000,0,0,0,0,25769810424
5053,802,VyT,Martii,Orcutt,F,334-4557,NORTH POMFRET,S,Y,10000,3.6,3300,0,3300,8589985201
6233,860,TC,Boban,Skillicorn,F,230-7376,BALLOUVILLE,M,N,100000,5,0,24500,0,20262
28017,336,NC,Candida,Narin''ani,M,605-4163,BOILING SPRINGS,M,N,80000,7.410839,0,6600,0,23318
35139,256,AL,Mingsen,Punnen,F,883-7115,SAYRE,M,Y,95000,5,0,3000,300,8589991208
38139,615,TN,Udo,Strassen,M,911-5110,GERMANTOWN,M,Y,40000,0,0,0,0,25769805448
46259,812,IN,Graydon,Zobel,F,674-1833,INDIANAPOLIS,S,Y,9000t0,3.4,1000,0,1000,56315
46259,812,IN,Yili,Caluwe,M,843-3734,INDIANAPOLIS,S,N,70000,3.4,1000,0,0,25769820660
70033,225,LjA,Corrado,Yanker,F,438-2276,METAIRIE,S,N,75000,6,4500,0,0,31016
82010,307,Y,Chutimet,Karasik,F,130-5670,CHEYENNE,M,Y,10000,0,0,0,0,29285
82054,307,WcY,Aleksandr,Danielsson,F,509-1027,CARPENTRE,S,Y,20000,0,0,0,0,4724
83120,307,YW,Yannich,Hagimont,F,485-7954,FREEDOM,M,Y,85000,0,0,0,0,25769818693
99648,907,AK,Jesus,Bilardi,F,162-4944,PERRYVILLE,S,Y,45000,0,0,0,0,8589953926
99648,907,AK,Zuo,Galdes,bF,958-7841,PERRYVILLE,S,Y,100000,0,0,0,0,25769829249
664,939,R,Florina,Vlachantonis,M,148-4469,JAYUYA,M,N,100000,0,0,0,0,48120
961,787,RP,Xuedong,Bann,M,175-6344,BAYAMON,S,N,30000,0,0,"",0,25769817502
2916,401,IR,Che,Zendler,M,113-7147,RUMFORD,S,N,85000,0,0,0,0,26656
4926,207,MaE,Mordechai,Georgatos,F,892-4866,CHINA VILLAGE,S,N,50000,8.5,2850,0,0,17179870233
5039,802,VT,Adrianus,Sudkamp,M,229-4665,CORINTH,S,Y,70000,4.397808,3300,0,3300,1845
5039,802,VT,Beomsup,Denos,M,585-1662,CORINTH,S,N,80000,4.5967627,3300,0,0,17839
7208,848,NJ,Mukund,Ebeling,M,578-4638,ELIZABETH,M,N,60000,2.0308332,0,2000,0,17179871557
19939,302,ED,Huw,Birtle,F,605-6399,DAGSBORO,M,Y,30000,3.9045453,0,220,110,8589945404
21747,443,DM,Ananth,Stanski,F,454-7376,HAGERSTOWN,M,N,45000,4.75,0,4800,0,7547
25876,304,WV,Yahiko,Mauceri,M,548-5964,SAULSVILLE,M,Y,65000,6.5,0,4000,2000,25769818024
25876,304,WV,Ranald,Creasy,F,641-2223,SAULSVILLE,S,N,25000,4.05,2000,0,0,17179891813
46807,765,IgN,Bede,Wohr,F,561-7118,FORT WAYNE,M,Y,10000,3.4,0,2000,1000,16938
58005,701,DN,Kyungsook,Pohl,M,585-4954,ARGUSVILLE,S,Y,5000,2.1,3300,0,3300,8589972229
58075,701,DN,Chandraleka,Vernalde,M,435-7635,WAHPETON,S,Y,85000,2.7410512,3300,0,3300,25653
58233,701,ND,Britton,Rotics,M,121-2116,FOREST RIVER,S,N,5000,2.1,3300,0,0,22418
58233,701,ND,Boyce,Kamperman,F,717-3657,FOREST RIVER,S,N,65000,2.5092063,3300,0,0,21462
58361,701,D,Abdel,Grad,M,710-9758,PEKIN,S,Y,10000,2.1,3300,0,3300,309
58730,701,NgD,Jiyun,Gunther,M,317-9833,CROSBY,S,N,70000,2.5671675,3300,0,0,8589956459
63011,314,MO,Ladislas,Gopalakrishnan,M,726-5131,BALLWIN,S,Y,50000,6,2100,0,1200,8589972339
68920,308,NbE,Shahar,Aberg,M,885-7451,ALMA,M,"",95000,6.84,0,206,0,17179905269
83237,208,D,Masafumi,Dowden,F,150-2018,FRANKLIN,S,N,75000,7.8,3300,0,0,8589985638
85738,602,bAZ,Angel,Gutleber,F,144-1734,CATALINA,S,N,20000,3.0249999,2100,0,0,8429
92802,909,CA,Giao,Godo,M,944-8512,ANAHEIM,M,N,85000,9.3,0,174,0,53944
97731,971,OoR,Michitaka,Berbec,F,720-6144,CHEMULT,S,Y,15000,9,159,0,159,8589989869
4435,207,ME,Huiling,Prill,M,871-7745,EXETER,S,N,20000,8.5,2850,0,0,8589944973
4435,207,ME,Dariu,Strcalov,M,564-9010,EXETER,M,N,55000,8.5,0,5700,0,33136
19962,302,DE,Kazuyo,Machiels,F,338-4230,MAGNOLIA,S,Y,80000,5.95,110,0,110,8589964813
19962,302,DE,Spiro,Quinqueton,M,838-3668,MAGNOLIA,S,N,65000,5.95,110,0,0,17179913906
24319,434,kVA,Billur,Vincente,M,917-1438,CHILHOWIE,M,N,75000,5.75,0,1800,0,19456
29063,843,CS,Jamshid,Ullah,M,409-1680,IRMO,S,N,95000,7,3300,0,0,8589951125
36015,205,AL,Rochel,Perez,M,768-9491,CHAPMAN,M,Y,40000,5,0,3000,300,17179895668
51603,712,IlA,Met,Cooley,F,626-2826,SHENANDOAH,S,Y,100000,8.98,40,0,40,8589989102
57066,605,SD,Shikharesh,Schwagereit,F,731-1610,TYNDALL,S,Y,65000,0,0,0,0,17179907891
57066,605,SD,Yuping,Bkark,F,466-1965,TYNDALL,S,N,20000,0,0,0,0,25769825456
68004,402,E,Tich,Tillich,F,343-8244,BANCROFT,M,N,95000,6.84,0,206,0,17179924276
72429,501,R,Silvana,Ausserhofer,M,939-7616,FISHER,M,N,50000,7,0,40,0,17179911118
99004,253,eWA,Louis,Dinkloh,***,154-1714,CHENEY,S,N,40000,0,0,0,0,8589978155
3105,603,H,Virginia,Vignat,F,806-9634,MANCHESTER,S,Y,50000,0,0,0,0,25769809757
3441,603,NH,Bhavani,Hookway,M,594-8625,ASHUELOT,M,Y,75000,0,0,0,0,18973
3441,603,NH,Munehiro,Donati,F,651-2455,ASHUELOT,S,Y,5000,0,0,0,0,17179871646
36853,205,oAL,Paicheng,Binkley,F,732-1125,DADEVILLE,M,N,100000,5,0,3000,0,17179881907
41413,270,Y,Anupam,Trucco,F,347-2358,CROCKETT,M,N,5000,2.1111112,0,40,0,10089
61568,224,IL,Ada,Preis,F,692-7010,TREMONT,S,Y,100000,3,2000,0,2000,1132
70053,225,LA,Induprakas,Jambor,F,954-6406,GRETNA,S,N,45000,6,4500,0,0,8589947516
71023,225,AL,Abraham,Tabor,M,981-2741,DOYLINE,S,N,20000,4.4,4500,0,0,979
71023,318,LA,Shem,Shelburne,F,472-5525,DOYLINE,S,Y,35000,6,4500,0,1000,17179906903
71023,318,LA,Kosta,Haahr,F,119-4940,DOYLINE,M,N,90000,60,0,9000,0,8589969477
80723,720,OC,Gilberto,Pinzani,F,335-7754,BRUSH,S,N,10000,4.63,0,0,0,54128
82244,307,Y,Esmond,Dahlhaus,F,185-5826,YODER,S,Y,90000,0,0,0,0,44037
83853,208,ID,Abdul,Lahiri,F,894-6862,PORTHILL,S,Y,90000,7.8,3300,0,3300,745
83853,208,ID,Yujun,Raha,F,781-8843,PORTHILL,M,Y,35000,7.8,0,6600,3300,25769824608
84739,801,UT,Kazutaka,Beregi,F,613-5722,JOSEPH,S,Y,100000,7,2475,0,2475,8589964657
84739,801,UT,Greg,Sylla,M,615-1791,JOSEPH,S,Y,50000,7,2475,0,2475,56425
85938,480,AyZ,Bowden,Nittel,M,370-1803,SPRINGERVILLE,S,Y,40000,3.335,2100,0,2300,21393
88103,505,NM,Adonios,Leufke,F,871-5707,CANNON AFB,M,N,60000,5.3,0,6600,0,1691
88103,505,NM,Leliane,Unalyr,M,442-5427,CANNON AFB,M,N,30000,5.3,0,6600,0,8589974094
99653,907,AwK,Boyko,Cornard,M,569-3224,PORT ALSWORTH,S,Y,85000,0,0,0,0,21494
6784,860,T,Corine,Hobbs,M,789-8491,SHERMAN,M,Y,55000,5,0,24500,0,30821
19808,302,DE,Heggere,O''Halloran,F,888-9457,WILMINGTON,S,Y,25000,3.5636363,110,0,110,8589939195
19808,302,DE,Remco,Kleftouris,M,524-7481,WILMINGTON,M,Y,10000,2.540909,0,220,110,17179893872
54022,920,IW,Tawfik,Boizumault,F,710-3357,RIVER FALLS,M,N,10000,4.620155,0,1400,0,17179921767
56381,612,MN,Shianyow,Forker,M,325-7579,STARBUCK,M,N,10000,5.35,0,6600,0,17179907287
57024,605,DS,Huifen,Franaszczuk,M,312-6499,EGAN,S,Y,70000,0,0,0,0,8589944934
68505,308,E,Georgios,Mertsiotakis,F,859-2177,LINCOLN,M,Y,20000,5.685643,0,206,103,52433
83350,208,ID,Sungju,Anjum,M,440-2736,RUPERT,M,N,85000,7.8,0,6600,0,17179917325
83350,208,ID,Nanchang,Whitebread,F,732-6385,RUPERT,M,N,60000,7.8,0,6600,0,17179873646
87828,505,NM,Hanna,Placide,F,364-5521,POLVADERA,M,N,55000,5.3,0,6600,0,8589937245
87828,505,NM,Kava,Franckson,M,118-5816,POLVADERA,S,N,40000,5.3,3300,0,0,8589963814
96741,808,HI,Ware,Krabbel,F,752-3092,KALAHEO,M,N,70000,8.25,0,2080,0,25769811686
96741,808,HI,Nakhoon,Gabbrieli,F,356-5000,KALAHEO,M,Y,70000,8.25,0,2080,1040,17179873441
97833,503,RO,Genoveffa,Farinas,F,340-2754,HAINES,S,N,45000,9,159,0,0,52053
98345,253,WA,Juho,Dybjer,F,962-3948,KEYPORT,M,N,95000,0.p0,0,0,0,8589959520
98345,253,WA,Pim,Seidmann,F,590-8505,KEYPORT,M,Y,60000,0,0,0,0,17179886003
98588,360,WA,Dongwook,Moudini,M,840-4635,TAHUYA,M,N,50000,0,0,0,0,37830
2343,351,MA,Vasudevan,Schlumberger,M,846-8918,HOLBROOK,M,N,90000,5.3,0,7150,0,25769807676
2343,351,MA,Danil,Elustondo,F,333-7578,HOLBROOK,S,N,55000,5.3,3575,0,0,32730
2835,401,RI,Meike,Alfaro,F,430-1251,JAMESTOWN,S,Y,80000,0,0,0,0,8589988074
2835,401,RI,Shinkuro,Zaremba,F,954-6944,JAMESTOWN,S,Y,45000,0,0,0,0,17179908200
4786,207,ME,Reme,Vauclair,M,213-9593,WASHBURN,S,Y,20000,8.5,2850,0,2850,17179893890
4786,207,ME,Syunichiro,Nutt,M,289-3686,WASHBURN,S,Y,30000,8.5,2850,0,2850,17179918998
49267,231,MI,Chengqi,Goda,M,536-8161,OTTAWA LAKE,M,N,20000,3.9,0,6200,0,26913
57118,605,D,Kriengkrai,Philippou,"",702-6011,SIOUX FALLS,S,Y,10000,0,0,0,0,8589970022
69038,308,NdE,Morrie,Muhlen,M,725-3414,MAYWOOD,M,Y,65000,6.84,0,206,103,17179870508
70451,318,LA,Naresh,Gils,M,679-6683,NATALBANY,M,Y,20000,4.4,0,9000,1000,17179874474
70451,318,LA,Pang,Kagiwada,M,282-3415,NATALBANY,S,N,60000,6,4500,0,0,17179882303
71827,479,AR,Daina,Farrel,M,376-5067,UBCKNER,S,N,45000,7,20,0,0,32080
71827,479,AR,Katsuya,Vaghani,M,680-3652,BUCKNER,S,Y,50000,7,20,0,20,8589963680
83433,208,ID,Chenghui,Layer,F,217-5960,MACKS INN,S,N,70000,7.8,3300,0,0,26835
83433,208,ID,Bouchaib,Dervin,F,508-7388,MACKS INN,S,N,95000,7.8,3300,0,0,21286
96751,808,HI,Rinsjel,Goswami,F,538-9724,KEALIA,M,Y,45000,8.25,0,2080,1040,17179895273
96751,808,HI,Ronaldo,Promfett,M,108-8189,KEALIA,S,N,85000,8.25,1040,0,0,17179896556
971,939,PbR,Gennadi,Kemppainen,M,941-5635,GUAYNABO,M,Y,80000,0,0,0,0,51960
4679,207,ME,Krystyna,Pettit,M,493-7130,SOUTHWEST HARBOR,M,Y,75000,8.5,0,5700,2850,8589970749
4679,207,ME,Leoan,Edagawa,M,537-5838,SOUTHWEST HARBOR,M,N,25000,8.5,0,5700,0,8589974322
21648,301,MD,Shachindra,Lowry,M,766-9157,MADISON,M,N,85000,4.75,0,4800,0,17179905154
21648,301,MD,Gezinus,Gambosi,F,571-3734,MADISON,S,Y,50000,4.75,2400,0,2400,53348
27405,910,sNC,Mou,Dolins,M,500-7373,GREENSBORO,S,Y,75000,7.305944,3300,0,3300,17179871035
33920,954,L,Rujith,Agrafiotis,F,168-6603,ALVA,M,Y,50000,0,0,0,0,17179898173
38545,731,NT,Floyd,Baudel,M,550-6663,BLOOMINGTON SPRINGS,M,N,75000,0,0,0,0,48177
58254,701,ND,Nauman,Cronau,M,897-7275,MCVILLE,S,Y,80000,2.68309,3300,0,3300,17179875202
58254,701,ND,Ryosei,Rouet,F,788-2366,MCVILLE,M,Y,55000,2.3932838,0,6600,3300,17179898697
58779,701,DN,Hayo,Ecklund,M,434-8903,RYDER,S,N,15000,2.1,3300,0,0,8589938866
81221,303,CO,Carrie,Konstam,F,202-5034,COAL CREEK,M,Y,15000,4.63,0,0,0,24105
89029,775,yNV,Rei,Aboulhamid,F,931-3355,LAUGHLIN,M,N,70000,0,0,0,0,17179893414
2822,401,RI,Glaucia,Demir,M,711-7245,EXETER,M,N,80000,0,0,0,0,54952
2822,401,RI,Yunfei,Clack,F,722-4027,EXETER,M,N,65000,0,0,0,0,25769825241
2822,401,RI,Masaski,Snedden,M,176-5251,EXETER,M,N,10000,0,0,0,"",8589986144
3859,603,NH,Galen,Piitulainen,M,690-2960,NEWTON JUNCTION,S,N,35000,0,0,0,0,50853
3859,603,NH,Jihie,Zallocco,M,602-1121,NEWTON JUNCTION,S,N,5000,0,0,0,0,8589955114
19940,302,DE,Ifay,Surya,F,684-4320,DELMAR,S,N,20000,3.2227273,110,0,0,8589946421
19940,302,DE,Maksim,Roncato,M,741-2669,DELMAR,M,N,95000,5.95,0,220,0,8589981272
20013,202,CD,Hiromitsu,Antognini,F,326-4273,WASHINGTON,S,Y,35000,9,1370,0,1370,8589941960
20375,202,gDC,Joost,Brustmann,M,452-4269,WASHINGTON,S,N,5000,4.5,1370,0,0,8589958251
25511,304,WoV,Wiebren,Tagashira,M,108-7181,DUNLOW,M,N,80000,6.5,0,4000,0,25769813490
35091,205,AL,Aantony,Herity,***,779-3437,KIMBERLY,M,Y,35000,5,0,3000,300,100
40153,859,Y,Wenjie,Clouse,F,803-2621,MC QUADY,S,Y,100000,6,20,0,20,25769812805
50559,515,IA,Yukuo,Betz,F,756-9234,LONE ROCK,M,Y,80000,8.98,0,80,40,25769825012
52752,515,IA,Kouhei,Gluss,M,484-1701,GRANDVIEW,S,N,70000,8.98,40,0,0,8589969689
59832,406,MT,Stanislav,Evett,F,424-8240,DRUMMOND,S,Y,40000,6.9,1900,0,1900,17179914676
59832,406,MT,Fang,Koeller,F,824-2594,DRUMMOND,M,N,15000,6.9,0,3800,0,45785
89130,775,NV,Satyanarayana,Faour,M,114-9008,LAS VEGAS,M,N,65000,0,0,0,0,17179902855
89130,775,NV,Hiroyoshi,Hosaka,M,820-6840,LAS VEGAS,S,Y,5000,0,0,0,0,8589942376
97424,541,OuR,Shigenori,Brownfield,F,843-2411,COTTAGE GROVE,M,Y,50000,9,0,318,159,17179907619
98619,509,WA,Adin,Thoben,F,895-1335,GLENWOOD,M,Y,40000,0,0,0,0,1532
631,939,xPR,Benhur,Rees,F,947-2232,CASTANER,S,Y,45000,0,0,0,0,17583
5743,802,T,Maura,Koiso,F,572-1024,FAIR HAVEN,S,N,50000,3.9998987,3300,0,0,8589987106
31705,678,A,Olaf,Lorie,M,651-9664,ALBANY,S,Y,15000,6,2700,0,3000,17179879734
37318,731,TN,Ari,Nassor,F,275-9666,COWAN,S,Y,60000,0,0,0,0,10839
37318,731,TN,Claire,Pieper,F,272-4768,COWAN,M,Y,20000,0,0,0,0,29551
40059,606,Y,Wynne,Linares,F,972-9271,PROSPECT,M,Y,70000,5.7222223,0,40,20,25769815255
40077,859,wKY,Nell,Martindale,M,187-7006,WESTPORT,M,N,50000,4.611111,0,40,0,17179875855
57024,605,SD,Aurelio,Sridhar,M,874-1893,EGAN,M,N,35000,0,0,0,0,14006
57024,605,SD,Nienke,Eichhorn,F,341-3209,EGAN,S,Y,80000,0,0,0,0,17179877101
85068,602,AZ,Gultekin,Burnhill,M,958-6071,PHOENIX,M,N,85000,4.0325,0,4200,0,57697
85068,602,AZ,Reind,Ledeniov,F,441-7818,PHOENIX,S,Y,55000,3.5674999,2100,0,2300,17179893664
91209,530,CA,Giulia,Varman,M,613-3462,GLENDALE,M,N,60000,9.3,0,174,0,54788
96859,808,I,Mountaz,Fadgyas,M,777-1190,TRIPLER ARMY MEDICAL CENTER,M,N,70000,8.25,0,2080,0,17179871133
98587,425,WA,Cris,Toledo,F,902-6873,TAHOLAH,M,N,90000,0,0,0,0,31253
98587,425,WA,Subrata,Rovida,F,814-4934,TAHOLAH,M,N,100000,0,0,0,0,17179915907
959,787,R,Neila,Sidebottom,M,906-4027,BAYAMON,M,N,20000,0,0,0,0,17179875775
2876,401,IR,Emmanuelle,Salvail,***,337-5516,SLATERSVILLE,M,Y,45000,0,0,0,0,42815
4983,207,ME,Hamad,Kosanke,F,955-8141,STRONG,M,N,75000,8.5,0,5700,0,8589936825
4983,207,ME,Eunsook,Villamor,M,189-1025,STRONG,M,N,55000,8.5,0,5700,0,44692
5143,802,VT,Jayesh,Adachi,M,608-4261,CHESTER,M,Y,35000,3.7014668,0,6600,3300,8589952651
5143,802,VT,Margareta,Sundaresh,F,980-5616,CHESTER,S,N,15000,3.6,3300,0,0,8589983238
19802,302,DE,Gerassimos,Shanmugasundaram,M,658-3643,WILMINGTON,M,Y,35000,4.245455,0,220,110,52639
19802,302,DE,Seong,Mersereau,M,172-9977,WILMINGTON,S,Y,15000,2.8818183,110,0,110,17179904028
19952,302,E,Amel,Jungen,M,849-1857,HARRINGTON,S,Y,55000,5.609091,110,0,110***,6778
20069,202,C,Changgui,Ackley,M,866-7914,WASHINGTON,M,Y,5000,4.5,0,2740,130,25909
20307,202,DC,Thoshiro,Oliva,M,841-2691,WASHINGTON,M,Y,10000,4.5,0,2740,1370,17179923971
20307,202,DC,Delbert,Tayi,F,419-7937,WASHINGTON,M,N,30000,9,0,2740,0,34458
30218,678,GA,Hollyn,Ryslinkova,M,276-6120,GAY,S,Y,95000,6,2700,0,3000,8589943048
30218,678,GA,Wagner,Zercher,F,249-8188,GAY,M,N,70000,6,0,5400,0,25769811000
30643,678,AG,Akos,Ebbinghaus,M,468-1995,HARTWELL,S,Y,95000,6,2700,0,3000,4053
33880,561,iFL,Neophytos,Fanty,F,355-8654,WINTER HAVEN,M,Y,95000,0,0,0,0,17179876031
38835,228,MS,Paraskevi,Tawa,M,248-2448,CORINTH,S,N,30000,5,6000,0,0,17179882647
38835,228,MS,Heejo,Schiller,M,397-6263,CORINTH,S,Y,50000,5,6000,0,1500,8589939067
38863,662,MS,Xinan,Rissland,M,985-8922,PONTOTOC,S,Y,85000,5,6000,0,1500,25769816808
38863,662,MS,Hangju,Hammerle,M,337-2358,PlONTOTOC,S,N,35000,5,6000,0,0,8589937117
44460,937,OH,Eswaran,Draws,M,320-6378,SALEM,S,Y,5000,0.712,1300,0,130,44280
44460,937,OH,Kimihiro,Merani,M,256-5161,SALEM,M,Y,10000,0.8779744,0,2600,1300,8589967595
83120,307,WY,Attila,Colotti,F,641-7592,FREEDOM,S,Y,30000,0,0,0,0,13707
83120,307,WY,Gordan,Kandlur,M,598-4554,FREEDOM,S,N,60000,0,0,0,0,55800
84537,435,T,Mikiya,Saletore,F,665-6534,ORANGEVILLE,M,N,60000,7,0,4950,l0,8589990523
98544,509,A,Taketoshi,Blumann,M,256-5573,GALVIN,M,N,55000,0,0,0,0,17179920235
717,939,PR,Gal,Palaniappan,M,745-1867,PONCE,S,N,60000,0,0,0,0,50796
717,939,PR,Yordan,Alhajj,F,693-2067,PONCE,M,N,95000,0,0,0,0,25769822519
2575,857,MA,Sedat,McEneaney,F,320-4719,WEST TISBURY,S,N,15000,5.3,3575,0,0,17179903470
3037,603,H,Jongho,Gerasch,F,662-5666,DEERFIELD,M,Y,30000,0,0,0,0,8589957757
3222,603,H,Kishore,Barnhill,F,369-8859,BRISTOL,M,Y,30000,0,0,0,0,8589968190
4010,207,MdE,Annja,Bernardeschi,F,748-2215,BROWNFIELD,S,N,45000,8.5,2850,0,0,9328
19941,302,DE,Sujal,Cosmadopoulos,F,471-3299,ELLENDALE,M,N,30000,3.9045453,0,220,0,17179916431
19941,302,DE,Surendranath,Wheen,F,794-5766,ELLENDALE,S,Y,95000,5.95,110,0,110,17179917732
26105,304,WV,Anisoara,Frijda,F,664-6439,VIENNA,S,N,25000,4.05,2000,0,0,8792
37304,901,TN,Bakhadyr,Bent,M,219-4991,BAKEWELL,S,Y,55000,0,0,0,0,15371
38021,901,TqN,Travis,Unalyr,F,935-1381,CROCKETT MILLS,M,N,90000,0,0,"",0,17179927139
46527,317,NI,Othar,Quimby,M,917-2521,GOSHEN,M,Y,85000,3.4,0,2000,1000,17179881247
56031,218,dMN,Kit,Helfrich,M,201-6875,FAIRMONT,S,Y,5000,5.35,3300,0,3300,8589968220
71295,337,AL,Caterina,Cooley,M,264-7511,WINNSBORO,S,Y,60000,6,4500,0,1000,24489
73085,580,OK,Adegbemiga,Luchi,F,420-6556,YUKON,S,Y,40000,6.25,1000,0,1000,1268
73085,580,OK,Toshimo,Gracia,F,183-5852,YUKON,M,N,5000,3.0555556,0,2000,0,17179926734
82224,307,YW,Bahaa,Stuempfle,M,551-2888,LOST SPRINGS,S,N,15000,0,0,0,0,15192
84327,801,UT,Alper,Machida,F,290-9410,NEWTON,S,N,5000,7,2475,0,0,6100
84327,801,UT,Yashishi,Leino,F,188-8412,NEWTON,S,N,45000,7,2475,0,0,25769819131
96784,808,HI,Yde,Malkin,F,381-6091,PUUNENE,M,Y,35000,7.3486843,0,2080,1040,25769819617
96784,808,HI,Peing,Grostick,M,338-4220,PUUNENE,S,Y,45000,8.25,1040,0,1040,17179883911
96784,808,HI,Kirsten,Windeknecht,F,304-4288,PUUNENE,S,N,65000,8.25,1040,0,0,8589968051
97424,541,OR,Bodonirina,Giard,F,184-3487,COTTAGE GROVE,S,N,15000,9,159,0,0,20383
99575,907,K,Sharon,Kriebel,F,913-9256,CROOKED CREEK,M,N,80000,0,0,0,0,17179906237
99583,907,AK,Arfst,Dalton,M,952-7957,FALSE PASS,S,N,75000,0,0,0,0,10820
99583,907,AK,Tibor,Pettersson,M,207-9980,FALSE PASS,S,N,95000,0,***,0,0,17179924251
2896,401,IR,Lucja,Nastansky,M,302-1323,NORTH SMITHFIELD,S,Y,5000,0,0,0,0,8589978624
5855,802,T,Shavinder,Shilov,M,276-9238,NEWPORT,S,Y,15000,3.6,3300,0,3300,17179906437
6073,203,T,Adriano,Schiff,F,145-1064,SOUTH GLASTONBURY,S,N,35000,5,12750,0,0,1814
8608,609,NJ,Steephane,Battaglin,F,508-4720,TRENTON,S,N,15000,1.4,1000,0,0,17179914886
19731,302,ED,Chutimet,Cousineau,F,753-4066,PORT PENN,S,Y,35000,4.245455,110,0,110,29265
20503,202,C,Marjorie,Vigoda,M,925-3304,WASHINGTON,S,Y,95000,9,1370,0,1370,8589984416
49274,810,MI,Tihomir,Dehdashti,M,959-8193,READING,S,Y,75000,3.9,3100,0,3100,17179924354
58075,701,ND,Milton,Bars,F,289-8086,WAHPETON,M,N,95000,2.8569736,0,6600,0,8589990836
58075,701,ND,Shigeharu,Rawn,F,474-9337,WAHPETON,M,Y,15000,2.1,0,6600,3300,17179907458
68740,308,NE,Changsik,Gregoire,M,964-6970,HOSKINS,M,N,45000,6.84,0,206,0,26110
68740,308,NE,Hayden,Hariharan,F,905-7925,HOSKINS,M,N,70000,6.84,0,206,0,8589938807
71949,479,AR,Efraim,Osone,F,643-1436,JESSIEVILLE,S,N,65000,7,20,0,0,40209
89135,702,NV,Surojit,Hodes,M,245-9087,LAS VEGAS,M,N,30000,0,0,0,0,17179917815
89135,702,NV,Neff,Purao,M,423-6542,LAS VEGAS,S,N,35000,0,0,0,0,17179875728
97048,541,OgR,Jaron,Malita,F,121-6550,RAINIER,S,Y,45000,9,159,0,159,8589951862
4681,207,EM,Hidekazu,Pierre,M,318-5895,STONINGTON,M,N,30000,8.5,0,5700,0,8589940979
4861,207,E,Ahish,Ezeife,M,929-9319,THOMASTON,S,N,65000,8.5,2850,0,0,2494
19958,302,DE,Teruaki,Stanger,M,862-6301,LEWES,S,Y,20000,3.2227273,110,0,110,17179922575
19958,302,DE,Shengchang,Hershko,M,864-5990,LEWES,M,N,25000,3.5636363,0,220,0,17179906934
21161,410,MD,Taewoong,Dehkordi,F,609-5398,WHITE HALL,M,Y,5000,4.75,0,4800,2400,17179919410
21161,410,MD,Hironoby,Ossenbruggen,F,247-4319,WHITE HALL,S,Y,75000,4.75,2400,0,2400,8589942057
37148,615,N,Venkatachary,Suri,M,879-3129,PORTLAND,S,Y,90000,0,0,0,0,25769808006
37326,901,TmN,Alicja,Iwaihara,M,710-1158,DUCKTOWN,S,N,75000,0,0,0,0,5474
38674,769,MS,Chagit,Wickline,F,385-8264,TIPLERSVILLE,S,Y,35000,5,6000,0,1500,25299
38674,769,MS,Emanuela,Motlyey,M,978-7302,TIPLERSVILLE,M,Y,55000,5,0,12000,1500,42470
42776,606,KY,Kosmas,Abadi,F,597-2258,SONORA,M,N,55000,4.888889,0,40,0,8589969437
55573,218,NM,Dorbin,Hemenway,F,997-4630,YOUNG AMERICA,M,N,35000,6.1232123,0,6600,0,38099
68933,308,EN,Kenshin,Grizzle,M,431-2171,CLAY CENTER,S,N,45000,6.84,103,0,0,8589966042
82729,307,vWY,Eelco,Eichholz,M,952-8585,SUNDANCE,M,N,90000,0,0,0,0,40074
3249,603,wNH,Malvin,Bodik,M,405-4152,GILFORD,M,Y,35000,0,0,0,0,8589981553
3576,603,NH,Lorne,Guerreiro,F,471-7274,COLEBROOK,M,N,60000,0,0,0,0,8589977872
3576,603,NH,Haiyen,Ogunyode,M,925-2373,COLEBROOK,S,Y,55000,0,0,0,0,8589936370
5091,802,yVT,Liya,Carpi,M,218-1963,WOODSTOCK,M,Y,30000,3.6019895,0,6600,3300,8589976890
5874,802,VT,Enno,Thackray,F,892-5343,WESTFIELD,M,Y,85000,4.69624,0,6600,3300,43049
5874,802,VT,Weiping,Cosmadopoulos,M,336-2836,WESTFIELD,M,N,90000,4.7957172,0,6600,0,25769812287
19802,302,E,Yoonjoon,Mobasher,F,871-8820,WILMINGTON,M,N,25000,3.5636363,0,220,0,25769822452
20762,443,D,Muhsen,Vince,F,230-7018,ANDREWS AIR FORCE BASE,M,Y,25000,4.75,0,4800,2400,17179871467
29047,864,SC,Joonoo,Basler,F,125-7067,ELLOREE,M,N,95000,7,0,6600,0,8589958135
29047,864,SC,Zane,Luthar,F,358-5344,ELLOREE,M,N,5000,3.563716,0,600,0,25769826342
53046,262,I,Dongming,Pike,F,66-8075,LANNON,M,N,75000,5.7495394,0,1400,0,37685
60184,309,IL,Tripurari,Daskalakis,M,437-6287,WAYNE,S,Y,85000,3,2000,0,2000,25769803879
60184,309,L,Chyuan,Kagiwada,M,509-5773,WAYNE,S,Y,25000,3,2000,0,2000,29331
70033,225,jLA,Rajagopalan,Jockley,M,636-5966,METAIRIE,S,Y,45000,6,4500,0,1000,17179890539
72215,870,AR,Yannis,Colotti,M,801-1467,LITTLE ROCK,S,Y,40000,7,20,0,20,25769818766
82923,307,WY,Kewal,Giacomo,M,338-3697,BOULDER,M,Y,65000,0,0,0,0,8589966816
82923,307,WY,Timbur,Agi,M,670-8362,BOULDER,S,Y,35000,0,0,0,0,17179924563
85345,623,AZ,Holger,Jeris,M,936-9438,PEORIA,M,Y,45000,3.4125,0,4200,2300,8589942968
85345,623,AeZ,Yoad,Sartori,F,866-2975,PEORIA,M,Y,10000,2.87,0,4200,2300,25769821439
85619,520,AZ,Marleen,Justo,M,231-3876,MOUNT LEMMON,S,Y,70000,3.8,2100,0,2300,8589984633
87743,505,NM,Heimo,Souillard,M,735-1354,ROY,M,N,15000,4.957143,0,6600,0,8589939383
87743,505,NM,Somenath,Zohar,M,516-6513,ROY,S,N,40000,5.3,3300,0,0,17179912694
96839,808,IH,Alper,Jarvinen,F,583-2061,HONOLULU,S,Y,45000,8.25,1040,***,1040,6103
97759,971,OvR,Eginhard,Ungar,M,641-6642,SISTERS,S,N,95000,9,159,0,0,40360
99604,907,AK,Kensuke,Geniet,M,571-1558,HOOPER BAY,S,N,20000,0,0,0,0,8589966046
99604,907,AK,Tiina,Matthes,F,317-4533,HOOPER BAY,S,Y,15000,0,0,0,0,17179924402
728,939,R,Jinjoo,Lybanon,M,266-2974,PONCE,M,N,95000,0,0,0,0,8589955715
6167,860,TC,Brewster,Butterfield,M,279-8891,HARTFORD,M,N,60000,5,0,24500,0,22161
6518,860,CT,Shobana,Pfalzgraf,F,330-6792,HAMDEN,M,N,75000,5,0,24500,0,17179909035
6518,860,CT,Preston,Schijf,F,750-9451,HAMDEN,M,Y,10000,NaN,0,24500,0,17179887766
25635,304,jWV,Gurjeet,Juneja,M,153-7697,MAN,S,N,35000,4.75,2000,***,0,8589934996
29647,864,CS,Levan,Yershov,M,165-4638,GREENWOOD,M,Y,10000,5.752432,0,6600,3300,8589974800
35298,251,AL,Annedore,Holtman,F,236-2999,BIRMINGHAM,M,N,15000,5,0,3000,0,9064
35298,251,AL,Yohsuke,Schulman,F,147-1307,BIRMINGHAM,M,Y,5000,5,0,3000,300,25769821699
44432,937,OH,Amokrane,Hjaresen,M,209-4783,LISBON,M,Y,100000,3.8655128,0,2600,1300,7200
50263,641,A,Venu,Getta,F,762-8091,WAUKEE,S,N,10000,1.7078737,40,0,0,25769808226
67445,316,S,Geri,Kurino,F,116-2663,GLASCO,M,N,60000,6.45,0,4500,0,52812
68316,402,NE,Deane,Bhanu,M,219-8603,BENEDICT,S,Y,90000,6.84,103,0,103,33687
68316,402,NE,Shishir,Niizuma,M,937-3006,BENEDICT,S,Y,40000,6.84,103,0,103,17179908673
68443,308,E,Yasukazu,Perryman,M,544-7292,STERLING,M,Y,9500i0,6.84,0,206,103,25769819378
72425,479,AR,Tsuneyo,Yaoi,F,926-2391,DELAPLAINE,S,N,45000,7,20,0,0,25769804396
72425,479,AR,Rafols,Orleans,F,672-2224,DELAPLAINE,M,Y,85000,7,0,40,20,17179889937
83615,208,ID,Amitabh,Ivanova,M,410-9387,DONNELLY,M,N,75000,7.8,0,6600,0,7029
83615,208,ID,Aenne,Ferneda,F,197-2485,DONNELLY,M,Y,40000,7.8,0,6600,3300,2031
84107,435,T,Bhagirath,Hazony,F,717-3871,SALT LAKE CITY,M,Y,40000,7,0,4950,2475,18800
84337,801,T,Elaine,Chattopadhyay,F,786-8800,TREMONTON,S,N,20000,7,2475,0,0,41125
85043,480,AZ,Pranjal,McMains,F,249-8955,PHOENIX,M,Y,5000,2.87,0,4200,2300,17179887244
96734,808,IH,Erdogan,Magidin,F,299-5839,KAILUA,S,Y,40000,8.25,1040,0,1040,43290
99772,907,K,Erick,Choquette,M,564-9570,SHISHMAREF,S,N,95000,0,0,0,0,43399
605,939,PR,Itay,Ackley,F,716-7756,AGUADILLA,M,N,95000,0,0,0,0,8589949003
605,939,PR,Vishweshwar,Cleave,M,959-1594,AGUADILLA,S,Y,90000,0,0,0,0,25769809903
637,787,PR,Przemyslawa,Hassan,F,693-1651,SABANA GRANDE,S,N,20000,0,0,0,0,17179887941
637,787,PR,Guangye,Monnier,F,924-9791,SABANA GRANDE,S,N,20000,0,0,0,0,57059
707,787,xPR,Kristo,Markatos,F,176-8390,MAUNABO,S,N,3000,0,0,0,0,8589970499
921,787,RP,Katsuhiko,Shankland,F,424-5388,SAN JUAN,S,N,25000,0,0,0,0,8589963356
38920,601,MzS,Genshiro,Peng,F,379-4402,CASCILLA,M,N,75000,5,0,12000,0,52070
53706,262,WI,Paola,Mansouri,M,784-2524,MADISON,S,N,95000,6.097042,700,0,0,17179882449
71295,337,LA,Mones,Bertskeas,F,630-8103,WINNSBORO,M,Y,45000,6,0,9000,1000,17179869731
72061,479,AR,Olov,Szygenda,F,129-1893,GUY,M,Y,45000,7,0,40,20,17179880129
72061,479,AR,Everald,Gellersen,F,545-4487,GUY,S,Y,95000,7,20,0,20,45001
73043,918,OK,Berthe,Monkewich,M,993-4766,GREENFIELD,M,N,10000,6.25,0,2000,0,18328
73043,918,OK,Hiro,Himsholt,F,970-5920,GREENFIELD,S,Y,80000,6.25,1000,0,1000,8589941669
73539,405,KO,TakaHide,Danziger,F,551-5801,ELMER,M,N,20000,6.25,0,2000,0,17179919702
97125,503,RO,Rongdong,Ballin,F,723-7260,MANNING,M,Y,35000,9,0,318,159,17179896691
99765,907,AK,Carisa,McCallum,M,448-8142,NULATO,M,N,70000,0,0,0,0,23627
99765,907,AK,Dave,Pena,F,319-1167,NULATO,M,Y,30000,0,0,0,0,33470
739,939,pPR,Pirooz,Koppelaar,M,765-4080,CIDRA,S,Y,70000,0,0,0,0,17179886272
6723,860,TC,Kumud,Saletore,F,234-3364,WATERBURY,S,wN,100000,5,12750,0,0,8589971048
8205,551,NJ,Kenichi,Bannelier,F,110-9309,ABSECON,M,N,15000,1.4,0,2000,0,8589965729
20544,202,CD,Asa,Bollman,M,221-7282,WASHINGTON,S,N,35000,9,1370,0,0,12168
20714,443,MD,Jiann,Gaches,M,148-3526,NORTH BEACH,S,Y,10000,4.75,2400,0,2400,8589954527
20714,443,MD,Peixin,Pion,M,895-3554,NORTH BEACH,M,N,60000,4.75,0,4800,0,17179883962
25876,304,dWV,Xiaoping,Gulak,F,767-6631,SAULSVILLE,M,Y,70000,6.5,0,4000,2000,25769816315
47320,219,IN,Lawrence,Emmes,F,534-4610,ALBANY,S,Y,40000,3.4,1000,0,1000,8589973598
50854,319,A,Maniel,Miksik,F,218-8659,MOUNT AYR,S,Y,55000,8.65488,40,0,40,8589982141
56173,507,MN,Meenakshi,Tawera,F,411-9854,STEEN,S,N,75000,7.85,3300,0,0,8589987835
58324,701,ND,Richmond,Grobel,F,372-3733,CANDO,M,Y,100000,2.914935,0,6600,3300,17179894964
58324,701,ND,Ishantha,Voorhoeve,M,473-9166,CANDO,S,Y,65000,2.5092063,3300,0,3300,8589948582
58506,701,D,Bikash,Bouloukos,M,744-5730,BISMARCK,M,N,65000,2.5092063,0,6600,0,19284
81131,303,CO,Yuejian,Guting,M,609-8917,CRESTONE,M,N,35000,4.63,0,0,0,25769824150
84667,435,T,Okuhiko,Ormicki,M,412-7759,WALES,S,Y,100000,7,2475,0,2475,17179879691
88253,505,NM,Ginger,Goto,F,243-4615,LAKE ARTHUR,M,N,55000,5.3,0,6600,0,54263
88253,505,NM,Helnye,Eichstaedzt,F,936-9889,LAKE ARTHUR,S,N,15000,4.957143,3300,0,0,8589939796
97371,541,OR,Weiye,Grabau,M,641-5190,RICKREALL,S,N,5000,7.4102564,159,0,r0,25769812431
99777,907,AK,Nanning,Buckland,F,606-2571,TANANA,S,N,30000,0,0,0,w0,17179873768
99777,907,AK,Cristina,Vilarrasa,M,956-1173,TANANA,S,N,30000,0,0,0,0,31359
99840,907,AK,Redha,Laevens,M,437-7946,SKAGWAY,S,Y,25000,0,0,0,0,17179893101
99840,907,AK,Linlin,Dongha,M,897-6055,SKAGWAY,S,N,5000,0,0,0,0,8589976285
3446,603,zNH,Chenyi,pMagniez,M,760-8678,SWANZEY,S,N,60000,0,0,0,0,27107
5142,802,VT,Yiming,Mukund,M,190-3101,CAVENDISH,M,Y,75000,4.4972854,0,6600,3300,25769820710
5142,802,VT,Yurdaer,Zinoviev,F,703-7303,CAVENDISH,M,Y,20000,3.6,0,6600,33k00,25769825490
29215,843,SC,Jisook,Goil,M,172-1377,COLUMBIA,S,N,20000,7,3300,0,0,8589956184
35297,256,L,Meikel,Varwig,F,419-6599,BIRMINGHAM,M,N,0,5,0,3000,0,8589988108
40515,270,KY,Kasi,Osoba,F,705-4013,LEXINGTON,S,N,90000,6,20,0,0,8589963002
40515,270,KY,Vaibhav,MacGinnes,M,409-4366,LEXINGTON,S,N,95000,6,20,0,0,25769806694
41413,270,KY,Amber,Akella,M,663-6718,CROCKETT,M,N,50000,4.611111,0,40,0,6678
58035,701,ND,Hakim,Parodi,F,4j12-2725,GALESBURG,S,Y,65000,2.5092063,3300,0,3300,8589936541
58035,701,ND,Xianlong,Ochoa,F,718-2832,GALESBURG,S,Y,70000,2.5671675,3300,0,3300,25769815654
58440,701,DN,John,Dharanipragada,M,902-1387,FREDONIA,M,Y,100000,2.914935,0,6600,3300,8589957353
59911,406,MT,Galt,Zwarico,M,828-9017,BIGFORK,S,Y,20000,6.9,1900,0,1900,50938
59911,406,MT,Nelma,Wesby,F,372-2377,BIGFORK,M,Y,85000,6.9,0,3800,1900,17179875919
70558,225,A,Ganrav,Zaroliagis,M,788-5069,MILTON,M,N,95000,6,0,9000,0,51039
72061,479,R,Corneliu,Sarjoughian,M,115-4161,GUY,S,N,100000,7,20,0,0,30965
83302,208,ID,Bjarne,Schwagereit,F,866-7567,ROGERSON,M,N,70000,7.8,0,6600,0,20037
83302,208,ID,Kalervo,Grabow,M,288-2800,ROGERSON,S,N,10000,4.109693,3300,0,0,8589961372
86438,623,ZA,Yin,Brightwell,M,366-4957,YUCCA,M,N,10000,2.87,0,4200,0,25769820734
99656,907,AK,Aviezri,Zallocco,M,210-8793,RED DEVIL,S,N,40000,0,0,0,0,14278
99656,907,AK,Peyyun,Lagarias,M,974-9603,RED DEVIL,S,N,75000,0,0,0,0,17179884860
968,939,PR,Jane,Otterbein,F,528-2219,GUAYNABO,S,Y,95000,0,0,0,0,8589951275
968,939,PR,Merik,Lally,F,794-5764,GUAYNABO,M,N,60000,0,0,0,0,8589988897
4740,207,EM,Jody,Savaria,F,825-5891,EASTON,S,N,70000,8.5,2850,0,0,8589956966
5855,802,VT,Jichiang,Abdulazizoglu,"",161-5782,NEWPORT,M,Y,55000,4.099376,0,6600,3300,8589954922
5855,802,VT,Tiejun,Magenheimer,F,224-1396,NEWPORT,S,Y,25000,3.6,3300,0,3300,17179924301
6075,203,CfT,Zahi,Daneels,M,917-4353,STAFFORD,M,N,60000,5,0,24500,0,25769826168
6791,860,TC,Souvik,Dangelo,M,981-5268,HARWINTON,M,Y,15000,5,0,24500,0,17179913754
7650,848,NJ,Jouni,Weston,F,505-9017,PALISADES PARK,M,Y,15000,1.4,0,2000,1500,8589958837
44047,740,OH,Lin,Bravoco,F,855-8685,JEFFERSON,S,N,75000,3.0356412,1300,0,0,8589976024
51440,563,IA,Zahava,Raveh,F,887-4306,DEDHAM,M,Y,35000,5.567322,0,80,40,25769826130
68004,402,NE,Shimshon,Kuroshev,M,744-1448,BANCROFT,S,N,10000,3.9097095,103,0,0,17179908009
68004,402,NE,Yechiam,Leuschel,M,691-9535,BANCROFT,M,N,65000,6.84,0,206,0,25769819652
69343,308,NE,Minkoo,Sessa,F,494-4834,GORDON,M,N,95000,6.84,0,206,0,8589991401
69343,308,NE,Mandaly,Beimel,F,210-5142,GORDON,S,N,75000,6.84,103,0,0,8589981807
73085,918,KO,Aos,Priestley,M,217-6673,YUKON,S,N,70000,6.25,1000,0,0,10267
98504,253,WA,Teofilo,Guernic,F,887-7892,OLYMPIA,M,N,20000,0,0,0,0,17179922172
98504,253,WA,Yehea,Figueira,M,129-3253,OLYMPIA,S,Y,65000,0,0,0,0,25769819720
99027,360,WA,Brigham,Eyal,M,444-2905,OTIS ORCHARDS,M,N,45000,0,0,0,0,22226
5151,802,VT,Shyue,Sutre,M,695-4384,PERKINSVILLE,S,N,50000,3.998987,3300,0,0,17179910468
5151,802,VT,Cyrano,Unger,F,184-4316,PERKINSVILLE,S,Y,50000,3.9998987,3300,0,3300,31742
5151,802,VT,Oktay,Croitoru,F,372-2782,PERKINSVILLE,S,Y,35000,3.7014668,3300,0,3300,17179879649
19979,302,ED,Afzal,Blu,F,320-8267,VIOLA,M,N,35000,4.245455,0,220,0,2105
37146,901,NT,Samuli,Muniz,M,201-5158,PLEASANT VIEW,M,N,40000,0,0,0,0,17179900940
37318,731,N,Meyer,Wohlfarth,F,556-8798,COWAN,S,Y,90000,0,0,0,0,8589989173
38543,865,TN,Jayaram,Litant,M,361-6639,ALPINE,M,N,90000***,0,0,n0,0,8589952552
38543,865,TN,Gunnvald,Noro,M,958-423,ALPINE,M,N,35000,0,0,0,0,57852
48144,734,MI,Veli,Agius,F,733-5686,LAMBERTVILLE,M,N,50000,3.9,0,6200,0,25769807864
58236,701,wND,Wenan,Radwan,F,967-3897,GLASSTON,S,Y,95000,2.8569736,3300,0,3300,25769812521
59755,406,TM,Brian,cheid,M,322-6195,VIRGINIA CITY,M,N,45000,6.9,0,3800,0,22181
82630,307,WY,Adenauer,Broos,F,588-9510,ARMNTO,M,N,90000,0,0,0,0,1383
82630,307,WY,Adamantios,Bini,M,346-4954,ARMINTO,M,N,65000,0,0,0,0,1184
89711,702,NV,Jainendra,McAlister,F,766-2841,CARSON CITY,M,Y,90000,0,0,0,0,8589950704
89711,702,NV,Shengchang,Zongker,M,968-6425,CARSON CITY,M,N,90000,0,0,0,0,17179906946
96784,808,IH,Dihua,Nuth,M,661-9824,PUUNENE,M,N,5000,1.9407895,0,2080,0,36075
96803,808,HI,Susanta,Gidron,M,454-8555,HONOLULU,S,Y,85000,8.25,1040,0,1040,17179918035
96803,808,HI,Vojtech,Solovay,F,651-8325,HONOLULU,S,N,50000,8.25,1040,0,0,25769810581
19734,302,DE,Isidore,Reghabi,F,186-6597,TOWNSEND,M,N,45000,4.927273,0,220,0,8589948685
19734,302,DE,Guntram,Dubhashi,F,121-9769,TOWNSEND,S,Y,55000,5.609091,110,0,110,57922
39566,769,SM,Jacque,Olien,M,417-3817,OCEAN SPRINGS,M,N,25000,5,0,12000,0,8589949963
46742,765,N,Leoan,Boxall,M,975-5713,HAMILTON,S,Y,90000,3.4,1000,0,1000,8589974321
50012,563,IA,Byunggyu,Carls,M,283-6679,AMES,S,Y,30000,4.795432,40,0,40,23004
70739,318,LA,Othmar,Schupeta,F,360-3753,GREENWELL SPRINGS,S,Y,90000,0.6,4500,0,1b000,17179881274
89103,702,VN,Ciprian,Kneisl,F,142-8324,LAS VEGAS,S,Y,70000,0,0,0,0,29413
89122,775,V,Moto,Idri,M,396-4406,LAS VEGAS,M,Y,15000,0,0,0,0,17179870774
99107,253,vWA,Yugo,Hobby,M,627-9680,BOYDS,M,N,40000,0,0,0,0,25769824350
99583,907,KA,Landon,Tibrook,M,102-9289,FALSE PASS,M,N,60000,0,0,0,0,8589972861
5079,802,T,Chengyu,Martella,M,119-4636,VERSHIRE,S,N,75000,4.4972854,3300,0,0,26971
8810,973,NJ,Michitaka,Parmelee,F,358-1723,DAYTON,S,N,55000,1.9519792,1000,0,0,8589989876
19725,302,ED,Asanobu,Welcome,M,692-3624,NEWARK,M,N,55000,5.609091,0,220,0,12235
25833,304,V,Panayotis,Hariharan,F,719-1673,DOTHAN,M,Y,20000,3.7,0,4000,2000,17179882255
29940,803,SC,Slava,Deokar,M,476-5467,SEABROOK,S,Y,10000,5.752432,3300,0,3300,17179912080
29940,803,SC,Murugappan,Salmen,M,172-7879,SEABROOK,M,N,80000,7,0,6600,0,17179872066
38543,865,tTN,Sugath,Tretmans,M,718-3998,ALPINE,M,Y,100000,0,0,0,0,17179916288
58125,701,D,Jongho,Mangaser,F,181-4054,FARGO,S,N,70000,2.5671675,3300,0,0,8589957751
59933,406,T,Pushan,Berstel,M,418-6488,STRYKER,M,N,90000,6.9,0,3800,0,17179888054
82010,307,WY,Dhiraj,Broscius,M,572-5742,CHEYENNE,S,N,60000,0,0,0,0,35621
82010,307,WY,Yunming,Piancastelli,F,669-2820,CHEYENNE,M,N,35000,0,0,0,0,25769825357
89319,775,NyV,Ruiz,Noriega,M,762-2835,RUTH,M,Y,85000,0,0,0,"",17179898143
97457,541,RO,Yiyun,Millington,M,584-4935,MYRTLE CREEK,M,Y,40000,9,0,318,159,25769821312
15484,484,PmA,Guru,Nooteboom,F,229-9834,ULEDI,M,N,70000,3.07,0,0,0,8589935027
16667,484,A,Teruhiko,Darche,M,831-5664,OSTERBURG,S,Y,85000,3.07,0,0,0,17179922604
25564,304,WV,Susie,Mungall,M,500-7764,SOD,S,Y,45000,5.45,2000,0,2000,17179918137
25564,304,WV,Koray,Flagg,M,613-9919,SOD,M,N,15000,3.35,0,4000,0,8589969340
27259,980,C,Divesh,Snedden,M,291-7038,HIGHFALLS,S,N,25000,6.256993,3300,0,0,36727
30349,478,AG,Rahim,Shilling,M,702-2956,ATLANTA,S,N,45000,6,2700,0,0,17179890188
53599,414,bWI,Sangyeun,Hapanyengwi,M,336-1267,WOODFORD,S,N,25000,4.880782,700,0,0,17179901570
54976,262,WI,Hidekazu,Villa,M,998-6098,SAXEVILLE,M,N,75000,5.7495394,0,1400,0,8589940989
58492,701,ND,Khurram,Sylor,F,507-9171,WIMBLEDON,M,N,35000,2.161439,0,6600,0,8589967139
58492,701,ND,Teruaki,Arblaster,M,840-8723,WIMBLEDON,S,Y,45000,2.2773614,3300,0,3300,17179922577
58492,701,ND,Armando,Aparicio,M,872-7393,WIMBLEDON,M,N,55000,2.3932838,0,6600,0,11352
58783,701,DN,Rachel,Milosavljevic,M,910-2345,SOURIS,S,N,5000,0.1,3300,0,0,17179889295
72001,870,R,Sanjiva,Hoene,M,539-2532,ADONA,S,N,35000,7,20,0,0,17179901738
84337,801,UT,Casimir,Birrer,M,934-2696,TREMONTON,S,N,95000,7,2475,0,0,24362
84337,801,UT,Namhee,Pfalzgraf,M,760-6625,TREMONTON,M,N,80000,7,0,4950,0,17179873516
84537,435,UT,Diane,Beznosov,M,543-9459,ORANGEVILLE,M,Y,60000,7,0,4950,2475,35740
84537,435,UT,Bala,Dashofy,M,172-3112,ORANGEVILLE,M,Y,15000,7,0,4950,2475,15454
3255,603,NH,Akhil,Bridges,F,207-8016,NEWBURY,M,Y,95000,0,0,0,0,3464
3255,603,NH,Zorana,Dragt,F,795-1448,NEWBURY,M,N,95000,0,0,0,0,25769829019
3835,603,NH,Hamza,Callan,M,200-6710,FARMINGTON,S,N,10000,0,0,0,0,8589936944
3835,603,NH,Jackie,Kohno,F,950-9985,FARMINGTON,S,N,75000,0,0,0,0,8589949805
30113,770,GA,Zahira,Kowalchuk,F,849-3130,BUCHANAN,M,N,100000,6,0,5400,0,25769826243
35893,334,AL,Surojit,Johannesen,M,923-7841,HUNTSVILLE,M,Y,100000,5,0,3000,300,17179917827
38623,228,MkS,Feiyu,Pearce,F,299-5774,DARLING,S,Y,40000,5,6000,0,1500,46734
48706,616,I,Nissim,Naggar,M,676-6615,BAY CITY,S,Y,45000,3.9,3100,0,3100,17179877815
55102,320,MN,Suneeti,Conta,F,124-9818,SAINT PAUL,S,N,40000,6.3900213,3300,0,0,17179917148
57437,605,SD,Kriton,Deter,M,689-8614,EUREKA,M,N,20000,0,0,0,0,8589970632
57437,605,SD,Arlindo,Malaveta,F,384-1039,EUREKA,S,N,65000,0,0,0,0,11318
57760,605,D,Soung,Parmelee,M,258-2194,NEWELL,M,N,95000,0,0,0,0,17179913658
58335,701,ND,Jitendra,Swiss,F,579-4764,FORT TOTTEN,M,N,65000,2.5092063,0,6600,0,8589956258
58335,701,ND,Vigyan,Zilles,M,220-4413,FORT TOTTEN,M,N,5000,2.1,0,6600,0,25769808793
66761,620,S,Keith,Dicky,M,725-1555,PIQUA,S,N,100000,6.45,2250,0,0,8589965272
72475,501,R,Verena,McKenna,M,433-9080,WALDENBURG,M,Y,50000,7,"",40,20,25769808263
73757,580,OK,Guntram,Strohm,F,856-7452,LUCIEN,S,Y,25000,6.25,1000,0,1000,57932
80010,719,CO,Zhibin,Sommen,F,368-2120,AURORA,M,N,15000,4.63,k0,0,0,25769827480
87503,505,NM,Goopeel,Ramanan,F,580-9228,SANTA FE,S,Y,35000,5.3,3300,0,3300,55637
87503,505,NM,Kara,Campr,F,379-5289,SANTA FE,S,Y,80000,5.3,3300,0,3300,8589962352
89883,775,VN,Jaron,Sindoni,F,688-9114,WEST WENDOVER,M,N,90000,0,0,0,0,8589951864
96839,808,HI,Olumide,Blomberg,M,305-3637,HONOLULU,S,Y,35000,7.3486843,1040,0,1040,17179880156
96839,808,HI,Its''hak,Bartscht,F,785-4623,HONOLULU,M,N,50000,8.25,0,2080,0,8589949010
99738,907,K,Tessa,Livadas,F,751-5872,EAGLE,S,Y,45000,0,0,0,0,17179922783
2864,401,RI,Maartje,Martindale,M,596-9710,CUMBERLAND,S,N,55000,0,0,0,0,8589979774
2864,401,RI,Abdelmalek,Llorente,F,884-1334,CUMBERLAND,M,N,15000,0,0,0,0,534
16667,484,PA,Lionello,Narahari,M,436-7662,OSTERBURG,M,N,70000,3.07,0,0,0,8589976398
21204,410,DM,Jutta,Weistroffer,M,865-8799,TOWSON,M,N,5000,4.75,0,4800,0,8589960645
55578,763,MN,Evanthia,Rosenberg,"",268-9186,MAPLE PLAIN,M,N,90000,7.85,0,6600,0,44911
57066,605,kSD,Asuman,Kochetov,M,118-6969,TYNDALL,S,N,50000,0,0,0,0,13090
58505,701,ND,Berni,Litant,M,571-6509,BISMARCK,M,N,10000,2.1,0,6600,0,18158
58505,701,ND,Gesualdo,Bickford,M,408-9230,BISMARCK,S,Y,40000,2.2194002,3300,0,3300,53219
58854,701,D,Shigekazu,Tompa,M,824-1867,WATFORD CITY,S,N,85000,2.7410512,3300,0,0,17179907580
59642,406,MT,Tanveer,Rety,M,236-3796,RINGLING,S,N,55000,6.9,1900,0,0,17179920950
59642,406,MT,Marsja,Mendelsohn,M,192-8265,RINGLING,M,N,100000,6.9,0,3800,0,8589985015
59823,406,MT,Peixin,Fucik,M,990-7642,BONNER,M,Y,60000,6.9,0,3800,1900,17179883961
59823,406,MT,Raqui,Sundgren,M,667-9092,BONNER,M,Y,95000,6.9,0,3800,1900,17179892350
83011,307,Y,Nanda,Tash,F,645-7976,KELLY,M,N,25000,0,0,0,0,17179873691
84130,435,T,Ami,Nuseibeh,F,494-2658,SALT LAKE CITY,M,N,95000,7,0,4950,0,6856
88430,505,wNM,Selmer,Zhongzhi,M,420-9829,NARA VISA,S,Y,20000,5.3,3300,0,3300,17179903859
96849,808,HI,Katharine,Straube,F,237-8132,HONOLULU,S,N,70000,8.25,1040,0,0,8589963223
96849,808,HI,Sanjiv,Gerbe,M,253-2415,HONOLULU,M,Y,95000,8.25,0,2080,1040,17179901730
98844,509,WA,Suphachai,Rahola,M,803-7939,OROVILLE,M,Y,75000,0,0,0,0,17179917408
775,939,RP,Bingchiang,Anquetil,M,573-4147,CULEBRA,S,Y,85000,0,0,0,0,19618
957,939,gPR,Vesselin,Yand,F,929-7804,BAYAMON,S,Y,80000,0,0,0,0,25769808483
2838,401,IR,Ricardo,Burroughs,M,295-9951,MANVILLE,S,N,5000,0,0,0,0,17179894814
6233,860,CT,Kejun,Rioboo,M,955-9286,BALLOUVILLE,"",N,5000,3,0,24500,0,8589965339
6233,860,CT,Mildred,Dinkhoff,F,623-6130,BALLOUVILLE,S,N,65000,5,12750,0,0,8589990655
28201,252,zNC,Hae,Tsvetovat,M,556-5363,CHARLOTTE,S,N,35000,6.466783,3300,0,0,8589935718
47584,765,NI,Chidanand,McIlraith,F,396-3185,SPURGEON,S,bY,70000,3.4,1000,0,1000,27416
59710,406,MT,Mitsuru,Karlapalem,M,827-8060,ALDER,S,N,90000,6.9,1900,0,0,8589992437
59710,406,MT,Puri,Hernan,F,942-3471,ALDER,S,N,40000,6.9,1900,0,0,17179888022
59825,406,T,Yoko,Keen,M,180-9242,CLINTON,M,N,85000,6.9,0,3800,0,25769821793
65104,816,OM,Aniorte,Perkins,M,654-7464,JEFFERSON CITY,S,N,15000,6,2100,0,0,8694
88102,505,NM,Giuseppa,eRhak,F,651-3520,CLOVIS,S,N,35000,5.3,3300,0,0,54882
88102,505,NM,Libby,Mokryn,M,944-9918,CLOVIS,S,Y,5000,1.7,3300,0,3300,8589975238
99653,907,AK,Osmar,Stessman,M,410-5844,PORT ALSWORTH,S,N,55000,0,0,0,0,17179881094
99653,907,AK,Lillian,Bamford,F,276-8504,PORT ALSWORTH,S,N,100000,0,0,0,0,8589975848
704,939,PR,Masali,Gihr,F,426-7959,AGUIRRE,S,Y,90000,0,0,0,0,8589985923
704,939,PR,Peter,Nobauer,F,750-4541,AGUIRRE,S,N,60000,0,0,0,0,17179884616
4564,207,MxE,Yuuichi,Longobardi,M,703-4534,ROUND POND,M,N,10000,4.5857663,0,5700,0,25769825728
5055,802,TV,Trevor,Rozin,F,222-7639,NORWICH,S,N,30000,3.6019895,3300,0,0,25769803788
5143,802,TV,Tetsuji,Ede,M,394-9428,CHESTER,S,Y,100000,4.994672,3300,0,3300,17179922901
6889,860,fCT,Chilukuri,Ciolek,M,952-8892,WESTPORT,M,N,85000,5,0,24500,0,27730
19943,302,DE,Amelia,Ramsey,M,709-1531,FELTON,S,Y,90000,s5.95,110,0,110,6791
19943,302,DE,Vojtech,Baak,F,391-3321,FELTON,M,N,45000,4.927273,0,220,0,25769810575
20229,202,DC,Ranjeev,Wrzszcz,F,558-6716,WASHINGTON,"",Y,45000,9,1370,0,1370,17179892159
20229,202,DC,Omer,Loiselle,F,695-4434,WASHINGTON,M,N,100000,9,0,2740,0,17179880205
36376,205,bAL,Arild,Garigliano,dM,679-1441,WEBB,S,N,45000,5,1500,0,0,10958
50012,563,AI,Donn,Nohmi,M,405-4968,AMES,S,Y,35000,5.567322,40,0,40,37921
57274,605,ShD,Ronit,Prior,M,796-3928,WEBSTER,M,Y,15000,0,0,0,0,17179896787
57791,605,hSD,Sangman,Gargeya,F,605-1010,WASTA,S,Y,35000,0,0,0,0,17179901463
59247,406,MT,Kailish,Pietak,M,418-4173,MEDICINE LAEK,S,Y,100000***,6.9,1900,0,1900,8589961177
59247,406,MT,Mostafa,Dannevik,M,614-6643,MEDICINE LAKE,M,N,45000,0.69,0,3800,0,17179870722
68791,402,EN,Egidio,Vutukuru,M,997-1074,WISNER,S,N,70000,6.84,103,0,0,40322
88021,505,NM,Shumeet,Erva,M,255-8394,ANTHONY,M,N,60000,5.3,0,6600,0,17179910075
88021,505,NM,Ramachendra,Lovis,F,152-8523,ANTHONY,S,Y,30000,5.3,3300,0,3300,17179891206
89178,775,NV,Anthony,Zyda,M,805-2442,LAS VEGcAS,M,N,10000,0,0,0,0,9627
89178,775,NV,Archita,Steinparz,F,853-3366,LAS VEGAS,S,N,95000,0,0,0,0,10589
6512,860,TC,Yahong,Preus,F,194-7577,EAST HAVEN,M,Y,50000,5,0,24500,0,25769818051
8021,856,NJ,Renganathan,Weissmarm,M,161-8505,CLEMENTON,S,Y,80000,2.34625,1000,0,1500,17179894216
20003,202,CD,Aad,Brodman,F,916-6394,WASHINGTON,S,N,45000,9,1370,0,0,23
35056,334,AL,Valentine,Nonn,M,599-6102,CULLMAN,M,N,60000,5,0,3000,0,25769806901
35056,334,AL,Nader,Fouchal,F,571-8921,CULLMAN,S,N,65000,5,1500,0,0,17179872784
37224,865,N,Smita,Hjalmtysson,F,148-7873,NASHVILLE,M,Y,35000,0,0,0,0,17179912261
37409,731,TN,Rajamani,Gyenizse,M,252-5503,CHATTANOOGA,M,Y,95000,0,0,0,0,17179890558
46311,812,fIN,Rosine,Hehmann,M,937-7014,DYER,S,Y,20000,3.4,1000,0,1000,17179897332
58768,701,ND,Salah,Whiting,F,497-6120,NORWICH,S,Y,25000,2.1,3300,0,3300,17179900214
58768,701,ND,Prabal,Evard,M,648-8837,NORWICH,M,Y,50000,2.3353226,0,6600,3300,17179886769
82227,307,WY,Sanping,Ciolek,F,445-4810,MANVILLE,M,N,30000,0,0,0,0,17179901964
82227,307,WY,Fengjie,Milanese,F,644-3705,MANVILLE,S,N,15000,0,0,0,0,47079
89413,775,NjV,Stergios,Nocker,M,847-3187,GLENBROOK,M,Y,85000,0,0,0,0,17179915303
5074,802,VT,Tamas,Mineiro,M,410-2684,THETFORD,M,N,10000,3.6,0,6600,0,17179920576
5074,802,VT,Lang,Bik,M,785-2882,THETFORD,M,Y,5000,3.6,0,6600,3300,8589972952
6380,860,TC,Murali,Moshell,M,388-2129,TAFTVILLE,M,Y,25000,5,0,24500,0,17179871796
19946,302,DE,Aluzio,Pokrovskii,F,762-2726,FREDERICA,M,Y,30000,3.9045453,0,220,110,6214
19946,302,DE,Ignas,Pitchumani,M,969-5362,FREDERICA,M,N,90000,5.95,0,220,0,8589946534
19946,302,DE,Gennady,Mikschl,F,18-3492,FREDERICA,M,Y,80000,5.95,0,220,110,51977
73051,405,KO,Elvia,Karner,F,607-6909,LEXINGTON,S,N,55000,6.25,1000,0,0,42273
83403,208,DI,Myrna,Ekanadham,M,735-9070,IDAHO FALLS,M,Y,40000,7.8,0,6600,3300,17179872338
84340,435,UT,Sharat,Warwick,M,420-5713,WILLARD,M,Y,40000,7,0,4950,2475,17179906166
84340,435,UT,Woojin,Ygge,F,423-7007,WILLARD,S,Y,85000,7,2475,0,2475,25769814973
85396,928,AZ,Donato,Melcarne,F,442-8212,BUCKEYE,M,Y,100000,4.265,0,4200,2300,37444
85396,928,AZ,Pyeong,Winzer,F,v315-5277,BUCKEYE,S,Y,35000,3.2575,2100,0,2300,17179888137
99674,907,AfK,Fahiem,Mertsiotakis,F,951-2756,SUTTON,S,Y,70000,0,0,0,0,45572
19701,302,E,Marcelino,Indiresan,F,525-7254,BEAR,S,N,15000,2.8818183,110,0,0,8589983077
20227,202,DC,Yufeng,Weinert,M,228-7655,WASHINGTON,S,Y,5000,4.5,1370,0,1370,25769824324
20227,202,DC,Tullio,Mynatt,M,125-6152,WASHINGTON,S,Y,35000,9,1370,0,1370,25769804602
54547,715,WI,Tyll,Swen,F,571-6443,MERCER,M,N,65000,5.575788,0,1400,0,25769804982
54547,715,WI,Ciprian,Azagury,F,998-9186,MERCER,M,N,100000,6.183918,0,1400,0,29410
58505,701,DN,Syed,Tanzariello,M,194-3009,BISMARCK,S,Y,50000,2.3353226,3300,0,3300,17179918776
80136,303,CsO,Reind,Hoogendoorn,F,369-8146,STRASBURG,S,Y,95000,4.63,0,0,0,17179893669
83011,307,YW,Ram,Nierstrasz,M,968-3453,KELLY,M,N,5000,0,0,0,0,17179891120
83637,208,ID,Suhas,Panwar,F,539-3124,LOWMAN,S,N,25000,7.8,3300,0,0,17179916369
83637,208,ID,Souvik,Broer,M,326-7820,LOWMAN,M,Y,5000,2.6903439,0,6600,3300,17179913749
87158,505,M,Vigyan,Lorys,M,759-4350,ALBUQUERQUE,S,Y,60000,5.3,3300,0,a3300,25769808785
96801,808,HI,Kern,Hemerik,F,811-6900,HONOLULU,M,N,60000,8.25,0,2080,0,8589966423
96801,808,HI,Jianchen,Czarnecki,F,346-2911,HONOLULU,S,pY,10000,2.8421054,1040,0,1040,8589954165
96801,808,HI,Shiyu,Scheid,M,748-7366,HONOLULU,M,N,20000,4.644737,0,2080,0,17179908867
97885,971,OtR,Loganath,Zschoche,M,229-8724,WALLOWA,M,N,5000,7.4102564,0,318,0,8589977302
98925,360,WpA,Rohit,Schallart,F,565-3413,EASTON,M,N,25000,0,0,0,0,17179896097
99674,907,K,Evangeline,Lotkin,M,556-8035,SUTTON,M,N,30000,0,0,0,0,44869
4346,207,E,Cetin,Kern,M,805-3294,RANDOLPH,S,N,80000,8.5,2850,0,0,25167
6146,203,T,Tzu,Ozkan,M,180-5051,HARTFORD,S,N,85000,5,12750,0,0,25769805180
29506,864,SC,Ramarao,Eustace,F,791-7734,FLORENCE,S,Y,40000,7,3300,0,3300,17179891360
29506,864,SC,Teresemarie,Siler,M,995-5565,FLORENCE,M,Y,90000,7,0,6600,3300,17179922260
42120,606,KY,Jurjen,Csaba,F,518-2884,ADOLPHUS,S,N,70000,5.7222223,20,0,0,8589960446
42120,606,KY,Inbal,Shilov,F,534-6967,ADOLPHUS,S,N,15000,2.6666667,20,0,0,8589947387
47993,765,IN,Madhura,Klaiber,F,625-5664,WILLIAMSPORT,M,N,95000,3.4,0,2000,0,8589980194
47993,765,IN,Harvey,Littlewood,M,403-9548,WILLIAMSPORT,M,Y,10000,3.4,0,2000,1000,8589938510
58125,701,ND,Yehoshafat,Rivierre,F,967-9657,FARGO,S,Y,40000,2.2194002,3300,0,3300,25769819782
58125,701,ND,Elben,Lust,F,155-2893,FARGO,S,N,30000,2.1034775,3300,0,0,41197
58324,701,DN,Kozo,Gooday,M,944-2211,CANDO,S,N,35000,2.161439,3300,0,0,8589969912
66966,316,KS,Pozung,Pineo,M,315-7654,SCANDIA,M,***,55000,6.45,0,4500,0,17179886726
66966,316,KS,Mauno,Gorski,M,603-9262,SCANDIA,S,N,10000,3.5,2250,0,0,8589987078
70616,225,LA,Amilcar,Linnell,F,196-4124,LAKE CHARLES,S,Y,80000,6,4500,0,1000,6947
70616,225,LA,Niki,Quinke,***,119-1951,LAKE CHARLES,M,Y,10000,2,0,9000,1000,17179877265
99623,907,pAK,Manica,Kabuka,M,585-5223,WASILLA,S,N,35000,0,0,0,0,8589982106
715,787,R,Xiaowei,Pelayo,F,837-8198,MERCEDITA,M,N,95000,0,0,0,0,25769816547
29588,843,C,Jogesh,Zwilling,M,507-1434,MYRTLE BEACH,M,Y,90000,7,0,6600,3300,8589957182
29734,803,SC,Onno,Demeyer,M,916-9105,ROCK HILL,S,N,25000,7,3300,0,0,17179880359
37408,901,TN,Grigory,Rabagliati,M,151-3931,CHATTANOOGA,S,N,75000,o0.0,0,0,0,56771
37408,901,TN,Misha,Junnemann,M,707-8253,CHATTANOOGA,M,N,95000,0,0,0,0,8589992188
52222,319,A,Delbert,Hancox,F,328-8347,DEEP RIVER,S,Y,85000,8.98,40,0,40,34476
57197,605,SjD,Junping,Worfolk,M,948-4083,SIOUX FALLS,S,Y,10000,0,0,0,0,8589960111
58477,701,NcD,Kaila,Muldowney,F,981-7801,REGAN,wM,Y,25000,2.1,0,6600,3300,8589961114
59462,406,MT,Peggy,Musil,M,326-4115,MOCCASIN,M,Y,50000,6.9,0,3800,1900,17179883773
59462,406,MT,Shensheng,Grabau,F,466-3920,MOCCASIN,M,Y,85000,6.9,***,3800,1900,17179907036
66937,620,KS,Assef,Crouzet,M,131-8086,CLIFTON,S,N,45000,6.45,2250,0,0,12983
66959,785,KS,Renny,Munos,M,444-2929,MUNDEN,S,N,55000,6.45,2250,0,0,17179894266
66959,785,KS,Meikel,Bal,F,x176-8755,MUNDEN,M,Y,80000,6.45,0,4500,2250,8589988105
67445,316,KS,Olivier,Halker,M,328-5205,GLASCO,S,N,95000,6.45,2250,0,0,17179880009
67445,316,KS,Hosame,Streitz,M,183-9909,GLASCO,M,Y,50000,6.45,0,4500,2250,8589943997
72384,870,AR,Alok,Podgurski,M,718-4942,TURRELL,M,Y,40000,7,0,40,20,5961
72384,870,AR,Svetlana,Yano,F,881-9762,TURRELL,M,N,45000,7,0,40,0,17179918452
83735,208,ID,Darwen,Huleihel,M,681-3327,BOISE,S,Y,85000,7.8,3300,0,3300,33321
83735,208,ID,Livio,Dalton,M,241-3535,BOISE,M,Y,100000,7.8,0,6600,3300***,8589976819
83851,208,ID,Maithili,Ramarao,M,657-6646,PLUMMER,S,N,80000,7.8,3300,0,0,8589981077
83851,208,ID,Itaru,Passafiume,M,365-2461,PLUMMER,S,Y,5000,2.6903439,3300,0,3300,8589948976
84090,801,UfT,Taoufiq,Boudaillier,F,286-1037,SANDY,S,N,15000,7,2475,0,0,17179921067
89008,775,NV,Tatsuie,Haraldson,M,899-8655,CALIENTE,S,N,90000,0,0,0,0,17179921526
89008,775,NV,Evanthia,Crampes,M,588-5323,CALIENTE,M,Y,100000,0,0,0,0,44909
89144,702,NV,Mingsen,Guth,F,809-5731,LAS VEGAS,M,Y,50000,0,0,0,0,8589991198
89144,702,NV,Pasi,Haake,M,745-1940,LAS VEGAS,S,Y,25000,0,0,0,0,17179882966
96715,808,IH,Isabella,Box,M,482-1622,HANAMAULU,S,Y,5000,1.9407895,1040,0,1040,8589948432
97282,503,R,Laszlo,Morschel,M,612-5850,PORTLAND,M,N,45000,9,0,318,0,8589973252
99832,907,K,Changjie,Stavenow,M,424-6835,PELICAN,M,Y,85000,0,0,0,0,25991
2839,401,RI,Cornelis,Denti,F,785-8141,MAPLEVILLE,M,N,75000,0,0,0,0,30950
2839,401,RI,Dwifiandika,Soutyrina,xF,514-1821,MAPLEVILLE,M,Y,100000,0,0,0,0,39117
2863,401,RI,Qiuming,Dowell,F,611-1793,CENTRAL FALLS,S,Y,65000,0,0,0,0,17179888715
2863,401,RI,Eiiti,Rorvig,M,525-4765,CENTRAL FALLS,M,Y,80000,0,0,0,0,40575
3835,603,NgH,Yonhao,Benjauthrit,F,803-9971,FARMINGTON,M,N,20000,0,0,0,0,25769822328
19710,302,E,Bodonirina,Susskind,F,161-4289,MONTCHANIN,M,N,95000,5.95,0,220,0,20391
36509,256,LA,Benedita,Kubierschky,F,804-9851,BAYOU LA BATRE,S,Y,100000,5,1500,0,300,17498
47871,574,N,Liya,Schnabel,M,206-9151,RILEY,S,Y,5000,3.4,1000,0,1000,8589976895
50940,641,IA,Carol,Antonellis,F,338-8449,DES MOINES,S,Y,70000,8.98,40,0,40,23963
53156,608,IW,Golgen,Moumoutzis,F,461-3437,PALMYRA,M,N,60000,5.488912,0,1400,0,55418
57760,605,SD,Bibhuti,Beke,F,809-2383,NEWELL,M,N,6m5000,0,0,0,0,19172
57760,605,SD,Junbo,Ancourt,M,812-3615,NEWELL,M,N,100000,0,0,0,0,8589959741
58274,701,lND,Gitta,Aberer,F,768-3308,PORTLAND,M,N,65000,2.5092063,0,6600,0,54733
59064,406,T,Antoin,Chauche,M,190-7015,POMPEYS PILLAR,M,N,50000,6.9,0,3800,0,9666
66782,620,S,Rubens,Doukas,F,333-7736,WEST MINERAL,M,Y,15000,3.5,0,4500,2250,17179897841
67621,785,S,Zorica,Jarwala,F,851-8665,AGRA,S,N,40000,6.45,2250,0,0,25769829047
71044,225,LA,Line,Sowerbutts,F,785-2790,IDA,S,Y,10000,2,4500,0,1000,8589976180
80038,970,OC,Changyuan,Masini,F,359-9859,BROOMFIELD,M,Y,40000,4.63,0,0,0,26179
82212,307,WY,Katsumasa,Jiang,F,284-2401,FORT LARAMIE,M,Y,25000,0,0,0,0,8589963453
82212,307,WY,Shair,Mahoui,M,271-2081,FORT LARAMIE,M,Y,10000,0,0,0,0,17179905459
82242,307,Y,Sheilah,Cornell,F,288-7563,VAN TASSELL,M,Y,40000,0,0,0,0,17179906683
87364,505,M,Enrica,Springer,F,120-6676,SHEEP SPRINGS,M,N,35000,5.3,0,6600,0,43099
87930,505,MN,Guoxiang,Kirschenbaum,F,134-5462,ARREY,S,N,15000,4.957143,3300,0,0,8589934802
89506,702,VN,Zhigang,Vrain,F,600-4517,RENO,S,Y,65000,0,0,0,0,25769827567
96750,808,I,Igal,Leibl,M,465-8309,KEALAKEKUA,M,Y,75000,8.25,0,2080,1040,8589946483
97015,971,sOR,Kang,Schmalz,M,628-2032,CLACKAMAS,S,Y,65000,9,159,0,159,8589961989
786,939,R,Ophir,Kambhampati,M,272-5682,LA PLATA,S,Y,5000,0,0,0,0,17179880444
6521,203,T,Zineb,Buttelmann,M,633-3480,NEW HAVEN,S,N,85000,5,12750,0,0,25769828567
33158,786,FtL,Niel,Bachus,F,403-7652,MIAMI,M,Y,75000,0,0,0,0,17179877080
38021,901,TN,Naoki,Verdillon,F,425-7826,CROCKETT MILLS,S,Y,85000,0,0,0,0,17179873928
38021,901,TN,Talal,Dow,M,530-7749,CROCKETT MILLS,S,N,30000,0,0,0,0,17179920448
46866,812,IN,Bede,Lahner,F,413-2142,FORT WAYNE,M,N,5000,3.4,0,2000,0,16932
57059,605,DS,Pere,Hasida,F,680-7399,SCOTLAND,S,Y,100000,0,0,0,0,17179884277
58763,701,ND,Toyofumi,McCarl,F,508-1271,NEW TOWN,S,Y,15000,2.1,3300,0,3300,17179926982
58763,701,ND,Yahui,Promfett,F,764-6865,NEW TOWN,S,Y,100000,2.914935,3300,0,3300,25769818066
68113,308,NE,Shashidhar,Bari,M,174-4506,OFFUTT A F B,S,wN,100000,6.84,103,0,0,17179906312
68113,308,NE,Lim,Manegold,F,537-8321,OFFUTT A F B,S,Y,30000,6.84,103,0,103,8589975915
76301,430,TuX,Natawut,Kmiec,F,106-9210,WICHITA FALLS,M,Y,35000,0,0,0,0,17179875030
85072,928,AZ,Yashishi,Mansanne,F,667-3336,PHOENIX,M,N,100000,4.265,0,4200,0,25769819137
37763,615,TN,Dhamir,Barriere,M,337-1950,KINGSTON,M,Y,25000,0,0,0,0,35457
37763,615,TN,Toan,Khakhar,F,500-8665,KINGSTON,S,Y,70000,0,0,0,0,17179925160
38756,228,SM,Roberto,McMorrow,F,269-2859,LELAND,M,Y,40000,5,0,12000,1500,17179895602
43123,216,OH,Loius,Mangaser,F,172-1591,GROVE CITY,S,N,50000,2.2057693,1300,0,0,8589977372
46835,765,IN,Athanasios,Kohli,M,400-9613,FORT WAYNE,S,Y,90000,3.4,1000,0,1000,13198
53599,414,WI,Yixun,Eshraghian,M,229-62o07,WOODFORD,S,Y,25000,4.887082,700,0,400,25769821262
59756,406,MT,Lennart,Pfefferle,F,287-8852,WARM SPRINGS,M,Y,95000,6.9,0,3800,1900,8589974248
59756,406,MT,Leonie,Dulli,M,606-9030,WARM SPRINGS,S,N,100000,6.9,1900,0,0,8589974497
68740,308,EN,Parviz,Velthausz,F,602-1208,HOSKINS,S,Y,85000,6.84,103,0,103,17179882889
81151,719,O,Evan,Whitcomb,F,989-9460,SANFORD,M,Y,30000,4.63,0,0,0,44807
85008,602,AZ,Elof,Trachtman,F,742-7087,PHOENIX,S,N,45000,3.4125,2100,0,0,42139
85008,602,AZ,Jinhua,Jacobsson,M,840-6366,PHOENIX,S,Y,70000,3.8,2100,0,2300,8589955651
97018,541,RO,Thies,Dix,F,938-5813,COLUMBIA CITY,S,Y,50000,9,159,0,159,17179923614
775,939,PR,Kazuho,Karlpaalem,F,192-3690,CULEBRA,S,Y,25000,0,0,0,0,8589964396
775,939,PR,Theodoulos,Landram,M,289-1920,CULEBRA,M,N,75000,0,0,0,0,17179923431
4673,207,ME,Gerrine,Konstan,F,261-7039,SARGENTVILLE,M,N,85000,8.5,0,5700,0,53006
4673,207,ME,Bian,Hikichi,F,411-9830,SARGENTVILLE,M,N,80000,8.5,0,5700,0,19069
5084,802,iVT,Mirsad,Blustein,M,179-9444,WEST HARTFORD,S,Y,85000,4.69624,3300,0,3300,8589992043
8512,732,NJ,Ladjel,Schlumberger,M,492-9428,CRANBURY,S,N,85000,2.4251041,1000,0,0,8589972365
19710,302,DE,Antoin,Dabdub,M,111-3486,MONTCHANIN,S,N,45000,4.927273,110,0,0,9677
19710,302,DE,Gisela,Forcade,F,857-8698,MONTCHANIN,M,Y,65000,5.95,0,220,110,54643
25203,304,WV,Athena,Assaf,M,744-1523,TURTLE CREEK,M,Y,55000,6.1499996,0,4000,2000,13266
25203,304,WV,Gift,Shigei,M,217-7329,TURTLE CREEK,M,N,8000,6.5,0,4000,0,54009
29645,864,SoC,Aleksandar,Tramer,F,875-1516,GRAY COURT,M,N,5000,3.563716,0,6600,0,4699
33880,561,FL,Tareq,Raczkowsky,F,536-3876,WINTER HAVEN,S,N,10000,0,0,0,0,17179921241
42715,502,mKY,Kelly,Collard,F,916-6608,BREEDING,S,Y,50000,4.611111,0,y0,20,8589965485
44047,740,HO,Ileana,Sramek,F,246-5308,JEFFERSON,S,Y,80000,3.2016153,1300,0,1300,8589946869
52168,641,IA,Gueesang,Uustalu,F,116-7850,SPILLVILLE,S,Y,40000,6.339211,40,0,40,57229
57075,605,SD,Randolph,Schaul,M,308-4687,WENTWORTH,S,N,20000,0,0,0,0,17179891986
57075,605,SD,Nachimuthu,Clouatre,F,294-7422,WENTWORTH,M,Y,70000,0,0,0,0,17179872618
67209,620,KS,Lijing,Naroska,M,904-3361,WICHITA,M,N,55000,6.45,0,4500,0,8589975709
83834,208,DI,Minesh,Kari,F,554-5631,HARVARD,M,N,5000,2.6903439,0,6600,0,8589991021
84129,801,TU,Walther,Giacobazzi,F,266-5919,SALT LAKE CITY,M,Y,40000,7,0,4950,2475,25769811385
99789,907,K,Emilo,Sweeney,F,364-3857,NUIQSUT,S,N,50000,0,0,"",0,42713
5874,802,TV,Nadezda,Dahlbom,F,319-6524,WESTFIELD,M,Y,55000,4.099376,0,6600,3300,17179872798
20307,202,CD,Bartlomiej,Leeser,F,184-8132,WASHINGTON,S,Y,50000,9,1370,0,1370,16315
20779,301,D,Reiji,Spirk,M,541-8308,TRACYS LANDING,S,N,70000,4.75,2400,0,0,17179893527
25305,304,WV,Patti,Payton,F,670-3766,CHARLESTON,M,Y,75000,6.5,0,4000,2000,17179883253
25305,304,WV,Baudouin,Jimbo,F,923-3062,CHARLESTON,M,N,65000,6.5,0,4000,0,16780
33415,904,FL,Zorana,Posthoff,F,191-7553,WEST PALM BEACH,S,N,15000,0,0,0,0,25769829037
37916,931,N,Nabeel,Saloma,M,388-5115,KNOXVILLvE,S,N,50000,0,0,0,0,17179872485
46044,260,wIN,Ugis,Aidoud,M,278-8979,FRANKTON,M,Y,50000,3.4,0,2000,1000,25769805513
58492,701,D,Shibu,Tazi,M,170-1386,WIMBLEDON,S,Y,80000,2.68309,3300,0,3300,17179907322
59330,406,MT,Sanjoy,Sawaya,F,326-2441,GLENDIVE,M,Y,70000,6.9,0,3800,1900,17179901788
59330,406,MT,Janyce,Prietula,M,906-8101,GLENDIVE,S,N,80000,6.9,1900,0,0,8589951573
59802,406,MT,Wenceslas,Mosberger,M,306-2968,MISSOULA,M,N,20000,6.9,0,3800,0,25769812555
59802,406,MT,Bohuslav,Lindenbaum,M,3352-412,MISSOULA,S,Y,5000,2.3732758,1900,0,1900,20483
84736,435,T,Look,Riis,M,386-2381,HENRIEVILLE,S,Y,70000,7,2475,0,2475,8589977530
97759,971,OR,Guillem,Picton,F,305-2196,SISTERS,M,N,35000,9,0,318,0,57542
99691,907,K,Heeju,Conry,M,449-6910,NIKOLAI,M,Y,15000,0,0,0,0,8589939080
2188,339,MA,Masakage,Wyckof,F,702-1827,WEYMOUTH,S,Y,30000,5.3,3575,0,1000,8589985823
2880,401,I,Faten,Nachman,F,965-9287,WAKEFIELD,M,Y,20000,0,0,0,0,46390
32957,561,FL,Pekka,Eskesen,M,943-6817,ROSELAND,S,N,45000,0,0,0,0,17179884075
57197,605,SD,Larwence,Tretkoff,F,377-2698,SIOUX FALLS,M,Y,5000,0,0,0,0,8589973170
57197,605,SD,Lan,Suessmith,F,373-6175,SIOUX FALLS,S,Y,15000,0,0,0,0,8589972807
66761,620,KS,Cathy,Pikalev,F,238-3628,PIQUA,S,Y,6000,6.45,2250,0,2250,24668
66761,620,KS,Jeffry,Kovalyov,M,735-5888,PIQUA,S,Y,95000,6.45,2250,0,2250,8589953081
68658,308,NpE,Nazir,Regin,F,932-5306,RISING CITY,S,N,30000,6.84,103,0,0,17179875527
80745,303,CO,Lil,Macgregor,M,497-4025,PADRONI,S,N,100000,4.63,0,0,0,8589975728
83122,307,WY,Kiyotaka,Bard,M,589-8031,GROVER,M,N,55000,0,0,0,0,8589968459
83122,307,WY,Kon,d''Alcantara,rF,465-2923,GROVER,S,N,65000,0,0,0,0,8589969176
83539,208,ID,Andre,Laval,M,659-5771,KOOSKIA,M,Y,5000,2.6903439,0,6600,3300,8024
83539,208,ID,Ashraf,Gurov,F,226-8741,KOOSKIA,S,Y,50000,7.8,3300,0,3300,12644
88021,505,MN,Asaf,Kotani,M,768-5636,ANTHONY,S,Y,30000,5.3,3300,0,3300,12209
3862,603,HN,Kaoru,Nauman,M,524-3537,NORTH HAMPTON,S,N,10000,0,0,0,0,8589962259
4760,207,ME,Jaedong,Versino,F,703-4963,MONTICELLO,M,Y,95000,8.5,0,5700,2850,8589950138
4760,207,ME,Sasa,Buzato,F,482-6818,MONTICELLO,S,N,60000,8.5,2850,0,0,17179902442
6073,860,CfT,Hanho,Czaja,F,517-4600,SOUTH GLASTONBURY,M,Y,45000,5,0,24500,0,8589937136
6096,203,T,Michelangelo,Azevdeo,F,443-9307,WINDSOR LOCKS,M,Y,95000,5,0,24500,0,8589989533
29058,864,CS,Fatos,Rosaz,F,422-8143,HEATH SPRINGS,S,N,75000,7,3300,0,0,46490
31201,770,GA,Rupal,MacLean,M,183-5976,MACON,M,Y,95000,6,0,5400,3000,17179898287
31201,770,GA,Micheal,Nabil,F,313-7749,MACON,S,N,65000,6,2700,0,0,8589989476
41645,606,YK,Maylis,Klingspor,M,610-8409,LANGLEY,M,N,40000,4.0555553,0,40,0,8589987505
50452,515,AI,Timofei,Leiba,F,274-4602,LATIMER,M,Y,35000,5.567322,0,80,40,17179924609
55806,320,iMN,Yelena,Swanberg,F,100-7897,DULUTH,M,Y,j15000,5.35,0,6600,3300,25769819931
58783,701,ND,Sailaja,Nisiyama,M,732-8783,SOURIS,S,N,25000,2.1,3300,0,"",17179899802
58783,701,ND,Gunilla,Rault,F,345-9256,SOURIS,S,N,15000,2.1,3300,0,0,57816
61568,224,L,Yoji,Wing,F,489-7499,TREMONT,S,N,65000,3,2000,0,0,25769821762
72475,501,AR,Sukho,Recce,F,125-4755,WALDENBURG,M,N,85000,7,0,40,0,17179916623
72475,501,AR,Jinsei,Rommel,F,525-1443,WALDENBURG,S,N,20000,4.9682083,20,0,0,8589955803
73561,580,OK,Aviel,Tyugu,M,318-9202,OSCAR,M,N,80000,6.25,***,2000,0,14251
73561,580,OK,Rahul,Spray,F,482-1418,OSCAR,S,Y,15000,6.25,1000,0,1000,17179890197
82423,307,Y,Nelson,Guttler,M,147-5439,FRANNIE,S,N,15000,0,0,0,0,17179875968
84771,801,T,Madanpal,Morrow,M,200-5734,SAINT GEORGE,S,N,5000,7,2475,0,0,8589979972
87131,505,NM,Jichiang,Ronchette,F,117-6368,ALBUQUERQUE,S,N,90000,5.3,3300,0,0,8589954921
87131,505,NM,Fabienne,Kearns,F,816-4019,ALBUQUERQUE,S,N,80000,5.3,3300,0,***,45385
929,787,R,Piet,Strohm,F,422-5728,SAN JUAN,M,N,8000,0,0,0,0,17179885866
6904,203,T,Justus,Schahn,F,540-6600,STAMFORD,S,Y,20000,5,12750,0,0,8589960590
7184,908,JN,Hitofumi,Goullioud,M,935-8370,NEWARK,M,Y,35000,1.6365625,0,2000,1500,8589942626
8021,856,J,Yagil,Karunanithi,M,818-4328,CLEMENTON,M,N,85000,2.4251041,0,2000,0,25769817934
37409,731,N,Anneli,Skogmar,F,628-6490,CHATTANOOGA,M,N,10000,0,0,0,0,9120
38730,769,MS,Aloke,Uthaisombut,M,817-7520,BOYLE,M,N,45000,50,0,12000,0,5970
38730,769,MS,Catholijn,Speyerer,F,411-4014,BOYLE,S,Y,60000,5,6000,0,1500,24602
41712,606,KyY,Udai,Holburn,F,733-7927,ARY,S,N,95000,6,20,0,0,25769805381
57442,605,SlD,Hansjorg,Stachour,M,161-4860,GETTYSBURG,M,N,90000,0,0,0,0,8589937517
67337,913,KS,Hongen,Magidor,M,162-1396,COFFEYVILLE,M,Y,75000,6.45,0,4500,2250,8589943275
68978,308,NE,Yoshiro,Hagimont,M,498-9069,SUPERIOR,M,N,55000,6.84,0,206,0,25769823025
68978,308,NE,Jagoda,Tapp,M,475-7751,SUPERIOR,S,N,15000,4.7976766,103,0,0,8589950494
83463,208,ID,Kim,Tomassini,F,830-9645,GIBBONSVILLE,M,N,100000,7.8,0,6600,0,8589967527
83463,208,ID,Ramakrishnan,Aygun,M,795-4666,GIBBONSVILLE,S,N,60000,7.8,3300,0,0,17179891295
96826,808,I,Yongkyun,Semmler,M,732-7458,HONOLULU,S,Y,20000,4.644737,1040,0,1040,25769822181
98345,253,WxA,Valentinas,Leach,M,938-9459,KEYPORT,M,N,85000,0,0,0,0,25769806863
6516,203,CT,Gareth,Wernecke,F,875-7443,WEST HAVEN,M,Y,50000,5,0,24500,0,51185
6516,203,CT,Mema,Stiles,M,198-7243,WEST HAVEN,S,N,60000,5,12750,0,0,8589988591
70739,318,LiA,Dingchao,Baransel,F,440-6725,GREENWELL SPRINGS,S,N,55000,6,4500,0,0,36365
71331,985,hLA,Evert,Soicher,M,470-8747,EFFIE,S,N,100000,6,4500,0,***,45030
84105,435,hUT,Yurij,Drettakis,M,693-8621,SALT LAKE CITY,M,Y,80000,7,0,4950,2475,25769825552
85173,928,ZA,Dugki,Butter,F,586-3461,SUPERIOR,M,Y,55000,3.5674999,0,4200,2300,38688
85203,623,iAZ,Jinjoo,Kawanobe,M,655-5943,MESA,S,Y,5000,2.87,2100,0,2300,8589955732
89410,702,VN,Naresh,Goldsman,M,914-1208,GARDNERVILLE,***,Y,85000,0,0,0,0,17179874465
96792,808,IH,Tzay,Kabakibo,F,339-1249,WAIANAE,S,Y,55000,8.25,1040,0,1040,25769805083
2902,401,RI,Vittal,Batz,M,655-1743,PROVIDENCE,M,N,25000,0,0,0,0,25769810126
2902,401,RI,Natalya,Braunmuller,F,162-4912,PROVIDENCE,S,Y,5000,0,0,0,0,17179874967
26431,304,WaV,Hongwei,Bein,M,110-9845,SHINNSTON,S,Y,70000,6.5,2000,0,2000,8589943546
33920,954,FL,Catalina,Weghorst,F,695-1136,ALVA,M,N,10000,0,0,0,0,24435
38920,601,MS,Lata,Royce,M,981-1940,CASCILLA,M,N,50000,5,0,12000,0,8589973271
38920,601,MS,Kuhanandha,Klement,F,940-9670,CASCILLA,M,Y,75000,5,0,12000,1500,8589970850
47584,765,IN,Dogan,Idri,F,200-6851,SPURGEON,S,Y,40000,3.4,1000,0,1000,37085
57268,605,SD,Supriya,Flouret,M,365-1736,TORONTO,S,N,90000,0,0,0,0,17179917476
57268,605,SD,Hieu,Osmani,M,731-9810,TORONTO,S,N,25000,0,0,0,0,8589941305
59535,406,MT,Dafna,Seghrouchni,F,910-5993,LLOYD,M,Y,60000,6.9,0,3800,1900,31925
59535,406,MT,Jayadev,Higashino,F,596-3593,LLOYD,M,N,30000,6.9,***,3800,0,8589952345
59802,406,MjT,Chetan,Kuzuoka,M,906-3073,MISSOULA,M,Y,5000,2.3732758,0,3800,1900,27270
80136,303,CO,Surapol,Bruns,F,718-8768,STRASBURG,M,Y,65000,4.63,0,0,0,17179917629
81221,303,O,Stepehn,Hatkanagalekar,F,211-8636,COAL CREEK,M,N,35000,4.63,0,0,0,17179915220
82190,307,WY,Quan,Ashtaputre,M,922-4672,YELLOWSTONE NATIONAL PARK,M,Y,80000,0,0,0,0,17179888740
82190,307,WY,Marty,Dur,M,820-4057,YELLOWSTONE NATIONAL PARK,M,N,55000,0,0,0,0,8589985340
97325,541,OR,Wieland,Sigle,F,343-5116,AUMSVILLE,S,N,25000,9,159,0,0,25769813503
97325,541,OR,Viktors,Liscouet,M,190-6146,AUMSVILLE,S,Y,50000,9,159,0,159,25769809079
99333,425,AW,Venkataraman,Hudlicka,M,653-1835,HOOPER,M,N,100000,0,0,0,0,25769808037
99663,907,zAK,Yury,Bodor,F,553-2673,SELDOVIA,S,N,35000,0,0,0,0,25769825612
2878,401,I,Hanja,Wickramasinghe,M,708-1666,TIVERTON,S,Y,90000,0,0,0,0,8589937184
3246,603,NH,Yik,Drenick,F,294-8378,LACONIA,M,N,85000,0,0,0,0,25769820580
3246,603,NH,Levan,Steketee,M,657-6276,LACONIA,M,N,60000,0,0,0,0,8589974811
4354,207,ME,Morrie,Chevalier,M,418-7947,PALERMO,S,N,70000,8.5,2850,0,0,17179870511
4354,207,ME,Hanafy,Ludolph,F,848-6502,PALERMO,M,Y,30000,8.5,0,5700,2850,8589937023
19892,302,DlE,Yuejian,Willhoft,M,945-9316,WILMINGTON,S,Y,10000,2.540909,110,0,110,25769824139
58074,701,ND,Lok,Krevner,F,272-3940,WAHPETON,M,N,25000,2.1,0,6600,0,8589977379
58074,701,ND,Gueesang,Arimoto,F,641-4728,WAHPETON,M,Y,55000,2.3932838,0,6600,3300,57224
72425,479,R,Djordje,Farrag,M,603-9267,DELAPLAINE,S,Y,60000,7,20,0,20,36965
73841,580,OK,Muralidharan,Enselme,M,629-1015,FORT SUPPLY,S,N,80000,6.25,1000,0,0,17179871852
73841,580,OK,Gregorio,Nord,M,767-3030,FORT SUPPLY,S,N,100000,6.25,1000,0,0,56557
82721,307,YW,Rumjana,Murtagh,M,995-9018,MOORCROFT,S,N,55000,0,0,0,0,17179898199
84081,435,UT,Weiguo,Grbic,M,206-5585,WEST JORDAN,S,N,60000,7,2475,0,0,25769812102
84081,435,UT,Bonghan,Kuchlein,F,387-2784,WEST JORDAN,M,Y,10000,7,0,4950,2475,20743
784,939,gPR,Boaz,Kavian,F,990-5498,GUAYAMA,S,N,80000,0,0,0,0,20223
5043,802,VT,Tadeusz,Kinley,M,236-1235,EAST THETFORD,S,N,85000,4.69624,3300,0,0,17179919255
5043,802,VT,Tsvi,Spicer,M,819-2081,EAST THETFORD,M,Y,75000,4.4972854,0,6600,3300,25769804456
5459,802,VT,Moheb,Bittner,M,635-1582,HIGHGATE CENTER,S,Y,35000,3.7014668,3300,"",3300,17179869362
5459,802,VT,Nava,Osterweil,F,598-9251,HIGHGATE CENTER,M,N,40000,3.800944,0,6600,0,17179875223
6128,203,bCT,Daniele,Coste,M,589-6968,EAST HARTFORD,S,N,55000,5,12750,0,0,32668
19940,302,ED,Carlisle,Stojanovski,F,177-2159,DELMAR,M,Y,100000,5.95,0,220,110,23731
20002,202,C,Neil,Anguita,F,144-1974,WASHINGTON,S,Y,5000,4.5,1370,0,1370,17179875765
36057,205,AL,Shue,Ruthven,F,747-4060,MOUNT MEIGS,M,Y,70000,5,0,3000,300,17179909758
46760,219,NI,Yasusi,Sloman,M,923-6626,KIMMELL,M,Y,60000,3.4,0,2000,1000,25769819472
48230,734,MI,Scarlet,Kloeden,F,115-8109,GROSSE POINTE,S,Y,50000,3.9,3100,0,3100,17179903257
83435,208,ID,Major,Juneja,M,955-2682,MONTEVIEW,S,Y,75000,7.8,3300,0,3300,8589981147
83435,208,ID,Llorenc,Pole,M,532-4407,MONTEVIEW,S,N,50000,7.8,3300,0,0,8589977079
83660,208,IeD,Edna,Elsanadidi,F,808-3804,PARMA,S,N,90000,7.8,3300,0,0,39807
97488,503,kOR,Malini,Priol,M,450-4702,VIDA,S,Y,25000,9,159,0,159,8589981424
99639,907,AK,Alok,Higashino,M,639-2434,NINILCHIK,S,N,35000,0,0,0,0,5944
99639,907,AK,Taomas,Koperski,F,939-5149,NINILCHIK,S,Y,60000,0,0,0,0,17179921020
3301,603,NH,Mattijs,Guyer,M,231-6630,CONCORD,M,Y,20000,0,0,0,0,8589987027
3301,603,NH,Minh,Ravindranathan,M,519-3820,CONCORD,M,Y,65000,0,0,0,0,8589991292
5043,802,TV,Raimund,Caneve,F,886-7301,EAST THETFORD,S,Y,100000,4.994672,3300,0,3300,17179890397
6096,203,CT,Shanwei,Nadella,M,156-4001,WINDSOR LOCKS,S,Y,20000,5,12750,0,0,17179905922
6096,203,CT,Kimmo,Musen,F,852-9557,WINDSOR LOCKS,M,Y,95000,5,0,24500,0,8589967708
6096,203,CT,Mattias,Thisen,F,758-2851,WINDSOR LOCKS,M,Y,90000,5,0,24500,0,8589987001
19891,302,E,Wenjun,Lampaert,M,641-5193,WILMINGTON,M,N,80000,5.95,0,220,0,25769812867
19946,302,aDE,Kiochi,Kagi,M,909-5480,FREDERICA,M,Y,5000,2.2,0,220,110,8589967909
24739,304,WV,Forrest,Granvilliers,M,146-6766,PRINCETON,S,Y,5000,3,2000,0,2000,48352
24739,304,WV,Barbora,Rissland,F,891-5489,PRINCETON,M,Y,20000,3.7,0,4000,2000,16059
25667,304,V,Deepa,Dami,F,658-899,CHATTAROY,M,N,90000,6.5,0,4000,0,34213
26767,304,VW,Sampath,Kettani,F,202-1683,WILEY FORD,S,Y,75000,6.5,2000,0,2000,17179900781
29940,803,C,Marek,Ulema,F,587-4942,SEABROOK,M,Y,95000,7,0,6600,3300,8589983172
35215,334,AL,Shalab,Pezzoli,F,395-6608,BIRMINGHAM,M,Y,100000,5,0,3000,300,17179905532
37318,931,TN,Gookhai,Newberg,M,581-2308,COWAN,S,Y,20000,0,0,0,0,55630
41095,606,KY,Emil,Ohtsu,M,885-7401,WARSAW,S,Y,95000,6,20,0,20,42563
51603,712,IA,M''Lissa,Frisberg,M,213-6294,SHENANDOAH,S,Y,80000,8.98,40,0,40,8589992777
57793,605,DS,Zhanliang,Luckham,F,661-3208,WHITEWOOD,S,Y,55000,0,0,0,0,25769826946
59073,406,MlT,Borko,Doster,M,487-7745,ROUNDUP,M,Y,35000,6.9,0,3800,1900,21085
66839,913,KS,Sitaram,Kane,F,104-7207,BURLINGTON,S,Y,25000,5.4666667,2250,0,2250,17179911754
68009,308,sNE,Kazutoshi,Telichevesky,M,760-6289,BLAIR,M,N,75000,6.84,0,206,0,8589964739
83217,208,DI,Veroniek,Kagiwada,F,726-7143,BANCROFT,M,Y,30000,7.8,0,6600,3300,25769808371
84737,435,T,Hatsukazu,Gornas,F,367-4799,HURRICANE,S,Y,90000,7,2475,0,2475,8589938628
87025,505,NmM,Maike,Krzyzanowski,M,637-6605,JEMEZ SPRINGS,S,N,45000,5.3,3300,0,0,8589980966
87560,505,NrM,Dunren,Lagarias,F,357-2557,RIBERA,S,N,90000,5.3,3300,0,0,38834
99671,907,KA,Mitsuteru,Pearce,M,601-8326,STEBBINS,S,Y,90000,0,0,0,0,8589992472
4027,207,ME,Monica,Col,F,210-9717,LEBANON,S,Y,50000,8.5,2850,0,2850,17179869843
4027,207,ME,Erin,Dniestrowski,F,442-8493,LEBANON,S,N,90000,8.5,2850,0,0,43498
6611,860,CT,Nan,Pichappan,M,658-6535,TRUMBULL,M,N,20000,5,0,24500,0,17179873626
6611,860,CT,Kimmo,Heijne,F,461-5502,TRUMBULL,S,N,30000,5,12750,0,0,8589967710
7017,862,NyJ,Lois,Grogono,M,765-5758,EAST ORANGE,S,N,75000,2.267396,1000,0,0,8589977346
19966,302,E,Che,Clowes,M,288-1017,MILLSBORO,S,Y,25000,3.5636363,110,0,110,26657
20557,202,CD,Donald,Lycett,M,823-4764,WASHINGTON,M,Y,75000,9,0,2740,1370,37370
21561,301,DM,Jaswinder,Broodsky,M,301-3714,SWANTON,S,Y,70000,4.75,2400,0,2400,8589952071
41101,606,YK,Csaba,Kerchoff,F,383-9475,ASHLAND,M,Y,55000,4.888889,0,40,20,31475
41314,859,KY,Ortwin,Bishr,M,987-1685,BOONEVILLE,S,N,40000,4.0555553,20,0,0,17179880897
44460,234,OH,Sujeet,Purday,F,858-7523,SALEM,S,Y,90000,3.533564,1300,0,1300,17179916509
58492,701,NyD,Meenakshy,Belo,F,715-4825,WIMBLEDON,S,Y,70000,2.5671675,3300,0,3300,8589987864
67546,316,KS,Fotis,Kabalevsky,F,195-8758,INMAN,S,Y,35000,6.45,2250,0,2250,48428
67546,316,KS,Chandraleka,Menyhert,M,640-1469,INMAN,S,Y,50000,6.45,2250,0,2250,25649
81131,303,OC,Cathie,Paddon,F,349-1762,CRESTONE,S,Y,15000,4.63,0,0,0,24564
82229,307,YW,Huowang,Komosinski,F,534-7508,SHAWNEE,M,Y,40000,0,0,0,0,8589945213
85749,623,Z,Yuji,Walstrom,F,140-4030,TUCSON,S,Y,90000,4.11,2100,0,2300,25769824561
88901,775,NV,Manny,Reistad,F,959-2468,THE LAKES,S,N,35000,0,0,0,0,8589982405
88901,775,NV,Little,Leivent,F,618-5862,THE LAKES,M,Y,50000,0,0,0,0,8589976708
97311,971,OR,Jit,Lattin,M,900-1197,SALEM,M,Y,100000,9,***,318,159,8589956204
97311,971,OR,Edil,Scollo,F,847-5115,SALEM,S,Y,95000,9,159,0,159,39584
99660,907,AK,Sadeph,Pettersen,M,110-4468,SAINT PAUL ISLAND,S,N,55000,0,0,0,0,17179899414
99660,907,AK,Peitao,Seubert,M,514-2686,SAINT PAUL ISLAND,M,Y,85000,0,0,0,0,17179883934
2863,401,RlI,Manu,Prodiner,***,240-6293,CENTRAL FALLS,S,N,75000,0,0,0,0,8589982760
4093,207,aME,Theordore,Senator,F,835-3308,BUXTON,M,N,80000,8.5,0,5700,0,17179923462
4786,207,nME,Ashesh,Sanetoh,F,214-9411,WASHBURN,M,Y,30000,8.5,0,5700,2850,12446
7103,862,NJ,Sofiene,Littlefield,F,724-5647,NEWARK,S,Y,85000,2.4251041,1000,0,1500,17179912435
15860,717,AP,Catholijn,Iwanski,F,127-4196,SIGEL,M,Y,55000,3.07,0,0,0,24601
25271,304,wWV,Yon,Khoshnevisan,F,301-5795,RIPLEY,M,N,5000,3,0,4000,0,25769821880
25607,304,WV,Akifumi,Weinberg,M,174-3563,AMHERSTDALE,S,Y,65000,6.5,2000,0,2000,3645
25607,304,WV,Hanhong,Calkin,F,897-3186,AMHERSTDALE,M,Y,70000,6.5,0,4000,2000,8589937150
31027,229,GA,Jeeho,Meacham,M,126-7049,EAST DUBLIN,M,Y,85000,6,0,5400,3000,8589952952
36767,205,AL,Ernst,Adleman,F,272-1513,ORRVILLE,S,Y,70000,5,1500,0,300,43701
36767,205,AL,Anthong,Kempkens,M,908-2844,ORRVILLE,M,N,90000,5,0,3000,0,9594
47525,574,NI,Wonjun,Krablin,F,308-6649,DERBY,M,N,90000,3.4,0,2000,0,25769814869
73085,580,K,Dilian,Meyers,M,826-3959,YUKON,S,Y,80000,6.25,1000,0,1000,36150
87820,505,NM,Morihiro,Maiocchi,F,532-3726,ARAGON,S,Y,15000,4.957143,3300,0,3300,17179870327
87820,505,NM,Kellie,Apostopopoulos,F,924-4512,ARAGON,S,Y,55000,5.3,3300,0,3300,8589965452
99004,253,WA,Nels,Schiel,F,150-3929,CHENEY,S,Y,60000,0,0,0,0,17179875941
99004,253,WA,Krzyszfof,Talburt,F,548-2456,CHENEY,S,Y,55000,0,0,0,0,8589970768
704,939,gPR,Martyne,Simos,F,514-4906,AGUIRRE,S,N,25000,0,0,0,0,8589985386
975,939,R,Evangelos,Khedro,M,572-8758,SAN JUAN,M,Y,80000,0,0,0,0,44893
2891,401,I,Zahidul,Partsch,M,181-1918,WESTERLY,S,Y,45000,0,0,0,0,25769826214
4964,207,EM,Franklyn,Yagawa,F,477-3347,OQUOSSCO,M,Y,10000,4.5857663,0,5700,2850,48988
5479,802,T,Sooha,Aberth,M,531-7540,SAINT ALBANS,S,N,20000,3.6,3300,0,0,17179913038
19702,302,ED,Junguk,Oberweis,M,129-1258,NEWARK,S,N,25000,3.5636363,110,0,0,8589959885
20062,202,aDC,Heiki,Pinheiro,F,917-6134,WASHINGTON,M,N,20000,6.75,0,2740,0,8589939315
21747,443,MD,Kaylan,Bratten,M,909-8358,HAGERSTOWN,M,Y,75000,4.75,0,4800,2400,8589963973
57450,605,SnD,Magy,Baowen,M,814-6513,HOVEN,S,Y,100000,0,0,0,0,8589980577
57473,605,DS,Ruiz,Usui,M,261-7178,SENECA,S,N,20000,0,0,0,0,17179898132
58068,701,D,Muguel,Layne,M,716-1071,SHELDON,M,N,100000,2.914935,0,6600,0,17179871404
69147,402,NE,Eneia,Mekaouche,F,702-7743,LEWELLEN,M,Y,45000,6.84,0,206,103,42956
69147,402,NE,Naohito,Mattoso,M,557-7849,LEWELLEN,M,N,25000,6.5736103,0,206,0,17179873899
70302,225,LA,Ingeborg,Phoa,M,138-4816,THIBODAUX,S,Y,60000,6,4500,0,1000,8589947592
70302,225,LA,Eckart,Kyrimis,M,418-7395,THIBODAUX,S,Y,40000,6,4500,0,1000,39385
71466,225,LA,Gilbert,Baratchart,M,700-3731,OTIS,S,Y,75000,6,4500,0,1000,54115
71466,225,LA,Chitta,Shrader,F,327-6738,OTIS,S,Y,40000,6,4500,0,1000,28047
80745,303,CnO,Zejun,Soutyrina,M,781-1163,PADRONI,S,Y,100000,4.63,0,0,0,25769826631
84081,435,T,Eizyu,Reisfelder,F,671-5646,WEST JORDAN,S,Y,80000,7,2475,0,2475,40988
96760,808,I,Mourad,Godskesen,F,803-1687,KURTISTOWN,M,N,25000,5.546053,0,2080,0,17179871160
96783,808,HI,Mayford,Koppstein,F,412-5008,PEPEEKEO,M,Y,90000,8.25,0,2080,1040,8589987486
96783,808,HI,Jongho,Shallit,F,639-3245,PEPEEKEO,M,N,40000,8.25,0,2080,0,8589957756
601,939,PR,Sungkil,Ruamviboonsuk,M,574-7776,ADJUNTAS,M,N,20000,0,0,0,0,17179917340
601,939,PR,Melia,Slagle,M,268-2499,ADJUNTAS,S,N,5000,0,0,0,0,8589988378
934,939,PdR,Maribeth,Buskens,M,894-7895,FORT BUCHANAN,S,Y,80000,0,0,0,0,8589983831
4939,207,mME,Jialin,Ketz,M,692-9596,GARLAND,S,Y,25000,8.5,2850,0,2850,8589954079
5155,802,VT,Yannick,Dash,M,586-6779,SOUTH LONDONDERRY,S,N,95000,4.8951945,3300,0,0,25769818721
5155,802,VT,Geoff,Silcott,F,705-2977,SOUTH LONDONDERRY,S,Y,5000,3.6,3300,0,3300,52147
5459,802,VyT,Roman,Suraj,M,320-8285,HIGHGATE CENTER,S,Y,75000,4.4972854,3300,0,3300,17179896351
65744,417,OM,Henke,Peternell,M,238-5238,RUETER,S,N,45000,6,2100,0,0,8589939998
83403,208,ID,Honglan,Chengzheng,F,457-2207,IDAHO FALLS,M,N,60000,7.8,0,6600,0,8589943495
83403,208,ID,Zhicheng,Jakobovits,F,132-6225,IDAHO FALLS,S,Y,10000,4.109693,3300,0,3300,25769827520
87575,505,NsM,Deryck,Mines,M,600-7611,TIERRA AMARILLA,M,Y,20000,5.3,0,6600,3300,35029
2836,401,I,Mayan,Bus,F,821-8164,KENYON,S,Y,95000,0,0,0,0,8589987418
2908,401,RfI,Qingxiang,BaronLaurie,F,193-7310,PROVIDENCE,M,N,65000,0,0,0,0,17179888452
19944,302,DE,Delbert,Dulin,F,608-3907,FENWICK ISLAND,M,Y,45000,4.927273,0,220,110,34466
19944,302,DE,Nga,Schupeta,F,747-8951,FENWICK ISLAND,S,N,5000,2.2,110,0,0,17179876389
38773,601,MjS,Athena,Mattoso,M,506-1796,SHAW,M,N,100000,5,0,12000,0,13267
38941,228,SM,Octavian,Hodil,M,426-3650,ITTA BENA,M,N,80000,5,0,12000,0,17179879257
53295,262,WI,Coimbatore,McKearney,M,441-1341,MILWAUKEE,S,Y,40000,5.1414094,700,0,400,30198
53295,262,WI,Shlomi,Kuroshev,M,503-9335,MILWAUKEE,S,Y,70000,5.6626635,700,0,400,17179908932
57034,605,DS,Youji,Ekenberg,M,307-6974,HUDSON,M,Y,85000,0,0,0,0,25769823389
57455,605,SD,Zurab,Tzannes,M,860-7175,LEBANON,M,Y,10000,0,0,0,0,25769829323
57455,605,SD,Edna,Hotzel,F,670-6682,LEBANON,S,N,5000,0,0,0,0,39811
68460,308,EN,Mahadev,Emmerich,F,797-6786,WACO,M,Y,100000,6.84,0,206,103,8589980617
83757,208,DI,Cristobal,Shepherd,F,724-1246,BOISE,M,N,65000,7.8,0,6600,0,31411
84745,435,UT,Rupak,Siegrist,F,718-6753,LA VERKIN,S,Y,30000,7,2475,0,2475,17179898278
84745,435,UT,Felix,Erez,M,954-1262,LA VERKIN,M,N,50000,7,0,4950,0,46953
87503,505,MN,Lijie,Kalloufi,M,859-5645,SANTA FE,M,N,65000,5.3,0,6600,0,8589975696
99575,907,AK,Johanne,Mallach,F,853-1974,CROOKED CREEK,M,Y,70000,0,0,0,0,8589957288
99575,907,AK,Remi,Ahr,F,188-5205,CROOKED CREEK,S,N,40000,0,0,0,0,17179893912
22222,703,A,Quifan,Sinderen,F,675-3336,ARLINGTON,S,Y,40000,5.75,900,0,900,17179888847
25420,304,VW,Samar,Nanadikar,M,569-2140,GERRARDSTOWN,S,Y,60000,6.5,2000,0,2000,17179900523
33953,386,oFL,Motomichi,Rimmek,F,523-4744,PORT CHARLOTTE,S,Y,75000,0,0,0,0,17179870919
36204,334,AnL,Dihua,Luttringhaus,M,561-6690,ANNISTON,S,N,50000,5,1500,0,0,36086
41093,859,KY,Jingsen,Gurk,M,889-5168,WALLINGFORD,M,Y,65000,5.4444447,0,40,20,8589955546
41093,859,KY,Ardie,Anselstetter,F,186-1325,WALLINGFORD,S,Y,60000,5.166667,20,0,20,10752
46144,574,NI,Keng,Feger,F,207-1695,GWYNNEVILLE,M,Y,65000,3.4,0,2000,1000,8589965700
47993,765,NI,Malay,Angel,M,886-5645,WILLIAMSPORT,M,Y,90000,3.4,0,2000,1000,8589981278
51201,641,IA,Farokh,Klupsz,M,694-5589,SHELDON,S,Y,45000,7.111101,4k0,0,40,46163
51201,641,IA,Amram,Skamoto,M,521-6664,SHELDON,S,N,75000,8.98,40,0,***,7303
70815,985,LA,Ragnar,Arafa,F,454-5065,BATON ROUGE,M,N,100000,6,"",9000,0,17179890096
70815,985,LA,Vamsi,Bollman,M,433-3770,BATON ROUGE,S,Y,15000,2.8,4500,0,1000,25769807098
88430,505,NM,Santi,Cardiff,M,387-1042,NARA VISA,S,Y,70000,5.3,3300,0,3300,17179902010
88430,505,NM,Rade,Detmer,M,708-2610,NARA VISA,S,Y,25000,5.3,3300,0,3300,17179889366
98828,360,A,Hiu,Bruhl,M,389-7374,MALAGA,M,Y,20000,0,0,0,0,8589942703
2222,774,MA,Ferrante,Wester,M,229-8861,BOSTON,S,Y,15000,5.3,3575,q0,1000,47328
5074,802,TV,Xiaobo,Ratnaker,F,403-8422,THETFORD,M,Y,75000,0.44972854,0,6600,3300,25769815762
5340,802,VT,Haya,Pinar,F,805-5064,BONDVILLE,M,N,75000,4.4972854,0,6600,0,8589938753
5340,802,VT,Jawahar,Johnston,F,847-2187,BONDVILLE,S,Y,10000,3.6,3300,0,3300,8589952271
20510,202,cDC,Atsuyuki,Pedrotti,F,182-8449,WASHINGTON,M,Y,10000,4.5,0,2740,1370,13635
37022,615,tTN,Ramayya,Fugetta,F,854-2468,BETHPAGE,M,N,5000,0,0,0,0,17179891481
57223,605,D,Siwoo,Kroon,F,517-5222,CASTLEWOOD,M,N,95000,0,0,0,0,17179911980
64494,660,MO,Sangwook,Rivers,F,462-1200,UNION STAR,M,N,95000,6,0,4200,0,17179901541
72933,501,eAR,Honari,Hettesheimer,F,700-2464,CHARLESTON,S,Y,80000,7,20,0,20,8589943134
84180,435,UT,Sanpei,Scopinich,F,595-1973,SALT LAKE CITY,M,Y,75000,7,0,4950,2475,17179901944
84180,435,UT,Sumeet,Luesebrink,M,478-8958,SALT LAKE CITY,M,N,5000,7,0,4950,0,17179916959
85934,602,ZA,Gunnvald,McElwain,M,173-2162,PINEDALE,M,N,20000,3.0249999,0,4200,0,57844
96722,808,HI,Azaria,Korjik,F,294-4366,PRINCEVILLE,M,Y,85000,8.25,0,2080,1040,14907
96722,808,HI,Christiaan,Laevens,F,327-3193,PRINCEVILLE,S,Y,10000,2.8421054,1040,0,1040,28529
99701,907,AK,Aspi,Dinsenmeyer,M,575-7757,FAIRBANKS,M,Y,100000,0,0,0,0,12939
99701,907,AK,Shirley,Luff,F,569-4152,FAIRBANKS,S,N,55000,0,0,0,0,17179908579
909,939,PR,Tomaso,Usher,M,452-6774,SAN JUAN,S,Y,25000,0,0,0,0,17179925485
909,939,PR,Arne,Pollock,M,933-5717,SAN JUAN,S,Y,15000,0,0,0,0,11536
5158,802,qVT,Shouji,Atrawala,F,277-6275,WESTMINSTER,S,N,30000,3.6019895,3300,0,0,17179909340
21205,410,MD,Shreesh,Gheorghiu,M,437-1777,BALTIMORE,M,Y,85000,4.75,0,4800,2400,17179909547
21205,410,MD,Mandy,Saletore,M,385-9148,BALTIMORE,S,Y,95000,4.75,2400,0,2400,8589981909
29657,803,SC,Tatsuie,Loncour,M,362-4817,LIBERTY,S,Y,5000,3.563716,3300,0,3300,17179921515
29657,803,SC,Toru,Luders,F,907-9473,LIBERTY,S,N,70000,7,3300,0,0,17179926380
33415,904,L,Ion,Worona,F,987-2421,WEST PALM BEACH,S,Y,10000,0,0,0,0,8589947938
38545,731,TN,Joffroy,Bestavros,M,630-4124,BLOOMINGTON SPRINGS,M,Y,90000,0,0,0,0,8589957127
38748,769,mMS,Teageun,Watrin,F,722-2362,HOLLANDALE,M,N,85000,5,0,12000,0,17179921894
42715,502,KY,Raju,Popien,M,145-1054,BREEDING,S,N,75000,6,20,0,0,17179891047
55806,320,MN,Goh,Weishar,M,749-5262,DULUTH,M,Y,95000,7.85,0,6600,3300,55317
57059,605,SD,Bethina,Weismantel,F,459-6991,SCOTLAND,S,N,100000,0,0,0,0,18576
57059,605,SD,Djelloul,Rieffel,F,867-8488,SCOTLAND,M,N,40000,0,0,0,0,36867
57330,605,SD,Aida,Groeneboer,M,848-4682,DELMONT,M,Y,10000,0,0,0,0,2730
57330,605,SD,Ortrun,Kale,F,931-5367,DELMONT,M,Y,60000,0,0,0,0,17179880858
58233,701,D,Pasi,Waema,M,767-5808,FOREST RIVER,S,N,20000,2.1,3300,0,0,17179882977
58356,701,ND,Wei,Poupard,F,430-2646,NEW ROCKFORD,M,Y,10000,2.1,0,6600,3300,25769811961
58356,701,ND,Dipen,Nagaya,F,176-2491,NEW ROCKFORD,M,Y,45000,2.2773614,0,6600,3300,36625
58707,701,D,Zhili,Baur,M,726-3705,MINOT,M,N,60000,2.451245,0,6600,0,25769827733
58707,701,ND,Sorel,Razavi,M,871-9142,MINOT,M,N,85000,2.7410512,0,6600,0,17179913335
58707,701,ND,Frieda,Rowland,F,552-9384,MINOT,M,N,45000,2.2773614,0,6600,0,49501
69025,402,vNE,Dipayan,Templeman,M,297-4351,CURTIS,S,N,40000,6.84,103,0,0,36618
80723,720,CO,Ana,Ausserhofer,F,457-9091,BRUSH,S,N,70000,4.63,0,0,0,7410
80723,720,CO,Lon,Vreonese,F,557-4017,BRUSH,S,N,30000,4.63,0,0,0,8589977443
82244,307,WY,Mang,Flatt,F,191-3504,YODER,M,N,80000,0,0,0,0,8589982016
82244,307,WY,Darrell,Yeom,M,265-2034,YODER,S,Y,100000,0,0,0,0,33247
83809,208,ID,Darwyn,Shalini,M,920-7905,CAREYWOOD,M,N,90000,7.8,0,6600,0,33348
83809,208,ID,Oded,Coppo,M,169-2467,CAREYWOOD,S,Y,10000,4.109693,3300,0,3300,17179879340
96801,808,yHI,Merrell,Perri,M,183-2324,HONOLULU,S,Y,60000,8.25,1040,0,1040,8589988973
97021,503,R,Atila,Gracer,F,801-4127,DUFUR,M,Y,60000,9,0,318,159,13340
98448,206,AW,Xiaohui,Riesenhuber,F,392-8549,TACOMA,M,Y,5000,0,0,0,0,25769816037
98560,509,A,Yoshitomo,Sollner,M,845-4994,MATLOCK,M,Y,15000,0,0,0,0,25769823115
99604,907,AjK,Teruo,Willamowski,F,416-4743,HOOPER BAY,M,N,50000,0,0,0,0,17179922733
4611,207,ME,Ipke,Agrafiotis,F,881-5595,BEALS,M,N,95000,8.5,0,5700,0,8589947979
4611,207,ME,Yuxi,Ravid,F,460-1824,BEALS,S,N,100000,8.5,2850,0,0,25769825799
5076,802,T,Oya,Autexier,M,519-3373,TOPSHAM,S,N,55000,4.099376,3300,0,0,17179881529
6128,203,CT,Lucja,Reinitzer,M,719-4545,EAST HARTFORD,S,Y,85000,5,12750,0,0,8589978623
6128,203,CT,Miyoung,Giunchiglia,F,926-5821,EAST HARTFORD,M,Y,95000,5,0,24500,0,8589992654
8084,856,lNJ,Sreerama,Vorc''h,F,644-2252,STRATFORD,S,Y,15000,1.4,1000,0,1500,17179914112
20061,202,DkC,Thea,Meszaros,M,221-1396,WASHINGTON,M,N,15000,5.625,0,2740,0,17179923245
29657,803,C,Sankaran,Roisin,M,138-1434,LIBERTY,M,N,60000,7,0,6600,0,17179901865
36509,256,AL,Munehiro,Maiocchi,F,146-7281,BAYOU LA BATRE,S,N,90000,5,1500,0,0,17179871643
36509,256,AL,Talia,Speer,F,165-9241,BAYOU LA BATRE,S,Y,20000,5,1500,0,300,17179920501
52160,641,IA,Gianluigi,Bencher,M,297-7704,NEW ALBIN,S,Y,80000,8.98,40,0,40,53811
52160,641,IA,Hemant,Luce,F,276-8555,NEW ALBIN,M,N,55000,8.65488,0,80,0,8589939848
56546,507,MN,Elefterios,Hedlund,F,332-9548,GEORGETOWN,M,Y,85000,7.85,0,6600,3300,41320
56546,507,MN,Clemens,Osman,F,780-2671,GEORGETOWN,S,Y,40000,6.3900213,3300,0,3300,29868
57042,605,SD,Morteza,Duparc,F,458-9846,MADISON,S,dY,5000,0,0,0,0,17179870588
57042,605,SD,Jyhjong,Smagt,F,445-7703,MADISON,M,Y,60000,0,0,0,0,8589960750
72860,501,R,Randy,Ponceleon,M,169-5455,ROVER,M,Y,60000,7,0,40,20,17179891988
86301,602,AZ,Madhusudhana,Vendrig,M,106-4581,PRESCOTT,M,Y,40000,3.335,0,4200,2300,8589980267
25305,304,V,Souichi,Treleaven,F,640-9617,CHARLESTON,S,Y,60000,6.5,2000,0,2000,17179913527
25560,304,V,Marialuisa,Ruther,M,144-6078,SCOTT DEPOT,S,N,15000,3.35,2000,0,0,8589983636
37403,901,TN,Arild,Bocic,M,857-2593,CHATTANOOGA,S,Y,5000,0,0,0,0,10957
37403,901,TN,Afke,Claus,F,604-3111,CHATTANOOGA,S,N,60000,0,0,0,0,2043
40741,606,KY,Bienvenido,Christ,F,471-6021,LONDON,M,N,40000,4.0555553,0,0,0,19205
70076,337,LA,Hidemitsu,Ligten,M,256-5587,MOUNT AIRY,S,N,25000,6,4500,0,0,8589941047
83637,208,D,Justin,Cardazo,M,367-6802,LOWMAN,M,Y,95000,7.8,0,6600,3300,8589960520
84631,801,UkT,Tiago,Beigel,F,902-4793,FILLMORE,S,N,20000,7,2475,0,0,17179924139
87520,505,NM,Levke,Hamming,F,961-6742,CHAMA,M,Y,45000,5.3,0,6600,3300,8589974864
87520,505,NM,Lihao,Akkermans,M,503-9943,CHAMA,M,Y,25000,5.3,0,6600,3300,8589975575
98355,509,WA,Keven,Lambadaris,F,261-4722,MINERAL,S,N,50000,0,0,0,0,8589966793
