Attribute,Index,Dirty Value,Cleaned Value
id,50,864817,0
id,97,931323,0
id,101,444273,0
id,107,764224,0
id,114,779281,0
id,116,447382,0
id,119,886237,0
id,127,259367,0
id,130,772616,0
id,133,465176,0
id,139,316632,0
id,143,900624,0
id,157,963532,0
id,166,592893,0
id,170,456691,0
id,185,929252,0
id,187,961741,0
id,188,925885,0
id,189,717315,0
id,208,464335,0
id,223,901385,0
id,230,455406,0
id,239,768486,0
id,244,747279,0
id,250,846537,0
id,257,695010,0
id,271,836847,0
id,275,470385,0
id,285,504928,0
id,288,981412,0
id,294,904889,0
id,295,360147,0
id,305,746065,0
id,307,934177,0
id,311,452432,0
id,326,453637,0
id,328,462849,0
id,343,465756,0
id,360,203084,0
id,375,894502,0
id,399,905100,0
id,427,464911,0
id,437,687404,0
id,441,743989,0
id,469,846319,0
id,488,467344,0
id,489,39687,0
id,490,697880,0
id,491,179093,0
id,498,863342,0
id,499,260745,0
id,505,850418,0
id,514,213794,0
id,515,408902,0
id,528,556803,0
id,545,436781,0
id,553,467318,0
id,557,258486,0
id,585,435904,0
id,592,927711,0
id,594,161847,0
id,635,113363,0
id,653,873322,0
id,664,681305,0
id,670,303571,0
id,673,810153,0
id,701,187769,0
id,712,446026,0
id,744,440684,0
id,758,433039,0
id,778,217418,0
id,812,439302,0
id,813,410748,0
id,823,193292,0
id,833,446599,0
id,852,264151,0
id,869,395807,0
id,878,448384,0
id,899,434500,0
id,915,26216,0
id,928,409335,0
id,933,438681,0
id,934,317155,0
id,941,305933,0
id,948,449419,0
id,994,426134,0
article_title,30,Responses to open peer commentaries on the subjective brain identity and neuroethics,"Responses to open peer commentaries on ""the subjective brain identity and neuroethics"""
article_title,162,Cyclin d1 gene expression in oral mucosa of tobacco chewers-an immunohistochemical study.,"Cyclin d1 gene expression in oral mucosa of tobacco chewers""-an immunohistochemical study."
article_title,538,Employing a youth-led adult-guided framework: why drive high? social marketing campaign.,"Employing a youth-led adult-guided framework: ""why drive high?"" social marketing campaign."
article_title,614,The Chinese medicine construct stagnation in mind-body connection mediates the effects of mindfulness training on depression and anxiety,"The Chinese medicine construct ""stagnation"" in mind-body connection mediates the effects of mindfulness training on depression and anxiety"
article_title,644,Letter by Raposeiras-Roubin et al regarding article mortality associated with atrial fibrillation in patients with myocardial infarction: a systematic review and meta-analysis.,"Letter by Raposeiras-Roubin et al regarding article ""mortality associated with atrial fibrillation in patients with myocardial infarction: a systematic review and meta-analysis""."
article_title,671,Wirkungen und Risiken neuartiger psychoaktiver Substanzen: Fehldeklaration und Verkauf als Badesalze Spice und Forschungschemikalien,"Wirkungen und Risiken neuartiger psychoaktiver Substanzen: Fehldeklaration und Verkauf als ""Badesalze"" ""Spice"" und ""Forschungschemikalien"""
article_title,999,Long-term survival after liver first approach for locally advanced rectal cancer and synchronous liver metastases,"Long-term survival after ""liver first"" approach for locally advanced rectal cancer and synchronous liver metastases"
article_language,6,eng,English
article_language,10,empty,English     Italian
article_language,11,empty,0
article_language,13,eng,0
article_language,14,empty,French
article_language,15,eng,empty
article_language,17,eng,0
article_language,18,eng,0
article_language,21,eng,0
article_language,22,English,0
article_language,23,eng,0
article_language,25,empty,0
article_language,26,eng,0
article_language,29,eng,0
article_language,35,eng,0
article_language,36,empty,0
article_language,37,English,0
article_language,41,empty,0
article_language,44,eng,0
article_language,45,empty,fre
article_language,47,empty,0
article_language,48,eng,cze
article_language,49,eng,0
article_language,50,empty,English
article_language,51,English,0
article_language,54,eng,0
article_language,55,empty,fre
article_language,58,eng,empty
article_language,60,eng,0
article_language,61,eng,0
article_language,63,English,0
article_language,65,eng,0
article_language,66,eng,0
article_language,67,empty,eng
article_language,72,eng,0
article_language,76,eng,pol
article_language,77,empty,eng
article_language,80,empty,0
article_language,81,eng,0
article_language,83,empty,0
article_language,86,empty,0
article_language,88,eng,English
article_language,90,empty,0
article_language,93,eng,0
article_language,94,English,French
article_language,96,eng,0
article_language,97,empty,English
article_language,101,empty,0
article_language,102,English,empty
article_language,103,English,German
article_language,105,eng,0
article_language,107,empty,English
article_language,108,eng,0
article_language,110,eng,0
article_language,111,eng,0
article_language,112,English,0
article_language,113,eng,fre
article_language,116,empty,0
article_language,118,empty,eng
article_language,119,empty,pt
article_language,123,eng,0
article_language,124,eng,0
article_language,125,eng,0
article_language,127,empty,French
article_language,128,empty,0
article_language,130,empty,0
article_language,131,empty,0
article_language,133,empty,0
article_language,135,empty,0
article_language,137,eng,0
article_language,138,empty,eng
article_language,139,empty,eng
article_language,140,eng,empty
article_language,141,eng,0
article_language,142,eng,empty
article_language,144,eng,0
article_language,147,empty,pt
article_language,148,eng,0
article_language,154,eng,0
article_language,157,empty,eng
article_language,162,eng,0
article_language,163,empty,eng
article_language,164,empty,English
article_language,166,empty,fre
article_language,167,empty,0
article_language,168,eng,0
article_language,169,empty,0
article_language,170,empty,0
article_language,171,eng,0
article_language,172,eng,0
article_language,178,empty,0
article_language,179,eng,0
article_language,180,eng,0
article_language,181,English,0
article_language,185,empty,English
article_language,186,English,0
article_language,187,empty,0
article_language,189,empty,eng
article_language,190,English,0
article_language,191,empty,pol
article_language,195,empty,0
article_language,196,eng,English
article_language,198,eng,0
article_language,199,eng,0
article_language,201,eng,0
article_language,202,empty,English
article_language,203,eng,0
article_language,204,English,0
article_language,205,eng,0
article_language,208,empty,0
article_language,216,eng,English
article_language,218,empty,0
article_language,219,empty,eng
article_language,220,empty,English
article_language,222,empty,0
article_language,223,empty,0
article_language,225,empty,0
article_language,229,empty,English     Italian
article_language,230,empty,0
article_language,232,eng,0
article_language,234,eng,0
article_language,235,eng,0
article_language,236,eng,0
article_language,239,eng,empty
article_language,241,eng,0
article_language,244,empty,0
article_language,245,eng,0
article_language,246,empty,English
article_language,247,eng,0
article_language,250,empty,0
article_language,251,empty,0
article_language,252,empty,English
article_language,256,eng,0
article_language,257,eng,0
article_language,262,English,0
article_language,264,eng,0
article_language,265,English,empty
article_language,268,empty,English
article_language,269,English,0
article_language,271,empty,0
article_language,274,empty,French
article_language,275,empty,0
article_language,276,empty,0
article_language,278,eng,0
article_language,280,empty,spa
article_language,282,empty,0
article_language,283,eng,0
article_language,286,empty,0
article_language,288,empty,eng
article_language,290,English,0
article_language,292,eng,0
article_language,294,empty,0
article_language,296,eng,0
article_language,297,English,0
article_language,298,eng,0
article_language,299,English,empty
article_language,300,eng,0
article_language,301,empty,0
article_language,303,eng,0
article_language,304,empty,0
article_language,305,empty,0
article_language,306,eng,0
article_language,307,empty,0
article_language,310,English,German
article_language,311,empty,0
article_language,312,English,0
article_language,315,eng,English
article_language,318,empty,0
article_language,322,eng,0
article_language,325,empty,English     Italian
article_language,326,empty,0
article_language,328,empty,0
article_language,330,empty,0
article_language,333,empty,eng
article_language,334,chi,empty
article_language,338,empty,0
article_language,340,empty,0
article_language,343,empty,0
article_language,348,eng,0
article_language,350,eng,0
article_language,351,English,0
article_language,353,English,German
article_language,356,empty,0
article_language,359,eng,empty
article_language,360,empty,0
article_language,363,eng,0
article_language,365,empty,0
article_language,366,eng,0
article_language,367,empty,0
article_language,369,eng,0
article_language,373,empty,0
article_language,375,empty,0
article_language,377,English,spa
article_language,378,eng,0
article_language,379,empty,0
article_language,380,empty,English
article_language,381,eng,0
article_language,384,empty,English
article_language,385,eng,0
article_language,387,empty,eng
article_language,388,empty,0
article_language,396,eng,0
article_language,397,eng,0
article_language,398,eng,0
article_language,399,empty,pt
article_language,400,eng,0
article_language,401,eng,0
article_language,403,English,0
article_language,404,empty,0
article_language,409,empty,eng
article_language,411,eng,empty
article_language,415,empty,0
article_language,416,eng,0
article_language,421,empty,0
article_language,423,empty,0
article_language,425,empty,eng
article_language,426,empty,0
article_language,427,empty,0
article_language,432,eng,empty
article_language,433,empty,English
article_language,434,English,0
article_language,436,eng,empty
article_language,439,empty,German
article_language,441,empty,0
article_language,442,eng,0
article_language,444,empty,0
article_language,445,empty,Korean
article_language,450,eng,0
article_language,453,eng,0
article_language,454,eng,0
article_language,457,eng,0
article_language,459,empty,0
article_language,460,empty,0
article_language,462,eng,0
article_language,464,English,0
article_language,465,eng,0
article_language,467,English,German
article_language,469,empty,0
article_language,470,empty,English
article_language,474,eng,0
article_language,475,eng,0
article_language,481,eng,0
article_language,487,eng,0
article_language,488,empty,0
article_language,489,empty,0
article_language,490,empty,0
article_language,491,empty,English
article_language,499,empty,French
article_language,500,empty,0
article_language,503,empty,0
article_language,504,empty,0
article_language,505,empty,0
article_language,506,eng,0
article_language,509,English,0
article_language,510,empty,0
article_language,511,empty,0
article_language,513,eng,pol
article_language,514,empty,0
article_language,515,empty,0
article_language,516,eng,0
article_language,522,empty,cze
article_language,523,eng,English
article_language,524,eng,0
article_language,528,empty,eng
article_language,529,eng,0
article_language,531,English,empty
article_language,535,eng,0
article_language,540,eng,empty
article_language,542,empty,0
article_language,545,empty,0
article_language,546,empty,0
article_language,548,empty,0
article_language,552,empty,0
article_language,553,empty,0
article_language,556,eng,0
article_language,558,empty,pol
article_language,559,eng,empty
article_language,563,empty,eng
article_language,564,eng,0
article_language,565,empty,0
article_language,567,eng,0
article_language,569,empty,English
article_language,572,empty,0
article_language,574,eng,0
article_language,582,eng,0
article_language,583,empty,English
article_language,584,English,French
article_language,585,empty,pt
article_language,589,empty,0
article_language,591,eng,0
article_language,593,English,empty
article_language,594,eng,empty
article_language,596,eng,0
article_language,598,empty,0
article_language,599,eng,English
article_language,601,eng,0
article_language,602,English,0
article_language,606,eng,0
article_language,607,empty,0
article_language,613,eng,0
article_language,614,empty,0
article_language,618,empty,0
article_language,619,empty,0
article_language,620,English,0
article_language,621,English,English     Italian
article_language,623,eng,empty
article_language,624,empty,cze
article_language,625,empty,0
article_language,631,English,eng
article_language,632,empty,0
article_language,635,empty,0
article_language,636,eng,0
article_language,638,empty,English
article_language,640,English,0
article_language,653,eng,fre
article_language,662,empty,French
article_language,664,eng,0
article_language,670,empty,eng
article_language,671,empty,0
article_language,673,empty,0
article_language,676,empty,English
article_language,677,eng,empty
article_language,678,empty,fre
article_language,679,empty,eng
article_language,682,empty,0
article_language,685,empty,English
article_language,688,eng,0
article_language,692,empty,0
article_language,693,English,0
article_language,696,empty,0
article_language,698,empty,eng
article_language,701,empty,0
article_language,705,eng,0
article_language,710,eng,0
article_language,712,empty,0
article_language,713,eng,0
article_language,714,eng,0
article_language,716,eng,0
article_language,718,eng,0
article_language,724,eng,0
article_language,725,empty,0
article_language,734,eng,0
article_language,735,eng,0
article_language,738,eng,0
article_language,739,empty,0
article_language,741,empty,0
article_language,742,eng,empty
article_language,743,empty,0
article_language,744,empty,0
article_language,745,eng,0
article_language,746,empty,0
article_language,749,empty,0
article_language,751,eng,empty
article_language,756,eng,0
article_language,758,empty,0
article_language,760,empty,0
article_language,764,empty,English
article_language,765,eng,0
article_language,770,eng,0
article_language,772,eng,empty
article_language,776,eng,0
article_language,777,empty,0
article_language,778,empty,English
article_language,783,empty,0
article_language,789,eng,0
article_language,791,eng,0
article_language,793,empty,English
article_language,794,empty,cze
article_language,797,pt,empty
article_language,802,eng,empty
article_language,803,eng,0
article_language,804,English,0
article_language,806,empty,0
article_language,811,empty,0
article_language,812,empty,0
article_language,813,English,empty
article_language,816,eng,empty
article_language,817,English,0
article_language,819,eng,empty
article_language,821,empty,0
article_language,826,eng,0
article_language,827,empty,0
article_language,833,empty,pt
article_language,839,eng,0
article_language,840,eng,0
article_language,841,empty,0
article_language,845,empty,0
article_language,847,eng,0
article_language,848,empty,0
article_language,850,English,French
article_language,852,empty,English
article_language,856,eng,0
article_language,857,empty,English
article_language,858,empty,0
article_language,868,eng,0
article_language,869,empty,English
article_language,870,eng,0
article_language,871,empty,0
article_language,874,eng,empty
article_language,876,eng,English
article_language,881,eng,0
article_language,882,empty,English
article_language,883,empty,French
article_language,887,empty,eng
article_language,889,eng,0
article_language,895,empty,0
article_language,897,empty,0
article_language,898,eng,empty
article_language,899,empty,pt
article_language,901,empty,0
article_language,902,empty,0
article_language,905,eng,0
article_language,907,empty,0
article_language,910,eng,0
article_language,912,eng,0
article_language,915,eng,0
article_language,917,empty,0
article_language,920,eng,0
article_language,923,empty,0
article_language,928,empty,0
article_language,933,empty,0
article_language,934,empty,pt
article_language,935,empty,0
article_language,936,eng,0
article_language,941,English,0
article_language,946,eng,French
article_language,949,empty,pt
article_language,953,pt,0
article_language,957,empty,0
article_language,958,eng,0
article_language,961,empty,German
article_language,963,empty,0
article_language,965,empty,0
article_language,970,English,0
article_language,974,eng,0
article_language,975,eng,0
article_language,977,empty,pt
article_language,980,eng,0
article_language,987,eng,pol
article_language,994,empty,0
article_language,1000,empty,0
journal_title,8,American journal of respiratory and critical care medicine,empty
journal_title,10,The British journal of radiology,empty
journal_title,25,Scandinavian Journal of Gastroenterology,empty
journal_title,28,Metabolism: Clinical and Experimental,empty
journal_title,37,Respiration; international review of thoracic diseases,0
journal_title,50,Annals of Oncology,empty
journal_title,67,Paediatrics and Child Health,empty
journal_title,97,Allergy: European Journal of Allergy and Clinical Immunology,empty
journal_title,106,Psycho-oncology,0
journal_title,134, BMJ 2006 333:939,empty
journal_title,135,Annals of Internal Medicine,empty
journal_title,138,Pharmacoeconomics,empty
journal_title,143,Health Technology Assessment Database,empty
journal_title,146,Chinese Journal of New Drugs,empty
journal_title,157,Circulation Journal,empty
journal_title,161,Psycho-Oncology,empty
journal_title,167,Focus on Alternative and Complementary Therapies,empty
journal_title,169,Cochrane Database of Systematic Reviews,empty
journal_title,178,Obesity (Silver Spring Md.),0
journal_title,186,Mount Sinai Journal of Medicine,empty
journal_title,187,Radiotherapy and Oncology,empty
journal_title,193,Learning & Leading with Technology,empty
journal_title,204,European Journal of Endocrinology,empty
journal_title,218,Colorectal disease : the official journal of the Association of Coloproctology of Great Britain and Ireland,0
journal_title,220,Journal of Consulting and Clinical Psychology,empty
journal_title,223,American Journal of Clinical Nutrition,empty
journal_title,251,Journal of Clinical Gastroenterology,empty
journal_title,258,Journal of Epidemiology and Community Health,Journal of Epidemiology & Community Health
journal_title,260,Molecular Biology of the Cell. Conference: Annual Meeting of the American Society for Cell Biology ASCB,empty
journal_title,265,Chest,empty
journal_title,268,Journal of Sexual Medicine,empty
journal_title,270,The Chartered Society of Physiotherapy Annual Congress and Exhibition: Defining Practice Friday October 17 to Sunday October 19 2003 International Convention Centre Birmingham.,empty
journal_title,288,European Respiratory Journal,empty
journal_title,297,CNS Drugs,empty
journal_title,301,Aktuelle Traumatologie,empty
journal_title,308,Social Science and Medicine,empty
journal_title,310,Chest,empty
journal_title,317,Journal of Neurocytology,empty
journal_title,318,Canadian Journal of Anaesthesia,empty
journal_title,356,Eating Behaviors,empty
journal_title,365,Journal of Substance Abuse Treatment,empty
journal_title,374,PLoS ONE [Electronic Resource],empty
journal_title,375,Journal of Biomolecular Techniques,empty
journal_title,377,Current Opinion in Ophthalmology,empty
journal_title,395,Pediatrics,empty
journal_title,404,Critical Care Nursing Quarterly,empty
journal_title,407,Polskie Archiwum Medycyny Wewnetrznej,empty
journal_title,410,Wiener Medizinische Wochenschrift,empty
journal_title,429,The Lancet,empty
journal_title,433,European Heart Journal,empty
journal_title,434,Swiss Medical Weekly,empty
journal_title,439,Respirology,empty
journal_title,450,Pharmacoeconomics,empty
journal_title,459,Pain Medicine,empty
journal_title,460,Cancer Research,empty
journal_title,464,Cancer Treatment Reviews,empty
journal_title,490,Pediatrics,empty
journal_title,496,JAMA,empty
journal_title,498,LaboratoriumsMedizin,empty
journal_title,509,International Journal of Medical Informatics,empty
journal_title,511,Pediatric physical therapy,empty
journal_title,531,Dissertation Abstracts International A: The Humanities and Social Sciences,empty
journal_title,573,Harefuah,empty
journal_title,584,Journal of Sexual Medicine,empty
journal_title,600,Respiratory medicine,empty
journal_title,602,Cardiovascular therapeutics,empty
journal_title,614,Complementary Therapies in Medicine,empty
journal_title,617,The European respiratory journal,0
journal_title,619,Public health nursing (Boston Mass.),0
journal_title,620,Value in Health,empty
journal_title,625,International Journal of Obesity,empty
journal_title,630,Cancer Epidemiology Biomarkers and Prevention,empty
journal_title,644,Circulation,0
journal_title,654,Stroke; a journal of cerebral circulation,0
journal_title,682,Basic and Clinical Pharmacology and Toxicology,empty
journal_title,692,Vaccine,empty
journal_title,693,FASEB Journal. Conference: Experimental Biology,empty
journal_title,700,Business Wire,empty
journal_title,721,Behaviour Research and Therapy,empty
journal_title,723,Journal of Cardiovascular Electrophysiology,empty
journal_title,761,EXPERIMENTAL CELL RESEARCH,empty
journal_title,786,European Journal of Cancer,empty
journal_title,787,Indian Journal of Psychiatry,empty
journal_title,794,Critical Care Nurse,empty
journal_title,817,Journal of Oral & Maxillofacial Surgery,empty
journal_title,827,International Medicine & Health Guidance News [Guo Ji Yi Yao Wei Sheng Dao Bao],empty
journal_title,836,Clinical & Translational Oncology: Official Publication of the Federation of Spanish Oncology Societes & of the National Cancer Institute of Mexico,empty
journal_title,844,Military Medicine,empty
journal_title,846,Focus on Alternative and Complementary Therapies,empty
journal_title,859,Pediatrics,empty
journal_title,860,Value in Health,empty
journal_title,861,European respiratory journal,empty
journal_title,869,Japanese Journal of Clinical Oncology,empty
journal_title,871,Pediatric Infectious Disease Journal,empty
journal_title,882,Journal of Psychopharmacology,empty
journal_title,884,Nippon Seikeigeka Gakkai zasshi,empty
journal_title,885,Basic Rights: Subsistence Affluence and U.S. Foreign Policy,empty
journal_title,890,Pain practice,empty
journal_title,906,Hospital practice (1995),empty
journal_title,912,PLoS medicine,empty
journal_title,922,Drug Topics,empty
journal_title,923,European respiratory journal,empty
journal_title,928,Pediatrics,empty
journal_title,941,Pharmacogenomics,empty
journal_title,947,Journal of Consulting and Clinical Psychology,empty
journal_title,961,Journal of Rheumatology,empty
journal_title,970,Journal of Neurotrauma,empty
journal_title,971,Pain Practice,empty
journal_title,979,GeneReviews(R),empty
journal_title,981,Proceedings of SPIE - The International Society for Optical Engineering,empty
journal_title,994,CLINICAL TRIALS,empty
journal_title,997,Review of Scientific Instruments,empty
journal_title,1000,European Journal of Health Economics,empty
journal_abbreviation,4,empty,0
journal_abbreviation,6,empty,Br J Sports Med
journal_abbreviation,8,empty,0
journal_abbreviation,9,empty,J Cell Sci
journal_abbreviation,10,empty,Circulation
journal_abbreviation,11,empty,J Environ Monit
journal_abbreviation,14,empty,0
journal_abbreviation,15,empty,Journal of clinical microbiology
journal_abbreviation,18,empty,Pediatrics
journal_abbreviation,25,empty,Rheumatology
journal_abbreviation,28,empty,0
journal_abbreviation,37,Respiration,Respirology
journal_abbreviation,41,empty,0
journal_abbreviation,45,empty,0
journal_abbreviation,48,empty,Health education & behavior : the official publication of the Society for Public Health Education
journal_abbreviation,50,empty,Expert Opin Emerg Drugs
journal_abbreviation,58,empty,The Annals of pharmacotherapy
journal_abbreviation,65,empty,Br J Sports Med
journal_abbreviation,67,empty,Occup Environ Med
journal_abbreviation,68,empty,Expert Opin Emerg Drugs
journal_abbreviation,76,empty,0
journal_abbreviation,78,empty,Circulation
journal_abbreviation,81,European journal of cancer care,International journal of epidemiology
journal_abbreviation,88,empty,The Annals of pharmacotherapy
journal_abbreviation,94,empty,J Cell Sci
journal_abbreviation,97,empty,J Environ Monit
journal_abbreviation,102,empty,Respirology
journal_abbreviation,105,Cancer Chemother. Pharmacol.,Tumour Biol.
journal_abbreviation,113,empty,The Journal of bone and joint surgery. British volume
journal_abbreviation,114,empty,0
journal_abbreviation,119,empty,0
journal_abbreviation,121,empty,Nepal Med Coll J
journal_abbreviation,123,empty,Journal of graduate medical education
journal_abbreviation,124,Int J Clin Exp Pathol,Journal of graduate medical education
journal_abbreviation,125,International journal of gynecological cancer : official journal of the International Gynecological Cancer Society,Int. J. Dev. Biol.
journal_abbreviation,128,empty,Cases journal
journal_abbreviation,130,empty,0
journal_abbreviation,131,J.Am.Geriatr.Soc.,Biol.Blood Marrow Transplant.
journal_abbreviation,141,empty,Journal of clinical microbiology
journal_abbreviation,142,empty,International journal of obesity (2005)
journal_abbreviation,143,empty,Klin.Psikofarmakol.Bul.
journal_abbreviation,146,empty,0
journal_abbreviation,148,The European journal of general practice,Clinical nutrition (Edinburgh Scotland)
journal_abbreviation,151,empty,0
journal_abbreviation,157,empty,J Environ Monit
journal_abbreviation,167,empty,Expert Opin Emerg Drugs
journal_abbreviation,169,empty,Biol.Blood Marrow Transplant.
journal_abbreviation,181,empty,Respirology
journal_abbreviation,185,empty,Rev Lat Am Enfermagem
journal_abbreviation,186,empty,0
journal_abbreviation,188,empty,Expert Opin Emerg Drugs
journal_abbreviation,189,empty,Rev Lat Am Enfermagem
journal_abbreviation,193,empty,0
journal_abbreviation,195,empty,Rheumatology
journal_abbreviation,196,empty,Br J Sports Med
journal_abbreviation,198,empty,The Annals of pharmacotherapy
journal_abbreviation,204,empty,0
journal_abbreviation,205,Nephrol. Dial. Transplant.,Health education & behavior : the official publication of the Society for Public Health Education
journal_abbreviation,216,empty,The Annals of pharmacotherapy
journal_abbreviation,220,empty,Circulation
journal_abbreviation,233,Best Pract Res Clin Gastroenterol,International journal of obesity (2005)
journal_abbreviation,235,Med Teach,Journal of graduate medical education
journal_abbreviation,239,empty,0
journal_abbreviation,243,empty,Clinical nutrition (Edinburgh Scotland)
journal_abbreviation,244,Physiotherapy,empty
journal_abbreviation,246,empty,Biol.Blood Marrow Transplant.
journal_abbreviation,250,empty,0
journal_abbreviation,251,empty,0
journal_abbreviation,252,empty,J Environ Monit
journal_abbreviation,254,empty,0
journal_abbreviation,257,J Huazhong Univ Sci Technolog Med Sci,Tumour Biol.
journal_abbreviation,260,empty,0
journal_abbreviation,265,empty,Proc.Natl.Acad.Sci.U.S.A.
journal_abbreviation,268,empty,Stroke
journal_abbreviation,270,empty,0
journal_abbreviation,271,empty,0
journal_abbreviation,272,empty,0
journal_abbreviation,274,empty,0
journal_abbreviation,275,empty,0
journal_abbreviation,288,empty,0
journal_abbreviation,290,empty,0
journal_abbreviation,294,empty,0
journal_abbreviation,295,empty,Klin.Psikofarmakol.Bul.
journal_abbreviation,297,empty,0
journal_abbreviation,299,empty,Eur. J. Heart Fail.
journal_abbreviation,301,empty,Clin Med
journal_abbreviation,303,Journal of orthopaedic science : official journal of the Japanese Orthopaedic Association,International journal of epidemiology
journal_abbreviation,305,Revista medico-chirurgicala a Societatii de Medici si Naturalisti din Iasi,empty
journal_abbreviation,308,empty,0
journal_abbreviation,310,empty,Transplantation
journal_abbreviation,315,empty,International journal of epidemiology
journal_abbreviation,317,empty,0
journal_abbreviation,318,empty,J Environ Monit
journal_abbreviation,331,empty,J Health Care Poor Underserved
journal_abbreviation,338,empty,Rheumatology
journal_abbreviation,346,empty,0
journal_abbreviation,349,Allergy Asthma Proc,Acad Radiol
journal_abbreviation,354,empty,The Annals of pharmacotherapy
journal_abbreviation,356,empty,Expert Opin Emerg Drugs
journal_abbreviation,365,empty,Rheumatology
journal_abbreviation,367,empty,J Environ Monit
journal_abbreviation,370,empty,Biomed Eng Online
journal_abbreviation,373,empty,0
journal_abbreviation,374,empty,Respirology
journal_abbreviation,377,empty,Transplantation
journal_abbreviation,378,PloS one,The Annals of pharmacotherapy
journal_abbreviation,380,empty,0
journal_abbreviation,395,empty,Rheumatology
journal_abbreviation,397,Minerva Cardioangiol,Tumour Biol.
journal_abbreviation,399,empty,0
journal_abbreviation,404,empty,Rheumatology
journal_abbreviation,407,empty,0
journal_abbreviation,410,empty,0
journal_abbreviation,411,empty,International journal of epidemiology
journal_abbreviation,414,empty,The American journal of clinical nutrition
journal_abbreviation,426,empty,Ann. Intern. Med.
journal_abbreviation,429,empty,0
journal_abbreviation,430,empty,0
journal_abbreviation,432,empty,0
journal_abbreviation,433,empty,Klin.Psikofarmakol.Bul.
journal_abbreviation,434,empty,Cytokine
journal_abbreviation,436,empty,BJOG : an international journal of obstetrics and gynaecology
journal_abbreviation,437,BMC oral health,Clinical nutrition (Edinburgh Scotland)
journal_abbreviation,439,empty,Stroke
journal_abbreviation,441,empty,0
journal_abbreviation,444,empty,0
journal_abbreviation,447,Front Hum Neurosci,Journal of graduate medical education
journal_abbreviation,448,empty,J Chem Phys
journal_abbreviation,450,empty,American journal of critical care : an official publication American Association of Critical-Care Nurses
journal_abbreviation,453,Diabetes Technol. Ther.,International journal of epidemiology
journal_abbreviation,456,empty,0
journal_abbreviation,459,empty,J Environ Monit
journal_abbreviation,460,empty,J Environ Monit
journal_abbreviation,464,empty,Int.J.Neurosci.
journal_abbreviation,467,empty,0
journal_abbreviation,469,empty,0
journal_abbreviation,496,empty,J. Nucl. Med.
journal_abbreviation,497,empty,0
journal_abbreviation,503,empty,Klin.Psikofarmakol.Bul.
journal_abbreviation,504,empty,Obesity (Silver Spring)
journal_abbreviation,505,empty,0
journal_abbreviation,509,empty,Cytokine
journal_abbreviation,510,empty,J Health Care Poor Underserved
journal_abbreviation,511,empty,Bioelectromagnetics
journal_abbreviation,515,empty,0
journal_abbreviation,517,empty,Klin.Psikofarmakol.Bul.
journal_abbreviation,519,empty,0
journal_abbreviation,523,empty,Cochrane Database Syst Rev
journal_abbreviation,531,empty,0
journal_abbreviation,546,Rheumatology (Oxford England),empty
journal_abbreviation,552,empty,J Environ Monit
journal_abbreviation,569,empty,0
journal_abbreviation,572,empty,0
journal_abbreviation,573,empty,0
journal_abbreviation,576,Croat.Med.J.,empty
journal_abbreviation,582,Childs Nerv Syst,Tumour Biol.
journal_abbreviation,583,empty,J Health Care Poor Underserved
journal_abbreviation,584,empty,J Cell Sci
journal_abbreviation,594,empty,0
journal_abbreviation,598,empty,Bioelectromagnetics
journal_abbreviation,600,empty,0
journal_abbreviation,602,empty,Respirology
journal_abbreviation,604,empty,Acta Cytol.
journal_abbreviation,605,Neuropharmacology,J. Cereb. Blood Flow Metab.
journal_abbreviation,606,empty,Journal of human hypertension
journal_abbreviation,614,empty,Biol.Blood Marrow Transplant.
journal_abbreviation,620,empty,Respirology
journal_abbreviation,621,empty,0
journal_abbreviation,623,empty,Pediatrics
journal_abbreviation,625,empty,Klin.Psikofarmakol.Bul.
journal_abbreviation,630,empty,Transplantation
journal_abbreviation,633,Onkologie,Biol.Blood Marrow Transplant.
journal_abbreviation,642,empty,College Teaching
journal_abbreviation,653,empty,International journal of epidemiology
journal_abbreviation,662,empty,0
journal_abbreviation,673,empty,0
journal_abbreviation,682,empty,Biol.Blood Marrow Transplant.
journal_abbreviation,685,empty,0
journal_abbreviation,686,Photomed Laser Surg,Clinical nutrition (Edinburgh Scotland)
journal_abbreviation,687,empty,0
journal_abbreviation,692,empty,Occup Environ Med
journal_abbreviation,693,empty,Respirology
journal_abbreviation,700,empty,0
journal_abbreviation,703,empty,JRSM Open
journal_abbreviation,714,empty,BJOG : an international journal of obstetrics and gynaecology
journal_abbreviation,721,empty,Rheumatology
journal_abbreviation,723,empty,0
journal_abbreviation,735,empty,International journal of obesity (2005)
journal_abbreviation,738,Psychosom Med,Techniques in coloproctology
journal_abbreviation,739,empty,0
journal_abbreviation,741,empty,0
journal_abbreviation,746,Circulation,Biol.Blood Marrow Transplant.
journal_abbreviation,751,empty,0
journal_abbreviation,760,empty,0
journal_abbreviation,761,empty,American journal of critical care : an official publication American Association of Critical-Care Nurses
journal_abbreviation,770,PloS one,Biomed Res Int
journal_abbreviation,772,empty,0
journal_abbreviation,786,empty,Biol.Blood Marrow Transplant.
journal_abbreviation,787,empty,Respirology
journal_abbreviation,791,Oral Surg Oral Med Oral Pathol Oral Radiol,Public Health Nutr
journal_abbreviation,793,empty,The American journal of clinical nutrition
journal_abbreviation,794,empty,J.Am.Geriatr.Soc.
journal_abbreviation,797,empty,0
journal_abbreviation,802,empty,The Journal of hand surgery
journal_abbreviation,804,empty,0
journal_abbreviation,806,empty,0
journal_abbreviation,813,empty,Eur. J. Heart Fail.
journal_abbreviation,815,empty,Hippokratia
journal_abbreviation,816,empty,Biomed Res Int
journal_abbreviation,817,empty,Cytokine
journal_abbreviation,819,empty,Pediatrics
journal_abbreviation,820,empty,0
journal_abbreviation,823,empty,0
journal_abbreviation,827,empty,Occup Environ Med
journal_abbreviation,836,empty,Biol.Blood Marrow Transplant.
journal_abbreviation,844,empty,0
journal_abbreviation,846,empty,0
journal_abbreviation,857,empty,Expert Opin Emerg Drugs
journal_abbreviation,859,empty,J Environ Monit
journal_abbreviation,860,empty,Stroke
journal_abbreviation,861,empty,0
journal_abbreviation,867,empty,J Addict Dis
journal_abbreviation,869,empty,Expert Opin Emerg Drugs
journal_abbreviation,870,empty,Pediatrics
journal_abbreviation,871,empty,Bioelectromagnetics
journal_abbreviation,872,empty,Microsurgery
journal_abbreviation,875,Arch. Gynecol. Obstet.,Clinical nutrition (Edinburgh Scotland)
journal_abbreviation,882,empty,Klin.Psikofarmakol.Bul.
journal_abbreviation,884,empty,0
journal_abbreviation,885,empty,Journal of analytical toxicology
journal_abbreviation,890,empty,0
journal_abbreviation,898,empty,0
journal_abbreviation,906,empty,0
journal_abbreviation,912,empty,J Korean Neurosurg Soc
journal_abbreviation,923,empty,0
journal_abbreviation,924,empty,0
journal_abbreviation,931,Int J Med Inform,Hernia
journal_abbreviation,940,empty,Colorectal Dis
journal_abbreviation,941,empty,Respirology
journal_abbreviation,943,empty,0
journal_abbreviation,947,empty,J Appl Physiol
journal_abbreviation,951,PLoS ONE,Biomed Res Int
journal_abbreviation,956,empty,0
journal_abbreviation,957,empty,0
journal_abbreviation,961,empty,Stroke
journal_abbreviation,970,empty,0
journal_abbreviation,971,empty,Cytokine
journal_abbreviation,973,empty,0
journal_abbreviation,979,empty,The Journal of the Oklahoma State Medical Association
journal_abbreviation,981,empty,0
journal_abbreviation,987,empty,Journal of graduate medical education
journal_abbreviation,994,empty,0
journal_abbreviation,997,empty,0
journal_abbreviation,999,empty,J Cell Sci
journal_abbreviation,1000,empty,Rheumatology
journal_issn,14,1547-5271,empty
journal_issn,18,1469-493X,empty
journal_issn,22,empty,-4473
journal_issn,41,0360-3016,0
journal_issn,48,1469-493X,2044-6055
journal_issn,50,empty,Mar-22
journal_issn,51,empty,0
journal_issn,55,empty,0
journal_issn,67,empty,0
journal_issn,76,empty,1520-7714
journal_issn,77,empty,0
journal_issn,94,1540-7314 0148-8376,empty
journal_issn,97,empty,0
journal_issn,103,empty,0023-6837
journal_issn,107,empty,0
journal_issn,108,empty,978-1-2673-2110-7
journal_issn,113,empty,1547-1896
journal_issn,118,empty,0893-133X
journal_issn,119,2115-7863(Electronic);2115-8789(Print),empty
journal_issn,127,empty,0301-4851
journal_issn,130,-7518,empty
journal_issn,135,empty,0
journal_issn,138,empty,0
journal_issn,139,empty,0
journal_issn,142,empty,1678-4464
journal_issn,147,empty,0
journal_issn,163,empty,0966-6362 DO  - http://dx.doi.org/10.1016/j.gaitpost.2010402
journal_issn,164,empty,-4473
journal_issn,166,empty,1175-3277
journal_issn,181,0390-6078,0143-005X
journal_issn,196,empty,1678-4464
journal_issn,204,empty,0
journal_issn,219,empty,Apr-74
journal_issn,220,empty,0
journal_issn,223,empty,0
journal_issn,246,empty,0268-1153
journal_issn,250,1088-0224,empty
journal_issn,251,empty,0
journal_issn,254,1088-3371,0305-1862
journal_issn,262,empty,0
journal_issn,265,empty,0
journal_issn,268,empty,0
journal_issn,271,-10475,empty
journal_issn,275,-8906,empty
journal_issn,280,978-1-4503-3459-4,1699-5198
journal_issn,286,empty,0
journal_issn,288,empty,2044-6055
journal_issn,294,1749-8546,0
journal_issn,299,empty,0
journal_issn,301,empty,0
journal_issn,304,empty,0
journal_issn,315,empty,0
journal_issn,325,empty,09663622 (ISSN)
journal_issn,340,empty,0
journal_issn,346,1360-7863,empty
journal_issn,353,empty,0023-6837
journal_issn,360,-4928,empty
journal_issn,380,empty,0360-7283
journal_issn,387,empty,1547-1896
journal_issn,399,0975-1491,empty
journal_issn,404,empty,0
journal_issn,409,empty,0360-7283
journal_issn,411,empty,978-0-7918-4926-2
journal_issn,425,empty,1678-4464
journal_issn,426,empty,1062-8401
journal_issn,433,empty,-4473
journal_issn,434,empty,0
journal_issn,436,empty,1840-0132 1840-2445 (electronic)
journal_issn,439,empty,0
journal_issn,445,1058-0832,empty
journal_issn,456,0370-0747,empty
journal_issn,469,-5514,empty
journal_issn,470,empty,0
journal_issn,490,empty,1098-3015
journal_issn,491,empty,0
journal_issn,499,empty,0301-4851
journal_issn,505,0428-8246,empty
journal_issn,514,empty,0
journal_issn,515,-14400,empty
journal_issn,528,empty,0143-005X
journal_issn,559,empty,0007-1250 1472-1465
journal_issn,563,empty,0360-7283
journal_issn,574,empty,0
journal_issn,594,empty,1553-9318 1553-9318
journal_issn,618,empty,0
journal_issn,623,empty,0
journal_issn,631,empty,0
journal_issn,640,empty,0
journal_issn,644,1524-4539,Sep-22
journal_issn,653,1076-6294 (Print)     1076-6294,1776-2588
journal_issn,662,empty,0301-4851
journal_issn,673,-9262,empty
journal_issn,677,empty,0
journal_issn,678,empty,0
journal_issn,679,empty,978-0-7918-4926-2
journal_issn,682,empty,0
journal_issn,685,empty,1776-2588
journal_issn,692,empty,0
journal_issn,701,empty,978-1-2673-2110-7
journal_issn,734,empty,0143-005X
journal_issn,739,0732-183X,empty
journal_issn,741,Apr-74,1776-2588
journal_issn,743,empty,0091-6749 (Print)
journal_issn,760,1098-3015,empty
journal_issn,764,empty,0
journal_issn,778,empty,0305-1862
journal_issn,794,empty,Jan-15
journal_issn,804,0961-5423,empty
journal_issn,806,1672-2531,empty
journal_issn,820,0090-3493,empty
journal_issn,827,empty,1745-834X     1745-8358
journal_issn,867,1469-493X,empty
journal_issn,869,empty,0
journal_issn,871,empty,0
journal_issn,874,empty,1553-9318 1553-9318
journal_issn,882,empty,1478-7547 (electronic)
journal_issn,887,empty,0
journal_issn,902,empty,0
journal_issn,924,1672-1977,empty
journal_issn,933,empty,0
journal_issn,941,empty,0
journal_issn,943,-5990,empty
journal_issn,946,empty,0
journal_issn,949,empty,0
journal_issn,952,empty,0
journal_issn,956,1538-7933,empty
journal_issn,957,0272-4944,empty
journal_issn,961,empty,0
journal_issn,963,0966-6362 DO  - http://dx.doi.org/10.1016/j.gaitpost.2010402,0143-005X
journal_issn,970,empty,0
journal_issn,977,empty,0
article_jvolumn,2,empty,0
article_jvolumn,22,40,0
article_jvolumn,50,21,0
article_jvolumn,51,70,0
article_jvolumn,55,90,0
article_jvolumn,97,64,0
article_jvolumn,103,24,0
article_jvolumn,107,52,0
article_jvolumn,113,103,0
article_jvolumn,118,13,0
article_jvolumn,127,14,0
article_jvolumn,135,143,0
article_jvolumn,139,35,0
article_jvolumn,141,89,0
article_jvolumn,142,137,0
article_jvolumn,163,30,0
article_jvolumn,164,24,0
article_jvolumn,166,45,0
article_jvolumn,182,empty,0
article_jvolumn,196,101,0
article_jvolumn,204,154,0
article_jvolumn,210,empty,0
article_jvolumn,219,22,0
article_jvolumn,220,74,0
article_jvolumn,223,72,0
article_jvolumn,246,15,0
article_jvolumn,262,137,0
article_jvolumn,265,132,0
article_jvolumn,268,12,0
article_jvolumn,286,7,0
article_jvolumn,288,44,0
article_jvolumn,299,189,0
article_jvolumn,304,31,0
article_jvolumn,313,empty,0
article_jvolumn,315,49,0
article_jvolumn,325,13,0
article_jvolumn,333,25,0
article_jvolumn,340,59,0
article_jvolumn,341,empty,0
article_jvolumn,353,30,0
article_jvolumn,357,empty,0
article_jvolumn,361,empty,0
article_jvolumn,387,21,0
article_jvolumn,404,35,0
article_jvolumn,409,75,0
article_jvolumn,411,69,0
article_jvolumn,425,24,0
article_jvolumn,433,32,0
article_jvolumn,436,103,0
article_jvolumn,439,20,0
article_jvolumn,490,124,0
article_jvolumn,491,6,0
article_jvolumn,499,28,0
article_jvolumn,528,37,0
article_jvolumn,534,empty,0
article_jvolumn,563,33,0
article_jvolumn,569,33,0
article_jvolumn,574,62,0
article_jvolumn,594,90,0
article_jvolumn,618,284,0
article_jvolumn,623,32,0
article_jvolumn,631,17,0
article_jvolumn,643,empty,0
article_jvolumn,662,45,0
article_jvolumn,677,25,0
article_jvolumn,682,113,0
article_jvolumn,685,36,0
article_jvolumn,693,28,0
article_jvolumn,701,126,0
article_jvolumn,764,56,0
article_jvolumn,769,empty,0
article_jvolumn,778,13,0
article_jvolumn,792,empty,0
article_jvolumn,794,33,0
article_jvolumn,827,14,0
article_jvolumn,865,48,0
article_jvolumn,869,40,0
article_jvolumn,871,21,0
article_jvolumn,882,25,0
article_jvolumn,902,32,0
article_jvolumn,952,27,0
article_jvolumn,961,42,0
article_jvolumn,998,empty,0
article_jissue,48,empty,0
article_jissue,51,2,0
article_jissue,55,3,0
article_jissue,76,1,0
article_jissue,77,3,0
article_jissue,103,2,0
article_jissue,107,3,0
article_jissue,135,1,0
article_jissue,138,3,0
article_jissue,139,2,0
article_jissue,141,5,0
article_jissue,147,5,0
article_jissue,154,6,0
article_jissue,157,9,0
article_jissue,166,2,0
article_jissue,167,1,0
article_jissue,172,2,0
article_jissue,186,6,0
article_jissue,204,5,0
article_jissue,205,1,0
article_jissue,216,4,0
article_jissue,220,1,0
article_jissue,223,1,0
article_jissue,251,3,0
article_jissue,262,2,0
article_jissue,265,3,0
article_jissue,299,4,0
article_jissue,301,2,0
article_jissue,304,2,0
article_jissue,340,2,0
article_jissue,388,3,0
article_jissue,404,2,0
article_jissue,426,5,0
article_jissue,464,1,0
article_jissue,496,7,0
article_jissue,498,1,0
article_jissue,514,3,0
article_jissue,528,1,0
article_jissue,540,2,0
article_jissue,569,2,0
article_jissue,583,5,0
article_jissue,584,8,0
article_jissue,591,1,0
article_jissue,631,8,0
article_jissue,693,1,0
article_jissue,777,2,0
article_jissue,778,4,0
article_jissue,794,5,0
article_jissue,827,14,0
article_jissue,852,3,0
article_jissue,856,4,0
article_jissue,865,6,0
article_jissue,869,7,0
article_jissue,871,4,0
article_jissue,874,4,0
article_jissue,882,5,0
article_jissue,887,6,0
article_jissue,902,6,0
article_jissue,941,4,0
article_jissue,952,6,0
article_jissue,961,10,0
article_jissue,970,2,0
article_jcreated_at,3,12/1/06,0
article_jcreated_at,4,1/1/13,0
article_jcreated_at,6,1/1/09,0
article_jcreated_at,9,1/1/11,0
article_jcreated_at,10,1/1/06,0
article_jcreated_at,11,1/1/09,0
article_jcreated_at,12,1/1/15,0
article_jcreated_at,13,1/1/13,0
article_jcreated_at,14,1/1/11,0
article_jcreated_at,15,1/1/11,0
article_jcreated_at,17,1/1/12,0
article_jcreated_at,18,1/1/05,0
article_jcreated_at,21,12/1/13,0
article_jcreated_at,22,1/1/11,0
article_jcreated_at,23,12/1/14,0
article_jcreated_at,25,1/1/12,0
article_jcreated_at,26,3/1/14,0
article_jcreated_at,28,1/1/86,0
article_jcreated_at,29,1/1/13,0
article_jcreated_at,30,1/1/09,0
article_jcreated_at,35,2/1/15,0
article_jcreated_at,36,1/1/08,0
article_jcreated_at,37,1/1/14,0
article_jcreated_at,38,2/1/09,0
article_jcreated_at,41,empty,0
article_jcreated_at,44,1/1/14,0
article_jcreated_at,45,1/1/10,0
article_jcreated_at,47,empty,0
article_jcreated_at,48,1/1/13,0
article_jcreated_at,49,11/1/10,0
article_jcreated_at,54,11/1/10,0
article_jcreated_at,58,1/1/12,0
article_jcreated_at,60,12/1/14,0
article_jcreated_at,61,1/1/15,0
article_jcreated_at,63,1/1/11,0
article_jcreated_at,65,1/1/09,0
article_jcreated_at,66,1/1/08,0
article_jcreated_at,67,1/1/08,0
article_jcreated_at,68,1/1/10,0
article_jcreated_at,70,3/1/99,0
article_jcreated_at,72,1/1/12,0
article_jcreated_at,76,1/1/13,0
article_jcreated_at,77,1/1/11,0
article_jcreated_at,78,1/1/06,0
article_jcreated_at,80,1/1/08,0
article_jcreated_at,81,1/1/10,0
article_jcreated_at,83,1/1/05,0
article_jcreated_at,86,1/1/08,0
article_jcreated_at,88,1/1/12,0
article_jcreated_at,89,1/1/99,0
article_jcreated_at,90,1/1/08,0
article_jcreated_at,93,1/1/99,0
article_jcreated_at,94,1/1/11,0
article_jcreated_at,95,1/1/13,0
article_jcreated_at,96,1/1/07,0
article_jcreated_at,97,1/1/09,0
article_jcreated_at,98,1/1/92,0
article_jcreated_at,101,empty,0
article_jcreated_at,102,1/1/14,0
article_jcreated_at,103,1/1/15,0
article_jcreated_at,107,1/1/12,0
article_jcreated_at,108,1/1/12,0
article_jcreated_at,110,1/1/00,0
article_jcreated_at,111,9/1/14,0
article_jcreated_at,112,1/1/13,0
article_jcreated_at,113,1/1/07,0
article_jcreated_at,114,1/1/11,0
article_jcreated_at,116,empty,0
article_jcreated_at,118,1/1/10,0
article_jcreated_at,119,empty,0
article_jcreated_at,122,2/1/12,0
article_jcreated_at,123,1/1/13,0
article_jcreated_at,124,1/1/13,0
article_jcreated_at,125,1/1/11,0
article_jcreated_at,127,1/1/11,0
article_jcreated_at,128,1/1/08,0
article_jcreated_at,130,empty,0
article_jcreated_at,131,1/1/13,0
article_jcreated_at,132,6/1/03,0
article_jcreated_at,133,empty,0
article_jcreated_at,134,empty,0
article_jcreated_at,135,1/1/05,0
article_jcreated_at,137,11/1/14,0
article_jcreated_at,138,1/1/05,0
article_jcreated_at,140,1/1/14,0
article_jcreated_at,141,1/1/11,0
article_jcreated_at,142,1/1/09,0
article_jcreated_at,143,1/1/11,0
article_jcreated_at,144,1/1/05,0
article_jcreated_at,147,empty,0
article_jcreated_at,148,1/1/14,0
article_jcreated_at,151,1/1/07,0
article_jcreated_at,152,10/1/12,0
article_jcreated_at,154,1/1/99,0
article_jcreated_at,157,1/1/09,0
article_jcreated_at,158,12/1/13,0
article_jcreated_at,159,1/1/13,0
article_jcreated_at,160,1/1/14,0
article_jcreated_at,162,5/1/14,0
article_jcreated_at,163,1/1/14,0
article_jcreated_at,164,1/1/11,0
article_jcreated_at,165,1/1/95,0
article_jcreated_at,167,1/1/10,0
article_jcreated_at,168,8/1/08,0
article_jcreated_at,169,1/1/13,0
article_jcreated_at,170,empty,0
article_jcreated_at,171,7/1/06,0
article_jcreated_at,172,1/1/05,0
article_jcreated_at,173,12/1/14,0
article_jcreated_at,174,1/1/93,0
article_jcreated_at,178,1/1/09,0
article_jcreated_at,179,1/1/14,0
article_jcreated_at,180,10/1/13,0
article_jcreated_at,181,1/1/14,0
article_jcreated_at,184,1/1/07,0
article_jcreated_at,185,1/1/12,0
article_jcreated_at,187,empty,0
article_jcreated_at,188,1/1/10,0
article_jcreated_at,189,1/1/12,0
article_jcreated_at,190,1/1/01,0
article_jcreated_at,191,1/1/13,0
article_jcreated_at,192,1/1/09,0
article_jcreated_at,195,1/1/12,0
article_jcreated_at,198,1/1/12,0
article_jcreated_at,199,7/1/14,0
article_jcreated_at,201,12/1/14,0
article_jcreated_at,202,1/1/13,0
article_jcreated_at,203,7/1/07,0
article_jcreated_at,204,1/1/06,0
article_jcreated_at,205,1/1/13,0
article_jcreated_at,206,1/1/13,0
article_jcreated_at,208,empty,0
article_jcreated_at,216,1/1/12,0
article_jcreated_at,218,1/1/08,0
article_jcreated_at,219,1/1/10,0
article_jcreated_at,223,empty,0
article_jcreated_at,225,empty,0
article_jcreated_at,227,9/1/13,0
article_jcreated_at,229,1/1/06,0
article_jcreated_at,230,empty,0
article_jcreated_at,232,7/1/14,0
article_jcreated_at,233,1/1/09,0
article_jcreated_at,234,1/1/12,0
article_jcreated_at,235,1/1/13,0
article_jcreated_at,236,1/1/12,0
article_jcreated_at,237,12/1/03,0
article_jcreated_at,239,1/1/14,0
article_jcreated_at,241,1/1/07,0
article_jcreated_at,243,1/1/14,0
article_jcreated_at,244,empty,0
article_jcreated_at,245,1/1/13,0
article_jcreated_at,246,1/1/13,0
article_jcreated_at,247,1/1/10,0
article_jcreated_at,250,empty,0
article_jcreated_at,252,1/1/09,0
article_jcreated_at,253,1/1/11,0
article_jcreated_at,254,1/1/97,0
article_jcreated_at,256,10/1/13,0
article_jcreated_at,257,4/1/14,0
article_jcreated_at,259,5/1/14,0
article_jcreated_at,264,1/1/05,0
article_jcreated_at,265,1/1/07,0
article_jcreated_at,269,1/1/14,0
article_jcreated_at,271,empty,0
article_jcreated_at,272,1/1/10,0
article_jcreated_at,273,1/1/98,0
article_jcreated_at,274,1/1/11,0
article_jcreated_at,275,empty,0
article_jcreated_at,276,1/1/11,0
article_jcreated_at,278,5/1/02,0
article_jcreated_at,279,11/1/11,0
article_jcreated_at,280,1/1/15,0
article_jcreated_at,282,1/1/11,0
article_jcreated_at,283,9/1/14,0
article_jcreated_at,284,1/1/14,0
article_jcreated_at,286,1/1/92,0
article_jcreated_at,287,10/1/13,0
article_jcreated_at,288,1/1/14,0
article_jcreated_at,289,1/1/12,0
article_jcreated_at,290,1/1/14,0
article_jcreated_at,292,1/1/15,0
article_jcreated_at,294,empty,0
article_jcreated_at,295,1/1/11,0
article_jcreated_at,296,3/1/14,0
article_jcreated_at,298,1/1/91,0
article_jcreated_at,299,1/1/14,0
article_jcreated_at,300,11/1/13,0
article_jcreated_at,302,1/1/07,0
article_jcreated_at,303,1/1/10,0
article_jcreated_at,304,1/1/02,0
article_jcreated_at,305,empty,0
article_jcreated_at,306,1/1/93,0
article_jcreated_at,307,empty,0
article_jcreated_at,309,12/1/01,0
article_jcreated_at,311,empty,0
article_jcreated_at,312,1/1/12,0
article_jcreated_at,314,1/1/03,0
article_jcreated_at,315,1/1/10,0
article_jcreated_at,316,2/1/14,0
article_jcreated_at,318,1/1/09,0
article_jcreated_at,320,6/1/14,0
article_jcreated_at,321,1/1/03,0
article_jcreated_at,322,1/1/13,0
article_jcreated_at,325,1/1/06,0
article_jcreated_at,326,empty,0
article_jcreated_at,327,5/1/12,0
article_jcreated_at,328,empty,0
article_jcreated_at,330,empty,0
article_jcreated_at,331,1/1/13,0
article_jcreated_at,333,1/1/06,0
article_jcreated_at,334,1/1/07,0
article_jcreated_at,338,1/1/12,0
article_jcreated_at,339,1/1/04,0
article_jcreated_at,342,1/1/88,0
article_jcreated_at,343,empty,0
article_jcreated_at,344,9/1/09,0
article_jcreated_at,346,1/1/05,0
article_jcreated_at,347,6/1/01,0
article_jcreated_at,348,3/1/09,0
article_jcreated_at,349,5/1/12,0
article_jcreated_at,350,1/1/09,0
article_jcreated_at,351,1/1/12,0
article_jcreated_at,352,1/1/98,0
article_jcreated_at,353,1/1/15,0
article_jcreated_at,354,1/1/12,0
article_jcreated_at,356,1/1/10,0
article_jcreated_at,359,1/1/01,0
article_jcreated_at,360,empty,0
article_jcreated_at,363,2/1/13,0
article_jcreated_at,365,1/1/12,0
article_jcreated_at,366,1/1/14,0
article_jcreated_at,367,1/1/09,0
article_jcreated_at,369,1/1/10,0
article_jcreated_at,370,1/1/11,0
article_jcreated_at,373,1/1/12,0
article_jcreated_at,374,1/1/14,0
article_jcreated_at,376,7/1/14,0
article_jcreated_at,377,1/1/15,0
article_jcreated_at,379,1/1/96,0
article_jcreated_at,380,1/1/04,0
article_jcreated_at,381,5/1/06,0
article_jcreated_at,384,1/1/12,0
article_jcreated_at,385,1/1/09,0
article_jcreated_at,387,1/1/07,0
article_jcreated_at,391,1/1/01,0
article_jcreated_at,395,1/1/12,0
article_jcreated_at,396,8/1/12,0
article_jcreated_at,397,4/1/14,0
article_jcreated_at,398,1/1/11,0
article_jcreated_at,399,empty,0
article_jcreated_at,400,3/1/14,0
article_jcreated_at,401,1/1/13,0
article_jcreated_at,403,1/1/14,0
article_jcreated_at,405,2/1/13,0
article_jcreated_at,407,4/1/09,0
article_jcreated_at,409,1/1/04,0
article_jcreated_at,410,1/1/97,0
article_jcreated_at,414,1/1/00,0
article_jcreated_at,415,empty,0
article_jcreated_at,420,empty,0
article_jcreated_at,421,1/1/08,0
article_jcreated_at,423,1/1/12,0
article_jcreated_at,424,1/1/15,0
article_jcreated_at,425,1/1/09,0
article_jcreated_at,427,empty,0
article_jcreated_at,430,1/1/97,0
article_jcreated_at,431,1/1/00,0
article_jcreated_at,437,1/1/14,0
article_jcreated_at,439,1/1/15,0
article_jcreated_at,441,empty,0
article_jcreated_at,442,4/1/14,0
article_jcreated_at,444,1/1/07,0
article_jcreated_at,445,1/1/07,0
article_jcreated_at,447,1/1/13,0
article_jcreated_at,448,1/1/07,0
article_jcreated_at,450,1/1/03,0
article_jcreated_at,451,5/1/09,0
article_jcreated_at,452,9/1/12,0
article_jcreated_at,453,1/1/10,0
article_jcreated_at,454,1/1/11,0
article_jcreated_at,455,1/1/04,0
article_jcreated_at,456,1/1/07,0
article_jcreated_at,457,1/1/09,0
article_jcreated_at,458,12/1/12,0
article_jcreated_at,459,1/1/09,0
article_jcreated_at,460,1/1/09,0
article_jcreated_at,461,1/1/12,0
article_jcreated_at,462,11/1/13,0
article_jcreated_at,464,1/1/04,0
article_jcreated_at,465,1/1/13,0
article_jcreated_at,466,1/1/11,0
article_jcreated_at,467,1/1/15,0
article_jcreated_at,469,empty,0
article_jcreated_at,470,1/1/13,0
article_jcreated_at,471,1/1/13,0
article_jcreated_at,474,1/1/13,0
article_jcreated_at,475,7/1/12,0
article_jcreated_at,477,3/1/14,0
article_jcreated_at,480,4/1/09,0
article_jcreated_at,481,1/1/06,0
article_jcreated_at,483,4/1/11,0
article_jcreated_at,485,1/1/99,0
article_jcreated_at,486,1/1/00,0
article_jcreated_at,487,3/1/10,0
article_jcreated_at,488,empty,0
article_jcreated_at,489,empty,0
article_jcreated_at,490,empty,0
article_jcreated_at,491,1/1/14,0
article_jcreated_at,496,8/1/13,0
article_jcreated_at,497,1/1/10,0
article_jcreated_at,498,1/1/05,0
article_jcreated_at,499,1/1/11,0
article_jcreated_at,500,1/1/04,0
article_jcreated_at,503,1/1/11,0
article_jcreated_at,504,1/1/09,0
article_jcreated_at,505,empty,0
article_jcreated_at,506,3/1/08,0
article_jcreated_at,507,1/1/00,0
article_jcreated_at,509,1/1/13,0
article_jcreated_at,510,1/1/13,0
article_jcreated_at,511,1/1/02,0
article_jcreated_at,513,1/1/13,0
article_jcreated_at,514,1/1/97,0
article_jcreated_at,515,empty,0
article_jcreated_at,516,4/1/14,0
article_jcreated_at,517,1/1/11,0
article_jcreated_at,518,8/1/13,0
article_jcreated_at,519,10/1/11,0
article_jcreated_at,522,1/1/13,0
article_jcreated_at,523,1/1/00,0
article_jcreated_at,524,4/1/15,0
article_jcreated_at,528,1/1/14,0
article_jcreated_at,529,1/1/14,0
article_jcreated_at,531,empty,0
article_jcreated_at,535,5/1/01,0
article_jcreated_at,540,1/1/04,0
article_jcreated_at,542,empty,0
article_jcreated_at,543,1/1/95,0
article_jcreated_at,545,empty,0
article_jcreated_at,546,1/1/05,0
article_jcreated_at,547,1/1/06,0
article_jcreated_at,548,1/1/14,0
article_jcreated_at,552,1/1/09,0
article_jcreated_at,553,empty,0
article_jcreated_at,556,6/1/12,0
article_jcreated_at,558,1/1/13,0
article_jcreated_at,559,1/1/98,0
article_jcreated_at,563,1/1/04,0
article_jcreated_at,564,5/1/10,0
article_jcreated_at,565,1/1/11,0
article_jcreated_at,567,1/1/05,0
article_jcreated_at,569,1/1/10,0
article_jcreated_at,572,1/1/12,0
article_jcreated_at,576,1/1/05,0
article_jcreated_at,577,6/1/14,0
article_jcreated_at,578,1/1/14,0
article_jcreated_at,581,6/1/10,0
article_jcreated_at,582,4/1/14,0
article_jcreated_at,583,1/1/13,0
article_jcreated_at,584,1/1/11,0
article_jcreated_at,585,empty,0
article_jcreated_at,589,1/1/13,0
article_jcreated_at,591,1/1/13,0
article_jcreated_at,592,1/1/14,0
article_jcreated_at,593,1/1/98,0
article_jcreated_at,594,1/1/05,0
article_jcreated_at,596,1/1/10,0
article_jcreated_at,597,10/1/10,0
article_jcreated_at,598,1/1/02,0
article_jcreated_at,599,1/1/11,0
article_jcreated_at,600,1/1/14,0
article_jcreated_at,601,9/1/15,0
article_jcreated_at,602,1/1/14,0
article_jcreated_at,604,1/1/12,0
article_jcreated_at,605,10/1/14,0
article_jcreated_at,607,1/1/09,0
article_jcreated_at,613,1/1/86,0
article_jcreated_at,615,4/1/11,0
article_jcreated_at,617,9/1/04,0
article_jcreated_at,619,1/1/08,0
article_jcreated_at,620,1/1/14,0
article_jcreated_at,621,1/1/06,0
article_jcreated_at,624,1/1/13,0
article_jcreated_at,625,1/1/11,0
article_jcreated_at,630,1/1/15,0
article_jcreated_at,631,1/1/11,0
article_jcreated_at,632,1/1/00,0
article_jcreated_at,633,1/1/13,0
article_jcreated_at,635,empty,0
article_jcreated_at,636,1/1/03,0
article_jcreated_at,637,1/1/09,0
article_jcreated_at,638,1/1/09,0
article_jcreated_at,642,1/1/06,0
article_jcreated_at,646,empty,0
article_jcreated_at,649,1/1/07,0
article_jcreated_at,653,1/1/10,0
article_jcreated_at,661,7/1/14,0
article_jcreated_at,662,1/1/11,0
article_jcreated_at,663,5/1/11,0
article_jcreated_at,664,1/1/14,0
article_jcreated_at,666,1/1/15,0
article_jcreated_at,669,1/1/08,0
article_jcreated_at,671,1/1/14,0
article_jcreated_at,673,empty,0
article_jcreated_at,674,1/1/09,0
article_jcreated_at,676,1/1/11,0
article_jcreated_at,677,1/1/00,0
article_jcreated_at,678,1/1/07,0
article_jcreated_at,679,1/1/10,0
article_jcreated_at,682,1/1/13,0
article_jcreated_at,683,1/1/13,0
article_jcreated_at,686,1/1/14,0
article_jcreated_at,687,1/1/14,0
article_jcreated_at,688,1/1/09,0
article_jcreated_at,693,1/1/14,0
article_jcreated_at,696,1/1/14,0
article_jcreated_at,698,1/1/08,0
article_jcreated_at,699,1/1/07,0
article_jcreated_at,703,1/1/15,0
article_jcreated_at,705,1/1/14,0
article_jcreated_at,707,6/1/12,0
article_jcreated_at,710,1/1/07,0
article_jcreated_at,711,1/1/01,0
article_jcreated_at,712,empty,0
article_jcreated_at,713,1/1/12,0
article_jcreated_at,716,4/1/14,0
article_jcreated_at,717,1/1/02,0
article_jcreated_at,718,1/1/14,0
article_jcreated_at,724,10/1/12,0
article_jcreated_at,725,empty,0
article_jcreated_at,726,1/1/86,0
article_jcreated_at,729,1/1/01,0
article_jcreated_at,734,1/1/14,0
article_jcreated_at,735,1/1/09,0
article_jcreated_at,738,1/1/10,0
article_jcreated_at,739,empty,0
article_jcreated_at,741,1/1/10,0
article_jcreated_at,742,1/1/98,0
article_jcreated_at,744,empty,0
article_jcreated_at,745,1/1/86,0
article_jcreated_at,746,1/1/13,0
article_jcreated_at,748,empty,0
article_jcreated_at,749,1/1/13,0
article_jcreated_at,751,1/1/04,0
article_jcreated_at,756,1/1/10,0
article_jcreated_at,757,6/1/01,0
article_jcreated_at,758,empty,0
article_jcreated_at,760,empty,0
article_jcreated_at,761,1/1/03,0
article_jcreated_at,765,11/1/13,0
article_jcreated_at,770,1/1/14,0
article_jcreated_at,772,1/1/01,0
article_jcreated_at,773,7/1/14,0
article_jcreated_at,776,1/1/98,0
article_jcreated_at,778,1/1/97,0
article_jcreated_at,781,1/1/98,0
article_jcreated_at,783,empty,0
article_jcreated_at,786,1/1/13,0
article_jcreated_at,789,1/1/10,0
article_jcreated_at,791,12/1/14,0
article_jcreated_at,793,1/1/00,0
article_jcreated_at,794,1/1/13,0
article_jcreated_at,797,empty,0
article_jcreated_at,799,empty,0
article_jcreated_at,802,1/1/03,0
article_jcreated_at,803,1/1/93,0
article_jcreated_at,804,1/1/05,0
article_jcreated_at,806,empty,0
article_jcreated_at,808,1/1/15,0
article_jcreated_at,811,1/1/12,0
article_jcreated_at,812,empty,0
article_jcreated_at,813,1/1/14,0
article_jcreated_at,814,7/1/06,0
article_jcreated_at,815,1/1/14,0
article_jcreated_at,820,empty,0
article_jcreated_at,821,1/1/14,0
article_jcreated_at,822,4/1/14,0
article_jcreated_at,823,1/1/04,0
article_jcreated_at,826,4/1/15,0
article_jcreated_at,828,11/1/10,0
article_jcreated_at,829,1/1/12,0
article_jcreated_at,830,4/1/15,0
article_jcreated_at,833,empty,0
article_jcreated_at,834,10/1/07,0
article_jcreated_at,836,1/1/13,0
article_jcreated_at,839,11/1/13,0
article_jcreated_at,840,1/1/99,0
article_jcreated_at,843,1/1/14,0
article_jcreated_at,845,1/1/14,0
article_jcreated_at,847,1/1/14,0
article_jcreated_at,848,1/1/11,0
article_jcreated_at,850,1/1/11,0
article_jcreated_at,855,1/1/14,0
article_jcreated_at,857,1/1/10,0
article_jcreated_at,860,1/1/15,0
article_jcreated_at,865,1/1/10,0
article_jcreated_at,867,1/1/06,0
article_jcreated_at,872,1/1/14,0
article_jcreated_at,874,1/1/05,0
article_jcreated_at,875,1/1/14,0
article_jcreated_at,876,1/1/04,0
article_jcreated_at,877,1/1/93,0
article_jcreated_at,878,empty,0
article_jcreated_at,883,1/1/11,0
article_jcreated_at,887,1/1/06,0
article_jcreated_at,889,1/1/13,0
article_jcreated_at,890,1/1/09,0
article_jcreated_at,892,1/1/03,0
article_jcreated_at,893,1/1/08,0
article_jcreated_at,895,1/1/09,0
article_jcreated_at,897,1/1/95,0
article_jcreated_at,898,1/1/05,0
article_jcreated_at,899,empty,0
article_jcreated_at,901,1/1/10,0
article_jcreated_at,905,3/1/14,0
article_jcreated_at,906,1/1/14,0
article_jcreated_at,907,1/1/12,0
article_jcreated_at,908,9/1/14,0
article_jcreated_at,910,12/1/13,0
article_jcreated_at,914,11/1/13,0
article_jcreated_at,915,3/1/14,0
article_jcreated_at,920,1/1/14,0
article_jcreated_at,924,empty,0
article_jcreated_at,926,1/1/93,0
article_jcreated_at,928,empty,0
article_jcreated_at,929,1/1/86,0
article_jcreated_at,931,2/1/15,0
article_jcreated_at,933,empty,0
article_jcreated_at,934,empty,0
article_jcreated_at,936,1/1/15,0
article_jcreated_at,940,1/1/08,0
article_jcreated_at,941,1/1/14,0
article_jcreated_at,942,1/1/10,0
article_jcreated_at,943,empty,0
article_jcreated_at,946,1/1/11,0
article_jcreated_at,948,empty,0
article_jcreated_at,950,1/1/12,0
article_jcreated_at,951,1/1/14,0
article_jcreated_at,953,empty,0
article_jcreated_at,955,1/1/10,0
article_jcreated_at,956,empty,0
article_jcreated_at,957,1/1/05,0
article_jcreated_at,958,10/1/13,0
article_jcreated_at,963,1/1/14,0
article_jcreated_at,965,1/1/13,0
article_jcreated_at,966,8/1/13,0
article_jcreated_at,968,1/1/13,0
article_jcreated_at,969,1/1/91,0
article_jcreated_at,971,1/1/13,0
article_jcreated_at,973,1/1/07,0
article_jcreated_at,974,6/1/14,0
article_jcreated_at,975,10/1/14,0
article_jcreated_at,980,7/1/12,0
article_jcreated_at,987,1/1/13,0
article_jcreated_at,999,1/1/11,0
article_pagination,2,empty,0
article_pagination,47,empty,0
article_pagination,59,empty,0
article_pagination,133,empty,0
article_pagination,134,empty,0
article_pagination,169,empty,0
article_pagination,170,empty,0
article_pagination,187,empty,0
article_pagination,202,empty,0
article_pagination,207,empty,0
article_pagination,210,empty,0
article_pagination,214,empty,0
article_pagination,225,empty,0
article_pagination,226,empty,0
article_pagination,276,empty,0
article_pagination,285,empty,0
article_pagination,307,empty,0
article_pagination,313,empty,0
article_pagination,326,empty,0
article_pagination,328,empty,0
article_pagination,343,empty,0
article_pagination,345,empty,0
article_pagination,357,empty,0
article_pagination,361,empty,0
article_pagination,389,empty,0
article_pagination,415,empty,0
article_pagination,420,empty,0
article_pagination,427,empty,0
article_pagination,531,empty,0
article_pagination,534,empty,0
article_pagination,542,empty,0
article_pagination,545,empty,0
article_pagination,548,empty,0
article_pagination,585,empty,0
article_pagination,595,empty,0
article_pagination,643,empty,0
article_pagination,646,empty,0
article_pagination,704,empty,0
article_pagination,725,empty,0
article_pagination,726,empty,0
article_pagination,727,empty,0
article_pagination,744,empty,0
article_pagination,747,empty,0
article_pagination,748,empty,0
article_pagination,758,empty,0
article_pagination,767,empty,0
article_pagination,769,empty,0
article_pagination,783,empty,0
article_pagination,792,empty,0
article_pagination,811,empty,0
article_pagination,812,empty,0
article_pagination,833,empty,0
article_pagination,857,empty,0
article_pagination,885,empty,0
article_pagination,899,empty,0
article_pagination,917,empty,0
article_pagination,922,empty,0
article_pagination,933,empty,0
article_pagination,948,empty,0
article_pagination,965,empty,0
article_pagination,977,empty,0
article_pagination,979,empty,0
article_pagination,998,empty,0
author_list,1,{A. G. ParksJ. F. McPartlin},"{""A. G. Parks""""J. F. McPartlin""}"
author_list,2,{Valentina A VolchkovaJaroslav VoracPhilip LawrenceLaurie Repiquet-PaireViktor E Volchkov},"{""Valentina A Volchkova""""Jaroslav Vorac""""Philip Lawrence""""Laurie Repiquet-Paire""""Viktor E Volchkov""}"
author_list,3,{Jitendra JethaniShashikant ShettySucheta ParijaP Vijayalakshmi},"{""Jitendra Jethani""""Shashikant Shetty""""Sucheta Parija""""P Vijayalakshmi""}"
author_list,4,{G. JakielK. GorzelnikJ. G. ZimowskiT. CN  - PubMed DA  - Aug DP  - NLM ET  - 2013/11/07 RoszkowskiJ. Bijok},"{""G. Jakiel""""K. Gorzelnik""""J. G. Zimowski""""T. CN  - PubMed DA  - Aug DP  - NLM ET  - 2013/11/07 Roszkowski""""J. Bijok""}"
author_list,5,{Lauren C Pinter-Brown},"{""Lauren C Pinter-Brown""}"
author_list,6,{C. L. RomanoG. MineoC. BonoraD. Romano},"{""C. L. Romano""""G. Mineo""""C. Bonora""""D. Romano""}"
author_list,7,{B N PrichardJ W Black},"{""B N Prichard""""J W Black""}"
author_list,8,{St��_ber FMutz NWrigge HPutensen CZinserling JZech SVon Spiegel T},"{""St��_ber F""""Mutz N""""Wrigge H""""Putensen C""""Zinserling J""""Zech S""""Von Spiegel T""}"
author_list,9,{L. J. RapportJ. A. GriffenL. A. BieliauskasC. BurtR. C. Bryer},"{""L. J. Rapport""""J. A. Griffen""""L. A. Bieliauskas""""C. Burt""""R. C. Bryer""}"
author_list,10,{K. FlemingK. DonatoK. Leszczynski},"{""K. Fleming""""K. Donato""""K. Leszczynski""}"
author_list,11,{J. L. LiP. Newcomb},"{""J. L. Li""""P. Newcomb""}"
author_list,12,{Yang MLi JLi YZhou MYang HShi XLi XYuan H},"{""Yang M""""Li J""""Li Y""""Zhou M""""Yang H""""Shi X""""Li X""""Yuan H""}"
author_list,13,{T. S. MikkolaS. VuorentoO. YlikorkalaM. Vaisanen-TommiskaP. Rahkola-Soisalo},"{""T. S. Mikkola""""S. Vuorento""""O. Ylikorkala""""M. Vaisanen-Tommiska""""P. Rahkola-Soisalo""}"
author_list,14,{C. Hamilton-CraigS. BartolettiM. CasellaF. PernaM. L. NarducciP. SantangeliF. PintusA. NataleA. Dello RussoG. PelargonioG. BencardinoJ. D. BurkhardtF. BellocciL. Di Biase},"{""C. Hamilton-Craig""""S. Bartoletti""""M. Casella""""F. Perna""""M. L. Narducci""""P. Santangeli""""F. Pintus""""A. Natale""""A. Dello Russo""""G. Pelargonio""""G. Bencardino""""J. D. Burkhardt""""F. Bellocci""""L. Di Biase""}"
author_list,15,{T. ToppC. KuhneS. RuchholtzU. LewanA. KrugerT. MullerR. Zettl},"{""T. Topp""""C. Kuhne""""S. Ruchholtz""""U. Lewan""""A. Kruger""""T. Muller""""R. Zettl""}"
author_list,16,{R S LeverS A Holme},"{""R S Lever""""S A Holme""}"
author_list,17,{Andreas KruseManh Hung Nguyen},"{""Andreas Kruse""""Manh Hung Nguyen""}"
author_list,18,{J. H. LittellM. PopaB. Forsythe},"{""J. H. Littell""""M. Popa""""B. Forsythe""}"
author_list,19,{Y TakagiN HashimotoY Goto},"{""Y Takagi""""N Hashimoto""""Y Goto""}"
author_list,20,{James C MartinIan MayhewLee M RomerThomas Korff},"{""James C Martin""""Ian Mayhew""""Lee M Romer""""Thomas Korff""}"
author_list,21,{Lynne M AusmanMartin S ObinXiang-Dong WangChun LiuBlanche C IpDonald E SmithKang-Quan Hu},"{""Lynne M Ausman""""Martin S Obin""""Xiang-Dong Wang""""Chun Liu""""Blanche C Ip""""Donald E Smith""""Kang-Quan Hu""}"
author_list,22,{V. E. CN  - medline DA  - Sep-Oct DB  - MEDLINE DO  - http://dx.doi.org/10.1111/j.1552-6909.20111275.x DP  - Ovid Technologies von GruenigenA. M. BurkettJ. DoyleT. H. Kenny},"{""V. E. CN  - medline DA  - Sep-Oct DB  - MEDLINE DO  - http://dx.doi.org/10.1111/j.1552-6909.20111275.x DP  - Ovid Technologies von Gruenigen""""A. M. Burkett""""J. Doyle""""T. H. Kenny""}"
author_list,23,{Luca Maria SconfienzaEzio LanzaGianpaolo CornalbaDario PorettiCatherine CytevalPierre VialaFrancesco SardanelliYann Thouvenin},"{""Luca Maria Sconfienza""""Ezio Lanza""""Gianpaolo Cornalba""""Dario Poretti""""Catherine Cyteval""""Pierre Viala""""Francesco Sardanelli""""Yann Thouvenin""}"
author_list,24,{Ariela NoyLawrence D KaplanYanxing YuAlexandra M LevineRichard F AmbinderSusan E KrownBruce J DezubeLan LinJeannette Y LeeGary S Hayward},"{""Ariela Noy""""Lawrence D Kaplan""""Yanxing Yu""""Alexandra M Levine""""Richard F Ambinder""""Susan E Krown""""Bruce J Dezube""""Lan Lin""""Jeannette Y Lee""""Gary S Hayward""}"
author_list,25,{Kaija Leena KolhoHanne RintamakiTaina TervahartialaTimo SorsaLaura Makitalo},"{""Kaija Leena Kolho""""Hanne Rintamaki""""Taina Tervahartiala""""Timo Sorsa""""Laura Makitalo""}"
author_list,26,{Donna M WilsonJessica A HewittRalph MagnusJill VihosKaren PetersonNancy Barnes},"{""Donna M Wilson""""Jessica A Hewitt""""Ralph Magnus""""Jill Vihos""""Karen Peterson""""Nancy Barnes""}"
author_list,27,{Isabella SorecaAndrea FagioliniDavid J KupferBret H GoodpasterSara B Fleet-MichaliszynAmy D OttoJohn M Jakicic},"{""Isabella Soreca""""Andrea Fagiolini""""David J Kupfer""""Bret H Goodpaster""""Sara B Fleet-Michaliszyn""""Amy D Otto""""John M Jakicic""}"
author_list,28,{S. SrikantaO. P. GandaR. E. Gleason},"{""S. Srikanta""""O. P. Ganda""""R. E. Gleason""}"
author_list,29,{Tina M BlackmoreKirsty DougalHilary J WorganEric PinlocheGemma CurtisC Jamie NewboldNeil R McEwanSusan E GirdwoodPat A HarrisCaroline McG ArgoAlex Dugdale},"{""Tina M Blackmore""""Kirsty Dougal""""Hilary J Worgan""""Eric Pinloche""""Gemma Curtis""""C Jamie Newbold""""Neil R McEwan""""Susan E Girdwood""""Pat A Harris""""Caroline McG Argo""""Alex Dugdale""}"
author_list,30,{G.R. Gillett},"{""G.R. Gillett""}"
author_list,31,{Seung Woo ParkJae Bock ChungSang Kyum KimSi Young SongJoo Won ChungHo Keun KimJoo Hee SeoSeungmin Bang},"{""Seung Woo Park""""Jae Bock Chung""""Sang Kyum Kim""""Si Young Song""""Joo Won Chung""""Ho Keun Kim""""Joo Hee Seo""""Seungmin Bang""}"
author_list,32,{Carolyn H McCabeShaun G GoodmanFrans Van de WerfDavid A MorrowElliott M AntmanEugene BraunwaldKenneth W MahaffeyMarc CohenIan B MenownSabina A MurphyCharles Michael Gibson},"{""Carolyn H McCabe""""Shaun G Goodman""""Frans Van de Werf""""David A Morrow""""Elliott M Antman""""Eugene Braunwald""""Kenneth W Mahaffey""""Marc Cohen""""Ian B Menown""""Sabina A Murphy""""Charles Michael Gibson""}"
author_list,33,{Marilou Madden},"{""Marilou Madden""}"
author_list,34,{F GatesP Clifton-BlighG FulcherL HoskinR Hansen},"{""F Gates""""P Clifton-Bligh""""G Fulcher""""L Hoskin""""R Hansen""}"
author_list,35,{Yan-Xin ZhaoJun-Chao XieXue-Yuan LiuHan Yan},"{""Yan-Xin Zhao""""Jun-Chao Xie""""Xue-Yuan Liu""""Han Yan""}"
author_list,36,{B O Olley},"{""B O Olley""}"
author_list,37,{T. NakajimaI. YoshinoK. YasufukuS. YoshidaY. SakairiK. Shibuya},"{""T. Nakajima""""I. Yoshino""""K. Yasufuku""""S. Yoshida""""Y. Sakairi""""K. Shibuya""}"
author_list,38,{R Loch MacdonaldFarbod Asgarzadie-GadimYeon Gyoe JangDaniel J CurryRachel N YanowitchKim E SchultheissJocelyn TolentinoJ�_rgen L�_ders},"{""R Loch Macdonald""""Farbod Asgarzadie-Gadim""""Yeon Gyoe Jang""""Daniel J Curry""""Rachel N Yanowitch""""Kim E Schultheiss""""Jocelyn Tolentino""""J�_rgen L�_ders""}"
author_list,39,{K. Sandrick},"{""K. Sandrick""}"
author_list,40,{Rich SinertShoma DesaiAntonia HippCarmen Lopez},"{""Rich Sinert""""Shoma Desai""""Antonia Hipp""""Carmen Lopez""}"
author_list,41,{Kooy H.Hong T.S.Symonifka J.Depauw N.Wo J.Y.},"{""Kooy H.""""Hong T.S.""""Symonifka J.""""Depauw N.""""Wo J.Y.""}"
author_list,42,{Jacques Van HoeckeHayat BanoujaafarChristine MarieClaude M Mossiat},"{""Jacques Van Hoecke""""Hayat Banoujaafar""""Christine Marie""""Claude M Mossiat""}"
author_list,43,{G. PetersK. BeckerC. Von Eiff},"{""G. Peters""""K. Becker""""C. Von Eiff""}"
author_list,44,{Leila JacksonBrian J WellsGregory S CooperSiran KoroukianMichael W Kattan},"{""Leila Jackson""""Brian J Wells""""Gregory S Cooper""""Siran Koroukian""""Michael W Kattan""}"
author_list,45,{R. LuckP. MagoN. Fumo},"{""R. Luck""""P. Mago""""N. Fumo""}"
author_list,46,{Stephanie J WeinsteinRachael Z Stolzenberg-SolomonPhilip R TaylorBarry I GraubardJarmo VirtamoDemetrius AlbanesLi Jiao},"{""Stephanie J Weinstein""""Rachael Z Stolzenberg-Solomon""""Philip R Taylor""""Barry I Graubard""""Jarmo Virtamo""""Demetrius Albanes""""Li Jiao""}"
author_list,48,{Catherine MathewsMoleen ZunzaAdel FerreiraNicola LowTaryn Young},"{""Catherine Mathews""""Moleen Zunza""""Adel Ferreira""""Nicola Low""""Taryn Young""}"
author_list,49,{Roger S McIntyreAvnish TripathiJeanette M Jerrell},"{""Roger S McIntyre""""Avnish Tripathi""""Jeanette M Jerrell""}"
author_list,50,{B. EscudierA. RavaudF. RollandA. BlesiusB. BeuzelinkS. OudardC. Chevreau},"{""B. Escudier""""A. Ravaud""""F. Rolland""""A. Blesius""""B. Beuzelink""""S. Oudard""""C. Chevreau""}"
author_list,51,{P. C. WollanS. J. MerawC. M. Reeve},"{""P. C. Wollan""""S. J. Meraw""""C. M. Reeve""}"
author_list,52,{Jayatunga APDark CHJahangiri MBradley JWP},"{""Jayatunga AP""""Dark CH""""Jahangiri M""""Bradley JWP""}"
author_list,53,{James LenkerW Ben MortensonFrank DeRuyterLouise DemersJeffrey W JutaiMarcus J Fuhrer},"{""James Lenker""""W Ben Mortenson""""Frank DeRuyter""""Louise Demers""""Jeffrey W Jutai""""Marcus J Fuhrer""}"
author_list,54,{John W ToumbourouEva LesliePeter KremerJoanne W Williams},"{""John W Toumbourou""""Eva Leslie""""Peter Kremer""""Joanne W Williams""}"
author_list,55,{Steven G LittleK Angeleque Akin-LittleShari Melman},"{""Steven G Little""""K Angeleque Akin-Little""""Shari Melman""}"
author_list,56,{Shibin MathewIpsita Banerjee},"{""Shibin Mathew""""Ipsita Banerjee""}"
author_list,57,{David N MaineGenevieve E CourpasJames F WellerJeffrey M RichmanAndrew J RowlingsonChristopher L Wu},"{""David N Maine""""Genevieve E Courpas""""James F Weller""""Jeffrey M Richman""""Andrew J Rowlingson""""Christopher L Wu""}"
author_list,58,{K. MiyoshiT. NomaT. MutoH. HagitaT. Horiguchi},"{""K. Miyoshi""""T. Noma""""T. Muto""""H. Hagita""""T. Horiguchi""}"
author_list,59,{Ofelia GarciaJo Anne Kleifgen},"{""Ofelia Garcia""""Jo Anne Kleifgen""}"
author_list,60,{Junwei JiangHongchuan WangHua LouKai LiuHuiwei Zhang},"{""Junwei Jiang""""Hongchuan Wang""""Hua Lou""""Kai Liu""""Huiwei Zhang""}"
author_list,61,{Marlies L van BekkumBarbara C van MunsterMarije E HamakerCarolien H SmorenburgPeter L M Thunnissen},"{""Marlies L van Bekkum""""Barbara C van Munster""""Marije E Hamaker""""Carolien H Smorenburg""""Peter L M Thunnissen""}"
author_list,62,{Ryan HolzwarthBasir TareenAlicia MajkrzakDarren Huber},"{""Ryan Holzwarth""""Basir Tareen""""Alicia Majkrzak""""Darren Huber""}"
author_list,63,{S. K. ChoudharyG. S. GulatiP. SharmaS. TalwarB. AiranS. Mishra},"{""S. K. Choudhary""""G. S. Gulati""""P. Sharma""""S. Talwar""""B. Airan""""S. Mishra""}"
author_list,64,{S. H. SichererD. Y. M. Leung},"{""S. H. Sicherer""""D. Y. M. Leung""}"
author_list,65,{Laura GiacintiSilvia Ileana FattorusoMaria Grazia ArenaLuigi Di LauroMassimo LopezDomenico SergiDiana Giannarelli},"{""Laura Giacinti""""Silvia Ileana Fattoruso""""Maria Grazia Arena""""Luigi Di Lauro""""Massimo Lopez""""Domenico Sergi""""Diana Giannarelli""}"
author_list,66,{Allan I Binder},"{""Allan I Binder""}"
author_list,67,{C. E. Barber},"{""C. E. Barber""}"
author_list,68,{M. PujolP. Barrag��nJ.M. TiraboschiA. ImazM.́. Dom�_nguezD. Podzamczer},"{""M. Pujol""""P. Barrag��n""""J.M. Tiraboschi""""A. Imaz""""M.́. Dom�_nguez""""D. Podzamczer""}"
author_list,69,{Rujun ZhengYulan PengShuzhen ZhaoHong HuangIi LiangXiaoli He},"{""Rujun Zheng""""Yulan Peng""""Shuzhen Zhao""""Hong Huang""""Ii Liang""""Xiaoli He""}"
author_list,70,{O Ceki̤C Batman},"{""O Ceki̤""""C Batman""}"
author_list,71,{Anas YounesL Jeffrey MedeirosFrederick HagemeisterMaria Alma RodriguezSima JehaPaolo FiumaraLynne V AbruzzoJohn T ManningJorge RomagueraAndre GoyDan JonesPeter McLaughlin},"{""Anas Younes""""L Jeffrey Medeiros""""Frederick Hagemeister""""Maria Alma Rodriguez""""Sima Jeha""""Paolo Fiumara""""Lynne V Abruzzo""""John T Manning""""Jorge Romaguera""""Andre Goy""""Dan Jones""""Peter McLaughlin""}"
author_list,72,{Cecilia Bj̦rkelundMargaretha Jerlock},"{""Cecilia Bj̦rkelund""""Margaretha Jerlock""}"
author_list,73,{Everard W ThorntonCarolyn A YoungAlan TennantJohn EalingKevin Talbot[Collective Name] UKMND-QoL GroupChris J GibbonsPamela J Shaw},"{""Everard W Thornton""""Carolyn A Young""""Alan Tennant""""John Ealing""""Kevin Talbot""""[Collective Name] UKMND-QoL Group""""Chris J Gibbons""""Pamela J Shaw""}"
author_list,74,{Junge GRauer BDe Simone PFischer LDe Carlis LKaiser GMSaliba FDuvoux CMetselaar HJDong GNevens FFung JJ},"{""Junge G""""Rauer B""""De Simone P""""Fischer L""""De Carlis L""""Kaiser GM""""Saliba F""""Duvoux C""""Metselaar HJ""""Dong G""""Nevens F""""Fung JJ""}"
author_list,75,{T K DuttaPampa Ch ToiBhawana A BadheL H GhotekarDebdatta Basu},"{""T K Dutta""""Pampa Ch Toi""""Bhawana A Badhe""""L H Ghotekar""""Debdatta Basu""}"
author_list,76,{M. Mitka},"{""M. Mitka""}"
author_list,77,{Alexa StuifbergenMartha Gene Meraviglia},"{""Alexa Stuifbergen""""Martha Gene Meraviglia""}"
author_list,78,{E. Bidat},"{""E. Bidat""}"
author_list,79,{J Stilkind},"{""J Stilkind""}"
author_list,80,{M. MartinengoD. F. ArdenghiG. RealiG. Tripodi},"{""M. Martinengo""""D. F. Ardenghi""""G. Reali""""G. Tripodi""}"
author_list,81,{M. HebbarP. FournierO. Romano},"{""M. Hebbar""""P. Fournier""""O. Romano""}"
author_list,82,{John T SharpWeng Kee WongGrace S ParkHarold E PaulusMyungShin OhRichard H GoldDinesh Khanna},"{""John T Sharp""""Weng Kee Wong""""Grace S Park""""Harold E Paulus""""MyungShin Oh""""Richard H Gold""""Dinesh Khanna""}"
author_list,83,{Milagros M. SessionsKevin J. Miller},"{""Milagros M. Sessions""""Kevin J. Miller""}"
author_list,84,{E HuguetO PortaE Mart�_nezI MoraM Sim�_J PubillJ A OrtegaM T Castillo},"{""E Huguet""""O Porta""""E Mart�_nez""""I Mora""""M Sim�_""""J Pubill""""J A Ortega""""M T Castillo""}"
author_list,85,{W. HummigJ. Stechman NetoL. F. Tonial},"{""W. Hummig""""J. Stechman Neto""""L. F. Tonial""}"
author_list,86,{Miquel S����nchez-Marr���Geoff HolmesJoaqu���_n IzquierdoJoaquim ComasIoannis AthanasiadisKarina Gibert},"{""Miquel S����nchez-Marr���""""Geoff Holmes""""Joaqu���_n Izquierdo""""Joaquim Comas""""Ioannis Athanasiadis""""Karina Gibert""}"
author_list,87,{Robert S HoffmanBrian W CotterBarbara M KirraneFermin BarruetoLewis S Nelson},"{""Robert S Hoffman""""Brian W Cotter""""Barbara M Kirrane""""Fermin Barrueto""""Lewis S Nelson""}"
author_list,88,{S. GosaviS. Gosavi},"{""S. Gosavi""""S. Gosavi""}"
author_list,89,{W. T. CreasmanS. PecorelliJ. L. BenedetJ. H. Shepherd},"{""W. T. Creasman""""S. Pecorelli""""J. L. Benedet""""J. H. Shepherd""}"
author_list,90,{S. Regina-RibeiroC. TortozaR. P. S. LimaS. T. T. de FreitasP. R. LucareliM. O. LimaM. T. PachecoJ. Gomes-LucareliR. A. Lopes-Martins},"{""S. Regina-Ribeiro""""C. Tortoza""""R. P. S. Lima""""S. T. T. de Freitas""""P. R. Lucareli""""M. O. Lima""""M. T. Pacheco""""J. Gomes-Lucareli""""R. A. Lopes-Martins""}"
author_list,91,{Giovanni TeodoriMarta LeveroneEraldo OcchettaMiriam BortnikPaolo MarinoMarco Marcolongo},"{""Giovanni Teodori""""Marta Leverone""""Eraldo Occhetta""""Miriam Bortnik""""Paolo Marino""""Marco Marcolongo""}"
author_list,92,{B H Mbatchou NgahaneG DevouassouxH BaudrandB GuibertN FreymondY PachecoA Traverse-Glehen},"{""B H Mbatchou Ngahane""""G Devouassoux""""H Baudrand""""B Guibert""""N Freymond""""Y Pacheco""""A Traverse-Glehen""}"
author_list,93,{M. W. MartinR. SaundersS. Levin},"{""M. W. Martin""""R. Saunders""""S. Levin""}"
author_list,94,{Melissa E. DichterKarin V. Rhodes},"{""Melissa E. Dichter""""Karin V. Rhodes""}"
author_list,95,{A. A. Kaddis},"{""A. A. Kaddis""}"
author_list,96,{A. A. Mangoni},"{""A. A. Mangoni""}"
author_list,97,{N. JakubikL. TrzpilF. RaciborskiU. Samolinska-ZawiszaL. Samoli̱skiD. PaczesnyZ. HalatJ. MarszalkowskaB. SamolinskiP. Samel-KowalikA. LusawaJ. GutowskaA. TomaszewskaA. Walkiewicz},"{""N. Jakubik""""L. Trzpil""""F. Raciborski""""U. Samolinska-Zawisza""""L. Samoli̱ski""""D. Paczesny""""Z. Halat""""J. Marszalkowska""""B. Samolinski""""P. Samel-Kowalik""""A. Lusawa""""J. Gutowska""""A. Tomaszewska""""A. Walkiewicz""}"
author_list,98,{B. A. Burt},"{""B. A. Burt""}"
author_list,99,{Paola ScifoAlessandro Del MaschioLivio LuziElena MeneghiniAlberto BattezzatiGianluca PerseghinMassimo DannaStefano Benedini},"{""Paola Scifo""""Alessandro Del Maschio""""Livio Luzi""""Elena Meneghini""""Alberto Battezzati""""Gianluca Perseghin""""Massimo Danna""""Stefano Benedini""}"
author_list,100,{Stensland SHSobal J},"{""Stensland SH""""Sobal J""}"
author_list,102,{M. Tercedor S��nchezJ.A. Prieto Velasco},"{""M. Tercedor S��nchez""""J.A. Prieto Velasco""}"
author_list,103,{A. KelirisI. KoutsourelakisA. MinaritzoglouS. Zakynthinos},"{""A. Keliris""""I. Koutsourelakis""""A. Minaritzoglou""""S. Zakynthinos""}"
author_list,104,{Christos A VenetisBasil C TarlatzisKonstantinos A ToulisEfstratios M KolibianakisDimitrios G GoulisIoannis Papadimas},"{""Christos A Venetis""""Basil C Tarlatzis""""Konstantinos A Toulis""""Efstratios M Kolibianakis""""Dimitrios G Goulis""""Ioannis Papadimas""}"
author_list,105,{Fenlai TanJi JiangDon ZhangDongyang LiuYingxiang WangLi ZhangPei Hu},"{""Fenlai Tan""""Ji Jiang""""Don Zhang""""Dongyang Liu""""Yingxiang Wang""""Li Zhang""""Pei Hu""}"
author_list,106,{Sarah McGrawVida M PetronisCharles S CarverNancy AvisKristie Long FoleyDeborah F FarmerRoselyn G SmithKevin Smith},"{""Sarah McGraw""""Vida M Petronis""""Charles S Carver""""Nancy Avis""""Kristie Long Foley""""Deborah F Farmer""""Roselyn G Smith""""Kevin Smith""}"
author_list,107,{Y. FengyingY. HainaiW. JianxiongT. Sijie},"{""Y. Fengying""""Y. Hainai""""W. Jianxiong""""T. Sijie""}"
author_list,108,{A. D. HayA. LoveringC. CostelloeA. MontgomeryD. LewisC. McNulty},"{""A. D. Hay""""A. Lovering""""C. Costelloe""""A. Montgomery""""D. Lewis""""C. McNulty""}"
author_list,109,{Noritoshi NagayaKenji Kangawa},"{""Noritoshi Nagaya""""Kenji Kangawa""}"
author_list,110,{D C ThompsonF P Rivara},"{""D C Thompson""""F P Rivara""}"
author_list,111,{HongQiang WangDwain K IrvinAshley GraggXiao-xue ZhangChristopher J WheelerKeith L BlackLucia VeigaRyan CordnerMandana ZandianAkanksha PanwarEmmanuel JouanneauYuying ZhaiShyam GoverdhanaArmen Mardiros},"{""HongQiang Wang""""Dwain K Irvin""""Ashley Gragg""""Xiao-xue Zhang""""Christopher J Wheeler""""Keith L Black""""Lucia Veiga""""Ryan Cordner""""Mandana Zandian""""Akanksha Panwar""""Emmanuel Jouanneau""""Yuying Zhai""""Shyam Goverdhana""""Armen Mardiros""}"
author_list,112,{T. L. DaviesB. BovillS. JohnstonM. T. MayM. Gompels},"{""T. L. Davies""""B. Bovill""""S. Johnston""""M. T. May""""M. Gompels""}"
author_list,113,{J. L. HastingsG. BioloB. D. LevineT. TilleryR. M. PeshockT. A. DorfmanB. R. MaciasA. R. DA  - Jul DO  - 10.1152/japplphysiol1162.2006 DP  - NLM ET  - 2007/03/24 HargensS. M. Schneider},"{""J. L. Hastings""""G. Biolo""""B. D. Levine""""T. Tillery""""R. M. Peshock""""T. A. Dorfman""""B. R. Macias""""A. R. DA  - Jul DO  - 10.1152/japplphysiol1162.2006 DP  - NLM ET  - 2007/03/24 Hargens""""S. M. Schneider""}"
author_list,115,{A H ZwindermanM MunnekeG J TijhuisZ de JongJ M HazesT P Vliet Vlieland},"{""A H Zwinderman""""M Munneke""""G J Tijhuis""""Z de Jong""""J M Hazes""""T P Vliet Vlieland""}"
author_list,117,{B. L. DrinkwaterJ. E. DentonS. M. HorvathP. B. Raven},"{""B. L. Drinkwater""""J. E. Denton""""S. M. Horvath""""P. B. Raven""}"
author_list,118,{Denys T. LauBrass Buchanan Deandrea Glaser Guest Hodgson Huerta Lau Lau Miles Miller Parker-Oliver Raina Teno Weller BostickCelia BerdesJonathan Masin-PetersMegan Ong},"{""Denys T. Lau""""Brass Buchanan Deandrea Glaser Guest Hodgson Huerta Lau Lau Miles Miller Parker-Oliver Raina Teno Weller Bostick""""Celia Berdes""""Jonathan Masin-Peters""""Megan Ong""}"
author_list,119,{G̩raldine Martin-GaujardFloriane Delphin-CombeIsabelle RouchSolveig RellandPierre Krolak-Salmon},"{""G̩raldine Martin-Gaujard""""Floriane Delphin-Combe""""Isabelle Rouch""""Solveig Relland""""Pierre Krolak-Salmon""}"
author_list,120,{Sheldon H. White},"{""Sheldon H. White""}"
author_list,121,{P TalkeJ CaldwellB DodsontC A Richardson},"{""P Talke""""J Caldwell""""B Dodsont""""C A Richardson""}"
author_list,122,{Peter J WinchMickey ChopraCynthia S MinkovitzDebra JacksonAlyssa B Sharkey},"{""Peter J Winch""""Mickey Chopra""""Cynthia S Minkovitz""""Debra Jackson""""Alyssa B Sharkey""}"
author_list,123,{Jai K DasZohra S LassiZulfiqar A BhuttaGuleshehwar ZahidAamer Imdad},"{""Jai K Das""""Zohra S Lassi""""Zulfiqar A Bhutta""""Guleshehwar Zahid""""Aamer Imdad""}"
author_list,124,{Yasunori OtaMasaaki NoguchiKei-Ji SugimotoHiroshi IzumiNorio KomatsuNanae YamaguchiHidenori ImaiAsami ShimadaYasunobu SekiguchiMutsumi Wakabayashi},"{""Yasunori Ota""""Masaaki Noguchi""""Kei-Ji Sugimoto""""Hiroshi Izumi""""Norio Komatsu""""Nanae Yamaguchi""""Hidenori Imai""""Asami Shimada""""Yasunobu Sekiguchi""""Mutsumi Wakabayashi""}"
author_list,125,{A. J. GhiaV. J. GonzalezJ. D. TwardA. M. StroupD. K. GaffneyL. Pappas},"{""A. J. Ghia""""V. J. Gonzalez""""J. D. Tward""""A. M. Stroup""""D. K. Gaffney""""L. Pappas""}"
author_list,126,{V Cus�_H GalvezM IriondoJ CampistolI M��lagaA Garc�_a Cazorla},"{""V Cus�_""""H Galvez""""M Iriondo""""J Campistol""""I M��laga""""A Garc�_a Cazorla""}"
author_list,127,{A. ErolJ. B. CelikI. KaraA. TopalS. Guven},"{""A. Erol""""J. B. Celik""""I. Kara""""A. Topal""""S. Guven""}"
author_list,128,{M. P. BachD. Cosic},"{""M. P. Bach""""D. Cosic""}"
author_list,129,{D J SadlerR R GrayB D SchoutenJ M BohnenJ K WongR MustardG DoyleR A PugashJ Sanabria},"{""D J Sadler""""R R Gray""""B D Schouten""""J M Bohnen""""J K Wong""""R Mustard""""G Doyle""""R A Pugash""""J Sanabria""}"
author_list,130,{di Raimondo D.Pinto A.Lucifora B.Tuttolomondo A.Licata G.Butt�� C.},"{""di Raimondo D.""""Pinto A.""""Lucifora B.""""Tuttolomondo A.""""Licata G.""""Butt�� C.""}"
author_list,131,{Jamehl L. DemonsJeff D. WilliamsonKathryn E. CallahanJames LovatoJanice S. LawlorHal H. AtkinsonAnn LambrosFranklin S. WatkinsKaycee M. SinkBrooke R. DavisMary F. Lyles},"{""Jamehl L. Demons""""Jeff D. Williamson""""Kathryn E. Callahan""""James Lovato""""Janice S. Lawlor""""Hal H. Atkinson""""Ann Lambros""""Franklin S. Watkins""""Kaycee M. Sink""""Brooke R. Davis""""Mary F. Lyles""}"
author_list,132,{Mayuko SaitoSusan OlenderRobert H GilmanChristian T BautistaEvelyn J HsiehLuz CaviedesKari GillenwaterJane ApgarPedro MoroAndres G Lescano},"{""Mayuko Saito""""Susan Olender""""Robert H Gilman""""Christian T Bautista""""Evelyn J Hsieh""""Luz Caviedes""""Kari Gillenwater""""Jane Apgar""""Pedro Moro""""Andres G Lescano""}"
author_list,134,{Vicenzino B Bisset L Beller E Jull G Brooks P Darnell R},"{""Vicenzino B Bisset L Beller E Jull G Brooks P Darnell R""}"
author_list,135,{L. SchlessingerD. M. EddyR. Kahn},"{""L. Schlessinger""""D. M. Eddy""""R. Kahn""}"
author_list,136,{G R ChalmersK M Knutzen},"{""G R Chalmers""""K M Knutzen""}"
author_list,137,{Dominic S CarreiraRoss M BorzykowskiJohn KozySteven D Needell},"{""Dominic S Carreira""""Ross M Borzykowski""""John Kozy""""Steven D Needell""}"
author_list,138,{P. Tarraga-LopezJ. M. Ocana-LopezJ. Miguel-ClaveJ. Solera-AlberoM. Cerdan-OliverM. A. Lopez-CaraA. Celada-Rodriguez},"{""P. Tarraga-Lopez""""J. M. Ocana-Lopez""""J. Miguel-Clave""""J. Solera-Albero""""M. Cerdan-Oliver""""M. A. Lopez-Cara""""A. Celada-Rodriguez""}"
author_list,139,{M. GoyalS. WiebeM. D. HillF. M. ClementJ. H. WongM. A. AlmekhlafiD. Yavin},"{""M. Goyal""""S. Wiebe""""M. D. Hill""""F. M. Clement""""J. H. Wong""""M. A. Almekhlafi""""D. Yavin""}"
author_list,140,{J. DA  - May-Jun DO  - 10.4103/1119-3077.130253 DP  - NLM ET  - 2014/04/10 WuQ. ZhaoY. FanY. S. Liao},"{""J. DA  - May-Jun DO  - 10.4103/1119-3077.130253 DP  - NLM ET  - 2014/04/10 Wu""""Q. Zhao""""Y. Fan""""Y. S. Liao""}"
author_list,141,{M. D. BartonJ. SimonJ. E. AxonS. MossS. G. MorrisD. J. TrottS. FuryM. MaiwaldP. GiffardD. JordanP. Southwell},"{""M. D. Barton""""J. Simon""""J. E. Axon""""S. Moss""""S. G. Morris""""D. J. Trott""""S. Fury""""M. Maiwald""""P. Giffard""""D. Jordan""""P. Southwell""}"
author_list,142,{C. C2  - Pmc2827243 C6  - Nihms132141 DA  - Oct DO  - 10.1053/j.gastro.2009660 DP  - NLM ET  - 2009/07/15 Di LorenzoM. SapsS. NurkoP. HymanN. YoussefA. MirandaJ. Cocjin},"{""C. C2  - Pmc2827243 C6  - Nihms132141 DA  - Oct DO  - 10.1053/j.gastro.2009660 DP  - NLM ET  - 2009/07/15 Di Lorenzo""""M. Saps""""S. Nurko""""P. Hyman""""N. Youssef""""A. Miranda""""J. Cocjin""}"
author_list,143,{R. DanielM. T. AnsariL. WeeksS. DoucetteA. TsertsvadzeB. SkidmoreK. SinghL. GaudetM. WalkerS. Tsouros},"{""R. Daniel""""M. T. Ansari""""L. Weeks""""S. Doucette""""A. Tsertsvadze""""B. Skidmore""""K. Singh""""L. Gaudet""""M. Walker""""S. Tsouros""}"
author_list,144,{A. ZylukP. Puchalski},"{""A. Zyluk""""P. Puchalski""}"
author_list,145,{Abdi RasekhJie ChengAli MassumiMichael R UjhelyiVadim LevinMehdi RazaviJames A ColesMargit NemethIlyas Colombowala},"{""Abdi Rasekh""""Jie Cheng""""Ali Massumi""""Michael R Ujhelyi""""Vadim Levin""""Mehdi Razavi""""James A Coles""""Margit Nemeth""""Ilyas Colombowala""}"
author_list,146,{W. T. YuS. YangY. TangB. WuJ. X. Zhou},"{""W. T. Yu""""S. Yang""""Y. Tang""""B. Wu""""J. X. Zhou""}"
author_list,147,{Yong-Kyun KimTae Yoong JeongWon Hyuk ChangSang Chul LeeJeong-Gyu YoonDong Suk Kim},"{""Yong-Kyun Kim""""Tae Yoong Jeong""""Won Hyuk Chang""""Sang Chul Lee""""Jeong-Gyu Yoon""""Dong Suk Kim""}"
author_list,148,{O. H. SimonsenS. T. SkouH. Thomsen},"{""O. H. Simonsen""""S. T. Skou""""H. Thomsen""}"
author_list,149,{A M MulekarB J Vakiland},"{""A M Mulekar""""B J Vakiland""}"
author_list,150,{Fred W Benenati},"{""Fred W Benenati""}"
author_list,151,{K. Nguz},"{""K. Nguz""}"
author_list,152,{Vincent J P Van HeuvenNiels O SchillerJurriaan Witteman},"{""Vincent J P Van Heuven""""Niels O Schiller""""Jurriaan Witteman""}"
author_list,153,{R R van RijnS G F Robben},"{""R R van Rijn""""S G F Robben""}"
author_list,154,{G. AbrahamJr. Fromm R. E.P. E. MarikJ. VaronP. Careau},"{""G. Abraham""""Jr. Fromm R. E.""""P. E. Marik""""J. Varon""""P. Careau""}"
author_list,155,{M.M.P. YangS.H. KokG.T.C. Lee},"{""M.M.P. Yang""""S.H. Kok""""G.T.C. Lee""}"
author_list,156,{D KalinaS de RibaupierreO VernetP -F LeyvrazB RillietB Cavin},"{""D Kalina""""S de Ribaupierre""""O Vernet""""P -F Leyvraz""""B Rilliet""""B Cavin""}"
author_list,157,{S. KatoM. IshidaH. Sakuma},"{""S. Kato""""M. Ishida""""H. Sakuma""}"
author_list,158,{Debbi Ann Morrissette},"{""Debbi Ann Morrissette""}"
author_list,159,{D Chochol���R ChaloupkaB KalaJ GalloM Netval},"{""D Chochol���""""R Chaloupka""""B Kala""""J Gallo""""M Netval""}"
author_list,160,{K. MantsopoulosC. BohrF. Hebel},"{""K. Mantsopoulos""""C. Bohr""""F. Hebel""}"
author_list,161,{Pakenham K.I.Fitzell A.},"{""Pakenham K.I.""""Fitzell A.""}"
author_list,162,{Maharudrappa BasnakerSatish BnvsSrikala Sp},"{""Maharudrappa Basnaker""""Satish Bnvs""""Srikala Sp""}"
author_list,163,{K. Y. TsengH. F. HuangK. I. ChengH. T. HsuP. Y. ChangY. C. ChenI. C. Lu},"{""K. Y. Tseng""""H. F. Huang""""K. I. Cheng""""H. T. Hsu""""P. Y. Chang""""Y. C. Chen""""I. C. Lu""}"
author_list,164,{Alan David WidgerowLaurence A. DB  - c8h DO  - 22101481 DP  - EBSCOhost Chait},"{""Alan David Widgerow""""Laurence A. DB  - c8h DO  - 22101481 DP  - EBSCOhost Chait""}"
author_list,165,{M SchmidR SalatiP E BianchiA M BezzinaC Barone},"{""M Schmid""""R Salati""""P E Bianchi""""A M Bezzina""""C Barone""}"
author_list,166,{S. G. JenkinsT. M. FileD. J. Farrell},"{""S. G. Jenkins""""T. M. File""""D. J. Farrell""}"
author_list,167,{S. McIver},"{""S. McIver""}"
author_list,168,{N R St-PierreD SauvantP SchmidelyJ J Daudin},"{""N R St-Pierre""""D Sauvant""""P Schmidely""""J J Daudin""}"
author_list,169,{J. Kelly AnthonyJane ThomasJosephine Kavanagh},"{""J. Kelly Anthony""""Jane Thomas""""Josephine Kavanagh""}"
author_list,171,{A PhilotheouS R HellerJ JendleM-A GallK K��lendorfG P RossG PerrielloI Pavlic-Renar},"{""A Philotheou""""S R Heller""""J Jendle""""M-A Gall""""K K��lendorf""""G P Ross""""G Perriello""""I Pavlic-Renar""}"
author_list,172,{C. D. SmithJ. E. Skandalakis},"{""C. D. Smith""""J. E. Skandalakis""}"
author_list,173,{Tian-Biao ZhouSi-Lian FangHui-Liu ZhaoGregor P C Drummen},"{""Tian-Biao Zhou""""Si-Lian Fang""""Hui-Liu Zhao""""Gregor P C Drummen""}"
author_list,174,{P. KruszewskiDept of Neurology Trondheim University Hospital L.J. StovnerNorway TrondheimJ. M. ShenTrondheim Norway University HospitalL. J. StovnerTrondheim Dept. of NeurologyAddress CorrespondenceAddresses Author},"{""P. Kruszewski""""Dept of Neurology Trondheim University Hospital L.J. Stovner""""Norway Trondheim""""J. M. Shen""""Trondheim Norway University Hospital""""L. J. Stovner""""Trondheim Dept. of Neurology""""Address Correspondence""""Addresses Author""}"
author_list,175,{Girault GRose RJWeinstein JNBall PAHanscom BFanciullo GJ},"{""Girault G""""Rose RJ""""Weinstein JN""""Ball PA""""Hanscom B""""Fanciullo GJ""}"
author_list,176,{M KatzR ChatterjeeA OatridgeJ B PorterG M Bydder},"{""M Katz""""R Chatterjee""""A Oatridge""""J B Porter""""G M Bydder""}"
author_list,177,{D. C. Heimburger},"{""D. C. Heimburger""}"
author_list,178,{Jianwen CaiJune StevensDenise K. Houston},"{""Jianwen Cai""""June Stevens""""Denise K. Houston""}"
author_list,179,{J van der MeulenJ KluckE van DijkJ H M Straatman},"{""J van der Meulen""""J Kluck""""E van Dijk""""J H M Straatman""}"
author_list,180,{Robert T TrousdaleJ Ryan Martin},"{""Robert T Trousdale""""J Ryan Martin""}"
author_list,181,{T. IsayamaM. CrowtherC. Chai-AdisaksophaW. Lim},"{""T. Isayama""""M. Crowther""""C. Chai-Adisaksopha""""W. Lim""}"
author_list,182,{Michiel A J KompierEtty G A Wielenga-MeijerDani��l H J WigboldusToon W Taris},"{""Michiel A J Kompier""""Etty G A Wielenga-Meijer""""Dani��l H J Wigboldus""""Toon W Taris""}"
author_list,184,{E. H. Hwang},"{""E. H. Hwang""}"
author_list,185,{K. SidneyJ. AntonyA. De CostaA. ShetR. RodriguesS. KrishnamurthyG. D'SouzaK. Arumugam},"{""K. Sidney""""J. Antony""""A. De Costa""""A. Shet""""R. Rodrigues""""S. Krishnamurthy""""G. D'Souza""""K. Arumugam""}"
author_list,186,{J. Robinson-PappS.C. Shin},"{""J. Robinson-Papp""""S.C. Shin""}"
author_list,187,{Pardo-Masferrer J. Murcia M. Soto R. Gonzalez J. Alastuey I. Montemuino S. Ortiz I. Mena A},"{""Pardo-Masferrer J. Murcia M. Soto R. Gonzalez J. Alastuey I. Montemuino S. Ortiz I. Mena A""}"
author_list,188,{H LiKf ChungH LiuSp ZhangM Xu},"{""H Li""""Kf Chung""""H Liu""""Sp Zhang""""M Xu""}"
author_list,189,{Enniati RusliChien-Hui Yang},"{""Enniati Rusli""""Chien-Hui Yang""}"
author_list,190,{S. MalleryJ. Van Dam},"{""S. Mallery""""J. Van Dam""}"
author_list,191,{J. J. CoranT. Koropeckyj-CoxC. L. Arnold},"{""J. J. Coran""""T. Koropeckyj-Cox""""C. L. Arnold""}"
author_list,192,{Lynn M WegnerMichelle M Macias},"{""Lynn M Wegner""""Michelle M Macias""}"
author_list,193,{OR. International Society for Technology in Education EugeneBjorn Norstrom},"{""OR. International Society for Technology in Education Eugene""""Bjorn Norstrom""}"
author_list,194,{Nicola OrsiniSusanna C LarssonAlicja Wolk},"{""Nicola Orsini""""Susanna C Larsson""""Alicja Wolk""}"
author_list,195,{John PetkovSteve BaileySamuel ChalmersMichael HeynenEbonie ScaseMary E Magarey},"{""John Petkov""""Steve Bailey""""Samuel Chalmers""""Michael Heynen""""Ebonie Scase""""Mary E Magarey""}"
author_list,196,{A. R. LomaxP. C. CN  - Pubmed DA  - Mar DO  - 10.1017/s0007114508055608 DP  - NLM ET  - 2008/09/26 Calder},"{""A. R. Lomax""""P. C. CN  - Pubmed DA  - Mar DO  - 10.1017/s0007114508055608 DP  - NLM ET  - 2008/09/26 Calder""}"
author_list,197,{Shao-Cheng LiuChi-Chung WuHsing-Won WangChuan-Hsiang KaoYueng-Hsiang Chu},"{""Shao-Cheng Liu""""Chi-Chung Wu""""Hsing-Won Wang""""Chuan-Hsiang Kao""""Yueng-Hsiang Chu""}"
author_list,198,{Marion HabersackIrmina-Anna GerlichGero Luschin},"{""Marion Habersack""""Irmina-Anna Gerlich""""Gero Luschin""}"
author_list,199,{John M O�_CallaghanRobert D MorganPeter J MorrisSimon R Knight},"{""John M O�_Callaghan""""Robert D Morgan""""Peter J Morris""""Simon R Knight""}"
author_list,200,{R A RobisonJ L NelsonB L RoederB L BecksteadG B SchaaljeJ C CarmenW G PittC M Runyan},"{""R A Robison""""J L Nelson""""B L Roeder""""B L Beckstead""""G B Schaalje""""J C Carmen""""W G Pitt""""C M Runyan""}"
author_list,201,{Thomas Martin DoringMaud PariseGustavo TukamotoEmerson Leandro GasparettoTadeu Takao Almodovar KuboMaurice Vincent},"{""Thomas Martin Doring""""Maud Parise""""Gustavo Tukamoto""""Emerson Leandro Gasparetto""""Tadeu Takao Almodovar Kubo""""Maurice Vincent""}"
author_list,202,{John B. Sell},"{""John B. Sell""}"
author_list,203,{Savvas StafilidisAdamantios Arampatzis},"{""Savvas Stafilidis""""Adamantios Arampatzis""}"
author_list,204,{H. A. P. PolsC. M. van DuijinS. W. J. LambertsI. RietveldA. HofmanJ. A. M. J. L. Janssen},"{""H. A. P. Pols""""C. M. van Duijin""""S. W. J. Lamberts""""I. Rietveld""""A. Hofman""""J. A. M. J. L. Janssen""}"
author_list,205,{Elie A AklGordon GuyattStephen D WalterRita S SuriReem A MustafaGihad E NesrallahRobert M Lindsay},"{""Elie A Akl""""Gordon Guyatt""""Stephen D Walter""""Rita S Suri""""Reem A Mustafa""""Gihad E Nesrallah""""Robert M Lindsay""}"
author_list,206,{J. BhagatwalaW. CaldwellD. H. GuoA. MellorH. ZhuR. CaldwellR. LucasS. J. ParikhY. DongS. SridharY. Dong},"{""J. Bhagatwala""""W. Caldwell""""D. H. Guo""""A. Mellor""""H. Zhu""""R. Caldwell""""R. Lucas""""S. J. Parikh""""Y. Dong""""S. Sridhar""""Y. Dong""}"
author_list,209,{A. L. Warshaw},"{""A. L. Warshaw""}"
author_list,210,{Hiroshi AkimaKazunori NosakaAya TomitaAnthony J BlazevichTakayuki InamiRyosuke AndoKohei Watanabe},"{""Hiroshi Akima""""Kazunori Nosaka""""Aya Tomita""""Anthony J Blazevich""""Takayuki Inami""""Ryosuke Ando""""Kohei Watanabe""}"
author_list,211,{David J RoelfsJoseph E SchwartzEran ShorKarina W Davidson},"{""David J Roelfs""""Joseph E Schwartz""""Eran Shor""""Karina W Davidson""}"
author_list,212,{D MinorsJ WaterhouseG GhirlandaG CostaG Tarondi},"{""D Minors""""J Waterhouse""""G Ghirlanda""""G Costa""""G Tarondi""}"
author_list,213,{C. B. MogensenI. B. JacobsenL. Wiboe},"{""C. B. Mogensen""""I. B. Jacobsen""""L. Wiboe""}"
author_list,215,{Emile E VoestSaskia C C M TeunissenAlexander de GraeffMarija Trajkovic-Vidakovic},"{""Emile E Voest""""Saskia C C M Teunissen""""Alexander de Graeff""""Marija Trajkovic-Vidakovic""}"
author_list,216,{M. M. ParvareshM. HashemiR. SoodiS. NekoozadehS. A. AlemzadehK. G. FalavarjaniM. Modarres},"{""M. M. Parvaresh""""M. Hashemi""""R. Soodi""""S. Nekoozadeh""""S. A. Alemzadeh""""K. G. Falavarjani""""M. Modarres""}"
author_list,218,{S. SlawikA. R. Dixon},"{""S. Slawik""""A. R. Dixon""}"
author_list,219,{D. BuzduceaBuzducea Cohen Johnson Lazar Lazar Lejars Lyon Marin McDowell Mardarescu O'Leary Paxton Wood BergerF. LazarE. I. Mardare},"{""D. Buzducea""""Buzducea Cohen Johnson Lazar Lazar Lejars Lyon Marin McDowell Mardarescu O'Leary Paxton Wood Berger""""F. Lazar""""E. I. Mardare""}"
author_list,220,{E. FrankL.D. TorresD. KupferK.L. HarknessJ. GuillaumotJ.E. RobertsS.M. Monroe},"{""E. Frank""""L.D. Torres""""D. Kupfer""""K.L. Harkness""""J. Guillaumot""""J.E. Roberts""""S.M. Monroe""}"
author_list,221,{R TelloK KandarpaR F MundenS HootonR Pugatch},"{""R Tello""""K Kandarpa""""R F Munden""""S Hooton""""R Pugatch""}"
author_list,222,{I. RobertsE. HeitmanC. DiguiseppiT. Dinh-Zarr},"{""I. Roberts""""E. Heitman""""C. Diguiseppi""""T. Dinh-Zarr""}"
author_list,223,{O. A. LadipoJ. C. Konje},"{""O. A. Ladipo""""J. C. Konje""}"
author_list,224,{S. McCormickB. GillisA. VirusM. A. StatenC. MobleyS. L. VolpeJ. BridgmanL. El ghormliD. D. StadlerJ. Hartstein},"{""S. McCormick""""B. Gillis""""A. Virus""""M. A. Staten""""C. Mobley""""S. L. Volpe""""J. Bridgman""""L. El ghormli""""D. D. Stadler""""J. Hartstein""}"
author_list,227,{Thomas SchererJose M GarciaVictor PapushaJi-an ChenMark AsnicarJoanna SmiechowskaBobby GuilloryChristoph BuettnerRoy G SmithAnriada Nassif},"{""Thomas Scherer""""Jose M Garcia""""Victor Papusha""""Ji-an Chen""""Mark Asnicar""""Joanna Smiechowska""""Bobby Guillory""""Christoph Buettner""""Roy G Smith""""Anriada Nassif""}"
author_list,228,{D M Aboulafia},"{""D M Aboulafia""}"
author_list,229,{Marcie W. HandlerJames K. LuiselliJennifer A. Mautone},"{""Marcie W. Handler""""James K. Luiselli""""Jennifer A. Mautone""}"
author_list,231,{C. G. Mendez},"{""C. G. Mendez""}"
author_list,232,{E SennevilleH MelliezV LoviC JosephM DouaudM PradierT BoyerA MeybeckL Fortin-Lebraud},"{""E Senneville""""H Melliez""""V Lovi""""C Joseph""""M Douaud""""M Pradier""""T Boyer""""A Meybeck""""L Fortin-Lebraud""}"
author_list,233,{Andrew Paul Baranowski},"{""Andrew Paul Baranowski""}"
author_list,234,{K. C. McDermottJ. L. BlomquistV. L. HandaE. C. Evers},"{""K. C. McDermott""""J. L. Blomquist""""V. L. Handa""""E. C. Evers""}"
author_list,235,{Benjamin ZendejasStanley J HamstraRose HatalaDavid A CookAmy T WangJason H SzostekPatricia J ErwinRyan Brydges},"{""Benjamin Zendejas""""Stanley J Hamstra""""Rose Hatala""""David A Cook""""Amy T Wang""""Jason H Szostek""""Patricia J Erwin""""Ryan Brydges""}"
author_list,236,{Jae Jun LeeSang Yong SongSoomin AhnYoung Lyun OhJi-Youn SungChang Ohk SungYoo-Young Lee},"{""Jae Jun Lee""""Sang Yong Song""""Soomin Ahn""""Young Lyun Oh""""Ji-Youn Sung""""Chang Ohk Sung""""Yoo-Young Lee""}"
author_list,237,{Andreas M���_ggeChristoph HanefeldRainer H B���ger[Collective Name] CARDIAC study investigators},"{""Andreas M���_gge""""Christoph Hanefeld""""Rainer H B���ger""""[Collective Name] CARDIAC study investigators""}"
author_list,238,{R M JonesP Conzen},"{""R M Jones""""P Conzen""}"
author_list,239,{C. MillsS. DalkinJ. GreenhalghC. WoodL. WoodJ. WrightE. GibbonsN. BlackJ. M. ValderasR. PawsonD. Meads},"{""C. Mills""""S. Dalkin""""J. Greenhalgh""""C. Wood""""L. Wood""""J. Wright""""E. Gibbons""""N. Black""""J. M. Valderas""""R. Pawson""""D. Meads""}"
author_list,240,{L RamosS Mathur�_nA MateoC L�_pezC G�_mez},"{""L Ramos""""S Mathur�_n""""A Mateo""""C L�_pez""""C G�_mez""}"
author_list,241,{Glen M BlakeTim D SpectorIgnac FogelmanUsha Chinappen-Horsley},"{""Glen M Blake""""Tim D Spector""""Ignac Fogelman""""Usha Chinappen-Horsley""}"
author_list,242,{R WebsterE SpeziS MukherjeeR AdamsS GwynneJ StaffurthB Coles},"{""R Webster""""E Spezi""""S Mukherjee""""R Adams""""S Gwynne""""J Staffurth""""B Coles""}"
author_list,243,{Anders HallingH̴kan OdebergHenrik ForssellJacob OdebergMarie-Louise PerssonLennart R̴stamIvar VaaraUlf LindbladMichael Freitag},"{""Anders Halling""""H̴kan Odeberg""""Henrik Forssell""""Jacob Odeberg""""Marie-Louise Persson""""Lennart R̴stam""""Ivar Vaara""""Ulf Lindblad""""Michael Freitag""}"
author_list,244,{Patil S.Horobin H.},"{""Patil S.""""Horobin H.""}"
author_list,245,{A BrandJ Van der HeydenS de VironH Van OyenN Malats},"{""A Brand""""J Van der Heyden""""S de Viron""""H Van Oyen""""N Malats""}"
author_list,246,{Mushro ANiaura R SGraham A LCobb N KFang YCha S},"{""Mushro A""""Niaura R S""""Graham A L""""Cobb N K""""Fang Y""""Cha S""}"
author_list,247,{Ramune GrambaiteAnders M FjellTormod FladbyKristine B WalhovdVidar StensetIvar Reinvang},"{""Ramune Grambaite""""Anders M Fjell""""Tormod Fladby""""Kristine B Walhovd""""Vidar Stenset""""Ivar Reinvang""}"
author_list,248,{Luiz Rog̩rio de Carvalho OliveiraNilza Aparecida Almeida de CarvalhoFl��vio C L Cavalcanti Ara̼joIzabela Menezes PagottoPaulo Chiavone},"{""Luiz Rog̩rio de Carvalho Oliveira""""Nilza Aparecida Almeida de Carvalho""""Fl��vio C L Cavalcanti Ara̼jo""""Izabela Menezes Pagotto""""Paulo Chiavone""}"
author_list,249,{Qiong ChenWei FanQianhong MaZhongying HuangZhun XiaoShangwei Li},"{""Qiong Chen""""Wei Fan""""Qianhong Ma""""Zhongying Huang""""Zhun Xiao""""Shangwei Li""}"
author_list,250,{Lemack G.E.},"{""Lemack G.E.""}"
author_list,251,{E. MainardiG. MoscatoA. MontanelliM. DottiR. Nano},"{""E. Mainardi""""G. Moscato""""A. Montanelli""""M. Dotti""""R. Nano""}"
author_list,252,{A. K. MarceeS. P. RoatenJ. B. MorrowK. J. KowalskeL. E. SnellL. L. Goetz},"{""A. K. Marcee""""S. P. Roaten""""J. B. Morrow""""K. J. Kowalske""""L. E. Snell""""L. L. Goetz""}"
author_list,253,{Address CorrespondenceS. KarimifardAddresses Authorahmadian@sina.tums.ac.ir Tehran Medical PhysicsTehran Medical PhysicsDepartment of Biomedical Systems S. KarimifardTums Tehran Iran Email University of Medical SciencesA. AhmadianTums Tehran Iran University of Medical SciencesSystems Department of Biomedical},"{""Address Correspondence""""S. Karimifard""""Addresses Author""""ahmadian@sina.tums.ac.ir """"Tehran Medical Physics""""Tehran Medical Physics""""Department of Biomedical Systems S. Karimifard""""Tums Tehran Iran Email University of Medical Sciences""""A. Ahmadian""""Tums Tehran Iran University of Medical Sciences""""Systems Department of Biomedical""}"
author_list,254,{J. E. Wennberg},"{""J. E. Wennberg""}"
author_list,255,{V YoutananukornP Mantangkasombut},"{""V Youtananukorn""""P Mantangkasombut""}"
author_list,256,{Dalia ElimamKeith A WebsterAhmed OmranFei YinLina A Shehadeh},"{""Dalia Elimam""""Keith A Webster""""Ahmed Omran""""Fei Yin""""Lina A Shehadeh""}"
author_list,257,{Jia-rui PuDan LiDe-hua YangLi-duan ZhengXiao-dan ZhengHong MeiXuan XiangQiang-song Tong},"{""Jia-rui Pu""""Dan Li""""De-hua Yang""""Li-duan Zheng""""Xiao-dan Zheng""""Hong Mei""""Xuan Xiang""""Qiang-song Tong""}"
author_list,258,{J. FalkinghamM. EvandrouA. VlachantoniJ. Robards},"{""J. Falkingham""""M. Evandrou""""A. Vlachantoni""""J. Robards""}"
author_list,259,{Sarah H O'BrienMarisa TucciAntonio Rodriguez NunezPhilip C SpinellaLi QinEdward Vincent S FaustinoAdrienne G RandolphEdward TruemperSimon LiKimberly MarohnSheila HansonMichael Yung[Collective Name] PROphylaxis against ThRombosis prACTice (PROTRACT) Study Investigators of the PALISI BloodNet},"{""Sarah H O'Brien""""Marisa Tucci""""Antonio Rodriguez Nunez""""Philip C Spinella""""Li Qin""""Edward Vincent S Faustino""""Adrienne G Randolph""""Edward Truemper""""Simon Li""""Kimberly Marohn""""Sheila Hanson""""Michael Yung""""[Collective Name] PROphylaxis against ThRombosis prACTice (PROTRACT) Study Investigators of the PALISI BloodNet""}"
author_list,260,{E. A. MartinL. F. CostaH. LiY. ZhangM. P. VianaS. M. RafelskiW. F. Marshall},"{""E. A. Martin""""L. F. Costa""""H. Li""""Y. Zhang""""M. P. Viana""""S. M. Rafelski""""W. F. Marshall""}"
author_list,261,{DeLosh ELBugg JMClegg BA},"{""DeLosh EL""""Bugg JM""""Clegg BA""}"
author_list,262,{C.P. RichterL.H. Riley Jr.},"{""C.P. Richter""""L.H. Riley Jr.""}"
author_list,263,{P E GoretzkiB J LammersT Otto},"{""P E Goretzki""""B J Lammers""""T Otto""}"
author_list,264,{J. RobinsonD. W. SmithB. ColwellS. L. StevensC. McMillan},"{""J. Robinson""""D. W. Smith""""B. Colwell""""S. L. Stevens""""C. McMillan""}"
author_list,265,{H. C. ChenS. M. LinC. L. ChouC. T. YuH. P. KuoC. H. Kuo},"{""H. C. Chen""""S. M. Lin""""C. L. Chou""""C. T. Yu""""H. P. Kuo""""C. H. Kuo""}"
author_list,266,{Justin W TimbieMarcela Horvitz-LennonSharon-Lise T NormandRichard G Frank},"{""Justin W Timbie""""Marcela Horvitz-Lennon""""Sharon-Lise T Normand""""Richard G Frank""}"
author_list,267,{Paola BolliniGiuseppe TibaldiBruce KupelnickCarmine MunizzaSandro Pampallona},"{""Paola Bollini""""Giuseppe Tibaldi""""Bruce Kupelnick""""Carmine Munizza""""Sandro Pampallona""}"
author_list,268,{A. UngkanungdechaC. ChayachindaJ. VeeragulJ. Jisabai},"{""A. Ungkanungdecha""""C. Chayachinda""""J. Veeragul""""J. Jisabai""}"
author_list,269,{D. G. Nezic},"{""D. G. Nezic""}"
author_list,270,{A GreenJ LewisC WorsfoldJ Saranga},"{""A Green""""J Lewis""""C Worsfold""""J Saranga""}"
author_list,271,{Elefteriades J.A.},"{""Elefteriades J.A.""}"
author_list,272,{H. JungkW. MadlaV. SchottstedtT. Alt},"{""H. Jungk""""W. Madla""""V. Schottstedt""""T. Alt""}"
author_list,273,{A. S. LeeS. DaviesP. C. Naik},"{""A. S. Lee""""S. Davies""""P. C. Naik""}"
author_list,274,{R. A. RosenheckJ. TsaiA. S. Mares},"{""R. A. Rosenheck""""J. Tsai""""A. S. Mares""}"
author_list,275,{Lee W.Kirk J.S.Shaheen K.W.Romero R.Hodges A.N.Comstock C.H.},"{""Lee W.""""Kirk J.S.""""Shaheen K.W.""""Romero R.""""Hodges A.N.""""Comstock C.H.""}"
author_list,276,{NCT01413984 },"{""NCT01413984 ""}"
author_list,277,{D. W. Badger},"{""D. W. Badger""}"
author_list,278,{Mark KernKaren DikemanBarbara GrandeMarta KazandjianTerilynn NitschkeStephanie DanielsBenson MasseyReza ShakerCaryn Easterling},"{""Mark Kern""""Karen Dikeman""""Barbara Grande""""Marta Kazandjian""""Terilynn Nitschke""""Stephanie Daniels""""Benson Massey""""Reza Shaker""""Caryn Easterling""}"
author_list,279,{Min ZengYue PanQunyuan ZhangKe-Sheng WangNagesh AragamXuefeng Liu},"{""Min Zeng""""Yue Pan""""Qunyuan Zhang""""Ke-Sheng Wang""""Nagesh Aragam""""Xuefeng Liu""}"
author_list,280,{Ahmad QamarMuhammad ShahidMd. Abdur RahmanAhmed LbathAkhlaq AhmadFaizan Ur RehmanAbdullah MuradBilal Sadiq},"{""Ahmad Qamar""""Muhammad Shahid""""Md. Abdur Rahman""""Ahmed Lbath""""Akhlaq Ahmad""""Faizan Ur Rehman""""Abdullah Murad""""Bilal Sadiq""}"
author_list,281,{Virginia D BucklesAndrew J SaykinEric McDadeStephen P SallowayAaron P SchultzPeter R SchofieldRandall BatemanAdam M BrickmanNick C FoxJohn C MorrisJohn M RingmanChristopher C RowePaul ThompsonClifford JackBeau M AncesAllison M GoateRobert A KoeppeStephen CorreiaJasmeer P ChhatwalCaroline A SullivanAnne M FaganRichard MayeuxDaniel S MarcusTammie L S BenzingerKeith JohnsonReisa A SperlingChengjie Xiong},"{""Virginia D Buckles""""Andrew J Saykin""""Eric McDade""""Stephen P Salloway""""Aaron P Schultz""""Peter R Schofield""""Randall Bateman""""Adam M Brickman""""Nick C Fox""""John C Morris""""John M Ringman""""Christopher C Rowe""""Paul Thompson""""Clifford Jack""""Beau M Ances""""Allison M Goate""""Robert A Koeppe""""Stephen Correia""""Jasmeer P Chhatwal""""Caroline A Sullivan""""Anne M Fagan""""Richard Mayeux""""Daniel S Marcus""""Tammie L S Benzinger""""Keith Johnson""""Reisa A Sperling""""Chengjie Xiong""}"
author_list,282,{R. R. M. BosE. W. HovingM. Wagemakers},"{""R. R. M. Bos""""E. W. Hoving""""M. Wagemakers""}"
author_list,283,{William W ThatcherNormand R St-PierreDale E BaumanJoseph S HoganK Larry SmithRobert J CollierGeorge A MillikenJan K Shearer},"{""William W Thatcher""""Normand R St-Pierre""""Dale E Bauman""""Joseph S Hogan""""K Larry Smith""""Robert J Collier""""George A Milliken""""Jan K Shearer""}"
author_list,284,{Sheu-jen HuangMaiga ChangWen-chi HungJanie Chang},"{""Sheu-jen Huang""""Maiga Chang""""Wen-chi Hung""""Janie Chang""}"
author_list,285,{Ilaria CasettaGerardo IulianoGraziella Filippini},"{""Ilaria Casetta""""Gerardo Iuliano""""Graziella Filippini""}"
author_list,287,{Jasmin AbbasCholpan JasaabuuAndreas Gunter BachAlexey SurovDominik SchrammAndreas Wienke},"{""Jasmin Abbas""""Cholpan Jasaabuu""""Andreas Gunter Bach""""Alexey Surov""""Dominik Schramm""""Andreas Wienke""}"
author_list,288,{N. M. PinheiroR. Almeida-ReisL. OlivaM. A. MartinsM. L. V. OlivaO. A. Theodoro-JuniorE. A. LeickI. F. L. C. Tib̩rioC. M. PradoR. F. RighettiB. T. M. Oliveira},"{""N. M. Pinheiro""""R. Almeida-Reis""""L. Oliva""""M. A. Martins""""M. L. V. Oliva""""O. A. Theodoro-Junior""""E. A. Leick""""I. F. L. C. Tib̩rio""""C. M. Prado""""R. F. Righetti""""B. T. M. Oliveira""}"
author_list,289,{G. RahavG. Regev-YochayI. AbullaishA. ElhamdanyR. MalleyM. RazA. GoralY. RoytmanB. ShainbergM. VaronA. Ziv},"{""G. Rahav""""G. Regev-Yochay""""I. Abullaish""""A. Elhamdany""""R. Malley""""M. Raz""""A. Goral""""Y. Roytman""""B. Shainberg""""M. Varon""""A. Ziv""}"
author_list,290,{M. NiewadaJ. Pawe��skaA. BudajT. MaciochP. Perkowski},"{""M. Niewada""""J. Pawe��ska""""A. Budaj""""T. Macioch""""P. Perkowski""}"
author_list,291,{S IkawaM SudohM SuzukiS MatsubaraM ShiotaK Kawakami},"{""S Ikawa""""M Sudoh""""M Suzuki""""S Matsubara""""M Shiota""""K Kawakami""}"
author_list,292,{Pardis PedramGuang Sun},"{""Pardis Pedram""""Guang Sun""}"
author_list,293,{Narumi TomisawaAkihiro C Yamashita},"{""Narumi Tomisawa""""Akihiro C Yamashita""}"
author_list,294,{Ge H.-Y.Fern��ndez-de-las-Pe̱as C.Yue S.-W.},"{""Ge H.-Y.""""Fern��ndez-de-las-Pe̱as C.""""Yue S.-W.""}"
author_list,295,{M. A. AlbaS. Prieto-GonzalezA. Garcia-MartinezM. C. CidM. ButjosaG. Espigol-FrigoleJ. Hernandez-Rodriguez},"{""M. A. Alba""""S. Prieto-Gonzalez""""A. Garcia-Martinez""""M. C. Cid""""M. Butjosa""""G. Espigol-Frigole""""J. Hernandez-Rodriguez""}"
author_list,296,{Bin HuHong-ju MaoJing ZhaoYing HuangRong-huan YuChao Guan},"{""Bin Hu""""Hong-ju Mao""""Jing Zhao""""Ying Huang""""Rong-huan Yu""""Chao Guan""}"
author_list,297,{T. FoltynieR.A. BarkerS.J.G. LewisC.H. Williams-Gray},"{""T. Foltynie""""R.A. Barker""""S.J.G. Lewis""""C.H. Williams-Gray""}"
author_list,298,{R AsangerP M ShahF M Kahan},"{""R Asanger""""P M Shah""""F M Kahan""}"
author_list,299,{J. F. Murray},"{""J. F. Murray""}"
author_list,300,{Katherine A YeagerSusan Bauer-Wu},"{""Katherine A Yeager""""Susan Bauer-Wu""}"
author_list,301,{J. OskamJ. H. HegemanJ. PalenH. J. DuisP. A. M. Vierhout},"{""J. Oskam""""J. H. Hegeman""""J. Palen""""H. J. Duis""""P. A. M. Vierhout""}"
author_list,302,{D. A. TyurinV. A. BelovD. N. LaikovA. V. AkimovE. Y. Misochko},"{""D. A. Tyurin""""V. A. Belov""""D. N. Laikov""""A. V. Akimov""""E. Y. Misochko""}"
author_list,303,{A. SudoS. IshiguroK. Iida},"{""A. Sudo""""S. Ishiguro""""K. Iida""}"
author_list,304,{Rutherford OMKennedy JSkelton DA},"{""Rutherford OM""""Kennedy J""""Skelton DA""}"
author_list,305,{Costin M.Dumbrav�_ E.L.Postolache P.Cojocaru D.C.},"{""Costin M.""""Dumbrav�_ E.L.""""Postolache P.""""Cojocaru D.C.""}"
author_list,306,{S. PelofskyP. D. Hunter},"{""S. Pelofsky""""P. D. Hunter""}"
author_list,307,{NCT00750412 },"{""NCT00750412 ""}"
author_list,308,{T DelormierA C MacaulayM CargoA M McComberL Potvin},"{""T Delormier""""A C Macaulay""""M Cargo""""A M McComber""""L Potvin""}"
author_list,309,{R H DowlingG M MurphyP B HylemonG FrenchM J VeyseyL A Thomas},"{""R H Dowling""""G M Murphy""""P B Hylemon""""G French""""M J Veysey""""L A Thomas""}"
author_list,310,{Gao YHLin ZYZhang GJZhong NSChen RCGao YTang YLin ZMXu GLi HMGuan WJ},"{""Gao YH""""Lin ZY""""Zhang GJ""""Zhong NS""""Chen RC""""Gao Y""""Tang Y""""Lin ZM""""Xu G""""Li HM""""Guan WJ""}"
author_list,312,{J. P. CegielskiS. P. Althomsons},"{""J. P. Cegielski""""S. P. Althomsons""}"
author_list,313,{Sebastien RacinaisOlivier GirardLars NyboMagni MohrMartin Thomassen},"{""Sebastien Racinais""""Olivier Girard""""Lars Nybo""""Magni Mohr""""Martin Thomassen""}"
author_list,314,{Gary P. WormserAlvin E. Friedman-KienMiguel Sanchez},"{""Gary P. Wormser""""Alvin E. Friedman-Kien""""Miguel Sanchez""}"
author_list,315,{D. D. TownC. P. ChenY. N. SuW. CN  - PubMed DA  - Dec DO  - 10.1016/s1028-4559(10)60117-9 DP  - NLM ET  - 2011/01/05 WangC. W. PanC. C. LeeF. J. TsaiP. C. WuM. C. Huang},"{""D. D. Town""""C. P. Chen""""Y. N. Su""""W. CN  - PubMed DA  - Dec DO  - 10.1016/s1028-4559(10)60117-9 DP  - NLM ET  - 2011/01/05 Wang""""C. W. Pan""""C. C. Lee""""F. J. Tsai""""P. C. Wu""""M. C. Huang""}"
author_list,316,{Qiao-Hong HuZhi-Liang HuangXiao-Ming FanShuang-Xi ChenXiang-Yang SongXiao-Ying Qiu},"{""Qiao-Hong Hu""""Zhi-Liang Huang""""Xiao-Ming Fan""""Shuang-Xi Chen""""Xiang-Yang Song""""Xiao-Ying Qiu""}"
author_list,317,{K. KristenssonL. SvenssonH. B. GreenbergK. Weclewicz},"{""K. Kristensson""""L. Svensson""""H. B. Greenberg""""K. Weclewicz""}"
author_list,318,{R. KernA. PronovostP. Peng},"{""R. Kern""""A. Pronovost""""P. Peng""}"
author_list,319,{Paschal SheeranRichard Cooke},"{""Paschal Sheeran""""Richard Cooke""}"
author_list,320,{Jesper I ReimersSabrina G Elles��eHenrik �� Andersen},"{""Jesper I Reimers""""Sabrina G Elles��e""""Henrik �� Andersen""}"
author_list,321,{Christian T. L. Janssen},"{""Christian T. L. Janssen""}"
author_list,322,{S MuratH AvseverS Y�_kselC S PaksoyB OnderK Kamburoglu},"{""S Murat""""H Avsever""""S Y�_ksel""""C S Paksoy""""B Onder""""K Kamburoglu""}"
author_list,323,{Angel Rosa-Alc����zarAna I Rosa-Alc����zarMarina Iniesta-Sep���lveda},"{""Angel Rosa-Alc����zar""""Ana I Rosa-Alc����zar""""Marina Iniesta-Sep���lveda""}"
author_list,324,{Enie Akhtar Bt NawawiAhlam M Al-KharabshehTsia-Shu Lo},"{""Enie Akhtar Bt Nawawi""""Ahlam M Al-Kharabsheh""""Tsia-Shu Lo""}"
author_list,325,{J. De La CameraM. M. MesfinA. M. KedirG. AmanualT. ArayaI. G. Tareke},"{""J. De La Camera""""M. M. Mesfin""""A. M. Kedir""""G. Amanual""""T. Araya""""I. G. Tareke""}"
author_list,327,{Diana DuroAugusto GouḷoGon̤alo SantosNuno Mendon̤aIsabel SantanaEg�_dio Machado},"{""Diana Duro""""Augusto Gouḷo""""Gon̤alo Santos""""Nuno Mendon̤a""""Isabel Santana""""Eg�_dio Machado""}"
author_list,329,{Bruno VincenziDaniele SantiniGiuseppe ToniniAnna Maria Frezza},"{""Bruno Vincenzi""""Daniele Santini""""Giuseppe Tonini""""Anna Maria Frezza""}"
author_list,331,{Joel W. GrubeJuan A. LunaDavid A. GilderJennifer RobertsDaniel CalacCindy L. EhlersRoland S. Moore},"{""Joel W. Grube""""Juan A. Luna""""David A. Gilder""""Jennifer Roberts""""Daniel Calac""""Cindy L. Ehlers""""Roland S. Moore""}"
author_list,332,{Angela Marie AbbatecolaAndrea CorsonelloSilvia BustacchiniFabrizia LattanzioGiuseppe Paolisso},"{""Angela Marie Abbatecola""""Andrea Corsonello""""Silvia Bustacchini""""Fabrizia Lattanzio""""Giuseppe Paolisso""}"
author_list,333,{Aitken Alderson Anderson Aptekar Backett-Milburn Beazley Becker Bello Berman Billig Bluebond-Langner Borchgrevink Bucholtz Christensen Constantino Cornwall Dell Clark DiCarlo Diprose Douglas Downe Geissler Goodenough Hart James James Jocano Katz Koppitz L AguilarLisa M. Mitchell},"{""Aitken Alderson Anderson Aptekar Backett-Milburn Beazley Becker Bello Berman Billig Bluebond-Langner Borchgrevink Bucholtz Christensen Constantino Cornwall Dell Clark DiCarlo Diprose Douglas Downe Geissler Goodenough Hart James James Jocano Katz Koppitz L Aguilar""""Lisa M. Mitchell""}"
author_list,334,{M. D. JiangZ. J. FanT. Q. DA  - Jul DP  - NLM ET  - 2007/07/17 LiQ. XiaL. WangZ. YuR. M. ZhangF. X. ZhangX. N. YangH. R. Zhang},"{""M. D. Jiang""""Z. J. Fan""""T. Q. DA  - Jul DP  - NLM ET  - 2007/07/17 Li""""Q. Xia""""L. Wang""""Z. Yu""""R. M. Zhang""""F. X. Zhang""""X. N. Yang""""H. R. Zhang""}"
author_list,335,{M EckerbomT Magnusson},"{""M Eckerbom""""T Magnusson""}"
author_list,336,{G VaksmannA VincentelliC FrancartM A CajotG M Brevi̬reF GodartJ M CoulletP DevosC Rey},"{""G Vaksmann""""A Vincentelli""""C Francart""""M A Cajot""""G M Brevi̬re""""F Godart""""J M Coullet""""P Devos""""C Rey""}"
author_list,337,{Carmelo GraffagninoDaiWai M Olson},"{""Carmelo Graffagnino""""DaiWai M Olson""}"
author_list,338,{A. WotherspoonM.M. TajN. HadzicM. BurkeR. HobsonS.E. HeightM. ViskadurakiC.R. Pinkerton},"{""A. Wotherspoon""""M.M. Taj""""N. Hadzic""""M. Burke""""R. Hobson""""S.E. Height""""M. Viskaduraki""""C.R. Pinkerton""}"
author_list,339,{Meletios A DimopoulosNikolaos AnagnostopoulosMarkela P ZorzouAthanasios AnagnostopoulosEleni EfstathiouChristos PoziopoulosGeorge HamilosVassiliki GrigorakiDimitra GikaAthanasios ZomasIrini Xilouri},"{""Meletios A Dimopoulos""""Nikolaos Anagnostopoulos""""Markela P Zorzou""""Athanasios Anagnostopoulos""""Eleni Efstathiou""""Christos Poziopoulos""""George Hamilos""""Vassiliki Grigoraki""""Dimitra Gika""""Athanasios Zomas""""Irini Xilouri""}"
author_list,341,{Stephen E GilmanChaoqiang JiangKar Keung ChengC Mary SchoolingTai Hing LamMichael Y NiGabriel M LeungWeisen Zhang},"{""Stephen E Gilman""""Chaoqiang Jiang""""Kar Keung Cheng""""C Mary Schooling""""Tai Hing Lam""""Michael Y Ni""""Gabriel M Leung""""Weisen Zhang""}"
author_list,342,{W. BodschT. Rommel},"{""W. Bodsch""""T. Rommel""}"
author_list,344,{Renata Vrsalovi����Eva VeronaIva Mihatov-Stefanovi����Biserka Cicak},"{""Renata Vrsalovi����""""Eva Verona""""Iva Mihatov-Stefanovi����""""Biserka Cicak""}"
author_list,346,{S. A. MurrellB. T. MastA. R. Azar},"{""S. A. Murrell""""B. T. Mast""""A. R. Azar""}"
author_list,347,{N D OsgoodT O Tengs},"{""N D Osgood""""T O Tengs""}"
author_list,348,{H WeatherlyD EpsteinJ BurchN WoolacottD JayneD FoxA Baba-Akbari Sari},"{""H Weatherly""""D Epstein""""J Burch""""N Woolacott""""D Jayne""""D Fox""""A Baba-Akbari Sari""}"
author_list,349,{Barbara ZeligsStephen M PetersOnorina Di MitaShahla RiaziHenry YeagerGerman A BenavidesJoseph A Bellanti},"{""Barbara Zeligs""""Stephen M Peters""""Onorina Di Mita""""Shahla Riazi""""Henry Yeager""""German A Benavides""""Joseph A Bellanti""}"
author_list,350,{S. OritaM. TakasoS. OhtoriS. KishidaG. InoueM. SuzukiK. YamauchiN. OchiaiM. YamashitaY. EguchiK. Takahashi},"{""S. Orita""""M. Takaso""""S. Ohtori""""S. Kishida""""G. Inoue""""M. Suzuki""""K. Yamauchi""""N. Ochiai""""M. Yamashita""""Y. Eguchi""""K. Takahashi""}"
author_list,351,{S. SakamotoY. Okumura},"{""S. Sakamoto""""Y. Okumura""}"
author_list,352,{W Odero},"{""W Odero""}"
author_list,353,{M. ThomasE. FairholmeN. NicholsM. George},"{""M. Thomas""""E. Fairholme""""N. Nichols""""M. George""}"
author_list,354,{Franco RovielloDaniele MarrelliCarla VindigniValeria PascaleGiovanni Corso},"{""Franco Roviello""""Daniele Marrelli""""Carla Vindigni""""Valeria Pascale""""Giovanni Corso""}"
author_list,355,{Michiko OsudaSatoshi KazumaMichiaki YamakageShunsuke TachibanaTomo Hayase},"{""Michiko Osuda""""Satoshi Kazuma""""Michiaki Yamakage""""Shunsuke Tachibana""""Tomo Hayase""}"
author_list,356,{D. L. Spangler},"{""D. L. Spangler""}"
author_list,357,{S AroraA ZhanS DonohueE R DorseyK M BiglanV VenkataramanM A Little},"{""S Arora""""A Zhan""""S Donohue""""E R Dorsey""""K M Biglan""""V Venkataraman""""M A Little""}"
author_list,358,{Akin Uz�_mc�_gilMeral Top̤uM Fani BozkurtSinem Akg�_l},"{""Akin Uz�_mc�_gil""""Meral Top̤u""""M Fani Bozkurt""""Sinem Akg�_l""}"
author_list,359,{R. McCandlishS. PetrouJ. HendersonL. Kumiega},"{""R. McCandlish""""S. Petrou""""J. Henderson""""L. Kumiega""}"
author_list,360,{Sauer N.Szecsenyi J.Faber R.Guthrie E.Schaefert R.Herzog W.Boelter R.Wild B.Kaufmann C.Schellberg D.},"{""Sauer N.""""Szecsenyi J.""""Faber R.""""Guthrie E.""""Schaefert R.""""Herzog W.""""Boelter R.""""Wild B.""""Kaufmann C.""""Schellberg D.""}"
author_list,361,{Y Y LeeK E L McColl},"{""Y Y Lee""""K E L McColl""}"
author_list,362,{F. BolandardM. BonninP. DubandJ. E. BazinJ. P. Mission},"{""F. Bolandard""""M. Bonnin""""P. Duband""""J. E. Bazin""""J. P. Mission""}"
author_list,363,{O SerresseC Boudreau-LariviereS GrelierR Zory},"{""O Serresse""""C Boudreau-Lariviere""""S Grelier""""R Zory""}"
author_list,364,{Silke ZimmermannStefan A StachelhausChristiane Hollmann},"{""Silke Zimmermann""""Stefan A Stachelhaus""""Christiane Hollmann""}"
author_list,365,{Marc N. GourevitchJennifer McNeelyDavid StevensJohn RotrosenEllie GrossmanLaura HubenMarc ManseauJoshua D. Lee},"{""Marc N. Gourevitch""""Jennifer McNeely""""David Stevens""""John Rotrosen""""Ellie Grossman""""Laura Huben""""Marc Manseau""""Joshua D. Lee""}"
author_list,366,{Valeria PanebiancoFlavio Barchetti},"{""Valeria Panebianco""""Flavio Barchetti""}"
author_list,367,{Prem RamburuthMassimiliano Tani},"{""Prem Ramburuth""""Massimiliano Tani""}"
author_list,368,{H FukudaH KasudaJ SaitohH MitsuhataY HirabayashiK SaitohR Shimizu},"{""H Fukuda""""H Kasuda""""J Saitoh""""H Mitsuhata""""Y Hirabayashi""""K Saitoh""""R Shimizu""}"
author_list,369,{B. RossiA. PiccioliG. MaccauroL. ScaramuzzoF. FrenosR. Capanna},"{""B. Rossi""""A. Piccioli""""G. Maccauro""""L. Scaramuzzo""""F. Frenos""""R. Capanna""}"
author_list,370,{Carey E. Andrzejewski},"{""Carey E. Andrzejewski""}"
author_list,371,{O WidholmA M LehtinenJ Hovorka},"{""O Widholm""""A M Lehtinen""""J Hovorka""}"
author_list,372,{Waleed AlhazzaniLehana ThabaneDeborah J CookWojciech SzczeklikAnees SindiQi ZhouSultan AltayyarAnna WludarczykGordon H Guyatt[Collective Name] Fluids in Sepsis and Septic Shock GroupMichael WangGuowei LiRoman JaeschkeDiane Heels-AnsdellAlison Fox-RobichaudBram RochwergFayez AlshamsiWang-Chun IpDjillali AnnaneLawrence Mbuagbaw},"{""Waleed Alhazzani""""Lehana Thabane""""Deborah J Cook""""Wojciech Szczeklik""""Anees Sindi""""Qi Zhou""""Sultan Altayyar""""Anna Wludarczyk""""Gordon H Guyatt""""[Collective Name] Fluids in Sepsis and Septic Shock Group""""Michael Wang""""Guowei Li""""Roman Jaeschke""""Diane Heels-Ansdell""""Alison Fox-Robichaud""""Bram Rochwerg""""Fayez Alshamsi""""Wang-Chun Ip""""Djillali Annane""""Lawrence Mbuagbaw""}"
author_list,373,{W. YuR. PaganiL. Huang},"{""W. Yu""""R. Pagani""""L. Huang""}"
author_list,374,{C. W. Belter},"{""C. W. Belter""}"
author_list,375,{David B. Finkelstein},"{""David B. Finkelstein""}"
author_list,376,{Qiang HuangYang WuZhi Qiang ZhuWei LiangFeng ShaoHan Hui Yao},"{""Qiang Huang""""Yang Wu""""Zhi Qiang Zhu""""Wei Liang""""Feng Shao""""Han Hui Yao""}"
author_list,377,{A.D. NimbarteJ.A. Sivak-CallcottaC.A. Mancinelli},"{""A.D. Nimbarte""""J.A. Sivak-Callcotta""""C.A. Mancinelli""}"
author_list,378,{Talal IbrahimMohamad Al TannirImad M TleyjehAbed AllehibiMusa A GarbatiAbdur Rahman KhanMuhammad RiazAlex J SuttonLarry M BaddourFaisal A AlasmariMushabab AlGhamdiAref A Bin AbdulhakPatricia J Erwin},"{""Talal Ibrahim""""Mohamad Al Tannir""""Imad M Tleyjeh""""Abed Allehibi""""Musa A Garbati""""Abdur Rahman Khan""""Muhammad Riaz""""Alex J Sutton""""Larry M Baddour""""Faisal A Alasmari""""Mushabab AlGhamdi""""Aref A Bin Abdulhak""""Patricia J Erwin""}"
author_list,379,{C. Y. YangT. N. WangH. F. ChiuC. H. LeeJ. F. ChiuY. C. Ko},"{""C. Y. Yang""""T. N. Wang""""H. F. Chiu""""C. H. Lee""""J. F. Chiu""""Y. C. Ko""}"
author_list,381,{Michael J PaechStephan A SchugBhavesh PatelThomas Ledowski},"{""Michael J Paech""""Stephan A Schug""""Bhavesh Patel""""Thomas Ledowski""}"
author_list,382,{D N Levine},"{""D N Levine""}"
author_list,383,{Shinya KondoTomoo Miyagawa},"{""Shinya Kondo""""Tomoo Miyagawa""}"
author_list,385,{T ReinholdF M�_ller-RiemenschneiderS N Willich},"{""T Reinhold""""F M�_ller-Riemenschneider""""S N Willich""}"
author_list,386,{B. A. MoedS. M. DoyleA. V. NeroK. L. RevzanM. B. SchwehrR. G. SextroW. W. Nazaroff},"{""B. A. Moed""""S. M. Doyle""""A. V. Nero""""K. L. Revzan""""M. B. Schwehr""""R. G. Sextro""""W. W. Nazaroff""}"
author_list,387,{Bafna Bassler Blarney Coleman Hillier Kerr Kerr Kerr Livingston Marshall Pauls Peponis Pikora Stokols Templer Zimring AndersenGayle Nicoll},"{""Bafna Bassler Blarney Coleman Hillier Kerr Kerr Kerr Livingston Marshall Pauls Peponis Pikora Stokols Templer Zimring Andersen""""Gayle Nicoll""}"
author_list,388,{Durstine JLMayo KMartin SLKirkner GJMatthews CEHebert JR},"{""Durstine JL""""Mayo K""""Martin SL""""Kirkner GJ""""Matthews CE""""Hebert JR""}"
author_list,390,{C. S. Berry-CabanL. BowersS. Wallgren},"{""C. S. Berry-Caban""""L. Bowers""""S. Wallgren""}"
author_list,391,{D J BrunoB S BloomR JayadevappaD Y Maman},"{""D J Bruno""""B S Bloom""""R Jayadevappa""""D Y Maman""}"
author_list,392,{W C KnowlerP J SavageP H BennettD J Pettitt},"{""W C Knowler""""P J Savage""""P H Bennett""""D J Pettitt""}"
author_list,393,{J AranaE RezolaA VillanuevaM I IntxaurrondoM Su̱olI EizaguirreJ Garay},"{""J Arana""""E Rezola""""A Villanueva""""M I Intxaurrondo""""M Su̱ol""""I Eizaguirre""""J Garay""}"
author_list,394,{Eunice Fabiani HillesheinLiana LautertKarine Kummer Gemelli},"{""Eunice Fabiani Hilleshein""""Liana Lautert""""Karine Kummer Gemelli""}"
author_list,395,{S. GouinJ. GravelM. RoyD. LebelT.-T. Vo},"{""S. Gouin""""J. Gravel""""M. Roy""""D. Lebel""""T.-T. Vo""}"
author_list,396,{Julia Dawn JonesTouran Heidi KeenPeter Sze Chai WongReza AshrafiOmer KhanzadaDerek Richard RobinsonUpul Wickramarachchi},"{""Julia Dawn Jones""""Touran Heidi Keen""""Peter Sze Chai Wong""""Reza Ashrafi""""Omer Khanzada""""Derek Richard Robinson""""Upul Wickramarachchi""}"
author_list,397,{A RezqD CovelloC GodinoM MontorfanoA Colombo},"{""A Rezq""""D Covello""""C Godino""""M Montorfano""""A Colombo""}"
author_list,398,{Pyung Bok LeeFrancis Sahngun NahmHyung Seok YooChul Joong Lee},"{""Pyung Bok Lee""""Francis Sahngun Nahm""""Hyung Seok Yoo""""Chul Joong Lee""}"
author_list,399,{Patwardhan S.K.Bodas K.S.Gundewar S.S.},"{""Patwardhan S.K.""""Bodas K.S.""""Gundewar S.S.""}"
author_list,400,{Zhongsheng SunHuajing TengTao CaiXusheng HuangPing YuFang CuiZhaohui ChenFengbiao MaoWanshi CaiZhanjun WangLin ChenJiesi Wang},"{""Zhongsheng Sun""""Huajing Teng""""Tao Cai""""Xusheng Huang""""Ping Yu""""Fang Cui""""Zhaohui Chen""""Fengbiao Mao""""Wanshi Cai""""Zhanjun Wang""""Lin Chen""""Jiesi Wang""}"
author_list,401,{N. Wilson},"{""N. Wilson""}"
author_list,402,{Akikazu IshiharaMaxey L WellmanAndrea R BarnabaAlicia L BertonePeter M KanterRebecca A SchwarzeMichael L SchmallRon L GenoveseLisa J ZekasKatharine B Lewis},"{""Akikazu Ishihara""""Maxey L Wellman""""Andrea R Barnaba""""Alicia L Bertone""""Peter M Kanter""""Rebecca A Schwarze""""Michael L Schmall""""Ron L Genovese""""Lisa J Zekas""""Katharine B Lewis""}"
author_list,403,{Birgit Schulze-EhlersAchim SpillerNina SteffenGesa Busch},"{""Birgit Schulze-Ehlers""""Achim Spiller""""Nina Steffen""""Gesa Busch""}"
author_list,404,{S. LivesayS.D. Ruppert},"{""S. Livesay""""S.D. Ruppert""}"
author_list,405,{R F HofsteinJ M MottT L BarreraE J Teng},"{""R F Hofstein""""J M Mott""""T L Barrera""""E J Teng""}"
author_list,406,{H H FiebigK MrossR VelagapudiW E BerdelC UngerI M von Broen},"{""H H Fiebig""""K Mross""""R Velagapudi""""W E Berdel""""C Unger""""I M von Broen""}"
author_list,407,{P. GluszkoA. Bielinska},"{""P. Gluszko""""A. Bielinska""}"
author_list,408,{Kenichi KokuboTaro KamisasanukiKengo HayashiKenichiro KasaiNobutada Katori},"{""Kenichi Kokubo""""Taro Kamisasanuki""""Kengo Hayashi""""Kenichiro Kasai""""Nobutada Katori""}"
author_list,409,{A. G. Della ValleM. ButtaroG. SlullitelR. VestriF. CombaF. CN  - CINAHL_postop_care_150220 DB  - c8h DP  - EBSCOhost Piccaluga},"{""A. G. Della Valle""""M. Buttaro""""G. Slullitel""""R. Vestri""""F. Comba""""F. CN  - CINAHL_postop_care_150220 DB  - c8h DP  - EBSCOhost Piccaluga""}"
author_list,410,{W. J. SchnedlR. W. LippG. Leitner},"{""W. J. Schnedl""""R. W. Lipp""""G. Leitner""}"
author_list,411,{J. DO  - 000268051 [pii] 10.1159/000268051 [doi] DP  - Nlm ET  - 2009/12/24 RizviF. H. Nawaz},"{""J. DO  - 000268051 [pii] 10.1159/000268051 [doi] DP  - Nlm ET  - 2009/12/24 Rizvi""""F. H. Nawaz""}"
author_list,412,{Reva Kasman},"{""Reva Kasman""}"
author_list,413,{Sebastian Paul Suggate},"{""Sebastian Paul Suggate""}"
author_list,414,{Andrew J WinzelbergHeidi RobertsC Barr TaylorCatherine ClassenHeidemarie ErnstCheryl KoopmanRobert E AdamsGeorg W AlpersParvati DevD Ph},"{""Andrew J Winzelberg""""Heidi Roberts""""C Barr Taylor""""Catherine Classen""""Heidemarie Ernst""""Cheryl Koopman""""Robert E Adams""""Georg W Alpers""""Parvati Dev""""D Ph""}"
author_list,416,{Gary ChisholmEduardo BrueraSwati BansalDavid HuiRony DevMargarita Morgado},"{""Gary Chisholm""""Eduardo Bruera""""Swati Bansal""""David Hui""""Rony Dev""""Margarita Morgado""}"
author_list,417,{C J LangerJ OrsiniJ K HonS R DakhilM F RenschlerR D PageV HirshH ZhangI OkamotoM A Socinski},"{""C J Langer""""J Orsini""""J K Hon""""S R Dakhil""""M F Renschler""""R D Page""""V Hirsh""""H Zhang""""I Okamoto""""M A Socinski""}"
author_list,418,{J M Teno},"{""J M Teno""}"
author_list,419,{Deepika and Leibowitz Keith and Gowda Ramesh M. and Shapiro Michael and Khan Ijaz A. Misra},"{""Deepika and Leibowitz Keith and Gowda Ramesh M. and Shapiro Michael and Khan Ijaz A. Misra""}"
author_list,421,{A.U. MonschM. TolnayK.I. TaylorA. ProbstA.R. Miserez},"{""A.U. Monsch""""M. Tolnay""""K.I. Taylor""""A. Probst""""A.R. Miserez""}"
author_list,422,{J J SALLEY},"{""J J SALLEY""}"
author_list,423,{B. E. PerronQ. FuL. T. WuM. G. Vaughn},"{""B. E. Perron""""Q. Fu""""L. T. Wu""""M. G. Vaughn""}"
author_list,424,{D. A. PaulR. G. LockeL. SaimanD. TuttleA. NovitskyA. Mackley},"{""D. A. Paul""""R. G. Locke""""L. Saiman""""D. Tuttle""""A. Novitsky""""A. Mackley""}"
author_list,425,{M. D. SchmittnerA. JankeD. G. BussenG. C. BeckC. Weiss},"{""M. D. Schmittner""""A. Janke""""D. G. Bussen""""G. C. Beck""""C. Weiss""}"
author_list,426,{R. V. IyerG. M. WoodsE. VichinskyT. R. KinneyJ. I. VerterS. T. MillerC. T. HolbrookC. H. PegelowJ. M. FallettaG. R. Buchanan},"{""R. V. Iyer""""G. M. Woods""""E. Vichinsky""""T. R. Kinney""""J. I. Verter""""S. T. Miller""""C. T. Holbrook""""C. H. Pegelow""""J. M. Falletta""""G. R. Buchanan""}"
author_list,428,{Serkan DurduAhmet R���_���han AkarG���_nseli Cubuk���uo����lu Deniz},"{""Serkan Durdu""""Ahmet R���_���han Akar""""G���_nseli Cubuk���uo����lu Deniz""}"
author_list,430,{K. TamakiA. G. C��larS. BeyrerH. Aoki},"{""K. Tamaki""""A. G. C��lar""""S. Beyrer""""H. Aoki""}"
author_list,431,{R F CastienJ van Wagenberg},"{""R F Castien""""J van Wagenberg""}"
author_list,432,{N. SmithB. MilneM. ZeniosM. RamachandranD. Little},"{""N. Smith""""B. Milne""""M. Zenios""""M. Ramachandran""""D. Little""}"
author_list,433,{W. RottbauerV. HombachS. StillerP. BernhardtD. Walcher},"{""W. Rottbauer""""V. Hombach""""S. Stiller""""P. Bernhardt""""D. Walcher""}"
author_list,434,{W. FrehnerS. AeschbacherL. RischT. SchonM. RischG. PareD. Conen},"{""W. Frehner""""S. Aeschbacher""""L. Risch""""T. Schon""""M. Risch""""G. Pare""""D. Conen""}"
author_list,435,{S. ChristenQ. JiangB. N. AmesM. K. Shigenaga},"{""S. Christen""""Q. Jiang""""B. N. Ames""""M. K. Shigenaga""}"
author_list,436,{J. NaesdalM. DanilewitzJ. AdlerD. G. DA  - Oct DO  - 10.1111/j.1572-0241.20082115.x DP  - NLM ET  - 2008/09/09 SilbergC. HwangD. A. Drossman},"{""J. Naesdal""""M. Danilewitz""""J. Adler""""D. G. DA  - Oct DO  - 10.1111/j.1572-0241.20082115.x DP  - NLM ET  - 2008/09/09 Silberg""""C. Hwang""""D. A. Drossman""}"
author_list,437,{Yi WangYu ZhouRongDang HuXiuYing WangGerald Voli̬re},"{""Yi Wang""""Yu Zhou""""RongDang Hu""""XiuYing Wang""""Gerald Voli̬re""}"
author_list,438,{M. GattiS. BonaccorsiV. Mottier-PavieF. VerniG. Cenci},"{""M. Gatti""""S. Bonaccorsi""""V. Mottier-Pavie""""F. Verni""""G. Cenci""}"
author_list,439,{I. YangJ. StonestreetP. CollinsP. Masel},"{""I. Yang""""J. Stonestreet""""P. Collins""""P. Masel""}"
author_list,440,{M RadererC GedlickaA LenauerD DepischW ScheithauerB SchneeweissW FiebigerF LangG V KornekB Sch���_ll},"{""M Raderer""""C Gedlicka""""A Lenauer""""D Depisch""""W Scheithauer""""B Schneeweiss""""W Fiebiger""""F Lang""""G V Kornek""""B Sch���_ll""}"
author_list,441,{Ahmad A.S.},"{""Ahmad A.S.""}"
author_list,442,{N ZwetyengaA BouaichiS Aimad-EddineB EllaX-A Mommers},"{""N Zwetyenga""""A Bouaichi""""S Aimad-Eddine""""B Ella""""X-A Mommers""}"
author_list,443,{Branislava IvanovicMarijana Tadic},"{""Branislava Ivanovic""""Marijana Tadic""}"
author_list,444,{A. StumpoG. PalmieriM. F. PantusaM. MarascoV. Fuoco},"{""A. Stumpo""""G. Palmieri""""M. F. Pantusa""""M. Marasco""""V. Fuoco""}"
author_list,446,{Frances WilliamsAlehegn GelayeSusan SteigerwaltYara DaloulHadeel AssadTimothy R LarsenBarryton WaanbahMichael Williams},"{""Frances Williams""""Alehegn Gelaye""""Susan Steigerwalt""""Yara Daloul""""Hadeel Assad""""Timothy R Larsen""""Barryton Waanbah""""Michael Williams""}"
author_list,447,{Gaolang GongHua ChengYong HeQi DongHao HuangVirendra Mishra},"{""Gaolang Gong""""Hua Cheng""""Yong He""""Qi Dong""""Hao Huang""""Virendra Mishra""}"
author_list,448,{Department of Electrical F. ZhangElectrical Department ofNational Computer EngineeringSingapore Email elezf nus edu sg University of SingaporeSingapore National University of SingaporeF. ZhangEngineering ComputerAddress CorrespondenceY. LianAddresses Author},"{""Department of Electrical F. Zhang""""Electrical Department of""""National Computer Engineering""""Singapore Email elezf nus edu sg University of Singapore""""Singapore National University of Singapore""""F. Zhang""""Engineering Computer""""Address Correspondence""""Y. Lian""""Addresses Author""}"
author_list,449,{Marie-Pierre GagnonClaude Sicotte��dith-Romy NsangouSonya GrenierJulie Payne-Gagnon},"{""Marie-Pierre Gagnon""""Claude Sicotte""""��dith-Romy Nsangou""""Sonya Grenier""""Julie Payne-Gagnon""}"
author_list,450,{T. WelteR. BusseN. JalilvandC. Krauth},"{""T. Welte""""R. Busse""""N. Jalilvand""""C. Krauth""}"
author_list,451,{H Lee Swanson[Collective Name] Xinhua ZhengOlga Jerman},"{""H Lee Swanson""""[Collective Name] Xinhua Zheng""""Olga Jerman""}"
author_list,452,{A BereketZ HochbergY YavuzH L MullerR H LustigR WeissW KiessA P Goldstone},"{""A Bereket""""Z Hochberg""""Y Yavuz""""H L Muller""""R H Lustig""""R Weiss""""W Kiess""""A P Goldstone""}"
author_list,453,{Chandra Y. and Bains Sujeev S. and Egede Leonard E. Osborn},"{""Chandra Y. and Bains Sujeev S. and Egede Leonard E. Osborn""}"
author_list,454,{Cameron Campbell Johnson},"{""Cameron Campbell Johnson""}"
author_list,455,{M.B. DikshitS. RajeD.S. JajuV.R. Purandare},"{""M.B. Dikshit""""S. Raje""""D.S. Jaju""""V.R. Purandare""}"
author_list,456,{Przemys��aw P SzyberArtur PupkaPiotr SzyberJerzy Garcarek},"{""Przemys��aw P Szyber""""Artur Pupka""""Piotr Szyber""""Jerzy Garcarek""}"
author_list,457,{P. H. JalloE. C. OtohA. MohammedS. O. AjikeN. W. JohnsonI. S. Danfillo},"{""P. H. Jallo""""E. C. Otoh""""A. Mohammed""""S. O. Ajike""""N. W. Johnson""""I. S. Danfillo""}"
author_list,458,{Roger P GoldbergYoram AbramovBarbara GoldenPeter K SandMegan Sullivan},"{""Roger P Goldberg""""Yoram Abramov""""Barbara Golden""""Peter K Sand""""Megan Sullivan""}"
author_list,459,{N. Klauber-DeMoreK. FechoN. R. MillerW. S. BlauS. A. MerrittC. S. Hultman},"{""N. Klauber-DeMore""""K. Fecho""""N. R. Miller""""W. S. Blau""""S. A. Merritt""""C. S. Hultman""}"
author_list,460,{G. E. AyalaA. R. A. AndersonD. BasantaR. B. LuknerO. E. FrancoS. W. HaywardD. E. CliffelD. W. Strand},"{""G. E. Ayala""""A. R. A. Anderson""""D. Basanta""""R. B. Lukner""""O. E. Franco""""S. W. Hayward""""D. E. Cliffel""""D. W. Strand""}"
author_list,461,{Luiza Akiko Komura HogaAna Luisa Zaniboni GomesLuciana Magnoni Reberte},"{""Luiza Akiko Komura Hoga""""Ana Luisa Zaniboni Gomes""""Luciana Magnoni Reberte""}"
author_list,462,{D A LaneS ApostolakisG Y H LipH Buller},"{""D A Lane""""S Apostolakis""""G Y H Lip""""H Buller""}"
author_list,463,{Makbule Gezmen-KaradagAnke OenemaSaskia J te VeldeHilal YildiranMai J M ChinapawJohannes BrugMine YildirimEda KoksalSaniye BiliciNilufer Acar-TekGamze AkbulutNevin SanlierMaartje M van StralenJudith S B de MeijAmika S Singh},"{""Makbule Gezmen-Karadag""""Anke Oenema""""Saskia J te Velde""""Hilal Yildiran""""Mai J M Chinapaw""""Johannes Brug""""Mine Yildirim""""Eda Koksal""""Saniye Bilici""""Nilufer Acar-Tek""""Gamze Akbulut""""Nevin Sanlier""""Maartje M van Stralen""""Judith S B de Meij""""Amika S Singh""}"
author_list,464,{Hilary L. BekkerDavid J. DodwellRosalind F. Collins},"{""Hilary L. Bekker""""David J. Dodwell""""Rosalind F. Collins""}"
author_list,465,{E. HsuS. P. Cohen},"{""E. Hsu""""S. P. Cohen""}"
author_list,466,{T. YamamotoT. TakanoM. TakanoW. HiguchiY. NitaharaK. SaitoD. ShiK. Ozaki},"{""T. Yamamoto""""T. Takano""""M. Takano""""W. Higuchi""""Y. Nitahara""""K. Saito""""D. Shi""""K. Ozaki""}"
author_list,467,{Z. MalekiO. Nikolskaia},"{""Z. Maleki""""O. Nikolskaia""}"
author_list,468,{Jo Finch},"{""Jo Finch""}"
author_list,469,{Nielsen H.O.Edwin B.H�_nerbein M.Hovendal C.Liedman B.Mortensen M.B.},"{""Nielsen H.O.""""Edwin B.""""H�_nerbein M.""""Hovendal C.""""Liedman B.""""Mortensen M.B.""}"
author_list,470,{J. HuntR. A. Powell},"{""J. Hunt""""R. A. Powell""}"
author_list,471,{D. L. UeharaC. NishitaT. TomG. Cardazone},"{""D. L. Uehara""""C. Nishita""""T. Tom""""G. Cardazone""}"
author_list,472,{Lucy BowesBarbara MaughanAvshalom CaspiLouise ArseneaultAlan TaylorTerrie E Moffitt},"{""Lucy Bowes""""Barbara Maughan""""Avshalom Caspi""""Louise Arseneault""""Alan Taylor""""Terrie E Moffitt""}"
author_list,473,{Kai Kupferschmidt},"{""Kai Kupferschmidt""}"
author_list,474,{Alexander AttardJosephine PsailaAdrian ZammitDeborah Grech Marguerat},"{""Alexander Attard""""Josephine Psaila""""Adrian Zammit""""Deborah Grech Marguerat""}"
author_list,475,{Hanan F KhafagyMona M HassanEmad S OsmanFaten M El-ShanawanyAbdel Rahman M FathallahYasser M SamhanGehan G El-Fandy},"{""Hanan F Khafagy""""Mona M Hassan""""Emad S Osman""""Faten M El-Shanawany""""Abdel Rahman M Fathallah""""Yasser M Samhan""""Gehan G El-Fandy""}"
author_list,476,{Bin HeEric C Frey},"{""Bin He""""Eric C Frey""}"
author_list,477,{Yasuhiro KogaKazutake OkadaToru OzakiSotaro SadahiroAkira TanakaToshiyuki SuzukiHiroko Kamata},"{""Yasuhiro Koga""""Kazutake Okada""""Toru Ozaki""""Sotaro Sadahiro""""Akira Tanaka""""Toshiyuki Suzuki""""Hiroko Kamata""}"
author_list,478,{Taek-Soo LeeW Paul SegarsXin HeJing TangBenjamin M W Tsui},"{""Taek-Soo Lee""""W Paul Segars""""Xin He""""Jing Tang""""Benjamin M W Tsui""}"
author_list,479,{Marie-Pierre ChenardNassim Dali-YoucefEmilie BuacheMarie-Christine RioJinxiang Tan},"{""Marie-Pierre Chenard""""Nassim Dali-Youcef""""Emilie Buache""""Marie-Christine Rio""""Jinxiang Tan""}"
author_list,480,{Michael LutherKari KorpilahtiMatti R TarkkaHeini HuhtalaJari LaurikkaJan-Ola WistbackaPertti Loponen},"{""Michael Luther""""Kari Korpilahti""""Matti R Tarkka""""Heini Huhtala""""Jari Laurikka""""Jan-Ola Wistbacka""""Pertti Loponen""}"
author_list,481,{A. RavelliS. Magni-ManzoniA. PistorioM. BandeiraA. MartiniE. SalaA. FalconeA. BuoncompagniN. RupertoA. Loy},"{""A. Ravelli""""S. Magni-Manzoni""""A. Pistorio""""M. Bandeira""""A. Martini""""E. Sala""""A. Falcone""""A. Buoncompagni""""N. Ruperto""""A. Loy""}"
author_list,482,{F. KeefeB. PetersonD. Weiner},"{""F. Keefe""""B. Peterson""""D. Weiner""}"
author_list,483,{Linsenmaier UGeyer LLK���rner MMeisel CDWirth SReiser MF},"{""Linsenmaier U""""Geyer LL""""K���rner M""""Meisel CD""""Wirth S""""Reiser MF""}"
author_list,484,{A StreetC Walsh},"{""A Street""""C Walsh""}"
author_list,485,{T. Sone},"{""T. Sone""}"
author_list,486,{L LenhardtS MozesA Martinkov��},"{""L Lenhardt""""S Mozes""""A Martinkov��""}"
author_list,487,{Janet WebberFiona Liddell},"{""Janet Webber""""Fiona Liddell""}"
author_list,489,{O. CallenderJ. CravenC. Martin},"{""O. Callender""""J. Craven""""C. Martin""}"
author_list,490,{Rudd R.Guez G.Sanders L.M.Baur C.Shaw J.S.},"{""Rudd R.""""Guez G.""""Sanders L.M.""""Baur C.""""Shaw J.S.""}"
author_list,491,{B. VijayalakshmiD. Siva Rama PrasadD. RaveendranathK. Sri Rama MurthyA. Harinatha Reddy},"{""B. Vijayalakshmi""""D. Siva Rama Prasad""""D. Raveendranath""""K. Sri Rama Murthy""""A. Harinatha Reddy""}"
author_list,492,{Salim YusufMartin O'DonnellCraig AndersonIrene MarzonaPeter SleightJeff ProbstfieldAntonio DansPeggy GaoJackie BoschKoon Teo},"{""Salim Yusuf""""Martin O'Donnell""""Craig Anderson""""Irene Marzona""""Peter Sleight""""Jeff Probstfield""""Antonio Dans""""Peggy Gao""""Jackie Bosch""""Koon Teo""}"
author_list,493,{Travis G MaakThomas L WickiewiczVolker MusahlJames E VoosAndrew D Pearle},"{""Travis G Maak""""Thomas L Wickiewicz""""Volker Musahl""""James E Voos""""Andrew D Pearle""}"
author_list,494,{D. J. WeisdorfD. DouekY. TanL. J. BurnsJ. S. MillerB. R. BlazarM. AroraT. DeForM. L. MacMillanM. MarkovaJ. E. WagnerJ. N. BarkerT. Repka},"{""D. J. Weisdorf""""D. Douek""""Y. Tan""""L. J. Burns""""J. S. Miller""""B. R. Blazar""""M. Arora""""T. DeFor""""M. L. MacMillan""""M. Markova""""J. E. Wagner""""J. N. Barker""""T. Repka""}"
author_list,495,{Y HiroseS KurataY Abe},"{""Y Hirose""""S Kurata""""Y Abe""}"
author_list,496,{David L SimelKathryn A MyersMarko Mrkobrada},"{""David L Simel""""Kathryn A Myers""""Marko Mrkobrada""}"
author_list,497,{H. Q. XuM. SnyderS. FyfitchA. ChetaG. BezdikianV. N. ShahT. R. LiszkaiH. CharkasN. GuptaY. ShojiC. S. BajwaC. MayM. SanwarwalaM. BrumovskyI. Ezekoye},"{""H. Q. Xu""""M. Snyder""""S. Fyfitch""""A. Cheta""""G. Bezdikian""""V. N. Shah""""T. R. Liszkai""""H. Charkas""""N. Gupta""""Y. Shoji""""C. S. Bajwa""""C. May""""M. Sanwarwala""""M. Brumovsky""""I. Ezekoye""}"
author_list,498,{B. WeberA. Berger},"{""B. Weber""""A. Berger""}"
author_list,499,{F. ColettaS. D'ArienzoP. SansoneC. AurilioM. C. PaceG. ZagariaR. Stumbo},"{""F. Coletta""""S. D'Arienzo""""P. Sansone""""C. Aurilio""""M. C. Pace""""G. Zagaria""""R. Stumbo""}"
author_list,500,{Richard J. A. Murrin},"{""Richard J. A. Murrin""}"
author_list,501,{S��ren Brostr��mGunnar Lose},"{""S��ren Brostr��m""""Gunnar Lose""}"
author_list,502,{David Dyzenhaus},"{""David Dyzenhaus""}"
author_list,503,{Jennifer Davis-Berman},"{""Jennifer Davis-Berman""}"
author_list,504,{Bashir Jiwani},"{""Bashir Jiwani""}"
author_list,505,{Matsumoto K.Yamada F.Fukuda S.},"{""Matsumoto K.""""Yamada F.""""Fukuda S.""}"
author_list,506,{E A M JanssenC BrodinP OgreidK KjellevoldL G G��ranssonL VattenP R RomundstadR OmdalK Wildhagen},"{""E A M Janssen""""C Brodin""""P Ogreid""""K Kjellevold""""L G G��ransson""""L Vatten""""P R Romundstad""""R Omdal""""K Wildhagen""}"
author_list,507,{M. B. PhilipR. A. Hayward},"{""M. B. Philip""""R. A. Hayward""}"
author_list,508,{H Zakrzewska-Jastrzebska},"{""H Zakrzewska-Jastrzebska""}"
author_list,509,{R. JensenF. G. MatosA. da Cruz DdeP. S. SilveiraM. H. LopesN. R. Ortega},"{""R. Jensen""""F. G. Matos""""A. da Cruz Dde""""P. S. Silveira""""M. H. Lopes""""N. R. Ortega""}"
author_list,510,{Yh HsuMs YaoCs WongCh BaiMy WuYf LinCy HsiangKw TamYw LiHf Hsiang},"{""Yh Hsu""""Ms Yao""""Cs Wong""""Ch Bai""""My Wu""""Yf Lin""""Cy Hsiang""""Kw Tam""""Yw Li""""Hf Hsiang""}"
author_list,511,{J. Slusarski},"{""J. Slusarski""}"
author_list,512,{Ju-Seong KimDong-Seok KimEun-Kyung ParkKyu-Won Shim},"{""Ju-Seong Kim""""Dong-Seok Kim""""Eun-Kyung Park""""Kyu-Won Shim""}"
author_list,513,{Rob M van DamFrank B HuIsao MurakiJoann E MansonFumiaki ImamuraQi SunWalter C Willett},"{""Rob M van Dam""""Frank B Hu""""Isao Muraki""""Joann E Manson""""Fumiaki Imamura""""Qi Sun""""Walter C Willett""}"
author_list,514,{K.L. ArmstrongG.A.M. FinermanK.L. MarkolfM.S. ShapiroJ.R. Slauterbeck},"{""K.L. Armstrong""""G.A.M. Finerman""""K.L. Markolf""""M.S. Shapiro""""J.R. Slauterbeck""}"
author_list,515,{McNeal M.M.Sanchez S.E.Jacob S.Javid P.J.Englund J.A.Horslen S.P.},"{""McNeal M.M.""""Sanchez S.E.""""Jacob S.""""Javid P.J.""""Englund J.A.""""Horslen S.P.""}"
author_list,516,{Eric J LentschJordan Whitney RawlMichael J Caplan},"{""Eric J Lentsch""""Jordan Whitney Rawl""""Michael J Caplan""}"
author_list,517,{Y. WuZ. Y. XiaH. M. LiuS. Q. LeiL. ZhangJ. J. XuB. ZhaoJ. Dou},"{""Y. Wu""""Z. Y. Xia""""H. M. Liu""""S. Q. Lei""""L. Zhang""""J. J. Xu""""B. Zhao""""J. Dou""}"
author_list,518,{Kamel AlhanoutJean-Christophe DubusTalita Mota GoncalvesVeronique AndrieuAlain NicolayDavi Pereira de Santana},"{""Kamel Alhanout""""Jean-Christophe Dubus""""Talita Mota Goncalves""""Veronique Andrieu""""Alain Nicolay""""Davi Pereira de Santana""}"
author_list,519,{Julio S G MontanerKora DebeckEvan WoodThomas KerrEdward J MillsDan Werb},"{""Julio S G Montaner""""Kora Debeck""""Evan Wood""""Thomas Kerr""""Edward J Mills""""Dan Werb""}"
author_list,520,{Wei Gao},"{""Wei Gao""}"
author_list,521,{J R TrottD J MorrowD W Buntine},"{""J R Trott""""D J Morrow""""D W Buntine""}"
author_list,522,{Irena Anna FreiKatharina FierzAngela PoatMartina Gisin},"{""Irena Anna Frei""""Katharina Fierz""""Angela Poat""""Martina Gisin""}"
author_list,523,{A AvenellH H Handoll},"{""A Avenell""""H H Handoll""}"
author_list,524,{James MurphyAmal IsaiahJoshua E LubekJeffrey S Wolf},"{""James Murphy""""Amal Isaiah""""Joshua E Lubek""""Jeffrey S Wolf""}"
author_list,525,{Mitsuyoshi MotizukiKeiji MiyazawaTetsuo KondoKeisuke MasuyamaMasao SaitohHiroki IshiiRyohei KatohKei SakamotoShota Tanaka},"{""Mitsuyoshi Motizuki""""Keiji Miyazawa""""Tetsuo Kondo""""Keisuke Masuyama""""Masao Saitoh""""Hiroki Ishii""""Ryohei Katoh""""Kei Sakamoto""""Shota Tanaka""}"
author_list,526,{Zhi-yuan ZhangWei-liu QiuJia-wei Zheng},"{""Zhi-yuan Zhang""""Wei-liu Qiu""""Jia-wei Zheng""}"
author_list,527,{Jos H VerbeekRob KokJan L HovingFrederieke G SchaafsmaFrank J H van DijkPaul B A Smits},"{""Jos H Verbeek""""Rob Kok""""Jan L Hoving""""Frederieke G Schaafsma""""Frank J H van Dijk""""Paul B A Smits""}"
author_list,528,{M. RigoldiS. GasperiniB. M. Del MenicoF. NichelliA. BonciminoM. CalabriaP. MeregalliR. Parini},"{""M. Rigoldi""""S. Gasperini""""B. M. Del Menico""""F. Nichelli""""A. Boncimino""""M. Calabria""""P. Meregalli""""R. Parini""}"
author_list,529,{Marlon BargEmilio L StreckLara M GomesVanessa M AndradeDaniela D LeffaFelipe Dal-PizzolFabricia PetronilhoFrancieli VuoloMilena Carvalho-SilvaFernanda BalbinotGislaine T Rezin},"{""Marlon Barg""""Emilio L Streck""""Lara M Gomes""""Vanessa M Andrade""""Daniela D Leffa""""Felipe Dal-Pizzol""""Fabricia Petronilho""""Francieli Vuolo""""Milena Carvalho-Silva""""Fernanda Balbinot""""Gislaine T Rezin""}"
author_list,530,{Raffaele De CaterinaGiulia RendaSteen Dalby Kristensen},"{""Raffaele De Caterina""""Giulia Renda""""Steen Dalby Kristensen""}"
author_list,531,{Michelle Firestone},"{""Michelle Firestone""}"
author_list,532,{George Davey SmithAmanda J BennettEleftheria ZegginiMarjo-Riitta JarvelinNicholas J WarehamLorna W HarriesColin N A PalmerShah EbrahimTimothy M FraylingSusan M RingBridget KnightSian EllardKatharine R OwenRachel M FreathyHana LangoDebbie A LawlorLon R CardonJohn R B PerryJeffrey C BarrettAndrew D MorrisGraham A HitmanKatherine S ElliottUlla SovioMark I McCarthyDavid MelzerAlex S F DoneyAndrew R NessYoav Ben-ShlomoAndrew T HattersleyAnn-Marie PatchNicholas J TimpsonNigel W RaynerMark WalkerMichael N WeedonRuth J F LoosFredrik KarpeIn̻s BarrosoLuigi FerrucciChristopher J GrovesCecilia M LindgrenBeverley Shields},"{""George Davey Smith""""Amanda J Bennett""""Eleftheria Zeggini""""Marjo-Riitta Jarvelin""""Nicholas J Wareham""""Lorna W Harries""""Colin N A Palmer""""Shah Ebrahim""""Timothy M Frayling""""Susan M Ring""""Bridget Knight""""Sian Ellard""""Katharine R Owen""""Rachel M Freathy""""Hana Lango""""Debbie A Lawlor""""Lon R Cardon""""John R B Perry""""Jeffrey C Barrett""""Andrew D Morris""""Graham A Hitman""""Katherine S Elliott""""Ulla Sovio""""Mark I McCarthy""""David Melzer""""Alex S F Doney""""Andrew R Ness""""Yoav Ben-Shlomo""""Andrew T Hattersley""""Ann-Marie Patch""""Nicholas J Timpson""""Nigel W Rayner""""Mark Walker""""Michael N Weedon""""Ruth J F Loos""""Fredrik Karpe""""In̻s Barroso""""Luigi Ferrucci""""Christopher J Groves""""Cecilia M Lindgren""""Beverley Shields""}"
author_list,533,{H H̦gerW SieghartT KlausbergerI MilenkovicM VasiljevicD Maurer},"{""H H̦ger""""W Sieghart""""T Klausberger""""I Milenkovic""""M Vasiljevic""""D Maurer""}"
author_list,534,{T PhilipsJ D Rothstein},"{""T Philips""""J D Rothstein""}"
author_list,535,{J P IoannidisJ LauC MilchD SalemP W ChewN TerrinE M Balk},"{""J P Ioannidis""""J Lau""""C Milch""""D Salem""""P W Chew""""N Terrin""""E M Balk""}"
author_list,538,{Terry-Lynne MarkoTyler Watt},"{""Terry-Lynne Marko""""Tyler Watt""}"
author_list,539,{Robert J. Flynn},"{""Robert J. Flynn""}"
author_list,540,{A. M. WalkerJ. XerryK. DaviesN. C. ElvissR. J. Owen},"{""A. M. Walker""""J. Xerry""""K. Davies""""N. C. Elviss""""R. J. Owen""}"
author_list,541,{Duncan M BrooksPramit M PhalRory Wolfe},"{""Duncan M Brooks""""Pramit M Phal""""Rory Wolfe""}"
author_list,543,{V. LorussoM. De LenaM. GuidaM. CorrealeI. AbbateA. LatorreA. CasamassimaM. D. Musci},"{""V. Lorusso""""M. De Lena""""M. Guida""""M. Correale""""I. Abbate""""A. Latorre""""A. Casamassima""""M. D. Musci""}"
author_list,544,{S. A. FrenchM. StoryP. J. Hannan},"{""S. A. French""""M. Story""""P. J. Hannan""}"
author_list,546,{J. P. HeathR. L. WilliamsM. H. Pritchard},"{""J. P. Heath""""R. L. Williams""""M. H. Pritchard""}"
author_list,547,{R. T. MalisonE. F. Pace-SchottV. CoricP. T. MorganR. StickgoldZ. H. Sahul},"{""R. T. Malison""""E. F. Pace-Schott""""V. Coric""""P. T. Morgan""""R. Stickgold""""Z. H. Sahul""}"
author_list,548,{E. Anegekuh L. Sun L. Ifeachor},"{""E. Anegekuh L. Sun L. Ifeachor""}"
author_list,549,{D CaronS J WitchellM A JewettE L St LouisR R GrayC BombardierS KumraK E PsihramisM R Ryan},"{""D Caron""""S J Witchell""""M A Jewett""""E L St Louis""""R R Gray""""C Bombardier""""S Kumra""""K E Psihramis""""M R Ryan""}"
author_list,550,{Paul Jones},"{""Paul Jones""}"
author_list,551,{Yibin FangPengfei YangJianmin LiuYi XuQinghai HuangWenyuan ZhaoDongwei DaiYan Chen},"{""Yibin Fang""""Pengfei Yang""""Jianmin Liu""""Yi Xu""""Qinghai Huang""""Wenyuan Zhao""""Dongwei Dai""""Yan Chen""}"
author_list,552,{K. SeoL. G. Epstein},"{""K. Seo""""L. G. Epstein""}"
author_list,554,{K. JonssonA. RydholmI. KristianssonD. HeinegardF. V. von SteyernP. Mannfolk},"{""K. Jonsson""""A. Rydholm""""I. Kristiansson""""D. Heinegard""""F. V. von Steyern""""P. Mannfolk""}"
author_list,555,{Hangcheng ZhouRenbao YangJiong ChenYunlian XiaYin Lu},"{""Hangcheng Zhou""""Renbao Yang""""Jiong Chen""""Yunlian Xia""""Yin Lu""}"
author_list,556,{R CarraroM F RasmussenL NiskanenA HarperN FinerS R̦ssnerM KunesovaL Van GaalM E J LeanA AstrupA RissanenM J Savolainen[Collective Name] NN8022-1807 Investigators},"{""R Carraro""""M F Rasmussen""""L Niskanen""""A Harper""""N Finer""""S R̦ssner""""M Kunesova""""L Van Gaal""""M E J Lean""""A Astrup""""A Rissanen""""M J Savolainen""""[Collective Name] NN8022-1807 Investigators""}"
author_list,557,{Kathy W HosigSharon M Nickols-RichardsonKavita H PoddarSusan E DuncanEileen S Anderson},"{""Kathy W Hosig""""Sharon M Nickols-Richardson""""Kavita H Poddar""""Susan E Duncan""""Eileen S Anderson""}"
author_list,559,{M. RunkelJ. BlumP. M. Rommens},"{""M. Runkel""""J. Blum""""P. M. Rommens""}"
author_list,560,{V HesselbrockA W Deckel},"{""V Hesselbrock""""A W Deckel""}"
author_list,561,{Y. A. SonG. UstunkarM. A. DokeH. A. DomY. Y. Tuncel},"{""Y. A. Son""""G. Ustunkar""""M. A. Doke""""H. A. Dom""""Y. Y. Tuncel""}"
author_list,562,{Gerlane ��ngela da Costa MoreiraDenyse Dutra Alencar VasconcelosAmanda Costa de FreitasCarla Cristina Braga Maranh���oDanielle Figueiredo Patricio},"{""Gerlane ��ngela da Costa Moreira""""Denyse Dutra Alencar Vasconcelos""""Amanda Costa de Freitas""""Carla Cristina Braga Maranh���o""""Danielle Figueiredo Patricio""}"
author_list,563,{L. N. BorrellK. RoseB. L. ClarkD. CatellierA. V. D. Roux},"{""L. N. Borrell""""K. Rose""""B. L. Clark""""D. Catellier""""A. V. D. Roux""}"
author_list,564,{Philipp MartiusAnna BuchheimPeter BuchheimSusanne H���rzMichael RentropCord BeneckePeter SchusterMelitta Fischer-KernStephan Doering},"{""Philipp Martius""""Anna Buchheim""""Peter Buchheim""""Susanne H���rz""""Michael Rentrop""""Cord Benecke""""Peter Schuster""""Melitta Fischer-Kern""""Stephan Doering""}"
author_list,565,{Basta Beard Beard Beel-Bates Bierman Bowling Cagney Calkins Carder Carlsson Chan Clark Clarke Cutchin Cutler Davidoff Diehl Doty Durrett Feldman Foote Freedman Gaugler Gitlin Gitlin Glass Golant Golant Golant Golant Golant Golant Golant Grafova Gross Hunt AlleyStephen M. Golant},"{""Basta Beard Beard Beel-Bates Bierman Bowling Cagney Calkins Carder Carlsson Chan Clark Clarke Cutchin Cutler Davidoff Diehl Doty Durrett Feldman Foote Freedman Gaugler Gitlin Gitlin Glass Golant Golant Golant Golant Golant Golant Golant Grafova Gross Hunt Alley""""Stephen M. Golant""}"
author_list,566,{L TimmermansJ C SliekerJ F LangeE B DeerenbergJ JeekelD P HogerzeilP H C Eilers},"{""L Timmermans""""J C Slieker""""J F Lange""""E B Deerenberg""""J Jeekel""""D P Hogerzeil""""P H C Eilers""}"
author_list,567,{David R JacobsDavid S LudwigCara B EbbelingAlex I KartashovMartha L SlatteryLinda Van HornMark A Pereira},"{""David R Jacobs""""David S Ludwig""""Cara B Ebbeling""""Alex I Kartashov""""Martha L Slattery""""Linda Van Horn""""Mark A Pereira""}"
author_list,568,{E DecuypereE DewilD VanmontfortH Michels},"{""E Decuypere""""E Dewil""""D Vanmontfort""""H Michels""}"
author_list,569,{J. SkeesT. K. Race},"{""J. Skees""""T. K. Race""}"
author_list,570,{J McCuskerF PrimeauM ColeL HanF Bellavance},"{""J McCusker""""F Primeau""""M Cole""""L Han""""F Bellavance""}"
author_list,571,{Ana Maria Baptista MenezesDavid Alejandro Gonz��lezElaine Cardozo MacedoPedro Curi HallalMaria de F��tima MaiaMarli KnorstSamuel Carvalho DumithJeovany Mart�_nez-MesaRicardo Bica NoalFernando C̩sar WehrmeisterJos̩ Roberto Jardim},"{""Ana Maria Baptista Menezes""""David Alejandro Gonz��lez""""Elaine Cardozo Macedo""""Pedro Curi Hallal""""Maria de F��tima Maia""""Marli Knorst""""Samuel Carvalho Dumith""""Jeovany Mart�_nez-Mesa""""Ricardo Bica Noal""""Fernando C̩sar Wehrmeister""""Jos̩ Roberto Jardim""}"
author_list,572,{Corinn Taylor},"{""Corinn Taylor""}"
author_list,573,{T. LevyY. Bloch},"{""T. Levy""""Y. Bloch""}"
author_list,574,{W. De GrooteD. StoffelenK. GovaertsP. ReyndersP. L. BroosJ. Rondia},"{""W. De Groote""""D. Stoffelen""""K. Govaerts""""P. Reynders""""P. L. Broos""""J. Rondia""}"
author_list,575,{Xinran WangChenhuan DingLilan ChenShu LiTing LiuXia YinYou WangXiangjun SunWen DiHe Li},"{""Xinran Wang""""Chenhuan Ding""""Lilan Chen""""Shu Li""""Ting Liu""""Xia Yin""""You Wang""""Xiangjun Sun""""Wen Di""""He Li""}"
author_list,576,{B. HeljicR. KomelI. EminovicF. GavrankapetanovicJ. PrezeljJ. Karamehic},"{""B. Heljic""""R. Komel""""I. Eminovic""""F. Gavrankapetanovic""""J. Prezelj""""J. Karamehic""}"
author_list,577,{P MichelV PapavasileiouG NtaiosA BargiotaK Makaritsis},"{""P Michel""""V Papavasileiou""""G Ntaios""""A Bargiota""""K Makaritsis""}"
author_list,578,{Al Sayed Hussain ASaheb Sharif-Askari NSulaiman SAAl-Mulla AATabatabai SSaheb Sharif-Askari F},"{""Al Sayed Hussain A""""Saheb Sharif-Askari N""""Sulaiman SA""""Al-Mulla AA""""Tabatabai S""""Saheb Sharif-Askari F""}"
author_list,579,{H. ChoiE. S. KangS. K. LimS. Y. JeongH. C. LeeH. J. KimS. KimY. RheeY. H. LeeJ. H. MoonK. R. KimC. W. AhnB. S. ChaE. J. Lee},"{""H. Choi""""E. S. Kang""""S. K. Lim""""S. Y. Jeong""""H. C. Lee""""H. J. Kim""""S. Kim""""Y. Rhee""""Y. H. Lee""""J. H. Moon""""K. R. Kim""""C. W. Ahn""""B. S. Cha""""E. J. Lee""}"
author_list,580,{M A SanchezS RitzuV CapelliP BoccalonG Arcangeli},"{""M A Sanchez""""S Ritzu""""V Capelli""""P Boccalon""""G Arcangeli""}"
author_list,581,{Karen K LamSteven C BrooksLaurie J Morrison},"{""Karen K Lam""""Steven C Brooks""""Laurie J Morrison""}"
author_list,582,{Anna NideckerSiamak ArdekaniE Mark MahoneFirouzeh TannaziJarunee IntrapiromkulMoody WharamLarry J BrantAlena Horsk��},"{""Anna Nidecker""""Siamak Ardekani""""E Mark Mahone""""Firouzeh Tannazi""""Jarunee Intrapiromkul""""Moody Wharam""""Larry J Brant""""Alena Horsk��""}"
author_list,583,{R. Rehmani},"{""R. Rehmani""}"
author_list,584,{T. A. DoreleijersP. T. Cohen-KettenisA. L. de VriesT. D. Steensma},"{""T. A. Doreleijers""""P. T. Cohen-Kettenis""""A. L. de Vries""""T. D. Steensma""}"
author_list,586,{Corinne L CoulterJennie M ScarvellJeanie M Weber},"{""Corinne L Coulter""""Jennie M Scarvell""""Jeanie M Weber""}"
author_list,587,{Fengjiang ZhangGang ChenMin YanCongcong Chen},"{""Fengjiang Zhang""""Gang Chen""""Min Yan""""Congcong Chen""}"
author_list,588,{S NadeauF MalouinB.J McFadyen},"{""S Nadeau""""F Malouin""""B.J McFadyen""}"
author_list,589,{R. DanesiS. TerrazzinoP. L. CanonicoA. A. GenazzaniS. CargninM. Del Re},"{""R. Danesi""""S. Terrazzino""""P. L. Canonico""""A. A. Genazzani""""S. Cargnin""""M. Del Re""}"
author_list,590,{K. IijimaA. TanimotoY. KitagakiM. HiuraH. FujiwaraS. Ikawa},"{""K. Iijima""""A. Tanimoto""""Y. Kitagaki""""M. Hiura""""H. Fujiwara""""S. Ikawa""}"
author_list,591,{J. L. Lloyd},"{""J. L. Lloyd""}"
author_list,592,{C. BottomleyK. LockS. LaisA. ClowG. YuR. LynchA. RentonG. PhillipsM. PetticrewA. DraperP. TobiE. SchmidtR. HayesD. Moore},"{""C. Bottomley""""K. Lock""""S. Lais""""A. Clow""""G. Yu""""R. Lynch""""A. Renton""""G. Phillips""""M. Petticrew""""A. Draper""""P. Tobi""""E. Schmidt""""R. Hayes""""D. Moore""}"
author_list,593,{Jennifer L. EdwardsCherie A. LyonsMarcia E. SwordsMary S. RogersKathy E. Green},"{""Jennifer L. Edwards""""Cherie A. Lyons""""Marcia E. Swords""""Mary S. Rogers""""Kathy E. Green""}"
author_list,594,{A. DA  - Jun DO  - jc.2004-1843 [pii] 10.1210/jc.2004-1843 [doi] DP  - Nlm ET  - 2005/03/31 DunaifA. R. KunselmanR. S. LegroC. L. Gnatuk},"{""A. DA  - Jun DO  - jc.2004-1843 [pii] 10.1210/jc.2004-1843 [doi] DP  - Nlm ET  - 2005/03/31 Dunaif""""A. R. Kunselman""""R. S. Legro""""C. L. Gnatuk""}"
author_list,595,{Maria PapapolydorouTaslima RahmanWilliam D. SchaferLori Parker},"{""Maria Papapolydorou""""Taslima Rahman""""William D. Schafer""""Lori Parker""}"
author_list,596,{T. KatayamaK. FurutaM. AkahaneH. OnoR. Fujitani},"{""T. Katayama""""K. Furuta""""M. Akahane""""H. Ono""""R. Fujitani""}"
author_list,597,{Kevin PatrickJill RybarLinda HillSara BairdRaul CoimbraSusanna Concha-Garcia},"{""Kevin Patrick""""Jill Rybar""""Linda Hill""""Sara Baird""""Raul Coimbra""""Susanna Concha-Garcia""}"
author_list,598,{S. OpatrnaP. StehlikJ. RacekJr. Opatrny K.V. SenftF. SefrnaO. Topolcan},"{""S. Opatrna""""P. Stehlik""""J. Racek""""Jr. Opatrny K.""""V. Senft""""F. Sefrna""""O. Topolcan""}"
author_list,599,{L. PretlowA. RanneB. KrajE. K. LeibachB. Russell},"{""L. Pretlow""""A. Ranne""""B. Kraj""""E. K. Leibach""""B. Russell""}"
author_list,600,{Jutta BeierPeter D'AndreaMichelle HenleyStephanie KornKai-Michael BeehDonald BanerjiDalal Jadayel},"{""Jutta Beier""""Peter D'Andrea""""Michelle Henley""""Stephanie Korn""""Kai-Michael Beeh""""Donald Banerji""""Dalal Jadayel""}"
author_list,601,{Fernanda CesarAnne A WooldridgeCinzia MastrorilliPete W ChristophersonKellye Joiner},"{""Fernanda Cesar""""Anne A Wooldridge""""Cinzia Mastrorilli""""Pete W Christopherson""""Kellye Joiner""}"
author_list,602,{Seiler IBaron MArzt MPfeifer MLange TJ},"{""Seiler I""""Baron M""""Arzt M""""Pfeifer M""""Lange TJ""}"
author_list,603,{Romero MMercer RRamos SKarolinski A},"{""Romero M""""Mercer R""""Ramos S""""Karolinski A""}"
author_list,604,{Victor KandeEpco HaskerVeerle LejonJean-Jacques MuyembePatrick MitashiMarleen BoelaertPascal Lutumba},"{""Victor Kande""""Epco Hasker""""Veerle Lejon""""Jean-Jacques Muyembe""""Patrick Mitashi""""Marleen Boelaert""""Pascal Lutumba""}"
author_list,605,{Antoine Hone-BlanchetShirley Fecteau},"{""Antoine Hone-Blanchet""""Shirley Fecteau""}"
author_list,606,{E. M. QuigleyJ. K. DiBaise},"{""E. M. Quigley""""J. K. DiBaise""}"
author_list,607,{H. H. HuangJ. HaleL. FettersA. McBride},"{""H. H. Huang""""J. Hale""""L. Fetters""""A. McBride""}"
author_list,608,{V.E. ZakharovS. DyachenkoA.C. NewellA. Pushkarev},"{""V.E. Zakharov""""S. Dyachenko""""A.C. Newell""""A. Pushkarev""}"
author_list,609,{M A Bleiker},"{""M A Bleiker""}"
author_list,610,{F VinF A AllaertJ P BenigniS Sadoun},"{""F Vin""""F A Allaert""""J P Benigni""""S Sadoun""}"
author_list,611,{R.A. MesaN.C.P. CrossJ.O. Mascarenhas},"{""R.A. Mesa""""N.C.P. Cross""""J.O. Mascarenhas""}"
author_list,612,{George VithoulkasMenachem OberbaumShepherd SingerRobbert van Haselen},"{""George Vithoulkas""""Menachem Oberbaum""""Shepherd Singer""""Robbert van Haselen""}"
author_list,613,{G. S. McDonaldJ. W. BachmanP. C. O'Brien},"{""G. S. McDonald""""J. W. Bachman""""P. C. O'Brien""}"
author_list,614,{K. F. LamS. M. NgB. H. P. LauH. H. M. LoC. L. W. Chan},"{""K. F. Lam""""S. M. Ng""""B. H. P. Lau""""H. H. M. Lo""""C. L. W. Chan""}"
author_list,615,{Gilles MontalescotGordon FitzGeraldKurt G Barringhaus[Collective Name] GRACE InvestigatorsFrans Van de WerfJoel M GoreDavid D McManusJos̩ L�_pez-Send�_nPhilippe Gabriel StegKay Lee Park},"{""Gilles Montalescot""""Gordon FitzGerald""""Kurt G Barringhaus""""[Collective Name] GRACE Investigators""""Frans Van de Werf""""Joel M Gore""""David D McManus""""Jos̩ L�_pez-Send�_n""""Philippe Gabriel Steg""""Kay Lee Park""}"
author_list,616,{Marcus R Munaf�_Mike W PeaceyIn-Uck Park},"{""Marcus R Munaf�_""""Mike W Peacey""""In-Uck Park""}"
author_list,617,{A PolychronakiCh RoussosA KoutsoukouI DimitroulisJ Milic-EmiliN G KoulourisS RetsouE N KosmasM Gaga},"{""A Polychronaki""""Ch Roussos""""A Koutsoukou""""I Dimitroulis""""J Milic-Emili""""N G Koulouris""""S Retsou""""E N Kosmas""""M Gaga""}"
author_list,618,{Y.-J. DuX.-M. ZhuB. SangC.-J. YangC.-L. Liu},"{""Y.-J. Du""""X.-M. Zhu""""B. Sang""""C.-J. Yang""""C.-L. Liu""}"
author_list,619,{Muhammad RafiqueM. Ikram ShahzadShahida Jabeen},"{""Muhammad Rafique""""M. Ikram Shahzad""""Shahida Jabeen""}"
author_list,620,{S. T. VisserM. J. PostmaP. DenigF. M. De VriesE. Hak},"{""S. T. Visser""""M. J. Postma""""P. Denig""""F. M. De Vries""""E. Hak""}"
author_list,621,{E. Bonthuys},"{""E. Bonthuys""}"
author_list,622,{R SchwarzJ ErnstM ZengerE Br�_hlerR Schmidt},"{""R Schwarz""""J Ernst""""M Zenger""""E Br�_hler""""R Schmidt""}"
author_list,623,{M. RossignolF. A. AllaertB. BannwarthJ. P. C1  - Fr̴n RCT-șkningen CN  - Pubmed DA  - Jun DP  - NLM ET  - 2005/06/09 ValatS. RozenbergB. Avouac},"{""M. Rossignol""""F. A. Allaert""""B. Bannwarth""""J. P. C1  - Fr̴n RCT-șkningen CN  - Pubmed DA  - Jun DP  - NLM ET  - 2005/06/09 Valat""""S. Rozenberg""""B. Avouac""}"
author_list,624,{Yuki MatsudaTaro KishiNakao Iwata},"{""Yuki Matsuda""""Taro Kishi""""Nakao Iwata""}"
author_list,625,{E. T. Rolls},"{""E. T. Rolls""}"
author_list,626,{Joost P A KuijerThom A VoornErnesto J Sanz-ArigitaEllemarije AltenaEus J W Van SomerenSerge A R B RomboutsYsbrand D Van Der Werf},"{""Joost P A Kuijer""""Thom A Voorn""""Ernesto J Sanz-Arigita""""Ellemarije Altena""""Eus J W Van Someren""""Serge A R B Rombouts""""Ysbrand D Van Der Werf""}"
author_list,627,{N SaijoM YamakidoK D TewY FujiwaraK KasaharaM BungoY Sugimoto},"{""N Saijo""""M Yamakido""""K D Tew""""Y Fujiwara""""K Kasahara""""M Bungo""""Y Sugimoto""}"
author_list,628,{L J HahnC J ChiuM L ChangL L HsiehY S KuoH M ChenC P ChiangC J Chen},"{""L J Hahn""""C J Chiu""""M L Chang""""L L Hsieh""""Y S Kuo""""H M Chen""""C P Chiang""""C J Chen""}"
author_list,629,{Helen M Sorenson},"{""Helen M Sorenson""}"
author_list,630,{B. J. CaanE. M. JohnT. H. M. KeeganA. H. WuL. BernsteinS. Shariff-MarcoR. SpostoC. C. TsengJ. Sullivan-HalleyY. LuC. VigenM. L. KwanS. L. GomezA. W. KurianI. ChengV. S. Lee},"{""B. J. Caan""""E. M. John""""T. H. M. Keegan""""A. H. Wu""""L. Bernstein""""S. Shariff-Marco""""R. Sposto""""C. C. Tseng""""J. Sullivan-Halley""""Y. Lu""""C. Vigen""""M. L. Kwan""""S. L. Gomez""""A. W. Kurian""""I. Cheng""""V. S. Lee""}"
author_list,631,{Y. AkematsuM. TsujiK. Minetaki},"{""Y. Akematsu""""M. Tsuji""""K. Minetaki""}"
author_list,632,{E. L. KrivcheniaM. I. EvansM. A. AyoubV. L. MillerS. B. Ransom},"{""E. L. Krivchenia""""M. I. Evans""""M. A. Ayoub""""V. L. Miller""""S. B. Ransom""}"
author_list,633,{J. GschwendS. Schirrmacher-MemmelA. BeekerM. O. GrimmB. BrehmerM. ZaissU. Von VerschuerS. PahernikM. BosM. De SantisM. RetzS. Krause},"{""J. Gschwend""""S. Schirrmacher-Memmel""""A. Beeker""""M. O. Grimm""""B. Brehmer""""M. Zaiss""""U. Von Verschuer""""S. Pahernik""""M. Bos""""M. De Santis""""M. Retz""""S. Krause""}"
author_list,634,{M GimpelS GadolaP CooperK JamesonG DeakinM GodtschailkM StokesC Cooper},"{""M Gimpel""""S Gadola""""P Cooper""""K Jameson""""G Deakin""""M Godtschailk""""M Stokes""""C Cooper""}"
author_list,635,{A. L. SteegeT. AltermanM. R. PetersenJ. Li},"{""A. L. Steege""""T. Alterman""""M. R. Petersen""""J. Li""}"
author_list,636,{H. OshimaK. KobayashiT. YamamotoM. KasaiC. FukayaY. Katayama},"{""H. Oshima""""K. Kobayashi""""T. Yamamoto""""M. Kasai""""C. Fukaya""""Y. Katayama""}"
author_list,637,{M. G. BruceJ. MorrisB. McMahonA. TveitD. HurlburtD. Bruden},"{""M. G. Bruce""""J. Morris""""B. McMahon""""A. Tveit""""D. Hurlburt""""D. Bruden""}"
author_list,638,{C. DeardenJ. DoddE. MatutesD. CatovskyJ. BlundellA. RawstromD. AllsupD. OscierT. HamblinS. DoddE. HeartinR. JonesJ. RadfordS. ProctorS. AgrawalP. HillmenG. FollowsR. PettittA. BloorS. DevereuxS. Carruthers},"{""C. Dearden""""J. Dodd""""E. Matutes""""D. Catovsky""""J. Blundell""""A. Rawstrom""""D. Allsup""""D. Oscier""""T. Hamblin""""S. Dodd""""E. Heartin""""R. Jones""""J. Radford""""S. Proctor""""S. Agrawal""""P. Hillmen""""G. Follows""""R. Pettitt""""A. Bloor""""S. Devereux""""S. Carruthers""}"
author_list,639,{Sabe SabesanPeter AikenLynden J RobertsSarah LarkinsAbhishek Joshi},"{""Sabe Sabesan""""Peter Aiken""""Lynden J Roberts""""Sarah Larkins""""Abhishek Joshi""}"
author_list,640,{Robert L. KrielJennifer R. RissVijay D. IvaturiJames C. C2  - 19231138 DB  - MEDLINE DO  - http://dx.doi.org/10.1016/j.eplepsyres.2009101 CloydRonald A. Siegel},"{""Robert L. Kriel""""Jennifer R. Riss""""Vijay D. Ivaturi""""James C. C2  - 19231138 DB  - MEDLINE DO  - http://dx.doi.org/10.1016/j.eplepsyres.2009101 Cloyd""""Ronald A. Siegel""}"
author_list,641,{Irene G SaladoAna MartinezDaniel I PerezBrian C KraemerMurilo L BelloConcepci�_n PerezNicole F LiachkoMagalie LecourtoisMiriam RedondoCarmen GilLaetitia Miguel},"{""Irene G Salado""""Ana Martinez""""Daniel I Perez""""Brian C Kraemer""""Murilo L Bello""""Concepci�_n Perez""""Nicole F Liachko""""Magalie Lecourtois""""Miriam Redondo""""Carmen Gil""""Laetitia Miguel""}"
author_list,642,{Alicia HeapySally G. HaskellM. Carrington ReidRobert D. KernsRebecca K. Papas},"{""Alicia Heapy""""Sally G. Haskell""""M. Carrington Reid""""Robert D. Kerns""""Rebecca K. Papas""}"
author_list,643,{Ashley McDonaldShannon N ZenkColleen CorteKelly K Jones},"{""Ashley McDonald""""Shannon N Zenk""""Colleen Corte""""Kelly K Jones""}"
author_list,644,{Sergio Raposeiras-Roub�_nJos̩ Maria Garc�_a-Acu̱aJos̩ Ram�_n Gonz��lez-Juanatey},"{""Sergio Raposeiras-Roub�_n""""Jos̩ Maria Garc�_a-Acu̱a""""Jos̩ Ram�_n Gonz��lez-Juanatey""}"
author_list,645,{C L̦ligerK NeuberJ RingI K̦hler},"{""C L̦liger""""K Neuber""""J Ring""""I K̦hler""}"
author_list,647,{Cameron F AbramsSpencer T Stober},"{""Cameron F Abrams""""Spencer T Stober""}"
author_list,648,{E A BeGoleH S UpshawR J Egolf},"{""E A BeGole""""H S Upshaw""""R J Egolf""}"
author_list,649,{Richard AndrewsErica B LundstenA Maureen Bundick Morgan},"{""Richard Andrews""""Erica B Lundsten""""A Maureen Bundick Morgan""}"
author_list,650,{E LarsonB A LaughonK Mayur},"{""E Larson""""B A Laughon""""K Mayur""}"
author_list,651,{Bouchard DRSoucy LSenechal MBrochu MDionne IJ},"{""Bouchard DR""""Soucy L""""Senechal M""""Brochu M""""Dionne IJ""}"
author_list,652,{Silvia SookoianCarlos J Pirola},"{""Silvia Sookoian""""Carlos J Pirola""}"
author_list,653,{C. HandgraafW. J. MelchersT. KlaassenP. D. SturmE. T. BochumS. V. van Mook-Vermulst},"{""C. Handgraaf""""W. J. Melchers""""T. Klaassen""""P. D. Sturm""""E. T. Bochum""""S. V. van Mook-Vermulst""}"
author_list,654,{Diederik van de BeekAnthony G RuddLalit KalraJoan MontanerJavier GarauPippa J TyrrellStephen J HopkinsCraig J SmithMark WoodheadAngel ChamorroMario Di NapoliAndreas MeiselPeter LanghorneAndy VailAmit K KishoreChristine Roffe},"{""Diederik van de Beek""""Anthony G Rudd""""Lalit Kalra""""Joan Montaner""""Javier Garau""""Pippa J Tyrrell""""Stephen J Hopkins""""Craig J Smith""""Mark Woodhead""""Angel Chamorro""""Mario Di Napoli""""Andreas Meisel""""Peter Langhorne""""Andy Vail""""Amit K Kishore""""Christine Roffe""}"
author_list,655,{P. D. FabricantM. P. BostromC. J. DyD. M. Dare},"{""P. D. Fabricant""""M. P. Bostrom""""C. J. Dy""""D. M. Dare""}"
author_list,656,{Beverley J. Antle},"{""Beverley J. Antle""}"
author_list,657,{N̼ria LloberasMarcel la FranquesaJosep M CruzadoJosep M Griny�_In̩s RamaGabriela AlperovichImmaculada Herrero-FresnedaJoan TorrasPepita Gim̩nez-Bonaf̩},"{""N̼ria Lloberas""""Marcel la Franquesa""""Josep M Cruzado""""Josep M Griny�_""""In̩s Rama""""Gabriela Alperovich""""Immaculada Herrero-Fresneda""""Joan Torras""""Pepita Gim̩nez-Bonaf̩""}"
author_list,658,{Paolo BoffettaGiovanni CorraoIrene TramacereVincenzo BagnardiEva NegriLorenza ScottiWerner GaravelloMatteo RotaCarlo La VecchiaFederica TuratiFarhad Islami},"{""Paolo Boffetta""""Giovanni Corrao""""Irene Tramacere""""Vincenzo Bagnardi""""Eva Negri""""Lorenza Scotti""""Werner Garavello""""Matteo Rota""""Carlo La Vecchia""""Federica Turati""""Farhad Islami""}"
author_list,659,{Eugenio A ParatiBruce M PsatyChristopher LeviGuido FalconeIoana CotlarciucBradford B WorrallRodney J ScottHugh S MarkusJonathan RosandJim JannesJohn W ColeSudha SeshadriRainer MalikM Arfan IkramChristopher OldmeadowKaren L FurieKerri L WigginsJane M MaguireMatthew TraylorPeter M Rothwell[Collective Name] Wellcome Trust Case Control Consortium 2[Collective Name] Australian Stroke Genetics CollaborativeSteven J KittnerBraxton D MitchellElizabeth G HollidayJemma C HopewellGiorgio B BoncoraglioEric BoerwinkleLisa F LinczRobert ClarkeSteve BevanNaomi R WrayJohn AttiaJames F MeschiaJoshua C BisThomas H MosleyMike A NallsCathie SudlowYu-Ching ChengPankaj SharmaMartin Dichgans[Collective Name] International Stroke Genetics ConsortiumMyriam Fornage},"{""Eugenio A Parati""""Bruce M Psaty""""Christopher Levi""""Guido Falcone""""Ioana Cotlarciuc""""Bradford B Worrall""""Rodney J Scott""""Hugh S Markus""""Jonathan Rosand""""Jim Jannes""""John W Cole""""Sudha Seshadri""""Rainer Malik""""M Arfan Ikram""""Christopher Oldmeadow""""Karen L Furie""""Kerri L Wiggins""""Jane M Maguire""""Matthew Traylor""""Peter M Rothwell""""[Collective Name] Wellcome Trust Case Control Consortium 2""""[Collective Name] Australian Stroke Genetics Collaborative""""Steven J Kittner""""Braxton D Mitchell""""Elizabeth G Holliday""""Jemma C Hopewell""""Giorgio B Boncoraglio""""Eric Boerwinkle""""Lisa F Lincz""""Robert Clarke""""Steve Bevan""""Naomi R Wray""""John Attia""""James F Meschia""""Joshua C Bis""""Thomas H Mosley""""Mike A Nalls""""Cathie Sudlow""""Yu-Ching Cheng""""Pankaj Sharma""""Martin Dichgans""""[Collective Name] International Stroke Genetics Consortium""""Myriam Fornage""}"
author_list,660,{Peter SchoenknechtMatthias L SchroeterJohann SteinerKarsten MuellerJulia Sacher},"{""Peter Schoenknecht""""Matthias L Schroeter""""Johann Steiner""""Karsten Mueller""""Julia Sacher""}"
author_list,661,{Alfredo D'AnielloAddolorata MasciaVincenzo EspositoPier Paolo QuaratoMarco De RisiAngelo PicardiGiancarlo Di GennaroLiliana G GrammaldoSara CasciatoGiulio N Meldolesi},"{""Alfredo D'Aniello""""Addolorata Mascia""""Vincenzo Esposito""""Pier Paolo Quarato""""Marco De Risi""""Angelo Picardi""""Giancarlo Di Gennaro""""Liliana G Grammaldo""""Sara Casciato""""Giulio N Meldolesi""}"
author_list,662,{N. Cord-Udy},"{""N. Cord-Udy""}"
author_list,663,{Wolfgang KonertzOtto KrogmannPascal M DohmenBirgit FranzbachEmanuela AngeliCarlo Pace NapoleoneJohannes KrollGleb TarusinovTorsten ChristGaetano Gargiulo},"{""Wolfgang Konertz""""Otto Krogmann""""Pascal M Dohmen""""Birgit Franzbach""""Emanuela Angeli""""Carlo Pace Napoleone""""Johannes Kroll""""Gleb Tarusinov""""Torsten Christ""""Gaetano Gargiulo""}"
author_list,664,{Yong-Long ChiXiao-Lei ZhangNai-Feng TianYao-Sen WuXin-Lei WuXiang-Yang WangFang-Min MaoLi-Jun WuXu-Qi Hu},"{""Yong-Long Chi""""Xiao-Lei Zhang""""Nai-Feng Tian""""Yao-Sen Wu""""Xin-Lei Wu""""Xiang-Yang Wang""""Fang-Min Mao""""Li-Jun Wu""""Xu-Qi Hu""}"
author_list,665,{Hansel J OteroPeter J NeumannChi H FangRobert J WardMeera Sekar},"{""Hansel J Otero""""Peter J Neumann""""Chi H Fang""""Robert J Ward""""Meera Sekar""}"
author_list,666,{M. S. IharaJ. R. Tripet-DielK. ShahlaieC. S. LiJ. BrownS. H. CohenM. GiordaniE. O. Klineberg},"{""M. S. Ihara""""J. R. Tripet-Diel""""K. Shahlaie""""C. S. Li""""J. Brown""""S. H. Cohen""""M. Giordani""""E. O. Klineberg""}"
author_list,667,{Q. X. ZhangJ. H. TianX. Y. TanA. L. YangX. M. YangZ. X. Zhang},"{""Q. X. Zhang""""J. H. Tian""""X. Y. Tan""""A. L. Yang""""X. M. Yang""""Z. X. Zhang""}"
author_list,668,{KATERINA1 BODOVSKIRACHAEL3 WALSHINBAL2 NAHUM-SHANI},"{""KATERINA1 BODOVSKI""""RACHAEL3 WALSH""""INBAL2 NAHUM-SHANI""}"
author_list,669,{C. D. Packer},"{""C. D. Packer""}"
author_list,670,{Melinda Dooly},"{""Melinda Dooly""}"
author_list,671,{G. MikusN. HohmannD. Czock},"{""G. Mikus""""N. Hohmann""""D. Czock""}"
author_list,672,{M. SuterV. Giusti},"{""M. Suter""""V. Giusti""}"
author_list,673,{Katoulis A.C.Georgala K.Georgala S.Befon A.Stavropoulos P.G.},"{""Katoulis A.C.""""Georgala K.""""Georgala S.""""Befon A.""""Stavropoulos P.G.""}"
author_list,674,{Ahmet Asan},"{""Ahmet Asan""}"
author_list,675,{A GaitatzisM R TrimbleJ W Sander},"{""A Gaitatzis""""M R Trimble""""J W Sander""}"
author_list,676,{K. F. Joyner},"{""K. F. Joyner""}"
author_list,677,{T. H. MichelW. C1  - Fr̴n RCT-șkningen CN  - Pubmed DA  - Jul 1 DP  - NLM ET  - 2000/06/28 RogersA. WagnerH. WittinkR. KulichA. SukiennikR. Maciewicz},"{""T. H. Michel""""W. C1  - Fr̴n RCT-șkningen CN  - Pubmed DA  - Jul 1 DP  - NLM ET  - 2000/06/28 Rogers""""A. Wagner""""H. Wittink""""R. Kulich""""A. Sukiennik""""R. Maciewicz""}"
author_list,679,{Debashish ChakravarthyElizabeth A. HintonTracey C. VlahovicCynthia Ann Fleck},"{""Debashish Chakravarthy""""Elizabeth A. Hinton""""Tracey C. Vlahovic""""Cynthia Ann Fleck""}"
author_list,680,{Aaron P BlaisdellJared WongKenneth J LeisingMichael R Waldmann},"{""Aaron P Blaisdell""""Jared Wong""""Kenneth J Leising""""Michael R Waldmann""}"
author_list,681,{Vanashri Nargund-JoshiJean S. Lee},"{""Vanashri Nargund-Joshi""""Jean S. Lee""}"
author_list,682,{H. Y. TongJ. FriasR. LubomirovP. LapunzinaA. M. BorobiaJ. TenorioP. AriasA. J. Carcas},"{""H. Y. Tong""""J. Frias""""R. Lubomirov""""P. Lapunzina""""A. M. Borobia""""J. Tenorio""""P. Arias""""A. J. Carcas""}"
author_list,683,{Cara B. EbbelingDhirendra N. SinhaGlorian C. SorensenHarry A. LandoMangesh S. PednekarClaudia R. PischkePrakash C. GuptaEve M. NaglerMira B. AghiKasisomayajula Viswanath},"{""Cara B. Ebbeling""""Dhirendra N. Sinha""""Glorian C. Sorensen""""Harry A. Lando""""Mangesh S. Pednekar""""Claudia R. Pischke""""Prakash C. Gupta""""Eve M. Nagler""""Mira B. Aghi""""Kasisomayajula Viswanath""}"
author_list,684,{A D NageswariS VaniP MuthuveeralakshmiS ShanmugalakshmiV DheenadhayalanG ArivarignanR M Pitchappan},"{""A D Nageswari""""S Vani""""P Muthuveeralakshmi""""S Shanmugalakshmi""""V Dheenadhayalan""""G Arivarignan""""R M Pitchappan""}"
author_list,685,{P MroczkowskiR KubeA DzikiB MoranH LippertI Gastinger},"{""P Mroczkowski""""R Kube""""A Dziki""""B Moran""""H Lippert""""I Gastinger""}"
author_list,686,{Norbert GutknechtManuel F CarvalhoIrene Pina-VazMiguel R MartinsJose A CapelasMiguel A Martins},"{""Norbert Gutknecht""""Manuel F Carvalho""""Irene Pina-Vaz""""Miguel R Martins""""Jose A Capelas""""Miguel A Martins""}"
author_list,687,{S HajjemM HsairiN Ben MansourH SkhiriH Aounallah-Skhiri},"{""S Hajjem""""M Hsairi""""N Ben Mansour""""H Skhiri""""H Aounallah-Skhiri""}"
author_list,688,{D. RingR. G. AlbersT. G. Guitton},"{""D. Ring""""R. G. Albers""""T. G. Guitton""}"
author_list,689,{Su-Gwan KimJi-Yeon AhnYoung-Kyun KimJong-Wan KimPil-Young Yun},"{""Su-Gwan Kim""""Ji-Yeon Ahn""""Young-Kyun Kim""""Jong-Wan Kim""""Pil-Young Yun""}"
author_list,690,{I. HashimotoS. HirasawaY. SawadaY. KasaiJ. MikamiH. AbeM. NakanishiE. BekkiK. KasaiT. NakamuraM. DA  - Mar DP  - NLM ET  - 1981/03/01 Omosu},"{""I. Hashimoto""""S. Hirasawa""""Y. Sawada""""Y. Kasai""""J. Mikami""""H. Abe""""M. Nakanishi""""E. Bekki""""K. Kasai""""T. Nakamura""""M. DA  - Mar DP  - NLM ET  - 1981/03/01 Omosu""}"
author_list,691,{M CaliskanM Karab̦c�_ogluA CitakN UzelK AydinA NayirD D Soysal},"{""M Caliskan""""M Karab̦c�_oglu""""A Citak""""N Uzel""""K Aydin""""A Nayir""""D D Soysal""}"
author_list,692,{I. Williamson},"{""I. Williamson""}"
author_list,693,{K. PrehodaA. NovakJ. Mauser},"{""K. Prehoda""""A. Novak""""J. Mauser""}"
author_list,694,{[Collective Name] Jennings[Collective Name] Kingwell},"{""[Collective Name] Jennings""""[Collective Name] Kingwell""}"
author_list,695,{Andreas BeelmannFriedrich L̦sel},"{""Andreas Beelmann""""Friedrich L̦sel""}"
author_list,696,{N. E. AdlerJ. LinE. S. EpelD. H. RehkopfB. A. LaraiaE. H. BlackburnB. L. NeedhamC. W. Leung},"{""N. E. Adler""""J. Lin""""E. S. Epel""""D. H. Rehkopf""""B. A. Laraia""""E. H. Blackburn""""B. L. Needham""""C. W. Leung""}"
author_list,697,{L. KadehjianE. J. ConeB. A. Goldberger},"{""L. Kadehjian""""E. J. Cone""""B. A. Goldberger""}"
author_list,698,{S. Roberts},"{""S. Roberts""}"
author_list,699,{S. K. ChaturvediD. CN  - PubMed_140821 DA  - Jan DO  - 10.1097/YCOb013e328010ca65 DP  - NLM ET  - 2006/12/05 Bhugra},"{""S. K. Chaturvedi""""D. CN  - PubMed_140821 DA  - Jan DO  - 10.1097/YCOb013e328010ca65 DP  - NLM ET  - 2006/12/05 Bhugra""}"
author_list,700,{Business/Technology Editors},"{""Business/Technology Editors""}"
author_list,701,{J. LeB. RiegelB. J. BobrowA. L. BlewerB. S. AbellaM. LearyD. Buckler},"{""J. Le""""B. Riegel""""B. J. Bobrow""""A. L. Blewer""""B. S. Abella""""M. Leary""""D. Buckler""}"
author_list,702,{Pizzichini EHart LPaggiaro PHamilton APeters MKorducki LDe Salvo MDe La Hoz AKoch A},"{""Pizzichini E""""Hart L""""Paggiaro P""""Hamilton A""""Peters M""""Korducki L""""De Salvo M""""De La Hoz A""""Koch A""}"
author_list,703,{U. S. SangkomkamhangP. LumbiganonW. PrasertcharoensukM. Laopaiboon},"{""U. S. Sangkomkamhang""""P. Lumbiganon""""W. Prasertcharoensuk""""M. Laopaiboon""}"
author_list,705,{Paolo Dell'OglioAlessandro LarcherNicola FossatiNicol�_ Maria BuffiAlberto AbrateGiuliana ListaFrancesco MontorsiFrancesco MistrettaMassimo LazzeriGiorgio GuazzoniGiovanni Lughezzani},"{""Paolo Dell'Oglio""""Alessandro Larcher""""Nicola Fossati""""Nicol�_ Maria Buffi""""Alberto Abrate""""Giuliana Lista""""Francesco Montorsi""""Francesco Mistretta""""Massimo Lazzeri""""Giorgio Guazzoni""""Giovanni Lughezzani""}"
author_list,706,{E. Shvartz},"{""E. Shvartz""}"
author_list,707,{Gianfranco PaganoGiovanni MussoMaurizio CassaderRoberto Gambino},"{""Gianfranco Pagano""""Giovanni Musso""""Maurizio Cassader""""Roberto Gambino""}"
author_list,708,{K Ishikawa-TakataT OhtaK MoritakiT GotouS Inoue},"{""K Ishikawa-Takata""""T Ohta""""K Moritaki""""T Gotou""""S Inoue""}"
author_list,709,{D CioffiJ Holloway},"{""D Cioffi""""J Holloway""}"
author_list,710,{J. M. ClaiseS. NeelP. CatilinaL. FontanaS. Ughetto},"{""J. M. Claise""""S. Neel""""P. Catilina""""L. Fontana""""S. Ughetto""}"
author_list,711,{E.-B. Malmgren-OlssonK. ArmeliusB.-��. Armelius},"{""E.-B. Malmgren-Olsson""""K. Armelius""""B.-��. Armelius""}"
author_list,713,{Anna BrownJane GreenValerie BeralGillian ReevesPat Doyle},"{""Anna Brown""""Jane Green""""Valerie Beral""""Gillian Reeves""""Pat Doyle""}"
author_list,714,{A. PavinA. StaffieriG. MarioniG. BresciaR. Rinaldi},"{""A. Pavin""""A. Staffieri""""G. Marioni""""G. Brescia""""R. Rinaldi""}"
author_list,715,{Jaimee L. HeffnerJonathan BrickerBryan ComstockChristopher Wyszynski},"{""Jaimee L. Heffner""""Jonathan Bricker""""Bryan Comstock""""Christopher Wyszynski""}"
author_list,716,{Kazeem B YusuffUnyime I Eshiet},"{""Kazeem B Yusuff""""Unyime I Eshiet""}"
author_list,717,{E. Kim},"{""E. Kim""}"
author_list,718,{Hisako HaraYukio SekiNoriyuki MuraiIsao KoshimaTakuya IidaMakoto MiharaTakeshi Todokoro},"{""Hisako Hara""""Yukio Seki""""Noriyuki Murai""""Isao Koshima""""Takuya Iida""""Makoto Mihara""""Takeshi Todokoro""}"
author_list,719,{K.-W. ParkJ. SongH.-J. KimS.-R. MoonM.S. Lee},"{""K.-W. Park""""J. Song""""H.-J. Kim""""S.-R. Moon""""M.S. Lee""}"
author_list,720,{F. DengJ. WenQ. Y. CaiY. P. Li},"{""F. Deng""""J. Wen""""Q. Y. Cai""""Y. P. Li""}"
author_list,721,{O E HavikP CarlbringL G ��stT NordgreenG AnderssonT Furmark},"{""O E Havik""""P Carlbring""""L G ��st""""T Nordgreen""""G Andersson""""T Furmark""}"
author_list,722,{M. H. de Oliveira JuniorE. S. SarinhoG. V. de AraujoD. M. Peixoto},"{""M. H. de Oliveira Junior""""E. S. Sarinho""""G. V. de Araujo""""D. M. Peixoto""}"
author_list,723,{S. V. DriamovS. ButzP. T. BuserC. E. ZauggM. Bellahcene},"{""S. V. Driamov""""S. Butz""""P. T. Buser""""C. E. Zaugg""""M. Bellahcene""}"
author_list,724,{Siwy Ling YangKuang-Ren Chung},"{""Siwy Ling Yang""""Kuang-Ren Chung""}"
author_list,726,{Brooklyn. Office of Educational Assessment. New York City Board of Education},"{""Brooklyn. Office of Educational Assessment. New York City Board of Education""}"
author_list,728,{R. Voss},"{""R. Voss""}"
author_list,730,{dirk.hoek@ou.nl Hoek Dirk1Koeno2 Gravemeijer},"{""dirk.hoek@ou.nl Hoek Dirk1""""Koeno2 Gravemeijer""}"
author_list,731,{Hotzel KR von BrachelKosfelder JHechler TVocks SRieger ESchulte DSchmidt U},"{""Hotzel K""""R """"von Brachel""""Kosfelder J""""Hechler T""""Vocks S""""Rieger E""""Schulte D""""Schmidt U""}"
author_list,732,{Nuria MalatsAlfredo CarratoManolis KogevinasNathaniel RothmanConsol SerraReina Garcia-ClosasDebra SilvermanAdonina TardonKenneth P. CantorMustafa DosemeciGemma Castano-VinyalsRoel Vermeulen},"{""Nuria Malats""""Alfredo Carrato""""Manolis Kogevinas""""Nathaniel Rothman""""Consol Serra""""Reina Garcia-Closas""""Debra Silverman""""Adonina Tardon""""Kenneth P. Cantor""""Mustafa Dosemeci""""Gemma Castano-Vinyals""""Roel Vermeulen""}"
author_list,733,{Michael E ThaseYounghua WangApril E HarriettMelinda MittonCarol B RockettBarbara R HaightJack G ModellNathalie RichardSusan VanMeter},"{""Michael E Thase""""Younghua Wang""""April E Harriett""""Melinda Mitton""""Carol B Rockett""""Barbara R Haight""""Jack G Modell""""Nathalie Richard""""Susan VanMeter""}"
author_list,734,{C. JahanchahiC. C. TookB. C. UjangD. P. Mandic},"{""C. Jahanchahi""""C. C. Took""""B. C. Ujang""""D. P. Mandic""}"
author_list,735,{Marlos Rodrigues DominguesAna Claudia Gastal FassaMaria Laura Vidal Carret},"{""Marlos Rodrigues Domingues""""Ana Claudia Gastal Fassa""""Maria Laura Vidal Carret""}"
author_list,736,{M. C. Klein},"{""M. C. Klein""}"
author_list,737,{George E. WoodyAnne GellerEdgar H. AdamsTheodore J. CiceroAlvaro MunozEdward C. SenayJames A. Inciardi},"{""George E. Woody""""Anne Geller""""Edgar H. Adams""""Theodore J. Cicero""""Alvaro Munoz""""Edward C. Senay""""James A. Inciardi""}"
author_list,738,{Sergio GarridoAngeles PulgarStefan DuschekMar�_a Mart�_n-V��zquezGustavo A Reyes Del Paso},"{""Sergio Garrido""""Angeles Pulgar""""Stefan Duschek""""Mar�_a Mart�_n-V��zquez""""Gustavo A Reyes Del Paso""}"
author_list,739,{Ugurel S.Schadendorf D.Garbe C.Trefzer U.Egberts F.Hassel J.Weichenthal M.Hauschild A.Mauch C.Gutzmer R.},"{""Ugurel S.""""Schadendorf D.""""Garbe C.""""Trefzer U.""""Egberts F.""""Hassel J.""""Weichenthal M.""""Hauschild A.""""Mauch C.""""Gutzmer R.""}"
author_list,740,{P. DomicelA. TammelinE. StahleA. Hambraeus},"{""P. Domicel""""A. Tammelin""""E. Stahle""""A. Hambraeus""}"
author_list,741,{Komla TseyMelissa R HaswellLyndon ReillyDavid KavanaghChris DoranArlene LaliberteAndrew WilsonYvonne Cadet-James},"{""Komla Tsey""""Melissa R Haswell""""Lyndon Reilly""""David Kavanagh""""Chris Doran""""Arlene Laliberte""""Andrew Wilson""""Yvonne Cadet-James""}"
author_list,742,{K. RadigA. RoessnerP. Buhtz},"{""K. Radig""""A. Roessner""""P. Buhtz""}"
author_list,743,{Geoffrey C. WilliamsBai Brownson Difranza Gehrman Glantz Law Mokdad Ory Panagiotakos Pechacek Pyle Sargent Sweda Whincup Whitlock Arcavi},"{""Geoffrey C. Williams""""Bai Brownson Difranza Gehrman Glantz Law Mokdad Ory Panagiotakos Pechacek Pyle Sargent Sweda Whincup Whitlock Arcavi""}"
author_list,745,{M ChouchkovaA Engibarov},"{""M Chouchkova""""A Engibarov""}"
author_list,746,{N. HarcourtS. C. MasriM. ColvinG. Raveendran},"{""N. Harcourt""""S. C. Masri""""M. Colvin""""G. Raveendran""}"
author_list,747,{S. M. SmithA. D. MarinovR. HirschD. S. BushnellB. T. CampfieldH. C. BlairY. Chaly},"{""S. M. Smith""""A. D. Marinov""""R. Hirsch""""D. S. Bushnell""""B. T. Campfield""""H. C. Blair""""Y. Chaly""}"
author_list,749,{T. SentellT. UsagawaM. HagiwaraT. PeacockH. Hee HeoM. G. PearceL. ChoyM. R. Dela Cruz},"{""T. Sentell""""T. Usagawa""""M. Hagiwara""""T. Peacock""""H. Hee Heo""""M. G. Pearce""""L. Choy""""M. R. Dela Cruz""}"
author_list,750,{M WabitschA MossD Kunze},"{""M Wabitsch""""A Moss""""D Kunze""}"
author_list,751,{R. CN  - PubMed DA  - Feb DP  - NLM ET  - 2004/03/05 Boyle},"{""R. CN  - PubMed DA  - Feb DP  - NLM ET  - 2004/03/05 Boyle""}"
author_list,752,{Shauna S Roberts},"{""Shauna S Roberts""}"
author_list,753,{Linda M. BurtonAltman Bullard Burton Burton Burton Burton Burton Clark Conley Dilworth-Williams Fischer Foucault Franklin Gieryn Gilbert Goering Hooks Howard Kidder Lahiri Lawson Clark Lawson Clark Lawson Clark Low Massey Oliver Perkins Rosenbaum Rosenbaum Sanders Stack AllanSherri Lawson Clark},"{""Linda M. Burton""""Altman Bullard Burton Burton Burton Burton Burton Clark Conley Dilworth-Williams Fischer Foucault Franklin Gieryn Gilbert Goering Hooks Howard Kidder Lahiri Lawson Clark Lawson Clark Lawson Clark Low Massey Oliver Perkins Rosenbaum Rosenbaum Sanders Stack Allan""""Sherri Lawson Clark""}"
author_list,754,{Yan-Yan LiYun QianChuan-Wei Zhou},"{""Yan-Yan Li""""Yun Qian""""Chuan-Wei Zhou""}"
author_list,755,{T. Sone},"{""T. Sone""}"
author_list,756,{S. B. LevyA. O. Shogbon},"{""S. B. Levy""""A. O. Shogbon""}"
author_list,757,{Y L Ku},"{""Y L Ku""}"
author_list,759,{S. AshelfordV. Taylor},"{""S. Ashelford""""V. Taylor""}"
author_list,760,{Dilokthornsakul P.Joo M.J.Lee T.A.Pickard A.S.Lin F.J.},"{""Dilokthornsakul P.""""Joo M.J.""""Lee T.A.""""Pickard A.S.""""Lin F.J.""}"
author_list,761,{W. HunzikerK. H. Tan},"{""W. Hunziker""""K. H. Tan""}"
author_list,762,{Saadettin KilickapOmer DizdarSercan AksoyIbrahim BaristaHakan HarputluogluKadri AltundagDidem Sener Dede},"{""Saadettin Kilickap""""Omer Dizdar""""Sercan Aksoy""""Ibrahim Barista""""Hakan Harputluoglu""""Kadri Altundag""""Didem Sener Dede""}"
author_list,763,{Carol E BarnewoltHiroto HatabuMizuki NishinoDeborah LevineHenry A FeldmanJudy A EstroffValerie L Ward},"{""Carol E Barnewolt""""Hiroto Hatabu""""Mizuki Nishino""""Deborah Levine""""Henry A Feldman""""Judy A Estroff""""Valerie L Ward""}"
author_list,764,{S. DeyP. BhattacharyyaB. K. BiswasB. BhattaraiP. Bhakta},"{""S. Dey""""P. Bhattacharyya""""B. K. Biswas""""B. Bhattarai""""P. Bhakta""}"
author_list,765,{[Collective Name] CARE GroupJoel J GagnierDavid MoherDouglas G AltmanGunver KienleDavid RileyHarold Sox},"{""[Collective Name] CARE Group""""Joel J Gagnier""""David Moher""""Douglas G Altman""""Gunver Kienle""""David Riley""""Harold Sox""}"
author_list,766,{Sandra M WalshShiue Chen},"{""Sandra M Walsh""""Shiue Chen""}"
author_list,768,{Y Matsushima},"{""Y Matsushima""}"
author_list,769,{Daiki UchidaYukihiro SaitoHisashi UchidaAtsuhiro KoyaNobuyoshi Azuma},"{""Daiki Uchida""""Yukihiro Saito""""Hisashi Uchida""""Atsuhiro Koya""""Nobuyoshi Azuma""}"
author_list,770,{Skye P BarbicPaul W AndrewsZachary Durisko},"{""Skye P Barbic""""Paul W Andrews""""Zachary Durisko""}"
author_list,771,{G Boutet},"{""G Boutet""}"
author_list,772,{M LadettoD CaraccioloG RossiC MarinoneL BerguiA CutticaA SalomoneM BoccadoroI RiccaC TarellaM PaganoF ZallioP GavarottiA PileriA de Crescenzo},"{""M Ladetto""""D Caracciolo""""G Rossi""""C Marinone""""L Bergui""""A Cuttica""""A Salomone""""M Boccadoro""""I Ricca""""C Tarella""""M Pagano""""F Zallio""""P Gavarotti""""A Pileri""""A de Crescenzo""}"
author_list,773,{Carolyn Gotay},"{""Carolyn Gotay""}"
author_list,774,{Chunhui WangRichard HayesLouise KuhnStephen ShiboskiJennifer S SmithNatasha L LarkeDeborah Watson-JonesCatherine F HoulihanPatti E GravittKaren K Smith-McCune},"{""Chunhui Wang""""Richard Hayes""""Louise Kuhn""""Stephen Shiboski""""Jennifer S Smith""""Natasha L Larke""""Deborah Watson-Jones""""Catherine F Houlihan""""Patti E Gravitt""""Karen K Smith-McCune""}"
author_list,775,{M MikkonenR KotilainenA Kullaa-Mikkonen},"{""M Mikkonen""""R Kotilainen""""A Kullaa-Mikkonen""}"
author_list,776,{M. Galus},"{""M. Galus""}"
author_list,777,{Raymond N. Perrin},"{""Raymond N. Perrin""}"
author_list,778,{Z. HirschfeldI. BrinA. FuksM. Guelmann},"{""Z. Hirschfeld""""I. Brin""""A. Fuks""""M. Guelmann""}"
author_list,779,{A. R. AleandriD. ManciniT. CosentiniR. Le DonneN. Colavita},"{""A. R. Aleandri""""D. Mancini""""T. Cosentini""""R. Le Donne""""N. Colavita""}"
author_list,780,{Masayuki OtsukiMakoto ArakawaHidekazu SonodaYasutaka SasafuchiYuichi KitasakoJunji Tagami},"{""Masayuki Otsuki""""Makoto Arakawa""""Hidekazu Sonoda""""Yasutaka Sasafuchi""""Yuichi Kitasako""""Junji Tagami""}"
author_list,781,{B. PollinC. GenyJ. P. NguyenP. CesaroA. Feve},"{""B. Pollin""""C. Geny""""J. P. Nguyen""""P. Cesaro""""A. Feve""}"
author_list,782,{Scott O LilienfeldKeli Holloway AllenHoward N GarbJessica L WildermuthM Teresa NezworskiJames M Wood},"{""Scott O Lilienfeld""""Keli Holloway Allen""""Howard N Garb""""Jessica L Wildermuth""""M Teresa Nezworski""""James M Wood""}"
author_list,783,{NCT01893931 },"{""NCT01893931 ""}"
author_list,784,{Wu-Yuin HwangGuo-Liang Hsu},"{""Wu-Yuin Hwang""""Guo-Liang Hsu""}"
author_list,785,{V CerabonaM WachockaU MoscatoV CamisaM G TucciS ZaffinaV MontaldiA Poscia},"{""V Cerabona""""M Wachocka""""U Moscato""""V Camisa""""M G Tucci""""S Zaffina""""V Montaldi""""A Poscia""}"
author_list,786,{V. HirshJ.Y. HanF. BlackhallS. IyerD.W. KimA. ShawA. ReismanK. WilnerH. NokiharaB. Besse},"{""V. Hirsh""""J.Y. Han""""F. Blackhall""""S. Iyer""""D.W. Kim""""A. Shaw""""A. Reisman""""K. Wilner""""H. Nokihara""""B. Besse""}"
author_list,787,{S. SarkarS. Grover},"{""S. Sarkar""""S. Grover""}"
author_list,788,{P K Shestakov},"{""P K Shestakov""}"
author_list,789,{Patrick RoystonRachel WatersSusan MallettDouglas G AltmanSusan Dutton},"{""Patrick Royston""""Rachel Waters""""Susan Mallett""""Douglas G Altman""""Susan Dutton""}"
author_list,790,{J. M. NealD. J. KopaczM. A. LewisJ. J. Deck},"{""J. M. Neal""""D. J. Kopacz""""M. A. Lewis""""J. J. Deck""}"
author_list,791,{Lucio MontebugnoliLuca MorandiLuca ScapoliAnnalisa PalmieriDavide B GissiMaria Pia FoschiniIlaria Manelli},"{""Lucio Montebugnoli""""Luca Morandi""""Luca Scapoli""""Annalisa Palmieri""""Davide B Gissi""""Maria Pia Foschini""""Ilaria Manelli""}"
author_list,792,{Rossana De PalmaPaolo OrtolaniCaterina CaminitiEmilia SolinasPiera Angelica MerliniDiego ArdissinoGiorgia PaoliMaria Francesca NotarangeloPaolo GuastarobaAntonio MarzocchiLuigi VignaliRoxana MehranAntonio Manari},"{""Rossana De Palma""""Paolo Ortolani""""Caterina Caminiti""""Emilia Solinas""""Piera Angelica Merlini""""Diego Ardissino""""Giorgia Paoli""""Maria Francesca Notarangelo""""Paolo Guastaroba""""Antonio Marzocchi""""Luigi Vignali""""Roxana Mehran""""Antonio Manari""}"
author_list,793,{I. DelgadoJ. Vega},"{""I. Delgado""""J. Vega""}"
author_list,794,{Linda L. MorrisAndrea WhitmerErik McIntosh},"{""Linda L. Morris""""Andrea Whitmer""""Erik McIntosh""}"
author_list,795,{C PithanM MazariegosN W SolomonsP F�_rst},"{""C Pithan""""M Mazariegos""""N W Solomons""""P F�_rst""}"
author_list,796,{Martijn W HeymansTobias van den BergHan J R AnemaLieke van OortBart W KoesArianne P VerhagenRiekie H C W de Vet},"{""Martijn W Heymans""""Tobias van den Berg""""Han J R Anema""""Lieke van Oort""""Bart W Koes""""Arianne P Verhagen""""Riekie H C W de Vet""}"
author_list,797,{Ronaldo FazziAna Estela HaddadMaria Salete Nah��s Pires Corr̻a},"{""Ronaldo Fazzi""""Ana Estela Haddad""""Maria Salete Nah��s Pires Corr̻a""}"
author_list,798,{Jeff KnightJeffery M SmithThomas E TrumbleWren V McCallister},"{""Jeff Knight""""Jeffery M Smith""""Thomas E Trumble""""Wren V McCallister""}"
author_list,800,{Maarten J PostmaPetros PechlivanoglouJelena Stevanovic},"{""Maarten J Postma""""Petros Pechlivanoglou""""Jelena Stevanovic""}"
author_list,801,{Jennifer PayneRukshanda AhmadGregory DoyleNorm PhillipsAnna M ChiarelliChristine WilsonKathleen DeckerAndrew ColdmanBin ZhangJacques Brisson},"{""Jennifer Payne""""Rukshanda Ahmad""""Gregory Doyle""""Norm Phillips""""Anna M Chiarelli""""Christine Wilson""""Kathleen Decker""""Andrew Coldman""""Bin Zhang""""Jacques Brisson""}"
author_list,802,{J�_rgen RehmGerhard GmelMaurizio TrevisanChristopher T Sempos},"{""J�_rgen Rehm""""Gerhard Gmel""""Maurizio Trevisan""""Christopher T Sempos""}"
author_list,803,{S. FurmanD. T. KawanishiS. L. Song},"{""S. Furman""""D. T. Kawanishi""""S. L. Song""}"
author_list,804,{E. J. FrewJ. L. WolstenholmeD. K. Whynes},"{""E. J. Frew""""J. L. Wolstenholme""""D. K. Whynes""}"
author_list,805,{H.M. SussmanP. FranklinT. Simon},"{""H.M. Sussman""""P. Franklin""""T. Simon""}"
author_list,806,{Li X.-H.Li G.-C.Xie Y.-L.Shang H.-C.Chi K.-L.Jin Y.-H.},"{""Li X.-H.""""Li G.-C.""""Xie Y.-L.""""Shang H.-C.""""Chi K.-L.""""Jin Y.-H.""}"
author_list,807,{Annalisa AnsaloniJae Sun JeongFrancesco Simone RuggeriGiovanni DietlerZhe-Ming WangHilal A Lashuel},"{""Annalisa Ansaloni""""Jae Sun Jeong""""Francesco Simone Ruggeri""""Giovanni Dietler""""Zhe-Ming Wang""""Hilal A Lashuel""}"
author_list,808,{Gianluca RigatelliPaolo CardaioliMassimo GiordanAshesh BuchLaura OlivaDobrin VassilievAravinda NanjiundappaFabio Dell'AvvocataRamesh DaggubatiDario Adami},"{""Gianluca Rigatelli""""Paolo Cardaioli""""Massimo Giordan""""Ashesh Buch""""Laura Oliva""""Dobrin Vassiliev""""Aravinda Nanjiundappa""""Fabio Dell'Avvocata""""Ramesh Daggubati""""Dario Adami""}"
author_list,809,{Hanan Al-ModallalAnn PedenDebra Anderson},"{""Hanan Al-Modallal""""Ann Peden""""Debra Anderson""}"
author_list,810,{M. S. Goromossow},"{""M. S. Goromossow""}"
author_list,811,{NCT01713205 },"{""NCT01713205 ""}"
author_list,813,{J. SaengsuwanK. SawanyawisuthN. UngtrakulJ. Saengsuwan},"{""J. Saengsuwan""""K. Sawanyawisuth""""N. Ungtrakul""""J. Saengsuwan""}"
author_list,814,{P G̩rardJ MontesantiP LepageM M Massin},"{""P G̩rard""""J Montesanti""""P Lepage""""M M Massin""}"
author_list,815,{K. PeiskerB. SinghS. SanyalQ. ChaiX. GeN. MetzendorfS. Dasgupta},"{""K. Peisker""""B. Singh""""S. Sanyal""""Q. Chai""""X. Ge""""N. Metzendorf""""S. Dasgupta""}"
author_list,816,{N. A. Mark EstesScott McNittWojciech ZarebaBronislava PolonskyDouglas LaidlawMark S. LinkFrank MarcusKathleen Gear},"{""N. A. Mark Estes""""Scott McNitt""""Wojciech Zareba""""Bronislava Polonsky""""Douglas Laidlaw""""Mark S. Link""""Frank Marcus""""Kathleen Gear""}"
author_list,817,{R. A. OrdA. SalamaR. MovahedS. A. McClure},"{""R. A. Ord""""A. Salama""""R. Movahed""""S. A. McClure""}"
author_list,818,{B. T. Rudd},"{""B. T. Rudd""}"
author_list,819,{L. StarkaJ. VrbikovaM. DA  - Dec DP  - Nlm ET  - 2006/03/24 HillM. DuskovaI. Cermakova},"{""L. Starka""""J. Vrbikova""""M. DA  - Dec DP  - Nlm ET  - 2006/03/24 Hill""""M. Duskova""""I. Cermakova""}"
author_list,820,{Cayetano K.Ghannam D.Rawat N.},"{""Cayetano K.""""Ghannam D.""""Rawat N.""}"
author_list,821,{C. CorettiC. NapoliG. LoveroM. T. MontagnaG. CaggianoG. ScarafileO. de Giglio},"{""C. Coretti""""C. Napoli""""G. Lovero""""M. T. Montagna""""G. Caggiano""""G. Scarafile""""O. de Giglio""}"
author_list,822,{Eunice Molinar-ToribioBenjam�_n Pi̱aLivia G�_mezJara P̩rez-Jim̩nezMarta CasadoSara Ramos-RomeroPere Clap̩sJosep Llu�_s Torres},"{""Eunice Molinar-Toribio""""Benjam�_n Pi̱a""""Livia G�_mez""""Jara P̩rez-Jim̩nez""""Marta Casado""""Sara Ramos-Romero""""Pere Clap̩s""""Josep Llu�_s Torres""}"
author_list,824,{David CooperErik K Alexander},"{""David Cooper""""Erik K Alexander""}"
author_list,825,{Susanna C LarssonAnn BurgazAlicja WolkNicola Orsini},"{""Susanna C Larsson""""Ann Burgaz""""Alicja Wolk""""Nicola Orsini""}"
author_list,826,{R CondliffeJ HurdmanJ M WildD G KielyS RajaramA J SwiftC A ElliotC DaviesC HillI SabroeC Johns},"{""R Condliffe""""J Hurdman""""J M Wild""""D G Kiely""""S Rajaram""""A J Swift""""C A Elliot""""C Davies""""C Hill""""I Sabroe""""C Johns""}"
author_list,827,{X. H. LYWXWF Wu},"{""X. H. LYWXWF Wu""}"
author_list,828,{Amanda DevineNicole AustinRichard L PrinceKun ZhuDavid Bruce},"{""Amanda Devine""""Nicole Austin""""Richard L Prince""""Kun Zhu""""David Bruce""}"
author_list,829,{S. B. VenkateshiahN. A. Collop},"{""S. B. Venkateshiah""""N. A. Collop""}"
author_list,830,{Mark A FogelMichael V Di MariaMatthew A HarrisMeryl S CohenKevin K Whitehead},"{""Mark A Fogel""""Michael V Di Maria""""Matthew A Harris""""Meryl S Cohen""""Kevin K Whitehead""}"
author_list,831,{T. V. ClowardJ. M. WalkerS. RhondeauR. J. Farney},"{""T. V. Cloward""""J. M. Walker""""S. Rhondeau""""R. J. Farney""}"
author_list,832,{Nobuhiko EmiMasamitsu YanadaTomoki NaoeKeitaro Matsuo},"{""Nobuhiko Emi""""Masamitsu Yanada""""Tomoki Naoe""""Keitaro Matsuo""}"
author_list,834,{Stephen A GeraciMohammed KaziChristian A Koch},"{""Stephen A Geraci""""Mohammed Kazi""""Christian A Koch""}"
author_list,835,{Kwok M HoGeoffrey J DobbSteven A R Webb},"{""Kwok M Ho""""Geoffrey J Dobb""""Steven A R Webb""}"
author_list,836,{Martinez-Indart LCacicedo Jdel HoyoGomez-Iturriaga ACasquero FLopez J LBilbao PO },"{""Martinez-Indart L""""Cacicedo J""""del Hoyo""""Gomez-Iturriaga A""""Casquero F""""Lopez J L""""Bilbao P""""O ""}"
author_list,837,{M C NevittL PalermoH K GenantR San ValentinD M BlackR EpsteinS R Cummings},"{""M C Nevitt""""L Palermo""""H K Genant""""R San Valentin""""D M Black""""R Epstein""""S R Cummings""}"
author_list,838,{C K NaspitzJ O Warner},"{""C K Naspitz""""J O Warner""}"
author_list,839,{David B HoytSandro B RizoliAndrew J BakerEileen M BulgerWolfgang G JungerJoseph CuschieriShawn G RhindPang N Shek},"{""David B Hoyt""""Sandro B Rizoli""""Andrew J Baker""""Eileen M Bulger""""Wolfgang G Junger""""Joseph Cuschieri""""Shawn G Rhind""""Pang N Shek""}"
author_list,840,{S. TruongK. H. TreutnerM. JansenC. SchravenV. DA  - Jul DP  - NLM ET  - 1999/07/03 SchumpelickJ. Neuerburg},"{""S. Truong""""K. H. Treutner""""M. Jansen""""C. Schraven""""V. DA  - Jul DP  - NLM ET  - 1999/07/03 Schumpelick""""J. Neuerburg""}"
author_list,842,{Somjot S BrarWilliam A Gray},"{""Somjot S Brar""""William A Gray""}"
author_list,843,{S Y ChenH ChenH Y LiJ ZhangY H Hua},"{""S Y Chen""""H Chen""""H Y Li""""J Zhang""""Y H Hua""}"
author_list,844,{J R DettoriB D PearsonC J BasmaniaW M Lednar},"{""J R Dettori""""B D Pearson""""C J Basmania""""W M Lednar""}"
author_list,845,{C. JayasumanaR. GajanayakeS. Siribaddana},"{""C. Jayasumana""""R. Gajanayake""""S. Siribaddana""}"
author_list,846,{S. Homola},"{""S. Homola""}"
author_list,847,{Konstantinos NastosKonstantinos EvangelouMarilena PapaioannouJohn VlachogiannakosMaria GazouliApostolos PapaloisChristos ZeglinasIoannis PapaconstantinouPanagis LykoudisCharalampos TzathasAnneza Yiallourou},"{""Konstantinos Nastos""""Konstantinos Evangelou""""Marilena Papaioannou""""John Vlachogiannakos""""Maria Gazouli""""Apostolos Papalois""""Christos Zeglinas""""Ioannis Papaconstantinou""""Panagis Lykoudis""""Charalampos Tzathas""""Anneza Yiallourou""}"
author_list,848,{Suzanne B. StewartPhillip DahmD DB  - rzh DO  - 10.4103/0970-1591.91446 DP  - EBSCOhost},"{""Suzanne B. Stewart""""Phillip Dahm""""D DB  - rzh DO  - 10.4103/0970-1591.91446 DP  - EBSCOhost""}"
author_list,849,{E H ChoyD L ScottP A ScottG H KingsleyC M Smith},"{""E H Choy""""D L Scott""""P A Scott""""G H Kingsley""""C M Smith""}"
author_list,850,{Beth Anne Clavenna-Deane},"{""Beth Anne Clavenna-Deane""}"
author_list,851,{Ruud R M BosGerry M RaghoebarPepijn F M GielkensBoudewijn Stegenga},"{""Ruud R M Bos""""Gerry M Raghoebar""""Pepijn F M Gielkens""""Boudewijn Stegenga""}"
author_list,852,{D. R. SullivanG. Netzer},"{""D. R. Sullivan""""G. Netzer""}"
author_list,853,{Yusuf SFox KAChow CKAnand SSJolly SRao-Melacini P},"{""Yusuf S""""Fox KA""""Chow CK""""Anand SS""""Jolly S""""Rao-Melacini P""}"
author_list,854,{G Jayashree JagadeeshDavid L NelsonTaizo WadaFabio Candotti},"{""G Jayashree Jagadeesh""""David L Nelson""""Taizo Wada""""Fabio Candotti""}"
author_list,855,{A van BredaM B von BartheldJ T Annema},"{""A van Breda""""M B von Bartheld""""J T Annema""}"
author_list,856,{S. A. BrownF. B. Garry},"{""S. A. Brown""""F. B. Garry""}"
author_list,857,{NCT01153620 },"{""NCT01153620 ""}"
author_list,858,{S. LinS. E. NissenK. WolskiI. SipahiE. M. TuzcuS. J. NichollsT. ChurchillP. SchoenhagenT. CroweC. WangA. LoydC. Apperson-HansenW. A. Magyar},"{""S. Lin""""S. E. Nissen""""K. Wolski""""I. Sipahi""""E. M. Tuzcu""""S. J. Nicholls""""T. Churchill""""P. Schoenhagen""""T. Crowe""""C. Wang""""A. Loyd""""C. Apperson-Hansen""""W. A. Magyar""}"
author_list,859,{A. M. HibbsD. M. BlackJ. A. F. ZupancicA. CnaanP. L. BallardS. R. WadlingerL. PalermoW. E. TruogR. A. Ballard},"{""A. M. Hibbs""""D. M. Black""""J. A. F. Zupancic""""A. Cnaan""""P. L. Ballard""""S. R. Wadlinger""""L. Palermo""""W. E. Truog""""R. A. Ballard""}"
author_list,860,{R. ArabyatD. W. Raisch},"{""R. Arabyat""""D. W. Raisch""}"
author_list,861,{Francitorra MESanchez GSManrique CAVelasco TTCastany A REscriche XFFern����ndez CSFornell LL���lvarez S���Fern����ndez EARodriguez MVFSim���_ MRMayo EP},"{""Francitorra ME""""Sanchez GS""""Manrique CA""""Velasco TT""""Castany A R""""Escriche XF""""Fern����ndez CS""""Fornell LL""""���lvarez S���""""Fern����ndez EA""""Rodriguez MVF""""Sim���_ MR""""Mayo EP""}"
author_list,862,{Nk ShuklaSn DasP GaurAk Singh},"{""Nk Shukla""""Sn Das""""P Gaur""""Ak Singh""}"
author_list,863,{Venancio Mart�_nez Su��rez},"{""Venancio Mart�_nez Su��rez""}"
author_list,864,{Margarita Admetlla FalguerasJosep Fust��� Sugra���es},"{""Margarita Admetlla Falgueras""""Josep Fust��� Sugra���es""}"
author_list,865,{Perjohan LindforsLiselotte JanssonBrjann LjotssonLisa FalkErik HedmanChristian RuckAmanda Wibron VesterlundSergej AndreewitchNils LindeforsGerhard AnderssonTimo Hursti},"{""Perjohan Lindfors""""Liselotte Jansson""""Brjann Ljotsson""""Lisa Falk""""Erik Hedman""""Christian Ruck""""Amanda Wibron Vesterlund""""Sergej Andreewitch""""Nils Lindefors""""Gerhard Andersson""""Timo Hursti""}"
author_list,866,{Michio FukumizuMarie J HayesMakiko KagaJun Kohyama},"{""Michio Fukumizu""""Marie J Hayes""""Makiko Kaga""""Jun Kohyama""}"
author_list,867,{I Marshall},"{""I Marshall""}"
author_list,868,{Andrea TendasPaolo de FabritiisMarco GiovanniniDaniela PiccioniRoberto PalumboAlessio Pio PerrottiLuca CupelliTeresa DentamaroLaura ScaramucciPasquale Niscola},"{""Andrea Tendas""""Paolo de Fabritiis""""Marco Giovannini""""Daniela Piccioni""""Roberto Palumbo""""Alessio Pio Perrotti""""Luca Cupelli""""Teresa Dentamaro""""Laura Scaramucci""""Pasquale Niscola""}"
author_list,870,{P. KludingS. A. DA  - Winter DO  - 10.1310/let5-xnby-98q6-q8tg DP  - NLM ET  - 2005/03/01 Billinger},"{""P. Kluding""""S. A. DA  - Winter DO  - 10.1310/let5-xnby-98q6-q8tg DP  - NLM ET  - 2005/03/01 Billinger""}"
author_list,871,{G. BauerE. LaffaireL. BouzasC. GilliL. NovaliS. P. RodriguezD. FarinaH. Gonzalez},"{""G. Bauer""""E. Laffaire""""L. Bouzas""""C. Gilli""""L. Novali""""S. P. Rodriguez""""D. Farina""""H. Gonzalez""}"
author_list,872,{Thirimon Moe-ByrneDuncan ChambersMelissa HardenCatriona McDaid},"{""Thirimon Moe-Byrne""""Duncan Chambers""""Melissa Harden""""Catriona McDaid""}"
author_list,873,{K J Berkley},"{""K J Berkley""}"
author_list,874,{M. WangG. StewartJ. F. TierneyG. SpilopoulosW. DuncanH. S. HansenZ. RhugangM. K. ParmarA. RousellB. LaunoisK. NygaardS. J. ArnottM. Gignoux},"{""M. Wang""""G. Stewart""""J. F. Tierney""""G. Spilopoulos""""W. Duncan""""H. S. Hansen""""Z. Rhugang""""M. K. Parmar""""A. Rousell""""B. Launois""""K. Nygaard""""S. J. Arnott""""M. Gignoux""}"
author_list,875,{Axel SchindelhauerPauline Wimberger},"{""Axel Schindelhauer""""Pauline Wimberger""}"
author_list,876,{D. RussellP. LinckR. HibbsI. RussellR. MuntzN. H. WilliamsB. C1  - Fr̴n RCT-șkningen CN  - Pubmed DA  - Dec DO  - 10.1093/fampra/cmh612 DP  - NLM ET  - 2004/11/09 HounsomeR. T. EdwardsC. Wilkinson},"{""D. Russell""""P. Linck""""R. Hibbs""""I. Russell""""R. Muntz""""N. H. Williams""""B. C1  - Fr̴n RCT-șkningen CN  - Pubmed DA  - Dec DO  - 10.1093/fampra/cmh612 DP  - NLM ET  - 2004/11/09 Hounsome""""R. T. Edwards""""C. Wilkinson""}"
author_list,877,{E. M. CN  - PubMed DA  - Summer DP  - NLM ET  - 1993/07/01 BohligJ. A. Scott-LennoxR. D. Lennox},"{""E. M. CN  - PubMed DA  - Summer DP  - NLM ET  - 1993/07/01 Bohlig""""J. A. Scott-Lennox""""R. D. Lennox""}"
author_list,879,{J M CislerT MletzkoC D KiltsS TripathiG A JamesX P HuC HeimC B NemeroffH S Mayberg},"{""J M Cisler""""T Mletzko""""C D Kilts""""S Tripathi""""G A James""""X P Hu""""C Heim""""C B Nemeroff""""H S Mayberg""}"
author_list,880,{L N Meurer},"{""L N Meurer""}"
author_list,881,{T Fors̩nJ ErikssonC OsmondD Barker},"{""T Fors̩n""""J Eriksson""""C Osmond""""D Barker""}"
author_list,882,{Albert K. K. ChungSiew-eng Chua},"{""Albert K. K. Chung""""Siew-eng Chua""}"
author_list,883,{P. PhanthunaneM. BertramH. WhitefordT. Vos},"{""P. Phanthunane""""M. Bertram""""H. Whiteford""""T. Vos""}"
author_list,884,{E Fujimaki},"{""E Fujimaki""}"
author_list,885,{H. Shue},"{""H. Shue""}"
author_list,886,{S. EwenF. MahfoudM. Bohm},"{""S. Ewen""""F. Mahfoud""""M. Bohm""}"
author_list,887,{O. ThuemerS. G. SakkaE. Huttemann},"{""O. Thuemer""""S. G. Sakka""""E. Huttemann""}"
author_list,888,{Adam WitkowskiAjay K JainIvan CasserlyDavid E KandzariDavid DeatonPaul A SobotkaJohn P ForanKrishna J Rocha-SinghBarry T KatzenPeter Balmforth},"{""Adam Witkowski""""Ajay K Jain""""Ivan Casserly""""David E Kandzari""""David Deaton""""Paul A Sobotka""""John P Foran""""Krishna J Rocha-Singh""""Barry T Katzen""""Peter Balmforth""}"
author_list,889,{Zhigang ChenMinyue JiaXiaoying ZhaoXin He},"{""Zhigang Chen""""Minyue Jia""""Xiaoying Zhao""""Xin He""}"
author_list,890,{Anastasiou MTzortzopoulou AEmexidis TKoudouna EPouliou AVasilas N},"{""Anastasiou M""""Tzortzopoulou A""""Emexidis T""""Koudouna E""""Pouliou A""""Vasilas N""}"
author_list,891,{D. M. B. HallE. Holroyd},"{""D. M. B. Hall""""E. Holroyd""}"
author_list,892,{M. A. ShahS. F. ViegasR. P. MorrisR. M. PattersonD. Osada},"{""M. A. Shah""""S. F. Viegas""""R. P. Morris""""R. M. Patterson""""D. Osada""}"
author_list,893,{A. SenguptaD. DA  - Feb DO  - 23/1/63 [pii] DP  - Nlm ET  - 2008/01/22 KarsiesG. U. Liepa},"{""A. Sengupta""""D. DA  - Feb DO  - 23/1/63 [pii] DP  - Nlm ET  - 2008/01/22 Karsies""""G. U. Liepa""}"
author_list,894,{Gerard H KoppelmanJohan C de JongsteLiset E M ElstgeestHenri��tte A SmitUlrike GehringAnnemien Haveman-NiesMarjan KerkhofMarga B M BekkersAlet H WijgaSalome Scholtens},"{""Gerard H Koppelman""""Johan C de Jongste""""Liset E M Elstgeest""""Henri��tte A Smit""""Ulrike Gehring""""Annemien Haveman-Nies""""Marjan Kerkhof""""Marga B M Bekkers""""Alet H Wijga""""Salome Scholtens""}"
author_list,895,{S. G. DB  - c8h DO  - 10.1097/01.NURSE000343454.35505.5a DP  - EBSCOhost Camden},"{""S. G. DB  - c8h DO  - 10.1097/01.NURSE000343454.35505.5a DP  - EBSCOhost Camden""}"
author_list,896,{S. N. PenningtonI. A. Shibley},"{""S. N. Pennington""""I. A. Shibley""}"
author_list,897,{G VillaA ZoppiG D MalamaniG MarasiA VanasiaR Fogari},"{""G Villa""""A Zoppi""""G D Malamani""""G Marasi""""A Vanasia""""R Fogari""}"
author_list,898,{C. HagenK. BrusgaardM. DA  - Mar DO  - jc.2004-1214 [pii] 10.1210/jc.2004-1214 [doi] DP  - Nlm ET  - 2004/12/16 AndersenA. P. HermannJ. HangaardD. Glintborg},"{""C. Hagen""""K. Brusgaard""""M. DA  - Mar DO  - jc.2004-1214 [pii] 10.1210/jc.2004-1214 [doi] DP  - Nlm ET  - 2004/12/16 Andersen""""A. P. Hermann""""J. Hangaard""""D. Glintborg""}"
author_list,900,{Norah J ShireGuy W NeffSteven M Rudich},"{""Norah J Shire""""Guy W Neff""""Steven M Rudich""}"
author_list,901,{Demetrios J. KutsogiannisNeil K. SinglaFrances ChungStephen R. LaneJeremey LevinJoseph V.J. PergolizziBrendan JohnsonLinda BlackburnSonia K. Singla},"{""Demetrios J. Kutsogiannis""""Neil K. Singla""""Frances Chung""""Stephen R. Lane""""Jeremey Levin""""Joseph V.J. Pergolizzi""""Brendan Johnson""""Linda Blackburn""""Sonia K. Singla""}"
author_list,902,{Steven P. CohenGiselle McKnightKayode A. WilliamsJoshua StreamZahid H. BajwaJan J. KraemerRobert W. HurleyAnthony DragovichAnthony Sireci},"{""Steven P. Cohen""""Giselle McKnight""""Kayode A. Williams""""Joshua Stream""""Zahid H. Bajwa""""Jan J. Kraemer""""Robert W. Hurley""""Anthony Dragovich""""Anthony Sireci""}"
author_list,903,{Demosthenes B PanagiotakosKatherine EspositoChristina-Maria KastoriniDario Giugliano},"{""Demosthenes B Panagiotakos""""Katherine Esposito""""Christina-Maria Kastorini""""Dario Giugliano""}"
author_list,904,{S. VerninoP.A. LowP. SandroniK. KimpinskiV. Iodice},"{""S. Vernino""""P.A. Low""""P. Sandroni""""K. Kimpinski""""V. Iodice""}"
author_list,905,{Erik E SuarezBridget N FahyBrian A BrucknerCourtenay R BruceNathan G AllenHarvey L Gordon},"{""Erik E Suarez""""Bridget N Fahy""""Brian A Bruckner""""Courtenay R Bruce""""Nathan G Allen""""Harvey L Gordon""}"
author_list,906,{W. SexauerM. S. KavuruU. VaidK. Gaurav},"{""W. Sexauer""""M. S. Kavuru""""U. Vaid""""K. Gaurav""}"
author_list,907,{Cynthia J. Carson},"{""Cynthia J. Carson""}"
author_list,908,{How LeeGreta G CummingsDaniel ScottE Denise Brown},"{""How Lee""""Greta G Cummings""""Daniel Scott""""E Denise Brown""}"
author_list,909,{M. HeidenE. LyskovM. Barnekow-BergkvistM. Nakata},"{""M. Heiden""""E. Lyskov""""M. Barnekow-Bergkvist""""M. Nakata""}"
author_list,910,{Estela DerazneJeremy D KarkYaron NivLital Keinan-BokerAri ShamissIrena LiphshitzArnon AfekDorit TzurMoshe FurmanZohar Levi},"{""Estela Derazne""""Jeremy D Kark""""Yaron Niv""""Lital Keinan-Boker""""Ari Shamiss""""Irena Liphshitz""""Arnon Afek""""Dorit Tzur""""Moshe Furman""""Zohar Levi""}"
author_list,911,{R. W. NipperC. Q. DoeK. E. PrehodaK. H. SillerN. R. Smith},"{""R. W. Nipper""""C. Q. Doe""""K. E. Prehoda""""K. H. Siller""""N. R. Smith""}"
author_list,912,{Mehak BhatiaShaun K MorrisPrabhat JhaWilson SuraweeraJayadeep PatraCyril PatraPrakash C Gupta},"{""Mehak Bhatia""""Shaun K Morris""""Prabhat Jha""""Wilson Suraweera""""Jayadeep Patra""""Cyril Patra""""Prakash C Gupta""}"
author_list,913,{Ruth H. Striegel-MooreEmilia BarzegarnazariFary M. CachelinCatherine Veisel},"{""Ruth H. Striegel-Moore""""Emilia Barzegarnazari""""Fary M. Cachelin""""Catherine Veisel""}"
author_list,914,{Roya Etemad-RezaiAmir M OwrangiNabil HussainJack ChiuAndrew LuBrandon EntwistleGrace Parraga},"{""Roya Etemad-Rezai""""Amir M Owrangi""""Nabil Hussain""""Jack Chiu""""Andrew Lu""""Brandon Entwistle""""Grace Parraga""}"
author_list,915,{G SpitaleriL AdamoliF VecchioF de BraudC CataniaA DelmonteF ToffalorioT De PasC NoberascoD RadiceA Goldhirsch},"{""G Spitaleri""""L Adamoli""""F Vecchio""""F de Braud""""C Catania""""A Delmonte""""F Toffalorio""""T De Pas""""C Noberasco""""D Radice""""A Goldhirsch""}"
author_list,916,{T. DovanR. R. NeutraD. A. SavitzR. I. Kavet},"{""T. Dovan""""R. R. Neutra""""D. A. Savitz""""R. I. Kavet""}"
author_list,917,{N Black  Brazier J. & Fitzpatrick R.},"{""N Black  Brazier J. & Fitzpatrick R.""}"
author_list,918,{Tom GromannRoland HetzerAlexander MladenowThorsten DrewsSemih BuzAxel UnbehaunStephan DreysseMiralem PasicMarian Kukucka},"{""Tom Gromann""""Roland Hetzer""""Alexander Mladenow""""Thorsten Drews""""Semih Buz""""Axel Unbehaun""""Stephan Dreysse""""Miralem Pasic""""Marian Kukucka""}"
author_list,919,{M P ReillyS KuchiG Furness},"{""M P Reilly""""S Kuchi""""G Furness""}"
author_list,920,{Salvatore DimauroCarolina IoneteHasan O AkmanCarmen ParadasDavid E JonesMichio HiranoPeter N RiskindThomas W SmithHeather Lau},"{""Salvatore Dimauro""""Carolina Ionete""""Hasan O Akman""""Carmen Paradas""""David E Jones""""Michio Hirano""""Peter N Riskind""""Thomas W Smith""""Heather Lau""}"
author_list,921,{A LucianoG Zoppi},"{""A Luciano""""G Zoppi""}"
author_list,922,{Lowery M.},"{""Lowery M.""}"
author_list,923,{Thompson NCCalverley PMAOlsson H},"{""Thompson NC""""Calverley PMA""""Olsson H""}"
author_list,924,{Zhao B.-X.Lao L.Shen X.-Y.Chen H.-Y.},"{""Zhao B.-X.""""Lao L.""""Shen X.-Y.""""Chen H.-Y.""}"
author_list,925,{Delia AguadoJavier BenitoIgnacio A G���_mez de SeguraMariana AbreuJavier Garc���_a-Fern����ndez},"{""Delia Aguado""""Javier Benito""""Ignacio A G���_mez de Segura""""Mariana Abreu""""Javier Garc���_a-Fern����ndez""}"
author_list,926,{J.-M. ZhaoO. Sjaastad},"{""J.-M. Zhao""""O. Sjaastad""}"
author_list,927,{Albert J.J.A.2 ScherpbierZahra1 LadhaniFred C.J.2 Stevens},"{""Albert J.J.A.2 Scherpbier""""Zahra1 Ladhani""""Fred C.J.2 Stevens""}"
author_list,928,{Goveia M.G.Block S.L.Rivers S.B.Dallas M.J.Bauder J.Adeyi B.A.Vesikari T.Heaton P.M.Boslego J.W.},"{""Goveia M.G.""""Block S.L.""""Rivers S.B.""""Dallas M.J.""""Bauder J.""""Adeyi B.A.""""Vesikari T.""""Heaton P.M.""""Boslego J.W.""}"
author_list,929,{H. E. CN  - PubMed DA  - Dec 31 DP  - NLM ET  - 1986/12/31 CotugnoJr. Gallup G.},"{""H. E. CN  - PubMed DA  - Dec 31 DP  - NLM ET  - 1986/12/31 Cotugno""""Jr. Gallup G.""}"
author_list,930,{D. A. GouldJ. McInerneyR. E. HarbaughJ. D. Birkmeyer},"{""D. A. Gould""""J. McInerney""""R. E. Harbaugh""""J. D. Birkmeyer""}"
author_list,931,{Felipe Serṛo de SouzaNey Pecegueiro do AmaralCarlos Henrique MendesHilton Augusto KochVincenzo GiordanoAndr̩ Bergamin},"{""Felipe Serṛo de Souza""""Ney Pecegueiro do Amaral""""Carlos Henrique Mendes""""Hilton Augusto Koch""""Vincenzo Giordano""""Andr̩ Bergamin""}"
author_list,932,{Chu ChenBrian L StromSusan E McCannHarvey A RischLingeng LuFulvio RicceriImmaculata De VivoAmanda B SpurdleSusan E HankinsonPamela J ThompsonCatherine SchairerHerbert YuRadhai RastogiJennifer DohertyCarlotta SacerdoteLaurence N KolonelMia M GaudetKim RobienMarc T GoodmanPiet A van den BrandtRobert A SoslowJolanta LissowskaAnthony B MillerKirsten B MoysichMontserrat Garcia-ClosasSilvia PolidoroLinda S CookKristin E AndersonRayna K MatsunoXiao-ou ShuPenelope M WebbKerry S CourneyaChristine M FriedenreichJo L FreudenheimYong-Bing XiangBrian E HendersonGalina LurieLeo J SchoutenTimothy R RebbeckAnthony M MaglioccoMalcolm C PikeLeslie BernsteinHannah P Yang[Collective Name] Australian National Endometrial Cancer Study GroupSara H OlsonPamela L Horn-RossMarjorie L McCulloughHoda Anton-CulverNoel S WeissJames R CerhanLouise A BrintonAlicja WolkJennifer PrescottXiaolin LiangThomas E RohanYikyung ParkNiclas H̴kanssonVeronica Wendy SetiawanJames V LaceyHui CaiNicolas WentzensenKoen van de Vijver},"{""Chu Chen""""Brian L Strom""""Susan E McCann""""Harvey A Risch""""Lingeng Lu""""Fulvio Ricceri""""Immaculata De Vivo""""Amanda B Spurdle""""Susan E Hankinson""""Pamela J Thompson""""Catherine Schairer""""Herbert Yu""""Radhai Rastogi""""Jennifer Doherty""""Carlotta Sacerdote""""Laurence N Kolonel""""Mia M Gaudet""""Kim Robien""""Marc T Goodman""""Piet A van den Brandt""""Robert A Soslow""""Jolanta Lissowska""""Anthony B Miller""""Kirsten B Moysich""""Montserrat Garcia-Closas""""Silvia Polidoro""""Linda S Cook""""Kristin E Anderson""""Rayna K Matsuno""""Xiao-ou Shu""""Penelope M Webb""""Kerry S Courneya""""Christine M Friedenreich""""Jo L Freudenheim""""Yong-Bing Xiang""""Brian E Henderson""""Galina Lurie""""Leo J Schouten""""Timothy R Rebbeck""""Anthony M Magliocco""""Malcolm C Pike""""Leslie Bernstein""""Hannah P Yang""""[Collective Name] Australian National Endometrial Cancer Study Group""""Sara H Olson""""Pamela L Horn-Ross""""Marjorie L McCullough""""Hoda Anton-Culver""""Noel S Weiss""""James R Cerhan""""Louise A Brinton""""Alicja Wolk""""Jennifer Prescott""""Xiaolin Liang""""Thomas E Rohan""""Yikyung Park""""Niclas H̴kansson""""Veronica Wendy Setiawan""""James V Lacey""""Hui Cai""""Nicolas Wentzensen""""Koen van de Vijver""}"
author_list,935,{P. F. White},"{""P. F. White""}"
author_list,936,{Mark H WilsonLiza ChackoSusan Hendrickson},"{""Mark H Wilson""""Liza Chacko""""Susan Hendrickson""}"
author_list,937,{C. N. SesslerK. KeaneM. J. GrapD. StricklandS. LubinR. TownesP. DalbyJ. EmersonL. TormeyS. Winfield},"{""C. N. Sessler""""K. Keane""""M. J. Grap""""D. Strickland""""S. Lubin""""R. Townes""""P. Dalby""""J. Emerson""""L. Tormey""""S. Winfield""}"
author_list,938,{J. L. GrosfeldS. GotoG. P. GardnerD. F. CanalD. W. Vane},"{""J. L. Grosfeld""""S. Goto""""G. P. Gardner""""D. F. Canal""""D. W. Vane""}"
author_list,939,{E. Flores-GomezF. J. Basterra-GortariC. Sayon-OreaM. A. Martinez-GonzalezA. GeaM. Bes-Rastrollo},"{""E. Flores-Gomez""""F. J. Basterra-Gortari""""C. Sayon-Orea""""M. A. Martinez-Gonzalez""""A. Gea""""M. Bes-Rastrollo""}"
author_list,940,{P. L. RitterK. PlantD. D. LaurentK. R. LorigA. DostI. McNeil},"{""P. L. Ritter""""K. Plant""""D. D. Laurent""""K. R. Lorig""""A. Dost""""I. McNeil""}"
author_list,941,{Choi GSKim JHPark HSYe YMKim SHKim JEJin HJ},"{""Choi GS""""Kim JH""""Park HS""""Ye YM""""Kim SH""""Kim JE""""Jin HJ""}"
author_list,942,{E. IdrizovicA. OdobasicL. DedicA. PasicM. DervisefendicE. Iljazovic-LatifagicA. OdobasicL. Arnautalic},"{""E. Idrizovic""""A. Odobasic""""L. Dedic""""A. Pasic""""M. Dervisefendic""""E. Iljazovic-Latifagic""""A. Odobasic""""L. Arnautalic""}"
author_list,943,{Periyanayagam U.Pang P.S.Kiraly A.Lyden A.Chan J.},"{""Periyanayagam U.""""Pang P.S.""""Kiraly A.""""Lyden A.""""Chan J.""}"
author_list,944,{Verena KlusmannIsabella HeuserAndrea EversRalf Schwarzer},"{""Verena Klusmann""""Isabella Heuser""""Andrea Evers""""Ralf Schwarzer""}"
author_list,945,{Woo Young ParkDo Jin LeeJong Sir LimJong Soo HeoJeoung Yoon SeoRonald D. DeLauneJu Sik Cho},"{""Woo Young Park""""Do Jin Lee""""Jong Sir Lim""""Jong Soo Heo""""Jeoung Yoon Seo""""Ronald D. DeLaune""""Ju Sik Cho""}"
author_list,946,{H. CavusogluT. CanseverA. YilmazY. AydinH. A. GencA. M. MuslumanI. Colak},"{""H. Cavusoglu""""T. Cansever""""A. Yilmaz""""Y. Aydin""""H. A. Genc""""A. M. Musluman""""I. Colak""}"
author_list,947,{Ann J. TurnerDavid H. L. OlsonCarole Y. SchornagelMary HalsdorfElaine A. Blechman},"{""Ann J. Turner""""David H. L. Olson""""Carole Y. Schornagel""""Mary Halsdorf""""Elaine A. Blechman""}"
author_list,950,{Stuart CalverJulia NicholsRachel C1  - Fr̴n systematiska ̦versikter -șkningen CN  - Cinahl DB  - c8h DO  - 10.1179/1743288X12Y000000021 DP  - EBSCOhost Chester},"{""Stuart Calver""""Julia Nichols""""Rachel C1  - Fr̴n systematiska ̦versikter -șkningen CN  - Cinahl DB  - c8h DO  - 10.1179/1743288X12Y000000021 DP  - EBSCOhost Chester""}"
author_list,951,{Abdul Basit BabaJ KowshikG Deepak ReddyHemant GiriMadhulika DixitSiddavaram Nagini},"{""Abdul Basit Baba""""J Kowshik""""G Deepak Reddy""""Hemant Giri""""Madhulika Dixit""""Siddavaram Nagini""}"
author_list,952,{P. AzevedoA. Vaz-CarneiroJ. Costa},"{""P. Azevedo""""A. Vaz-Carneiro""""J. Costa""}"
author_list,953,{Ana Paula de Lima FerreiraMarcelo de Souza FigueiroaB��rbara Bernardo Rinaldo da SilvaK��tia Roberta Rap̫so Sales Lacerda},"{""Ana Paula de Lima Ferreira""""Marcelo de Souza Figueiroa""""B��rbara Bernardo Rinaldo da Silva""""K��tia Roberta Rap̫so Sales Lacerda""}"
author_list,954,{M F JumeanP J ErwinV M MontoriF Lopez-JimenezA Romero-CorralV K SomersD O Okorodudu},"{""M F Jumean""""P J Erwin""""V M Montori""""F Lopez-Jimenez""""A Romero-Corral""""V K Somers""""D O Okorodudu""}"
author_list,955,{T. R. KostenL. Y. ZhaoD. H. EpsteinL. LuJ. ShiX. Y. ZhangY. LiuX. L. Zhang},"{""T. R. Kosten""""L. Y. Zhao""""D. H. Epstein""""L. Lu""""J. Shi""""X. Y. Zhang""""Y. Liu""""X. L. Zhang""}"
author_list,956,{Eikelboom J.W.Hirsh J.},"{""Eikelboom J.W.""""Hirsh J.""}"
author_list,957,{So Young LeeJay L. Brand},"{""So Young Lee""""Jay L. Brand""}"
author_list,958,{Bradley S Marino},"{""Bradley S Marino""}"
author_list,959,{R FernandezJ RelloN BonsomsA ArtigasJ MestreF BaigorriL BlanchD FontanalsJ Valles},"{""R Fernandez""""J Rello""""N Bonsoms""""A Artigas""""J Mestre""""F Baigorri""""L Blanch""""D Fontanals""""J Valles""}"
author_list,960,{Althaf Ansary},"{""Althaf Ansary""}"
author_list,961,{A. TaylorL. MaxwellV. StrandK. PhillipsP. S. TugwellU. KaiserM. de WitL. GossecJ. A. SinghE. H. ChoyL. S. SimonR. OsteloP. J. MeaseP. G. Conaghan},"{""A. Taylor""""L. Maxwell""""V. Strand""""K. Phillips""""P. S. Tugwell""""U. Kaiser""""M. de Wit""""L. Gossec""""J. A. Singh""""E. H. Choy""""L. S. Simon""""R. Ostelo""""P. J. Mease""""P. G. Conaghan""}"
author_list,962,{Won Ki MinSoon Bae KimSu Hee KimJai Won ChangHyun Sook ChiEun Kyoung Lee},"{""Won Ki Min""""Soon Bae Kim""""Su Hee Kim""""Jai Won Chang""""Hyun Sook Chi""""Eun Kyoung Lee""}"
author_list,964,{H. O. LobelP. E. Kozarsky},"{""H. O. Lobel""""P. E. Kozarsky""}"
author_list,965,{Taylor MJ Arsalidou M Pascual-Leone J Johnson J Morris D},"{""Taylor MJ Arsalidou M Pascual-Leone J Johnson J Morris D""}"
author_list,966,{David BinnsRobert E WareDamian E MyersMarie-Claude GregoireEddie W LauLucy VivashTerence J O'BrienViviane BouilleretMark J CookRodney J HicksPeter Roselt},"{""David Binns""""Robert E Ware""""Damian E Myers""""Marie-Claude Gregoire""""Eddie W Lau""""Lucy Vivash""""Terence J O'Brien""""Viviane Bouilleret""""Mark J Cook""""Rodney J Hicks""""Peter Roselt""}"
author_list,967,{B KrampJ OstwaldS DommerichClaudia Nischan},"{""B Kramp""""J Ostwald""""S Dommerich""""Claudia Nischan""}"
author_list,968,{Montserrat Bacardi-GasconArturo Jimenez-CruzLidia M. Castaneda-Gonzalez},"{""Montserrat Bacardi-Gascon""""Arturo Jimenez-Cruz""""Lidia M. Castaneda-Gonzalez""}"
author_list,969,{P CzernichowK Albertsson-WiklandR GunnarssonT Tuvemo},"{""P Czernichow""""K Albertsson-Wikland""""R Gunnarsson""""T Tuvemo""}"
author_list,970,{J.P. ToombsM.S. BauerW.R. WidmerA.R. Blight},"{""J.P. Toombs""""M.S. Bauer""""W.R. Widmer""""A.R. Blight""}"
author_list,971,{M. Sinaki},"{""M. Sinaki""}"
author_list,972,{S. KitaJ. R. McIntoshM. OsumiT. KamasakiG. GoshimaE. O'TooleJ. Usukura},"{""S. Kita""""J. R. McIntosh""""M. Osumi""""T. Kamasaki""""G. Goshima""""E. O'Toole""""J. Usukura""}"
author_list,973,{Charles Hennekens},"{""Charles Hennekens""}"
author_list,974,{Chunlin LiuWen-Hui ShenYing RuanDong-Hong ChenYong Huang},"{""Chunlin Liu""""Wen-Hui Shen""""Ying Ruan""""Dong-Hong Chen""""Yong Huang""}"
author_list,975,{Catherine MaysRajesh RamanathanDale HarveyGregory StockslagerTherese M DuanePatricia Leavell},"{""Catherine Mays""""Rajesh Ramanathan""""Dale Harvey""""Gregory Stockslager""""Therese M Duane""""Patricia Leavell""}"
author_list,976,{Kerstin Landin-WilhelmsenG̦ran Oler̦dOskar RagnarssonPenelope Trimpou},"{""Kerstin Landin-Wilhelmsen""""G̦ran Oler̦d""""Oskar Ragnarsson""""Penelope Trimpou""}"
author_list,978,{Matthew S Dryden},"{""Matthew S Dryden""}"
author_list,979,{A. AmemiyaC. R. DolanH. H. ArdingerC. T. FongS. E. WallaceT. D. BirdK. StephensR. J. H. SmithM. P. AdamE. C. DelotL. J. H. BeanE. J. VilainR. A. Pagon},"{""A. Amemiya""""C. R. Dolan""""H. H. Ardinger""""C. T. Fong""""S. E. Wallace""""T. D. Bird""""K. Stephens""""R. J. H. Smith""""M. P. Adam""""E. C. Delot""""L. J. H. Bean""""E. J. Vilain""""R. A. Pagon""}"
author_list,980,{Michela MianiDecio L EizirikLaurence Ladri̬reMaikel L ColliMiriam Cnop},"{""Michela Miani""""Decio L Eizirik""""Laurence Ladri̬re""""Maikel L Colli""""Miriam Cnop""}"
author_list,981,{A. HueniPaul E. Kneubuehler M.     ED  - Shen Sylvia S.     ED  - Lewis},"{""A. Hueni""""Paul E. Kneubuehler M.     ED  - Shen Sylvia S.     ED  - Lewis""}"
author_list,982,{D. W. Branch},"{""D. W. Branch""}"
author_list,983,{A. M. NavarN. A. HalseyC. R. Sudfeld},"{""A. M. Navar""""N. A. Halsey""""C. R. Sudfeld""}"
author_list,984,{Z HofmanL H NelissenM A VermeerenA van LierE F WoutersA M Schols},"{""Z Hofman""""L H Nelissen""""M A Vermeeren""""A van Lier""""E F Wouters""""A M Schols""}"
author_list,985,{A. FilipovichM. JordanS. DaviesR. MarshP. KhandelwalM. GrimleyS. ChandraA. KumarS. JodeleP.A. MehtaK. MyersJ. Bleesing},"{""A. Filipovich""""M. Jordan""""S. Davies""""R. Marsh""""P. Khandelwal""""M. Grimley""""S. Chandra""""A. Kumar""""S. Jodele""""P.A. Mehta""""K. Myers""""J. Bleesing""}"
author_list,986,{Hawkey C.Gorbutt N.Guiblin H.Kong A.Beattie A.Curran J.Kamath B.},"{""Hawkey C.""""Gorbutt N.""""Guiblin H.""""Kong A.""""Beattie A.""""Curran J.""""Kamath B.""}"
author_list,987,{M. BrandonM. J. Dowzicky},"{""M. Brandon""""M. J. Dowzicky""}"
author_list,988,{C. GruppiC. MedeirosC. D. FrimmM. CuriE. KriegerB. Trezza},"{""C. Gruppi""""C. Medeiros""""C. D. Frimm""""M. Curi""""E. Krieger""""B. Trezza""}"
author_list,989,{A. H. Samarkandi},"{""A. H. Samarkandi""}"
author_list,990,{Kentaro ChinoHideyuki TakahashiRyota AkagiMichiko Dohi},"{""Kentaro Chino""""Hideyuki Takahashi""""Ryota Akagi""""Michiko Dohi""}"
author_list,991,{R. P. TroianoM. D. CarrollR. R. BriefelK. Bialostosky},"{""R. P. Troiano""""M. D. Carroll""""R. R. Briefel""""K. Bialostosky""}"
author_list,992,{[Collective Name] American Thoracic Society Respiratory Impairment and Disability Evaluation GroupPhilip HarberMargaret C HaggertyChristopher G Slatore},"{""[Collective Name] American Thoracic Society Respiratory Impairment and Disability Evaluation Group""""Philip Harber""""Margaret C Haggerty""""Christopher G Slatore""}"
author_list,993,{Xuejun ChenYang ZhangZufei LiQi ZhongWeiguo ZhouXiaohong ChenZhigang HuangJugao Fang},"{""Xuejun Chen""""Yang Zhang""""Zufei Li""""Qi Zhong""""Weiguo Zhou""""Xiaohong Chen""""Zhigang Huang""""Jugao Fang""}"
author_list,994,{Danielle DugganJ. Mark G. WilliamsIsabelle Rudolf von RohrCatherine CraneAdele KruscheKate Muse},"{""Danielle Duggan""""J. Mark G. Williams""""Isabelle Rudolf von Rohr""""Catherine Crane""""Adele Krusche""""Kate Muse""}"
author_list,995,{John F FraserKelvin L ChooRoy M Kimble},"{""John F Fraser""""Kelvin L Choo""""Roy M Kimble""}"
author_list,996,{S. L. LeeG. K. Sluis-CremerP. A. Hessel},"{""S. L. Lee""""G. K. Sluis-Cremer""""P. A. Hessel""}"
author_list,997,{E. V. KumpyakV. N. KiselevA. V. KharlovV. V. ChupinA. V. MorozovB. M. KovalchukV. B. Zorin},"{""E. V. Kumpyak""""V. N. Kiselev""""A. V. Kharlov""""V. V. Chupin""""A. V. Morozov""""B. M. Kovalchuk""""V. B. Zorin""}"
author_list,998,{Katharine O'DellPadma KandadaiJyot Saini},"{""Katharine O'Dell""""Padma Kandadai""""Jyot Saini""}"
author_list,999,{M. HeuerS. RadunzA. PaulG. C. SotiropoulosZ. MatheT. TrarbachH. A. Baba},"{""M. Heuer""""S. Radunz""""A. Paul""""G. C. Sotiropoulos""""Z. Mathe""""T. Trarbach""""H. A. Baba""}"
author_list,1000,{S. IannazzoM. MiravitllesL. PradelliO. Zaniolo},"{""S. Iannazzo""""M. Miravitlles""""L. Pradelli""""O. Zaniolo""}"
