26/05/05 11:16:09 WARN Utils: Your hostname, qianzekaideMacBook-Air.local resolves to a loopback address: 127.0.0.1; using 192.168.3.1 instead (on interface bridge0)
26/05/05 11:16:09 WARN Utils: Set SPARK_LOCAL_IP if you need to bind to another address
26/05/05 11:16:09 WARN NativeCodeLoader: Unable to load native-hadoop library for your platform... using builtin-java classes where applicable
Using Spark's default log4j profile: org/apache/spark/log4j-defaults.properties
Setting default log level to "WARN".
To adjust logging level use sc.setLogLevel(newLevel). For SparkR, use setLogLevel(newLevel).
26/05/05 11:16:10 WARN Utils: Service 'SparkUI' could not bind on port 4040. Attempting port 4041.
日志文件: CleanLogs/20260505-111607_OOUHSVVFL1.log
Logs saved in CleanLogs/20260505-111607_OOUHSVVFL1.log
初始化清洗器和分析依赖关系...
处理单属性清洗算子：
执行层级和目标模型分类...
执行层级 (并行组): [[{'HospitalName', 'ProviderNumber'}, {'MeasureCode'}], [{'ZipCode'}, {'PhoneNumber'}, {'Address1'}, {'HospitalOwner'}, {'City'}, {'MeasureName'}, {'Stateavg'}, {'Condition'}], [{'EmergencyService'}, {'State'}, {'CountyName'}, {'HospitalType'}]]
目标模型分类: {'HospitalName,ProviderNumber': [<SampleScrubber.cleaner.multiple.AttrRelation object at 0x105088d60>, <SampleScrubber.cleaner.multiple.AttrRelation object at 0x15fa26490>], 'HospitalType': [<SampleScrubber.cleaner.multiple.AttrRelation object at 0x105088940>], 'State': [<SampleScrubber.cleaner.multiple.AttrRelation object at 0x105088ac0>], 'ZipCode': [<SampleScrubber.cleaner.multiple.AttrRelation object at 0x1051673a0>], 'PhoneNumber': [<SampleScrubber.cleaner.multiple.AttrRelation object at 0x105167340>], 'MeasureName': [<SampleScrubber.cleaner.multiple.AttrRelation object at 0x15fa26430>], 'Stateavg': [<SampleScrubber.cleaner.multiple.AttrRelation object at 0x15fa26460>], 'Condition': [<SampleScrubber.cleaner.multiple.AttrRelation object at 0x15fa264c0>], 'Address1': [<SampleScrubber.cleaner.multiple.AttrRelation object at 0x15fa264f0>], 'HospitalOwner': [<SampleScrubber.cleaner.multiple.AttrRelation object at 0x15fa26520>], 'CountyName': [<SampleScrubber.cleaner.multiple.AttrRelation object at 0x15fa26550>], 'EmergencyService': [<SampleScrubber.cleaner.multiple.AttrRelation object at 0x15fa26580>], 'City': [<SampleScrubber.cleaner.multiple.AttrRelation object at 0x15fa265b0>]}

处理第 1 层级, 包含节点: ['HospitalName,ProviderNumber', 'MeasureCode']
  当前节点: HospitalName,ProviderNumber 存在可用清洗信号
数据块大小: 1000
分块属性:
[['HospitalName'], ['ProviderNumber']]
Grouping by ['HospitalName'] yields 69 groups.
Grouping by ['ProviderNumber'] yields 72 groups.
Current group product: 4968, Total rows: 1000
Removing attribute group ['ProviderNumber'] with 72 groups.
Current group product: 69, Total rows: 1000
Final selected attributes for partitioning: [['HospitalName']]
Removed attributes for potential later use: [['ProviderNumber']]
Starting initial block mapping...
Initial number of blocks: 69
Final number of blocks after further splitting: 69
Computing Block 1 out of 69
Processing Block size=24
begin cleaner[FunctionalDependency:(s: {'HospitalName'}, t: {'ProviderNumber'})]*1.0+[FunctionalDependency:(s: {'ProviderNumber'}, t: {'HospitalName'})]*1.0
列 'p' 不存在，对列 ProviderNumber 不过滤，直接选择所有非无效值。
列 'p' 不存在，对列 HospitalName 不过滤，直接选择所有非无效值。
Block processing time: 0.12641 seconds
Computing Block 3 out of 69
Processing Block size=2
begin cleaner{left: ({left: ("[FunctionalDependency:(s: {HospitalName}, t: {ProviderNumber})]", 0.0), operator: *, right: (1.0, 1.0), result: 0.0}, 0.0), operator: +, right: ({left: ("[FunctionalDependency:(s: {ProviderNumber}, t: {HospitalName})]", 0.0), operator: *, right: (1.0, 1.0), result: 0.0}, 0.0), result: 0.0}
列 'p' 不存在，对列 ProviderNumber 不过滤，直接选择所有非无效值。
列 'p' 不存在，对列 HospitalName 不过滤，直接选择所有非无效值。
Block processing time: 0.010629 seconds
Computing Block 5 out of 69
Processing Block size=25
begin cleaner{left: ({left: ("[FunctionalDependency:(s: {HospitalName}, t: {ProviderNumber})]", 0.0), operator: *, right: (1.0, 1.0), result: 0.0}, 0.0), operator: +, right: ({left: ("[FunctionalDependency:(s: {ProviderNumber}, t: {HospitalName})]", 0.0), operator: *, right: (1.0, 1.0), result: 0.0}, 0.0), result: 0.0}
列 'p' 不存在，对列 ProviderNumber 不过滤，直接选择所有非无效值。
列 'p' 不存在，对列 HospitalName 不过滤，直接选择所有非无效值。
Block processing time: 0.133163 seconds
Computing Block 6 out of 69
Processing Block size=11
begin cleaner{left: ({left: ("[FunctionalDependency:(s: {HospitalName}, t: {ProviderNumber})]", 0.0), operator: *, right: (1.0, 1.0), result: 0.0}, 0.0), operator: +, right: ({left: ("[FunctionalDependency:(s: {ProviderNumber}, t: {HospitalName})]", 0.0), operator: *, right: (1.0, 1.0), result: 0.0}, 0.0), result: 0.0}
列 'p' 不存在，对列 ProviderNumber 不过滤，直接选择所有非无效值。
列 'p' 不存在，对列 HospitalName 不过滤，直接选择所有非无效值。
Block processing time: 0.055485 seconds
Computing Block 8 out of 69
Processing Block size=20
begin cleaner{left: ({left: ("[FunctionalDependency:(s: {HospitalName}, t: {ProviderNumber})]", 0.0), operator: *, right: (1.0, 1.0), result: 0.0}, 0.0), operator: +, right: ({left: ("[FunctionalDependency:(s: {ProviderNumber}, t: {HospitalName})]", 0.0), operator: *, right: (1.0, 1.0), result: 0.0}, 0.0), result: 0.0}
列 'p' 不存在，对列 ProviderNumber 不过滤，直接选择所有非无效值。
列 'p' 不存在，对列 HospitalName 不过滤，直接选择所有非无效值。
clean_bool length:7
newest best op: Uniop(df,'ProviderNumber','x0x08',(['HospitalName'], {('prattville baptist hospital',)}),{left: ({left: ("[FunctionalDependency:(s: {HospitalName}, t: {ProviderNumber})]", 0.0), operator: *, right: (1.0, 1.0), result: 0.0}, 0.0), operator: +, right: ({left: ("[FunctionalDependency:(s: {ProviderNumber}, t: {HospitalName})]", 0.0), operator: *, right: (1.0, 1.0), result: 0.0}, 0.0), result: 0.0})
now error: 0.0
newest best op: Uniop(df,'ProviderNumber','10108',(['HospitalName'], {('prattville baptist hospital',)}),{left: ({left: ("[FunctionalDependency:(s: {HospitalName}, t: {ProviderNumber})]", 0.0), operator: *, right: (1.0, 1.0), result: 0.0}, 0.0), operator: +, right: ({left: ("[FunctionalDependency:(s: {ProviderNumber}, t: {HospitalName})]", 0.0), operator: *, right: (1.0, 1.0), result: 0.0}, 0.0), result: 0.0})
now error: 0.0
Block processing time: 0.244039 seconds
Computing Block 10 out of 69
Processing Block size=24
begin cleaner{left: ({left: ("[FunctionalDependency:(s: {HospitalName}, t: {ProviderNumber})]", 0.09500000000000004), operator: *, right: (1.0, 1.0), result: 0.09500000000000004}, 0.09500000000000004), operator: +, right: ({left: ("[FunctionalDependency:(s: {ProviderNumber}, t: {HospitalName})]", 0.0), operator: *, right: (1.0, 1.0), result: 0.0}, 0.0), result: 0.04750000000000002}
列 'p' 不存在，对列 ProviderNumber 不过滤，直接选择所有非无效值。
列 'p' 不存在，对列 HospitalName 不过滤，直接选择所有非无效值。
Block processing time: 0.121336 seconds
Computing Block 11 out of 69
Processing Block size=25
begin cleaner{left: ({left: ("[FunctionalDependency:(s: {HospitalName}, t: {ProviderNumber})]", 0.0), operator: *, right: (1.0, 1.0), result: 0.0}, 0.0), operator: +, right: ({left: ("[FunctionalDependency:(s: {ProviderNumber}, t: {HospitalName})]", 0.0), operator: *, right: (1.0, 1.0), result: 0.0}, 0.0), result: 0.0}
列 'p' 不存在，对列 ProviderNumber 不过滤，直接选择所有非无效值。
列 'p' 不存在，对列 HospitalName 不过滤，直接选择所有非无效值。
clean_bool length:13
newest best op: Uniop(df,'ProviderNumber','1xx15',(['HospitalName'], {('southwest alabama medical center',)}),{left: ({left: ("[FunctionalDependency:(s: {HospitalName}, t: {ProviderNumber})]", 0.0), operator: *, right: (1.0, 1.0), result: 0.0}, 0.0), operator: +, right: ({left: ("[FunctionalDependency:(s: {ProviderNumber}, t: {HospitalName})]", 0.0), operator: *, right: (1.0, 1.0), result: 0.0}, 0.0), result: 0.0})
now error: 0.0
newest best op: Uniop(df,'ProviderNumber','1xx15',(['ProviderNumber'], {('x00x5',)}),{left: ({left: ("[FunctionalDependency:(s: {HospitalName}, t: {ProviderNumber})]", 0.14719999999999997), operator: *, right: (1.0, 1.0), result: 0.14719999999999997}, 0.14719999999999997), operator: +, right: ({left: ("[FunctionalDependency:(s: {ProviderNumber}, t: {HospitalName})]", 0.0), operator: *, right: (1.0, 1.0), result: 0.0}, 0.0), result: 0.07359999999999998})
now error: 1.8399999999999996
newest best op: Uniop(df,'ProviderNumber','10015',(['HospitalName'], {('southwest alabama medical center',)}),{left: ({left: ("[FunctionalDependency:(s: {HospitalName}, t: {ProviderNumber})]", 0.0), operator: *, right: (1.0, 1.0), result: 0.0}, 0.0), operator: +, right: ({left: ("[FunctionalDependency:(s: {ProviderNumber}, t: {HospitalName})]", 0.0), operator: *, right: (1.0, 1.0), result: 0.0}, 0.0), result: 0.0})
now error: 0.0
Block processing time: 0.493672 seconds
Computing Block 12 out of 69
Processing Block size=25
begin cleaner{left: ({left: ("[FunctionalDependency:(s: {HospitalName}, t: {ProviderNumber})]", 0.15039999999999998), operator: *, right: (1.0, 1.0), result: 0.15039999999999998}, 0.15039999999999998), operator: +, right: ({left: ("[FunctionalDependency:(s: {ProviderNumber}, t: {HospitalName})]", 0.0), operator: *, right: (1.0, 1.0), result: 0.0}, 0.0), result: 0.07519999999999999}
列 'p' 不存在，对列 ProviderNumber 不过滤，直接选择所有非无效值。
列 'p' 不存在，对列 HospitalName 不过滤，直接选择所有非无效值。
Block processing time: 0.126696 seconds
Computing Block 15 out of 69
Processing Block size=24
begin cleaner{left: ({left: ("[FunctionalDependency:(s: {HospitalName}, t: {ProviderNumber})]", 0.0), operator: *, right: (1.0, 1.0), result: 0.0}, 0.0), operator: +, right: ({left: ("[FunctionalDependency:(s: {ProviderNumber}, t: {HospitalName})]", 0.0), operator: *, right: (1.0, 1.0), result: 0.0}, 0.0), result: 0.0}
列 'p' 不存在，对列 ProviderNumber 不过滤，直接选择所有非无效值。
列 'p' 不存在，对列 HospitalName 不过滤，直接选择所有非无效值。
clean_bool length:7
newest best op: Uniop(df,'ProviderNumber','10047',(['HospitalName'], {('georgiana hospital',)}),{left: ({left: ("[FunctionalDependency:(s: {HospitalName}, t: {ProviderNumber})]", 0.0), operator: *, right: (1.0, 1.0), result: 0.0}, 0.0), operator: +, right: ({left: ("[FunctionalDependency:(s: {ProviderNumber}, t: {HospitalName})]", 0.0), operator: *, right: (1.0, 1.0), result: 0.0}, 0.0), result: 0.0})
now error: 0.0
Block processing time: 0.30995 seconds
Computing Block 16 out of 69
Processing Block size=25
begin cleaner{left: ({left: ("[FunctionalDependency:(s: {HospitalName}, t: {ProviderNumber})]", 0.07986111111111108), operator: *, right: (1.0, 1.0), result: 0.07986111111111108}, 0.07986111111111108), operator: +, right: ({left: ("[FunctionalDependency:(s: {ProviderNumber}, t: {HospitalName})]", 0.0), operator: *, right: (1.0, 1.0), result: 0.0}, 0.0), result: 0.03993055555555554}
列 'p' 不存在，对列 ProviderNumber 不过滤，直接选择所有非无效值。
列 'p' 不存在，对列 HospitalName 不过滤，直接选择所有非无效值。
Block processing time: 0.12643 seconds
Computing Block 17 out of 69
Processing Block size=16
begin cleaner{left: ({left: ("[FunctionalDependency:(s: {HospitalName}, t: {ProviderNumber})]", 0.0), operator: *, right: (1.0, 1.0), result: 0.0}, 0.0), operator: +, right: ({left: ("[FunctionalDependency:(s: {ProviderNumber}, t: {HospitalName})]", 0.0), operator: *, right: (1.0, 1.0), result: 0.0}, 0.0), result: 0.0}
列 'p' 不存在，对列 ProviderNumber 不过滤，直接选择所有非无效值。
列 'p' 不存在，对列 HospitalName 不过滤，直接选择所有非无效值。
Block processing time: 0.080839 seconds
Computing Block 18 out of 69
Processing Block size=23
begin cleaner{left: ({left: ("[FunctionalDependency:(s: {HospitalName}, t: {ProviderNumber})]", 0.0), operator: *, right: (1.0, 1.0), result: 0.0}, 0.0), operator: +, right: ({left: ("[FunctionalDependency:(s: {ProviderNumber}, t: {HospitalName})]", 0.0), operator: *, right: (1.0, 1.0), result: 0.0}, 0.0), result: 0.0}
列 'p' 不存在，对列 ProviderNumber 不过滤，直接选择所有非无效值。
列 'p' 不存在，对列 HospitalName 不过滤，直接选择所有非无效值。
clean_bool length:7
newest best op: Uniop(df,'ProviderNumber','10036',(['HospitalName'], {('andalusia regional hospital',)}),{left: ({left: ("[FunctionalDependency:(s: {HospitalName}, t: {ProviderNumber})]", 0.0), operator: *, right: (1.0, 1.0), result: 0.0}, 0.0), operator: +, right: ({left: ("[FunctionalDependency:(s: {ProviderNumber}, t: {HospitalName})]", 0.0), operator: *, right: (1.0, 1.0), result: 0.0}, 0.0), result: 0.0})
now error: 0.0
Block processing time: 0.282427 seconds
Computing Block 19 out of 69
Processing Block size=24
begin cleaner{left: ({left: ("[FunctionalDependency:(s: {HospitalName}, t: {ProviderNumber})]", 0.08317580340264648), operator: *, right: (1.0, 1.0), result: 0.08317580340264648}, 0.08317580340264648), operator: +, right: ({left: ("[FunctionalDependency:(s: {ProviderNumber}, t: {HospitalName})]", 0.0), operator: *, right: (1.0, 1.0), result: 0.0}, 0.0), result: 0.04158790170132324}
列 'p' 不存在，对列 ProviderNumber 不过滤，直接选择所有非无效值。
列 'p' 不存在，对列 HospitalName 不过滤，直接选择所有非无效值。
Block processing time: 0.129172 seconds
Computing Block 22 out of 69
Processing Block size=23
begin cleaner{left: ({left: ("[FunctionalDependency:(s: {HospitalName}, t: {ProviderNumber})]", 0.0), operator: *, right: (1.0, 1.0), result: 0.0}, 0.0), operator: +, right: ({left: ("[FunctionalDependency:(s: {ProviderNumber}, t: {HospitalName})]", 0.0), operator: *, right: (1.0, 1.0), result: 0.0}, 0.0), result: 0.0}
列 'p' 不存在，对列 ProviderNumber 不过滤，直接选择所有非无效值。
列 'p' 不存在，对列 HospitalName 不过滤，直接选择所有非无效值。
clean_bool length:7
newest best op: Uniop(df,'ProviderNumber','1004x',(['HospitalName'], {('medical center enterprise',)}),{left: ({left: ("[FunctionalDependency:(s: {HospitalName}, t: {ProviderNumber})]", 0.0), operator: *, right: (1.0, 1.0), result: 0.0}, 0.0), operator: +, right: ({left: ("[FunctionalDependency:(s: {ProviderNumber}, t: {HospitalName})]", 0.0), operator: *, right: (1.0, 1.0), result: 0.0}, 0.0), result: 0.0})
now error: 0.0
newest best op: Uniop(df,'ProviderNumber','10049',(['HospitalName'], {('medical center enterprise',)}),{left: ({left: ("[FunctionalDependency:(s: {HospitalName}, t: {ProviderNumber})]", 0.0), operator: *, right: (1.0, 1.0), result: 0.0}, 0.0), operator: +, right: ({left: ("[FunctionalDependency:(s: {ProviderNumber}, t: {HospitalName})]", 0.0), operator: *, right: (1.0, 1.0), result: 0.0}, 0.0), result: 0.0})
now error: 0.0
Block processing time: 0.28089 seconds
Computing Block 24 out of 69
Processing Block size=25
begin cleaner{left: ({left: ("[FunctionalDependency:(s: {HospitalName}, t: {ProviderNumber})]", 0.08317580340264648), operator: *, right: (1.0, 1.0), result: 0.08317580340264648}, 0.08317580340264648), operator: +, right: ({left: ("[FunctionalDependency:(s: {ProviderNumber}, t: {HospitalName})]", 0.0), operator: *, right: (1.0, 1.0), result: 0.0}, 0.0), result: 0.04158790170132324}
列 'p' 不存在，对列 ProviderNumber 不过滤，直接选择所有非无效值。
列 'p' 不存在，对列 HospitalName 不过滤，直接选择所有非无效值。
clean_bool length:7
newest best op: Uniop(df,'ProviderNumber','10086',(['HospitalName'], {('northwest medical center',)}),{left: ({left: ("[FunctionalDependency:(s: {HospitalName}, t: {ProviderNumber})]", 0.0), operator: *, right: (1.0, 1.0), result: 0.0}, 0.0), operator: +, right: ({left: ("[FunctionalDependency:(s: {ProviderNumber}, t: {HospitalName})]", 0.0), operator: *, right: (1.0, 1.0), result: 0.0}, 0.0), result: 0.0})
now error: 0.0
Block processing time: 0.306179 seconds
Computing Block 26 out of 69
Processing Block size=24
begin cleaner{left: ({left: ("[FunctionalDependency:(s: {HospitalName}, t: {ProviderNumber})]", 0.07680000000000003), operator: *, right: (1.0, 1.0), result: 0.07680000000000003}, 0.07680000000000003), operator: +, right: ({left: ("[FunctionalDependency:(s: {ProviderNumber}, t: {HospitalName})]", 0.0), operator: *, right: (1.0, 1.0), result: 0.0}, 0.0), result: 0.03840000000000002}
列 'p' 不存在，对列 ProviderNumber 不过滤，直接选择所有非无效值。
列 'p' 不存在，对列 HospitalName 不过滤，直接选择所有非无效值。
clean_bool length:13
newest best op: Uniop(df,'ProviderNumber','1xx35',(['HospitalName'], {('cullman regional medical center',)}),{left: ({left: ("[FunctionalDependency:(s: {HospitalName}, t: {ProviderNumber})]", 0.0), operator: *, right: (1.0, 1.0), result: 0.0}, 0.0), operator: +, right: ({left: ("[FunctionalDependency:(s: {ProviderNumber}, t: {HospitalName})]", 0.0), operator: *, right: (1.0, 1.0), result: 0.0}, 0.0), result: 0.0})
now error: 0.0
newest best op: Uniop(df,'ProviderNumber','1xx35',(['ProviderNumber'], {('100x5',)}),{left: ({left: ("[FunctionalDependency:(s: {HospitalName}, t: {ProviderNumber})]", 0.15277777777777782), operator: *, right: (1.0, 1.0), result: 0.15277777777777782}, 0.15277777777777782), operator: +, right: ({left: ("[FunctionalDependency:(s: {ProviderNumber}, t: {HospitalName})]", 0.0), operator: *, right: (1.0, 1.0), result: 0.0}, 0.0), result: 0.07638888888888891})
now error: 1.8333333333333337
newest best op: Uniop(df,'ProviderNumber','100x5',(['HospitalName'], {('cullman regional medical center',)}),{left: ({left: ("[FunctionalDependency:(s: {HospitalName}, t: {ProviderNumber})]", 0.0), operator: *, right: (1.0, 1.0), result: 0.0}, 0.0), operator: +, right: ({left: ("[FunctionalDependency:(s: {ProviderNumber}, t: {HospitalName})]", 0.0), operator: *, right: (1.0, 1.0), result: 0.0}, 0.0), result: 0.0})
now error: 0.0
newest best op: Uniop(df,'ProviderNumber','10035',(['HospitalName'], {('cullman regional medical center',)}),{left: ({left: ("[FunctionalDependency:(s: {HospitalName}, t: {ProviderNumber})]", 0.0), operator: *, right: (1.0, 1.0), result: 0.0}, 0.0), operator: +, right: ({left: ("[FunctionalDependency:(s: {ProviderNumber}, t: {HospitalName})]", 0.0), operator: *, right: (1.0, 1.0), result: 0.0}, 0.0), result: 0.0})
now error: 0.0
Block processing time: 0.470043 seconds
Computing Block 27 out of 69
Processing Block size=25
begin cleaner{left: ({left: ("[FunctionalDependency:(s: {HospitalName}, t: {ProviderNumber})]", 0.15625000000000003), operator: *, right: (1.0, 1.0), result: 0.15625000000000003}, 0.15625000000000003), operator: +, right: ({left: ("[FunctionalDependency:(s: {ProviderNumber}, t: {HospitalName})]", 0.0), operator: *, right: (1.0, 1.0), result: 0.0}, 0.0), result: 0.07812500000000001}
列 'p' 不存在，对列 ProviderNumber 不过滤，直接选择所有非无效值。
列 'p' 不存在，对列 HospitalName 不过滤，直接选择所有非无效值。
clean_bool length:13
newest best op: Uniop(df,'ProviderNumber','x0045',(['HospitalName'], {('fayette medical center',)}),{left: ({left: ("[FunctionalDependency:(s: {HospitalName}, t: {ProviderNumber})]", 0.0), operator: *, right: (1.0, 1.0), result: 0.0}, 0.0), operator: +, right: ({left: ("[FunctionalDependency:(s: {ProviderNumber}, t: {HospitalName})]", 0.0), operator: *, right: (1.0, 1.0), result: 0.0}, 0.0), result: 0.0})
now error: 0.0
newest best op: Uniop(df,'ProviderNumber','10045',(['HospitalName'], {('fayette medical center',)}),{left: ({left: ("[FunctionalDependency:(s: {HospitalName}, t: {ProviderNumber})]", 0.0), operator: *, right: (1.0, 1.0), result: 0.0}, 0.0), operator: +, right: ({left: ("[FunctionalDependency:(s: {ProviderNumber}, t: {HospitalName})]", 0.0), operator: *, right: (1.0, 1.0), result: 0.0}, 0.0), result: 0.0})
now error: 0.0
Block processing time: 0.485497 seconds
Computing Block 29 out of 69
Processing Block size=2
begin cleaner{left: ({left: ("[FunctionalDependency:(s: {HospitalName}, t: {ProviderNumber})]", 0.15039999999999998), operator: *, right: (1.0, 1.0), result: 0.15039999999999998}, 0.15039999999999998), operator: +, right: ({left: ("[FunctionalDependency:(s: {ProviderNumber}, t: {HospitalName})]", 0.0), operator: *, right: (1.0, 1.0), result: 0.0}, 0.0), result: 0.07519999999999999}
列 'p' 不存在，对列 ProviderNumber 不过滤，直接选择所有非无效值。
列 'p' 不存在，对列 HospitalName 不过滤，直接选择所有非无效值。
Block processing time: 0.010466 seconds
Computing Block 30 out of 69
Processing Block size=17
begin cleaner{left: ({left: ("[FunctionalDependency:(s: {HospitalName}, t: {ProviderNumber})]", 0.0), operator: *, right: (1.0, 1.0), result: 0.0}, 0.0), operator: +, right: ({left: ("[FunctionalDependency:(s: {ProviderNumber}, t: {HospitalName})]", 0.0), operator: *, right: (1.0, 1.0), result: 0.0}, 0.0), result: 0.0}
列 'p' 不存在，对列 ProviderNumber 不过滤，直接选择所有非无效值。
列 'p' 不存在，对列 HospitalName 不过滤，直接选择所有非无效值。
Block processing time: 0.09252 seconds
Computing Block 31 out of 69
Processing Block size=25
begin cleaner{left: ({left: ("[FunctionalDependency:(s: {HospitalName}, t: {ProviderNumber})]", 0.0), operator: *, right: (1.0, 1.0), result: 0.0}, 0.0), operator: +, right: ({left: ("[FunctionalDependency:(s: {ProviderNumber}, t: {HospitalName})]", 0.0), operator: *, right: (1.0, 1.0), result: 0.0}, 0.0), result: 0.0}
列 'p' 不存在，对列 ProviderNumber 不过滤，直接选择所有非无效值。
列 'p' 不存在，对列 HospitalName 不过滤，直接选择所有非无效值。
clean_bool length:7
newest best op: Uniop(df,'ProviderNumber','10011',(['HospitalName'], {('st vincents east',)}),{left: ({left: ("[FunctionalDependency:(s: {HospitalName}, t: {ProviderNumber})]", 0.0), operator: *, right: (1.0, 1.0), result: 0.0}, 0.0), operator: +, right: ({left: ("[FunctionalDependency:(s: {ProviderNumber}, t: {HospitalName})]", 0.0), operator: *, right: (1.0, 1.0), result: 0.0}, 0.0), result: 0.0})
now error: 0.0
Block processing time: 0.306615 seconds
Computing Block 32 out of 69
Processing Block size=28
begin cleaner{left: ({left: ("[FunctionalDependency:(s: {HospitalName}, t: {ProviderNumber})]", 0.07680000000000003), operator: *, right: (1.0, 1.0), result: 0.07680000000000003}, 0.07680000000000003), operator: +, right: ({left: ("[FunctionalDependency:(s: {ProviderNumber}, t: {HospitalName})]", 0.0), operator: *, right: (1.0, 1.0), result: 0.0}, 0.0), result: 0.03840000000000002}
列 'p' 不存在，对列 ProviderNumber 不过滤，直接选择所有非无效值。
列 'p' 不存在，对列 HospitalName 不过滤，直接选择所有非无效值。
clean_bool length:7
newest best op: Uniop(df,'ProviderNumber','100x8',(['HospitalName'], {('stringfellow memorial hospital',)}),{left: ({left: ("[FunctionalDependency:(s: {HospitalName}, t: {ProviderNumber})]", 0.0), operator: *, right: (1.0, 1.0), result: 0.0}, 0.0), operator: +, right: ({left: ("[FunctionalDependency:(s: {ProviderNumber}, t: {HospitalName})]", 0.0), operator: *, right: (1.0, 1.0), result: 0.0}, 0.0), result: 0.0})
now error: 0.0
newest best op: Uniop(df,'ProviderNumber','10038',(['HospitalName'], {('stringfellow memorial hospital',)}),{left: ({left: ("[FunctionalDependency:(s: {HospitalName}, t: {ProviderNumber})]", 0.0), operator: *, right: (1.0, 1.0), result: 0.0}, 0.0), operator: +, right: ({left: ("[FunctionalDependency:(s: {ProviderNumber}, t: {HospitalName})]", 0.0), operator: *, right: (1.0, 1.0), result: 0.0}, 0.0), result: 0.0})
now error: 0.0
Block processing time: 0.356621 seconds
Computing Block 34 out of 69
Processing Block size=25
begin cleaner{left: ({left: ("[FunctionalDependency:(s: {HospitalName}, t: {ProviderNumber})]", 0.06887755102040814), operator: *, right: (1.0, 1.0), result: 0.06887755102040814}, 0.06887755102040814), operator: +, right: ({left: ("[FunctionalDependency:(s: {ProviderNumber}, t: {HospitalName})]", 0.0), operator: *, right: (1.0, 1.0), result: 0.0}, 0.0), result: 0.03443877551020407}
列 'p' 不存在，对列 ProviderNumber 不过滤，直接选择所有非无效值。
列 'p' 不存在，对列 HospitalName 不过滤，直接选择所有非无效值。
clean_bool length:7
newest best op: Uniop(df,'ProviderNumber','10027',(['HospitalName'], {('elba general hospital',)}),{left: ({left: ("[FunctionalDependency:(s: {HospitalName}, t: {ProviderNumber})]", 0.0), operator: *, right: (1.0, 1.0), result: 0.0}, 0.0), operator: +, right: ({left: ("[FunctionalDependency:(s: {ProviderNumber}, t: {HospitalName})]", 0.0), operator: *, right: (1.0, 1.0), result: 0.0}, 0.0), result: 0.0})
now error: 0.0
Block processing time: 0.310414 seconds
Computing Block 35 out of 69
Processing Block size=25
begin cleaner{left: ({left: ("[FunctionalDependency:(s: {HospitalName}, t: {ProviderNumber})]", 0.07680000000000003), operator: *, right: (1.0, 1.0), result: 0.07680000000000003}, 0.07680000000000003), operator: +, right: ({left: ("[FunctionalDependency:(s: {ProviderNumber}, t: {HospitalName})]", 0.0), operator: *, right: (1.0, 1.0), result: 0.0}, 0.0), result: 0.03840000000000002}
列 'p' 不存在，对列 ProviderNumber 不过滤，直接选择所有非无效值。
列 'p' 不存在，对列 HospitalName 不过滤，直接选择所有非无效值。
clean_bool length:7
newest best op: Uniop(df,'ProviderNumber','1xx16',(['HospitalName'], {('shelby baptist medical center',)}),{left: ({left: ("[FunctionalDependency:(s: {HospitalName}, t: {ProviderNumber})]", 0.0), operator: *, right: (1.0, 1.0), result: 0.0}, 0.0), operator: +, right: ({left: ("[FunctionalDependency:(s: {ProviderNumber}, t: {HospitalName})]", 0.0), operator: *, right: (1.0, 1.0), result: 0.0}, 0.0), result: 0.0})
now error: 0.0
newest best op: Uniop(df,'ProviderNumber','10016',(['HospitalName'], {('shelby baptist medical center',)}),{left: ({left: ("[FunctionalDependency:(s: {HospitalName}, t: {ProviderNumber})]", 0.0), operator: *, right: (1.0, 1.0), result: 0.0}, 0.0), operator: +, right: ({left: ("[FunctionalDependency:(s: {ProviderNumber}, t: {HospitalName})]", 0.0), operator: *, right: (1.0, 1.0), result: 0.0}, 0.0), result: 0.0})
now error: 0.0
Block processing time: 0.314488 seconds
Computing Block 37 out of 69
Processing Block size=23
begin cleaner{left: ({left: ("[FunctionalDependency:(s: {HospitalName}, t: {ProviderNumber})]", 0.07680000000000003), operator: *, right: (1.0, 1.0), result: 0.07680000000000003}, 0.07680000000000003), operator: +, right: ({left: ("[FunctionalDependency:(s: {ProviderNumber}, t: {HospitalName})]", 0.0), operator: *, right: (1.0, 1.0), result: 0.0}, 0.0), result: 0.03840000000000002}
列 'p' 不存在，对列 ProviderNumber 不过滤，直接选择所有非无效值。
列 'p' 不存在，对列 HospitalName 不过滤，直接选择所有非无效值。
clean_bool length:7
newest best op: Uniop(df,'ProviderNumber','100x4',(['HospitalName'], {('community hospital inc',)}),{left: ({left: ("[FunctionalDependency:(s: {HospitalName}, t: {ProviderNumber})]", 0.0), operator: *, right: (1.0, 1.0), result: 0.0}, 0.0), operator: +, right: ({left: ("[FunctionalDependency:(s: {ProviderNumber}, t: {HospitalName})]", 0.0), operator: *, right: (1.0, 1.0), result: 0.0}, 0.0), result: 0.0})
now error: 0.0
newest best op: Uniop(df,'ProviderNumber','10034',(['HospitalName'], {('community hospital inc',)}),{left: ({left: ("[FunctionalDependency:(s: {HospitalName}, t: {ProviderNumber})]", 0.0), operator: *, right: (1.0, 1.0), result: 0.0}, 0.0), operator: +, right: ({left: ("[FunctionalDependency:(s: {ProviderNumber}, t: {HospitalName})]", 0.0), operator: *, right: (1.0, 1.0), result: 0.0}, 0.0), result: 0.0})
now error: 0.0
Block processing time: 0.289309 seconds
Computing Block 38 out of 69
Processing Block size=25
begin cleaner{left: ({left: ("[FunctionalDependency:(s: {HospitalName}, t: {ProviderNumber})]", 0.08317580340264648), operator: *, right: (1.0, 1.0), result: 0.08317580340264648}, 0.08317580340264648), operator: +, right: ({left: ("[FunctionalDependency:(s: {ProviderNumber}, t: {HospitalName})]", 0.0), operator: *, right: (1.0, 1.0), result: 0.0}, 0.0), result: 0.04158790170132324}
列 'p' 不存在，对列 ProviderNumber 不过滤，直接选择所有非无效值。
列 'p' 不存在，对列 HospitalName 不过滤，直接选择所有非无效值。
clean_bool length:7
newest best op: Uniop(df,'ProviderNumber','10019',(['HospitalName'], {('helen keller memorial hospital',)}),{left: ({left: ("[FunctionalDependency:(s: {HospitalName}, t: {ProviderNumber})]", 0.0), operator: *, right: (1.0, 1.0), result: 0.0}, 0.0), operator: +, right: ({left: ("[FunctionalDependency:(s: {ProviderNumber}, t: {HospitalName})]", 0.0), operator: *, right: (1.0, 1.0), result: 0.0}, 0.0), result: 0.0})
now error: 0.0
Block processing time: 0.318665 seconds
Computing Block 39 out of 69
Processing Block size=24
begin cleaner{left: ({left: ("[FunctionalDependency:(s: {HospitalName}, t: {ProviderNumber})]", 0.07680000000000003), operator: *, right: (1.0, 1.0), result: 0.07680000000000003}, 0.07680000000000003), operator: +, right: ({left: ("[FunctionalDependency:(s: {ProviderNumber}, t: {HospitalName})]", 0.0), operator: *, right: (1.0, 1.0), result: 0.0}, 0.0), result: 0.03840000000000002}
列 'p' 不存在，对列 ProviderNumber 不过滤，直接选择所有非无效值。
列 'p' 不存在，对列 HospitalName 不过滤，直接选择所有非无效值。
clean_bool length:7
newest best op: Uniop(df,'ProviderNumber','10024',(['HospitalName'], {('jackson hospital & clinic inc',)}),{left: ({left: ("[FunctionalDependency:(s: {HospitalName}, t: {ProviderNumber})]", 0.0), operator: *, right: (1.0, 1.0), result: 0.0}, 0.0), operator: +, right: ({left: ("[FunctionalDependency:(s: {ProviderNumber}, t: {HospitalName})]", 0.0), operator: *, right: (1.0, 1.0), result: 0.0}, 0.0), result: 0.0})
now error: 0.0
Block processing time: 0.298537 seconds
Computing Block 40 out of 69
Processing Block size=24
begin cleaner{left: ({left: ("[FunctionalDependency:(s: {HospitalName}, t: {ProviderNumber})]", 0.07986111111111108), operator: *, right: (1.0, 1.0), result: 0.07986111111111108}, 0.07986111111111108), operator: +, right: ({left: ("[FunctionalDependency:(s: {ProviderNumber}, t: {HospitalName})]", 0.0), operator: *, right: (1.0, 1.0), result: 0.0}, 0.0), result: 0.03993055555555554}
列 'p' 不存在，对列 ProviderNumber 不过滤，直接选择所有非无效值。
列 'p' 不存在，对列 HospitalName 不过滤，直接选择所有非无效值。
clean_bool length:7
newest best op: Uniop(df,'ProviderNumber','1xx32',(['HospitalName'], {('wedowee hospital',)}),{left: ({left: ("[FunctionalDependency:(s: {HospitalName}, t: {ProviderNumber})]", 0.0), operator: *, right: (1.0, 1.0), result: 0.0}, 0.0), operator: +, right: ({left: ("[FunctionalDependency:(s: {ProviderNumber}, t: {HospitalName})]", 0.0), operator: *, right: (1.0, 1.0), result: 0.0}, 0.0), result: 0.0})
now error: 0.0
newest best op: Uniop(df,'ProviderNumber','10032',(['HospitalName'], {('wedowee hospital',)}),{left: ({left: ("[FunctionalDependency:(s: {HospitalName}, t: {ProviderNumber})]", 0.0), operator: *, right: (1.0, 1.0), result: 0.0}, 0.0), operator: +, right: ({left: ("[FunctionalDependency:(s: {ProviderNumber}, t: {HospitalName})]", 0.0), operator: *, right: (1.0, 1.0), result: 0.0}, 0.0), result: 0.0})
now error: 0.0
Block processing time: 0.309937 seconds
Computing Block 41 out of 69
Processing Block size=25
begin cleaner{left: ({left: ("[FunctionalDependency:(s: {HospitalName}, t: {ProviderNumber})]", 0.15277777777777782), operator: *, right: (1.0, 1.0), result: 0.15277777777777782}, 0.15277777777777782), operator: +, right: ({left: ("[FunctionalDependency:(s: {ProviderNumber}, t: {HospitalName})]", 0.0), operator: *, right: (1.0, 1.0), result: 0.0}, 0.0), result: 0.07638888888888891}
列 'p' 不存在，对列 ProviderNumber 不过滤，直接选择所有非无效值。
列 'p' 不存在，对列 HospitalName 不过滤，直接选择所有非无效值。
clean_bool length:7
newest best op: Uniop(df,'ProviderNumber','x0005',(['HospitalName'], {('marshall medical center south',)}),{left: ({left: ("[FunctionalDependency:(s: {HospitalName}, t: {ProviderNumber})]", 0.0), operator: *, right: (1.0, 1.0), result: 0.0}, 0.0), operator: +, right: ({left: ("[FunctionalDependency:(s: {ProviderNumber}, t: {HospitalName})]", 0.0), operator: *, right: (1.0, 1.0), result: 0.0}, 0.0), result: 0.0})
now error: 0.0
newest best op: Uniop(df,'ProviderNumber','10005',(['HospitalName'], {('marshall medical center south',)}),{left: ({left: ("[FunctionalDependency:(s: {HospitalName}, t: {ProviderNumber})]", 0.0), operator: *, right: (1.0, 1.0), result: 0.0}, 0.0), operator: +, right: ({left: ("[FunctionalDependency:(s: {ProviderNumber}, t: {HospitalName})]", 0.0), operator: *, right: (1.0, 1.0), result: 0.0}, 0.0), result: 0.0})
now error: 0.0
Block processing time: 0.308651 seconds
Computing Block 42 out of 69
Processing Block size=24
begin cleaner{left: ({left: ("[FunctionalDependency:(s: {HospitalName}, t: {ProviderNumber})]", 0.07680000000000003), operator: *, right: (1.0, 1.0), result: 0.07680000000000003}, 0.07680000000000003), operator: +, right: ({left: ("[FunctionalDependency:(s: {ProviderNumber}, t: {HospitalName})]", 0.0), operator: *, right: (1.0, 1.0), result: 0.0}, 0.0), result: 0.03840000000000002}
列 'p' 不存在，对列 ProviderNumber 不过滤，直接选择所有非无效值。
列 'p' 不存在，对列 HospitalName 不过滤，直接选择所有非无效值。
Block processing time: 0.122351 seconds
Computing Block 43 out of 69
Processing Block size=19
begin cleaner{left: ({left: ("[FunctionalDependency:(s: {HospitalName}, t: {ProviderNumber})]", 0.0), operator: *, right: (1.0, 1.0), result: 0.0}, 0.0), operator: +, right: ({left: ("[FunctionalDependency:(s: {ProviderNumber}, t: {HospitalName})]", 0.0), operator: *, right: (1.0, 1.0), result: 0.0}, 0.0), result: 0.0}
列 'p' 不存在，对列 ProviderNumber 不过滤，直接选择所有非无效值。
列 'p' 不存在，对列 HospitalName 不过滤，直接选择所有非无效值。
Block processing time: 0.098612 seconds
Computing Block 45 out of 69
Processing Block size=25
begin cleaner{left: ({left: ("[FunctionalDependency:(s: {HospitalName}, t: {ProviderNumber})]", 0.0), operator: *, right: (1.0, 1.0), result: 0.0}, 0.0), operator: +, right: ({left: ("[FunctionalDependency:(s: {ProviderNumber}, t: {HospitalName})]", 0.0), operator: *, right: (1.0, 1.0), result: 0.0}, 0.0), result: 0.0}
列 'p' 不存在，对列 ProviderNumber 不过滤，直接选择所有非无效值。
列 'p' 不存在，对列 HospitalName 不过滤，直接选择所有非无效值。
Block processing time: 0.127022 seconds
Computing Block 46 out of 69
Processing Block size=5
begin cleaner{left: ({left: ("[FunctionalDependency:(s: {HospitalName}, t: {ProviderNumber})]", 0.0), operator: *, right: (1.0, 1.0), result: 0.0}, 0.0), operator: +, right: ({left: ("[FunctionalDependency:(s: {ProviderNumber}, t: {HospitalName})]", 0.0), operator: *, right: (1.0, 1.0), result: 0.0}, 0.0), result: 0.0}
列 'p' 不存在，对列 ProviderNumber 不过滤，直接选择所有非无效值。
列 'p' 不存在，对列 HospitalName 不过滤，直接选择所有非无效值。
Block processing time: 0.025748 seconds
Computing Block 48 out of 69
Processing Block size=25
begin cleaner{left: ({left: ("[FunctionalDependency:(s: {HospitalName}, t: {ProviderNumber})]", 0.0), operator: *, right: (1.0, 1.0), result: 0.0}, 0.0), operator: +, right: ({left: ("[FunctionalDependency:(s: {ProviderNumber}, t: {HospitalName})]", 0.0), operator: *, right: (1.0, 1.0), result: 0.0}, 0.0), result: 0.0}
列 'p' 不存在，对列 ProviderNumber 不过滤，直接选择所有非无效值。
列 'p' 不存在，对列 HospitalName 不过滤，直接选择所有非无效值。
Block processing time: 0.126926 seconds
Computing Block 51 out of 69
Processing Block size=24
begin cleaner{left: ({left: ("[FunctionalDependency:(s: {HospitalName}, t: {ProviderNumber})]", 0.0), operator: *, right: (1.0, 1.0), result: 0.0}, 0.0), operator: +, right: ({left: ("[FunctionalDependency:(s: {ProviderNumber}, t: {HospitalName})]", 0.0), operator: *, right: (1.0, 1.0), result: 0.0}, 0.0), result: 0.0}
列 'p' 不存在，对列 ProviderNumber 不过滤，直接选择所有非无效值。
列 'p' 不存在，对列 HospitalName 不过滤，直接选择所有非无效值。
Block processing time: 0.121201 seconds
Computing Block 52 out of 69
Processing Block size=25
begin cleaner{left: ({left: ("[FunctionalDependency:(s: {HospitalName}, t: {ProviderNumber})]", 0.0), operator: *, right: (1.0, 1.0), result: 0.0}, 0.0), operator: +, right: ({left: ("[FunctionalDependency:(s: {ProviderNumber}, t: {HospitalName})]", 0.0), operator: *, right: (1.0, 1.0), result: 0.0}, 0.0), result: 0.0}
列 'p' 不存在，对列 ProviderNumber 不过滤，直接选择所有非无效值。
列 'p' 不存在，对列 HospitalName 不过滤，直接选择所有非无效值。
Block processing time: 0.12826 seconds
Computing Block 53 out of 69
Processing Block size=25
begin cleaner{left: ({left: ("[FunctionalDependency:(s: {HospitalName}, t: {ProviderNumber})]", 0.0), operator: *, right: (1.0, 1.0), result: 0.0}, 0.0), operator: +, right: ({left: ("[FunctionalDependency:(s: {ProviderNumber}, t: {HospitalName})]", 0.0), operator: *, right: (1.0, 1.0), result: 0.0}, 0.0), result: 0.0}
列 'p' 不存在，对列 ProviderNumber 不过滤，直接选择所有非无效值。
列 'p' 不存在，对列 HospitalName 不过滤，直接选择所有非无效值。
Block processing time: 0.140298 seconds
Computing Block 55 out of 69
Processing Block size=25
begin cleaner{left: ({left: ("[FunctionalDependency:(s: {HospitalName}, t: {ProviderNumber})]", 0.0), operator: *, right: (1.0, 1.0), result: 0.0}, 0.0), operator: +, right: ({left: ("[FunctionalDependency:(s: {ProviderNumber}, t: {HospitalName})]", 0.0), operator: *, right: (1.0, 1.0), result: 0.0}, 0.0), result: 0.0}
列 'p' 不存在，对列 ProviderNumber 不过滤，直接选择所有非无效值。
列 'p' 不存在，对列 HospitalName 不过滤，直接选择所有非无效值。
clean_bool length:7
newest best op: Uniop(df,'ProviderNumber','1xx44',(['HospitalName'], {('marion regional medical center',)}),{left: ({left: ("[FunctionalDependency:(s: {HospitalName}, t: {ProviderNumber})]", 0.0), operator: *, right: (1.0, 1.0), result: 0.0}, 0.0), operator: +, right: ({left: ("[FunctionalDependency:(s: {ProviderNumber}, t: {HospitalName})]", 0.0), operator: *, right: (1.0, 1.0), result: 0.0}, 0.0), result: 0.0})
now error: 0.0
newest best op: Uniop(df,'ProviderNumber','10044',(['HospitalName'], {('marion regional medical center',)}),{left: ({left: ("[FunctionalDependency:(s: {HospitalName}, t: {ProviderNumber})]", 0.0), operator: *, right: (1.0, 1.0), result: 0.0}, 0.0), operator: +, right: ({left: ("[FunctionalDependency:(s: {ProviderNumber}, t: {HospitalName})]", 0.0), operator: *, right: (1.0, 1.0), result: 0.0}, 0.0), result: 0.0})
now error: 0.0
Block processing time: 0.309898 seconds
Computing Block 56 out of 69
Processing Block size=25
begin cleaner{left: ({left: ("[FunctionalDependency:(s: {HospitalName}, t: {ProviderNumber})]", 0.07680000000000003), operator: *, right: (1.0, 1.0), result: 0.07680000000000003}, 0.07680000000000003), operator: +, right: ({left: ("[FunctionalDependency:(s: {ProviderNumber}, t: {HospitalName})]", 0.0), operator: *, right: (1.0, 1.0), result: 0.0}, 0.0), result: 0.03840000000000002}
列 'p' 不存在，对列 ProviderNumber 不过滤，直接选择所有非无效值。
列 'p' 不存在，对列 HospitalName 不过滤，直接选择所有非无效值。
clean_bool length:13
newest best op: Uniop(df,'ProviderNumber','10029',(['HospitalName'], {('east alabama medical center and snf',)}),{left: ({left: ("[FunctionalDependency:(s: {HospitalName}, t: {ProviderNumber})]", 0.0), operator: *, right: (1.0, 1.0), result: 0.0}, 0.0), operator: +, right: ({left: ("[FunctionalDependency:(s: {ProviderNumber}, t: {HospitalName})]", 0.0), operator: *, right: (1.0, 1.0), result: 0.0}, 0.0), result: 0.0})
now error: 0.0
Block processing time: 0.498633 seconds
Computing Block 57 out of 69
Processing Block size=25
begin cleaner{left: ({left: ("[FunctionalDependency:(s: {HospitalName}, t: {ProviderNumber})]", 0.15039999999999995), operator: *, right: (1.0, 1.0), result: 0.15039999999999995}, 0.15039999999999995), operator: +, right: ({left: ("[FunctionalDependency:(s: {ProviderNumber}, t: {HospitalName})]", 0.0), operator: *, right: (1.0, 1.0), result: 0.0}, 0.0), result: 0.07519999999999998}
列 'p' 不存在，对列 ProviderNumber 不过滤，直接选择所有非无效值。
列 'p' 不存在，对列 HospitalName 不过滤，直接选择所有非无效值。
Block processing time: 0.127718 seconds
Computing Block 58 out of 69
Processing Block size=25
begin cleaner{left: ({left: ("[FunctionalDependency:(s: {HospitalName}, t: {ProviderNumber})]", 0.0), operator: *, right: (1.0, 1.0), result: 0.0}, 0.0), operator: +, right: ({left: ("[FunctionalDependency:(s: {ProviderNumber}, t: {HospitalName})]", 0.0), operator: *, right: (1.0, 1.0), result: 0.0}, 0.0), result: 0.0}
列 'p' 不存在，对列 ProviderNumber 不过滤，直接选择所有非无效值。
列 'p' 不存在，对列 HospitalName 不过滤，直接选择所有非无效值。
clean_bool length:7
newest best op: Uniop(df,'ProviderNumber','1000x',(['HospitalName'], {('eliza coffee memorial hospital',)}),{left: ({left: ("[FunctionalDependency:(s: {HospitalName}, t: {ProviderNumber})]", 0.0), operator: *, right: (1.0, 1.0), result: 0.0}, 0.0), operator: +, right: ({left: ("[FunctionalDependency:(s: {ProviderNumber}, t: {HospitalName})]", 0.0), operator: *, right: (1.0, 1.0), result: 0.0}, 0.0), result: 0.0})
now error: 0.0
newest best op: Uniop(df,'ProviderNumber','10006',(['HospitalName'], {('eliza coffee memorial hospital',)}),{left: ({left: ("[FunctionalDependency:(s: {HospitalName}, t: {ProviderNumber})]", 0.0), operator: *, right: (1.0, 1.0), result: 0.0}, 0.0), operator: +, right: ({left: ("[FunctionalDependency:(s: {ProviderNumber}, t: {HospitalName})]", 0.0), operator: *, right: (1.0, 1.0), result: 0.0}, 0.0), result: 0.0})
now error: 0.0
Block processing time: 0.312921 seconds
Computing Block 63 out of 69
Processing Block size=18
begin cleaner{left: ({left: ("[FunctionalDependency:(s: {HospitalName}, t: {ProviderNumber})]", 0.07680000000000003), operator: *, right: (1.0, 1.0), result: 0.07680000000000003}, 0.07680000000000003), operator: +, right: ({left: ("[FunctionalDependency:(s: {ProviderNumber}, t: {HospitalName})]", 0.0), operator: *, right: (1.0, 1.0), result: 0.0}, 0.0), result: 0.03840000000000002}
列 'p' 不存在，对列 ProviderNumber 不过滤，直接选择所有非无效值。
列 'p' 不存在，对列 HospitalName 不过滤，直接选择所有非无效值。
Block processing time: 0.091525 seconds
Computing Block 65 out of 69
Processing Block size=25
begin cleaner{left: ({left: ("[FunctionalDependency:(s: {HospitalName}, t: {ProviderNumber})]", 0.0), operator: *, right: (1.0, 1.0), result: 0.0}, 0.0), operator: +, right: ({left: ("[FunctionalDependency:(s: {ProviderNumber}, t: {HospitalName})]", 0.0), operator: *, right: (1.0, 1.0), result: 0.0}, 0.0), result: 0.0}
列 'p' 不存在，对列 ProviderNumber 不过滤，直接选择所有非无效值。
列 'p' 不存在，对列 HospitalName 不过滤，直接选择所有非无效值。
Block processing time: 0.125974 seconds
Computing Block 66 out of 69
Processing Block size=25
begin cleaner{left: ({left: ("[FunctionalDependency:(s: {HospitalName}, t: {ProviderNumber})]", 0.0), operator: *, right: (1.0, 1.0), result: 0.0}, 0.0), operator: +, right: ({left: ("[FunctionalDependency:(s: {ProviderNumber}, t: {HospitalName})]", 0.0), operator: *, right: (1.0, 1.0), result: 0.0}, 0.0), result: 0.0}
列 'p' 不存在，对列 ProviderNumber 不过滤，直接选择所有非无效值。
列 'p' 不存在，对列 HospitalName 不过滤，直接选择所有非无效值。
Block processing time: 0.13122 seconds
Computing Block 68 out of 69
Processing Block size=27
begin cleaner{left: ({left: ("[FunctionalDependency:(s: {HospitalName}, t: {ProviderNumber})]", 0.0), operator: *, right: (1.0, 1.0), result: 0.0}, 0.0), operator: +, right: ({left: ("[FunctionalDependency:(s: {ProviderNumber}, t: {HospitalName})]", 0.0), operator: *, right: (1.0, 1.0), result: 0.0}, 0.0), result: 0.0}
列 'p' 不存在，对列 ProviderNumber 不过滤，直接选择所有非无效值。
列 'p' 不存在，对列 HospitalName 不过滤，直接选择所有非无效值。
clean_bool length:21
newest best op: Uniop(df,'ProviderNumber','1003x',(['HospitalName'], {('huntsville hospital',)}),{left: ({left: ("[FunctionalDependency:(s: {HospitalName}, t: {ProviderNumber})]", 0.0), operator: *, right: (1.0, 1.0), result: 0.0}, 0.0), operator: +, right: ({left: ("[FunctionalDependency:(s: {ProviderNumber}, t: {HospitalName})]", 0.0), operator: *, right: (1.0, 1.0), result: 0.0}, 0.0), result: 0.0})
now error: 0.0
newest best op: Uniop(df,'ProviderNumber','10039',(['HospitalName'], {('huntsville hospital',)}),{left: ({left: ("[FunctionalDependency:(s: {HospitalName}, t: {ProviderNumber})]", 0.0), operator: *, right: (1.0, 1.0), result: 0.0}, 0.0), operator: +, right: ({left: ("[FunctionalDependency:(s: {ProviderNumber}, t: {HospitalName})]", 0.0), operator: *, right: (1.0, 1.0), result: 0.0}, 0.0), result: 0.0})
now error: 0.0
Block processing time: 0.798096 seconds
  当前节点: HospitalName,ProviderNumber 有 21 个清洗操作
  当前节点: MeasureCode 无可用清洗信号
  当前节点: MeasureCode 无清洗操作
['HospitalName,ProviderNumber', 'MeasureCode']的清洗完成

本层累积的编辑规则数: 21
读入数据大小：1000
处理了 21 条规则，更新数据...
所有编辑规则已更新完成

处理第 1 层级, 包含节点: ['HospitalName,ProviderNumber', 'MeasureCode']
  当前节点: HospitalName,ProviderNumber 存在可用清洗信号
数据块大小: 1000
分块属性:
[['HospitalName'], ['ProviderNumber']]
Grouping by ['HospitalName'] yields 69 groups.
Grouping by ['ProviderNumber'] yields 45 groups.
Current group product: 3105, Total rows: 1000
Removing attribute group ['HospitalName'] with 69 groups.
Current group product: 45, Total rows: 1000
Final selected attributes for partitioning: [['ProviderNumber']]
Removed attributes for potential later use: [['HospitalName']]
Starting initial block mapping...
Initial number of blocks: 45
Final number of blocks after further splitting: 45
Computing Block 1 out of 45
Processing Block size=25
begin cleaner[FunctionalDependency:(s: {'HospitalName'}, t: {'ProviderNumber'})]*1.0+[FunctionalDependency:(s: {'ProviderNumber'}, t: {'HospitalName'})]*1.0
列 'p' 不存在，对列 ProviderNumber 不过滤，直接选择所有非无效值。
列 'p' 不存在，对列 HospitalName 不过滤，直接选择所有非无效值。
clean_bool length:9
newest best op: Uniop(df,'ProviderNumber','10001',(['HospitalName'], {('southeast alabama medical center',)}),{left: ({left: ("[FunctionalDependency:(s: {HospitalName}, t: {ProviderNumber})]", 0.0), operator: *, right: (1.0, 1.0), result: 0.0}, 0.0), operator: +, right: ({left: ("[FunctionalDependency:(s: {ProviderNumber}, t: {HospitalName})]", 0.07680000000000003), operator: *, right: (1.0, 1.0), result: 0.07680000000000003}, 0.07680000000000003), result: 0.03840000000000002})
now error: 0.9600000000000004
newest best op: Uniop(df,'HospitalName','southeast alabama medical center',(['HospitalName'], {('southeast alabama medxcal center',)}),{left: ({left: ("[FunctionalDependency:(s: {HospitalName}, t: {ProviderNumber})]", 0.0), operator: *, right: (1.0, 1.0), result: 0.0}, 0.0), operator: +, right: ({left: ("[FunctionalDependency:(s: {ProviderNumber}, t: {HospitalName})]", 0.0), operator: *, right: (1.0, 1.0), result: 0.0}, 0.0), result: 0.0})
now error: 0.0
Block processing time: 0.47677 seconds
Computing Block 2 out of 45
Processing Block size=25
begin cleaner{left: ({left: ("[FunctionalDependency:(s: {HospitalName}, t: {ProviderNumber})]", 0.0), operator: *, right: (1.0, 1.0), result: 0.0}, 0.0), operator: +, right: ({left: ("[FunctionalDependency:(s: {ProviderNumber}, t: {HospitalName})]", 0.0), operator: *, right: (1.0, 1.0), result: 0.0}, 0.0), result: 0.0}
列 'p' 不存在，对列 ProviderNumber 不过滤，直接选择所有非无效值。
列 'p' 不存在，对列 HospitalName 不过滤，直接选择所有非无效值。
clean_bool length:9
newest best op: Uniop(df,'ProviderNumber','10035',(['HospitalName'], {('cullman regional medical center',)}),{left: ({left: ("[FunctionalDependency:(s: {HospitalName}, t: {ProviderNumber})]", 0.0), operator: *, right: (1.0, 1.0), result: 0.0}, 0.0), operator: +, right: ({left: ("[FunctionalDependency:(s: {ProviderNumber}, t: {HospitalName})]", 0.07680000000000003), operator: *, right: (1.0, 1.0), result: 0.07680000000000003}, 0.07680000000000003), result: 0.03840000000000002})
now error: 0.9600000000000004
newest best op: Uniop(df,'HospitalName','cullmxn regionxl medicxl center',(['HospitalName'], {('cullman regional medical center',)}),{left: ({left: ("[FunctionalDependency:(s: {HospitalName}, t: {ProviderNumber})]", 0.0), operator: *, right: (1.0, 1.0), result: 0.0}, 0.0), operator: +, right: ({left: ("[FunctionalDependency:(s: {ProviderNumber}, t: {HospitalName})]", 0.0), operator: *, right: (1.0, 1.0), result: 0.0}, 0.0), result: 0.0})
now error: 0.0
newest best op: Uniop(df,'HospitalName','cullman regional medical center',(['HospitalName'], {('cullmxn regionxl medicxl center',)}),{left: ({left: ("[FunctionalDependency:(s: {HospitalName}, t: {ProviderNumber})]", 0.0), operator: *, right: (1.0, 1.0), result: 0.0}, 0.0), operator: +, right: ({left: ("[FunctionalDependency:(s: {ProviderNumber}, t: {HospitalName})]", 0.0), operator: *, right: (1.0, 1.0), result: 0.0}, 0.0), result: 0.0})
now error: 0.0
Block processing time: 0.459636 seconds
Computing Block 3 out of 45
Processing Block size=25
begin cleaner{left: ({left: ("[FunctionalDependency:(s: {HospitalName}, t: {ProviderNumber})]", 0.0), operator: *, right: (1.0, 1.0), result: 0.0}, 0.0), operator: +, right: ({left: ("[FunctionalDependency:(s: {ProviderNumber}, t: {HospitalName})]", 0.0), operator: *, right: (1.0, 1.0), result: 0.0}, 0.0), result: 0.0}
列 'p' 不存在，对列 ProviderNumber 不过滤，直接选择所有非无效值。
列 'p' 不存在，对列 HospitalName 不过滤，直接选择所有非无效值。
Block processing time: 0.19843 seconds
Computing Block 4 out of 45
Processing Block size=17
begin cleaner{left: ({left: ("[FunctionalDependency:(s: {HospitalName}, t: {ProviderNumber})]", 0.0), operator: *, right: (1.0, 1.0), result: 0.0}, 0.0), operator: +, right: ({left: ("[FunctionalDependency:(s: {ProviderNumber}, t: {HospitalName})]", 0.0), operator: *, right: (1.0, 1.0), result: 0.0}, 0.0), result: 0.0}
列 'p' 不存在，对列 ProviderNumber 不过滤，直接选择所有非无效值。
列 'p' 不存在，对列 HospitalName 不过滤，直接选择所有非无效值。
clean_bool length:9
newest best op: Uniop(df,'ProviderNumber','10055',(['HospitalName'], {('floxers hospital',)}),{left: ({left: ("[FunctionalDependency:(s: {HospitalName}, t: {ProviderNumber})]", 0.0), operator: *, right: (1.0, 1.0), result: 0.0}, 0.0), operator: +, right: ({left: ("[FunctionalDependency:(s: {ProviderNumber}, t: {HospitalName})]", 0.11072664359861593), operator: *, right: (1.0, 1.0), result: 0.11072664359861593}, 0.11072664359861593), result: 0.05536332179930797})
now error: 0.9411764705882354
newest best op: Uniop(df,'HospitalName','flowers hospital',(['HospitalName'], {('floxers hospital',)}),{left: ({left: ("[FunctionalDependency:(s: {HospitalName}, t: {ProviderNumber})]", 0.0), operator: *, right: (1.0, 1.0), result: 0.0}, 0.0), operator: +, right: ({left: ("[FunctionalDependency:(s: {ProviderNumber}, t: {HospitalName})]", 0.0), operator: *, right: (1.0, 1.0), result: 0.0}, 0.0), result: 0.0})
now error: 0.0
Block processing time: 0.29399 seconds
Computing Block 5 out of 45
Processing Block size=2
begin cleaner{left: ({left: ("[FunctionalDependency:(s: {HospitalName}, t: {ProviderNumber})]", 0.0), operator: *, right: (1.0, 1.0), result: 0.0}, 0.0), operator: +, right: ({left: ("[FunctionalDependency:(s: {ProviderNumber}, t: {HospitalName})]", 0.0), operator: *, right: (1.0, 1.0), result: 0.0}, 0.0), result: 0.0}
列 'p' 不存在，对列 ProviderNumber 不过滤，直接选择所有非无效值。
列 'p' 不存在，对列 HospitalName 不过滤，直接选择所有非无效值。
Block processing time: 0.016482 seconds
Computing Block 6 out of 45
Processing Block size=13
begin cleaner{left: ({left: ("[FunctionalDependency:(s: {HospitalName}, t: {ProviderNumber})]", 0.0), operator: *, right: (1.0, 1.0), result: 0.0}, 0.0), operator: +, right: ({left: ("[FunctionalDependency:(s: {ProviderNumber}, t: {HospitalName})]", 0.0), operator: *, right: (1.0, 1.0), result: 0.0}, 0.0), result: 0.0}
列 'p' 不存在，对列 ProviderNumber 不过滤，直接选择所有非无效值。
列 'p' 不存在，对列 HospitalName 不过滤，直接选择所有非无效值。
clean_bool length:16
newest best op: Uniop(df,'ProviderNumber','10087',(['HospitalName'], {('univ ox south alabama medical center',)}),{left: ({left: ("[FunctionalDependency:(s: {HospitalName}, t: {ProviderNumber})]", 0.0), operator: *, right: (1.0, 1.0), result: 0.0}, 0.0), operator: +, right: ({left: ("[FunctionalDependency:(s: {ProviderNumber}, t: {HospitalName})]", 0.27218934911242604), operator: *, right: (1.0, 1.0), result: 0.27218934911242604}, 0.27218934911242604), result: 0.13609467455621302})
now error: 1.7692307692307692
newest best op: Uniop(df,'HospitalName','univ ox south alabama medical center',(['HospitalName'], {('xniv of soxth alabama medical center',)}),{left: ({left: ("[FunctionalDependency:(s: {HospitalName}, t: {ProviderNumber})]", 0.0), operator: *, right: (1.0, 1.0), result: 0.0}, 0.0), operator: +, right: ({left: ("[FunctionalDependency:(s: {ProviderNumber}, t: {HospitalName})]", 0.26035502958579876), operator: *, right: (1.0, 1.0), result: 0.26035502958579876}, 0.26035502958579876), result: 0.13017751479289938})
now error: 1.692307692307692
newest best op: Uniop(df,'HospitalName','univ ox south alabama medical center',(['HospitalName'], {('univ of south alabama medical center',)}),{left: ({left: ("[FunctionalDependency:(s: {HospitalName}, t: {ProviderNumber})]", 0.0), operator: *, right: (1.0, 1.0), result: 0.0}, 0.0), operator: +, right: ({left: ("[FunctionalDependency:(s: {ProviderNumber}, t: {HospitalName})]", 0.14201183431952658), operator: *, right: (1.0, 1.0), result: 0.14201183431952658}, 0.14201183431952658), result: 0.07100591715976329})
now error: 0.9230769230769228
newest best op: Uniop(df,'HospitalName','univ ox south alabama medical center',(['ProviderNumber'], {('10087',)}),{left: ({left: ("[FunctionalDependency:(s: {HospitalName}, t: {ProviderNumber})]", 0.0), operator: *, right: (1.0, 1.0), result: 0.0}, 0.0), operator: +, right: ({left: ("[FunctionalDependency:(s: {ProviderNumber}, t: {HospitalName})]", 0.0), operator: *, right: (1.0, 1.0), result: 0.0}, 0.0), result: 0.0})
now error: 0.0
newest best op: Uniop(df,'HospitalName','univ of south alabama medical center',(['ProviderNumber'], {('10087',)}),{left: ({left: ("[FunctionalDependency:(s: {HospitalName}, t: {ProviderNumber})]", 0.0), operator: *, right: (1.0, 1.0), result: 0.0}, 0.0), operator: +, right: ({left: ("[FunctionalDependency:(s: {ProviderNumber}, t: {HospitalName})]", 0.0), operator: *, right: (1.0, 1.0), result: 0.0}, 0.0), result: 0.0})
now error: 0.0
Block processing time: 0.348095 seconds
Computing Block 7 out of 45
Processing Block size=20
begin cleaner{left: ({left: ("[FunctionalDependency:(s: {HospitalName}, t: {ProviderNumber})]", 0.0), operator: *, right: (1.0, 1.0), result: 0.0}, 0.0), operator: +, right: ({left: ("[FunctionalDependency:(s: {ProviderNumber}, t: {HospitalName})]", 0.0), operator: *, right: (1.0, 1.0), result: 0.0}, 0.0), result: 0.0}
列 'p' 不存在，对列 ProviderNumber 不过滤，直接选择所有非无效值。
列 'p' 不存在，对列 HospitalName 不过滤，直接选择所有非无效值。
Block processing time: 0.150591 seconds
Computing Block 8 out of 45
Processing Block size=25
begin cleaner{left: ({left: ("[FunctionalDependency:(s: {HospitalName}, t: {ProviderNumber})]", 0.0), operator: *, right: (1.0, 1.0), result: 0.0}, 0.0), operator: +, right: ({left: ("[FunctionalDependency:(s: {ProviderNumber}, t: {HospitalName})]", 0.0), operator: *, right: (1.0, 1.0), result: 0.0}, 0.0), result: 0.0}
列 'p' 不存在，对列 ProviderNumber 不过滤，直接选择所有非无效值。
列 'p' 不存在，对列 HospitalName 不过滤，直接选择所有非无效值。
Block processing time: 0.192749 seconds
Computing Block 9 out of 45
Processing Block size=25
begin cleaner{left: ({left: ("[FunctionalDependency:(s: {HospitalName}, t: {ProviderNumber})]", 0.0), operator: *, right: (1.0, 1.0), result: 0.0}, 0.0), operator: +, right: ({left: ("[FunctionalDependency:(s: {ProviderNumber}, t: {HospitalName})]", 0.0), operator: *, right: (1.0, 1.0), result: 0.0}, 0.0), result: 0.0}
列 'p' 不存在，对列 ProviderNumber 不过滤，直接选择所有非无效值。
列 'p' 不存在，对列 HospitalName 不过滤，直接选择所有非无效值。
clean_bool length:16
newest best op: Uniop(df,'ProviderNumber','10036',(['HospitalName'], {('andaxusia regionax hospitax',)}),{left: ({left: ("[FunctionalDependency:(s: {HospitalName}, t: {ProviderNumber})]", 0.0), operator: *, right: (1.0, 1.0), result: 0.0}, 0.0), operator: +, right: ({left: ("[FunctionalDependency:(s: {ProviderNumber}, t: {HospitalName})]", 0.15039999999999995), operator: *, right: (1.0, 1.0), result: 0.15039999999999995}, 0.15039999999999995), result: 0.07519999999999998})
now error: 1.8799999999999994
newest best op: Uniop(df,'HospitalName','andalusia regional hospital',(['HospitalName'], {('andaxusia regionax hospitax',)}),{left: ({left: ("[FunctionalDependency:(s: {HospitalName}, t: {ProviderNumber})]", 0.0), operator: *, right: (1.0, 1.0), result: 0.0}, 0.0), operator: +, right: ({left: ("[FunctionalDependency:(s: {ProviderNumber}, t: {HospitalName})]", 0.07680000000000003), operator: *, right: (1.0, 1.0), result: 0.07680000000000003}, 0.07680000000000003), result: 0.03840000000000002})
now error: 0.9600000000000004
newest best op: Uniop(df,'HospitalName','andalusia regional hospital',(['HospitalName'], {('andaluxia regional hoxpital',)}),{left: ({left: ("[FunctionalDependency:(s: {HospitalName}, t: {ProviderNumber})]", 0.0), operator: *, right: (1.0, 1.0), result: 0.0}, 0.0), operator: +, right: ({left: ("[FunctionalDependency:(s: {ProviderNumber}, t: {HospitalName})]", 0.07680000000000003), operator: *, right: (1.0, 1.0), result: 0.07680000000000003}, 0.07680000000000003), result: 0.03840000000000002})
now error: 0.9600000000000004
newest best op: Uniop(df,'HospitalName','andalusia regional hospital',(['ProviderNumber'], {('10036',)}),{left: ({left: ("[FunctionalDependency:(s: {HospitalName}, t: {ProviderNumber})]", 0.0), operator: *, right: (1.0, 1.0), result: 0.0}, 0.0), operator: +, right: ({left: ("[FunctionalDependency:(s: {ProviderNumber}, t: {HospitalName})]", 0.0), operator: *, right: (1.0, 1.0), result: 0.0}, 0.0), result: 0.0})
now error: 0.0
Block processing time: 0.668607 seconds
Computing Block 10 out of 45
Processing Block size=25
begin cleaner{left: ({left: ("[FunctionalDependency:(s: {HospitalName}, t: {ProviderNumber})]", 0.0), operator: *, right: (1.0, 1.0), result: 0.0}, 0.0), operator: +, right: ({left: ("[FunctionalDependency:(s: {ProviderNumber}, t: {HospitalName})]", 0.0), operator: *, right: (1.0, 1.0), result: 0.0}, 0.0), result: 0.0}
列 'p' 不存在，对列 ProviderNumber 不过滤，直接选择所有非无效值。
列 'p' 不存在，对列 HospitalName 不过滤，直接选择所有非无效值。
Block processing time: 0.186472 seconds
Computing Block 11 out of 45
Processing Block size=25
begin cleaner{left: ({left: ("[FunctionalDependency:(s: {HospitalName}, t: {ProviderNumber})]", 0.0), operator: *, right: (1.0, 1.0), result: 0.0}, 0.0), operator: +, right: ({left: ("[FunctionalDependency:(s: {ProviderNumber}, t: {HospitalName})]", 0.0), operator: *, right: (1.0, 1.0), result: 0.0}, 0.0), result: 0.0}
列 'p' 不存在，对列 ProviderNumber 不过滤，直接选择所有非无效值。
列 'p' 不存在，对列 HospitalName 不过滤，直接选择所有非无效值。
Block processing time: 0.186643 seconds
Computing Block 13 out of 45
Processing Block size=18
begin cleaner{left: ({left: ("[FunctionalDependency:(s: {HospitalName}, t: {ProviderNumber})]", 0.0), operator: *, right: (1.0, 1.0), result: 0.0}, 0.0), operator: +, right: ({left: ("[FunctionalDependency:(s: {ProviderNumber}, t: {HospitalName})]", 0.0), operator: *, right: (1.0, 1.0), result: 0.0}, 0.0), result: 0.0}
列 'p' 不存在，对列 ProviderNumber 不过滤，直接选择所有非无效值。
列 'p' 不存在，对列 HospitalName 不过滤，直接选择所有非无效值。
clean_bool length:9
newest best op: Uniop(df,'ProviderNumber','20017',(['HospitalName'], {('alaska regional hospital',)}),{left: ({left: ("[FunctionalDependency:(s: {HospitalName}, t: {ProviderNumber})]", 0.0), operator: *, right: (1.0, 1.0), result: 0.0}, 0.0), operator: +, right: ({left: ("[FunctionalDependency:(s: {ProviderNumber}, t: {HospitalName})]", 0.1049382716049383), operator: *, right: (1.0, 1.0), result: 0.1049382716049383}, 0.1049382716049383), result: 0.05246913580246915})
now error: 0.9444444444444446
newest best op: Uniop(df,'HospitalName','alaska regional hospital',(['HospitalName'], {('xlxskx regionxl hospitxl',)}),{left: ({left: ("[FunctionalDependency:(s: {HospitalName}, t: {ProviderNumber})]", 0.0), operator: *, right: (1.0, 1.0), result: 0.0}, 0.0), operator: +, right: ({left: ("[FunctionalDependency:(s: {ProviderNumber}, t: {HospitalName})]", 0.0), operator: *, right: (1.0, 1.0), result: 0.0}, 0.0), result: 0.0})
now error: 0.0
Block processing time: 0.327494 seconds
Computing Block 14 out of 45
Processing Block size=25
begin cleaner{left: ({left: ("[FunctionalDependency:(s: {HospitalName}, t: {ProviderNumber})]", 0.0), operator: *, right: (1.0, 1.0), result: 0.0}, 0.0), operator: +, right: ({left: ("[FunctionalDependency:(s: {ProviderNumber}, t: {HospitalName})]", 0.0), operator: *, right: (1.0, 1.0), result: 0.0}, 0.0), result: 0.0}
列 'p' 不存在，对列 ProviderNumber 不过滤，直接选择所有非无效值。
列 'p' 不存在，对列 HospitalName 不过滤，直接选择所有非无效值。
Block processing time: 0.188126 seconds
Computing Block 15 out of 45
Processing Block size=28
begin cleaner{left: ({left: ("[FunctionalDependency:(s: {HospitalName}, t: {ProviderNumber})]", 0.0), operator: *, right: (1.0, 1.0), result: 0.0}, 0.0), operator: +, right: ({left: ("[FunctionalDependency:(s: {ProviderNumber}, t: {HospitalName})]", 0.0), operator: *, right: (1.0, 1.0), result: 0.0}, 0.0), result: 0.0}
列 'p' 不存在，对列 ProviderNumber 不过滤，直接选择所有非无效值。
列 'p' 不存在，对列 HospitalName 不过滤，直接选择所有非无效值。
clean_bool length:9
newest best op: Uniop(df,'ProviderNumber','10039',(['HospitalName'], {('huntsvxlle hospxtal',)}),{left: ({left: ("[FunctionalDependency:(s: {HospitalName}, t: {ProviderNumber})]", 0.0), operator: *, right: (1.0, 1.0), result: 0.0}, 0.0), operator: +, right: ({left: ("[FunctionalDependency:(s: {ProviderNumber}, t: {HospitalName})]", 0.06887755102040814), operator: *, right: (1.0, 1.0), result: 0.06887755102040814}, 0.06887755102040814), result: 0.03443877551020407})
now error: 0.964285714285714
newest best op: Uniop(df,'HospitalName','huntsvxlle hospxtal',(['HospitalName'], {('huntsville hospital',)}),{left: ({left: ("[FunctionalDependency:(s: {HospitalName}, t: {ProviderNumber})]", 0.0), operator: *, right: (1.0, 1.0), result: 0.0}, 0.0), operator: +, right: ({left: ("[FunctionalDependency:(s: {ProviderNumber}, t: {HospitalName})]", 0.0), operator: *, right: (1.0, 1.0), result: 0.0}, 0.0), result: 0.0})
now error: 0.0
newest best op: Uniop(df,'HospitalName','huntsville hospital',(['HospitalName'], {('huntsvxlle hospxtal',)}),{left: ({left: ("[FunctionalDependency:(s: {HospitalName}, t: {ProviderNumber})]", 0.0), operator: *, right: (1.0, 1.0), result: 0.0}, 0.0), operator: +, right: ({left: ("[FunctionalDependency:(s: {ProviderNumber}, t: {HospitalName})]", 0.0), operator: *, right: (1.0, 1.0), result: 0.0}, 0.0), result: 0.0})
now error: 0.0
Block processing time: 0.498421 seconds
Computing Block 16 out of 45
Processing Block size=25
begin cleaner{left: ({left: ("[FunctionalDependency:(s: {HospitalName}, t: {ProviderNumber})]", 0.0), operator: *, right: (1.0, 1.0), result: 0.0}, 0.0), operator: +, right: ({left: ("[FunctionalDependency:(s: {ProviderNumber}, t: {HospitalName})]", 0.0), operator: *, right: (1.0, 1.0), result: 0.0}, 0.0), result: 0.0}
列 'p' 不存在，对列 ProviderNumber 不过滤，直接选择所有非无效值。
列 'p' 不存在，对列 HospitalName 不过滤，直接选择所有非无效值。
Block processing time: 0.186027 seconds
Computing Block 17 out of 45
Processing Block size=28
begin cleaner{left: ({left: ("[FunctionalDependency:(s: {HospitalName}, t: {ProviderNumber})]", 0.0), operator: *, right: (1.0, 1.0), result: 0.0}, 0.0), operator: +, right: ({left: ("[FunctionalDependency:(s: {ProviderNumber}, t: {HospitalName})]", 0.0), operator: *, right: (1.0, 1.0), result: 0.0}, 0.0), result: 0.0}
列 'p' 不存在，对列 ProviderNumber 不过滤，直接选择所有非无效值。
列 'p' 不存在，对列 HospitalName 不过滤，直接选择所有非无效值。
Block processing time: 0.20843 seconds
Computing Block 18 out of 45
Processing Block size=2
begin cleaner{left: ({left: ("[FunctionalDependency:(s: {HospitalName}, t: {ProviderNumber})]", 0.0), operator: *, right: (1.0, 1.0), result: 0.0}, 0.0), operator: +, right: ({left: ("[FunctionalDependency:(s: {ProviderNumber}, t: {HospitalName})]", 0.0), operator: *, right: (1.0, 1.0), result: 0.0}, 0.0), result: 0.0}
列 'p' 不存在，对列 ProviderNumber 不过滤，直接选择所有非无效值。
列 'p' 不存在，对列 HospitalName 不过滤，直接选择所有非无效值。
Block processing time: 0.015463 seconds
Computing Block 19 out of 45
Processing Block size=25
begin cleaner{left: ({left: ("[FunctionalDependency:(s: {HospitalName}, t: {ProviderNumber})]", 0.0), operator: *, right: (1.0, 1.0), result: 0.0}, 0.0), operator: +, right: ({left: ("[FunctionalDependency:(s: {ProviderNumber}, t: {HospitalName})]", 0.0), operator: *, right: (1.0, 1.0), result: 0.0}, 0.0), result: 0.0}
列 'p' 不存在，对列 ProviderNumber 不过滤，直接选择所有非无效值。
列 'p' 不存在，对列 HospitalName 不过滤，直接选择所有非无效值。
Block processing time: 0.194751 seconds
Computing Block 20 out of 45
Processing Block size=25
begin cleaner{left: ({left: ("[FunctionalDependency:(s: {HospitalName}, t: {ProviderNumber})]", 0.0), operator: *, right: (1.0, 1.0), result: 0.0}, 0.0), operator: +, right: ({left: ("[FunctionalDependency:(s: {ProviderNumber}, t: {HospitalName})]", 0.0), operator: *, right: (1.0, 1.0), result: 0.0}, 0.0), result: 0.0}
列 'p' 不存在，对列 ProviderNumber 不过滤，直接选择所有非无效值。
列 'p' 不存在，对列 HospitalName 不过滤，直接选择所有非无效值。
Block processing time: 0.186423 seconds
Computing Block 21 out of 45
Processing Block size=25
begin cleaner{left: ({left: ("[FunctionalDependency:(s: {HospitalName}, t: {ProviderNumber})]", 0.0), operator: *, right: (1.0, 1.0), result: 0.0}, 0.0), operator: +, right: ({left: ("[FunctionalDependency:(s: {ProviderNumber}, t: {HospitalName})]", 0.0), operator: *, right: (1.0, 1.0), result: 0.0}, 0.0), result: 0.0}
列 'p' 不存在，对列 ProviderNumber 不过滤，直接选择所有非无效值。
列 'p' 不存在，对列 HospitalName 不过滤，直接选择所有非无效值。
Block processing time: 0.18541 seconds
Computing Block 22 out of 45
Processing Block size=25
begin cleaner{left: ({left: ("[FunctionalDependency:(s: {HospitalName}, t: {ProviderNumber})]", 0.0), operator: *, right: (1.0, 1.0), result: 0.0}, 0.0), operator: +, right: ({left: ("[FunctionalDependency:(s: {ProviderNumber}, t: {HospitalName})]", 0.0), operator: *, right: (1.0, 1.0), result: 0.0}, 0.0), result: 0.0}
列 'p' 不存在，对列 ProviderNumber 不过滤，直接选择所有非无效值。
列 'p' 不存在，对列 HospitalName 不过滤，直接选择所有非无效值。
clean_bool length:9
newest best op: Uniop(df,'ProviderNumber','10023',(['HospitalName'], {('baptist medical cexter south',)}),{left: ({left: ("[FunctionalDependency:(s: {HospitalName}, t: {ProviderNumber})]", 0.0), operator: *, right: (1.0, 1.0), result: 0.0}, 0.0), operator: +, right: ({left: ("[FunctionalDependency:(s: {ProviderNumber}, t: {HospitalName})]", 0.07680000000000003), operator: *, right: (1.0, 1.0), result: 0.07680000000000003}, 0.07680000000000003), result: 0.03840000000000002})
now error: 0.9600000000000004
newest best op: Uniop(df,'HospitalName','baptist medical cexter south',(['HospitalName'], {('baptist medical center south',)}),{left: ({left: ("[FunctionalDependency:(s: {HospitalName}, t: {ProviderNumber})]", 0.0), operator: *, right: (1.0, 1.0), result: 0.0}, 0.0), operator: +, right: ({left: ("[FunctionalDependency:(s: {ProviderNumber}, t: {HospitalName})]", 0.0), operator: *, right: (1.0, 1.0), result: 0.0}, 0.0), result: 0.0})
now error: 0.0
newest best op: Uniop(df,'HospitalName','baptist medical center south',(['HospitalName'], {('baptist medical cexter south',)}),{left: ({left: ("[FunctionalDependency:(s: {HospitalName}, t: {ProviderNumber})]", 0.0), operator: *, right: (1.0, 1.0), result: 0.0}, 0.0), operator: +, right: ({left: ("[FunctionalDependency:(s: {ProviderNumber}, t: {HospitalName})]", 0.0), operator: *, right: (1.0, 1.0), result: 0.0}, 0.0), result: 0.0})
now error: 0.0
Block processing time: 0.456075 seconds
Computing Block 23 out of 45
Processing Block size=25
begin cleaner{left: ({left: ("[FunctionalDependency:(s: {HospitalName}, t: {ProviderNumber})]", 0.0), operator: *, right: (1.0, 1.0), result: 0.0}, 0.0), operator: +, right: ({left: ("[FunctionalDependency:(s: {ProviderNumber}, t: {HospitalName})]", 0.0), operator: *, right: (1.0, 1.0), result: 0.0}, 0.0), result: 0.0}
列 'p' 不存在，对列 ProviderNumber 不过滤，直接选择所有非无效值。
列 'p' 不存在，对列 HospitalName 不过滤，直接选择所有非无效值。
Block processing time: 0.186204 seconds
Computing Block 24 out of 45
Processing Block size=25
begin cleaner{left: ({left: ("[FunctionalDependency:(s: {HospitalName}, t: {ProviderNumber})]", 0.0), operator: *, right: (1.0, 1.0), result: 0.0}, 0.0), operator: +, right: ({left: ("[FunctionalDependency:(s: {ProviderNumber}, t: {HospitalName})]", 0.0), operator: *, right: (1.0, 1.0), result: 0.0}, 0.0), result: 0.0}
列 'p' 不存在，对列 ProviderNumber 不过滤，直接选择所有非无效值。
列 'p' 不存在，对列 HospitalName 不过滤，直接选择所有非无效值。
Block processing time: 0.185535 seconds
Computing Block 25 out of 45
Processing Block size=5
begin cleaner{left: ({left: ("[FunctionalDependency:(s: {HospitalName}, t: {ProviderNumber})]", 0.0), operator: *, right: (1.0, 1.0), result: 0.0}, 0.0), operator: +, right: ({left: ("[FunctionalDependency:(s: {ProviderNumber}, t: {HospitalName})]", 0.0), operator: *, right: (1.0, 1.0), result: 0.0}, 0.0), result: 0.0}
列 'p' 不存在，对列 ProviderNumber 不过滤，直接选择所有非无效值。
列 'p' 不存在，对列 HospitalName 不过滤，直接选择所有非无效值。
Block processing time: 0.037538 seconds
Computing Block 26 out of 45
Processing Block size=25
begin cleaner{left: ({left: ("[FunctionalDependency:(s: {HospitalName}, t: {ProviderNumber})]", 0.0), operator: *, right: (1.0, 1.0), result: 0.0}, 0.0), operator: +, right: ({left: ("[FunctionalDependency:(s: {ProviderNumber}, t: {HospitalName})]", 0.0), operator: *, right: (1.0, 1.0), result: 0.0}, 0.0), result: 0.0}
列 'p' 不存在，对列 ProviderNumber 不过滤，直接选择所有非无效值。
列 'p' 不存在，对列 HospitalName 不过滤，直接选择所有非无效值。
Block processing time: 0.193365 seconds
Computing Block 27 out of 45
Processing Block size=25
begin cleaner{left: ({left: ("[FunctionalDependency:(s: {HospitalName}, t: {ProviderNumber})]", 0.0), operator: *, right: (1.0, 1.0), result: 0.0}, 0.0), operator: +, right: ({left: ("[FunctionalDependency:(s: {ProviderNumber}, t: {HospitalName})]", 0.0), operator: *, right: (1.0, 1.0), result: 0.0}, 0.0), result: 0.0}
列 'p' 不存在，对列 ProviderNumber 不过滤，直接选择所有非无效值。
列 'p' 不存在，对列 HospitalName 不过滤，直接选择所有非无效值。
clean_bool length:9
newest best op: Uniop(df,'ProviderNumber','10008',(['HospitalName'], {('crenshaw community hospital',)}),{left: ({left: ("[FunctionalDependency:(s: {HospitalName}, t: {ProviderNumber})]", 0.0), operator: *, right: (1.0, 1.0), result: 0.0}, 0.0), operator: +, right: ({left: ("[FunctionalDependency:(s: {ProviderNumber}, t: {HospitalName})]", 0.07680000000000003), operator: *, right: (1.0, 1.0), result: 0.07680000000000003}, 0.07680000000000003), result: 0.03840000000000002})
now error: 0.9600000000000004
newest best op: Uniop(df,'HospitalName','crenshaw community hospital',(['HospitalName'], {('crenshaw cxmmunity hxspital',)}),{left: ({left: ("[FunctionalDependency:(s: {HospitalName}, t: {ProviderNumber})]", 0.0), operator: *, right: (1.0, 1.0), result: 0.0}, 0.0), operator: +, right: ({left: ("[FunctionalDependency:(s: {ProviderNumber}, t: {HospitalName})]", 0.0), operator: *, right: (1.0, 1.0), result: 0.0}, 0.0), result: 0.0})
now error: 0.0
Block processing time: 0.43106 seconds
Computing Block 28 out of 45
Processing Block size=25
begin cleaner{left: ({left: ("[FunctionalDependency:(s: {HospitalName}, t: {ProviderNumber})]", 0.0), operator: *, right: (1.0, 1.0), result: 0.0}, 0.0), operator: +, right: ({left: ("[FunctionalDependency:(s: {ProviderNumber}, t: {HospitalName})]", 0.0), operator: *, right: (1.0, 1.0), result: 0.0}, 0.0), result: 0.0}
列 'p' 不存在，对列 ProviderNumber 不过滤，直接选择所有非无效值。
列 'p' 不存在，对列 HospitalName 不过滤，直接选择所有非无效值。
clean_bool length:9
newest best op: Uniop(df,'ProviderNumber','10024',(['HospitalName'], {('jaxkson hospital & xlinix inx',)}),{left: ({left: ("[FunctionalDependency:(s: {HospitalName}, t: {ProviderNumber})]", 0.0), operator: *, right: (1.0, 1.0), result: 0.0}, 0.0), operator: +, right: ({left: ("[FunctionalDependency:(s: {ProviderNumber}, t: {HospitalName})]", 0.07680000000000003), operator: *, right: (1.0, 1.0), result: 0.07680000000000003}, 0.07680000000000003), result: 0.03840000000000002})
now error: 0.9600000000000004
newest best op: Uniop(df,'HospitalName','jackson hospital & clinic inc',(['HospitalName'], {('jaxkson hospital & xlinix inx',)}),{left: ({left: ("[FunctionalDependency:(s: {HospitalName}, t: {ProviderNumber})]", 0.0), operator: *, right: (1.0, 1.0), result: 0.0}, 0.0), operator: +, right: ({left: ("[FunctionalDependency:(s: {ProviderNumber}, t: {HospitalName})]", 0.0), operator: *, right: (1.0, 1.0), result: 0.0}, 0.0), result: 0.0})
now error: 0.0
Block processing time: 0.456773 seconds
Computing Block 29 out of 45
Processing Block size=25
begin cleaner{left: ({left: ("[FunctionalDependency:(s: {HospitalName}, t: {ProviderNumber})]", 0.0), operator: *, right: (1.0, 1.0), result: 0.0}, 0.0), operator: +, right: ({left: ("[FunctionalDependency:(s: {ProviderNumber}, t: {HospitalName})]", 0.0), operator: *, right: (1.0, 1.0), result: 0.0}, 0.0), result: 0.0}
列 'p' 不存在，对列 ProviderNumber 不过滤，直接选择所有非无效值。
列 'p' 不存在，对列 HospitalName 不过滤，直接选择所有非无效值。
Block processing time: 0.184877 seconds
Computing Block 30 out of 45
Processing Block size=25
begin cleaner{left: ({left: ("[FunctionalDependency:(s: {HospitalName}, t: {ProviderNumber})]", 0.0), operator: *, right: (1.0, 1.0), result: 0.0}, 0.0), operator: +, right: ({left: ("[FunctionalDependency:(s: {ProviderNumber}, t: {HospitalName})]", 0.0), operator: *, right: (1.0, 1.0), result: 0.0}, 0.0), result: 0.0}
列 'p' 不存在，对列 ProviderNumber 不过滤，直接选择所有非无效值。
列 'p' 不存在，对列 HospitalName 不过滤，直接选择所有非无效值。
clean_bool length:16
newest best op: Uniop(df,'ProviderNumber','10049',(['HospitalName'], {('medxcal center enterprxse',)}),{left: ({left: ("[FunctionalDependency:(s: {HospitalName}, t: {ProviderNumber})]", 0.0), operator: *, right: (1.0, 1.0), result: 0.0}, 0.0), operator: +, right: ({left: ("[FunctionalDependency:(s: {ProviderNumber}, t: {HospitalName})]", 0.15039999999999998), operator: *, right: (1.0, 1.0), result: 0.15039999999999998}, 0.15039999999999998), result: 0.07519999999999999})
now error: 1.8799999999999997
newest best op: Uniop(df,'HospitalName','medxcal center enterprxse',(['HospitalName'], {('medical center enterprise',)}),{left: ({left: ("[FunctionalDependency:(s: {HospitalName}, t: {ProviderNumber})]", 0.0), operator: *, right: (1.0, 1.0), result: 0.0}, 0.0), operator: +, right: ({left: ("[FunctionalDependency:(s: {ProviderNumber}, t: {HospitalName})]", 0.07680000000000003), operator: *, right: (1.0, 1.0), result: 0.07680000000000003}, 0.07680000000000003), result: 0.03840000000000002})
now error: 0.9600000000000004
newest best op: Uniop(df,'HospitalName','medxcal center enterprxse',(['ProviderNumber'], {('10049',)}),{left: ({left: ("[FunctionalDependency:(s: {HospitalName}, t: {ProviderNumber})]", 0.0), operator: *, right: (1.0, 1.0), result: 0.0}, 0.0), operator: +, right: ({left: ("[FunctionalDependency:(s: {ProviderNumber}, t: {HospitalName})]", 0.0), operator: *, right: (1.0, 1.0), result: 0.0}, 0.0), result: 0.0})
now error: 0.0
newest best op: Uniop(df,'HospitalName','medical center enterprise',(['ProviderNumber'], {('10049',)}),{left: ({left: ("[FunctionalDependency:(s: {HospitalName}, t: {ProviderNumber})]", 0.0), operator: *, right: (1.0, 1.0), result: 0.0}, 0.0), operator: +, right: ({left: ("[FunctionalDependency:(s: {ProviderNumber}, t: {HospitalName})]", 0.0), operator: *, right: (1.0, 1.0), result: 0.0}, 0.0), result: 0.0})
now error: 0.0
Block processing time: 0.675452 seconds
Computing Block 31 out of 45
Processing Block size=25
begin cleaner{left: ({left: ("[FunctionalDependency:(s: {HospitalName}, t: {ProviderNumber})]", 0.0), operator: *, right: (1.0, 1.0), result: 0.0}, 0.0), operator: +, right: ({left: ("[FunctionalDependency:(s: {ProviderNumber}, t: {HospitalName})]", 0.0), operator: *, right: (1.0, 1.0), result: 0.0}, 0.0), result: 0.0}
列 'p' 不存在，对列 ProviderNumber 不过滤，直接选择所有非无效值。
列 'p' 不存在，对列 HospitalName 不过滤，直接选择所有非无效值。
Block processing time: 0.184911 seconds
Computing Block 32 out of 45
Processing Block size=25
begin cleaner{left: ({left: ("[FunctionalDependency:(s: {HospitalName}, t: {ProviderNumber})]", 0.0), operator: *, right: (1.0, 1.0), result: 0.0}, 0.0), operator: +, right: ({left: ("[FunctionalDependency:(s: {ProviderNumber}, t: {HospitalName})]", 0.0), operator: *, right: (1.0, 1.0), result: 0.0}, 0.0), result: 0.0}
列 'p' 不存在，对列 ProviderNumber 不过滤，直接选择所有非无效值。
列 'p' 不存在，对列 HospitalName 不过滤，直接选择所有非无效值。
clean_bool length:9
newest best op: Uniop(df,'ProviderNumber','10010',(['HospitalName'], {('marshall medical cenxer norxh',)}),{left: ({left: ("[FunctionalDependency:(s: {HospitalName}, t: {ProviderNumber})]", 0.0), operator: *, right: (1.0, 1.0), result: 0.0}, 0.0), operator: +, right: ({left: ("[FunctionalDependency:(s: {ProviderNumber}, t: {HospitalName})]", 0.07680000000000003), operator: *, right: (1.0, 1.0), result: 0.07680000000000003}, 0.07680000000000003), result: 0.03840000000000002})
now error: 0.9600000000000004
newest best op: Uniop(df,'HospitalName','marshall medical center north',(['HospitalName'], {('marshall medical cenxer norxh',)}),{left: ({left: ("[FunctionalDependency:(s: {HospitalName}, t: {ProviderNumber})]", 0.0), operator: *, right: (1.0, 1.0), result: 0.0}, 0.0), operator: +, right: ({left: ("[FunctionalDependency:(s: {ProviderNumber}, t: {HospitalName})]", 0.0), operator: *, right: (1.0, 1.0), result: 0.0}, 0.0), result: 0.0})
now error: 0.0
Block processing time: 0.440537 seconds
Computing Block 33 out of 45
Processing Block size=25
begin cleaner{left: ({left: ("[FunctionalDependency:(s: {HospitalName}, t: {ProviderNumber})]", 0.0), operator: *, right: (1.0, 1.0), result: 0.0}, 0.0), operator: +, right: ({left: ("[FunctionalDependency:(s: {ProviderNumber}, t: {HospitalName})]", 0.0), operator: *, right: (1.0, 1.0), result: 0.0}, 0.0), result: 0.0}
列 'p' 不存在，对列 ProviderNumber 不过滤，直接选择所有非无效值。
列 'p' 不存在，对列 HospitalName 不过滤，直接选择所有非无效值。
Block processing time: 0.187194 seconds
Computing Block 34 out of 45
Processing Block size=25
begin cleaner{left: ({left: ("[FunctionalDependency:(s: {HospitalName}, t: {ProviderNumber})]", 0.0), operator: *, right: (1.0, 1.0), result: 0.0}, 0.0), operator: +, right: ({left: ("[FunctionalDependency:(s: {ProviderNumber}, t: {HospitalName})]", 0.0), operator: *, right: (1.0, 1.0), result: 0.0}, 0.0), result: 0.0}
列 'p' 不存在，对列 ProviderNumber 不过滤，直接选择所有非无效值。
列 'p' 不存在，对列 HospitalName 不过滤，直接选择所有非无效值。
clean_bool length:16
newest best op: Uniop(df,'ProviderNumber','10034',(['HospitalName'], {('communitx hospital inc',)}),{left: ({left: ("[FunctionalDependency:(s: {HospitalName}, t: {ProviderNumber})]", 0.0), operator: *, right: (1.0, 1.0), result: 0.0}, 0.0), operator: +, right: ({left: ("[FunctionalDependency:(s: {ProviderNumber}, t: {HospitalName})]", 0.15039999999999998), operator: *, right: (1.0, 1.0), result: 0.15039999999999998}, 0.15039999999999998), result: 0.07519999999999999})
now error: 1.8799999999999997
newest best op: Uniop(df,'HospitalName','community hospital inc',(['HospitalName'], {('communitx hospital inc',)}),{left: ({left: ("[FunctionalDependency:(s: {HospitalName}, t: {ProviderNumber})]", 0.0), operator: *, right: (1.0, 1.0), result: 0.0}, 0.0), operator: +, right: ({left: ("[FunctionalDependency:(s: {ProviderNumber}, t: {HospitalName})]", 0.07680000000000003), operator: *, right: (1.0, 1.0), result: 0.07680000000000003}, 0.07680000000000003), result: 0.03840000000000002})
now error: 0.9600000000000004
newest best op: Uniop(df,'HospitalName','community hospital inc',(['ProviderNumber'], {('10034',)}),{left: ({left: ("[FunctionalDependency:(s: {HospitalName}, t: {ProviderNumber})]", 0.0), operator: *, right: (1.0, 1.0), result: 0.0}, 0.0), operator: +, right: ({left: ("[FunctionalDependency:(s: {ProviderNumber}, t: {HospitalName})]", 0.0), operator: *, right: (1.0, 1.0), result: 0.0}, 0.0), result: 0.0})
now error: 0.0
Block processing time: 0.667382 seconds
Computing Block 35 out of 45
Processing Block size=25
begin cleaner{left: ({left: ("[FunctionalDependency:(s: {HospitalName}, t: {ProviderNumber})]", 0.0), operator: *, right: (1.0, 1.0), result: 0.0}, 0.0), operator: +, right: ({left: ("[FunctionalDependency:(s: {ProviderNumber}, t: {HospitalName})]", 0.0), operator: *, right: (1.0, 1.0), result: 0.0}, 0.0), result: 0.0}
列 'p' 不存在，对列 ProviderNumber 不过滤，直接选择所有非无效值。
列 'p' 不存在，对列 HospitalName 不过滤，直接选择所有非无效值。
Block processing time: 0.185283 seconds
Computing Block 36 out of 45
Processing Block size=25
begin cleaner{left: ({left: ("[FunctionalDependency:(s: {HospitalName}, t: {ProviderNumber})]", 0.0), operator: *, right: (1.0, 1.0), result: 0.0}, 0.0), operator: +, right: ({left: ("[FunctionalDependency:(s: {ProviderNumber}, t: {HospitalName})]", 0.0), operator: *, right: (1.0, 1.0), result: 0.0}, 0.0), result: 0.0}
列 'p' 不存在，对列 ProviderNumber 不过滤，直接选择所有非无效值。
列 'p' 不存在，对列 HospitalName 不过滤，直接选择所有非无效值。
clean_bool length:9
newest best op: Uniop(df,'ProviderNumber','10047',(['HospitalName'], {('georgiaxa hospital',)}),{left: ({left: ("[FunctionalDependency:(s: {HospitalName}, t: {ProviderNumber})]", 0.0), operator: *, right: (1.0, 1.0), result: 0.0}, 0.0), operator: +, right: ({left: ("[FunctionalDependency:(s: {ProviderNumber}, t: {HospitalName})]", 0.07680000000000003), operator: *, right: (1.0, 1.0), result: 0.07680000000000003}, 0.07680000000000003), result: 0.03840000000000002})
now error: 0.9600000000000004
newest best op: Uniop(df,'HospitalName','georgiaxa hospital',(['HospitalName'], {('georgiana hospital',)}),{left: ({left: ("[FunctionalDependency:(s: {HospitalName}, t: {ProviderNumber})]", 0.0), operator: *, right: (1.0, 1.0), result: 0.0}, 0.0), operator: +, right: ({left: ("[FunctionalDependency:(s: {ProviderNumber}, t: {HospitalName})]", 0.0), operator: *, right: (1.0, 1.0), result: 0.0}, 0.0), result: 0.0})
now error: 0.0
newest best op: Uniop(df,'HospitalName','georgiana hospital',(['HospitalName'], {('georgiaxa hospital',)}),{left: ({left: ("[FunctionalDependency:(s: {HospitalName}, t: {ProviderNumber})]", 0.0), operator: *, right: (1.0, 1.0), result: 0.0}, 0.0), operator: +, right: ({left: ("[FunctionalDependency:(s: {ProviderNumber}, t: {HospitalName})]", 0.0), operator: *, right: (1.0, 1.0), result: 0.0}, 0.0), result: 0.0})
now error: 0.0
Block processing time: 0.437629 seconds
Computing Block 37 out of 45
Processing Block size=25
begin cleaner{left: ({left: ("[FunctionalDependency:(s: {HospitalName}, t: {ProviderNumber})]", 0.0), operator: *, right: (1.0, 1.0), result: 0.0}, 0.0), operator: +, right: ({left: ("[FunctionalDependency:(s: {ProviderNumber}, t: {HospitalName})]", 0.0), operator: *, right: (1.0, 1.0), result: 0.0}, 0.0), result: 0.0}
列 'p' 不存在，对列 ProviderNumber 不过滤，直接选择所有非无效值。
列 'p' 不存在，对列 HospitalName 不过滤，直接选择所有非无效值。
Block processing time: 0.186206 seconds
Computing Block 38 out of 45
Processing Block size=28
begin cleaner{left: ({left: ("[FunctionalDependency:(s: {HospitalName}, t: {ProviderNumber})]", 0.0), operator: *, right: (1.0, 1.0), result: 0.0}, 0.0), operator: +, right: ({left: ("[FunctionalDependency:(s: {ProviderNumber}, t: {HospitalName})]", 0.0), operator: *, right: (1.0, 1.0), result: 0.0}, 0.0), result: 0.0}
列 'p' 不存在，对列 ProviderNumber 不过滤，直接选择所有非无效值。
列 'p' 不存在，对列 HospitalName 不过滤，直接选择所有非无效值。
clean_bool length:25
newest best op: Uniop(df,'ProviderNumber','10046',(['HospitalName'], {('riverview rexional medical center',)}),{left: ({left: ("[FunctionalDependency:(s: {HospitalName}, t: {ProviderNumber})]", 0.0), operator: *, right: (1.0, 1.0), result: 0.0}, 0.0), operator: +, right: ({left: ("[FunctionalDependency:(s: {ProviderNumber}, t: {HospitalName})]", 0.19897959183673458), operator: *, right: (1.0, 1.0), result: 0.19897959183673458}, 0.19897959183673458), result: 0.09948979591836729})
now error: 2.7857142857142843
newest best op: Uniop(df,'HospitalName','riverview rexional medical center',(['HospitalName'], {('riverview regional medical center',)}),{left: ({left: ("[FunctionalDependency:(s: {HospitalName}, t: {ProviderNumber})]", 0.0), operator: *, right: (1.0, 1.0), result: 0.0}, 0.0), operator: +, right: ({left: ("[FunctionalDependency:(s: {ProviderNumber}, t: {HospitalName})]", 0.135204081632653), operator: *, right: (1.0, 1.0), result: 0.135204081632653}, 0.135204081632653), result: 0.0676020408163265})
now error: 1.892857142857142
newest best op: Uniop(df,'HospitalName','riverview rexional medical center',(['ProviderNumber'], {('10046',)}),{left: ({left: ("[FunctionalDependency:(s: {HospitalName}, t: {ProviderNumber})]", 0.0), operator: *, right: (1.0, 1.0), result: 0.0}, 0.0), operator: +, right: ({left: ("[FunctionalDependency:(s: {ProviderNumber}, t: {HospitalName})]", 0.0), operator: *, right: (1.0, 1.0), result: 0.0}, 0.0), result: 0.0})
now error: 0.0
newest best op: Uniop(df,'HospitalName','riverview regional medical center',(['ProviderNumber'], {('10046',)}),{left: ({left: ("[FunctionalDependency:(s: {HospitalName}, t: {ProviderNumber})]", 0.0), operator: *, right: (1.0, 1.0), result: 0.0}, 0.0), operator: +, right: ({left: ("[FunctionalDependency:(s: {ProviderNumber}, t: {HospitalName})]", 0.0), operator: *, right: (1.0, 1.0), result: 0.0}, 0.0), result: 0.0})
now error: 0.0
Block processing time: 1.062437 seconds
Computing Block 39 out of 45
Processing Block size=25
begin cleaner{left: ({left: ("[FunctionalDependency:(s: {HospitalName}, t: {ProviderNumber})]", 0.0), operator: *, right: (1.0, 1.0), result: 0.0}, 0.0), operator: +, right: ({left: ("[FunctionalDependency:(s: {ProviderNumber}, t: {HospitalName})]", 0.0), operator: *, right: (1.0, 1.0), result: 0.0}, 0.0), result: 0.0}
列 'p' 不存在，对列 ProviderNumber 不过滤，直接选择所有非无效值。
列 'p' 不存在，对列 HospitalName 不过滤，直接选择所有非无效值。
Block processing time: 0.185695 seconds
Computing Block 40 out of 45
Processing Block size=20
begin cleaner{left: ({left: ("[FunctionalDependency:(s: {HospitalName}, t: {ProviderNumber})]", 0.0), operator: *, right: (1.0, 1.0), result: 0.0}, 0.0), operator: +, right: ({left: ("[FunctionalDependency:(s: {ProviderNumber}, t: {HospitalName})]", 0.0), operator: *, right: (1.0, 1.0), result: 0.0}, 0.0), result: 0.0}
列 'p' 不存在，对列 ProviderNumber 不过滤，直接选择所有非无效值。
列 'p' 不存在，对列 HospitalName 不过滤，直接选择所有非无效值。
clean_bool length:9
newest best op: Uniop(df,'ProviderNumber','10050',(['HospitalName'], {('st vincents blount',)}),{left: ({left: ("[FunctionalDependency:(s: {HospitalName}, t: {ProviderNumber})]", 0.0), operator: *, right: (1.0, 1.0), result: 0.0}, 0.0), operator: +, right: ({left: ("[FunctionalDependency:(s: {ProviderNumber}, t: {HospitalName})]", 0.09500000000000004), operator: *, right: (1.0, 1.0), result: 0.09500000000000004}, 0.09500000000000004), result: 0.04750000000000002})
now error: 0.9500000000000004
newest best op: Uniop(df,'HospitalName','st vincents blount',(['HospitalName'], {('st vincents bxount',)}),{left: ({left: ("[FunctionalDependency:(s: {HospitalName}, t: {ProviderNumber})]", 0.0), operator: *, right: (1.0, 1.0), result: 0.0}, 0.0), operator: +, right: ({left: ("[FunctionalDependency:(s: {ProviderNumber}, t: {HospitalName})]", 0.0), operator: *, right: (1.0, 1.0), result: 0.0}, 0.0), result: 0.0})
now error: 0.0
Block processing time: 0.350793 seconds
Computing Block 41 out of 45
Processing Block size=18
begin cleaner{left: ({left: ("[FunctionalDependency:(s: {HospitalName}, t: {ProviderNumber})]", 0.0), operator: *, right: (1.0, 1.0), result: 0.0}, 0.0), operator: +, right: ({left: ("[FunctionalDependency:(s: {ProviderNumber}, t: {HospitalName})]", 0.0), operator: *, right: (1.0, 1.0), result: 0.0}, 0.0), result: 0.0}
列 'p' 不存在，对列 ProviderNumber 不过滤，直接选择所有非无效值。
列 'p' 不存在，对列 HospitalName 不过滤，直接选择所有非无效值。
Block processing time: 0.133781 seconds
Computing Block 42 out of 45
Processing Block size=25
begin cleaner{left: ({left: ("[FunctionalDependency:(s: {HospitalName}, t: {ProviderNumber})]", 0.0), operator: *, right: (1.0, 1.0), result: 0.0}, 0.0), operator: +, right: ({left: ("[FunctionalDependency:(s: {ProviderNumber}, t: {HospitalName})]", 0.0), operator: *, right: (1.0, 1.0), result: 0.0}, 0.0), result: 0.0}
列 'p' 不存在，对列 ProviderNumber 不过滤，直接选择所有非无效值。
列 'p' 不存在，对列 HospitalName 不过滤，直接选择所有非无效值。
Block processing time: 0.184474 seconds
Computing Block 43 out of 45
Processing Block size=25
begin cleaner{left: ({left: ("[FunctionalDependency:(s: {HospitalName}, t: {ProviderNumber})]", 0.0), operator: *, right: (1.0, 1.0), result: 0.0}, 0.0), operator: +, right: ({left: ("[FunctionalDependency:(s: {ProviderNumber}, t: {HospitalName})]", 0.0), operator: *, right: (1.0, 1.0), result: 0.0}, 0.0), result: 0.0}
列 'p' 不存在，对列 ProviderNumber 不过滤，直接选择所有非无效值。
列 'p' 不存在，对列 HospitalName 不过滤，直接选择所有非无效值。
Block processing time: 0.186557 seconds
Computing Block 44 out of 45
Processing Block size=25
begin cleaner{left: ({left: ("[FunctionalDependency:(s: {HospitalName}, t: {ProviderNumber})]", 0.0), operator: *, right: (1.0, 1.0), result: 0.0}, 0.0), operator: +, right: ({left: ("[FunctionalDependency:(s: {ProviderNumber}, t: {HospitalName})]", 0.0), operator: *, right: (1.0, 1.0), result: 0.0}, 0.0), result: 0.0}
列 'p' 不存在，对列 ProviderNumber 不过滤，直接选择所有非无效值。
列 'p' 不存在，对列 HospitalName 不过滤，直接选择所有非无效值。
clean_bool length:9
newest best op: Uniop(df,'ProviderNumber','10012',(['HospitalName'], {('dexalb regional medical center',)}),{left: ({left: ("[FunctionalDependency:(s: {HospitalName}, t: {ProviderNumber})]", 0.0), operator: *, right: (1.0, 1.0), result: 0.0}, 0.0), operator: +, right: ({left: ("[FunctionalDependency:(s: {ProviderNumber}, t: {HospitalName})]", 0.07680000000000003), operator: *, right: (1.0, 1.0), result: 0.07680000000000003}, 0.07680000000000003), result: 0.03840000000000002})
now error: 0.9600000000000004
newest best op: Uniop(df,'HospitalName','dexalb regional medical center',(['HospitalName'], {('dekalb regional medical center',)}),{left: ({left: ("[FunctionalDependency:(s: {HospitalName}, t: {ProviderNumber})]", 0.0), operator: *, right: (1.0, 1.0), result: 0.0}, 0.0), operator: +, right: ({left: ("[FunctionalDependency:(s: {ProviderNumber}, t: {HospitalName})]", 0.0), operator: *, right: (1.0, 1.0), result: 0.0}, 0.0), result: 0.0})
now error: 0.0
newest best op: Uniop(df,'HospitalName','dekalb regional medical center',(['HospitalName'], {('dexalb regional medical center',)}),{left: ({left: ("[FunctionalDependency:(s: {HospitalName}, t: {ProviderNumber})]", 0.0), operator: *, right: (1.0, 1.0), result: 0.0}, 0.0), operator: +, right: ({left: ("[FunctionalDependency:(s: {ProviderNumber}, t: {HospitalName})]", 0.0), operator: *, right: (1.0, 1.0), result: 0.0}, 0.0), result: 0.0})
now error: 0.0
Block processing time: 0.436232 seconds
Computing Block 45 out of 45
Processing Block size=25
begin cleaner{left: ({left: ("[FunctionalDependency:(s: {HospitalName}, t: {ProviderNumber})]", 0.0), operator: *, right: (1.0, 1.0), result: 0.0}, 0.0), operator: +, right: ({left: ("[FunctionalDependency:(s: {ProviderNumber}, t: {HospitalName})]", 0.0), operator: *, right: (1.0, 1.0), result: 0.0}, 0.0), result: 0.0}
列 'p' 不存在，对列 ProviderNumber 不过滤，直接选择所有非无效值。
列 'p' 不存在，对列 HospitalName 不过滤，直接选择所有非无效值。
clean_bool length:9
newest best op: Uniop(df,'ProviderNumber','10032',(['HospitalName'], {('wedowee hospital',)}),{left: ({left: ("[FunctionalDependency:(s: {HospitalName}, t: {ProviderNumber})]", 0.0), operator: *, right: (1.0, 1.0), result: 0.0}, 0.0), operator: +, right: ({left: ("[FunctionalDependency:(s: {ProviderNumber}, t: {HospitalName})]", 0.07680000000000003), operator: *, right: (1.0, 1.0), result: 0.07680000000000003}, 0.07680000000000003), result: 0.03840000000000002})
now error: 0.9600000000000004
newest best op: Uniop(df,'HospitalName','wedowee hospital',(['HospitalName'], {('wedowee hosxital',)}),{left: ({left: ("[FunctionalDependency:(s: {HospitalName}, t: {ProviderNumber})]", 0.0), operator: *, right: (1.0, 1.0), result: 0.0}, 0.0), operator: +, right: ({left: ("[FunctionalDependency:(s: {ProviderNumber}, t: {HospitalName})]", 0.0), operator: *, right: (1.0, 1.0), result: 0.0}, 0.0), result: 0.0})
now error: 0.0
Block processing time: 0.448279 seconds
  当前节点: HospitalName,ProviderNumber 有 18 个清洗操作
  跳过已清洗结束的节点: MeasureCode
['HospitalName,ProviderNumber', 'MeasureCode']的清洗完成

本层累积的编辑规则数: 18
读入数据大小：1000
处理了 18 条规则，更新数据...
所有编辑规则已更新完成

处理第 1 层级, 包含节点: ['HospitalName,ProviderNumber', 'MeasureCode']
  当前节点: HospitalName,ProviderNumber 存在可用清洗信号
数据块大小: 1000
分块属性:
[['HospitalName'], ['ProviderNumber']]
Grouping by ['HospitalName'] yields 45 groups.
Grouping by ['ProviderNumber'] yields 45 groups.
Current group product: 2025, Total rows: 1000
Removing attribute group ['HospitalName'] with 45 groups.
Current group product: 45, Total rows: 1000
Final selected attributes for partitioning: [['ProviderNumber']]
Removed attributes for potential later use: [['HospitalName']]
Starting initial block mapping...
Initial number of blocks: 45
Final number of blocks after further splitting: 45
Computing Block 1 out of 45
Processing Block size=25
begin cleaner[FunctionalDependency:(s: {'HospitalName'}, t: {'ProviderNumber'})]*1.0+[FunctionalDependency:(s: {'ProviderNumber'}, t: {'HospitalName'})]*1.0
列 'p' 不存在，对列 ProviderNumber 不过滤，直接选择所有非无效值。
列 'p' 不存在，对列 HospitalName 不过滤，直接选择所有非无效值。
Block processing time: 0.253007 seconds
Computing Block 2 out of 45
Processing Block size=25
begin cleaner{left: ({left: ("[FunctionalDependency:(s: {HospitalName}, t: {ProviderNumber})]", 0.0), operator: *, right: (1.0, 1.0), result: 0.0}, 0.0), operator: +, right: ({left: ("[FunctionalDependency:(s: {ProviderNumber}, t: {HospitalName})]", 0.0), operator: *, right: (1.0, 1.0), result: 0.0}, 0.0), result: 0.0}
列 'p' 不存在，对列 ProviderNumber 不过滤，直接选择所有非无效值。
列 'p' 不存在，对列 HospitalName 不过滤，直接选择所有非无效值。
Block processing time: 0.249589 seconds
Computing Block 3 out of 45
Processing Block size=25
begin cleaner{left: ({left: ("[FunctionalDependency:(s: {HospitalName}, t: {ProviderNumber})]", 0.0), operator: *, right: (1.0, 1.0), result: 0.0}, 0.0), operator: +, right: ({left: ("[FunctionalDependency:(s: {ProviderNumber}, t: {HospitalName})]", 0.0), operator: *, right: (1.0, 1.0), result: 0.0}, 0.0), result: 0.0}
列 'p' 不存在，对列 ProviderNumber 不过滤，直接选择所有非无效值。
列 'p' 不存在，对列 HospitalName 不过滤，直接选择所有非无效值。
Block processing time: 0.245648 seconds
Computing Block 4 out of 45
Processing Block size=17
begin cleaner{left: ({left: ("[FunctionalDependency:(s: {HospitalName}, t: {ProviderNumber})]", 0.0), operator: *, right: (1.0, 1.0), result: 0.0}, 0.0), operator: +, right: ({left: ("[FunctionalDependency:(s: {ProviderNumber}, t: {HospitalName})]", 0.0), operator: *, right: (1.0, 1.0), result: 0.0}, 0.0), result: 0.0}
列 'p' 不存在，对列 ProviderNumber 不过滤，直接选择所有非无效值。
列 'p' 不存在，对列 HospitalName 不过滤，直接选择所有非无效值。
Block processing time: 0.181868 seconds
Computing Block 5 out of 45
Processing Block size=2
begin cleaner{left: ({left: ("[FunctionalDependency:(s: {HospitalName}, t: {ProviderNumber})]", 0.0), operator: *, right: (1.0, 1.0), result: 0.0}, 0.0), operator: +, right: ({left: ("[FunctionalDependency:(s: {ProviderNumber}, t: {HospitalName})]", 0.0), operator: *, right: (1.0, 1.0), result: 0.0}, 0.0), result: 0.0}
列 'p' 不存在，对列 ProviderNumber 不过滤，直接选择所有非无效值。
列 'p' 不存在，对列 HospitalName 不过滤，直接选择所有非无效值。
Block processing time: 0.020585 seconds
Computing Block 6 out of 45
Processing Block size=13
begin cleaner{left: ({left: ("[FunctionalDependency:(s: {HospitalName}, t: {ProviderNumber})]", 0.0), operator: *, right: (1.0, 1.0), result: 0.0}, 0.0), operator: +, right: ({left: ("[FunctionalDependency:(s: {ProviderNumber}, t: {HospitalName})]", 0.0), operator: *, right: (1.0, 1.0), result: 0.0}, 0.0), result: 0.0}
列 'p' 不存在，对列 ProviderNumber 不过滤，直接选择所有非无效值。
列 'p' 不存在，对列 HospitalName 不过滤，直接选择所有非无效值。
Block processing time: 0.129375 seconds
Computing Block 7 out of 45
Processing Block size=20
begin cleaner{left: ({left: ("[FunctionalDependency:(s: {HospitalName}, t: {ProviderNumber})]", 0.0), operator: *, right: (1.0, 1.0), result: 0.0}, 0.0), operator: +, right: ({left: ("[FunctionalDependency:(s: {ProviderNumber}, t: {HospitalName})]", 0.0), operator: *, right: (1.0, 1.0), result: 0.0}, 0.0), result: 0.0}
列 'p' 不存在，对列 ProviderNumber 不过滤，直接选择所有非无效值。
列 'p' 不存在，对列 HospitalName 不过滤，直接选择所有非无效值。
Block processing time: 0.197834 seconds
Computing Block 8 out of 45
Processing Block size=25
begin cleaner{left: ({left: ("[FunctionalDependency:(s: {HospitalName}, t: {ProviderNumber})]", 0.0), operator: *, right: (1.0, 1.0), result: 0.0}, 0.0), operator: +, right: ({left: ("[FunctionalDependency:(s: {ProviderNumber}, t: {HospitalName})]", 0.0), operator: *, right: (1.0, 1.0), result: 0.0}, 0.0), result: 0.0}
列 'p' 不存在，对列 ProviderNumber 不过滤，直接选择所有非无效值。
列 'p' 不存在，对列 HospitalName 不过滤，直接选择所有非无效值。
Block processing time: 0.25662 seconds
Computing Block 9 out of 45
Processing Block size=25
begin cleaner{left: ({left: ("[FunctionalDependency:(s: {HospitalName}, t: {ProviderNumber})]", 0.0), operator: *, right: (1.0, 1.0), result: 0.0}, 0.0), operator: +, right: ({left: ("[FunctionalDependency:(s: {ProviderNumber}, t: {HospitalName})]", 0.0), operator: *, right: (1.0, 1.0), result: 0.0}, 0.0), result: 0.0}
列 'p' 不存在，对列 ProviderNumber 不过滤，直接选择所有非无效值。
列 'p' 不存在，对列 HospitalName 不过滤，直接选择所有非无效值。
Block processing time: 0.247383 seconds
Computing Block 10 out of 45
Processing Block size=25
begin cleaner{left: ({left: ("[FunctionalDependency:(s: {HospitalName}, t: {ProviderNumber})]", 0.0), operator: *, right: (1.0, 1.0), result: 0.0}, 0.0), operator: +, right: ({left: ("[FunctionalDependency:(s: {ProviderNumber}, t: {HospitalName})]", 0.0), operator: *, right: (1.0, 1.0), result: 0.0}, 0.0), result: 0.0}
列 'p' 不存在，对列 ProviderNumber 不过滤，直接选择所有非无效值。
列 'p' 不存在，对列 HospitalName 不过滤，直接选择所有非无效值。
Block processing time: 0.247438 seconds
Computing Block 11 out of 45
Processing Block size=25
begin cleaner{left: ({left: ("[FunctionalDependency:(s: {HospitalName}, t: {ProviderNumber})]", 0.0), operator: *, right: (1.0, 1.0), result: 0.0}, 0.0), operator: +, right: ({left: ("[FunctionalDependency:(s: {ProviderNumber}, t: {HospitalName})]", 0.0), operator: *, right: (1.0, 1.0), result: 0.0}, 0.0), result: 0.0}
列 'p' 不存在，对列 ProviderNumber 不过滤，直接选择所有非无效值。
列 'p' 不存在，对列 HospitalName 不过滤，直接选择所有非无效值。
Block processing time: 0.267414 seconds
Computing Block 13 out of 45
Processing Block size=18
begin cleaner{left: ({left: ("[FunctionalDependency:(s: {HospitalName}, t: {ProviderNumber})]", 0.0), operator: *, right: (1.0, 1.0), result: 0.0}, 0.0), operator: +, right: ({left: ("[FunctionalDependency:(s: {ProviderNumber}, t: {HospitalName})]", 0.0), operator: *, right: (1.0, 1.0), result: 0.0}, 0.0), result: 0.0}
列 'p' 不存在，对列 ProviderNumber 不过滤，直接选择所有非无效值。
列 'p' 不存在，对列 HospitalName 不过滤，直接选择所有非无效值。
Block processing time: 0.179681 seconds
Computing Block 14 out of 45
Processing Block size=25
begin cleaner{left: ({left: ("[FunctionalDependency:(s: {HospitalName}, t: {ProviderNumber})]", 0.0), operator: *, right: (1.0, 1.0), result: 0.0}, 0.0), operator: +, right: ({left: ("[FunctionalDependency:(s: {ProviderNumber}, t: {HospitalName})]", 0.0), operator: *, right: (1.0, 1.0), result: 0.0}, 0.0), result: 0.0}
列 'p' 不存在，对列 ProviderNumber 不过滤，直接选择所有非无效值。
列 'p' 不存在，对列 HospitalName 不过滤，直接选择所有非无效值。
Block processing time: 0.247309 seconds
Computing Block 15 out of 45
Processing Block size=28
begin cleaner{left: ({left: ("[FunctionalDependency:(s: {HospitalName}, t: {ProviderNumber})]", 0.0), operator: *, right: (1.0, 1.0), result: 0.0}, 0.0), operator: +, right: ({left: ("[FunctionalDependency:(s: {ProviderNumber}, t: {HospitalName})]", 0.0), operator: *, right: (1.0, 1.0), result: 0.0}, 0.0), result: 0.0}
列 'p' 不存在，对列 ProviderNumber 不过滤，直接选择所有非无效值。
列 'p' 不存在，对列 HospitalName 不过滤，直接选择所有非无效值。
Block processing time: 0.294365 seconds
Computing Block 16 out of 45
Processing Block size=25
begin cleaner{left: ({left: ("[FunctionalDependency:(s: {HospitalName}, t: {ProviderNumber})]", 0.0), operator: *, right: (1.0, 1.0), result: 0.0}, 0.0), operator: +, right: ({left: ("[FunctionalDependency:(s: {ProviderNumber}, t: {HospitalName})]", 0.0), operator: *, right: (1.0, 1.0), result: 0.0}, 0.0), result: 0.0}
列 'p' 不存在，对列 ProviderNumber 不过滤，直接选择所有非无效值。
列 'p' 不存在，对列 HospitalName 不过滤，直接选择所有非无效值。
Block processing time: 0.284702 seconds
Computing Block 17 out of 45
Processing Block size=28
begin cleaner{left: ({left: ("[FunctionalDependency:(s: {HospitalName}, t: {ProviderNumber})]", 0.0), operator: *, right: (1.0, 1.0), result: 0.0}, 0.0), operator: +, right: ({left: ("[FunctionalDependency:(s: {ProviderNumber}, t: {HospitalName})]", 0.0), operator: *, right: (1.0, 1.0), result: 0.0}, 0.0), result: 0.0}
列 'p' 不存在，对列 ProviderNumber 不过滤，直接选择所有非无效值。
列 'p' 不存在，对列 HospitalName 不过滤，直接选择所有非无效值。
Block processing time: 0.288764 seconds
Computing Block 18 out of 45
Processing Block size=2
begin cleaner{left: ({left: ("[FunctionalDependency:(s: {HospitalName}, t: {ProviderNumber})]", 0.0), operator: *, right: (1.0, 1.0), result: 0.0}, 0.0), operator: +, right: ({left: ("[FunctionalDependency:(s: {ProviderNumber}, t: {HospitalName})]", 0.0), operator: *, right: (1.0, 1.0), result: 0.0}, 0.0), result: 0.0}
列 'p' 不存在，对列 ProviderNumber 不过滤，直接选择所有非无效值。
列 'p' 不存在，对列 HospitalName 不过滤，直接选择所有非无效值。
Block processing time: 0.020499 seconds
Computing Block 19 out of 45
Processing Block size=25
begin cleaner{left: ({left: ("[FunctionalDependency:(s: {HospitalName}, t: {ProviderNumber})]", 0.0), operator: *, right: (1.0, 1.0), result: 0.0}, 0.0), operator: +, right: ({left: ("[FunctionalDependency:(s: {ProviderNumber}, t: {HospitalName})]", 0.0), operator: *, right: (1.0, 1.0), result: 0.0}, 0.0), result: 0.0}
列 'p' 不存在，对列 ProviderNumber 不过滤，直接选择所有非无效值。
列 'p' 不存在，对列 HospitalName 不过滤，直接选择所有非无效值。
Block processing time: 0.246544 seconds
Computing Block 20 out of 45
Processing Block size=25
begin cleaner{left: ({left: ("[FunctionalDependency:(s: {HospitalName}, t: {ProviderNumber})]", 0.0), operator: *, right: (1.0, 1.0), result: 0.0}, 0.0), operator: +, right: ({left: ("[FunctionalDependency:(s: {ProviderNumber}, t: {HospitalName})]", 0.0), operator: *, right: (1.0, 1.0), result: 0.0}, 0.0), result: 0.0}
列 'p' 不存在，对列 ProviderNumber 不过滤，直接选择所有非无效值。
列 'p' 不存在，对列 HospitalName 不过滤，直接选择所有非无效值。
Block processing time: 0.24863 seconds
Computing Block 21 out of 45
Processing Block size=25
begin cleaner{left: ({left: ("[FunctionalDependency:(s: {HospitalName}, t: {ProviderNumber})]", 0.0), operator: *, right: (1.0, 1.0), result: 0.0}, 0.0), operator: +, right: ({left: ("[FunctionalDependency:(s: {ProviderNumber}, t: {HospitalName})]", 0.0), operator: *, right: (1.0, 1.0), result: 0.0}, 0.0), result: 0.0}
列 'p' 不存在，对列 ProviderNumber 不过滤，直接选择所有非无效值。
列 'p' 不存在，对列 HospitalName 不过滤，直接选择所有非无效值。
Block processing time: 0.248207 seconds
Computing Block 22 out of 45
Processing Block size=25
begin cleaner{left: ({left: ("[FunctionalDependency:(s: {HospitalName}, t: {ProviderNumber})]", 0.0), operator: *, right: (1.0, 1.0), result: 0.0}, 0.0), operator: +, right: ({left: ("[FunctionalDependency:(s: {ProviderNumber}, t: {HospitalName})]", 0.0), operator: *, right: (1.0, 1.0), result: 0.0}, 0.0), result: 0.0}
列 'p' 不存在，对列 ProviderNumber 不过滤，直接选择所有非无效值。
列 'p' 不存在，对列 HospitalName 不过滤，直接选择所有非无效值。
Block processing time: 0.254968 seconds
Computing Block 23 out of 45
Processing Block size=25
begin cleaner{left: ({left: ("[FunctionalDependency:(s: {HospitalName}, t: {ProviderNumber})]", 0.0), operator: *, right: (1.0, 1.0), result: 0.0}, 0.0), operator: +, right: ({left: ("[FunctionalDependency:(s: {ProviderNumber}, t: {HospitalName})]", 0.0), operator: *, right: (1.0, 1.0), result: 0.0}, 0.0), result: 0.0}
列 'p' 不存在，对列 ProviderNumber 不过滤，直接选择所有非无效值。
列 'p' 不存在，对列 HospitalName 不过滤，直接选择所有非无效值。
Block processing time: 0.262166 seconds
Computing Block 24 out of 45
Processing Block size=25
begin cleaner{left: ({left: ("[FunctionalDependency:(s: {HospitalName}, t: {ProviderNumber})]", 0.0), operator: *, right: (1.0, 1.0), result: 0.0}, 0.0), operator: +, right: ({left: ("[FunctionalDependency:(s: {ProviderNumber}, t: {HospitalName})]", 0.0), operator: *, right: (1.0, 1.0), result: 0.0}, 0.0), result: 0.0}
列 'p' 不存在，对列 ProviderNumber 不过滤，直接选择所有非无效值。
列 'p' 不存在，对列 HospitalName 不过滤，直接选择所有非无效值。
Block processing time: 0.247844 seconds
Computing Block 25 out of 45
Processing Block size=5
begin cleaner{left: ({left: ("[FunctionalDependency:(s: {HospitalName}, t: {ProviderNumber})]", 0.0), operator: *, right: (1.0, 1.0), result: 0.0}, 0.0), operator: +, right: ({left: ("[FunctionalDependency:(s: {ProviderNumber}, t: {HospitalName})]", 0.0), operator: *, right: (1.0, 1.0), result: 0.0}, 0.0), result: 0.0}
列 'p' 不存在，对列 ProviderNumber 不过滤，直接选择所有非无效值。
列 'p' 不存在，对列 HospitalName 不过滤，直接选择所有非无效值。
Block processing time: 0.050101 seconds
Computing Block 26 out of 45
Processing Block size=25
begin cleaner{left: ({left: ("[FunctionalDependency:(s: {HospitalName}, t: {ProviderNumber})]", 0.0), operator: *, right: (1.0, 1.0), result: 0.0}, 0.0), operator: +, right: ({left: ("[FunctionalDependency:(s: {ProviderNumber}, t: {HospitalName})]", 0.0), operator: *, right: (1.0, 1.0), result: 0.0}, 0.0), result: 0.0}
列 'p' 不存在，对列 ProviderNumber 不过滤，直接选择所有非无效值。
列 'p' 不存在，对列 HospitalName 不过滤，直接选择所有非无效值。
Block processing time: 0.248394 seconds
Computing Block 27 out of 45
Processing Block size=25
begin cleaner{left: ({left: ("[FunctionalDependency:(s: {HospitalName}, t: {ProviderNumber})]", 0.0), operator: *, right: (1.0, 1.0), result: 0.0}, 0.0), operator: +, right: ({left: ("[FunctionalDependency:(s: {ProviderNumber}, t: {HospitalName})]", 0.0), operator: *, right: (1.0, 1.0), result: 0.0}, 0.0), result: 0.0}
列 'p' 不存在，对列 ProviderNumber 不过滤，直接选择所有非无效值。
列 'p' 不存在，对列 HospitalName 不过滤，直接选择所有非无效值。
Block processing time: 0.252192 seconds
Computing Block 28 out of 45
Processing Block size=25
begin cleaner{left: ({left: ("[FunctionalDependency:(s: {HospitalName}, t: {ProviderNumber})]", 0.0), operator: *, right: (1.0, 1.0), result: 0.0}, 0.0), operator: +, right: ({left: ("[FunctionalDependency:(s: {ProviderNumber}, t: {HospitalName})]", 0.0), operator: *, right: (1.0, 1.0), result: 0.0}, 0.0), result: 0.0}
列 'p' 不存在，对列 ProviderNumber 不过滤，直接选择所有非无效值。
列 'p' 不存在，对列 HospitalName 不过滤，直接选择所有非无效值。
Block processing time: 0.246615 seconds
Computing Block 29 out of 45
Processing Block size=25
begin cleaner{left: ({left: ("[FunctionalDependency:(s: {HospitalName}, t: {ProviderNumber})]", 0.0), operator: *, right: (1.0, 1.0), result: 0.0}, 0.0), operator: +, right: ({left: ("[FunctionalDependency:(s: {ProviderNumber}, t: {HospitalName})]", 0.0), operator: *, right: (1.0, 1.0), result: 0.0}, 0.0), result: 0.0}
列 'p' 不存在，对列 ProviderNumber 不过滤，直接选择所有非无效值。
列 'p' 不存在，对列 HospitalName 不过滤，直接选择所有非无效值。
Block processing time: 0.247499 seconds
Computing Block 30 out of 45
Processing Block size=25
begin cleaner{left: ({left: ("[FunctionalDependency:(s: {HospitalName}, t: {ProviderNumber})]", 0.0), operator: *, right: (1.0, 1.0), result: 0.0}, 0.0), operator: +, right: ({left: ("[FunctionalDependency:(s: {ProviderNumber}, t: {HospitalName})]", 0.0), operator: *, right: (1.0, 1.0), result: 0.0}, 0.0), result: 0.0}
列 'p' 不存在，对列 ProviderNumber 不过滤，直接选择所有非无效值。
列 'p' 不存在，对列 HospitalName 不过滤，直接选择所有非无效值。
Block processing time: 0.268213 seconds
Computing Block 31 out of 45
Processing Block size=25
begin cleaner{left: ({left: ("[FunctionalDependency:(s: {HospitalName}, t: {ProviderNumber})]", 0.0), operator: *, right: (1.0, 1.0), result: 0.0}, 0.0), operator: +, right: ({left: ("[FunctionalDependency:(s: {ProviderNumber}, t: {HospitalName})]", 0.0), operator: *, right: (1.0, 1.0), result: 0.0}, 0.0), result: 0.0}
列 'p' 不存在，对列 ProviderNumber 不过滤，直接选择所有非无效值。
列 'p' 不存在，对列 HospitalName 不过滤，直接选择所有非无效值。
Block processing time: 0.252533 seconds
Computing Block 32 out of 45
Processing Block size=25
begin cleaner{left: ({left: ("[FunctionalDependency:(s: {HospitalName}, t: {ProviderNumber})]", 0.0), operator: *, right: (1.0, 1.0), result: 0.0}, 0.0), operator: +, right: ({left: ("[FunctionalDependency:(s: {ProviderNumber}, t: {HospitalName})]", 0.0), operator: *, right: (1.0, 1.0), result: 0.0}, 0.0), result: 0.0}
列 'p' 不存在，对列 ProviderNumber 不过滤，直接选择所有非无效值。
列 'p' 不存在，对列 HospitalName 不过滤，直接选择所有非无效值。
Block processing time: 0.247563 seconds
Computing Block 33 out of 45
Processing Block size=25
begin cleaner{left: ({left: ("[FunctionalDependency:(s: {HospitalName}, t: {ProviderNumber})]", 0.0), operator: *, right: (1.0, 1.0), result: 0.0}, 0.0), operator: +, right: ({left: ("[FunctionalDependency:(s: {ProviderNumber}, t: {HospitalName})]", 0.0), operator: *, right: (1.0, 1.0), result: 0.0}, 0.0), result: 0.0}
列 'p' 不存在，对列 ProviderNumber 不过滤，直接选择所有非无效值。
列 'p' 不存在，对列 HospitalName 不过滤，直接选择所有非无效值。
Block processing time: 0.264102 seconds
Computing Block 34 out of 45
Processing Block size=25
begin cleaner{left: ({left: ("[FunctionalDependency:(s: {HospitalName}, t: {ProviderNumber})]", 0.0), operator: *, right: (1.0, 1.0), result: 0.0}, 0.0), operator: +, right: ({left: ("[FunctionalDependency:(s: {ProviderNumber}, t: {HospitalName})]", 0.0), operator: *, right: (1.0, 1.0), result: 0.0}, 0.0), result: 0.0}
列 'p' 不存在，对列 ProviderNumber 不过滤，直接选择所有非无效值。
列 'p' 不存在，对列 HospitalName 不过滤，直接选择所有非无效值。
Block processing time: 0.250241 seconds
Computing Block 35 out of 45
Processing Block size=25
begin cleaner{left: ({left: ("[FunctionalDependency:(s: {HospitalName}, t: {ProviderNumber})]", 0.0), operator: *, right: (1.0, 1.0), result: 0.0}, 0.0), operator: +, right: ({left: ("[FunctionalDependency:(s: {ProviderNumber}, t: {HospitalName})]", 0.0), operator: *, right: (1.0, 1.0), result: 0.0}, 0.0), result: 0.0}
列 'p' 不存在，对列 ProviderNumber 不过滤，直接选择所有非无效值。
列 'p' 不存在，对列 HospitalName 不过滤，直接选择所有非无效值。
Block processing time: 0.267316 seconds
Computing Block 36 out of 45
Processing Block size=25
begin cleaner{left: ({left: ("[FunctionalDependency:(s: {HospitalName}, t: {ProviderNumber})]", 0.0), operator: *, right: (1.0, 1.0), result: 0.0}, 0.0), operator: +, right: ({left: ("[FunctionalDependency:(s: {ProviderNumber}, t: {HospitalName})]", 0.0), operator: *, right: (1.0, 1.0), result: 0.0}, 0.0), result: 0.0}
列 'p' 不存在，对列 ProviderNumber 不过滤，直接选择所有非无效值。
列 'p' 不存在，对列 HospitalName 不过滤，直接选择所有非无效值。
Block processing time: 0.246617 seconds
Computing Block 37 out of 45
Processing Block size=25
begin cleaner{left: ({left: ("[FunctionalDependency:(s: {HospitalName}, t: {ProviderNumber})]", 0.0), operator: *, right: (1.0, 1.0), result: 0.0}, 0.0), operator: +, right: ({left: ("[FunctionalDependency:(s: {ProviderNumber}, t: {HospitalName})]", 0.0), operator: *, right: (1.0, 1.0), result: 0.0}, 0.0), result: 0.0}
列 'p' 不存在，对列 ProviderNumber 不过滤，直接选择所有非无效值。
列 'p' 不存在，对列 HospitalName 不过滤，直接选择所有非无效值。
Block processing time: 0.247188 seconds
Computing Block 38 out of 45
Processing Block size=28
begin cleaner{left: ({left: ("[FunctionalDependency:(s: {HospitalName}, t: {ProviderNumber})]", 0.0), operator: *, right: (1.0, 1.0), result: 0.0}, 0.0), operator: +, right: ({left: ("[FunctionalDependency:(s: {ProviderNumber}, t: {HospitalName})]", 0.0), operator: *, right: (1.0, 1.0), result: 0.0}, 0.0), result: 0.0}
列 'p' 不存在，对列 ProviderNumber 不过滤，直接选择所有非无效值。
列 'p' 不存在，对列 HospitalName 不过滤，直接选择所有非无效值。
Block processing time: 0.300838 seconds
Computing Block 39 out of 45
Processing Block size=25
begin cleaner{left: ({left: ("[FunctionalDependency:(s: {HospitalName}, t: {ProviderNumber})]", 0.0), operator: *, right: (1.0, 1.0), result: 0.0}, 0.0), operator: +, right: ({left: ("[FunctionalDependency:(s: {ProviderNumber}, t: {HospitalName})]", 0.0), operator: *, right: (1.0, 1.0), result: 0.0}, 0.0), result: 0.0}
列 'p' 不存在，对列 ProviderNumber 不过滤，直接选择所有非无效值。
列 'p' 不存在，对列 HospitalName 不过滤，直接选择所有非无效值。
Block processing time: 0.24497 seconds
Computing Block 40 out of 45
Processing Block size=20
begin cleaner{left: ({left: ("[FunctionalDependency:(s: {HospitalName}, t: {ProviderNumber})]", 0.0), operator: *, right: (1.0, 1.0), result: 0.0}, 0.0), operator: +, right: ({left: ("[FunctionalDependency:(s: {ProviderNumber}, t: {HospitalName})]", 0.0), operator: *, right: (1.0, 1.0), result: 0.0}, 0.0), result: 0.0}
列 'p' 不存在，对列 ProviderNumber 不过滤，直接选择所有非无效值。
列 'p' 不存在，对列 HospitalName 不过滤，直接选择所有非无效值。
Block processing time: 0.197524 seconds
Computing Block 41 out of 45
Processing Block size=18
begin cleaner{left: ({left: ("[FunctionalDependency:(s: {HospitalName}, t: {ProviderNumber})]", 0.0), operator: *, right: (1.0, 1.0), result: 0.0}, 0.0), operator: +, right: ({left: ("[FunctionalDependency:(s: {ProviderNumber}, t: {HospitalName})]", 0.0), operator: *, right: (1.0, 1.0), result: 0.0}, 0.0), result: 0.0}
列 'p' 不存在，对列 ProviderNumber 不过滤，直接选择所有非无效值。
列 'p' 不存在，对列 HospitalName 不过滤，直接选择所有非无效值。
Block processing time: 0.188326 seconds
Computing Block 42 out of 45
Processing Block size=25
begin cleaner{left: ({left: ("[FunctionalDependency:(s: {HospitalName}, t: {ProviderNumber})]", 0.0), operator: *, right: (1.0, 1.0), result: 0.0}, 0.0), operator: +, right: ({left: ("[FunctionalDependency:(s: {ProviderNumber}, t: {HospitalName})]", 0.0), operator: *, right: (1.0, 1.0), result: 0.0}, 0.0), result: 0.0}
列 'p' 不存在，对列 ProviderNumber 不过滤，直接选择所有非无效值。
列 'p' 不存在，对列 HospitalName 不过滤，直接选择所有非无效值。
Block processing time: 0.247929 seconds
Computing Block 43 out of 45
Processing Block size=25
begin cleaner{left: ({left: ("[FunctionalDependency:(s: {HospitalName}, t: {ProviderNumber})]", 0.0), operator: *, right: (1.0, 1.0), result: 0.0}, 0.0), operator: +, right: ({left: ("[FunctionalDependency:(s: {ProviderNumber}, t: {HospitalName})]", 0.0), operator: *, right: (1.0, 1.0), result: 0.0}, 0.0), result: 0.0}
列 'p' 不存在，对列 ProviderNumber 不过滤，直接选择所有非无效值。
列 'p' 不存在，对列 HospitalName 不过滤，直接选择所有非无效值。
Block processing time: 0.247549 seconds
Computing Block 44 out of 45
Processing Block size=25
begin cleaner{left: ({left: ("[FunctionalDependency:(s: {HospitalName}, t: {ProviderNumber})]", 0.0), operator: *, right: (1.0, 1.0), result: 0.0}, 0.0), operator: +, right: ({left: ("[FunctionalDependency:(s: {ProviderNumber}, t: {HospitalName})]", 0.0), operator: *, right: (1.0, 1.0), result: 0.0}, 0.0), result: 0.0}
列 'p' 不存在，对列 ProviderNumber 不过滤，直接选择所有非无效值。
列 'p' 不存在，对列 HospitalName 不过滤，直接选择所有非无效值。
Block processing time: 0.267263 seconds
Computing Block 45 out of 45
Processing Block size=25
begin cleaner{left: ({left: ("[FunctionalDependency:(s: {HospitalName}, t: {ProviderNumber})]", 0.0), operator: *, right: (1.0, 1.0), result: 0.0}, 0.0), operator: +, right: ({left: ("[FunctionalDependency:(s: {ProviderNumber}, t: {HospitalName})]", 0.0), operator: *, right: (1.0, 1.0), result: 0.0}, 0.0), result: 0.0}
列 'p' 不存在，对列 ProviderNumber 不过滤，直接选择所有非无效值。
列 'p' 不存在，对列 HospitalName 不过滤，直接选择所有非无效值。
Block processing time: 0.244858 seconds
  当前节点: HospitalName,ProviderNumber 无清洗操作
  跳过已清洗结束的节点: MeasureCode
['HospitalName,ProviderNumber', 'MeasureCode']的清洗完成

本层累积的编辑规则数: 0
本层没有可以进行的清洗操作，进行下一层

处理第 2 层级, 包含节点: ['ZipCode', 'PhoneNumber', 'Address1', 'HospitalOwner', 'City', 'MeasureName', 'Stateavg', 'Condition']
  当前节点: ZipCode 存在可用清洗信号
数据块大小: 1000
分块属性:
[['HospitalName']]
Starting initial block mapping...
Initial number of blocks: 45
Final number of blocks after further splitting: 45
Computing Block 1 out of 45
Processing Block size=25
begin cleaner[FunctionalDependency:(s: {'HospitalName'}, t: {'ZipCode'})]*1.0
列 'p' 不存在，对列 ZipCode 不过滤，直接选择所有非无效值。
Block processing time: 0.017772 seconds
Computing Block 2 out of 45
Processing Block size=25
begin cleaner{left: ("[FunctionalDependency:(s: {HospitalName}, t: {ZipCode})]", 0.0), operator: *, right: (1.0, 1.0), result: 0.0}
列 'p' 不存在，对列 ZipCode 不过滤，直接选择所有非无效值。
Block processing time: 0.017248 seconds
Computing Block 3 out of 45
Processing Block size=25
begin cleaner{left: ("[FunctionalDependency:(s: {HospitalName}, t: {ZipCode})]", 0.0), operator: *, right: (1.0, 1.0), result: 0.0}
列 'p' 不存在，对列 ZipCode 不过滤，直接选择所有非无效值。
Block processing time: 0.017306 seconds
Computing Block 4 out of 45
Processing Block size=17
begin cleaner{left: ("[FunctionalDependency:(s: {HospitalName}, t: {ZipCode})]", 0.0), operator: *, right: (1.0, 1.0), result: 0.0}
列 'p' 不存在，对列 ZipCode 不过滤，直接选择所有非无效值。
clean_bool length:4
newest best op: Uniop(df,'ZipCode','36305',(['HospitalName'], {('flowers hospital',)}),{left: ("[FunctionalDependency:(s: {HospitalName}, t: {ZipCode})]", 0.0), operator: *, right: (1.0, 1.0), result: 0.0})
now error: 0.0
Block processing time: 0.045619 seconds
Computing Block 5 out of 45
Processing Block size=2
begin cleaner{left: ("[FunctionalDependency:(s: {HospitalName}, t: {ZipCode})]", 0.0), operator: *, right: (1.0, 1.0), result: 0.0}
列 'p' 不存在，对列 ZipCode 不过滤，直接选择所有非无效值。
Block processing time: 0.001623 seconds
Computing Block 6 out of 45
Processing Block size=13
begin cleaner{left: ("[FunctionalDependency:(s: {HospitalName}, t: {ZipCode})]", 0.0), operator: *, right: (1.0, 1.0), result: 0.0}
列 'p' 不存在，对列 ZipCode 不过滤，直接选择所有非无效值。
Block processing time: 0.009008 seconds
Computing Block 7 out of 45
Processing Block size=20
begin cleaner{left: ("[FunctionalDependency:(s: {HospitalName}, t: {ZipCode})]", 0.0), operator: *, right: (1.0, 1.0), result: 0.0}
列 'p' 不存在，对列 ZipCode 不过滤，直接选择所有非无效值。
clean_bool length:3
newest best op: Uniop(df,'ZipCode','36067',(['HospitalName'], {('prattville baptist hospital',)}),{left: ("[FunctionalDependency:(s: {HospitalName}, t: {ZipCode})]", 0.0), operator: *, right: (1.0, 1.0), result: 0.0})
now error: 0.0
Block processing time: 0.038882 seconds
Computing Block 8 out of 45
Processing Block size=25
begin cleaner{left: ("[FunctionalDependency:(s: {HospitalName}, t: {ZipCode})]", 0.0), operator: *, right: (1.0, 1.0), result: 0.0}
列 'p' 不存在，对列 ZipCode 不过滤，直接选择所有非无效值。
clean_bool length:3
newest best op: Uniop(df,'ZipCode','36784',(['HospitalName'], {('southwest alabama medical center',)}),{left: ("[FunctionalDependency:(s: {HospitalName}, t: {ZipCode})]", 0.0), operator: *, right: (1.0, 1.0), result: 0.0})
now error: 0.0
Block processing time: 0.049063 seconds
Computing Block 9 out of 45
Processing Block size=25
begin cleaner{left: ("[FunctionalDependency:(s: {HospitalName}, t: {ZipCode})]", 0.0), operator: *, right: (1.0, 1.0), result: 0.0}
列 'p' 不存在，对列 ZipCode 不过滤，直接选择所有非无效值。
clean_bool length:3
newest best op: Uniop(df,'ZipCode','3642x',(['HospitalName'], {('andalusia regional hospital',)}),{left: ("[FunctionalDependency:(s: {HospitalName}, t: {ZipCode})]", 0.0), operator: *, right: (1.0, 1.0), result: 0.0})
now error: 0.0
newest best op: Uniop(df,'ZipCode','36420',(['HospitalName'], {('andalusia regional hospital',)}),{left: ("[FunctionalDependency:(s: {HospitalName}, t: {ZipCode})]", 0.0), operator: *, right: (1.0, 1.0), result: 0.0})
now error: 0.0
Block processing time: 0.048888 seconds
Computing Block 10 out of 45
Processing Block size=25
begin cleaner{left: ("[FunctionalDependency:(s: {HospitalName}, t: {ZipCode})]", 0.0), operator: *, right: (1.0, 1.0), result: 0.0}
列 'p' 不存在，对列 ZipCode 不过滤，直接选择所有非无效值。
Block processing time: 0.016969 seconds
Computing Block 11 out of 45
Processing Block size=25
begin cleaner{left: ("[FunctionalDependency:(s: {HospitalName}, t: {ZipCode})]", 0.0), operator: *, right: (1.0, 1.0), result: 0.0}
列 'p' 不存在，对列 ZipCode 不过滤，直接选择所有非无效值。
clean_bool length:3
newest best op: Uniop(df,'ZipCode','x590x',(['HospitalName'], {('gadsden regional medical center',)}),{left: ("[FunctionalDependency:(s: {HospitalName}, t: {ZipCode})]", 0.0), operator: *, right: (1.0, 1.0), result: 0.0})
now error: 0.0
newest best op: Uniop(df,'ZipCode','35903',(['HospitalName'], {('gadsden regional medical center',)}),{left: ("[FunctionalDependency:(s: {HospitalName}, t: {ZipCode})]", 0.0), operator: *, right: (1.0, 1.0), result: 0.0})
now error: 0.0
Block processing time: 0.048213 seconds
Computing Block 13 out of 45
Processing Block size=18
begin cleaner{left: ("[FunctionalDependency:(s: {HospitalName}, t: {ZipCode})]", 0.0), operator: *, right: (1.0, 1.0), result: 0.0}
列 'p' 不存在，对列 ZipCode 不过滤，直接选择所有非无效值。
Block processing time: 0.012409 seconds
Computing Block 14 out of 45
Processing Block size=25
begin cleaner{left: ("[FunctionalDependency:(s: {HospitalName}, t: {ZipCode})]", 0.0), operator: *, right: (1.0, 1.0), result: 0.0}
列 'p' 不存在，对列 ZipCode 不过滤，直接选择所有非无效值。
clean_bool length:3
newest best op: Uniop(df,'ZipCode','35594',(['HospitalName'], {('northwest medical center',)}),{left: ("[FunctionalDependency:(s: {HospitalName}, t: {ZipCode})]", 0.0), operator: *, right: (1.0, 1.0), result: 0.0})
now error: 0.0
Block processing time: 0.049114 seconds
Computing Block 15 out of 45
Processing Block size=28
begin cleaner{left: ("[FunctionalDependency:(s: {HospitalName}, t: {ZipCode})]", 0.0), operator: *, right: (1.0, 1.0), result: 0.0}
列 'p' 不存在，对列 ZipCode 不过滤，直接选择所有非无效值。
Block processing time: 0.01935 seconds
Computing Block 16 out of 45
Processing Block size=25
begin cleaner{left: ("[FunctionalDependency:(s: {HospitalName}, t: {ZipCode})]", 0.0), operator: *, right: (1.0, 1.0), result: 0.0}
列 'p' 不存在，对列 ZipCode 不过滤，直接选择所有非无效值。
Block processing time: 0.017398 seconds
Computing Block 17 out of 45
Processing Block size=2
begin cleaner{left: ("[FunctionalDependency:(s: {HospitalName}, t: {ZipCode})]", 0.0), operator: *, right: (1.0, 1.0), result: 0.0}
列 'p' 不存在，对列 ZipCode 不过滤，直接选择所有非无效值。
Block processing time: 0.001498 seconds
Computing Block 18 out of 45
Processing Block size=28
begin cleaner{left: ("[FunctionalDependency:(s: {HospitalName}, t: {ZipCode})]", 0.0), operator: *, right: (1.0, 1.0), result: 0.0}
列 'p' 不存在，对列 ZipCode 不过滤，直接选择所有非无效值。
clean_bool length:3
newest best op: Uniop(df,'ZipCode','36x01',(['HospitalName'], {('stringfellow memorial hospital',)}),{left: ("[FunctionalDependency:(s: {HospitalName}, t: {ZipCode})]", 0.0), operator: *, right: (1.0, 1.0), result: 0.0})
now error: 0.0
newest best op: Uniop(df,'ZipCode','36201',(['HospitalName'], {('stringfellow memorial hospital',)}),{left: ("[FunctionalDependency:(s: {HospitalName}, t: {ZipCode})]", 0.0), operator: *, right: (1.0, 1.0), result: 0.0})
now error: 0.0
Block processing time: 0.054518 seconds
Computing Block 19 out of 45
Processing Block size=25
begin cleaner{left: ("[FunctionalDependency:(s: {HospitalName}, t: {ZipCode})]", 0.0), operator: *, right: (1.0, 1.0), result: 0.0}
列 'p' 不存在，对列 ZipCode 不过滤，直接选择所有非无效值。
clean_bool length:3
newest best op: Uniop(df,'ZipCode','3x23x',(['HospitalName'], {('st vincents east',)}),{left: ("[FunctionalDependency:(s: {HospitalName}, t: {ZipCode})]", 0.0), operator: *, right: (1.0, 1.0), result: 0.0})
now error: 0.0
newest best op: Uniop(df,'ZipCode','35235',(['HospitalName'], {('st vincents east',)}),{left: ("[FunctionalDependency:(s: {HospitalName}, t: {ZipCode})]", 0.0), operator: *, right: (1.0, 1.0), result: 0.0})
now error: 0.0
Block processing time: 0.048157 seconds
Computing Block 20 out of 45
Processing Block size=25
begin cleaner{left: ("[FunctionalDependency:(s: {HospitalName}, t: {ZipCode})]", 0.0), operator: *, right: (1.0, 1.0), result: 0.0}
列 'p' 不存在，对列 ZipCode 不过滤，直接选择所有非无效值。
Block processing time: 0.017088 seconds
Computing Block 21 out of 45
Processing Block size=25
begin cleaner{left: ("[FunctionalDependency:(s: {HospitalName}, t: {ZipCode})]", 0.0), operator: *, right: (1.0, 1.0), result: 0.0}
列 'p' 不存在，对列 ZipCode 不过滤，直接选择所有非无效值。
clean_bool length:4
newest best op: Uniop(df,'ZipCode','3x007',(['HospitalName'], {('shelby baptist medical center',)}),{left: ("[FunctionalDependency:(s: {HospitalName}, t: {ZipCode})]", 0.0), operator: *, right: (1.0, 1.0), result: 0.0})
now error: 0.0
newest best op: Uniop(df,'ZipCode','35007',(['HospitalName'], {('shelby baptist medical center',)}),{left: ("[FunctionalDependency:(s: {HospitalName}, t: {ZipCode})]", 0.0), operator: *, right: (1.0, 1.0), result: 0.0})
now error: 0.0
Block processing time: 0.064615 seconds
Computing Block 22 out of 45
Processing Block size=25
begin cleaner{left: ("[FunctionalDependency:(s: {HospitalName}, t: {ZipCode})]", 0.0), operator: *, right: (1.0, 1.0), result: 0.0}
列 'p' 不存在，对列 ZipCode 不过滤，直接选择所有非无效值。
Block processing time: 0.017131 seconds
Computing Block 23 out of 45
Processing Block size=25
begin cleaner{left: ("[FunctionalDependency:(s: {HospitalName}, t: {ZipCode})]", 0.0), operator: *, right: (1.0, 1.0), result: 0.0}
列 'p' 不存在，对列 ZipCode 不过滤，直接选择所有非无效值。
Block processing time: 0.017204 seconds
Computing Block 24 out of 45
Processing Block size=25
begin cleaner{left: ("[FunctionalDependency:(s: {HospitalName}, t: {ZipCode})]", 0.0), operator: *, right: (1.0, 1.0), result: 0.0}
列 'p' 不存在，对列 ZipCode 不过滤，直接选择所有非无效值。
clean_bool length:4
newest best op: Uniop(df,'ZipCode','3595x',(['HospitalName'], {('marshall medical center south',)}),{left: ("[FunctionalDependency:(s: {HospitalName}, t: {ZipCode})]", 0.0), operator: *, right: (1.0, 1.0), result: 0.0})
now error: 0.0
newest best op: Uniop(df,'ZipCode','35957',(['HospitalName'], {('marshall medical center south',)}),{left: ("[FunctionalDependency:(s: {HospitalName}, t: {ZipCode})]", 0.0), operator: *, right: (1.0, 1.0), result: 0.0})
now error: 0.0
Block processing time: 0.065144 seconds
Computing Block 25 out of 45
Processing Block size=5
begin cleaner{left: ("[FunctionalDependency:(s: {HospitalName}, t: {ZipCode})]", 0.0), operator: *, right: (1.0, 1.0), result: 0.0}
列 'p' 不存在，对列 ZipCode 不过滤，直接选择所有非无效值。
Block processing time: 0.003824 seconds
Computing Block 26 out of 45
Processing Block size=25
begin cleaner{left: ("[FunctionalDependency:(s: {HospitalName}, t: {ZipCode})]", 0.0), operator: *, right: (1.0, 1.0), result: 0.0}
列 'p' 不存在，对列 ZipCode 不过滤，直接选择所有非无效值。
clean_bool length:3
newest best op: Uniop(df,'ZipCode','35960',(['HospitalName'], {('cherokee medical center',)}),{left: ("[FunctionalDependency:(s: {HospitalName}, t: {ZipCode})]", 0.0), operator: *, right: (1.0, 1.0), result: 0.0})
now error: 0.0
Block processing time: 0.052163 seconds
Computing Block 27 out of 45
Processing Block size=25
begin cleaner{left: ("[FunctionalDependency:(s: {HospitalName}, t: {ZipCode})]", 0.0), operator: *, right: (1.0, 1.0), result: 0.0}
列 'p' 不存在，对列 ZipCode 不过滤，直接选择所有非无效值。
clean_bool length:4
newest best op: Uniop(df,'ZipCode','36x49',(['HospitalName'], {('crenshaw community hospital',)}),{left: ("[FunctionalDependency:(s: {HospitalName}, t: {ZipCode})]", 0.0), operator: *, right: (1.0, 1.0), result: 0.0})
now error: 0.0
newest best op: Uniop(df,'ZipCode','36049',(['HospitalName'], {('crenshaw community hospital',)}),{left: ("[FunctionalDependency:(s: {HospitalName}, t: {ZipCode})]", 0.0), operator: *, right: (1.0, 1.0), result: 0.0})
now error: 0.0
Block processing time: 0.064518 seconds
Computing Block 28 out of 45
Processing Block size=25
begin cleaner{left: ("[FunctionalDependency:(s: {HospitalName}, t: {ZipCode})]", 0.0), operator: *, right: (1.0, 1.0), result: 0.0}
列 'p' 不存在，对列 ZipCode 不过滤，直接选择所有非无效值。
clean_bool length:3
newest best op: Uniop(df,'ZipCode','3x10x',(['HospitalName'], {('jackson hospital & clinic inc',)}),{left: ("[FunctionalDependency:(s: {HospitalName}, t: {ZipCode})]", 0.0), operator: *, right: (1.0, 1.0), result: 0.0})
now error: 0.0
newest best op: Uniop(df,'ZipCode','36106',(['HospitalName'], {('jackson hospital & clinic inc',)}),{left: ("[FunctionalDependency:(s: {HospitalName}, t: {ZipCode})]", 0.0), operator: *, right: (1.0, 1.0), result: 0.0})
now error: 0.0
Block processing time: 0.048266 seconds
Computing Block 29 out of 45
Processing Block size=25
begin cleaner{left: ("[FunctionalDependency:(s: {HospitalName}, t: {ZipCode})]", 0.0), operator: *, right: (1.0, 1.0), result: 0.0}
列 'p' 不存在，对列 ZipCode 不过滤，直接选择所有非无效值。
Block processing time: 0.017403 seconds
Computing Block 30 out of 45
Processing Block size=25
begin cleaner{left: ("[FunctionalDependency:(s: {HospitalName}, t: {ZipCode})]", 0.0), operator: *, right: (1.0, 1.0), result: 0.0}
列 'p' 不存在，对列 ZipCode 不过滤，直接选择所有非无效值。
Block processing time: 0.017034 seconds
Computing Block 31 out of 45
Processing Block size=25
begin cleaner{left: ("[FunctionalDependency:(s: {HospitalName}, t: {ZipCode})]", 0.0), operator: *, right: (1.0, 1.0), result: 0.0}
列 'p' 不存在，对列 ZipCode 不过滤，直接选择所有非无效值。
clean_bool length:3
newest best op: Uniop(df,'ZipCode','35640',(['HospitalName'], {('hartselle medical center',)}),{left: ("[FunctionalDependency:(s: {HospitalName}, t: {ZipCode})]", 0.0), operator: *, right: (1.0, 1.0), result: 0.0})
now error: 0.0
Block processing time: 0.048714 seconds
Computing Block 32 out of 45
Processing Block size=25
begin cleaner{left: ("[FunctionalDependency:(s: {HospitalName}, t: {ZipCode})]", 0.0), operator: *, right: (1.0, 1.0), result: 0.0}
列 'p' 不存在，对列 ZipCode 不过滤，直接选择所有非无效值。
clean_bool length:3
newest best op: Uniop(df,'ZipCode','36x78',(['HospitalName'], {('community hospital inc',)}),{left: ("[FunctionalDependency:(s: {HospitalName}, t: {ZipCode})]", 0.0), operator: *, right: (1.0, 1.0), result: 0.0})
now error: 0.0
newest best op: Uniop(df,'ZipCode','36078',(['HospitalName'], {('community hospital inc',)}),{left: ("[FunctionalDependency:(s: {HospitalName}, t: {ZipCode})]", 0.0), operator: *, right: (1.0, 1.0), result: 0.0})
now error: 0.0
Block processing time: 0.048162 seconds
Computing Block 33 out of 45
Processing Block size=25
begin cleaner{left: ("[FunctionalDependency:(s: {HospitalName}, t: {ZipCode})]", 0.0), operator: *, right: (1.0, 1.0), result: 0.0}
列 'p' 不存在，对列 ZipCode 不过滤，直接选择所有非无效值。
Block processing time: 0.01736 seconds
Computing Block 34 out of 45
Processing Block size=25
begin cleaner{left: ("[FunctionalDependency:(s: {HospitalName}, t: {ZipCode})]", 0.0), operator: *, right: (1.0, 1.0), result: 0.0}
列 'p' 不存在，对列 ZipCode 不过滤，直接选择所有非无效值。
Block processing time: 0.01728 seconds
Computing Block 35 out of 45
Processing Block size=25
begin cleaner{left: ("[FunctionalDependency:(s: {HospitalName}, t: {ZipCode})]", 0.0), operator: *, right: (1.0, 1.0), result: 0.0}
列 'p' 不存在，对列 ZipCode 不过滤，直接选择所有非无效值。
Block processing time: 0.017093 seconds
Computing Block 36 out of 45
Processing Block size=25
begin cleaner{left: ("[FunctionalDependency:(s: {HospitalName}, t: {ZipCode})]", 0.0), operator: *, right: (1.0, 1.0), result: 0.0}
列 'p' 不存在，对列 ZipCode 不过滤，直接选择所有非无效值。
Block processing time: 0.017134 seconds
Computing Block 37 out of 45
Processing Block size=25
begin cleaner{left: ("[FunctionalDependency:(s: {HospitalName}, t: {ZipCode})]", 0.0), operator: *, right: (1.0, 1.0), result: 0.0}
列 'p' 不存在，对列 ZipCode 不过滤，直接选择所有非无效值。
Block processing time: 0.017375 seconds
Computing Block 38 out of 45
Processing Block size=28
begin cleaner{left: ("[FunctionalDependency:(s: {HospitalName}, t: {ZipCode})]", 0.0), operator: *, right: (1.0, 1.0), result: 0.0}
列 'p' 不存在，对列 ZipCode 不过滤，直接选择所有非无效值。
clean_bool length:3
newest best op: Uniop(df,'ZipCode','35901',(['HospitalName'], {('riverview regional medical center',)}),{left: ("[FunctionalDependency:(s: {HospitalName}, t: {ZipCode})]", 0.0), operator: *, right: (1.0, 1.0), result: 0.0})
now error: 0.0
Block processing time: 0.054568 seconds
Computing Block 39 out of 45
Processing Block size=25
begin cleaner{left: ("[FunctionalDependency:(s: {HospitalName}, t: {ZipCode})]", 0.0), operator: *, right: (1.0, 1.0), result: 0.0}
列 'p' 不存在，对列 ZipCode 不过滤，直接选择所有非无效值。
clean_bool length:3
newest best op: Uniop(df,'ZipCode','3563x',(['HospitalName'], {('eliza coffee memorial hospital',)}),{left: ("[FunctionalDependency:(s: {HospitalName}, t: {ZipCode})]", 0.0), operator: *, right: (1.0, 1.0), result: 0.0})
now error: 0.0
newest best op: Uniop(df,'ZipCode','35631',(['HospitalName'], {('eliza coffee memorial hospital',)}),{left: ("[FunctionalDependency:(s: {HospitalName}, t: {ZipCode})]", 0.0), operator: *, right: (1.0, 1.0), result: 0.0})
now error: 0.0
Block processing time: 0.048719 seconds
Computing Block 40 out of 45
Processing Block size=20
begin cleaner{left: ("[FunctionalDependency:(s: {HospitalName}, t: {ZipCode})]", 0.0), operator: *, right: (1.0, 1.0), result: 0.0}
列 'p' 不存在，对列 ZipCode 不过滤，直接选择所有非无效值。
Block processing time: 0.013897 seconds
Computing Block 41 out of 45
Processing Block size=18
begin cleaner{left: ("[FunctionalDependency:(s: {HospitalName}, t: {ZipCode})]", 0.0), operator: *, right: (1.0, 1.0), result: 0.0}
列 'p' 不存在，对列 ZipCode 不过滤，直接选择所有非无效值。
clean_bool length:4
newest best op: Uniop(df,'ZipCode','x5150',(['HospitalName'], {('coosa valley medical center',)}),{left: ("[FunctionalDependency:(s: {HospitalName}, t: {ZipCode})]", 0.0), operator: *, right: (1.0, 1.0), result: 0.0})
now error: 0.0
newest best op: Uniop(df,'ZipCode','35150',(['HospitalName'], {('coosa valley medical center',)}),{left: ("[FunctionalDependency:(s: {HospitalName}, t: {ZipCode})]", 0.0), operator: *, right: (1.0, 1.0), result: 0.0})
now error: 0.0
Block processing time: 0.046546 seconds
Computing Block 42 out of 45
Processing Block size=25
begin cleaner{left: ("[FunctionalDependency:(s: {HospitalName}, t: {ZipCode})]", 0.0), operator: *, right: (1.0, 1.0), result: 0.0}
列 'p' 不存在，对列 ZipCode 不过滤，直接选择所有非无效值。
clean_bool length:4
newest best op: Uniop(df,'ZipCode','3x233',(['HospitalName'], {('university of alabama hospital',)}),{left: ("[FunctionalDependency:(s: {HospitalName}, t: {ZipCode})]", 0.0), operator: *, right: (1.0, 1.0), result: 0.0})
now error: 0.0
newest best op: Uniop(df,'ZipCode','35233',(['HospitalName'], {('university of alabama hospital',)}),{left: ("[FunctionalDependency:(s: {HospitalName}, t: {ZipCode})]", 0.0), operator: *, right: (1.0, 1.0), result: 0.0})
now error: 0.0
Block processing time: 0.069645 seconds
Computing Block 43 out of 45
Processing Block size=25
begin cleaner{left: ("[FunctionalDependency:(s: {HospitalName}, t: {ZipCode})]", 0.0), operator: *, right: (1.0, 1.0), result: 0.0}
列 'p' 不存在，对列 ZipCode 不过滤，直接选择所有非无效值。
clean_bool length:3
newest best op: Uniop(df,'ZipCode','x6x60',(['HospitalName'], {('dale medical center',)}),{left: ("[FunctionalDependency:(s: {HospitalName}, t: {ZipCode})]", 0.0), operator: *, right: (1.0, 1.0), result: 0.0})
now error: 0.0
newest best op: Uniop(df,'ZipCode','36360',(['HospitalName'], {('dale medical center',)}),{left: ("[FunctionalDependency:(s: {HospitalName}, t: {ZipCode})]", 0.0), operator: *, right: (1.0, 1.0), result: 0.0})
now error: 0.0
Block processing time: 0.04864 seconds
Computing Block 44 out of 45
Processing Block size=25
begin cleaner{left: ("[FunctionalDependency:(s: {HospitalName}, t: {ZipCode})]", 0.0), operator: *, right: (1.0, 1.0), result: 0.0}
列 'p' 不存在，对列 ZipCode 不过滤，直接选择所有非无效值。
clean_bool length:3
newest best op: Uniop(df,'ZipCode','35968',(['HospitalName'], {('dekalb regional medical center',)}),{left: ("[FunctionalDependency:(s: {HospitalName}, t: {ZipCode})]", 0.0), operator: *, right: (1.0, 1.0), result: 0.0})
now error: 0.0
Block processing time: 0.048854 seconds
Computing Block 45 out of 45
Processing Block size=25
begin cleaner{left: ("[FunctionalDependency:(s: {HospitalName}, t: {ZipCode})]", 0.0), operator: *, right: (1.0, 1.0), result: 0.0}
列 'p' 不存在，对列 ZipCode 不过滤，直接选择所有非无效值。
Block processing time: 0.017085 seconds
  当前节点: ZipCode 有 21 个清洗操作
  当前节点: PhoneNumber 存在可用清洗信号
数据块大小: 1000
分块属性:
[['HospitalName']]
Starting initial block mapping...
Initial number of blocks: 45
Final number of blocks after further splitting: 45
Computing Block 1 out of 45
Processing Block size=25
begin cleaner[FunctionalDependency:(s: {'HospitalName'}, t: {'PhoneNumber'})]*1.0
列 'p' 不存在，对列 PhoneNumber 不过滤，直接选择所有非无效值。
Block processing time: 0.017325 seconds
Computing Block 2 out of 45
Processing Block size=25
begin cleaner{left: ("[FunctionalDependency:(s: {HospitalName}, t: {PhoneNumber})]", 0.0), operator: *, right: (1.0, 1.0), result: 0.0}
列 'p' 不存在，对列 PhoneNumber 不过滤，直接选择所有非无效值。
clean_bool length:4
newest best op: Uniop(df,'PhoneNumber','334793870x',(['HospitalName'], {('southeast alabama medical center',)}),{left: ("[FunctionalDependency:(s: {HospitalName}, t: {PhoneNumber})]", 0.0), operator: *, right: (1.0, 1.0), result: 0.0})
now error: 0.0
newest best op: Uniop(df,'PhoneNumber','3347938701',(['HospitalName'], {('southeast alabama medical center',)}),{left: ("[FunctionalDependency:(s: {HospitalName}, t: {PhoneNumber})]", 0.0), operator: *, right: (1.0, 1.0), result: 0.0})
now error: 0.0
Block processing time: 0.065771 seconds
Computing Block 3 out of 45
Processing Block size=25
begin cleaner{left: ("[FunctionalDependency:(s: {HospitalName}, t: {PhoneNumber})]", 0.0), operator: *, right: (1.0, 1.0), result: 0.0}
列 'p' 不存在，对列 PhoneNumber 不过滤，直接选择所有非无效值。
clean_bool length:3
newest best op: Uniop(df,'PhoneNumber','3344933541',(['HospitalName'], {('mizell memorial hospital',)}),{left: ("[FunctionalDependency:(s: {HospitalName}, t: {PhoneNumber})]", 0.0), operator: *, right: (1.0, 1.0), result: 0.0})
now error: 0.0
Block processing time: 0.048983 seconds
Computing Block 4 out of 45
Processing Block size=17
begin cleaner{left: ("[FunctionalDependency:(s: {HospitalName}, t: {PhoneNumber})]", 0.0), operator: *, right: (1.0, 1.0), result: 0.0}
列 'p' 不存在，对列 PhoneNumber 不过滤，直接选择所有非无效值。
clean_bool length:3
newest best op: Uniop(df,'PhoneNumber','xx479x5000',(['HospitalName'], {('flowers hospital',)}),{left: ("[FunctionalDependency:(s: {HospitalName}, t: {PhoneNumber})]", 0.0), operator: *, right: (1.0, 1.0), result: 0.0})
now error: 0.0
newest best op: Uniop(df,'PhoneNumber','3347935000',(['HospitalName'], {('flowers hospital',)}),{left: ("[FunctionalDependency:(s: {HospitalName}, t: {PhoneNumber})]", 0.0), operator: *, right: (1.0, 1.0), result: 0.0})
now error: 0.0
Block processing time: 0.03368 seconds
Computing Block 5 out of 45
Processing Block size=2
begin cleaner{left: ("[FunctionalDependency:(s: {HospitalName}, t: {PhoneNumber})]", 0.0), operator: *, right: (1.0, 1.0), result: 0.0}
列 'p' 不存在，对列 PhoneNumber 不过滤，直接选择所有非无效值。
Block processing time: 0.001551 seconds
Computing Block 6 out of 45
Processing Block size=13
begin cleaner{left: ("[FunctionalDependency:(s: {HospitalName}, t: {PhoneNumber})]", 0.0), operator: *, right: (1.0, 1.0), result: 0.0}
列 'p' 不存在，对列 PhoneNumber 不过滤，直接选择所有非无效值。
clean_bool length:3
newest best op: Uniop(df,'PhoneNumber','2514717110',(['HospitalName'], {('univ of south alabama medical center',)}),{left: ("[FunctionalDependency:(s: {HospitalName}, t: {PhoneNumber})]", 0.0), operator: *, right: (1.0, 1.0), result: 0.0})
now error: 0.0
Block processing time: 0.025683 seconds
Computing Block 7 out of 45
Processing Block size=20
begin cleaner{left: ("[FunctionalDependency:(s: {HospitalName}, t: {PhoneNumber})]", 0.0), operator: *, right: (1.0, 1.0), result: 0.0}
列 'p' 不存在，对列 PhoneNumber 不过滤，直接选择所有非无效值。
clean_bool length:3
newest best op: Uniop(df,'PhoneNumber','3343614267',(['HospitalName'], {('prattville baptist hospital',)}),{left: ("[FunctionalDependency:(s: {HospitalName}, t: {PhoneNumber})]", 0.0), operator: *, right: (1.0, 1.0), result: 0.0})
now error: 0.0
Block processing time: 0.039025 seconds
Computing Block 8 out of 45
Processing Block size=25
begin cleaner{left: ("[FunctionalDependency:(s: {HospitalName}, t: {PhoneNumber})]", 0.0), operator: *, right: (1.0, 1.0), result: 0.0}
列 'p' 不存在，对列 PhoneNumber 不过滤，直接选择所有非无效值。
clean_bool length:4
newest best op: Uniop(df,'PhoneNumber','xx46x66221',(['HospitalName'], {('southwest alabama medical center',)}),{left: ("[FunctionalDependency:(s: {HospitalName}, t: {PhoneNumber})]", 0.0), operator: *, right: (1.0, 1.0), result: 0.0})
now error: 0.0
newest best op: Uniop(df,'PhoneNumber','3346366221',(['HospitalName'], {('southwest alabama medical center',)}),{left: ("[FunctionalDependency:(s: {HospitalName}, t: {PhoneNumber})]", 0.0), operator: *, right: (1.0, 1.0), result: 0.0})
now error: 0.0
Block processing time: 0.065289 seconds
Computing Block 9 out of 45
Processing Block size=25
begin cleaner{left: ("[FunctionalDependency:(s: {HospitalName}, t: {PhoneNumber})]", 0.0), operator: *, right: (1.0, 1.0), result: 0.0}
列 'p' 不存在，对列 PhoneNumber 不过滤，直接选择所有非无效值。
clean_bool length:4
newest best op: Uniop(df,'PhoneNumber','334xxx8466',(['HospitalName'], {('andalusia regional hospital',)}),{left: ("[FunctionalDependency:(s: {HospitalName}, t: {PhoneNumber})]", 0.0), operator: *, right: (1.0, 1.0), result: 0.0})
now error: 0.0
newest best op: Uniop(df,'PhoneNumber','3342228466',(['HospitalName'], {('andalusia regional hospital',)}),{left: ("[FunctionalDependency:(s: {HospitalName}, t: {PhoneNumber})]", 0.0), operator: *, right: (1.0, 1.0), result: 0.0})
now error: 0.0
Block processing time: 0.067889 seconds
Computing Block 10 out of 45
Processing Block size=25
begin cleaner{left: ("[FunctionalDependency:(s: {HospitalName}, t: {PhoneNumber})]", 0.0), operator: *, right: (1.0, 1.0), result: 0.0}
列 'p' 不存在，对列 PhoneNumber 不过滤，直接选择所有非无效值。
Block processing time: 0.017332 seconds
Computing Block 11 out of 45
Processing Block size=25
begin cleaner{left: ("[FunctionalDependency:(s: {HospitalName}, t: {PhoneNumber})]", 0.0), operator: *, right: (1.0, 1.0), result: 0.0}
列 'p' 不存在，对列 PhoneNumber 不过滤，直接选择所有非无效值。
clean_bool length:3
newest best op: Uniop(df,'PhoneNumber','2564944xxx',(['HospitalName'], {('gadsden regional medical center',)}),{left: ("[FunctionalDependency:(s: {HospitalName}, t: {PhoneNumber})]", 0.0), operator: *, right: (1.0, 1.0), result: 0.0})
now error: 0.0
newest best op: Uniop(df,'PhoneNumber','2564944000',(['HospitalName'], {('gadsden regional medical center',)}),{left: ("[FunctionalDependency:(s: {HospitalName}, t: {PhoneNumber})]", 0.0), operator: *, right: (1.0, 1.0), result: 0.0})
now error: 0.0
Block processing time: 0.049353 seconds
Computing Block 13 out of 45
Processing Block size=18
begin cleaner{left: ("[FunctionalDependency:(s: {HospitalName}, t: {PhoneNumber})]", 0.0), operator: *, right: (1.0, 1.0), result: 0.0}
列 'p' 不存在，对列 PhoneNumber 不过滤，直接选择所有非无效值。
Block processing time: 0.01245 seconds
Computing Block 14 out of 45
Processing Block size=25
begin cleaner{left: ("[FunctionalDependency:(s: {HospitalName}, t: {PhoneNumber})]", 0.0), operator: *, right: (1.0, 1.0), result: 0.0}
列 'p' 不存在，对列 PhoneNumber 不过滤，直接选择所有非无效值。
Block processing time: 0.01694 seconds
Computing Block 15 out of 45
Processing Block size=28
begin cleaner{left: ("[FunctionalDependency:(s: {HospitalName}, t: {PhoneNumber})]", 0.0), operator: *, right: (1.0, 1.0), result: 0.0}
列 'p' 不存在，对列 PhoneNumber 不过滤，直接选择所有非无效值。
Block processing time: 0.019168 seconds
Computing Block 16 out of 45
Processing Block size=25
begin cleaner{left: ("[FunctionalDependency:(s: {HospitalName}, t: {PhoneNumber})]", 0.0), operator: *, right: (1.0, 1.0), result: 0.0}
列 'p' 不存在，对列 PhoneNumber 不过滤，直接选择所有非无效值。
clean_bool length:3
newest best op: Uniop(df,'PhoneNumber','x0593x5966',(['HospitalName'], {('fayette medical center',)}),{left: ("[FunctionalDependency:(s: {HospitalName}, t: {PhoneNumber})]", 0.0), operator: *, right: (1.0, 1.0), result: 0.0})
now error: 0.0
newest best op: Uniop(df,'PhoneNumber','2059325966',(['HospitalName'], {('fayette medical center',)}),{left: ("[FunctionalDependency:(s: {HospitalName}, t: {PhoneNumber})]", 0.0), operator: *, right: (1.0, 1.0), result: 0.0})
now error: 0.0
Block processing time: 0.049185 seconds
Computing Block 17 out of 45
Processing Block size=2
begin cleaner{left: ("[FunctionalDependency:(s: {HospitalName}, t: {PhoneNumber})]", 0.0), operator: *, right: (1.0, 1.0), result: 0.0}
列 'p' 不存在，对列 PhoneNumber 不过滤，直接选择所有非无效值。
Block processing time: 0.001498 seconds
Computing Block 18 out of 45
Processing Block size=28
begin cleaner{left: ("[FunctionalDependency:(s: {HospitalName}, t: {PhoneNumber})]", 0.0), operator: *, right: (1.0, 1.0), result: 0.0}
列 'p' 不存在，对列 PhoneNumber 不过滤，直接选择所有非无效值。
clean_bool length:3
newest best op: Uniop(df,'PhoneNumber','2562358900',(['HospitalName'], {('stringfellow memorial hospital',)}),{left: ("[FunctionalDependency:(s: {HospitalName}, t: {PhoneNumber})]", 0.0), operator: *, right: (1.0, 1.0), result: 0.0})
now error: 0.0
Block processing time: 0.05519 seconds
Computing Block 19 out of 45
Processing Block size=25
begin cleaner{left: ("[FunctionalDependency:(s: {HospitalName}, t: {PhoneNumber})]", 0.0), operator: *, right: (1.0, 1.0), result: 0.0}
列 'p' 不存在，对列 PhoneNumber 不过滤，直接选择所有非无效值。
clean_bool length:3
newest best op: Uniop(df,'PhoneNumber','2058x8x122',(['HospitalName'], {('st vincents east',)}),{left: ("[FunctionalDependency:(s: {HospitalName}, t: {PhoneNumber})]", 0.0), operator: *, right: (1.0, 1.0), result: 0.0})
now error: 0.0
newest best op: Uniop(df,'PhoneNumber','2058383122',(['HospitalName'], {('st vincents east',)}),{left: ("[FunctionalDependency:(s: {HospitalName}, t: {PhoneNumber})]", 0.0), operator: *, right: (1.0, 1.0), result: 0.0})
now error: 0.0
Block processing time: 0.049865 seconds
Computing Block 20 out of 45
Processing Block size=25
begin cleaner{left: ("[FunctionalDependency:(s: {HospitalName}, t: {PhoneNumber})]", 0.0), operator: *, right: (1.0, 1.0), result: 0.0}
列 'p' 不存在，对列 PhoneNumber 不过滤，直接选择所有非无效值。
clean_bool length:3
newest best op: Uniop(df,'PhoneNumber','33x8972257',(['HospitalName'], {('elba general hospital',)}),{left: ("[FunctionalDependency:(s: {HospitalName}, t: {PhoneNumber})]", 0.0), operator: *, right: (1.0, 1.0), result: 0.0})
now error: 0.0
newest best op: Uniop(df,'PhoneNumber','3348972257',(['HospitalName'], {('elba general hospital',)}),{left: ("[FunctionalDependency:(s: {HospitalName}, t: {PhoneNumber})]", 0.0), operator: *, right: (1.0, 1.0), result: 0.0})
now error: 0.0
Block processing time: 0.048983 seconds
Computing Block 21 out of 45
Processing Block size=25
begin cleaner{left: ("[FunctionalDependency:(s: {HospitalName}, t: {PhoneNumber})]", 0.0), operator: *, right: (1.0, 1.0), result: 0.0}
列 'p' 不存在，对列 PhoneNumber 不过滤，直接选择所有非无效值。
Block processing time: 0.017285 seconds
Computing Block 22 out of 45
Processing Block size=25
begin cleaner{left: ("[FunctionalDependency:(s: {HospitalName}, t: {PhoneNumber})]", 0.0), operator: *, right: (1.0, 1.0), result: 0.0}
列 'p' 不存在，对列 PhoneNumber 不过滤，直接选择所有非无效值。
clean_bool length:3
newest best op: Uniop(df,'PhoneNumber','3342882100',(['HospitalName'], {('baptist medical center south',)}),{left: ("[FunctionalDependency:(s: {HospitalName}, t: {PhoneNumber})]", 0.0), operator: *, right: (1.0, 1.0), result: 0.0})
now error: 0.0
Block processing time: 0.049171 seconds
Computing Block 23 out of 45
Processing Block size=25
begin cleaner{left: ("[FunctionalDependency:(s: {HospitalName}, t: {PhoneNumber})]", 0.0), operator: *, right: (1.0, 1.0), result: 0.0}
列 'p' 不存在，对列 PhoneNumber 不过滤，直接选择所有非无效值。
Block processing time: 0.01711 seconds
Computing Block 24 out of 45
Processing Block size=25
begin cleaner{left: ("[FunctionalDependency:(s: {HospitalName}, t: {PhoneNumber})]", 0.0), operator: *, right: (1.0, 1.0), result: 0.0}
列 'p' 不存在，对列 PhoneNumber 不过滤，直接选择所有非无效值。
clean_bool length:4
newest best op: Uniop(df,'PhoneNumber','2565x38310',(['HospitalName'], {('marshall medical center south',)}),{left: ("[FunctionalDependency:(s: {HospitalName}, t: {PhoneNumber})]", 0.0), operator: *, right: (1.0, 1.0), result: 0.0})
now error: 0.0
newest best op: Uniop(df,'PhoneNumber','2565938310',(['HospitalName'], {('marshall medical center south',)}),{left: ("[FunctionalDependency:(s: {HospitalName}, t: {PhoneNumber})]", 0.0), operator: *, right: (1.0, 1.0), result: 0.0})
now error: 0.0
Block processing time: 0.065126 seconds
Computing Block 25 out of 45
Processing Block size=5
begin cleaner{left: ("[FunctionalDependency:(s: {HospitalName}, t: {PhoneNumber})]", 0.0), operator: *, right: (1.0, 1.0), result: 0.0}
列 'p' 不存在，对列 PhoneNumber 不过滤，直接选择所有非无效值。
Block processing time: 0.003526 seconds
Computing Block 26 out of 45
Processing Block size=25
begin cleaner{left: ("[FunctionalDependency:(s: {HospitalName}, t: {PhoneNumber})]", 0.0), operator: *, right: (1.0, 1.0), result: 0.0}
列 'p' 不存在，对列 PhoneNumber 不过滤，直接选择所有非无效值。
Block processing time: 0.017184 seconds
Computing Block 27 out of 45
Processing Block size=25
begin cleaner{left: ("[FunctionalDependency:(s: {HospitalName}, t: {PhoneNumber})]", 0.0), operator: *, right: (1.0, 1.0), result: 0.0}
列 'p' 不存在，对列 PhoneNumber 不过滤，直接选择所有非无效值。
Block processing time: 0.017976 seconds
Computing Block 28 out of 45
Processing Block size=25
begin cleaner{left: ("[FunctionalDependency:(s: {HospitalName}, t: {PhoneNumber})]", 0.0), operator: *, right: (1.0, 1.0), result: 0.0}
列 'p' 不存在，对列 PhoneNumber 不过滤，直接选择所有非无效值。
clean_bool length:4
newest best op: Uniop(df,'PhoneNumber','3342938xxx',(['HospitalName'], {('jackson hospital & clinic inc',)}),{left: ("[FunctionalDependency:(s: {HospitalName}, t: {PhoneNumber})]", 0.0), operator: *, right: (1.0, 1.0), result: 0.0})
now error: 0.0
newest best op: Uniop(df,'PhoneNumber','33x2938000',(['HospitalName'], {('jackson hospital & clinic inc',)}),{left: ("[FunctionalDependency:(s: {HospitalName}, t: {PhoneNumber})]", 0.0), operator: *, right: (1.0, 1.0), result: 0.0})
now error: 0.0
newest best op: Uniop(df,'PhoneNumber','3342938000',(['HospitalName'], {('jackson hospital & clinic inc',)}),{left: ("[FunctionalDependency:(s: {HospitalName}, t: {PhoneNumber})]", 0.0), operator: *, right: (1.0, 1.0), result: 0.0})
now error: 0.0
Block processing time: 0.065375 seconds
Computing Block 29 out of 45
Processing Block size=25
begin cleaner{left: ("[FunctionalDependency:(s: {HospitalName}, t: {PhoneNumber})]", 0.0), operator: *, right: (1.0, 1.0), result: 0.0}
列 'p' 不存在，对列 PhoneNumber 不过滤，直接选择所有非无效值。
Block processing time: 0.017191 seconds
Computing Block 30 out of 45
Processing Block size=25
begin cleaner{left: ("[FunctionalDependency:(s: {HospitalName}, t: {PhoneNumber})]", 0.0), operator: *, right: (1.0, 1.0), result: 0.0}
列 'p' 不存在，对列 PhoneNumber 不过滤，直接选择所有非无效值。
Block processing time: 0.017292 seconds
Computing Block 31 out of 45
Processing Block size=25
begin cleaner{left: ("[FunctionalDependency:(s: {HospitalName}, t: {PhoneNumber})]", 0.0), operator: *, right: (1.0, 1.0), result: 0.0}
列 'p' 不存在，对列 PhoneNumber 不过滤，直接选择所有非无效值。
Block processing time: 0.017536 seconds
Computing Block 32 out of 45
Processing Block size=25
begin cleaner{left: ("[FunctionalDependency:(s: {HospitalName}, t: {PhoneNumber})]", 0.0), operator: *, right: (1.0, 1.0), result: 0.0}
列 'p' 不存在，对列 PhoneNumber 不过滤，直接选择所有非无效值。
clean_bool length:4
newest best op: Uniop(df,'PhoneNumber','334x836541',(['HospitalName'], {('community hospital inc',)}),{left: ("[FunctionalDependency:(s: {HospitalName}, t: {PhoneNumber})]", 0.0), operator: *, right: (1.0, 1.0), result: 0.0})
now error: 0.0
newest best op: Uniop(df,'PhoneNumber','3342836541',(['HospitalName'], {('community hospital inc',)}),{left: ("[FunctionalDependency:(s: {HospitalName}, t: {PhoneNumber})]", 0.0), operator: *, right: (1.0, 1.0), result: 0.0})
now error: 0.0
Block processing time: 0.066188 seconds
Computing Block 33 out of 45
Processing Block size=25
begin cleaner{left: ("[FunctionalDependency:(s: {HospitalName}, t: {PhoneNumber})]", 0.0), operator: *, right: (1.0, 1.0), result: 0.0}
列 'p' 不存在，对列 PhoneNumber 不过滤，直接选择所有非无效值。
clean_bool length:3
newest best op: Uniop(df,'PhoneNumber','334x561400',(['HospitalName'], {('g h lanier memorial hospital',)}),{left: ("[FunctionalDependency:(s: {HospitalName}, t: {PhoneNumber})]", 0.0), operator: *, right: (1.0, 1.0), result: 0.0})
now error: 0.0
newest best op: Uniop(df,'PhoneNumber','3347561400',(['HospitalName'], {('g h lanier memorial hospital',)}),{left: ("[FunctionalDependency:(s: {HospitalName}, t: {PhoneNumber})]", 0.0), operator: *, right: (1.0, 1.0), result: 0.0})
now error: 0.0
Block processing time: 0.049472 seconds
Computing Block 34 out of 45
Processing Block size=25
begin cleaner{left: ("[FunctionalDependency:(s: {HospitalName}, t: {PhoneNumber})]", 0.0), operator: *, right: (1.0, 1.0), result: 0.0}
列 'p' 不存在，对列 PhoneNumber 不过滤，直接选择所有非无效值。
Block processing time: 0.017305 seconds
Computing Block 35 out of 45
Processing Block size=25
begin cleaner{left: ("[FunctionalDependency:(s: {HospitalName}, t: {PhoneNumber})]", 0.0), operator: *, right: (1.0, 1.0), result: 0.0}
列 'p' 不存在，对列 PhoneNumber 不过滤，直接选择所有非无效值。
Block processing time: 0.017201 seconds
Computing Block 36 out of 45
Processing Block size=25
begin cleaner{left: ("[FunctionalDependency:(s: {HospitalName}, t: {PhoneNumber})]", 0.0), operator: *, right: (1.0, 1.0), result: 0.0}
列 'p' 不存在，对列 PhoneNumber 不过滤，直接选择所有非无效值。
clean_bool length:4
newest best op: Uniop(df,'PhoneNumber','20x9216200',(['HospitalName'], {('marion regional medical center',)}),{left: ("[FunctionalDependency:(s: {HospitalName}, t: {PhoneNumber})]", 0.0), operator: *, right: (1.0, 1.0), result: 0.0})
now error: 0.0
newest best op: Uniop(df,'PhoneNumber','2059216200',(['HospitalName'], {('marion regional medical center',)}),{left: ("[FunctionalDependency:(s: {HospitalName}, t: {PhoneNumber})]", 0.0), operator: *, right: (1.0, 1.0), result: 0.0})
now error: 0.0
Block processing time: 0.065835 seconds
Computing Block 37 out of 45
Processing Block size=25
begin cleaner{left: ("[FunctionalDependency:(s: {HospitalName}, t: {PhoneNumber})]", 0.0), operator: *, right: (1.0, 1.0), result: 0.0}
列 'p' 不存在，对列 PhoneNumber 不过滤，直接选择所有非无效值。
Block processing time: 0.017158 seconds
Computing Block 38 out of 45
Processing Block size=28
begin cleaner{left: ("[FunctionalDependency:(s: {HospitalName}, t: {PhoneNumber})]", 0.0), operator: *, right: (1.0, 1.0), result: 0.0}
列 'p' 不存在，对列 PhoneNumber 不过滤，直接选择所有非无效值。
clean_bool length:3
newest best op: Uniop(df,'PhoneNumber','2565435200',(['HospitalName'], {('riverview regional medical center',)}),{left: ("[FunctionalDependency:(s: {HospitalName}, t: {PhoneNumber})]", 0.0), operator: *, right: (1.0, 1.0), result: 0.0})
now error: 0.0
Block processing time: 0.054486 seconds
Computing Block 39 out of 45
Processing Block size=25
begin cleaner{left: ("[FunctionalDependency:(s: {HospitalName}, t: {PhoneNumber})]", 0.0), operator: *, right: (1.0, 1.0), result: 0.0}
列 'p' 不存在，对列 PhoneNumber 不过滤，直接选择所有非无效值。
Block processing time: 0.017213 seconds
Computing Block 40 out of 45
Processing Block size=20
begin cleaner{left: ("[FunctionalDependency:(s: {HospitalName}, t: {PhoneNumber})]", 0.0), operator: *, right: (1.0, 1.0), result: 0.0}
列 'p' 不存在，对列 PhoneNumber 不过滤，直接选择所有非无效值。
Block processing time: 0.013849 seconds
Computing Block 41 out of 45
Processing Block size=18
begin cleaner{left: ("[FunctionalDependency:(s: {HospitalName}, t: {PhoneNumber})]", 0.0), operator: *, right: (1.0, 1.0), result: 0.0}
列 'p' 不存在，对列 PhoneNumber 不过滤，直接选择所有非无效值。
Block processing time: 0.012275 seconds
Computing Block 42 out of 45
Processing Block size=25
begin cleaner{left: ("[FunctionalDependency:(s: {HospitalName}, t: {PhoneNumber})]", 0.0), operator: *, right: (1.0, 1.0), result: 0.0}
列 'p' 不存在，对列 PhoneNumber 不过滤，直接选择所有非无效值。
clean_bool length:3
newest best op: Uniop(df,'PhoneNumber','20593xx011',(['HospitalName'], {('university of alabama hospital',)}),{left: ("[FunctionalDependency:(s: {HospitalName}, t: {PhoneNumber})]", 0.0), operator: *, right: (1.0, 1.0), result: 0.0})
now error: 0.0
newest best op: Uniop(df,'PhoneNumber','2059344011',(['HospitalName'], {('university of alabama hospital',)}),{left: ("[FunctionalDependency:(s: {HospitalName}, t: {PhoneNumber})]", 0.0), operator: *, right: (1.0, 1.0), result: 0.0})
now error: 0.0
Block processing time: 0.048917 seconds
Computing Block 43 out of 45
Processing Block size=25
begin cleaner{left: ("[FunctionalDependency:(s: {HospitalName}, t: {PhoneNumber})]", 0.0), operator: *, right: (1.0, 1.0), result: 0.0}
列 'p' 不存在，对列 PhoneNumber 不过滤，直接选择所有非无效值。
clean_bool length:3
newest best op: Uniop(df,'PhoneNumber','3347742601',(['HospitalName'], {('dale medical center',)}),{left: ("[FunctionalDependency:(s: {HospitalName}, t: {PhoneNumber})]", 0.0), operator: *, right: (1.0, 1.0), result: 0.0})
now error: 0.0
Block processing time: 0.051995 seconds
Computing Block 44 out of 45
Processing Block size=25
begin cleaner{left: ("[FunctionalDependency:(s: {HospitalName}, t: {PhoneNumber})]", 0.0), operator: *, right: (1.0, 1.0), result: 0.0}
列 'p' 不存在，对列 PhoneNumber 不过滤，直接选择所有非无效值。
clean_bool length:3
newest best op: Uniop(df,'PhoneNumber','2568453150',(['HospitalName'], {('dekalb regional medical center',)}),{left: ("[FunctionalDependency:(s: {HospitalName}, t: {PhoneNumber})]", 0.0), operator: *, right: (1.0, 1.0), result: 0.0})
now error: 0.0
Block processing time: 0.049446 seconds
Computing Block 45 out of 45
Processing Block size=25
begin cleaner{left: ("[FunctionalDependency:(s: {HospitalName}, t: {PhoneNumber})]", 0.0), operator: *, right: (1.0, 1.0), result: 0.0}
列 'p' 不存在，对列 PhoneNumber 不过滤，直接选择所有非无效值。
Block processing time: 0.017247 seconds
  当前节点: PhoneNumber 有 22 个清洗操作
  当前节点: Address1 存在可用清洗信号
数据块大小: 1000
分块属性:
[['HospitalName']]
Starting initial block mapping...
Initial number of blocks: 45
Final number of blocks after further splitting: 45
Computing Block 1 out of 45
Processing Block size=25
begin cleaner[FunctionalDependency:(s: {'HospitalName'}, t: {'Address1'})]*1.0
列 'p' 不存在，对列 Address1 不过滤，直接选择所有非无效值。
clean_bool length:3
newest best op: Uniop(df,'Address1','1912 alabama highway 157',(['HospitalName'], {('cullman regional medical center',)}),{left: ("[FunctionalDependency:(s: {HospitalName}, t: {Address1})]", 0.0), operator: *, right: (1.0, 1.0), result: 0.0})
now error: 0.0
Block processing time: 0.052159 seconds
Computing Block 2 out of 45
Processing Block size=25
begin cleaner{left: ("[FunctionalDependency:(s: {HospitalName}, t: {Address1})]", 0.0), operator: *, right: (1.0, 1.0), result: 0.0}
列 'p' 不存在，对列 Address1 不过滤，直接选择所有非无效值。
Block processing time: 0.017594 seconds
Computing Block 3 out of 45
Processing Block size=25
begin cleaner{left: ("[FunctionalDependency:(s: {HospitalName}, t: {Address1})]", 0.0), operator: *, right: (1.0, 1.0), result: 0.0}
列 'p' 不存在，对列 Address1 不过滤，直接选择所有非无效值。
clean_bool length:4
newest best op: Uniop(df,'Address1','702 n main st',(['HospitalName'], {('mizell memorial hospital',)}),{left: ("[FunctionalDependency:(s: {HospitalName}, t: {Address1})]", 0.0), operator: *, right: (1.0, 1.0), result: 0.0})
now error: 0.0
Block processing time: 0.067047 seconds
Computing Block 4 out of 45
Processing Block size=17
begin cleaner{left: ("[FunctionalDependency:(s: {HospitalName}, t: {Address1})]", 0.0), operator: *, right: (1.0, 1.0), result: 0.0}
列 'p' 不存在，对列 Address1 不过滤，直接选择所有非无效值。
clean_bool length:3
newest best op: Uniop(df,'Address1','4370 west main street',(['HospitalName'], {('flowers hospital',)}),{left: ("[FunctionalDependency:(s: {HospitalName}, t: {Address1})]", 0.0), operator: *, right: (1.0, 1.0), result: 0.0})
now error: 0.0
Block processing time: 0.034691 seconds
Computing Block 5 out of 45
Processing Block size=2
begin cleaner{left: ("[FunctionalDependency:(s: {HospitalName}, t: {Address1})]", 0.0), operator: *, right: (1.0, 1.0), result: 0.0}
列 'p' 不存在，对列 Address1 不过滤，直接选择所有非无效值。
clean_bool length:3
newest best op: Uniop(df,'Address1','po box 287',(['HospitalName'], {('yukon kuskokwim delta reg hospital',)}),{left: ("[FunctionalDependency:(s: {HospitalName}, t: {Address1})]", 0.0), operator: *, right: (1.0, 1.0), result: 0.0})
now error: 0.0
Block processing time: 0.004774 seconds
Computing Block 6 out of 45
Processing Block size=13
begin cleaner{left: ("[FunctionalDependency:(s: {HospitalName}, t: {Address1})]", 0.0), operator: *, right: (1.0, 1.0), result: 0.0}
列 'p' 不存在，对列 Address1 不过滤，直接选择所有非无效值。
Block processing time: 0.008965 seconds
Computing Block 7 out of 45
Processing Block size=20
begin cleaner{left: ("[FunctionalDependency:(s: {HospitalName}, t: {Address1})]", 0.0), operator: *, right: (1.0, 1.0), result: 0.0}
列 'p' 不存在，对列 Address1 不过滤，直接选择所有非无效值。
clean_bool length:4
newest best op: Uniop(df,'Address1','124xsxmemorialxdr',(['HospitalName'], {('prattville baptist hospital',)}),{left: ("[FunctionalDependency:(s: {HospitalName}, t: {Address1})]", 0.0), operator: *, right: (1.0, 1.0), result: 0.0})
now error: 0.0
newest best op: Uniop(df,'Address1','124 s mxmorial dr',(['HospitalName'], {('prattville baptist hospital',)}),{left: ("[FunctionalDependency:(s: {HospitalName}, t: {Address1})]", 0.0), operator: *, right: (1.0, 1.0), result: 0.0})
now error: 0.0
newest best op: Uniop(df,'Address1','124 s memorial dr',(['HospitalName'], {('prattville baptist hospital',)}),{left: ("[FunctionalDependency:(s: {HospitalName}, t: {Address1})]", 0.0), operator: *, right: (1.0, 1.0), result: 0.0})
now error: 0.0
Block processing time: 0.053627 seconds
Computing Block 8 out of 45
Processing Block size=25
begin cleaner{left: ("[FunctionalDependency:(s: {HospitalName}, t: {Address1})]", 0.0), operator: *, right: (1.0, 1.0), result: 0.0}
列 'p' 不存在，对列 Address1 不过滤，直接选择所有非无效值。
clean_bool length:4
newest best op: Uniop(df,'Address1','33700 hxghway 43',(['HospitalName'], {('southwest alabama medical center',)}),{left: ("[FunctionalDependency:(s: {HospitalName}, t: {Address1})]", 0.0), operator: *, right: (1.0, 1.0), result: 0.0})
now error: 0.0
newest best op: Uniop(df,'Address1','33700 highway 43',(['HospitalName'], {('southwest alabama medical center',)}),{left: ("[FunctionalDependency:(s: {HospitalName}, t: {Address1})]", 0.0), operator: *, right: (1.0, 1.0), result: 0.0})
now error: 0.0
Block processing time: 0.067231 seconds
Computing Block 9 out of 45
Processing Block size=25
begin cleaner{left: ("[FunctionalDependency:(s: {HospitalName}, t: {Address1})]", 0.0), operator: *, right: (1.0, 1.0), result: 0.0}
列 'p' 不存在，对列 Address1 不过滤，直接选择所有非无效值。
Block processing time: 0.01746 seconds
Computing Block 10 out of 45
Processing Block size=25
begin cleaner{left: ("[FunctionalDependency:(s: {HospitalName}, t: {Address1})]", 0.0), operator: *, right: (1.0, 1.0), result: 0.0}
列 'p' 不存在，对列 Address1 不过滤，直接选择所有非无效值。
clean_bool length:3
newest best op: Uniop(df,'Address1','1720 university blvd',(['HospitalName'], {('callahan eye foundation hospital',)}),{left: ("[FunctionalDependency:(s: {HospitalName}, t: {Address1})]", 0.0), operator: *, right: (1.0, 1.0), result: 0.0})
now error: 0.0
Block processing time: 0.050269 seconds
Computing Block 11 out of 45
Processing Block size=25
begin cleaner{left: ("[FunctionalDependency:(s: {HospitalName}, t: {Address1})]", 0.0), operator: *, right: (1.0, 1.0), result: 0.0}
列 'p' 不存在，对列 Address1 不过滤，直接选择所有非无效值。
Block processing time: 0.018623 seconds
Computing Block 13 out of 45
Processing Block size=18
begin cleaner{left: ("[FunctionalDependency:(s: {HospitalName}, t: {Address1})]", 0.0), operator: *, right: (1.0, 1.0), result: 0.0}
列 'p' 不存在，对列 Address1 不过滤，直接选择所有非无效值。
Block processing time: 0.012333 seconds
Computing Block 14 out of 45
Processing Block size=25
begin cleaner{left: ("[FunctionalDependency:(s: {HospitalName}, t: {Address1})]", 0.0), operator: *, right: (1.0, 1.0), result: 0.0}
列 'p' 不存在，对列 Address1 不过滤，直接选择所有非无效值。
clean_bool length:3
newest best op: Uniop(df,'Address1','1530xuxsxhighwayx43',(['HospitalName'], {('northwest medical center',)}),{left: ("[FunctionalDependency:(s: {HospitalName}, t: {Address1})]", 0.0), operator: *, right: (1.0, 1.0), result: 0.0})
now error: 0.0
newest best op: Uniop(df,'Address1','1530 u s highway 43',(['HospitalName'], {('northwest medical center',)}),{left: ("[FunctionalDependency:(s: {HospitalName}, t: {Address1})]", 0.0), operator: *, right: (1.0, 1.0), result: 0.0})
now error: 0.0
Block processing time: 0.050034 seconds
Computing Block 15 out of 45
Processing Block size=28
begin cleaner{left: ("[FunctionalDependency:(s: {HospitalName}, t: {Address1})]", 0.0), operator: *, right: (1.0, 1.0), result: 0.0}
列 'p' 不存在，对列 Address1 不过滤，直接选择所有非无效值。
Block processing time: 0.019028 seconds
Computing Block 16 out of 45
Processing Block size=25
begin cleaner{left: ("[FunctionalDependency:(s: {HospitalName}, t: {Address1})]", 0.0), operator: *, right: (1.0, 1.0), result: 0.0}
列 'p' 不存在，对列 Address1 不过滤，直接选择所有非无效值。
Block processing time: 0.016995 seconds
Computing Block 17 out of 45
Processing Block size=2
begin cleaner{left: ("[FunctionalDependency:(s: {HospitalName}, t: {Address1})]", 0.0), operator: *, right: (1.0, 1.0), result: 0.0}
列 'p' 不存在，对列 Address1 不过滤，直接选择所有非无效值。
Block processing time: 0.001473 seconds
Computing Block 18 out of 45
Processing Block size=28
begin cleaner{left: ("[FunctionalDependency:(s: {HospitalName}, t: {Address1})]", 0.0), operator: *, right: (1.0, 1.0), result: 0.0}
列 'p' 不存在，对列 Address1 不过滤，直接选择所有非无效值。
clean_bool length:4
newest best op: Uniop(df,'Address1','301xeastx18thxst',(['HospitalName'], {('stringfellow memorial hospital',)}),{left: ("[FunctionalDependency:(s: {HospitalName}, t: {Address1})]", 0.0), operator: *, right: (1.0, 1.0), result: 0.0})
now error: 0.0
newest best op: Uniop(df,'Address1','301 east 1xth st',(['HospitalName'], {('stringfellow memorial hospital',)}),{left: ("[FunctionalDependency:(s: {HospitalName}, t: {Address1})]", 0.0), operator: *, right: (1.0, 1.0), result: 0.0})
now error: 0.0
newest best op: Uniop(df,'Address1','301 east 18th st',(['HospitalName'], {('stringfellow memorial hospital',)}),{left: ("[FunctionalDependency:(s: {HospitalName}, t: {Address1})]", 0.0), operator: *, right: (1.0, 1.0), result: 0.0})
now error: 0.0
Block processing time: 0.074504 seconds
Computing Block 19 out of 45
Processing Block size=25
begin cleaner{left: ("[FunctionalDependency:(s: {HospitalName}, t: {Address1})]", 0.0), operator: *, right: (1.0, 1.0), result: 0.0}
列 'p' 不存在，对列 Address1 不过滤，直接选择所有非无效值。
Block processing time: 0.016913 seconds
Computing Block 20 out of 45
Processing Block size=25
begin cleaner{left: ("[FunctionalDependency:(s: {HospitalName}, t: {Address1})]", 0.0), operator: *, right: (1.0, 1.0), result: 0.0}
列 'p' 不存在，对列 Address1 不过滤，直接选择所有非无效值。
Block processing time: 0.016937 seconds
Computing Block 21 out of 45
Processing Block size=25
begin cleaner{left: ("[FunctionalDependency:(s: {HospitalName}, t: {Address1})]", 0.0), operator: *, right: (1.0, 1.0), result: 0.0}
列 'p' 不存在，对列 Address1 不过滤，直接选择所有非无效值。
clean_bool length:3
newest best op: Uniop(df,'Address1','1000 fixst stxeet noxth',(['HospitalName'], {('shelby baptist medical center',)}),{left: ("[FunctionalDependency:(s: {HospitalName}, t: {Address1})]", 0.0), operator: *, right: (1.0, 1.0), result: 0.0})
now error: 0.0
newest best op: Uniop(df,'Address1','1000 first street north',(['HospitalName'], {('shelby baptist medical center',)}),{left: ("[FunctionalDependency:(s: {HospitalName}, t: {Address1})]", 0.0), operator: *, right: (1.0, 1.0), result: 0.0})
now error: 0.0
Block processing time: 0.051609 seconds
Computing Block 22 out of 45
Processing Block size=25
begin cleaner{left: ("[FunctionalDependency:(s: {HospitalName}, t: {Address1})]", 0.0), operator: *, right: (1.0, 1.0), result: 0.0}
列 'p' 不存在，对列 Address1 不过滤，直接选择所有非无效值。
Block processing time: 0.017304 seconds
Computing Block 23 out of 45
Processing Block size=25
begin cleaner{left: ("[FunctionalDependency:(s: {HospitalName}, t: {Address1})]", 0.0), operator: *, right: (1.0, 1.0), result: 0.0}
列 'p' 不存在，对列 Address1 不过滤，直接选择所有非无效值。
Block processing time: 0.017121 seconds
Computing Block 24 out of 45
Processing Block size=25
begin cleaner{left: ("[FunctionalDependency:(s: {HospitalName}, t: {Address1})]", 0.0), operator: *, right: (1.0, 1.0), result: 0.0}
列 'p' 不存在，对列 Address1 不过滤，直接选择所有非无效值。
clean_bool length:3
newest best op: Uniop(df,'Address1','2505xuxsxhighwayx431xnorth',(['HospitalName'], {('marshall medical center south',)}),{left: ("[FunctionalDependency:(s: {HospitalName}, t: {Address1})]", 0.0), operator: *, right: (1.0, 1.0), result: 0.0})
now error: 0.0
newest best op: Uniop(df,'Address1','2505 u s highway 431 north',(['HospitalName'], {('marshall medical center south',)}),{left: ("[FunctionalDependency:(s: {HospitalName}, t: {Address1})]", 0.0), operator: *, right: (1.0, 1.0), result: 0.0})
now error: 0.0
Block processing time: 0.052294 seconds
Computing Block 25 out of 45
Processing Block size=5
begin cleaner{left: ("[FunctionalDependency:(s: {HospitalName}, t: {Address1})]", 0.0), operator: *, right: (1.0, 1.0), result: 0.0}
列 'p' 不存在，对列 Address1 不过滤，直接选择所有非无效值。
clean_bool length:3
newest best op: Uniop(df,'Address1','810 st vincents drive',(['HospitalName'], {('st vincents hospital',)}),{left: ("[FunctionalDependency:(s: {HospitalName}, t: {Address1})]", 0.0), operator: *, right: (1.0, 1.0), result: 0.0})
now error: 0.0
Block processing time: 0.010974 seconds
Computing Block 26 out of 45
Processing Block size=25
begin cleaner{left: ("[FunctionalDependency:(s: {HospitalName}, t: {Address1})]", 0.0), operator: *, right: (1.0, 1.0), result: 0.0}
列 'p' 不存在，对列 Address1 不过滤，直接选择所有非无效值。
Block processing time: 0.017336 seconds
Computing Block 27 out of 45
Processing Block size=25
begin cleaner{left: ("[FunctionalDependency:(s: {HospitalName}, t: {Address1})]", 0.0), operator: *, right: (1.0, 1.0), result: 0.0}
列 'p' 不存在，对列 Address1 不过滤，直接选择所有非无效值。
Block processing time: 0.017027 seconds
Computing Block 28 out of 45
Processing Block size=25
begin cleaner{left: ("[FunctionalDependency:(s: {HospitalName}, t: {Address1})]", 0.0), operator: *, right: (1.0, 1.0), result: 0.0}
列 'p' 不存在，对列 Address1 不过滤，直接选择所有非无效值。
Block processing time: 0.017021 seconds
Computing Block 29 out of 45
Processing Block size=25
begin cleaner{left: ("[FunctionalDependency:(s: {HospitalName}, t: {Address1})]", 0.0), operator: *, right: (1.0, 1.0), result: 0.0}
列 'p' 不存在，对列 Address1 不过滤，直接选择所有非无效值。
clean_bool length:3
newest best op: Uniop(df,'Address1','1010 lay dam road',(['HospitalName'], {('chilton medical center',)}),{left: ("[FunctionalDependency:(s: {HospitalName}, t: {Address1})]", 0.0), operator: *, right: (1.0, 1.0), result: 0.0})
now error: 0.0
Block processing time: 0.049918 seconds
Computing Block 30 out of 45
Processing Block size=25
begin cleaner{left: ("[FunctionalDependency:(s: {HospitalName}, t: {Address1})]", 0.0), operator: *, right: (1.0, 1.0), result: 0.0}
列 'p' 不存在，对列 Address1 不过滤，直接选择所有非无效值。
clean_bool length:3
newest best op: Uniop(df,'Address1','400 n edwards street',(['HospitalName'], {('medical center enterprise',)}),{left: ("[FunctionalDependency:(s: {HospitalName}, t: {Address1})]", 0.0), operator: *, right: (1.0, 1.0), result: 0.0})
now error: 0.0
Block processing time: 0.051488 seconds
Computing Block 31 out of 45
Processing Block size=25
begin cleaner{left: ("[FunctionalDependency:(s: {HospitalName}, t: {Address1})]", 0.0), operator: *, right: (1.0, 1.0), result: 0.0}
列 'p' 不存在，对列 Address1 不过滤，直接选择所有非无效值。
clean_bool length:3
newest best op: Uniop(df,'Address1','201 pine sxreex norxhwesx',(['HospitalName'], {('hartselle medical center',)}),{left: ("[FunctionalDependency:(s: {HospitalName}, t: {Address1})]", 0.0), operator: *, right: (1.0, 1.0), result: 0.0})
now error: 0.0
newest best op: Uniop(df,'Address1','201 pine street northwest',(['HospitalName'], {('hartselle medical center',)}),{left: ("[FunctionalDependency:(s: {HospitalName}, t: {Address1})]", 0.0), operator: *, right: (1.0, 1.0), result: 0.0})
now error: 0.0
Block processing time: 0.051038 seconds
Computing Block 32 out of 45
Processing Block size=25
begin cleaner{left: ("[FunctionalDependency:(s: {HospitalName}, t: {Address1})]", 0.0), operator: *, right: (1.0, 1.0), result: 0.0}
列 'p' 不存在，对列 Address1 不过滤，直接选择所有非无效值。
Block processing time: 0.017124 seconds
Computing Block 33 out of 45
Processing Block size=25
begin cleaner{left: ("[FunctionalDependency:(s: {HospitalName}, t: {Address1})]", 0.0), operator: *, right: (1.0, 1.0), result: 0.0}
列 'p' 不存在，对列 Address1 不过滤，直接选择所有非无效值。
Block processing time: 0.017334 seconds
Computing Block 34 out of 45
Processing Block size=25
begin cleaner{left: ("[FunctionalDependency:(s: {HospitalName}, t: {Address1})]", 0.0), operator: *, right: (1.0, 1.0), result: 0.0}
列 'p' 不存在，对列 Address1 不过滤，直接选择所有非无效值。
clean_bool length:3
newest best op: Uniop(df,'Address1','8000 alabama highway 69',(['HospitalName'], {('marshall medical center north',)}),{left: ("[FunctionalDependency:(s: {HospitalName}, t: {Address1})]", 0.0), operator: *, right: (1.0, 1.0), result: 0.0})
now error: 0.0
Block processing time: 0.051703 seconds
Computing Block 35 out of 45
Processing Block size=25
begin cleaner{left: ("[FunctionalDependency:(s: {HospitalName}, t: {Address1})]", 0.0), operator: *, right: (1.0, 1.0), result: 0.0}
列 'p' 不存在，对列 Address1 不过滤，直接选择所有非无效值。
clean_bool length:5
newest best op: Uniop(df,'Address1','515 mirxndx st',(['HospitalName'], {('georgiana hospital',)}),{left: ("[FunctionalDependency:(s: {HospitalName}, t: {Address1})]", 0.0), operator: *, right: (1.0, 1.0), result: 0.0})
now error: 0.0
newest best op: Uniop(df,'Address1','515 miranda sx',(['HospitalName'], {('georgiana hospital',)}),{left: ("[FunctionalDependency:(s: {HospitalName}, t: {Address1})]", 0.0), operator: *, right: (1.0, 1.0), result: 0.0})
now error: 0.0
newest best op: Uniop(df,'Address1','515 miranda st',(['HospitalName'], {('georgiana hospital',)}),{left: ("[FunctionalDependency:(s: {HospitalName}, t: {Address1})]", 0.0), operator: *, right: (1.0, 1.0), result: 0.0})
now error: 0.0
Block processing time: 0.083494 seconds
Computing Block 36 out of 45
Processing Block size=25
begin cleaner{left: ("[FunctionalDependency:(s: {HospitalName}, t: {Address1})]", 0.0), operator: *, right: (1.0, 1.0), result: 0.0}
列 'p' 不存在，对列 Address1 不过滤，直接选择所有非无效值。
clean_bool length:3
newest best op: Uniop(df,'Address1','1256 military street south',(['HospitalName'], {('marion regional medical center',)}),{left: ("[FunctionalDependency:(s: {HospitalName}, t: {Address1})]", 0.0), operator: *, right: (1.0, 1.0), result: 0.0})
now error: 0.0
Block processing time: 0.051904 seconds
Computing Block 37 out of 45
Processing Block size=25
begin cleaner{left: ("[FunctionalDependency:(s: {HospitalName}, t: {Address1})]", 0.0), operator: *, right: (1.0, 1.0), result: 0.0}
列 'p' 不存在，对列 Address1 不过滤，直接选择所有非无效值。
Block processing time: 0.017343 seconds
Computing Block 38 out of 45
Processing Block size=28
begin cleaner{left: ("[FunctionalDependency:(s: {HospitalName}, t: {Address1})]", 0.0), operator: *, right: (1.0, 1.0), result: 0.0}
列 'p' 不存在，对列 Address1 不过滤，直接选择所有非无效值。
clean_bool length:3
newest best op: Uniop(df,'Address1','600 south third street',(['HospitalName'], {('riverview regional medical center',)}),{left: ("[FunctionalDependency:(s: {HospitalName}, t: {Address1})]", 0.0), operator: *, right: (1.0, 1.0), result: 0.0})
now error: 0.0
Block processing time: 0.057289 seconds
Computing Block 39 out of 45
Processing Block size=25
begin cleaner{left: ("[FunctionalDependency:(s: {HospitalName}, t: {Address1})]", 0.0), operator: *, right: (1.0, 1.0), result: 0.0}
列 'p' 不存在，对列 Address1 不过滤，直接选择所有非无效值。
Block processing time: 0.016937 seconds
Computing Block 40 out of 45
Processing Block size=20
begin cleaner{left: ("[FunctionalDependency:(s: {HospitalName}, t: {Address1})]", 0.0), operator: *, right: (1.0, 1.0), result: 0.0}
列 'p' 不存在，对列 Address1 不过滤，直接选择所有非无效值。
clean_bool length:3
newest best op: Uniop(df,'Address1','150 gilxreath drive',(['HospitalName'], {('st vincents blount',)}),{left: ("[FunctionalDependency:(s: {HospitalName}, t: {Address1})]", 0.0), operator: *, right: (1.0, 1.0), result: 0.0})
now error: 0.0
newest best op: Uniop(df,'Address1','150 gilbreath drive',(['HospitalName'], {('st vincents blount',)}),{left: ("[FunctionalDependency:(s: {HospitalName}, t: {Address1})]", 0.0), operator: *, right: (1.0, 1.0), result: 0.0})
now error: 0.0
Block processing time: 0.040986 seconds
Computing Block 41 out of 45
Processing Block size=18
begin cleaner{left: ("[FunctionalDependency:(s: {HospitalName}, t: {Address1})]", 0.0), operator: *, right: (1.0, 1.0), result: 0.0}
列 'p' 不存在，对列 Address1 不过滤，直接选择所有非无效值。
clean_bool length:4
newest best op: Uniop(df,'Address1','315 w hickory st',(['HospitalName'], {('coosa valley medical center',)}),{left: ("[FunctionalDependency:(s: {HospitalName}, t: {Address1})]", 0.0), operator: *, right: (1.0, 1.0), result: 0.0})
now error: 0.0
Block processing time: 0.048789 seconds
Computing Block 42 out of 45
Processing Block size=25
begin cleaner{left: ("[FunctionalDependency:(s: {HospitalName}, t: {Address1})]", 0.0), operator: *, right: (1.0, 1.0), result: 0.0}
列 'p' 不存在，对列 Address1 不过滤，直接选择所有非无效值。
Block processing time: 0.017238 seconds
Computing Block 43 out of 45
Processing Block size=25
begin cleaner{left: ("[FunctionalDependency:(s: {HospitalName}, t: {Address1})]", 0.0), operator: *, right: (1.0, 1.0), result: 0.0}
列 'p' 不存在，对列 Address1 不过滤，直接选择所有非无效值。
clean_bool length:4
newest best op: Uniop(df,'Address1','1x6 hospital ave',(['HospitalName'], {('dale medical center',)}),{left: ("[FunctionalDependency:(s: {HospitalName}, t: {Address1})]", 0.0), operator: *, right: (1.0, 1.0), result: 0.0})
now error: 0.0
newest best op: Uniop(df,'Address1','126 hospital ave',(['HospitalName'], {('dale medical center',)}),{left: ("[FunctionalDependency:(s: {HospitalName}, t: {Address1})]", 0.0), operator: *, right: (1.0, 1.0), result: 0.0})
now error: 0.0
Block processing time: 0.069926 seconds
Computing Block 44 out of 45
Processing Block size=25
begin cleaner{left: ("[FunctionalDependency:(s: {HospitalName}, t: {Address1})]", 0.0), operator: *, right: (1.0, 1.0), result: 0.0}
列 'p' 不存在，对列 Address1 不过滤，直接选择所有非无效值。
Block processing time: 0.017135 seconds
Computing Block 45 out of 45
Processing Block size=25
begin cleaner{left: ("[FunctionalDependency:(s: {HospitalName}, t: {Address1})]", 0.0), operator: *, right: (1.0, 1.0), result: 0.0}
列 'p' 不存在，对列 Address1 不过滤，直接选择所有非无效值。
clean_bool length:3
newest best op: Uniop(df,'Address1','209 north main street',(['HospitalName'], {('wedowee hospital',)}),{left: ("[FunctionalDependency:(s: {HospitalName}, t: {Address1})]", 0.0), operator: *, right: (1.0, 1.0), result: 0.0})
now error: 0.0
Block processing time: 0.05099 seconds
  当前节点: Address1 有 23 个清洗操作
  当前节点: HospitalOwner 存在可用清洗信号
数据块大小: 1000
分块属性:
[['HospitalName']]
Starting initial block mapping...
Initial number of blocks: 45
Final number of blocks after further splitting: 45
Computing Block 1 out of 45
Processing Block size=25
begin cleaner[FunctionalDependency:(s: {'HospitalName'}, t: {'HospitalOwner'})]*1.0
列 'p' 不存在，对列 HospitalOwner 不过滤，直接选择所有非无效值。
Block processing time: 0.017605 seconds
Computing Block 2 out of 45
Processing Block size=25
begin cleaner{left: ("[FunctionalDependency:(s: {HospitalName}, t: {HospitalOwner})]", 0.0), operator: *, right: (1.0, 1.0), result: 0.0}
列 'p' 不存在，对列 HospitalOwner 不过滤，直接选择所有非无效值。
clean_bool length:6
newest best op: Uniop(df,'HospitalOwner','gxvernment - hxspital district xr authxrity',(['HospitalName'], {('southeast alabama medical center',)}),{left: ("[FunctionalDependency:(s: {HospitalName}, t: {HospitalOwner})]", 0.0), operator: *, right: (1.0, 1.0), result: 0.0})
now error: 0.0
newest best op: Uniop(df,'HospitalOwner','government - hospital xistrict or authority',(['HospitalName'], {('southeast alabama medical center',)}),{left: ("[FunctionalDependency:(s: {HospitalName}, t: {HospitalOwner})]", 0.0), operator: *, right: (1.0, 1.0), result: 0.0})
now error: 0.0
newest best op: Uniop(df,'HospitalOwner','government - hospital district or authority',(['HospitalName'], {('southeast alabama medical center',)}),{left: ("[FunctionalDependency:(s: {HospitalName}, t: {HospitalOwner})]", 0.0), operator: *, right: (1.0, 1.0), result: 0.0})
now error: 0.0
Block processing time: 0.133293 seconds
Computing Block 3 out of 45
Processing Block size=25
begin cleaner{left: ("[FunctionalDependency:(s: {HospitalName}, t: {HospitalOwner})]", 0.0), operator: *, right: (1.0, 1.0), result: 0.0}
列 'p' 不存在，对列 HospitalOwner 不过滤，直接选择所有非无效值。
clean_bool length:3
newest best op: Uniop(df,'HospitalOwner','voluntary non-profit - private',(['HospitalName'], {('mizell memorial hospital',)}),{left: ("[FunctionalDependency:(s: {HospitalName}, t: {HospitalOwner})]", 0.0), operator: *, right: (1.0, 1.0), result: 0.0})
now error: 0.0
Block processing time: 0.052959 seconds
Computing Block 4 out of 45
Processing Block size=17
begin cleaner{left: ("[FunctionalDependency:(s: {HospitalName}, t: {HospitalOwner})]", 0.0), operator: *, right: (1.0, 1.0), result: 0.0}
列 'p' 不存在，对列 HospitalOwner 不过滤，直接选择所有非无效值。
clean_bool length:3
newest best op: Uniop(df,'HospitalOwner','proxrietary',(['HospitalName'], {('flowers hospital',)}),{left: ("[FunctionalDependency:(s: {HospitalName}, t: {HospitalOwner})]", 0.0), operator: *, right: (1.0, 1.0), result: 0.0})
now error: 0.0
newest best op: Uniop(df,'HospitalOwner','proprietary',(['HospitalName'], {('flowers hospital',)}),{left: ("[FunctionalDependency:(s: {HospitalName}, t: {HospitalOwner})]", 0.0), operator: *, right: (1.0, 1.0), result: 0.0})
now error: 0.0
Block processing time: 0.033324 seconds
Computing Block 5 out of 45
Processing Block size=2
begin cleaner{left: ("[FunctionalDependency:(s: {HospitalName}, t: {HospitalOwner})]", 0.0), operator: *, right: (1.0, 1.0), result: 0.0}
列 'p' 不存在，对列 HospitalOwner 不过滤，直接选择所有非无效值。
Block processing time: 0.001507 seconds
Computing Block 6 out of 45
Processing Block size=13
begin cleaner{left: ("[FunctionalDependency:(s: {HospitalName}, t: {HospitalOwner})]", 0.0), operator: *, right: (1.0, 1.0), result: 0.0}
列 'p' 不存在，对列 HospitalOwner 不过滤，直接选择所有非无效值。
Block processing time: 0.008909 seconds
Computing Block 7 out of 45
Processing Block size=20
begin cleaner{left: ("[FunctionalDependency:(s: {HospitalName}, t: {HospitalOwner})]", 0.0), operator: *, right: (1.0, 1.0), result: 0.0}
列 'p' 不存在，对列 HospitalOwner 不过滤，直接选择所有非无效值。
Block processing time: 0.013575 seconds
Computing Block 8 out of 45
Processing Block size=25
begin cleaner{left: ("[FunctionalDependency:(s: {HospitalName}, t: {HospitalOwner})]", 0.0), operator: *, right: (1.0, 1.0), result: 0.0}
列 'p' 不存在，对列 HospitalOwner 不过滤，直接选择所有非无效值。
clean_bool length:3
newest best op: Uniop(df,'HospitalOwner','governxent - federal',(['HospitalName'], {('southwest alabama medical center',)}),{left: ("[FunctionalDependency:(s: {HospitalName}, t: {HospitalOwner})]", 0.0), operator: *, right: (1.0, 1.0), result: 0.0})
now error: 0.0
newest best op: Uniop(df,'HospitalOwner','government - federal',(['HospitalName'], {('southwest alabama medical center',)}),{left: ("[FunctionalDependency:(s: {HospitalName}, t: {HospitalOwner})]", 0.0), operator: *, right: (1.0, 1.0), result: 0.0})
now error: 0.0
Block processing time: 0.049866 seconds
Computing Block 9 out of 45
Processing Block size=25
begin cleaner{left: ("[FunctionalDependency:(s: {HospitalName}, t: {HospitalOwner})]", 0.0), operator: *, right: (1.0, 1.0), result: 0.0}
列 'p' 不存在，对列 HospitalOwner 不过滤，直接选择所有非无效值。
clean_bool length:3
newest best op: Uniop(df,'HospitalOwner','prxprietary',(['HospitalName'], {('andalusia regional hospital',)}),{left: ("[FunctionalDependency:(s: {HospitalName}, t: {HospitalOwner})]", 0.0), operator: *, right: (1.0, 1.0), result: 0.0})
now error: 0.0
newest best op: Uniop(df,'HospitalOwner','proprietary',(['HospitalName'], {('andalusia regional hospital',)}),{left: ("[FunctionalDependency:(s: {HospitalName}, t: {HospitalOwner})]", 0.0), operator: *, right: (1.0, 1.0), result: 0.0})
now error: 0.0
Block processing time: 0.05016 seconds
Computing Block 10 out of 45
Processing Block size=25
begin cleaner{left: ("[FunctionalDependency:(s: {HospitalName}, t: {HospitalOwner})]", 0.0), operator: *, right: (1.0, 1.0), result: 0.0}
列 'p' 不存在，对列 HospitalOwner 不过滤，直接选择所有非无效值。
Block processing time: 0.017524 seconds
Computing Block 11 out of 45
Processing Block size=25
begin cleaner{left: ("[FunctionalDependency:(s: {HospitalName}, t: {HospitalOwner})]", 0.0), operator: *, right: (1.0, 1.0), result: 0.0}
列 'p' 不存在，对列 HospitalOwner 不过滤，直接选择所有非无效值。
Block processing time: 0.017935 seconds
Computing Block 13 out of 45
Processing Block size=18
begin cleaner{left: ("[FunctionalDependency:(s: {HospitalName}, t: {HospitalOwner})]", 0.0), operator: *, right: (1.0, 1.0), result: 0.0}
列 'p' 不存在，对列 HospitalOwner 不过滤，直接选择所有非无效值。
clean_bool length:3
newest best op: Uniop(df,'HospitalOwner','proxrietary',(['HospitalName'], {('alaska regional hospital',)}),{left: ("[FunctionalDependency:(s: {HospitalName}, t: {HospitalOwner})]", 0.0), operator: *, right: (1.0, 1.0), result: 0.0})
now error: 0.0
newest best op: Uniop(df,'HospitalOwner','proprietary',(['HospitalName'], {('alaska regional hospital',)}),{left: ("[FunctionalDependency:(s: {HospitalName}, t: {HospitalOwner})]", 0.0), operator: *, right: (1.0, 1.0), result: 0.0})
now error: 0.0
Block processing time: 0.035797 seconds
Computing Block 14 out of 45
Processing Block size=25
begin cleaner{left: ("[FunctionalDependency:(s: {HospitalName}, t: {HospitalOwner})]", 0.0), operator: *, right: (1.0, 1.0), result: 0.0}
列 'p' 不存在，对列 HospitalOwner 不过滤，直接选择所有非无效值。
clean_bool length:3
newest best op: Uniop(df,'HospitalOwner','prxprietary',(['HospitalName'], {('northwest medical center',)}),{left: ("[FunctionalDependency:(s: {HospitalName}, t: {HospitalOwner})]", 0.0), operator: *, right: (1.0, 1.0), result: 0.0})
now error: 0.0
newest best op: Uniop(df,'HospitalOwner','proprietary',(['HospitalName'], {('northwest medical center',)}),{left: ("[FunctionalDependency:(s: {HospitalName}, t: {HospitalOwner})]", 0.0), operator: *, right: (1.0, 1.0), result: 0.0})
now error: 0.0
Block processing time: 0.049871 seconds
Computing Block 15 out of 45
Processing Block size=28
begin cleaner{left: ("[FunctionalDependency:(s: {HospitalName}, t: {HospitalOwner})]", 0.0), operator: *, right: (1.0, 1.0), result: 0.0}
列 'p' 不存在，对列 HospitalOwner 不过滤，直接选择所有非无效值。
clean_bool length:3
newest best op: Uniop(df,'HospitalOwner','government - hospital district or authority',(['HospitalName'], {('huntsville hospital',)}),{left: ("[FunctionalDependency:(s: {HospitalName}, t: {HospitalOwner})]", 0.0), operator: *, right: (1.0, 1.0), result: 0.0})
now error: 0.0
Block processing time: 0.065429 seconds
Computing Block 16 out of 45
Processing Block size=25
begin cleaner{left: ("[FunctionalDependency:(s: {HospitalName}, t: {HospitalOwner})]", 0.0), operator: *, right: (1.0, 1.0), result: 0.0}
列 'p' 不存在，对列 HospitalOwner 不过滤，直接选择所有非无效值。
Block processing time: 0.017001 seconds
Computing Block 17 out of 45
Processing Block size=2
begin cleaner{left: ("[FunctionalDependency:(s: {HospitalName}, t: {HospitalOwner})]", 0.0), operator: *, right: (1.0, 1.0), result: 0.0}
列 'p' 不存在，对列 HospitalOwner 不过滤，直接选择所有非无效值。
Block processing time: 0.001474 seconds
Computing Block 18 out of 45
Processing Block size=28
begin cleaner{left: ("[FunctionalDependency:(s: {HospitalName}, t: {HospitalOwner})]", 0.0), operator: *, right: (1.0, 1.0), result: 0.0}
列 'p' 不存在，对列 HospitalOwner 不过滤，直接选择所有非无效值。
clean_bool length:3
newest best op: Uniop(df,'HospitalOwner','prxprietary',(['HospitalName'], {('stringfellow memorial hospital',)}),{left: ("[FunctionalDependency:(s: {HospitalName}, t: {HospitalOwner})]", 0.0), operator: *, right: (1.0, 1.0), result: 0.0})
now error: 0.0
newest best op: Uniop(df,'HospitalOwner','proprietary',(['HospitalName'], {('stringfellow memorial hospital',)}),{left: ("[FunctionalDependency:(s: {HospitalName}, t: {HospitalOwner})]", 0.0), operator: *, right: (1.0, 1.0), result: 0.0})
now error: 0.0
Block processing time: 0.055331 seconds
Computing Block 19 out of 45
Processing Block size=25
begin cleaner{left: ("[FunctionalDependency:(s: {HospitalName}, t: {HospitalOwner})]", 0.0), operator: *, right: (1.0, 1.0), result: 0.0}
列 'p' 不存在，对列 HospitalOwner 不过滤，直接选择所有非无效值。
clean_bool length:4
newest best op: Uniop(df,'HospitalOwner','voluntary non-profit - private',(['HospitalName'], {('st vincents east',)}),{left: ("[FunctionalDependency:(s: {HospitalName}, t: {HospitalOwner})]", 0.0), operator: *, right: (1.0, 1.0), result: 0.0})
now error: 0.0
Block processing time: 0.073557 seconds
Computing Block 20 out of 45
Processing Block size=25
begin cleaner{left: ("[FunctionalDependency:(s: {HospitalName}, t: {HospitalOwner})]", 0.0), operator: *, right: (1.0, 1.0), result: 0.0}
列 'p' 不存在，对列 HospitalOwner 不过滤，直接选择所有非无效值。
Block processing time: 0.017171 seconds
Computing Block 21 out of 45
Processing Block size=25
begin cleaner{left: ("[FunctionalDependency:(s: {HospitalName}, t: {HospitalOwner})]", 0.0), operator: *, right: (1.0, 1.0), result: 0.0}
列 'p' 不存在，对列 HospitalOwner 不过滤，直接选择所有非无效值。
Block processing time: 0.017139 seconds
Computing Block 22 out of 45
Processing Block size=25
begin cleaner{left: ("[FunctionalDependency:(s: {HospitalName}, t: {HospitalOwner})]", 0.0), operator: *, right: (1.0, 1.0), result: 0.0}
列 'p' 不存在，对列 HospitalOwner 不过滤，直接选择所有非无效值。
clean_bool length:3
newest best op: Uniop(df,'HospitalOwner','volxntary non-profit - chxrch',(['HospitalName'], {('baptist medical center south',)}),{left: ("[FunctionalDependency:(s: {HospitalName}, t: {HospitalOwner})]", 0.0), operator: *, right: (1.0, 1.0), result: 0.0})
now error: 0.0
newest best op: Uniop(df,'HospitalOwner','voluntary non-profit - church',(['HospitalName'], {('baptist medical center south',)}),{left: ("[FunctionalDependency:(s: {HospitalName}, t: {HospitalOwner})]", 0.0), operator: *, right: (1.0, 1.0), result: 0.0})
now error: 0.0
Block processing time: 0.052966 seconds
Computing Block 23 out of 45
Processing Block size=25
begin cleaner{left: ("[FunctionalDependency:(s: {HospitalName}, t: {HospitalOwner})]", 0.0), operator: *, right: (1.0, 1.0), result: 0.0}
列 'p' 不存在，对列 HospitalOwner 不过滤，直接选择所有非无效值。
clean_bool length:3
newest best op: Uniop(df,'HospitalOwner','gxvernment - hxspital district xr authxrity',(['HospitalName'], {('helen keller memorial hospital',)}),{left: ("[FunctionalDependency:(s: {HospitalName}, t: {HospitalOwner})]", 0.0), operator: *, right: (1.0, 1.0), result: 0.0})
now error: 0.0
newest best op: Uniop(df,'HospitalOwner','government - hospital district or authority',(['HospitalName'], {('helen keller memorial hospital',)}),{left: ("[FunctionalDependency:(s: {HospitalName}, t: {HospitalOwner})]", 0.0), operator: *, right: (1.0, 1.0), result: 0.0})
now error: 0.0
Block processing time: 0.057331 seconds
Computing Block 24 out of 45
Processing Block size=25
begin cleaner{left: ("[FunctionalDependency:(s: {HospitalName}, t: {HospitalOwner})]", 0.0), operator: *, right: (1.0, 1.0), result: 0.0}
列 'p' 不存在，对列 HospitalOwner 不过滤，直接选择所有非无效值。
Block processing time: 0.016961 seconds
Computing Block 25 out of 45
Processing Block size=5
begin cleaner{left: ("[FunctionalDependency:(s: {HospitalName}, t: {HospitalOwner})]", 0.0), operator: *, right: (1.0, 1.0), result: 0.0}
列 'p' 不存在，对列 HospitalOwner 不过滤，直接选择所有非无效值。
Block processing time: 0.003601 seconds
Computing Block 26 out of 45
Processing Block size=25
begin cleaner{left: ("[FunctionalDependency:(s: {HospitalName}, t: {HospitalOwner})]", 0.0), operator: *, right: (1.0, 1.0), result: 0.0}
列 'p' 不存在，对列 HospitalOwner 不过滤，直接选择所有非无效值。
clean_bool length:3
newest best op: Uniop(df,'HospitalOwner','voluntary non-profit - private',(['HospitalName'], {('cherokee medical center',)}),{left: ("[FunctionalDependency:(s: {HospitalName}, t: {HospitalOwner})]", 0.0), operator: *, right: (1.0, 1.0), result: 0.0})
now error: 0.0
Block processing time: 0.054472 seconds
Computing Block 27 out of 45
Processing Block size=25
begin cleaner{left: ("[FunctionalDependency:(s: {HospitalName}, t: {HospitalOwner})]", 0.0), operator: *, right: (1.0, 1.0), result: 0.0}
列 'p' 不存在，对列 HospitalOwner 不过滤，直接选择所有非无效值。
Block processing time: 0.017134 seconds
Computing Block 28 out of 45
Processing Block size=25
begin cleaner{left: ("[FunctionalDependency:(s: {HospitalName}, t: {HospitalOwner})]", 0.0), operator: *, right: (1.0, 1.0), result: 0.0}
列 'p' 不存在，对列 HospitalOwner 不过滤，直接选择所有非无效值。
Block processing time: 0.017149 seconds
Computing Block 29 out of 45
Processing Block size=25
begin cleaner{left: ("[FunctionalDependency:(s: {HospitalName}, t: {HospitalOwner})]", 0.0), operator: *, right: (1.0, 1.0), result: 0.0}
列 'p' 不存在，对列 HospitalOwner 不过滤，直接选择所有非无效值。
clean_bool length:3
newest best op: Uniop(df,'HospitalOwner','voluntary non-profit - private',(['HospitalName'], {('chilton medical center',)}),{left: ("[FunctionalDependency:(s: {HospitalName}, t: {HospitalOwner})]", 0.0), operator: *, right: (1.0, 1.0), result: 0.0})
now error: 0.0
Block processing time: 0.053578 seconds
Computing Block 30 out of 45
Processing Block size=25
begin cleaner{left: ("[FunctionalDependency:(s: {HospitalName}, t: {HospitalOwner})]", 0.0), operator: *, right: (1.0, 1.0), result: 0.0}
列 'p' 不存在，对列 HospitalOwner 不过滤，直接选择所有非无效值。
Block processing time: 0.017003 seconds
Computing Block 31 out of 45
Processing Block size=25
begin cleaner{left: ("[FunctionalDependency:(s: {HospitalName}, t: {HospitalOwner})]", 0.0), operator: *, right: (1.0, 1.0), result: 0.0}
列 'p' 不存在，对列 HospitalOwner 不过滤，直接选择所有非无效值。
clean_bool length:5
newest best op: Uniop(df,'HospitalOwner','xroprietary',(['HospitalName'], {('hartselle medical center',)}),{left: ("[FunctionalDependency:(s: {HospitalName}, t: {HospitalOwner})]", 0.0), operator: *, right: (1.0, 1.0), result: 0.0})
now error: 0.0
newest best op: Uniop(df,'HospitalOwner','proprietary',(['HospitalName'], {('hartselle medical center',)}),{left: ("[FunctionalDependency:(s: {HospitalName}, t: {HospitalOwner})]", 0.0), operator: *, right: (1.0, 1.0), result: 0.0})
now error: 0.0
Block processing time: 0.081806 seconds
Computing Block 32 out of 45
Processing Block size=25
begin cleaner{left: ("[FunctionalDependency:(s: {HospitalName}, t: {HospitalOwner})]", 0.0), operator: *, right: (1.0, 1.0), result: 0.0}
列 'p' 不存在，对列 HospitalOwner 不过滤，直接选择所有非无效值。
Block processing time: 0.0175 seconds
Computing Block 33 out of 45
Processing Block size=25
begin cleaner{left: ("[FunctionalDependency:(s: {HospitalName}, t: {HospitalOwner})]", 0.0), operator: *, right: (1.0, 1.0), result: 0.0}
列 'p' 不存在，对列 HospitalOwner 不过滤，直接选择所有非无效值。
clean_bool length:3
newest best op: Uniop(df,'HospitalOwner','voluntary non-profit - other',(['HospitalName'], {('g h lanier memorial hospital',)}),{left: ("[FunctionalDependency:(s: {HospitalName}, t: {HospitalOwner})]", 0.0), operator: *, right: (1.0, 1.0), result: 0.0})
now error: 0.0
Block processing time: 0.052333 seconds
Computing Block 34 out of 45
Processing Block size=25
begin cleaner{left: ("[FunctionalDependency:(s: {HospitalName}, t: {HospitalOwner})]", 0.0), operator: *, right: (1.0, 1.0), result: 0.0}
列 'p' 不存在，对列 HospitalOwner 不过滤，直接选择所有非无效值。
Block processing time: 0.016953 seconds
Computing Block 35 out of 45
Processing Block size=25
begin cleaner{left: ("[FunctionalDependency:(s: {HospitalName}, t: {HospitalOwner})]", 0.0), operator: *, right: (1.0, 1.0), result: 0.0}
列 'p' 不存在，对列 HospitalOwner 不过滤，直接选择所有非无效值。
Block processing time: 0.017001 seconds
Computing Block 36 out of 45
Processing Block size=25
begin cleaner{left: ("[FunctionalDependency:(s: {HospitalName}, t: {HospitalOwner})]", 0.0), operator: *, right: (1.0, 1.0), result: 0.0}
列 'p' 不存在，对列 HospitalOwner 不过滤，直接选择所有非无效值。
clean_bool length:4
newest best op: Uniop(df,'HospitalOwner','voluntary non-profit - private',(['HospitalName'], {('marion regional medical center',)}),{left: ("[FunctionalDependency:(s: {HospitalName}, t: {HospitalOwner})]", 0.0), operator: *, right: (1.0, 1.0), result: 0.0})
now error: 0.0
Block processing time: 0.073001 seconds
Computing Block 37 out of 45
Processing Block size=25
begin cleaner{left: ("[FunctionalDependency:(s: {HospitalName}, t: {HospitalOwner})]", 0.0), operator: *, right: (1.0, 1.0), result: 0.0}
列 'p' 不存在，对列 HospitalOwner 不过滤，直接选择所有非无效值。
Block processing time: 0.017247 seconds
Computing Block 38 out of 45
Processing Block size=28
begin cleaner{left: ("[FunctionalDependency:(s: {HospitalName}, t: {HospitalOwner})]", 0.0), operator: *, right: (1.0, 1.0), result: 0.0}
列 'p' 不存在，对列 HospitalOwner 不过滤，直接选择所有非无效值。
Block processing time: 0.019145 seconds
Computing Block 39 out of 45
Processing Block size=25
begin cleaner{left: ("[FunctionalDependency:(s: {HospitalName}, t: {HospitalOwner})]", 0.0), operator: *, right: (1.0, 1.0), result: 0.0}
列 'p' 不存在，对列 HospitalOwner 不过滤，直接选择所有非无效值。
Block processing time: 0.017128 seconds
Computing Block 40 out of 45
Processing Block size=20
begin cleaner{left: ("[FunctionalDependency:(s: {HospitalName}, t: {HospitalOwner})]", 0.0), operator: *, right: (1.0, 1.0), result: 0.0}
列 'p' 不存在，对列 HospitalOwner 不过滤，直接选择所有非无效值。
Block processing time: 0.013961 seconds
Computing Block 41 out of 45
Processing Block size=18
begin cleaner{left: ("[FunctionalDependency:(s: {HospitalName}, t: {HospitalOwner})]", 0.0), operator: *, right: (1.0, 1.0), result: 0.0}
列 'p' 不存在，对列 HospitalOwner 不过滤，直接选择所有非无效值。
Block processing time: 0.012967 seconds
Computing Block 42 out of 45
Processing Block size=25
begin cleaner{left: ("[FunctionalDependency:(s: {HospitalName}, t: {HospitalOwner})]", 0.0), operator: *, right: (1.0, 1.0), result: 0.0}
列 'p' 不存在，对列 HospitalOwner 不过滤，直接选择所有非无效值。
Block processing time: 0.017298 seconds
Computing Block 43 out of 45
Processing Block size=25
begin cleaner{left: ("[FunctionalDependency:(s: {HospitalName}, t: {HospitalOwner})]", 0.0), operator: *, right: (1.0, 1.0), result: 0.0}
列 'p' 不存在，对列 HospitalOwner 不过滤，直接选择所有非无效值。
Block processing time: 0.017095 seconds
Computing Block 44 out of 45
Processing Block size=25
begin cleaner{left: ("[FunctionalDependency:(s: {HospitalName}, t: {HospitalOwner})]", 0.0), operator: *, right: (1.0, 1.0), result: 0.0}
列 'p' 不存在，对列 HospitalOwner 不过滤，直接选择所有非无效值。
clean_bool length:4
newest best op: Uniop(df,'HospitalOwner','voxuntary non-profit - church',(['HospitalName'], {('dekalb regional medical center',)}),{left: ("[FunctionalDependency:(s: {HospitalName}, t: {HospitalOwner})]", 0.0), operator: *, right: (1.0, 1.0), result: 0.0})
now error: 0.0
newest best op: Uniop(df,'HospitalOwner','voluntary non-profit - church',(['HospitalName'], {('dekalb regional medical center',)}),{left: ("[FunctionalDependency:(s: {HospitalName}, t: {HospitalOwner})]", 0.0), operator: *, right: (1.0, 1.0), result: 0.0})
now error: 0.0
Block processing time: 0.075915 seconds
Computing Block 45 out of 45
Processing Block size=25
begin cleaner{left: ("[FunctionalDependency:(s: {HospitalName}, t: {HospitalOwner})]", 0.0), operator: *, right: (1.0, 1.0), result: 0.0}
列 'p' 不存在，对列 HospitalOwner 不过滤，直接选择所有非无效值。
Block processing time: 0.017504 seconds
  当前节点: HospitalOwner 有 18 个清洗操作
  当前节点: City 存在可用清洗信号
数据块大小: 1000
分块属性:
[['HospitalName']]
Starting initial block mapping...
Initial number of blocks: 45
Final number of blocks after further splitting: 45
Computing Block 1 out of 45
Processing Block size=25
begin cleaner[FunctionalDependency:(s: {'HospitalName'}, t: {'City'})]*1.0
列 'p' 不存在，对列 City 不过滤，直接选择所有非无效值。
clean_bool length:3
newest best op: Uniop(df,'City','cuxxman',(['HospitalName'], {('cullman regional medical center',)}),{left: ("[FunctionalDependency:(s: {HospitalName}, t: {City})]", 0.0), operator: *, right: (1.0, 1.0), result: 0.0})
now error: 0.0
newest best op: Uniop(df,'City','cullman',(['HospitalName'], {('cullman regional medical center',)}),{left: ("[FunctionalDependency:(s: {HospitalName}, t: {City})]", 0.0), operator: *, right: (1.0, 1.0), result: 0.0})
now error: 0.0
Block processing time: 0.051424 seconds
Computing Block 2 out of 45
Processing Block size=25
begin cleaner{left: ("[FunctionalDependency:(s: {HospitalName}, t: {City})]", 0.0), operator: *, right: (1.0, 1.0), result: 0.0}
列 'p' 不存在，对列 City 不过滤，直接选择所有非无效值。
Block processing time: 0.017634 seconds
Computing Block 3 out of 45
Processing Block size=25
begin cleaner{left: ("[FunctionalDependency:(s: {HospitalName}, t: {City})]", 0.0), operator: *, right: (1.0, 1.0), result: 0.0}
列 'p' 不存在，对列 City 不过滤，直接选择所有非无效值。
Block processing time: 0.018138 seconds
Computing Block 4 out of 45
Processing Block size=17
begin cleaner{left: ("[FunctionalDependency:(s: {HospitalName}, t: {City})]", 0.0), operator: *, right: (1.0, 1.0), result: 0.0}
列 'p' 不存在，对列 City 不过滤，直接选择所有非无效值。
Block processing time: 0.012029 seconds
Computing Block 5 out of 45
Processing Block size=2
begin cleaner{left: ("[FunctionalDependency:(s: {HospitalName}, t: {City})]", 0.0), operator: *, right: (1.0, 1.0), result: 0.0}
列 'p' 不存在，对列 City 不过滤，直接选择所有非无效值。
Block processing time: 0.00161 seconds
Computing Block 6 out of 45
Processing Block size=13
begin cleaner{left: ("[FunctionalDependency:(s: {HospitalName}, t: {City})]", 0.0), operator: *, right: (1.0, 1.0), result: 0.0}
列 'p' 不存在，对列 City 不过滤，直接选择所有非无效值。
Block processing time: 0.009018 seconds
Computing Block 7 out of 45
Processing Block size=20
begin cleaner{left: ("[FunctionalDependency:(s: {HospitalName}, t: {City})]", 0.0), operator: *, right: (1.0, 1.0), result: 0.0}
列 'p' 不存在，对列 City 不过滤，直接选择所有非无效值。
Block processing time: 0.013686 seconds
Computing Block 8 out of 45
Processing Block size=25
begin cleaner{left: ("[FunctionalDependency:(s: {HospitalName}, t: {City})]", 0.0), operator: *, right: (1.0, 1.0), result: 0.0}
列 'p' 不存在，对列 City 不过滤，直接选择所有非无效值。
Block processing time: 0.017082 seconds
Computing Block 9 out of 45
Processing Block size=25
begin cleaner{left: ("[FunctionalDependency:(s: {HospitalName}, t: {City})]", 0.0), operator: *, right: (1.0, 1.0), result: 0.0}
列 'p' 不存在，对列 City 不过滤，直接选择所有非无效值。
clean_bool length:3
newest best op: Uniop(df,'City','andalusia',(['HospitalName'], {('andalusia regional hospital',)}),{left: ("[FunctionalDependency:(s: {HospitalName}, t: {City})]", 0.0), operator: *, right: (1.0, 1.0), result: 0.0})
now error: 0.0
Block processing time: 0.048627 seconds
Computing Block 10 out of 45
Processing Block size=25
begin cleaner{left: ("[FunctionalDependency:(s: {HospitalName}, t: {City})]", 0.0), operator: *, right: (1.0, 1.0), result: 0.0}
列 'p' 不存在，对列 City 不过滤，直接选择所有非无效值。
clean_bool length:4
newest best op: Uniop(df,'City','birmingxam',(['HospitalName'], {('callahan eye foundation hospital',)}),{left: ("[FunctionalDependency:(s: {HospitalName}, t: {City})]", 0.0), operator: *, right: (1.0, 1.0), result: 0.0})
now error: 0.0
newest best op: Uniop(df,'City','birmingham',(['HospitalName'], {('callahan eye foundation hospital',)}),{left: ("[FunctionalDependency:(s: {HospitalName}, t: {City})]", 0.0), operator: *, right: (1.0, 1.0), result: 0.0})
now error: 0.0
Block processing time: 0.064415 seconds
Computing Block 11 out of 45
Processing Block size=25
begin cleaner{left: ("[FunctionalDependency:(s: {HospitalName}, t: {City})]", 0.0), operator: *, right: (1.0, 1.0), result: 0.0}
列 'p' 不存在，对列 City 不过滤，直接选择所有非无效值。
clean_bool length:3
newest best op: Uniop(df,'City','gadsden',(['HospitalName'], {('gadsden regional medical center',)}),{left: ("[FunctionalDependency:(s: {HospitalName}, t: {City})]", 0.0), operator: *, right: (1.0, 1.0), result: 0.0})
now error: 0.0
Block processing time: 0.049302 seconds
Computing Block 13 out of 45
Processing Block size=18
begin cleaner{left: ("[FunctionalDependency:(s: {HospitalName}, t: {City})]", 0.0), operator: *, right: (1.0, 1.0), result: 0.0}
列 'p' 不存在，对列 City 不过滤，直接选择所有非无效值。
clean_bool length:3
newest best op: Uniop(df,'City','anchoraxe',(['HospitalName'], {('alaska regional hospital',)}),{left: ("[FunctionalDependency:(s: {HospitalName}, t: {City})]", 0.0), operator: *, right: (1.0, 1.0), result: 0.0})
now error: 0.0
newest best op: Uniop(df,'City','anchorage',(['HospitalName'], {('alaska regional hospital',)}),{left: ("[FunctionalDependency:(s: {HospitalName}, t: {City})]", 0.0), operator: *, right: (1.0, 1.0), result: 0.0})
now error: 0.0
Block processing time: 0.035577 seconds
Computing Block 14 out of 45
Processing Block size=25
begin cleaner{left: ("[FunctionalDependency:(s: {HospitalName}, t: {City})]", 0.0), operator: *, right: (1.0, 1.0), result: 0.0}
列 'p' 不存在，对列 City 不过滤，直接选择所有非无效值。
clean_bool length:3
newest best op: Uniop(df,'City','winfield',(['HospitalName'], {('northwest medical center',)}),{left: ("[FunctionalDependency:(s: {HospitalName}, t: {City})]", 0.0), operator: *, right: (1.0, 1.0), result: 0.0})
now error: 0.0
Block processing time: 0.050004 seconds
Computing Block 15 out of 45
Processing Block size=28
begin cleaner{left: ("[FunctionalDependency:(s: {HospitalName}, t: {City})]", 0.0), operator: *, right: (1.0, 1.0), result: 0.0}
列 'p' 不存在，对列 City 不过滤，直接选择所有非无效值。
Block processing time: 0.019298 seconds
Computing Block 16 out of 45
Processing Block size=25
begin cleaner{left: ("[FunctionalDependency:(s: {HospitalName}, t: {City})]", 0.0), operator: *, right: (1.0, 1.0), result: 0.0}
列 'p' 不存在，对列 City 不过滤，直接选择所有非无效值。
clean_bool length:3
newest best op: Uniop(df,'City','faxette',(['HospitalName'], {('fayette medical center',)}),{left: ("[FunctionalDependency:(s: {HospitalName}, t: {City})]", 0.0), operator: *, right: (1.0, 1.0), result: 0.0})
now error: 0.0
newest best op: Uniop(df,'City','fayette',(['HospitalName'], {('fayette medical center',)}),{left: ("[FunctionalDependency:(s: {HospitalName}, t: {City})]", 0.0), operator: *, right: (1.0, 1.0), result: 0.0})
now error: 0.0
Block processing time: 0.049536 seconds
Computing Block 17 out of 45
Processing Block size=2
begin cleaner{left: ("[FunctionalDependency:(s: {HospitalName}, t: {City})]", 0.0), operator: *, right: (1.0, 1.0), result: 0.0}
列 'p' 不存在，对列 City 不过滤，直接选择所有非无效值。
Block processing time: 0.001493 seconds
Computing Block 18 out of 45
Processing Block size=28
begin cleaner{left: ("[FunctionalDependency:(s: {HospitalName}, t: {City})]", 0.0), operator: *, right: (1.0, 1.0), result: 0.0}
列 'p' 不存在，对列 City 不过滤，直接选择所有非无效值。
clean_bool length:4
newest best op: Uniop(df,'City','axxistox',(['HospitalName'], {('stringfellow memorial hospital',)}),{left: ("[FunctionalDependency:(s: {HospitalName}, t: {City})]", 0.0), operator: *, right: (1.0, 1.0), result: 0.0})
now error: 0.0
newest best op: Uniop(df,'City','anniston',(['HospitalName'], {('stringfellow memorial hospital',)}),{left: ("[FunctionalDependency:(s: {HospitalName}, t: {City})]", 0.0), operator: *, right: (1.0, 1.0), result: 0.0})
now error: 0.0
Block processing time: 0.072338 seconds
Computing Block 19 out of 45
Processing Block size=25
begin cleaner{left: ("[FunctionalDependency:(s: {HospitalName}, t: {City})]", 0.0), operator: *, right: (1.0, 1.0), result: 0.0}
列 'p' 不存在，对列 City 不过滤，直接选择所有非无效值。
clean_bool length:4
newest best op: Uniop(df,'City','bxrmxngham',(['HospitalName'], {('st vincents east',)}),{left: ("[FunctionalDependency:(s: {HospitalName}, t: {City})]", 0.0), operator: *, right: (1.0, 1.0), result: 0.0})
now error: 0.0
newest best op: Uniop(df,'City','birmingham',(['HospitalName'], {('st vincents east',)}),{left: ("[FunctionalDependency:(s: {HospitalName}, t: {City})]", 0.0), operator: *, right: (1.0, 1.0), result: 0.0})
now error: 0.0
Block processing time: 0.064785 seconds
Computing Block 20 out of 45
Processing Block size=25
begin cleaner{left: ("[FunctionalDependency:(s: {HospitalName}, t: {City})]", 0.0), operator: *, right: (1.0, 1.0), result: 0.0}
列 'p' 不存在，对列 City 不过滤，直接选择所有非无效值。
clean_bool length:3
newest best op: Uniop(df,'City','exba',(['HospitalName'], {('elba general hospital',)}),{left: ("[FunctionalDependency:(s: {HospitalName}, t: {City})]", 0.0), operator: *, right: (1.0, 1.0), result: 0.0})
now error: 0.0
newest best op: Uniop(df,'City','elba',(['HospitalName'], {('elba general hospital',)}),{left: ("[FunctionalDependency:(s: {HospitalName}, t: {City})]", 0.0), operator: *, right: (1.0, 1.0), result: 0.0})
now error: 0.0
Block processing time: 0.049947 seconds
Computing Block 21 out of 45
Processing Block size=25
begin cleaner{left: ("[FunctionalDependency:(s: {HospitalName}, t: {City})]", 0.0), operator: *, right: (1.0, 1.0), result: 0.0}
列 'p' 不存在，对列 City 不过滤，直接选择所有非无效值。
Block processing time: 0.017562 seconds
Computing Block 22 out of 45
Processing Block size=25
begin cleaner{left: ("[FunctionalDependency:(s: {HospitalName}, t: {City})]", 0.0), operator: *, right: (1.0, 1.0), result: 0.0}
列 'p' 不存在，对列 City 不过滤，直接选择所有非无效值。
clean_bool length:3
newest best op: Uniop(df,'City','montxomery',(['HospitalName'], {('baptist medical center south',)}),{left: ("[FunctionalDependency:(s: {HospitalName}, t: {City})]", 0.0), operator: *, right: (1.0, 1.0), result: 0.0})
now error: 0.0
newest best op: Uniop(df,'City','montgomery',(['HospitalName'], {('baptist medical center south',)}),{left: ("[FunctionalDependency:(s: {HospitalName}, t: {City})]", 0.0), operator: *, right: (1.0, 1.0), result: 0.0})
now error: 0.0
Block processing time: 0.048806 seconds
Computing Block 23 out of 45
Processing Block size=25
begin cleaner{left: ("[FunctionalDependency:(s: {HospitalName}, t: {City})]", 0.0), operator: *, right: (1.0, 1.0), result: 0.0}
列 'p' 不存在，对列 City 不过滤，直接选择所有非无效值。
clean_bool length:3
newest best op: Uniop(df,'City','sheffield',(['HospitalName'], {('helen keller memorial hospital',)}),{left: ("[FunctionalDependency:(s: {HospitalName}, t: {City})]", 0.0), operator: *, right: (1.0, 1.0), result: 0.0})
now error: 0.0
Block processing time: 0.048517 seconds
Computing Block 24 out of 45
Processing Block size=25
begin cleaner{left: ("[FunctionalDependency:(s: {HospitalName}, t: {City})]", 0.0), operator: *, right: (1.0, 1.0), result: 0.0}
列 'p' 不存在，对列 City 不过滤，直接选择所有非无效值。
clean_bool length:3
newest best op: Uniop(df,'City','boxz',(['HospitalName'], {('marshall medical center south',)}),{left: ("[FunctionalDependency:(s: {HospitalName}, t: {City})]", 0.0), operator: *, right: (1.0, 1.0), result: 0.0})
now error: 0.0
newest best op: Uniop(df,'City','boaz',(['HospitalName'], {('marshall medical center south',)}),{left: ("[FunctionalDependency:(s: {HospitalName}, t: {City})]", 0.0), operator: *, right: (1.0, 1.0), result: 0.0})
now error: 0.0
Block processing time: 0.048569 seconds
Computing Block 25 out of 45
Processing Block size=5
begin cleaner{left: ("[FunctionalDependency:(s: {HospitalName}, t: {City})]", 0.0), operator: *, right: (1.0, 1.0), result: 0.0}
列 'p' 不存在，对列 City 不过滤，直接选择所有非无效值。
Block processing time: 0.00351 seconds
Computing Block 26 out of 45
Processing Block size=25
begin cleaner{left: ("[FunctionalDependency:(s: {HospitalName}, t: {City})]", 0.0), operator: *, right: (1.0, 1.0), result: 0.0}
列 'p' 不存在，对列 City 不过滤，直接选择所有非无效值。
Block processing time: 0.017755 seconds
Computing Block 27 out of 45
Processing Block size=25
begin cleaner{left: ("[FunctionalDependency:(s: {HospitalName}, t: {City})]", 0.0), operator: *, right: (1.0, 1.0), result: 0.0}
列 'p' 不存在，对列 City 不过滤，直接选择所有非无效值。
Block processing time: 0.017698 seconds
Computing Block 28 out of 45
Processing Block size=25
begin cleaner{left: ("[FunctionalDependency:(s: {HospitalName}, t: {City})]", 0.0), operator: *, right: (1.0, 1.0), result: 0.0}
列 'p' 不存在，对列 City 不过滤，直接选择所有非无效值。
Block processing time: 0.017445 seconds
Computing Block 29 out of 45
Processing Block size=25
begin cleaner{left: ("[FunctionalDependency:(s: {HospitalName}, t: {City})]", 0.0), operator: *, right: (1.0, 1.0), result: 0.0}
列 'p' 不存在，对列 City 不过滤，直接选择所有非无效值。
Block processing time: 0.017779 seconds
Computing Block 30 out of 45
Processing Block size=25
begin cleaner{left: ("[FunctionalDependency:(s: {HospitalName}, t: {City})]", 0.0), operator: *, right: (1.0, 1.0), result: 0.0}
列 'p' 不存在，对列 City 不过滤，直接选择所有非无效值。
clean_bool length:4
newest best op: Uniop(df,'City','enterprxse',(['HospitalName'], {('medical center enterprise',)}),{left: ("[FunctionalDependency:(s: {HospitalName}, t: {City})]", 0.0), operator: *, right: (1.0, 1.0), result: 0.0})
now error: 0.0
newest best op: Uniop(df,'City','enterprise',(['HospitalName'], {('medical center enterprise',)}),{left: ("[FunctionalDependency:(s: {HospitalName}, t: {City})]", 0.0), operator: *, right: (1.0, 1.0), result: 0.0})
now error: 0.0
Block processing time: 0.065674 seconds
Computing Block 31 out of 45
Processing Block size=25
begin cleaner{left: ("[FunctionalDependency:(s: {HospitalName}, t: {City})]", 0.0), operator: *, right: (1.0, 1.0), result: 0.0}
列 'p' 不存在，对列 City 不过滤，直接选择所有非无效值。
Block processing time: 0.018312 seconds
Computing Block 32 out of 45
Processing Block size=25
begin cleaner{left: ("[FunctionalDependency:(s: {HospitalName}, t: {City})]", 0.0), operator: *, right: (1.0, 1.0), result: 0.0}
列 'p' 不存在，对列 City 不过滤，直接选择所有非无效值。
clean_bool length:3
newest best op: Uniop(df,'City','tallassee',(['HospitalName'], {('community hospital inc',)}),{left: ("[FunctionalDependency:(s: {HospitalName}, t: {City})]", 0.0), operator: *, right: (1.0, 1.0), result: 0.0})
now error: 0.0
Block processing time: 0.108796 seconds
Computing Block 33 out of 45
Processing Block size=25
begin cleaner{left: ("[FunctionalDependency:(s: {HospitalName}, t: {City})]", 0.0), operator: *, right: (1.0, 1.0), result: 0.0}
列 'p' 不存在，对列 City 不过滤，直接选择所有非无效值。
clean_bool length:4
newest best op: Uniop(df,'City','vallex',(['HospitalName'], {('g h lanier memorial hospital',)}),{left: ("[FunctionalDependency:(s: {HospitalName}, t: {City})]", 0.0), operator: *, right: (1.0, 1.0), result: 0.0})
now error: 0.0
newest best op: Uniop(df,'City','valley',(['HospitalName'], {('g h lanier memorial hospital',)}),{left: ("[FunctionalDependency:(s: {HospitalName}, t: {City})]", 0.0), operator: *, right: (1.0, 1.0), result: 0.0})
now error: 0.0
Block processing time: 0.064966 seconds
Computing Block 34 out of 45
Processing Block size=25
begin cleaner{left: ("[FunctionalDependency:(s: {HospitalName}, t: {City})]", 0.0), operator: *, right: (1.0, 1.0), result: 0.0}
列 'p' 不存在，对列 City 不过滤，直接选择所有非无效值。
clean_bool length:3
newest best op: Uniop(df,'City','guntersville',(['HospitalName'], {('marshall medical center north',)}),{left: ("[FunctionalDependency:(s: {HospitalName}, t: {City})]", 0.0), operator: *, right: (1.0, 1.0), result: 0.0})
now error: 0.0
Block processing time: 0.048958 seconds
Computing Block 35 out of 45
Processing Block size=25
begin cleaner{left: ("[FunctionalDependency:(s: {HospitalName}, t: {City})]", 0.0), operator: *, right: (1.0, 1.0), result: 0.0}
列 'p' 不存在，对列 City 不过滤，直接选择所有非无效值。
clean_bool length:3
newest best op: Uniop(df,'City','georgiana',(['HospitalName'], {('georgiana hospital',)}),{left: ("[FunctionalDependency:(s: {HospitalName}, t: {City})]", 0.0), operator: *, right: (1.0, 1.0), result: 0.0})
now error: 0.0
Block processing time: 0.049679 seconds
Computing Block 36 out of 45
Processing Block size=25
begin cleaner{left: ("[FunctionalDependency:(s: {HospitalName}, t: {City})]", 0.0), operator: *, right: (1.0, 1.0), result: 0.0}
列 'p' 不存在，对列 City 不过滤，直接选择所有非无效值。
clean_bool length:3
newest best op: Uniop(df,'City','hamilxon',(['HospitalName'], {('marion regional medical center',)}),{left: ("[FunctionalDependency:(s: {HospitalName}, t: {City})]", 0.0), operator: *, right: (1.0, 1.0), result: 0.0})
now error: 0.0
newest best op: Uniop(df,'City','hamilton',(['HospitalName'], {('marion regional medical center',)}),{left: ("[FunctionalDependency:(s: {HospitalName}, t: {City})]", 0.0), operator: *, right: (1.0, 1.0), result: 0.0})
now error: 0.0
Block processing time: 0.048816 seconds
Computing Block 37 out of 45
Processing Block size=25
begin cleaner{left: ("[FunctionalDependency:(s: {HospitalName}, t: {City})]", 0.0), operator: *, right: (1.0, 1.0), result: 0.0}
列 'p' 不存在，对列 City 不过滤，直接选择所有非无效值。
Block processing time: 0.017329 seconds
Computing Block 38 out of 45
Processing Block size=28
begin cleaner{left: ("[FunctionalDependency:(s: {HospitalName}, t: {City})]", 0.0), operator: *, right: (1.0, 1.0), result: 0.0}
列 'p' 不存在，对列 City 不过滤，直接选择所有非无效值。
Block processing time: 0.019106 seconds
Computing Block 39 out of 45
Processing Block size=25
begin cleaner{left: ("[FunctionalDependency:(s: {HospitalName}, t: {City})]", 0.0), operator: *, right: (1.0, 1.0), result: 0.0}
列 'p' 不存在，对列 City 不过滤，直接选择所有非无效值。
clean_bool length:5
newest best op: Uniop(df,'City','florence',(['HospitalName'], {('eliza coffee memorial hospital',)}),{left: ("[FunctionalDependency:(s: {HospitalName}, t: {City})]", 0.0), operator: *, right: (1.0, 1.0), result: 0.0})
now error: 0.0
Block processing time: 0.081809 seconds
Computing Block 40 out of 45
Processing Block size=20
begin cleaner{left: ("[FunctionalDependency:(s: {HospitalName}, t: {City})]", 0.0), operator: *, right: (1.0, 1.0), result: 0.0}
列 'p' 不存在，对列 City 不过滤，直接选择所有非无效值。
clean_bool length:3
newest best op: Uniop(df,'City','oneonta',(['HospitalName'], {('st vincents blount',)}),{left: ("[FunctionalDependency:(s: {HospitalName}, t: {City})]", 0.0), operator: *, right: (1.0, 1.0), result: 0.0})
now error: 0.0
Block processing time: 0.038799 seconds
Computing Block 41 out of 45
Processing Block size=18
begin cleaner{left: ("[FunctionalDependency:(s: {HospitalName}, t: {City})]", 0.0), operator: *, right: (1.0, 1.0), result: 0.0}
列 'p' 不存在，对列 City 不过滤，直接选择所有非无效值。
Block processing time: 0.012208 seconds
Computing Block 42 out of 45
Processing Block size=25
begin cleaner{left: ("[FunctionalDependency:(s: {HospitalName}, t: {City})]", 0.0), operator: *, right: (1.0, 1.0), result: 0.0}
列 'p' 不存在，对列 City 不过滤，直接选择所有非无效值。
clean_bool length:3
newest best op: Uniop(df,'City','birminxham',(['HospitalName'], {('university of alabama hospital',)}),{left: ("[FunctionalDependency:(s: {HospitalName}, t: {City})]", 0.0), operator: *, right: (1.0, 1.0), result: 0.0})
now error: 0.0
newest best op: Uniop(df,'City','birmingham',(['HospitalName'], {('university of alabama hospital',)}),{left: ("[FunctionalDependency:(s: {HospitalName}, t: {City})]", 0.0), operator: *, right: (1.0, 1.0), result: 0.0})
now error: 0.0
Block processing time: 0.052456 seconds
Computing Block 43 out of 45
Processing Block size=25
begin cleaner{left: ("[FunctionalDependency:(s: {HospitalName}, t: {City})]", 0.0), operator: *, right: (1.0, 1.0), result: 0.0}
列 'p' 不存在，对列 City 不过滤，直接选择所有非无效值。
clean_bool length:4
newest best op: Uniop(df,'City','ozark',(['HospitalName'], {('dale medical center',)}),{left: ("[FunctionalDependency:(s: {HospitalName}, t: {City})]", 0.0), operator: *, right: (1.0, 1.0), result: 0.0})
now error: 0.0
Block processing time: 0.064906 seconds
Computing Block 44 out of 45
Processing Block size=25
begin cleaner{left: ("[FunctionalDependency:(s: {HospitalName}, t: {City})]", 0.0), operator: *, right: (1.0, 1.0), result: 0.0}
列 'p' 不存在，对列 City 不过滤，直接选择所有非无效值。
clean_bool length:3
newest best op: Uniop(df,'City','fort payne',(['HospitalName'], {('dekalb regional medical center',)}),{left: ("[FunctionalDependency:(s: {HospitalName}, t: {City})]", 0.0), operator: *, right: (1.0, 1.0), result: 0.0})
now error: 0.0
Block processing time: 0.048724 seconds
Computing Block 45 out of 45
Processing Block size=25
begin cleaner{left: ("[FunctionalDependency:(s: {HospitalName}, t: {City})]", 0.0), operator: *, right: (1.0, 1.0), result: 0.0}
列 'p' 不存在，对列 City 不过滤，直接选择所有非无效值。
clean_bool length:3
newest best op: Uniop(df,'City','wedowee',(['HospitalName'], {('wedowee hospital',)}),{left: ("[FunctionalDependency:(s: {HospitalName}, t: {City})]", 0.0), operator: *, right: (1.0, 1.0), result: 0.0})
now error: 0.0
Block processing time: 0.048185 seconds
  当前节点: City 有 25 个清洗操作
  当前节点: MeasureName 存在可用清洗信号
数据块大小: 1000
分块属性:
[['MeasureCode']]
Starting initial block mapping...
Initial number of blocks: 54
Final number of blocks after further splitting: 54
Computing Block 1 out of 54
Processing Block size=39
begin cleaner[FunctionalDependency:(s: {'MeasureCode'}, t: {'MeasureName'})]*1.0
列 'p' 不存在，对列 MeasureName 不过滤，直接选择所有非无效值。
clean_bool length:3
newest best op: Uniop(df,'MeasureName','heartxattackxpatientsxgivenxpcixwithinx90xminutesxofxarrival',(['MeasureCode'], {('ami-8a',)}),{left: ("[FunctionalDependency:(s: {MeasureCode}, t: {MeasureName})]", 0.0), operator: *, right: (1.0, 1.0), result: 0.0})
now error: 0.0
newest best op: Uniop(df,'MeasureName','heart attack patients given pci within 90 minutes of arrival',(['MeasureCode'], {('ami-8a',)}),{left: ("[FunctionalDependency:(s: {MeasureCode}, t: {MeasureName})]", 0.0), operator: *, right: (1.0, 1.0), result: 0.0})
now error: 0.0
Block processing time: 0.10261 seconds
Computing Block 2 out of 54
Processing Block size=39
begin cleaner{left: ("[FunctionalDependency:(s: {MeasureCode}, t: {MeasureName})]", 0.0), operator: *, right: (1.0, 1.0), result: 0.0}
列 'p' 不存在，对列 MeasureName 不过滤，直接选择所有非无效值。
clean_bool length:3
newest best op: Uniop(df,'MeasureName','pneumonia patients given the most appropriate initial antibiotic(s)',(['MeasureCode'], {('pn-6',)}),{left: ("[FunctionalDependency:(s: {MeasureCode}, t: {MeasureName})]", 0.0), operator: *, right: (1.0, 1.0), result: 0.0})
now error: 0.0
Block processing time: 0.108619 seconds
Computing Block 3 out of 54
Processing Block size=36
begin cleaner{left: ("[FunctionalDependency:(s: {MeasureCode}, t: {MeasureName})]", 0.0), operator: *, right: (1.0, 1.0), result: 0.0}
列 'p' 不存在，对列 MeasureName 不过滤，直接选择所有非无效值。
clean_bool length:3
newest best op: Uniop(df,'MeasureName','surgery pxtients whose doctors ordered trextments to prevent blood clots xfter certxin types of surgeries',(['MeasureCode'], {('scip-vte-1',)}),{left: ("[FunctionalDependency:(s: {MeasureCode}, t: {MeasureName})]", 0.0), operator: *, right: (1.0, 1.0), result: 0.0})
now error: 0.0
newest best op: Uniop(df,'MeasureName','surgery patients whose doctors ordered treatments to prevent blood clots after certain types of surgeries',(['MeasureCode'], {('scip-vte-1',)}),{left: ("[FunctionalDependency:(s: {MeasureCode}, t: {MeasureName})]", 0.0), operator: *, right: (1.0, 1.0), result: 0.0})
now error: 0.0
Block processing time: 0.14742 seconds
Computing Block 10 out of 54
Processing Block size=2
begin cleaner{left: ("[FunctionalDependency:(s: {MeasureCode}, t: {MeasureName})]", 0.0), operator: *, right: (1.0, 1.0), result: 0.0}
列 'p' 不存在，对列 MeasureName 不过滤，直接选择所有非无效值。
clean_bool length:3
newest best op: Uniop(df,'MeasureName','childrenxwhoxreceivedxrelieverxmedicationxwhilexhospitalizedxforxasthma',(['MeasureCode'], {('cac-1',)}),{left: ("[FunctionalDependency:(s: {MeasureCode}, t: {MeasureName})]", 0.0), operator: *, right: (1.0, 1.0), result: 0.0})
now error: 0.0
Block processing time: 0.006946 seconds
Computing Block 11 out of 54
Processing Block size=36
begin cleaner{left: ("[FunctionalDependency:(s: {MeasureCode}, t: {MeasureName})]", 0.0), operator: *, right: (1.0, 1.0), result: 0.0}
列 'p' 不存在，对列 MeasureName 不过滤，直接选择所有非无效值。
clean_bool length:3
newest best op: Uniop(df,'MeasureName','heart failure patients given discharge instructions',(['MeasureCode'], {('hf-1',)}),{left: ("[FunctionalDependency:(s: {MeasureCode}, t: {MeasureName})]", 0.0), operator: *, right: (1.0, 1.0), result: 0.0})
now error: 0.0
Block processing time: 0.087505 seconds
Computing Block 12 out of 54
Processing Block size=2
begin cleaner{left: ("[FunctionalDependency:(s: {MeasureCode}, t: {MeasureName})]", 0.0), operator: *, right: (1.0, 1.0), result: 0.0}
列 'p' 不存在，对列 MeasureName 不过滤，直接选择所有非无效值。
Block processing time: 0.001506 seconds
Computing Block 18 out of 54
Processing Block size=3
begin cleaner{left: ("[FunctionalDependency:(s: {MeasureCode}, t: {MeasureName})]", 0.0), operator: *, right: (1.0, 1.0), result: 0.0}
列 'p' 不存在，对列 MeasureName 不过滤，直接选择所有非无效值。
Block processing time: 0.002159 seconds
Computing Block 19 out of 54
Processing Block size=37
begin cleaner{left: ("[FunctionalDependency:(s: {MeasureCode}, t: {MeasureName})]", 0.0), operator: *, right: (1.0, 1.0), result: 0.0}
列 'p' 不存在，对列 MeasureName 不过滤，直接选择所有非无效值。
clean_bool length:4
newest best op: Uniop(df,'MeasureName','surgery patients needing hair removed from the surgical area before surgery who had hair removed using a safer method (electric clippers or hair removal cream c not a razor)',(['MeasureCode'], {('scip-inf-6',)}),{left: ("[FunctionalDependency:(s: {MeasureCode}, t: {MeasureName})]", 0.0), operator: *, right: (1.0, 1.0), result: 0.0})
now error: 0.0
Block processing time: 0.525878 seconds
Computing Block 21 out of 54
Processing Block size=3
begin cleaner{left: ("[FunctionalDependency:(s: {MeasureCode}, t: {MeasureName})]", 0.0), operator: *, right: (1.0, 1.0), result: 0.0}
列 'p' 不存在，对列 MeasureName 不过滤，直接选择所有非无效值。
Block processing time: 0.002354 seconds
Computing Block 22 out of 54
Processing Block size=38
begin cleaner{left: ("[FunctionalDependency:(s: {MeasureCode}, t: {MeasureName})]", 0.0), operator: *, right: (1.0, 1.0), result: 0.0}
列 'p' 不存在，对列 MeasureName 不过滤，直接选择所有非无效值。
Block processing time: 0.02612 seconds
Computing Block 25 out of 54
Processing Block size=39
begin cleaner{left: ("[FunctionalDependency:(s: {MeasureCode}, t: {MeasureName})]", 0.0), operator: *, right: (1.0, 1.0), result: 0.0}
列 'p' 不存在，对列 MeasureName 不过滤，直接选择所有非无效值。
Block processing time: 0.026772 seconds
Computing Block 27 out of 54
Processing Block size=40
begin cleaner{left: ("[FunctionalDependency:(s: {MeasureCode}, t: {MeasureName})]", 0.0), operator: *, right: (1.0, 1.0), result: 0.0}
列 'p' 不存在，对列 MeasureName 不过滤，直接选择所有非无效值。
clean_bool length:5
newest best op: Uniop(df,'MeasureName','heart faxlure patxents gxven smokxng cessatxon advxce/counselxng',(['MeasureCode'], {('hf-4',)}),{left: ("[FunctionalDependency:(s: {MeasureCode}, t: {MeasureName})]", 0.0), operator: *, right: (1.0, 1.0), result: 0.0})
now error: 0.0
newest best op: Uniop(df,'MeasureName','heart xailure patients given smoking cessation advice/counseling',(['MeasureCode'], {('hf-4',)}),{left: ("[FunctionalDependency:(s: {MeasureCode}, t: {MeasureName})]", 0.0), operator: *, right: (1.0, 1.0), result: 0.0})
now error: 0.0
newest best op: Uniop(df,'MeasureName','heart failure patients given smoking cessation advice/counseling',(['MeasureCode'], {('hf-4',)}),{left: ("[FunctionalDependency:(s: {MeasureCode}, t: {MeasureName})]", 0.0), operator: *, right: (1.0, 1.0), result: 0.0})
now error: 0.0
Block processing time: 0.223941 seconds
Computing Block 28 out of 54
Processing Block size=39
begin cleaner{left: ("[FunctionalDependency:(s: {MeasureCode}, t: {MeasureName})]", 0.0), operator: *, right: (1.0, 1.0), result: 0.0}
列 'p' 不存在，对列 MeasureName 不过滤，直接选择所有非无效值。
clean_bool length:3
newest best op: Uniop(df,'MeasureName','heart attack patients given ace inhibitor or arb for left ventricular systolic dysfunction (lvsd)',(['MeasureCode'], {('ami-3',)}),{left: ("[FunctionalDependency:(s: {MeasureCode}, t: {MeasureName})]", 0.0), operator: *, right: (1.0, 1.0), result: 0.0})
now error: 0.0
Block processing time: 0.148804 seconds
Computing Block 29 out of 54
Processing Block size=40
begin cleaner{left: ("[FunctionalDependency:(s: {MeasureCode}, t: {MeasureName})]", 0.0), operator: *, right: (1.0, 1.0), result: 0.0}
列 'p' 不存在，对列 MeasureName 不过滤，直接选择所有非无效值。
clean_bool length:5
newest best op: Uniop(df,'MeasureName','surgery pxtients who were txking hexrt drugs cxlled betx blockers before coming to the hospitxl who were kept on the betx blockers during the period just before xnd xfter their surgery',(['MeasureCode'], {('scip-card-2',)}),{left: ("[FunctionalDependency:(s: {MeasureCode}, t: {MeasureName})]", 0.0), operator: *, right: (1.0, 1.0), result: 0.0})
now error: 0.0
newest best op: Uniop(df,'MeasureName','surgery patiexts who were takixg heart drugs called beta blockers before comixg to the hospital who were kept ox the beta blockers durixg the period just before axd after their surgery',(['MeasureCode'], {('scip-card-2',)}),{left: ("[FunctionalDependency:(s: {MeasureCode}, t: {MeasureName})]", 0.0), operator: *, right: (1.0, 1.0), result: 0.0})
now error: 0.0
newest best op: Uniop(df,'MeasureName','surgery patients who were taking heart drugs called beta blockers before coming to the hospital who were kept on the beta blockers during the period just before and after their surgery',(['MeasureCode'], {('scip-card-2',)}),{left: ("[FunctionalDependency:(s: {MeasureCode}, t: {MeasureName})]", 0.0), operator: *, right: (1.0, 1.0), result: 0.0})
now error: 0.0
Block processing time: 0.902076 seconds
Computing Block 30 out of 54
Processing Block size=36
begin cleaner{left: ("[FunctionalDependency:(s: {MeasureCode}, t: {MeasureName})]", 0.0), operator: *, right: (1.0, 1.0), result: 0.0}
列 'p' 不存在，对列 MeasureName 不过滤，直接选择所有非无效值。
clean_bool length:5
newest best op: Uniop(df,'MeasureName','all heaxt suxgexy patients whose blood sugax (blood glucose) is kept undex good contxol in the days xight aftex suxgexy',(['MeasureCode'], {('scip-inf-4',)}),{left: ("[FunctionalDependency:(s: {MeasureCode}, t: {MeasureName})]", 0.0), operator: *, right: (1.0, 1.0), result: 0.0})
now error: 0.0
newest best op: Uniop(df,'MeasureName','all heart surgerx patients whose blood sugar (blood glucose) is kept under good control in the daxs right after surgerx',(['MeasureCode'], {('scip-inf-4',)}),{left: ("[FunctionalDependency:(s: {MeasureCode}, t: {MeasureName})]", 0.0), operator: *, right: (1.0, 1.0), result: 0.0})
now error: 0.0
newest best op: Uniop(df,'MeasureName','all heart surgery patients whose blood sugar (blood glucose) is kept under good control in the days right after surgery',(['MeasureCode'], {('scip-inf-4',)}),{left: ("[FunctionalDependency:(s: {MeasureCode}, t: {MeasureName})]", 0.0), operator: *, right: (1.0, 1.0), result: 0.0})
now error: 0.0
Block processing time: 0.408038 seconds
Computing Block 32 out of 54
Processing Block size=39
begin cleaner{left: ("[FunctionalDependency:(s: {MeasureCode}, t: {MeasureName})]", 0.0), operator: *, right: (1.0, 1.0), result: 0.0}
列 'p' 不存在，对列 MeasureName 不过滤，直接选择所有非无效值。
clean_bool length:3
newest best op: Uniop(df,'MeasureName','heaxt failuxe patients given an evaluation of left ventxiculax systolic (lvs) function',(['MeasureCode'], {('hf-2',)}),{left: ("[FunctionalDependency:(s: {MeasureCode}, t: {MeasureName})]", 0.0), operator: *, right: (1.0, 1.0), result: 0.0})
now error: 0.0
newest best op: Uniop(df,'MeasureName','heart failure patients given an evaluation of left ventricular systolic (lvs) function',(['MeasureCode'], {('hf-2',)}),{left: ("[FunctionalDependency:(s: {MeasureCode}, t: {MeasureName})]", 0.0), operator: *, right: (1.0, 1.0), result: 0.0})
now error: 0.0
Block processing time: 0.132483 seconds
Computing Block 34 out of 54
Processing Block size=40
begin cleaner{left: ("[FunctionalDependency:(s: {MeasureCode}, t: {MeasureName})]", 0.0), operator: *, right: (1.0, 1.0), result: 0.0}
列 'p' 不存在，对列 MeasureName 不过滤，直接选择所有非无效值。
Block processing time: 0.029279 seconds
Computing Block 35 out of 54
Processing Block size=38
begin cleaner{left: ("[FunctionalDependency:(s: {MeasureCode}, t: {MeasureName})]", 0.0), operator: *, right: (1.0, 1.0), result: 0.0}
列 'p' 不存在，对列 MeasureName 不过滤，直接选择所有非无效值。
Block processing time: 0.026459 seconds
Computing Block 36 out of 54
Processing Block size=2
begin cleaner{left: ("[FunctionalDependency:(s: {MeasureCode}, t: {MeasureName})]", 0.0), operator: *, right: (1.0, 1.0), result: 0.0}
列 'p' 不存在，对列 MeasureName 不过滤，直接选择所有非无效值。
Block processing time: 0.001531 seconds
Computing Block 38 out of 54
Processing Block size=37
begin cleaner{left: ("[FunctionalDependency:(s: {MeasureCode}, t: {MeasureName})]", 0.0), operator: *, right: (1.0, 1.0), result: 0.0}
列 'p' 不存在，对列 MeasureName 不过滤，直接选择所有非无效值。
Block processing time: 0.025358 seconds
Computing Block 39 out of 54
Processing Block size=39
begin cleaner{left: ("[FunctionalDependency:(s: {MeasureCode}, t: {MeasureName})]", 0.0), operator: *, right: (1.0, 1.0), result: 0.0}
列 'p' 不存在，对列 MeasureName 不过滤，直接选择所有非无效值。
clean_bool length:4
newest best op: Uniop(df,'MeasureName','heart attack patients given aspirin at discharge',(['MeasureCode'], {('ami-2',)}),{left: ("[FunctionalDependency:(s: {MeasureCode}, t: {MeasureName})]", 0.0), operator: *, right: (1.0, 1.0), result: 0.0})
now error: 0.0
Block processing time: 0.13488 seconds
Computing Block 40 out of 54
Processing Block size=40
begin cleaner{left: ("[FunctionalDependency:(s: {MeasureCode}, t: {MeasureName})]", 0.0), operator: *, right: (1.0, 1.0), result: 0.0}
列 'p' 不存在，对列 MeasureName 不过滤，直接选择所有非无效值。
clean_bool length:4
newest best op: Uniop(df,'MeasureName','pneumonxa patxents whose inxtxal emergency room blood culture was performed prxor to the admxnxstratxon of the fxrst hospxtal dose of antxbxotxcs',(['MeasureCode'], {('pn-3b',)}),{left: ("[FunctionalDependency:(s: {MeasureCode}, t: {MeasureName})]", 0.0), operator: *, right: (1.0, 1.0), result: 0.0})
now error: 0.0
newest best op: Uniop(df,'MeasureName','pnxumonia patixnts whosx initial emxrgxncy room blood culturx was pxrformxd prior to thx administration of thx first hospital dosx of antibiotics',(['MeasureCode'], {('pn-3b',)}),{left: ("[FunctionalDependency:(s: {MeasureCode}, t: {MeasureName})]", 0.0), operator: *, right: (1.0, 1.0), result: 0.0})
now error: 0.0
newest best op: Uniop(df,'MeasureName','pneumonia patients whose initial emergency room blood culture was performed prior to the administration of the first hospital dose of antibiotics',(['MeasureCode'], {('pn-3b',)}),{left: ("[FunctionalDependency:(s: {MeasureCode}, t: {MeasureName})]", 0.0), operator: *, right: (1.0, 1.0), result: 0.0})
now error: 0.0
Block processing time: 0.42542 seconds
Computing Block 41 out of 54
Processing Block size=38
begin cleaner{left: ("[FunctionalDependency:(s: {MeasureCode}, t: {MeasureName})]", 0.0), operator: *, right: (1.0, 1.0), result: 0.0}
列 'p' 不存在，对列 MeasureName 不过滤，直接选择所有非无效值。
Block processing time: 0.026037 seconds
Computing Block 43 out of 54
Processing Block size=39
begin cleaner{left: ("[FunctionalDependency:(s: {MeasureCode}, t: {MeasureName})]", 0.0), operator: *, right: (1.0, 1.0), result: 0.0}
列 'p' 不存在，对列 MeasureName 不过滤，直接选择所有非无效值。
Block processing time: 0.02639 seconds
Computing Block 44 out of 54
Processing Block size=39
begin cleaner{left: ("[FunctionalDependency:(s: {MeasureCode}, t: {MeasureName})]", 0.0), operator: *, right: (1.0, 1.0), result: 0.0}
列 'p' 不存在，对列 MeasureName 不过滤，直接选择所有非无效值。
clean_bool length:3
newest best op: Uniop(df,'MeasureName','heaxt attack patients given beta blockex at dischaxge',(['MeasureCode'], {('ami-5',)}),{left: ("[FunctionalDependency:(s: {MeasureCode}, t: {MeasureName})]", 0.0), operator: *, right: (1.0, 1.0), result: 0.0})
now error: 0.0
newest best op: Uniop(df,'MeasureName','heart attack patients given beta blocker at discharge',(['MeasureCode'], {('ami-5',)}),{left: ("[FunctionalDependency:(s: {MeasureCode}, t: {MeasureName})]", 0.0), operator: *, right: (1.0, 1.0), result: 0.0})
now error: 0.0
Block processing time: 0.097322 seconds
Computing Block 45 out of 54
Processing Block size=41
begin cleaner{left: ("[FunctionalDependency:(s: {MeasureCode}, t: {MeasureName})]", 0.0), operator: *, right: (1.0, 1.0), result: 0.0}
列 'p' 不存在，对列 MeasureName 不过滤，直接选择所有非无效值。
clean_bool length:4
newest best op: Uniop(df,'MeasureName','heart failure patients given ace inhibitor or arb for left ventricular systolic dysfunction (lvsd)',(['MeasureCode'], {('hf-3',)}),{left: ("[FunctionalDependency:(s: {MeasureCode}, t: {MeasureName})]", 0.0), operator: *, right: (1.0, 1.0), result: 0.0})
now error: 0.0
Block processing time: 0.256703 seconds
Computing Block 46 out of 54
Processing Block size=2
begin cleaner{left: ("[FunctionalDependency:(s: {MeasureCode}, t: {MeasureName})]", 0.0), operator: *, right: (1.0, 1.0), result: 0.0}
列 'p' 不存在，对列 MeasureName 不过滤，直接选择所有非无效值。
Block processing time: 0.001624 seconds
Computing Block 47 out of 54
Processing Block size=38
begin cleaner{left: ("[FunctionalDependency:(s: {MeasureCode}, t: {MeasureName})]", 0.0), operator: *, right: (1.0, 1.0), result: 0.0}
列 'p' 不存在，对列 MeasureName 不过滤，直接选择所有非无效值。
clean_bool length:7
newest best op: Uniop(df,'MeasureName','heart attack patxents gxven aspxrxn at arrxval',(['MeasureCode'], {('ami-1',)}),{left: ("[FunctionalDependency:(s: {MeasureCode}, t: {MeasureName})]", 0.0), operator: *, right: (1.0, 1.0), result: 0.0})
now error: 0.0
newest best op: Uniop(df,'MeasureName','xeart attack patients given aspirin at arrival',(['MeasureCode'], {('ami-1',)}),{left: ("[FunctionalDependency:(s: {MeasureCode}, t: {MeasureName})]", 0.0), operator: *, right: (1.0, 1.0), result: 0.0})
now error: 0.0
newest best op: Uniop(df,'MeasureName','heart attack patients given aspirin at arrival',(['MeasureCode'], {('ami-1',)}),{left: ("[FunctionalDependency:(s: {MeasureCode}, t: {MeasureName})]", 0.0), operator: *, right: (1.0, 1.0), result: 0.0})
now error: 0.0
Block processing time: 0.246678 seconds
Computing Block 49 out of 54
Processing Block size=40
begin cleaner{left: ("[FunctionalDependency:(s: {MeasureCode}, t: {MeasureName})]", 0.0), operator: *, right: (1.0, 1.0), result: 0.0}
列 'p' 不存在，对列 MeasureName 不过滤，直接选择所有非无效值。
clean_bool length:6
newest best op: Uniop(df,'MeasureName','pneumoniaxpatientsxassessedxandxgivenxinfluenzaxvaccination',(['MeasureCode'], {('pn-7',)}),{left: ("[FunctionalDependency:(s: {MeasureCode}, t: {MeasureName})]", 0.0), operator: *, right: (1.0, 1.0), result: 0.0})
now error: 0.0
newest best op: Uniop(df,'MeasureName','pneumonia patients assessed and given influenza vaxxination',(['MeasureCode'], {('pn-7',)}),{left: ("[FunctionalDependency:(s: {MeasureCode}, t: {MeasureName})]", 0.0), operator: *, right: (1.0, 1.0), result: 0.0})
now error: 0.0
newest best op: Uniop(df,'MeasureName','pneumonia patients assessed and given influenza vaccination',(['MeasureCode'], {('pn-7',)}),{left: ("[FunctionalDependency:(s: {MeasureCode}, t: {MeasureName})]", 0.0), operator: *, right: (1.0, 1.0), result: 0.0})
now error: 0.0
Block processing time: 0.263441 seconds
Computing Block 51 out of 54
Processing Block size=38
begin cleaner{left: ("[FunctionalDependency:(s: {MeasureCode}, t: {MeasureName})]", 0.0), operator: *, right: (1.0, 1.0), result: 0.0}
列 'p' 不存在，对列 MeasureName 不过滤，直接选择所有非无效值。
clean_bool length:4
newest best op: Uniop(df,'MeasureName','pneumonix pxtients given initixl antibiotic(s) within 6 hours after arrivxl',(['MeasureCode'], {('pn-5c',)}),{left: ("[FunctionalDependency:(s: {MeasureCode}, t: {MeasureName})]", 0.0), operator: *, right: (1.0, 1.0), result: 0.0})
now error: 0.0
newest best op: Uniop(df,'MeasureName','pneumonia patients given initial antibiotic(s) within 6 hours after arrival',(['MeasureCode'], {('pn-5c',)}),{left: ("[FunctionalDependency:(s: {MeasureCode}, t: {MeasureName})]", 0.0), operator: *, right: (1.0, 1.0), result: 0.0})
now error: 0.0
Block processing time: 0.180528 seconds
Computing Block 53 out of 54
Processing Block size=38
begin cleaner{left: ("[FunctionalDependency:(s: {MeasureCode}, t: {MeasureName})]", 0.0), operator: *, right: (1.0, 1.0), result: 0.0}
列 'p' 不存在，对列 MeasureName 不过滤，直接选择所有非无效值。
Block processing time: 0.025981 seconds
  当前节点: MeasureName 有 18 个清洗操作
  当前节点: Stateavg 存在可用清洗信号
数据块大小: 1000
分块属性:
[['MeasureCode']]
Starting initial block mapping...
Initial number of blocks: 54
Final number of blocks after further splitting: 54
Computing Block 1 out of 54
Processing Block size=39
begin cleaner[FunctionalDependency:(s: {'MeasureCode'}, t: {'Stateavg'})]*1.0
列 'p' 不存在，对列 Stateavg 不过滤，直接选择所有非无效值。
clean_bool length:3
newest best op: Uniop(df,'Stateavg','al_amix8a',(['MeasureCode'], {('ami-8a',)}),{left: ("[FunctionalDependency:(s: {MeasureCode}, t: {Stateavg})]", 0.0), operator: *, right: (1.0, 1.0), result: 0.0})
now error: 0.0
newest best op: Uniop(df,'Stateavg','al_ami-8a',(['MeasureCode'], {('ami-8a',)}),{left: ("[FunctionalDependency:(s: {MeasureCode}, t: {Stateavg})]", 0.0), operator: *, right: (1.0, 1.0), result: 0.0})
now error: 0.0
Block processing time: 0.076352 seconds
Computing Block 2 out of 54
Processing Block size=39
begin cleaner{left: ("[FunctionalDependency:(s: {MeasureCode}, t: {Stateavg})]", 0.0), operator: *, right: (1.0, 1.0), result: 0.0}
列 'p' 不存在，对列 Stateavg 不过滤，直接选择所有非无效值。
clean_bool length:4
newest best op: Uniop(df,'Stateavg','ak_pn-6',(['MeasureCode'], {('pn-6',)}),{left: ("[FunctionalDependency:(s: {MeasureCode}, t: {Stateavg})]", 0.0), operator: *, right: (1.0, 1.0), result: 0.0})
now error: 0.0
newest best op: Uniop(df,'Stateavg','al_pn-6',(['MeasureCode'], {('pn-6',)}),{left: ("[FunctionalDependency:(s: {MeasureCode}, t: {Stateavg})]", 0.0), operator: *, right: (1.0, 1.0), result: 0.0})
now error: 0.0
Block processing time: 0.100546 seconds
Computing Block 3 out of 54
Processing Block size=36
begin cleaner{left: ("[FunctionalDependency:(s: {MeasureCode}, t: {Stateavg})]", 0.0), operator: *, right: (1.0, 1.0), result: 0.0}
列 'p' 不存在，对列 Stateavg 不过滤，直接选择所有非无效值。
clean_bool length:5
newest best op: Uniop(df,'Stateavg','ak_scip-vte-1',(['MeasureCode'], {('scip-vte-1',)}),{left: ("[FunctionalDependency:(s: {MeasureCode}, t: {Stateavg})]", 0.0), operator: *, right: (1.0, 1.0), result: 0.0})
now error: 0.0
newest best op: Uniop(df,'Stateavg','al_scix-vte-1',(['MeasureCode'], {('scip-vte-1',)}),{left: ("[FunctionalDependency:(s: {MeasureCode}, t: {Stateavg})]", 0.0), operator: *, right: (1.0, 1.0), result: 0.0})
now error: 0.0
newest best op: Uniop(df,'Stateavg','al_scip-vte-1',(['MeasureCode'], {('scip-vte-1',)}),{left: ("[FunctionalDependency:(s: {MeasureCode}, t: {Stateavg})]", 0.0), operator: *, right: (1.0, 1.0), result: 0.0})
now error: 0.0
Block processing time: 0.120573 seconds
Computing Block 10 out of 54
Processing Block size=2
begin cleaner{left: ("[FunctionalDependency:(s: {MeasureCode}, t: {Stateavg})]", 0.0), operator: *, right: (1.0, 1.0), result: 0.0}
列 'p' 不存在，对列 Stateavg 不过滤，直接选择所有非无效值。
Block processing time: 0.00152 seconds
Computing Block 11 out of 54
Processing Block size=36
begin cleaner{left: ("[FunctionalDependency:(s: {MeasureCode}, t: {Stateavg})]", 0.0), operator: *, right: (1.0, 1.0), result: 0.0}
列 'p' 不存在，对列 Stateavg 不过滤，直接选择所有非无效值。
clean_bool length:3
newest best op: Uniop(df,'Stateavg','ak_hf-1',(['MeasureCode'], {('hf-1',)}),{left: ("[FunctionalDependency:(s: {MeasureCode}, t: {Stateavg})]", 0.0), operator: *, right: (1.0, 1.0), result: 0.0})
now error: 0.0
newest best op: Uniop(df,'Stateavg','al_hf-1',(['MeasureCode'], {('hf-1',)}),{left: ("[FunctionalDependency:(s: {MeasureCode}, t: {Stateavg})]", 0.0), operator: *, right: (1.0, 1.0), result: 0.0})
now error: 0.0
Block processing time: 0.06932 seconds
Computing Block 12 out of 54
Processing Block size=2
begin cleaner{left: ("[FunctionalDependency:(s: {MeasureCode}, t: {Stateavg})]", 0.0), operator: *, right: (1.0, 1.0), result: 0.0}
列 'p' 不存在，对列 Stateavg 不过滤，直接选择所有非无效值。
Block processing time: 0.001511 seconds
Computing Block 18 out of 54
Processing Block size=3
begin cleaner{left: ("[FunctionalDependency:(s: {MeasureCode}, t: {Stateavg})]", 0.0), operator: *, right: (1.0, 1.0), result: 0.0}
列 'p' 不存在，对列 Stateavg 不过滤，直接选择所有非无效值。
Block processing time: 0.002176 seconds
Computing Block 19 out of 54
Processing Block size=37
begin cleaner{left: ("[FunctionalDependency:(s: {MeasureCode}, t: {Stateavg})]", 0.0), operator: *, right: (1.0, 1.0), result: 0.0}
列 'p' 不存在，对列 Stateavg 不过滤，直接选择所有非无效值。
clean_bool length:3
newest best op: Uniop(df,'Stateavg','al_scip-inf-6',(['MeasureCode'], {('scip-inf-6',)}),{left: ("[FunctionalDependency:(s: {MeasureCode}, t: {Stateavg})]", 0.0), operator: *, right: (1.0, 1.0), result: 0.0})
now error: 0.0
Block processing time: 0.073126 seconds
Computing Block 21 out of 54
Processing Block size=3
begin cleaner{left: ("[FunctionalDependency:(s: {MeasureCode}, t: {Stateavg})]", 0.0), operator: *, right: (1.0, 1.0), result: 0.0}
列 'p' 不存在，对列 Stateavg 不过滤，直接选择所有非无效值。
Block processing time: 0.002266 seconds
Computing Block 22 out of 54
Processing Block size=38
begin cleaner{left: ("[FunctionalDependency:(s: {MeasureCode}, t: {Stateavg})]", 0.0), operator: *, right: (1.0, 1.0), result: 0.0}
列 'p' 不存在，对列 Stateavg 不过滤，直接选择所有非无效值。
Block processing time: 0.025774 seconds
Computing Block 25 out of 54
Processing Block size=39
begin cleaner{left: ("[FunctionalDependency:(s: {MeasureCode}, t: {Stateavg})]", 0.0), operator: *, right: (1.0, 1.0), result: 0.0}
列 'p' 不存在，对列 Stateavg 不过滤，直接选择所有非无效值。
clean_bool length:4
newest best op: Uniop(df,'Stateavg','al_ami-7a',(['MeasureCode'], {('ami-7a',)}),{left: ("[FunctionalDependency:(s: {MeasureCode}, t: {Stateavg})]", 0.0), operator: *, right: (1.0, 1.0), result: 0.0})
now error: 0.0
Block processing time: 0.101409 seconds
Computing Block 27 out of 54
Processing Block size=40
begin cleaner{left: ("[FunctionalDependency:(s: {MeasureCode}, t: {Stateavg})]", 0.0), operator: *, right: (1.0, 1.0), result: 0.0}
列 'p' 不存在，对列 Stateavg 不过滤，直接选择所有非无效值。
clean_bool length:4
newest best op: Uniop(df,'Stateavg','al_hf-x',(['MeasureCode'], {('hf-4',)}),{left: ("[FunctionalDependency:(s: {MeasureCode}, t: {Stateavg})]", 0.0), operator: *, right: (1.0, 1.0), result: 0.0})
now error: 0.0
newest best op: Uniop(df,'Stateavg','al_hf-4',(['MeasureCode'], {('hf-4',)}),{left: ("[FunctionalDependency:(s: {MeasureCode}, t: {Stateavg})]", 0.0), operator: *, right: (1.0, 1.0), result: 0.0})
now error: 0.0
Block processing time: 0.1032 seconds
Computing Block 28 out of 54
Processing Block size=39
begin cleaner{left: ("[FunctionalDependency:(s: {MeasureCode}, t: {Stateavg})]", 0.0), operator: *, right: (1.0, 1.0), result: 0.0}
列 'p' 不存在，对列 Stateavg 不过滤，直接选择所有非无效值。
Block processing time: 0.026436 seconds
Computing Block 29 out of 54
Processing Block size=40
begin cleaner{left: ("[FunctionalDependency:(s: {MeasureCode}, t: {Stateavg})]", 0.0), operator: *, right: (1.0, 1.0), result: 0.0}
列 'p' 不存在，对列 Stateavg 不过滤，直接选择所有非无效值。
clean_bool length:3
newest best op: Uniop(df,'Stateavg','al_scip-card-2',(['MeasureCode'], {('scip-card-2',)}),{left: ("[FunctionalDependency:(s: {MeasureCode}, t: {Stateavg})]", 0.0), operator: *, right: (1.0, 1.0), result: 0.0})
now error: 0.0
Block processing time: 0.078763 seconds
Computing Block 30 out of 54
Processing Block size=36
begin cleaner{left: ("[FunctionalDependency:(s: {MeasureCode}, t: {Stateavg})]", 0.0), operator: *, right: (1.0, 1.0), result: 0.0}
列 'p' 不存在，对列 Stateavg 不过滤，直接选择所有非无效值。
clean_bool length:3
newest best op: Uniop(df,'Stateavg','ak_scip-inf-4',(['MeasureCode'], {('scip-inf-4',)}),{left: ("[FunctionalDependency:(s: {MeasureCode}, t: {Stateavg})]", 0.0), operator: *, right: (1.0, 1.0), result: 0.0})
now error: 0.0
newest best op: Uniop(df,'Stateavg','al_scip-inf-4',(['MeasureCode'], {('scip-inf-4',)}),{left: ("[FunctionalDependency:(s: {MeasureCode}, t: {Stateavg})]", 0.0), operator: *, right: (1.0, 1.0), result: 0.0})
now error: 0.0
Block processing time: 0.074656 seconds
Computing Block 32 out of 54
Processing Block size=39
begin cleaner{left: ("[FunctionalDependency:(s: {MeasureCode}, t: {Stateavg})]", 0.0), operator: *, right: (1.0, 1.0), result: 0.0}
列 'p' 不存在，对列 Stateavg 不过滤，直接选择所有非无效值。
clean_bool length:4
newest best op: Uniop(df,'Stateavg','ak_hf-2',(['MeasureCode'], {('hf-2',)}),{left: ("[FunctionalDependency:(s: {MeasureCode}, t: {Stateavg})]", 0.0), operator: *, right: (1.0, 1.0), result: 0.0})
now error: 0.0
newest best op: Uniop(df,'Stateavg','al_hf-2',(['MeasureCode'], {('hf-2',)}),{left: ("[FunctionalDependency:(s: {MeasureCode}, t: {Stateavg})]", 0.0), operator: *, right: (1.0, 1.0), result: 0.0})
now error: 0.0
Block processing time: 0.09988 seconds
Computing Block 34 out of 54
Processing Block size=40
begin cleaner{left: ("[FunctionalDependency:(s: {MeasureCode}, t: {Stateavg})]", 0.0), operator: *, right: (1.0, 1.0), result: 0.0}
列 'p' 不存在，对列 Stateavg 不过滤，直接选择所有非无效值。
clean_bool length:5
newest best op: Uniop(df,'Stateavg','ax_pn-2',(['MeasureCode'], {('pn-2',)}),{left: ("[FunctionalDependency:(s: {MeasureCode}, t: {Stateavg})]", 0.0), operator: *, right: (1.0, 1.0), result: 0.0})
now error: 0.0
newest best op: Uniop(df,'Stateavg','al_pn-2',(['MeasureCode'], {('pn-2',)}),{left: ("[FunctionalDependency:(s: {MeasureCode}, t: {Stateavg})]", 0.0), operator: *, right: (1.0, 1.0), result: 0.0})
now error: 0.0
Block processing time: 0.128721 seconds
Computing Block 35 out of 54
Processing Block size=38
begin cleaner{left: ("[FunctionalDependency:(s: {MeasureCode}, t: {Stateavg})]", 0.0), operator: *, right: (1.0, 1.0), result: 0.0}
列 'p' 不存在，对列 Stateavg 不过滤，直接选择所有非无效值。
clean_bool length:6
newest best op: Uniop(df,'Stateavg','al_scip-inf-2',(['MeasureCode'], {('scip-inf-2',)}),{left: ("[FunctionalDependency:(s: {MeasureCode}, t: {Stateavg})]", 0.0), operator: *, right: (1.0, 1.0), result: 0.0})
now error: 0.0
Block processing time: 0.15075 seconds
Computing Block 36 out of 54
Processing Block size=2
begin cleaner{left: ("[FunctionalDependency:(s: {MeasureCode}, t: {Stateavg})]", 0.0), operator: *, right: (1.0, 1.0), result: 0.0}
列 'p' 不存在，对列 Stateavg 不过滤，直接选择所有非无效值。
Block processing time: 0.001535 seconds
Computing Block 38 out of 54
Processing Block size=37
begin cleaner{left: ("[FunctionalDependency:(s: {MeasureCode}, t: {Stateavg})]", 0.0), operator: *, right: (1.0, 1.0), result: 0.0}
列 'p' 不存在，对列 Stateavg 不过滤，直接选择所有非无效值。
clean_bool length:3
newest best op: Uniop(df,'Stateavg','al_scip-inf-3',(['MeasureCode'], {('scip-inf-3',)}),{left: ("[FunctionalDependency:(s: {MeasureCode}, t: {Stateavg})]", 0.0), operator: *, right: (1.0, 1.0), result: 0.0})
now error: 0.0
Block processing time: 0.072339 seconds
Computing Block 39 out of 54
Processing Block size=39
begin cleaner{left: ("[FunctionalDependency:(s: {MeasureCode}, t: {Stateavg})]", 0.0), operator: *, right: (1.0, 1.0), result: 0.0}
列 'p' 不存在，对列 Stateavg 不过滤，直接选择所有非无效值。
clean_bool length:4
newest best op: Uniop(df,'Stateavg','al_ami-2',(['MeasureCode'], {('ami-2',)}),{left: ("[FunctionalDependency:(s: {MeasureCode}, t: {Stateavg})]", 0.0), operator: *, right: (1.0, 1.0), result: 0.0})
now error: 0.0
Block processing time: 0.104118 seconds
Computing Block 40 out of 54
Processing Block size=40
begin cleaner{left: ("[FunctionalDependency:(s: {MeasureCode}, t: {Stateavg})]", 0.0), operator: *, right: (1.0, 1.0), result: 0.0}
列 'p' 不存在，对列 Stateavg 不过滤，直接选择所有非无效值。
clean_bool length:5
newest best op: Uniop(df,'Stateavg','al_pn-xb',(['MeasureCode'], {('pn-3b',)}),{left: ("[FunctionalDependency:(s: {MeasureCode}, t: {Stateavg})]", 0.0), operator: *, right: (1.0, 1.0), result: 0.0})
now error: 0.0
newest best op: Uniop(df,'Stateavg','al_pn-3b',(['MeasureCode'], {('pn-3b',)}),{left: ("[FunctionalDependency:(s: {MeasureCode}, t: {Stateavg})]", 0.0), operator: *, right: (1.0, 1.0), result: 0.0})
now error: 0.0
Block processing time: 0.12888 seconds
Computing Block 41 out of 54
Processing Block size=38
begin cleaner{left: ("[FunctionalDependency:(s: {MeasureCode}, t: {Stateavg})]", 0.0), operator: *, right: (1.0, 1.0), result: 0.0}
列 'p' 不存在，对列 Stateavg 不过滤，直接选择所有非无效值。
clean_bool length:3
newest best op: Uniop(df,'Stateavg','al_pn-4',(['MeasureCode'], {('pn-4',)}),{left: ("[FunctionalDependency:(s: {MeasureCode}, t: {Stateavg})]", 0.0), operator: *, right: (1.0, 1.0), result: 0.0})
now error: 0.0
Block processing time: 0.074691 seconds
Computing Block 43 out of 54
Processing Block size=39
begin cleaner{left: ("[FunctionalDependency:(s: {MeasureCode}, t: {Stateavg})]", 0.0), operator: *, right: (1.0, 1.0), result: 0.0}
列 'p' 不存在，对列 Stateavg 不过滤，直接选择所有非无效值。
clean_bool length:5
newest best op: Uniop(df,'Stateavg','al_scix-vte-2',(['MeasureCode'], {('scip-vte-2',)}),{left: ("[FunctionalDependency:(s: {MeasureCode}, t: {Stateavg})]", 0.0), operator: *, right: (1.0, 1.0), result: 0.0})
now error: 0.0
newest best op: Uniop(df,'Stateavg','al_scip-vte-2',(['MeasureCode'], {('scip-vte-2',)}),{left: ("[FunctionalDependency:(s: {MeasureCode}, t: {Stateavg})]", 0.0), operator: *, right: (1.0, 1.0), result: 0.0})
now error: 0.0
Block processing time: 0.127719 seconds
Computing Block 44 out of 54
Processing Block size=39
begin cleaner{left: ("[FunctionalDependency:(s: {MeasureCode}, t: {Stateavg})]", 0.0), operator: *, right: (1.0, 1.0), result: 0.0}
列 'p' 不存在，对列 Stateavg 不过滤，直接选择所有非无效值。
clean_bool length:3
newest best op: Uniop(df,'Stateavg','xl_xmi-5',(['MeasureCode'], {('ami-5',)}),{left: ("[FunctionalDependency:(s: {MeasureCode}, t: {Stateavg})]", 0.0), operator: *, right: (1.0, 1.0), result: 0.0})
now error: 0.0
newest best op: Uniop(df,'Stateavg','al_ami-5',(['MeasureCode'], {('ami-5',)}),{left: ("[FunctionalDependency:(s: {MeasureCode}, t: {Stateavg})]", 0.0), operator: *, right: (1.0, 1.0), result: 0.0})
now error: 0.0
Block processing time: 0.075663 seconds
Computing Block 45 out of 54
Processing Block size=41
begin cleaner{left: ("[FunctionalDependency:(s: {MeasureCode}, t: {Stateavg})]", 0.0), operator: *, right: (1.0, 1.0), result: 0.0}
列 'p' 不存在，对列 Stateavg 不过滤，直接选择所有非无效值。
clean_bool length:3
newest best op: Uniop(df,'Stateavg','al_hf-3',(['MeasureCode'], {('hf-3',)}),{left: ("[FunctionalDependency:(s: {MeasureCode}, t: {Stateavg})]", 0.0), operator: *, right: (1.0, 1.0), result: 0.0})
now error: 0.0
Block processing time: 0.079002 seconds
Computing Block 46 out of 54
Processing Block size=2
begin cleaner{left: ("[FunctionalDependency:(s: {MeasureCode}, t: {Stateavg})]", 0.0), operator: *, right: (1.0, 1.0), result: 0.0}
列 'p' 不存在，对列 Stateavg 不过滤，直接选择所有非无效值。
Block processing time: 0.001501 seconds
Computing Block 47 out of 54
Processing Block size=38
begin cleaner{left: ("[FunctionalDependency:(s: {MeasureCode}, t: {Stateavg})]", 0.0), operator: *, right: (1.0, 1.0), result: 0.0}
列 'p' 不存在，对列 Stateavg 不过滤，直接选择所有非无效值。
clean_bool length:7
newest best op: Uniop(df,'Stateavg','ak_ami-1',(['MeasureCode'], {('ami-1',)}),{left: ("[FunctionalDependency:(s: {MeasureCode}, t: {Stateavg})]", 0.0), operator: *, right: (1.0, 1.0), result: 0.0})
now error: 0.0
newest best op: Uniop(df,'Stateavg','al_ami-1',(['MeasureCode'], {('ami-1',)}),{left: ("[FunctionalDependency:(s: {MeasureCode}, t: {Stateavg})]", 0.0), operator: *, right: (1.0, 1.0), result: 0.0})
now error: 0.0
Block processing time: 0.182917 seconds
Computing Block 49 out of 54
Processing Block size=40
begin cleaner{left: ("[FunctionalDependency:(s: {MeasureCode}, t: {Stateavg})]", 0.0), operator: *, right: (1.0, 1.0), result: 0.0}
列 'p' 不存在，对列 Stateavg 不过滤，直接选择所有非无效值。
clean_bool length:4
newest best op: Uniop(df,'Stateavg','ak_pn-7',(['MeasureCode'], {('pn-7',)}),{left: ("[FunctionalDependency:(s: {MeasureCode}, t: {Stateavg})]", 0.0), operator: *, right: (1.0, 1.0), result: 0.0})
now error: 0.0
newest best op: Uniop(df,'Stateavg','al_pn-7',(['MeasureCode'], {('pn-7',)}),{left: ("[FunctionalDependency:(s: {MeasureCode}, t: {Stateavg})]", 0.0), operator: *, right: (1.0, 1.0), result: 0.0})
now error: 0.0
Block processing time: 0.103982 seconds
Computing Block 51 out of 54
Processing Block size=38
begin cleaner{left: ("[FunctionalDependency:(s: {MeasureCode}, t: {Stateavg})]", 0.0), operator: *, right: (1.0, 1.0), result: 0.0}
列 'p' 不存在，对列 Stateavg 不过滤，直接选择所有非无效值。
clean_bool length:4
newest best op: Uniop(df,'Stateavg','al_pn-5c',(['MeasureCode'], {('pn-5c',)}),{left: ("[FunctionalDependency:(s: {MeasureCode}, t: {Stateavg})]", 0.0), operator: *, right: (1.0, 1.0), result: 0.0})
now error: 0.0
Block processing time: 0.097984 seconds
Computing Block 53 out of 54
Processing Block size=38
begin cleaner{left: ("[FunctionalDependency:(s: {MeasureCode}, t: {Stateavg})]", 0.0), operator: *, right: (1.0, 1.0), result: 0.0}
列 'p' 不存在，对列 Stateavg 不过滤，直接选择所有非无效值。
clean_bool length:3
newest best op: Uniop(df,'Stateavg','al_scip-inf-1',(['MeasureCode'], {('scip-inf-1',)}),{left: ("[FunctionalDependency:(s: {MeasureCode}, t: {Stateavg})]", 0.0), operator: *, right: (1.0, 1.0), result: 0.0})
now error: 0.0
Block processing time: 0.07431 seconds
  当前节点: Stateavg 有 23 个清洗操作
  当前节点: Condition 存在可用清洗信号
数据块大小: 1000
分块属性:
[['MeasureCode']]
Starting initial block mapping...
Initial number of blocks: 54
Final number of blocks after further splitting: 54
Computing Block 1 out of 54
Processing Block size=39
begin cleaner[FunctionalDependency:(s: {'MeasureCode'}, t: {'Condition'})]*1.0
列 'p' 不存在，对列 Condition 不过滤，直接选择所有非无效值。
clean_bool length:3
newest best op: Uniop(df,'Condition','heart attack',(['MeasureCode'], {('ami-8a',)}),{left: ("[FunctionalDependency:(s: {MeasureCode}, t: {Condition})]", 0.0), operator: *, right: (1.0, 1.0), result: 0.0})
now error: 0.0
Block processing time: 0.076353 seconds
Computing Block 2 out of 54
Processing Block size=39
begin cleaner{left: ("[FunctionalDependency:(s: {MeasureCode}, t: {Condition})]", 0.0), operator: *, right: (1.0, 1.0), result: 0.0}
列 'p' 不存在，对列 Condition 不过滤，直接选择所有非无效值。
clean_bool length:5
newest best op: Uniop(df,'Condition','pneumonia',(['MeasureCode'], {('pn-6',)}),{left: ("[FunctionalDependency:(s: {MeasureCode}, t: {Condition})]", 0.0), operator: *, right: (1.0, 1.0), result: 0.0})
now error: 0.0
Block processing time: 0.129834 seconds
Computing Block 3 out of 54
Processing Block size=36
begin cleaner{left: ("[FunctionalDependency:(s: {MeasureCode}, t: {Condition})]", 0.0), operator: *, right: (1.0, 1.0), result: 0.0}
列 'p' 不存在，对列 Condition 不过滤，直接选择所有非无效值。
Block processing time: 0.025237 seconds
Computing Block 10 out of 54
Processing Block size=2
begin cleaner{left: ("[FunctionalDependency:(s: {MeasureCode}, t: {Condition})]", 0.0), operator: *, right: (1.0, 1.0), result: 0.0}
列 'p' 不存在，对列 Condition 不过滤，直接选择所有非无效值。
Block processing time: 0.00154 seconds
Computing Block 11 out of 54
Processing Block size=36
begin cleaner{left: ("[FunctionalDependency:(s: {MeasureCode}, t: {Condition})]", 0.0), operator: *, right: (1.0, 1.0), result: 0.0}
列 'p' 不存在，对列 Condition 不过滤，直接选择所有非无效值。
clean_bool length:4
newest best op: Uniop(df,'Condition','hexrt fxilure',(['MeasureCode'], {('hf-1',)}),{left: ("[FunctionalDependency:(s: {MeasureCode}, t: {Condition})]", 0.0), operator: *, right: (1.0, 1.0), result: 0.0})
now error: 0.0
newest best op: Uniop(df,'Condition','heart failure',(['MeasureCode'], {('hf-1',)}),{left: ("[FunctionalDependency:(s: {MeasureCode}, t: {Condition})]", 0.0), operator: *, right: (1.0, 1.0), result: 0.0})
now error: 0.0
Block processing time: 0.09474 seconds
Computing Block 12 out of 54
Processing Block size=2
begin cleaner{left: ("[FunctionalDependency:(s: {MeasureCode}, t: {Condition})]", 0.0), operator: *, right: (1.0, 1.0), result: 0.0}
列 'p' 不存在，对列 Condition 不过滤，直接选择所有非无效值。
Block processing time: 0.001538 seconds
Computing Block 18 out of 54
Processing Block size=3
begin cleaner{left: ("[FunctionalDependency:(s: {MeasureCode}, t: {Condition})]", 0.0), operator: *, right: (1.0, 1.0), result: 0.0}
列 'p' 不存在，对列 Condition 不过滤，直接选择所有非无效值。
Block processing time: 0.002313 seconds
Computing Block 19 out of 54
Processing Block size=37
begin cleaner{left: ("[FunctionalDependency:(s: {MeasureCode}, t: {Condition})]", 0.0), operator: *, right: (1.0, 1.0), result: 0.0}
列 'p' 不存在，对列 Condition 不过滤，直接选择所有非无效值。
Block processing time: 0.025991 seconds
Computing Block 21 out of 54
Processing Block size=3
begin cleaner{left: ("[FunctionalDependency:(s: {MeasureCode}, t: {Condition})]", 0.0), operator: *, right: (1.0, 1.0), result: 0.0}
列 'p' 不存在，对列 Condition 不过滤，直接选择所有非无效值。
Block processing time: 0.00219 seconds
Computing Block 22 out of 54
Processing Block size=38
begin cleaner{left: ("[FunctionalDependency:(s: {MeasureCode}, t: {Condition})]", 0.0), operator: *, right: (1.0, 1.0), result: 0.0}
列 'p' 不存在，对列 Condition 不过滤，直接选择所有非无效值。
clean_bool length:4
newest best op: Uniop(df,'Condition','heart attack',(['MeasureCode'], {('ami-4',)}),{left: ("[FunctionalDependency:(s: {MeasureCode}, t: {Condition})]", 0.0), operator: *, right: (1.0, 1.0), result: 0.0})
now error: 0.0
Block processing time: 0.099864 seconds
Computing Block 25 out of 54
Processing Block size=39
begin cleaner{left: ("[FunctionalDependency:(s: {MeasureCode}, t: {Condition})]", 0.0), operator: *, right: (1.0, 1.0), result: 0.0}
列 'p' 不存在，对列 Condition 不过滤，直接选择所有非无效值。
clean_bool length:3
newest best op: Uniop(df,'Condition','heart attack',(['MeasureCode'], {('ami-7a',)}),{left: ("[FunctionalDependency:(s: {MeasureCode}, t: {Condition})]", 0.0), operator: *, right: (1.0, 1.0), result: 0.0})
now error: 0.0
Block processing time: 0.076906 seconds
Computing Block 27 out of 54
Processing Block size=40
begin cleaner{left: ("[FunctionalDependency:(s: {MeasureCode}, t: {Condition})]", 0.0), operator: *, right: (1.0, 1.0), result: 0.0}
列 'p' 不存在，对列 Condition 不过滤，直接选择所有非无效值。
clean_bool length:4
newest best op: Uniop(df,'Condition','xeart failure',(['MeasureCode'], {('hf-4',)}),{left: ("[FunctionalDependency:(s: {MeasureCode}, t: {Condition})]", 0.0), operator: *, right: (1.0, 1.0), result: 0.0})
now error: 0.0
newest best op: Uniop(df,'Condition','heart failure',(['MeasureCode'], {('hf-4',)}),{left: ("[FunctionalDependency:(s: {MeasureCode}, t: {Condition})]", 0.0), operator: *, right: (1.0, 1.0), result: 0.0})
now error: 0.0
Block processing time: 0.105172 seconds
Computing Block 28 out of 54
Processing Block size=39
begin cleaner{left: ("[FunctionalDependency:(s: {MeasureCode}, t: {Condition})]", 0.0), operator: *, right: (1.0, 1.0), result: 0.0}
列 'p' 不存在，对列 Condition 不过滤，直接选择所有非无效值。
clean_bool length:3
newest best op: Uniop(df,'Condition','heart attack',(['MeasureCode'], {('ami-3',)}),{left: ("[FunctionalDependency:(s: {MeasureCode}, t: {Condition})]", 0.0), operator: *, right: (1.0, 1.0), result: 0.0})
now error: 0.0
Block processing time: 0.07694 seconds
Computing Block 29 out of 54
Processing Block size=40
begin cleaner{left: ("[FunctionalDependency:(s: {MeasureCode}, t: {Condition})]", 0.0), operator: *, right: (1.0, 1.0), result: 0.0}
列 'p' 不存在，对列 Condition 不过滤，直接选择所有非无效值。
clean_bool length:4
newest best op: Uniop(df,'Condition','suxgical infection pxevention',(['MeasureCode'], {('scip-card-2',)}),{left: ("[FunctionalDependency:(s: {MeasureCode}, t: {Condition})]", 0.0), operator: *, right: (1.0, 1.0), result: 0.0})
now error: 0.0
newest best op: Uniop(df,'Condition','surgical infection prevention',(['MeasureCode'], {('scip-card-2',)}),{left: ("[FunctionalDependency:(s: {MeasureCode}, t: {Condition})]", 0.0), operator: *, right: (1.0, 1.0), result: 0.0})
now error: 0.0
Block processing time: 0.116199 seconds
Computing Block 30 out of 54
Processing Block size=36
begin cleaner{left: ("[FunctionalDependency:(s: {MeasureCode}, t: {Condition})]", 0.0), operator: *, right: (1.0, 1.0), result: 0.0}
列 'p' 不存在，对列 Condition 不过滤，直接选择所有非无效值。
clean_bool length:3
newest best op: Uniop(df,'Condition','surgical infection xrevention',(['MeasureCode'], {('scip-inf-4',)}),{left: ("[FunctionalDependency:(s: {MeasureCode}, t: {Condition})]", 0.0), operator: *, right: (1.0, 1.0), result: 0.0})
now error: 0.0
newest best op: Uniop(df,'Condition','surgical infection prevention',(['MeasureCode'], {('scip-inf-4',)}),{left: ("[FunctionalDependency:(s: {MeasureCode}, t: {Condition})]", 0.0), operator: *, right: (1.0, 1.0), result: 0.0})
now error: 0.0
Block processing time: 0.075454 seconds
Computing Block 32 out of 54
Processing Block size=39
begin cleaner{left: ("[FunctionalDependency:(s: {MeasureCode}, t: {Condition})]", 0.0), operator: *, right: (1.0, 1.0), result: 0.0}
列 'p' 不存在，对列 Condition 不过滤，直接选择所有非无效值。
clean_bool length:4
newest best op: Uniop(df,'Condition','heaxt failuxe',(['MeasureCode'], {('hf-2',)}),{left: ("[FunctionalDependency:(s: {MeasureCode}, t: {Condition})]", 0.0), operator: *, right: (1.0, 1.0), result: 0.0})
now error: 0.0
newest best op: Uniop(df,'Condition','heart failure',(['MeasureCode'], {('hf-2',)}),{left: ("[FunctionalDependency:(s: {MeasureCode}, t: {Condition})]", 0.0), operator: *, right: (1.0, 1.0), result: 0.0})
now error: 0.0
Block processing time: 0.103009 seconds
Computing Block 34 out of 54
Processing Block size=40
begin cleaner{left: ("[FunctionalDependency:(s: {MeasureCode}, t: {Condition})]", 0.0), operator: *, right: (1.0, 1.0), result: 0.0}
列 'p' 不存在，对列 Condition 不过滤，直接选择所有非无效值。
Block processing time: 0.027471 seconds
Computing Block 35 out of 54
Processing Block size=38
begin cleaner{left: ("[FunctionalDependency:(s: {MeasureCode}, t: {Condition})]", 0.0), operator: *, right: (1.0, 1.0), result: 0.0}
列 'p' 不存在，对列 Condition 不过滤，直接选择所有非无效值。
clean_bool length:3
newest best op: Uniop(df,'Condition','surgical xnfection prevention',(['MeasureCode'], {('scip-inf-2',)}),{left: ("[FunctionalDependency:(s: {MeasureCode}, t: {Condition})]", 0.0), operator: *, right: (1.0, 1.0), result: 0.0})
now error: 0.0
newest best op: Uniop(df,'Condition','surgical infection prevention',(['MeasureCode'], {('scip-inf-2',)}),{left: ("[FunctionalDependency:(s: {MeasureCode}, t: {Condition})]", 0.0), operator: *, right: (1.0, 1.0), result: 0.0})
now error: 0.0
Block processing time: 0.079563 seconds
Computing Block 36 out of 54
Processing Block size=2
begin cleaner{left: ("[FunctionalDependency:(s: {MeasureCode}, t: {Condition})]", 0.0), operator: *, right: (1.0, 1.0), result: 0.0}
列 'p' 不存在，对列 Condition 不过滤，直接选择所有非无效值。
Block processing time: 0.001596 seconds
Computing Block 38 out of 54
Processing Block size=37
begin cleaner{left: ("[FunctionalDependency:(s: {MeasureCode}, t: {Condition})]", 0.0), operator: *, right: (1.0, 1.0), result: 0.0}
列 'p' 不存在，对列 Condition 不过滤，直接选择所有非无效值。
clean_bool length:3
newest best op: Uniop(df,'Condition','surgxcal infectxon preventxon',(['MeasureCode'], {('scip-inf-3',)}),{left: ("[FunctionalDependency:(s: {MeasureCode}, t: {Condition})]", 0.0), operator: *, right: (1.0, 1.0), result: 0.0})
now error: 0.0
newest best op: Uniop(df,'Condition','surgical infection prevention',(['MeasureCode'], {('scip-inf-3',)}),{left: ("[FunctionalDependency:(s: {MeasureCode}, t: {Condition})]", 0.0), operator: *, right: (1.0, 1.0), result: 0.0})
now error: 0.0
Block processing time: 0.079174 seconds
Computing Block 39 out of 54
Processing Block size=39
begin cleaner{left: ("[FunctionalDependency:(s: {MeasureCode}, t: {Condition})]", 0.0), operator: *, right: (1.0, 1.0), result: 0.0}
列 'p' 不存在，对列 Condition 不过滤，直接选择所有非无效值。
clean_bool length:3
newest best op: Uniop(df,'Condition','heart attack',(['MeasureCode'], {('ami-2',)}),{left: ("[FunctionalDependency:(s: {MeasureCode}, t: {Condition})]", 0.0), operator: *, right: (1.0, 1.0), result: 0.0})
now error: 0.0
Block processing time: 0.0812 seconds
Computing Block 40 out of 54
Processing Block size=40
begin cleaner{left: ("[FunctionalDependency:(s: {MeasureCode}, t: {Condition})]", 0.0), operator: *, right: (1.0, 1.0), result: 0.0}
列 'p' 不存在，对列 Condition 不过滤，直接选择所有非无效值。
clean_bool length:4
newest best op: Uniop(df,'Condition','pnxumonia',(['MeasureCode'], {('pn-3b',)}),{left: ("[FunctionalDependency:(s: {MeasureCode}, t: {Condition})]", 0.0), operator: *, right: (1.0, 1.0), result: 0.0})
now error: 0.0
newest best op: Uniop(df,'Condition','pneumonia',(['MeasureCode'], {('pn-3b',)}),{left: ("[FunctionalDependency:(s: {MeasureCode}, t: {Condition})]", 0.0), operator: *, right: (1.0, 1.0), result: 0.0})
now error: 0.0
Block processing time: 0.102584 seconds
Computing Block 41 out of 54
Processing Block size=38
begin cleaner{left: ("[FunctionalDependency:(s: {MeasureCode}, t: {Condition})]", 0.0), operator: *, right: (1.0, 1.0), result: 0.0}
列 'p' 不存在，对列 Condition 不过滤，直接选择所有非无效值。
clean_bool length:3
newest best op: Uniop(df,'Condition','pneumonia',(['MeasureCode'], {('pn-4',)}),{left: ("[FunctionalDependency:(s: {MeasureCode}, t: {Condition})]", 0.0), operator: *, right: (1.0, 1.0), result: 0.0})
now error: 0.0
Block processing time: 0.073419 seconds
Computing Block 43 out of 54
Processing Block size=39
begin cleaner{left: ("[FunctionalDependency:(s: {MeasureCode}, t: {Condition})]", 0.0), operator: *, right: (1.0, 1.0), result: 0.0}
列 'p' 不存在，对列 Condition 不过滤，直接选择所有非无效值。
clean_bool length:3
newest best op: Uniop(df,'Condition','surgical infxction prxvxntion',(['MeasureCode'], {('scip-vte-2',)}),{left: ("[FunctionalDependency:(s: {MeasureCode}, t: {Condition})]", 0.0), operator: *, right: (1.0, 1.0), result: 0.0})
now error: 0.0
newest best op: Uniop(df,'Condition','surgical infection prevention',(['MeasureCode'], {('scip-vte-2',)}),{left: ("[FunctionalDependency:(s: {MeasureCode}, t: {Condition})]", 0.0), operator: *, right: (1.0, 1.0), result: 0.0})
now error: 0.0
Block processing time: 0.082813 seconds
Computing Block 44 out of 54
Processing Block size=39
begin cleaner{left: ("[FunctionalDependency:(s: {MeasureCode}, t: {Condition})]", 0.0), operator: *, right: (1.0, 1.0), result: 0.0}
列 'p' 不存在，对列 Condition 不过滤，直接选择所有非无效值。
clean_bool length:4
newest best op: Uniop(df,'Condition','heart attack',(['MeasureCode'], {('ami-5',)}),{left: ("[FunctionalDependency:(s: {MeasureCode}, t: {Condition})]", 0.0), operator: *, right: (1.0, 1.0), result: 0.0})
now error: 0.0
Block processing time: 0.10277 seconds
Computing Block 45 out of 54
Processing Block size=41
begin cleaner{left: ("[FunctionalDependency:(s: {MeasureCode}, t: {Condition})]", 0.0), operator: *, right: (1.0, 1.0), result: 0.0}
列 'p' 不存在，对列 Condition 不过滤，直接选择所有非无效值。
clean_bool length:3
newest best op: Uniop(df,'Condition','heart failure',(['MeasureCode'], {('hf-3',)}),{left: ("[FunctionalDependency:(s: {MeasureCode}, t: {Condition})]", 0.0), operator: *, right: (1.0, 1.0), result: 0.0})
now error: 0.0
Block processing time: 0.080821 seconds
Computing Block 46 out of 54
Processing Block size=2
begin cleaner{left: ("[FunctionalDependency:(s: {MeasureCode}, t: {Condition})]", 0.0), operator: *, right: (1.0, 1.0), result: 0.0}
列 'p' 不存在，对列 Condition 不过滤，直接选择所有非无效值。
Block processing time: 0.001635 seconds
Computing Block 47 out of 54
Processing Block size=38
begin cleaner{left: ("[FunctionalDependency:(s: {MeasureCode}, t: {Condition})]", 0.0), operator: *, right: (1.0, 1.0), result: 0.0}
列 'p' 不存在，对列 Condition 不过滤，直接选择所有非无效值。
clean_bool length:4
newest best op: Uniop(df,'Condition','heart attack',(['MeasureCode'], {('ami-1',)}),{left: ("[FunctionalDependency:(s: {MeasureCode}, t: {Condition})]", 0.0), operator: *, right: (1.0, 1.0), result: 0.0})
now error: 0.0
Block processing time: 0.103128 seconds
Computing Block 49 out of 54
Processing Block size=40
begin cleaner{left: ("[FunctionalDependency:(s: {MeasureCode}, t: {Condition})]", 0.0), operator: *, right: (1.0, 1.0), result: 0.0}
列 'p' 不存在，对列 Condition 不过滤，直接选择所有非无效值。
Block processing time: 0.027255 seconds
Computing Block 51 out of 54
Processing Block size=38
begin cleaner{left: ("[FunctionalDependency:(s: {MeasureCode}, t: {Condition})]", 0.0), operator: *, right: (1.0, 1.0), result: 0.0}
列 'p' 不存在，对列 Condition 不过滤，直接选择所有非无效值。
clean_bool length:3
newest best op: Uniop(df,'Condition','pneumonia',(['MeasureCode'], {('pn-5c',)}),{left: ("[FunctionalDependency:(s: {MeasureCode}, t: {Condition})]", 0.0), operator: *, right: (1.0, 1.0), result: 0.0})
now error: 0.0
Block processing time: 0.07411 seconds
Computing Block 53 out of 54
Processing Block size=38
begin cleaner{left: ("[FunctionalDependency:(s: {MeasureCode}, t: {Condition})]", 0.0), operator: *, right: (1.0, 1.0), result: 0.0}
列 'p' 不存在，对列 Condition 不过滤，直接选择所有非无效值。
Block processing time: 0.026327 seconds
  当前节点: Condition 有 20 个清洗操作
['ZipCode', 'PhoneNumber', 'Address1', 'HospitalOwner', 'City', 'MeasureName', 'Stateavg', 'Condition']的清洗完成

本层累积的编辑规则数: 170
读入数据大小：1000
处理了 170 条规则，更新数据...
所有编辑规则已更新完成

处理第 1 层级, 包含节点: ['HospitalName,ProviderNumber', 'MeasureCode']
  跳过已清洗结束的节点: HospitalName,ProviderNumber
  跳过已清洗结束的节点: MeasureCode
['HospitalName,ProviderNumber', 'MeasureCode']的清洗完成

本层累积的编辑规则数: 0
本层没有可以进行的清洗操作，进行下一层

处理第 2 层级, 包含节点: ['ZipCode', 'PhoneNumber', 'Address1', 'HospitalOwner', 'City', 'MeasureName', 'Stateavg', 'Condition']
  当前节点: ZipCode 存在可用清洗信号
数据块大小: 1000
分块属性:
[['HospitalName']]
Starting initial block mapping...
Initial number of blocks: 45
Final number of blocks after further splitting: 45
Computing Block 1 out of 45
Processing Block size=25
begin cleaner[FunctionalDependency:(s: {'HospitalName'}, t: {'ZipCode'})]*1.0
列 'p' 不存在，对列 ZipCode 不过滤，直接选择所有非无效值。
Block processing time: 0.017493 seconds
Computing Block 2 out of 45
Processing Block size=25
begin cleaner{left: ("[FunctionalDependency:(s: {HospitalName}, t: {ZipCode})]", 0.0), operator: *, right: (1.0, 1.0), result: 0.0}
列 'p' 不存在，对列 ZipCode 不过滤，直接选择所有非无效值。
Block processing time: 0.017117 seconds
Computing Block 3 out of 45
Processing Block size=25
begin cleaner{left: ("[FunctionalDependency:(s: {HospitalName}, t: {ZipCode})]", 0.0), operator: *, right: (1.0, 1.0), result: 0.0}
列 'p' 不存在，对列 ZipCode 不过滤，直接选择所有非无效值。
Block processing time: 0.017278 seconds
Computing Block 4 out of 45
Processing Block size=17
begin cleaner{left: ("[FunctionalDependency:(s: {HospitalName}, t: {ZipCode})]", 0.0), operator: *, right: (1.0, 1.0), result: 0.0}
列 'p' 不存在，对列 ZipCode 不过滤，直接选择所有非无效值。
Block processing time: 0.011872 seconds
Computing Block 5 out of 45
Processing Block size=2
begin cleaner{left: ("[FunctionalDependency:(s: {HospitalName}, t: {ZipCode})]", 0.0), operator: *, right: (1.0, 1.0), result: 0.0}
列 'p' 不存在，对列 ZipCode 不过滤，直接选择所有非无效值。
Block processing time: 0.001566 seconds
Computing Block 6 out of 45
Processing Block size=13
begin cleaner{left: ("[FunctionalDependency:(s: {HospitalName}, t: {ZipCode})]", 0.0), operator: *, right: (1.0, 1.0), result: 0.0}
列 'p' 不存在，对列 ZipCode 不过滤，直接选择所有非无效值。
Block processing time: 0.00896 seconds
Computing Block 7 out of 45
Processing Block size=20
begin cleaner{left: ("[FunctionalDependency:(s: {HospitalName}, t: {ZipCode})]", 0.0), operator: *, right: (1.0, 1.0), result: 0.0}
列 'p' 不存在，对列 ZipCode 不过滤，直接选择所有非无效值。
Block processing time: 0.013981 seconds
Computing Block 8 out of 45
Processing Block size=25
begin cleaner{left: ("[FunctionalDependency:(s: {HospitalName}, t: {ZipCode})]", 0.0), operator: *, right: (1.0, 1.0), result: 0.0}
列 'p' 不存在，对列 ZipCode 不过滤，直接选择所有非无效值。
Block processing time: 0.017167 seconds
Computing Block 9 out of 45
Processing Block size=25
begin cleaner{left: ("[FunctionalDependency:(s: {HospitalName}, t: {ZipCode})]", 0.0), operator: *, right: (1.0, 1.0), result: 0.0}
列 'p' 不存在，对列 ZipCode 不过滤，直接选择所有非无效值。
Block processing time: 0.016996 seconds
Computing Block 10 out of 45
Processing Block size=25
begin cleaner{left: ("[FunctionalDependency:(s: {HospitalName}, t: {ZipCode})]", 0.0), operator: *, right: (1.0, 1.0), result: 0.0}
列 'p' 不存在，对列 ZipCode 不过滤，直接选择所有非无效值。
Block processing time: 0.01706 seconds
Computing Block 11 out of 45
Processing Block size=25
begin cleaner{left: ("[FunctionalDependency:(s: {HospitalName}, t: {ZipCode})]", 0.0), operator: *, right: (1.0, 1.0), result: 0.0}
列 'p' 不存在，对列 ZipCode 不过滤，直接选择所有非无效值。
Block processing time: 0.017214 seconds
Computing Block 13 out of 45
Processing Block size=18
begin cleaner{left: ("[FunctionalDependency:(s: {HospitalName}, t: {ZipCode})]", 0.0), operator: *, right: (1.0, 1.0), result: 0.0}
列 'p' 不存在，对列 ZipCode 不过滤，直接选择所有非无效值。
Block processing time: 0.012578 seconds
Computing Block 14 out of 45
Processing Block size=25
begin cleaner{left: ("[FunctionalDependency:(s: {HospitalName}, t: {ZipCode})]", 0.0), operator: *, right: (1.0, 1.0), result: 0.0}
列 'p' 不存在，对列 ZipCode 不过滤，直接选择所有非无效值。
Block processing time: 0.017316 seconds
Computing Block 15 out of 45
Processing Block size=28
begin cleaner{left: ("[FunctionalDependency:(s: {HospitalName}, t: {ZipCode})]", 0.0), operator: *, right: (1.0, 1.0), result: 0.0}
列 'p' 不存在，对列 ZipCode 不过滤，直接选择所有非无效值。
Block processing time: 0.019322 seconds
Computing Block 16 out of 45
Processing Block size=25
begin cleaner{left: ("[FunctionalDependency:(s: {HospitalName}, t: {ZipCode})]", 0.0), operator: *, right: (1.0, 1.0), result: 0.0}
列 'p' 不存在，对列 ZipCode 不过滤，直接选择所有非无效值。
Block processing time: 0.017226 seconds
Computing Block 17 out of 45
Processing Block size=2
begin cleaner{left: ("[FunctionalDependency:(s: {HospitalName}, t: {ZipCode})]", 0.0), operator: *, right: (1.0, 1.0), result: 0.0}
列 'p' 不存在，对列 ZipCode 不过滤，直接选择所有非无效值。
Block processing time: 0.001538 seconds
Computing Block 18 out of 45
Processing Block size=28
begin cleaner{left: ("[FunctionalDependency:(s: {HospitalName}, t: {ZipCode})]", 0.0), operator: *, right: (1.0, 1.0), result: 0.0}
列 'p' 不存在，对列 ZipCode 不过滤，直接选择所有非无效值。
Block processing time: 0.019801 seconds
Computing Block 19 out of 45
Processing Block size=25
begin cleaner{left: ("[FunctionalDependency:(s: {HospitalName}, t: {ZipCode})]", 0.0), operator: *, right: (1.0, 1.0), result: 0.0}
列 'p' 不存在，对列 ZipCode 不过滤，直接选择所有非无效值。
Block processing time: 0.017685 seconds
Computing Block 20 out of 45
Processing Block size=25
begin cleaner{left: ("[FunctionalDependency:(s: {HospitalName}, t: {ZipCode})]", 0.0), operator: *, right: (1.0, 1.0), result: 0.0}
列 'p' 不存在，对列 ZipCode 不过滤，直接选择所有非无效值。
Block processing time: 0.017137 seconds
Computing Block 21 out of 45
Processing Block size=25
begin cleaner{left: ("[FunctionalDependency:(s: {HospitalName}, t: {ZipCode})]", 0.0), operator: *, right: (1.0, 1.0), result: 0.0}
列 'p' 不存在，对列 ZipCode 不过滤，直接选择所有非无效值。
Block processing time: 0.017181 seconds
Computing Block 22 out of 45
Processing Block size=25
begin cleaner{left: ("[FunctionalDependency:(s: {HospitalName}, t: {ZipCode})]", 0.0), operator: *, right: (1.0, 1.0), result: 0.0}
列 'p' 不存在，对列 ZipCode 不过滤，直接选择所有非无效值。
Block processing time: 0.017047 seconds
Computing Block 23 out of 45
Processing Block size=25
begin cleaner{left: ("[FunctionalDependency:(s: {HospitalName}, t: {ZipCode})]", 0.0), operator: *, right: (1.0, 1.0), result: 0.0}
列 'p' 不存在，对列 ZipCode 不过滤，直接选择所有非无效值。
Block processing time: 0.017107 seconds
Computing Block 24 out of 45
Processing Block size=25
begin cleaner{left: ("[FunctionalDependency:(s: {HospitalName}, t: {ZipCode})]", 0.0), operator: *, right: (1.0, 1.0), result: 0.0}
列 'p' 不存在，对列 ZipCode 不过滤，直接选择所有非无效值。
Block processing time: 0.016992 seconds
Computing Block 25 out of 45
Processing Block size=5
begin cleaner{left: ("[FunctionalDependency:(s: {HospitalName}, t: {ZipCode})]", 0.0), operator: *, right: (1.0, 1.0), result: 0.0}
列 'p' 不存在，对列 ZipCode 不过滤，直接选择所有非无效值。
Block processing time: 0.003564 seconds
Computing Block 26 out of 45
Processing Block size=25
begin cleaner{left: ("[FunctionalDependency:(s: {HospitalName}, t: {ZipCode})]", 0.0), operator: *, right: (1.0, 1.0), result: 0.0}
列 'p' 不存在，对列 ZipCode 不过滤，直接选择所有非无效值。
Block processing time: 0.017341 seconds
Computing Block 27 out of 45
Processing Block size=25
begin cleaner{left: ("[FunctionalDependency:(s: {HospitalName}, t: {ZipCode})]", 0.0), operator: *, right: (1.0, 1.0), result: 0.0}
列 'p' 不存在，对列 ZipCode 不过滤，直接选择所有非无效值。
Block processing time: 0.017339 seconds
Computing Block 28 out of 45
Processing Block size=25
begin cleaner{left: ("[FunctionalDependency:(s: {HospitalName}, t: {ZipCode})]", 0.0), operator: *, right: (1.0, 1.0), result: 0.0}
列 'p' 不存在，对列 ZipCode 不过滤，直接选择所有非无效值。
Block processing time: 0.017772 seconds
Computing Block 29 out of 45
Processing Block size=25
begin cleaner{left: ("[FunctionalDependency:(s: {HospitalName}, t: {ZipCode})]", 0.0), operator: *, right: (1.0, 1.0), result: 0.0}
列 'p' 不存在，对列 ZipCode 不过滤，直接选择所有非无效值。
Block processing time: 0.017534 seconds
Computing Block 30 out of 45
Processing Block size=25
begin cleaner{left: ("[FunctionalDependency:(s: {HospitalName}, t: {ZipCode})]", 0.0), operator: *, right: (1.0, 1.0), result: 0.0}
列 'p' 不存在，对列 ZipCode 不过滤，直接选择所有非无效值。
Block processing time: 0.01709 seconds
Computing Block 31 out of 45
Processing Block size=25
begin cleaner{left: ("[FunctionalDependency:(s: {HospitalName}, t: {ZipCode})]", 0.0), operator: *, right: (1.0, 1.0), result: 0.0}
列 'p' 不存在，对列 ZipCode 不过滤，直接选择所有非无效值。
Block processing time: 0.017073 seconds
Computing Block 32 out of 45
Processing Block size=25
begin cleaner{left: ("[FunctionalDependency:(s: {HospitalName}, t: {ZipCode})]", 0.0), operator: *, right: (1.0, 1.0), result: 0.0}
列 'p' 不存在，对列 ZipCode 不过滤，直接选择所有非无效值。
Block processing time: 0.017 seconds
Computing Block 33 out of 45
Processing Block size=25
begin cleaner{left: ("[FunctionalDependency:(s: {HospitalName}, t: {ZipCode})]", 0.0), operator: *, right: (1.0, 1.0), result: 0.0}
列 'p' 不存在，对列 ZipCode 不过滤，直接选择所有非无效值。
Block processing time: 0.017072 seconds
Computing Block 34 out of 45
Processing Block size=25
begin cleaner{left: ("[FunctionalDependency:(s: {HospitalName}, t: {ZipCode})]", 0.0), operator: *, right: (1.0, 1.0), result: 0.0}
列 'p' 不存在，对列 ZipCode 不过滤，直接选择所有非无效值。
Block processing time: 0.017088 seconds
Computing Block 35 out of 45
Processing Block size=25
begin cleaner{left: ("[FunctionalDependency:(s: {HospitalName}, t: {ZipCode})]", 0.0), operator: *, right: (1.0, 1.0), result: 0.0}
列 'p' 不存在，对列 ZipCode 不过滤，直接选择所有非无效值。
Block processing time: 0.017205 seconds
Computing Block 36 out of 45
Processing Block size=25
begin cleaner{left: ("[FunctionalDependency:(s: {HospitalName}, t: {ZipCode})]", 0.0), operator: *, right: (1.0, 1.0), result: 0.0}
列 'p' 不存在，对列 ZipCode 不过滤，直接选择所有非无效值。
Block processing time: 0.017519 seconds
Computing Block 37 out of 45
Processing Block size=25
begin cleaner{left: ("[FunctionalDependency:(s: {HospitalName}, t: {ZipCode})]", 0.0), operator: *, right: (1.0, 1.0), result: 0.0}
列 'p' 不存在，对列 ZipCode 不过滤，直接选择所有非无效值。
Block processing time: 0.017271 seconds
Computing Block 38 out of 45
Processing Block size=28
begin cleaner{left: ("[FunctionalDependency:(s: {HospitalName}, t: {ZipCode})]", 0.0), operator: *, right: (1.0, 1.0), result: 0.0}
列 'p' 不存在，对列 ZipCode 不过滤，直接选择所有非无效值。
Block processing time: 0.019528 seconds
Computing Block 39 out of 45
Processing Block size=25
begin cleaner{left: ("[FunctionalDependency:(s: {HospitalName}, t: {ZipCode})]", 0.0), operator: *, right: (1.0, 1.0), result: 0.0}
列 'p' 不存在，对列 ZipCode 不过滤，直接选择所有非无效值。
Block processing time: 0.017672 seconds
Computing Block 40 out of 45
Processing Block size=20
begin cleaner{left: ("[FunctionalDependency:(s: {HospitalName}, t: {ZipCode})]", 0.0), operator: *, right: (1.0, 1.0), result: 0.0}
列 'p' 不存在，对列 ZipCode 不过滤，直接选择所有非无效值。
Block processing time: 0.013876 seconds
Computing Block 41 out of 45
Processing Block size=18
begin cleaner{left: ("[FunctionalDependency:(s: {HospitalName}, t: {ZipCode})]", 0.0), operator: *, right: (1.0, 1.0), result: 0.0}
列 'p' 不存在，对列 ZipCode 不过滤，直接选择所有非无效值。
Block processing time: 0.012379 seconds
Computing Block 42 out of 45
Processing Block size=25
begin cleaner{left: ("[FunctionalDependency:(s: {HospitalName}, t: {ZipCode})]", 0.0), operator: *, right: (1.0, 1.0), result: 0.0}
列 'p' 不存在，对列 ZipCode 不过滤，直接选择所有非无效值。
Block processing time: 0.017139 seconds
Computing Block 43 out of 45
Processing Block size=25
begin cleaner{left: ("[FunctionalDependency:(s: {HospitalName}, t: {ZipCode})]", 0.0), operator: *, right: (1.0, 1.0), result: 0.0}
列 'p' 不存在，对列 ZipCode 不过滤，直接选择所有非无效值。
Block processing time: 0.017003 seconds
Computing Block 44 out of 45
Processing Block size=25
begin cleaner{left: ("[FunctionalDependency:(s: {HospitalName}, t: {ZipCode})]", 0.0), operator: *, right: (1.0, 1.0), result: 0.0}
列 'p' 不存在，对列 ZipCode 不过滤，直接选择所有非无效值。
Block processing time: 0.017258 seconds
Computing Block 45 out of 45
Processing Block size=25
begin cleaner{left: ("[FunctionalDependency:(s: {HospitalName}, t: {ZipCode})]", 0.0), operator: *, right: (1.0, 1.0), result: 0.0}
列 'p' 不存在，对列 ZipCode 不过滤，直接选择所有非无效值。
Block processing time: 0.017554 seconds
  当前节点: ZipCode 无清洗操作
  当前节点: PhoneNumber 存在可用清洗信号
数据块大小: 1000
分块属性:
[['HospitalName']]
Starting initial block mapping...
Initial number of blocks: 45
Final number of blocks after further splitting: 45
Computing Block 1 out of 45
Processing Block size=25
begin cleaner[FunctionalDependency:(s: {'HospitalName'}, t: {'PhoneNumber'})]*1.0
列 'p' 不存在，对列 PhoneNumber 不过滤，直接选择所有非无效值。
Block processing time: 0.017478 seconds
Computing Block 2 out of 45
Processing Block size=25
begin cleaner{left: ("[FunctionalDependency:(s: {HospitalName}, t: {PhoneNumber})]", 0.0), operator: *, right: (1.0, 1.0), result: 0.0}
列 'p' 不存在，对列 PhoneNumber 不过滤，直接选择所有非无效值。
Block processing time: 0.017251 seconds
Computing Block 3 out of 45
Processing Block size=25
begin cleaner{left: ("[FunctionalDependency:(s: {HospitalName}, t: {PhoneNumber})]", 0.0), operator: *, right: (1.0, 1.0), result: 0.0}
列 'p' 不存在，对列 PhoneNumber 不过滤，直接选择所有非无效值。
Block processing time: 0.018484 seconds
Computing Block 4 out of 45
Processing Block size=17
begin cleaner{left: ("[FunctionalDependency:(s: {HospitalName}, t: {PhoneNumber})]", 0.0), operator: *, right: (1.0, 1.0), result: 0.0}
列 'p' 不存在，对列 PhoneNumber 不过滤，直接选择所有非无效值。
Block processing time: 0.011872 seconds
Computing Block 5 out of 45
Processing Block size=2
begin cleaner{left: ("[FunctionalDependency:(s: {HospitalName}, t: {PhoneNumber})]", 0.0), operator: *, right: (1.0, 1.0), result: 0.0}
列 'p' 不存在，对列 PhoneNumber 不过滤，直接选择所有非无效值。
Block processing time: 0.001592 seconds
Computing Block 6 out of 45
Processing Block size=13
begin cleaner{left: ("[FunctionalDependency:(s: {HospitalName}, t: {PhoneNumber})]", 0.0), operator: *, right: (1.0, 1.0), result: 0.0}
列 'p' 不存在，对列 PhoneNumber 不过滤，直接选择所有非无效值。
Block processing time: 0.009157 seconds
Computing Block 7 out of 45
Processing Block size=20
begin cleaner{left: ("[FunctionalDependency:(s: {HospitalName}, t: {PhoneNumber})]", 0.0), operator: *, right: (1.0, 1.0), result: 0.0}
列 'p' 不存在，对列 PhoneNumber 不过滤，直接选择所有非无效值。
Block processing time: 0.013772 seconds
Computing Block 8 out of 45
Processing Block size=25
begin cleaner{left: ("[FunctionalDependency:(s: {HospitalName}, t: {PhoneNumber})]", 0.0), operator: *, right: (1.0, 1.0), result: 0.0}
列 'p' 不存在，对列 PhoneNumber 不过滤，直接选择所有非无效值。
Block processing time: 0.017278 seconds
Computing Block 9 out of 45
Processing Block size=25
begin cleaner{left: ("[FunctionalDependency:(s: {HospitalName}, t: {PhoneNumber})]", 0.0), operator: *, right: (1.0, 1.0), result: 0.0}
列 'p' 不存在，对列 PhoneNumber 不过滤，直接选择所有非无效值。
Block processing time: 0.017109 seconds
Computing Block 10 out of 45
Processing Block size=25
begin cleaner{left: ("[FunctionalDependency:(s: {HospitalName}, t: {PhoneNumber})]", 0.0), operator: *, right: (1.0, 1.0), result: 0.0}
列 'p' 不存在，对列 PhoneNumber 不过滤，直接选择所有非无效值。
Block processing time: 0.01706 seconds
Computing Block 11 out of 45
Processing Block size=25
begin cleaner{left: ("[FunctionalDependency:(s: {HospitalName}, t: {PhoneNumber})]", 0.0), operator: *, right: (1.0, 1.0), result: 0.0}
列 'p' 不存在，对列 PhoneNumber 不过滤，直接选择所有非无效值。
Block processing time: 0.017072 seconds
Computing Block 13 out of 45
Processing Block size=18
begin cleaner{left: ("[FunctionalDependency:(s: {HospitalName}, t: {PhoneNumber})]", 0.0), operator: *, right: (1.0, 1.0), result: 0.0}
列 'p' 不存在，对列 PhoneNumber 不过滤，直接选择所有非无效值。
Block processing time: 0.01288 seconds
Computing Block 14 out of 45
Processing Block size=25
begin cleaner{left: ("[FunctionalDependency:(s: {HospitalName}, t: {PhoneNumber})]", 0.0), operator: *, right: (1.0, 1.0), result: 0.0}
列 'p' 不存在，对列 PhoneNumber 不过滤，直接选择所有非无效值。
Block processing time: 0.017287 seconds
Computing Block 15 out of 45
Processing Block size=28
begin cleaner{left: ("[FunctionalDependency:(s: {HospitalName}, t: {PhoneNumber})]", 0.0), operator: *, right: (1.0, 1.0), result: 0.0}
列 'p' 不存在，对列 PhoneNumber 不过滤，直接选择所有非无效值。
Block processing time: 0.019228 seconds
Computing Block 16 out of 45
Processing Block size=25
begin cleaner{left: ("[FunctionalDependency:(s: {HospitalName}, t: {PhoneNumber})]", 0.0), operator: *, right: (1.0, 1.0), result: 0.0}
列 'p' 不存在，对列 PhoneNumber 不过滤，直接选择所有非无效值。
Block processing time: 0.017087 seconds
Computing Block 17 out of 45
Processing Block size=2
begin cleaner{left: ("[FunctionalDependency:(s: {HospitalName}, t: {PhoneNumber})]", 0.0), operator: *, right: (1.0, 1.0), result: 0.0}
列 'p' 不存在，对列 PhoneNumber 不过滤，直接选择所有非无效值。
Block processing time: 0.001482 seconds
Computing Block 18 out of 45
Processing Block size=28
begin cleaner{left: ("[FunctionalDependency:(s: {HospitalName}, t: {PhoneNumber})]", 0.0), operator: *, right: (1.0, 1.0), result: 0.0}
列 'p' 不存在，对列 PhoneNumber 不过滤，直接选择所有非无效值。
Block processing time: 0.019321 seconds
Computing Block 19 out of 45
Processing Block size=25
begin cleaner{left: ("[FunctionalDependency:(s: {HospitalName}, t: {PhoneNumber})]", 0.0), operator: *, right: (1.0, 1.0), result: 0.0}
列 'p' 不存在，对列 PhoneNumber 不过滤，直接选择所有非无效值。
Block processing time: 0.016973 seconds
Computing Block 20 out of 45
Processing Block size=25
begin cleaner{left: ("[FunctionalDependency:(s: {HospitalName}, t: {PhoneNumber})]", 0.0), operator: *, right: (1.0, 1.0), result: 0.0}
列 'p' 不存在，对列 PhoneNumber 不过滤，直接选择所有非无效值。
Block processing time: 0.017061 seconds
Computing Block 21 out of 45
Processing Block size=25
begin cleaner{left: ("[FunctionalDependency:(s: {HospitalName}, t: {PhoneNumber})]", 0.0), operator: *, right: (1.0, 1.0), result: 0.0}
列 'p' 不存在，对列 PhoneNumber 不过滤，直接选择所有非无效值。
Block processing time: 0.017157 seconds
Computing Block 22 out of 45
Processing Block size=25
begin cleaner{left: ("[FunctionalDependency:(s: {HospitalName}, t: {PhoneNumber})]", 0.0), operator: *, right: (1.0, 1.0), result: 0.0}
列 'p' 不存在，对列 PhoneNumber 不过滤，直接选择所有非无效值。
Block processing time: 0.017001 seconds
Computing Block 23 out of 45
Processing Block size=25
begin cleaner{left: ("[FunctionalDependency:(s: {HospitalName}, t: {PhoneNumber})]", 0.0), operator: *, right: (1.0, 1.0), result: 0.0}
列 'p' 不存在，对列 PhoneNumber 不过滤，直接选择所有非无效值。
Block processing time: 0.017289 seconds
Computing Block 24 out of 45
Processing Block size=25
begin cleaner{left: ("[FunctionalDependency:(s: {HospitalName}, t: {PhoneNumber})]", 0.0), operator: *, right: (1.0, 1.0), result: 0.0}
列 'p' 不存在，对列 PhoneNumber 不过滤，直接选择所有非无效值。
Block processing time: 0.01711 seconds
Computing Block 25 out of 45
Processing Block size=5
begin cleaner{left: ("[FunctionalDependency:(s: {HospitalName}, t: {PhoneNumber})]", 0.0), operator: *, right: (1.0, 1.0), result: 0.0}
列 'p' 不存在，对列 PhoneNumber 不过滤，直接选择所有非无效值。
Block processing time: 0.003488 seconds
Computing Block 26 out of 45
Processing Block size=25
begin cleaner{left: ("[FunctionalDependency:(s: {HospitalName}, t: {PhoneNumber})]", 0.0), operator: *, right: (1.0, 1.0), result: 0.0}
列 'p' 不存在，对列 PhoneNumber 不过滤，直接选择所有非无效值。
Block processing time: 0.017065 seconds
Computing Block 27 out of 45
Processing Block size=25
begin cleaner{left: ("[FunctionalDependency:(s: {HospitalName}, t: {PhoneNumber})]", 0.0), operator: *, right: (1.0, 1.0), result: 0.0}
列 'p' 不存在，对列 PhoneNumber 不过滤，直接选择所有非无效值。
Block processing time: 0.017078 seconds
Computing Block 28 out of 45
Processing Block size=25
begin cleaner{left: ("[FunctionalDependency:(s: {HospitalName}, t: {PhoneNumber})]", 0.0), operator: *, right: (1.0, 1.0), result: 0.0}
列 'p' 不存在，对列 PhoneNumber 不过滤，直接选择所有非无效值。
Block processing time: 0.017176 seconds
Computing Block 29 out of 45
Processing Block size=25
begin cleaner{left: ("[FunctionalDependency:(s: {HospitalName}, t: {PhoneNumber})]", 0.0), operator: *, right: (1.0, 1.0), result: 0.0}
列 'p' 不存在，对列 PhoneNumber 不过滤，直接选择所有非无效值。
Block processing time: 0.017249 seconds
Computing Block 30 out of 45
Processing Block size=25
begin cleaner{left: ("[FunctionalDependency:(s: {HospitalName}, t: {PhoneNumber})]", 0.0), operator: *, right: (1.0, 1.0), result: 0.0}
列 'p' 不存在，对列 PhoneNumber 不过滤，直接选择所有非无效值。
Block processing time: 0.017248 seconds
Computing Block 31 out of 45
Processing Block size=25
begin cleaner{left: ("[FunctionalDependency:(s: {HospitalName}, t: {PhoneNumber})]", 0.0), operator: *, right: (1.0, 1.0), result: 0.0}
列 'p' 不存在，对列 PhoneNumber 不过滤，直接选择所有非无效值。
Block processing time: 0.017264 seconds
Computing Block 32 out of 45
Processing Block size=25
begin cleaner{left: ("[FunctionalDependency:(s: {HospitalName}, t: {PhoneNumber})]", 0.0), operator: *, right: (1.0, 1.0), result: 0.0}
列 'p' 不存在，对列 PhoneNumber 不过滤，直接选择所有非无效值。
Block processing time: 0.017134 seconds
Computing Block 33 out of 45
Processing Block size=25
begin cleaner{left: ("[FunctionalDependency:(s: {HospitalName}, t: {PhoneNumber})]", 0.0), operator: *, right: (1.0, 1.0), result: 0.0}
列 'p' 不存在，对列 PhoneNumber 不过滤，直接选择所有非无效值。
Block processing time: 0.016975 seconds
Computing Block 34 out of 45
Processing Block size=25
begin cleaner{left: ("[FunctionalDependency:(s: {HospitalName}, t: {PhoneNumber})]", 0.0), operator: *, right: (1.0, 1.0), result: 0.0}
列 'p' 不存在，对列 PhoneNumber 不过滤，直接选择所有非无效值。
Block processing time: 0.017117 seconds
Computing Block 35 out of 45
Processing Block size=25
begin cleaner{left: ("[FunctionalDependency:(s: {HospitalName}, t: {PhoneNumber})]", 0.0), operator: *, right: (1.0, 1.0), result: 0.0}
列 'p' 不存在，对列 PhoneNumber 不过滤，直接选择所有非无效值。
Block processing time: 0.017145 seconds
Computing Block 36 out of 45
Processing Block size=25
begin cleaner{left: ("[FunctionalDependency:(s: {HospitalName}, t: {PhoneNumber})]", 0.0), operator: *, right: (1.0, 1.0), result: 0.0}
列 'p' 不存在，对列 PhoneNumber 不过滤，直接选择所有非无效值。
Block processing time: 0.017809 seconds
Computing Block 37 out of 45
Processing Block size=25
begin cleaner{left: ("[FunctionalDependency:(s: {HospitalName}, t: {PhoneNumber})]", 0.0), operator: *, right: (1.0, 1.0), result: 0.0}
列 'p' 不存在，对列 PhoneNumber 不过滤，直接选择所有非无效值。
Block processing time: 0.017984 seconds
Computing Block 38 out of 45
Processing Block size=28
begin cleaner{left: ("[FunctionalDependency:(s: {HospitalName}, t: {PhoneNumber})]", 0.0), operator: *, right: (1.0, 1.0), result: 0.0}
列 'p' 不存在，对列 PhoneNumber 不过滤，直接选择所有非无效值。
Block processing time: 0.018963 seconds
Computing Block 39 out of 45
Processing Block size=25
begin cleaner{left: ("[FunctionalDependency:(s: {HospitalName}, t: {PhoneNumber})]", 0.0), operator: *, right: (1.0, 1.0), result: 0.0}
列 'p' 不存在，对列 PhoneNumber 不过滤，直接选择所有非无效值。
Block processing time: 0.016955 seconds
Computing Block 40 out of 45
Processing Block size=20
begin cleaner{left: ("[FunctionalDependency:(s: {HospitalName}, t: {PhoneNumber})]", 0.0), operator: *, right: (1.0, 1.0), result: 0.0}
列 'p' 不存在，对列 PhoneNumber 不过滤，直接选择所有非无效值。
Block processing time: 0.013786 seconds
Computing Block 41 out of 45
Processing Block size=18
begin cleaner{left: ("[FunctionalDependency:(s: {HospitalName}, t: {PhoneNumber})]", 0.0), operator: *, right: (1.0, 1.0), result: 0.0}
列 'p' 不存在，对列 PhoneNumber 不过滤，直接选择所有非无效值。
Block processing time: 0.012378 seconds
Computing Block 42 out of 45
Processing Block size=25
begin cleaner{left: ("[FunctionalDependency:(s: {HospitalName}, t: {PhoneNumber})]", 0.0), operator: *, right: (1.0, 1.0), result: 0.0}
列 'p' 不存在，对列 PhoneNumber 不过滤，直接选择所有非无效值。
Block processing time: 0.017057 seconds
Computing Block 43 out of 45
Processing Block size=25
begin cleaner{left: ("[FunctionalDependency:(s: {HospitalName}, t: {PhoneNumber})]", 0.0), operator: *, right: (1.0, 1.0), result: 0.0}
列 'p' 不存在，对列 PhoneNumber 不过滤，直接选择所有非无效值。
Block processing time: 0.017243 seconds
Computing Block 44 out of 45
Processing Block size=25
begin cleaner{left: ("[FunctionalDependency:(s: {HospitalName}, t: {PhoneNumber})]", 0.0), operator: *, right: (1.0, 1.0), result: 0.0}
列 'p' 不存在，对列 PhoneNumber 不过滤，直接选择所有非无效值。
Block processing time: 0.016991 seconds
Computing Block 45 out of 45
Processing Block size=25
begin cleaner{left: ("[FunctionalDependency:(s: {HospitalName}, t: {PhoneNumber})]", 0.0), operator: *, right: (1.0, 1.0), result: 0.0}
列 'p' 不存在，对列 PhoneNumber 不过滤，直接选择所有非无效值。
Block processing time: 0.017422 seconds
  当前节点: PhoneNumber 无清洗操作
  当前节点: Address1 存在可用清洗信号
数据块大小: 1000
分块属性:
[['HospitalName']]
Starting initial block mapping...
Initial number of blocks: 45
Final number of blocks after further splitting: 45
Computing Block 1 out of 45
Processing Block size=25
begin cleaner[FunctionalDependency:(s: {'HospitalName'}, t: {'Address1'})]*1.0
列 'p' 不存在，对列 Address1 不过滤，直接选择所有非无效值。
Block processing time: 0.017266 seconds
Computing Block 2 out of 45
Processing Block size=25
begin cleaner{left: ("[FunctionalDependency:(s: {HospitalName}, t: {Address1})]", 0.0), operator: *, right: (1.0, 1.0), result: 0.0}
列 'p' 不存在，对列 Address1 不过滤，直接选择所有非无效值。
Block processing time: 0.017472 seconds
Computing Block 3 out of 45
Processing Block size=25
begin cleaner{left: ("[FunctionalDependency:(s: {HospitalName}, t: {Address1})]", 0.0), operator: *, right: (1.0, 1.0), result: 0.0}
列 'p' 不存在，对列 Address1 不过滤，直接选择所有非无效值。
Block processing time: 0.017576 seconds
Computing Block 4 out of 45
Processing Block size=17
begin cleaner{left: ("[FunctionalDependency:(s: {HospitalName}, t: {Address1})]", 0.0), operator: *, right: (1.0, 1.0), result: 0.0}
列 'p' 不存在，对列 Address1 不过滤，直接选择所有非无效值。
Block processing time: 0.011839 seconds
Computing Block 5 out of 45
Processing Block size=2
begin cleaner{left: ("[FunctionalDependency:(s: {HospitalName}, t: {Address1})]", 0.0), operator: *, right: (1.0, 1.0), result: 0.0}
列 'p' 不存在，对列 Address1 不过滤，直接选择所有非无效值。
Block processing time: 0.001491 seconds
Computing Block 6 out of 45
Processing Block size=13
begin cleaner{left: ("[FunctionalDependency:(s: {HospitalName}, t: {Address1})]", 0.0), operator: *, right: (1.0, 1.0), result: 0.0}
列 'p' 不存在，对列 Address1 不过滤，直接选择所有非无效值。
Block processing time: 0.009037 seconds
Computing Block 7 out of 45
Processing Block size=20
begin cleaner{left: ("[FunctionalDependency:(s: {HospitalName}, t: {Address1})]", 0.0), operator: *, right: (1.0, 1.0), result: 0.0}
列 'p' 不存在，对列 Address1 不过滤，直接选择所有非无效值。
Block processing time: 0.013753 seconds
Computing Block 8 out of 45
Processing Block size=25
begin cleaner{left: ("[FunctionalDependency:(s: {HospitalName}, t: {Address1})]", 0.0), operator: *, right: (1.0, 1.0), result: 0.0}
列 'p' 不存在，对列 Address1 不过滤，直接选择所有非无效值。
Block processing time: 0.017411 seconds
Computing Block 9 out of 45
Processing Block size=25
begin cleaner{left: ("[FunctionalDependency:(s: {HospitalName}, t: {Address1})]", 0.0), operator: *, right: (1.0, 1.0), result: 0.0}
列 'p' 不存在，对列 Address1 不过滤，直接选择所有非无效值。
Block processing time: 0.017783 seconds
Computing Block 10 out of 45
Processing Block size=25
begin cleaner{left: ("[FunctionalDependency:(s: {HospitalName}, t: {Address1})]", 0.0), operator: *, right: (1.0, 1.0), result: 0.0}
列 'p' 不存在，对列 Address1 不过滤，直接选择所有非无效值。
Block processing time: 0.017336 seconds
Computing Block 11 out of 45
Processing Block size=25
begin cleaner{left: ("[FunctionalDependency:(s: {HospitalName}, t: {Address1})]", 0.0), operator: *, right: (1.0, 1.0), result: 0.0}
列 'p' 不存在，对列 Address1 不过滤，直接选择所有非无效值。
Block processing time: 0.017135 seconds
Computing Block 13 out of 45
Processing Block size=18
begin cleaner{left: ("[FunctionalDependency:(s: {HospitalName}, t: {Address1})]", 0.0), operator: *, right: (1.0, 1.0), result: 0.0}
列 'p' 不存在，对列 Address1 不过滤，直接选择所有非无效值。
Block processing time: 0.012448 seconds
Computing Block 14 out of 45
Processing Block size=25
begin cleaner{left: ("[FunctionalDependency:(s: {HospitalName}, t: {Address1})]", 0.0), operator: *, right: (1.0, 1.0), result: 0.0}
列 'p' 不存在，对列 Address1 不过滤，直接选择所有非无效值。
Block processing time: 0.017149 seconds
Computing Block 15 out of 45
Processing Block size=28
begin cleaner{left: ("[FunctionalDependency:(s: {HospitalName}, t: {Address1})]", 0.0), operator: *, right: (1.0, 1.0), result: 0.0}
列 'p' 不存在，对列 Address1 不过滤，直接选择所有非无效值。
Block processing time: 0.019109 seconds
Computing Block 16 out of 45
Processing Block size=25
begin cleaner{left: ("[FunctionalDependency:(s: {HospitalName}, t: {Address1})]", 0.0), operator: *, right: (1.0, 1.0), result: 0.0}
列 'p' 不存在，对列 Address1 不过滤，直接选择所有非无效值。
Block processing time: 0.017109 seconds
Computing Block 17 out of 45
Processing Block size=2
begin cleaner{left: ("[FunctionalDependency:(s: {HospitalName}, t: {Address1})]", 0.0), operator: *, right: (1.0, 1.0), result: 0.0}
列 'p' 不存在，对列 Address1 不过滤，直接选择所有非无效值。
Block processing time: 0.001479 seconds
Computing Block 18 out of 45
Processing Block size=28
begin cleaner{left: ("[FunctionalDependency:(s: {HospitalName}, t: {Address1})]", 0.0), operator: *, right: (1.0, 1.0), result: 0.0}
列 'p' 不存在，对列 Address1 不过滤，直接选择所有非无效值。
Block processing time: 0.01917 seconds
Computing Block 19 out of 45
Processing Block size=25
begin cleaner{left: ("[FunctionalDependency:(s: {HospitalName}, t: {Address1})]", 0.0), operator: *, right: (1.0, 1.0), result: 0.0}
列 'p' 不存在，对列 Address1 不过滤，直接选择所有非无效值。
Block processing time: 0.017054 seconds
Computing Block 20 out of 45
Processing Block size=25
begin cleaner{left: ("[FunctionalDependency:(s: {HospitalName}, t: {Address1})]", 0.0), operator: *, right: (1.0, 1.0), result: 0.0}
列 'p' 不存在，对列 Address1 不过滤，直接选择所有非无效值。
Block processing time: 0.017102 seconds
Computing Block 21 out of 45
Processing Block size=25
begin cleaner{left: ("[FunctionalDependency:(s: {HospitalName}, t: {Address1})]", 0.0), operator: *, right: (1.0, 1.0), result: 0.0}
列 'p' 不存在，对列 Address1 不过滤，直接选择所有非无效值。
Block processing time: 0.017498 seconds
Computing Block 22 out of 45
Processing Block size=25
begin cleaner{left: ("[FunctionalDependency:(s: {HospitalName}, t: {Address1})]", 0.0), operator: *, right: (1.0, 1.0), result: 0.0}
列 'p' 不存在，对列 Address1 不过滤，直接选择所有非无效值。
Block processing time: 0.017183 seconds
Computing Block 23 out of 45
Processing Block size=25
begin cleaner{left: ("[FunctionalDependency:(s: {HospitalName}, t: {Address1})]", 0.0), operator: *, right: (1.0, 1.0), result: 0.0}
列 'p' 不存在，对列 Address1 不过滤，直接选择所有非无效值。
Block processing time: 0.017395 seconds
Computing Block 24 out of 45
Processing Block size=25
begin cleaner{left: ("[FunctionalDependency:(s: {HospitalName}, t: {Address1})]", 0.0), operator: *, right: (1.0, 1.0), result: 0.0}
列 'p' 不存在，对列 Address1 不过滤，直接选择所有非无效值。
Block processing time: 0.017043 seconds
Computing Block 25 out of 45
Processing Block size=5
begin cleaner{left: ("[FunctionalDependency:(s: {HospitalName}, t: {Address1})]", 0.0), operator: *, right: (1.0, 1.0), result: 0.0}
列 'p' 不存在，对列 Address1 不过滤，直接选择所有非无效值。
Block processing time: 0.003597 seconds
Computing Block 26 out of 45
Processing Block size=25
begin cleaner{left: ("[FunctionalDependency:(s: {HospitalName}, t: {Address1})]", 0.0), operator: *, right: (1.0, 1.0), result: 0.0}
列 'p' 不存在，对列 Address1 不过滤，直接选择所有非无效值。
Block processing time: 0.017206 seconds
Computing Block 27 out of 45
Processing Block size=25
begin cleaner{left: ("[FunctionalDependency:(s: {HospitalName}, t: {Address1})]", 0.0), operator: *, right: (1.0, 1.0), result: 0.0}
列 'p' 不存在，对列 Address1 不过滤，直接选择所有非无效值。
Block processing time: 0.017214 seconds
Computing Block 28 out of 45
Processing Block size=25
begin cleaner{left: ("[FunctionalDependency:(s: {HospitalName}, t: {Address1})]", 0.0), operator: *, right: (1.0, 1.0), result: 0.0}
列 'p' 不存在，对列 Address1 不过滤，直接选择所有非无效值。
Block processing time: 0.017183 seconds
Computing Block 29 out of 45
Processing Block size=25
begin cleaner{left: ("[FunctionalDependency:(s: {HospitalName}, t: {Address1})]", 0.0), operator: *, right: (1.0, 1.0), result: 0.0}
列 'p' 不存在，对列 Address1 不过滤，直接选择所有非无效值。
Block processing time: 0.01712 seconds
Computing Block 30 out of 45
Processing Block size=25
begin cleaner{left: ("[FunctionalDependency:(s: {HospitalName}, t: {Address1})]", 0.0), operator: *, right: (1.0, 1.0), result: 0.0}
列 'p' 不存在，对列 Address1 不过滤，直接选择所有非无效值。
Block processing time: 0.016994 seconds
Computing Block 31 out of 45
Processing Block size=25
begin cleaner{left: ("[FunctionalDependency:(s: {HospitalName}, t: {Address1})]", 0.0), operator: *, right: (1.0, 1.0), result: 0.0}
列 'p' 不存在，对列 Address1 不过滤，直接选择所有非无效值。
Block processing time: 0.017072 seconds
Computing Block 32 out of 45
Processing Block size=25
begin cleaner{left: ("[FunctionalDependency:(s: {HospitalName}, t: {Address1})]", 0.0), operator: *, right: (1.0, 1.0), result: 0.0}
列 'p' 不存在，对列 Address1 不过滤，直接选择所有非无效值。
Block processing time: 0.017041 seconds
Computing Block 33 out of 45
Processing Block size=25
begin cleaner{left: ("[FunctionalDependency:(s: {HospitalName}, t: {Address1})]", 0.0), operator: *, right: (1.0, 1.0), result: 0.0}
列 'p' 不存在，对列 Address1 不过滤，直接选择所有非无效值。
Block processing time: 0.016977 seconds
Computing Block 34 out of 45
Processing Block size=25
begin cleaner{left: ("[FunctionalDependency:(s: {HospitalName}, t: {Address1})]", 0.0), operator: *, right: (1.0, 1.0), result: 0.0}
列 'p' 不存在，对列 Address1 不过滤，直接选择所有非无效值。
Block processing time: 0.01735 seconds
Computing Block 35 out of 45
Processing Block size=25
begin cleaner{left: ("[FunctionalDependency:(s: {HospitalName}, t: {Address1})]", 0.0), operator: *, right: (1.0, 1.0), result: 0.0}
列 'p' 不存在，对列 Address1 不过滤，直接选择所有非无效值。
Block processing time: 0.017227 seconds
Computing Block 36 out of 45
Processing Block size=25
begin cleaner{left: ("[FunctionalDependency:(s: {HospitalName}, t: {Address1})]", 0.0), operator: *, right: (1.0, 1.0), result: 0.0}
列 'p' 不存在，对列 Address1 不过滤，直接选择所有非无效值。
Block processing time: 0.017194 seconds
Computing Block 37 out of 45
Processing Block size=25
begin cleaner{left: ("[FunctionalDependency:(s: {HospitalName}, t: {Address1})]", 0.0), operator: *, right: (1.0, 1.0), result: 0.0}
列 'p' 不存在，对列 Address1 不过滤，直接选择所有非无效值。
Block processing time: 0.017775 seconds
Computing Block 38 out of 45
Processing Block size=28
begin cleaner{left: ("[FunctionalDependency:(s: {HospitalName}, t: {Address1})]", 0.0), operator: *, right: (1.0, 1.0), result: 0.0}
列 'p' 不存在，对列 Address1 不过滤，直接选择所有非无效值。
Block processing time: 0.019346 seconds
Computing Block 39 out of 45
Processing Block size=25
begin cleaner{left: ("[FunctionalDependency:(s: {HospitalName}, t: {Address1})]", 0.0), operator: *, right: (1.0, 1.0), result: 0.0}
列 'p' 不存在，对列 Address1 不过滤，直接选择所有非无效值。
Block processing time: 0.017093 seconds
Computing Block 40 out of 45
Processing Block size=20
begin cleaner{left: ("[FunctionalDependency:(s: {HospitalName}, t: {Address1})]", 0.0), operator: *, right: (1.0, 1.0), result: 0.0}
列 'p' 不存在，对列 Address1 不过滤，直接选择所有非无效值。
Block processing time: 0.013724 seconds
Computing Block 41 out of 45
Processing Block size=18
begin cleaner{left: ("[FunctionalDependency:(s: {HospitalName}, t: {Address1})]", 0.0), operator: *, right: (1.0, 1.0), result: 0.0}
列 'p' 不存在，对列 Address1 不过滤，直接选择所有非无效值。
Block processing time: 0.012504 seconds
Computing Block 42 out of 45
Processing Block size=25
begin cleaner{left: ("[FunctionalDependency:(s: {HospitalName}, t: {Address1})]", 0.0), operator: *, right: (1.0, 1.0), result: 0.0}
列 'p' 不存在，对列 Address1 不过滤，直接选择所有非无效值。
Block processing time: 0.017384 seconds
Computing Block 43 out of 45
Processing Block size=25
begin cleaner{left: ("[FunctionalDependency:(s: {HospitalName}, t: {Address1})]", 0.0), operator: *, right: (1.0, 1.0), result: 0.0}
列 'p' 不存在，对列 Address1 不过滤，直接选择所有非无效值。
Block processing time: 0.017162 seconds
Computing Block 44 out of 45
Processing Block size=25
begin cleaner{left: ("[FunctionalDependency:(s: {HospitalName}, t: {Address1})]", 0.0), operator: *, right: (1.0, 1.0), result: 0.0}
列 'p' 不存在，对列 Address1 不过滤，直接选择所有非无效值。
Block processing time: 0.017121 seconds
Computing Block 45 out of 45
Processing Block size=25
begin cleaner{left: ("[FunctionalDependency:(s: {HospitalName}, t: {Address1})]", 0.0), operator: *, right: (1.0, 1.0), result: 0.0}
列 'p' 不存在，对列 Address1 不过滤，直接选择所有非无效值。
Block processing time: 0.017001 seconds
  当前节点: Address1 无清洗操作
  当前节点: HospitalOwner 存在可用清洗信号
数据块大小: 1000
分块属性:
[['HospitalName']]
Starting initial block mapping...
Initial number of blocks: 45
Final number of blocks after further splitting: 45
Computing Block 1 out of 45
Processing Block size=25
begin cleaner[FunctionalDependency:(s: {'HospitalName'}, t: {'HospitalOwner'})]*1.0
列 'p' 不存在，对列 HospitalOwner 不过滤，直接选择所有非无效值。
Block processing time: 0.017719 seconds
Computing Block 2 out of 45
Processing Block size=25
begin cleaner{left: ("[FunctionalDependency:(s: {HospitalName}, t: {HospitalOwner})]", 0.0), operator: *, right: (1.0, 1.0), result: 0.0}
列 'p' 不存在，对列 HospitalOwner 不过滤，直接选择所有非无效值。
Block processing time: 0.017214 seconds
Computing Block 3 out of 45
Processing Block size=25
begin cleaner{left: ("[FunctionalDependency:(s: {HospitalName}, t: {HospitalOwner})]", 0.0), operator: *, right: (1.0, 1.0), result: 0.0}
列 'p' 不存在，对列 HospitalOwner 不过滤，直接选择所有非无效值。
Block processing time: 0.017132 seconds
Computing Block 4 out of 45
Processing Block size=17
begin cleaner{left: ("[FunctionalDependency:(s: {HospitalName}, t: {HospitalOwner})]", 0.0), operator: *, right: (1.0, 1.0), result: 0.0}
列 'p' 不存在，对列 HospitalOwner 不过滤，直接选择所有非无效值。
Block processing time: 0.011529 seconds
Computing Block 5 out of 45
Processing Block size=2
begin cleaner{left: ("[FunctionalDependency:(s: {HospitalName}, t: {HospitalOwner})]", 0.0), operator: *, right: (1.0, 1.0), result: 0.0}
列 'p' 不存在，对列 HospitalOwner 不过滤，直接选择所有非无效值。
Block processing time: 0.001468 seconds
Computing Block 6 out of 45
Processing Block size=13
begin cleaner{left: ("[FunctionalDependency:(s: {HospitalName}, t: {HospitalOwner})]", 0.0), operator: *, right: (1.0, 1.0), result: 0.0}
列 'p' 不存在，对列 HospitalOwner 不过滤，直接选择所有非无效值。
Block processing time: 0.008847 seconds
Computing Block 7 out of 45
Processing Block size=20
begin cleaner{left: ("[FunctionalDependency:(s: {HospitalName}, t: {HospitalOwner})]", 0.0), operator: *, right: (1.0, 1.0), result: 0.0}
列 'p' 不存在，对列 HospitalOwner 不过滤，直接选择所有非无效值。
Block processing time: 0.013571 seconds
Computing Block 8 out of 45
Processing Block size=25
begin cleaner{left: ("[FunctionalDependency:(s: {HospitalName}, t: {HospitalOwner})]", 0.0), operator: *, right: (1.0, 1.0), result: 0.0}
列 'p' 不存在，对列 HospitalOwner 不过滤，直接选择所有非无效值。
Block processing time: 0.017866 seconds
Computing Block 9 out of 45
Processing Block size=25
begin cleaner{left: ("[FunctionalDependency:(s: {HospitalName}, t: {HospitalOwner})]", 0.0), operator: *, right: (1.0, 1.0), result: 0.0}
列 'p' 不存在，对列 HospitalOwner 不过滤，直接选择所有非无效值。
Block processing time: 0.017197 seconds
Computing Block 10 out of 45
Processing Block size=25
begin cleaner{left: ("[FunctionalDependency:(s: {HospitalName}, t: {HospitalOwner})]", 0.0), operator: *, right: (1.0, 1.0), result: 0.0}
列 'p' 不存在，对列 HospitalOwner 不过滤，直接选择所有非无效值。
Block processing time: 0.017067 seconds
Computing Block 11 out of 45
Processing Block size=25
begin cleaner{left: ("[FunctionalDependency:(s: {HospitalName}, t: {HospitalOwner})]", 0.0), operator: *, right: (1.0, 1.0), result: 0.0}
列 'p' 不存在，对列 HospitalOwner 不过滤，直接选择所有非无效值。
Block processing time: 0.017849 seconds
Computing Block 13 out of 45
Processing Block size=18
begin cleaner{left: ("[FunctionalDependency:(s: {HospitalName}, t: {HospitalOwner})]", 0.0), operator: *, right: (1.0, 1.0), result: 0.0}
列 'p' 不存在，对列 HospitalOwner 不过滤，直接选择所有非无效值。
Block processing time: 0.012578 seconds
Computing Block 14 out of 45
Processing Block size=25
begin cleaner{left: ("[FunctionalDependency:(s: {HospitalName}, t: {HospitalOwner})]", 0.0), operator: *, right: (1.0, 1.0), result: 0.0}
列 'p' 不存在，对列 HospitalOwner 不过滤，直接选择所有非无效值。
Block processing time: 0.017277 seconds
Computing Block 15 out of 45
Processing Block size=28
begin cleaner{left: ("[FunctionalDependency:(s: {HospitalName}, t: {HospitalOwner})]", 0.0), operator: *, right: (1.0, 1.0), result: 0.0}
列 'p' 不存在，对列 HospitalOwner 不过滤，直接选择所有非无效值。
Block processing time: 0.01915 seconds
Computing Block 16 out of 45
Processing Block size=25
begin cleaner{left: ("[FunctionalDependency:(s: {HospitalName}, t: {HospitalOwner})]", 0.0), operator: *, right: (1.0, 1.0), result: 0.0}
列 'p' 不存在，对列 HospitalOwner 不过滤，直接选择所有非无效值。
Block processing time: 0.016991 seconds
Computing Block 17 out of 45
Processing Block size=2
begin cleaner{left: ("[FunctionalDependency:(s: {HospitalName}, t: {HospitalOwner})]", 0.0), operator: *, right: (1.0, 1.0), result: 0.0}
列 'p' 不存在，对列 HospitalOwner 不过滤，直接选择所有非无效值。
Block processing time: 0.001476 seconds
Computing Block 18 out of 45
Processing Block size=28
begin cleaner{left: ("[FunctionalDependency:(s: {HospitalName}, t: {HospitalOwner})]", 0.0), operator: *, right: (1.0, 1.0), result: 0.0}
列 'p' 不存在，对列 HospitalOwner 不过滤，直接选择所有非无效值。
Block processing time: 0.019112 seconds
Computing Block 19 out of 45
Processing Block size=25
begin cleaner{left: ("[FunctionalDependency:(s: {HospitalName}, t: {HospitalOwner})]", 0.0), operator: *, right: (1.0, 1.0), result: 0.0}
列 'p' 不存在，对列 HospitalOwner 不过滤，直接选择所有非无效值。
Block processing time: 0.017194 seconds
Computing Block 20 out of 45
Processing Block size=25
begin cleaner{left: ("[FunctionalDependency:(s: {HospitalName}, t: {HospitalOwner})]", 0.0), operator: *, right: (1.0, 1.0), result: 0.0}
列 'p' 不存在，对列 HospitalOwner 不过滤，直接选择所有非无效值。
Block processing time: 0.016984 seconds
Computing Block 21 out of 45
Processing Block size=25
begin cleaner{left: ("[FunctionalDependency:(s: {HospitalName}, t: {HospitalOwner})]", 0.0), operator: *, right: (1.0, 1.0), result: 0.0}
列 'p' 不存在，对列 HospitalOwner 不过滤，直接选择所有非无效值。
Block processing time: 0.017147 seconds
Computing Block 22 out of 45
Processing Block size=25
begin cleaner{left: ("[FunctionalDependency:(s: {HospitalName}, t: {HospitalOwner})]", 0.0), operator: *, right: (1.0, 1.0), result: 0.0}
列 'p' 不存在，对列 HospitalOwner 不过滤，直接选择所有非无效值。
Block processing time: 0.017169 seconds
Computing Block 23 out of 45
Processing Block size=25
begin cleaner{left: ("[FunctionalDependency:(s: {HospitalName}, t: {HospitalOwner})]", 0.0), operator: *, right: (1.0, 1.0), result: 0.0}
列 'p' 不存在，对列 HospitalOwner 不过滤，直接选择所有非无效值。
Block processing time: 0.017007 seconds
Computing Block 24 out of 45
Processing Block size=25
begin cleaner{left: ("[FunctionalDependency:(s: {HospitalName}, t: {HospitalOwner})]", 0.0), operator: *, right: (1.0, 1.0), result: 0.0}
列 'p' 不存在，对列 HospitalOwner 不过滤，直接选择所有非无效值。
Block processing time: 0.016983 seconds
Computing Block 25 out of 45
Processing Block size=5
begin cleaner{left: ("[FunctionalDependency:(s: {HospitalName}, t: {HospitalOwner})]", 0.0), operator: *, right: (1.0, 1.0), result: 0.0}
列 'p' 不存在，对列 HospitalOwner 不过滤，直接选择所有非无效值。
Block processing time: 0.003485 seconds
Computing Block 26 out of 45
Processing Block size=25
begin cleaner{left: ("[FunctionalDependency:(s: {HospitalName}, t: {HospitalOwner})]", 0.0), operator: *, right: (1.0, 1.0), result: 0.0}
列 'p' 不存在，对列 HospitalOwner 不过滤，直接选择所有非无效值。
Block processing time: 0.017325 seconds
Computing Block 27 out of 45
Processing Block size=25
begin cleaner{left: ("[FunctionalDependency:(s: {HospitalName}, t: {HospitalOwner})]", 0.0), operator: *, right: (1.0, 1.0), result: 0.0}
列 'p' 不存在，对列 HospitalOwner 不过滤，直接选择所有非无效值。
Block processing time: 0.017502 seconds
Computing Block 28 out of 45
Processing Block size=25
begin cleaner{left: ("[FunctionalDependency:(s: {HospitalName}, t: {HospitalOwner})]", 0.0), operator: *, right: (1.0, 1.0), result: 0.0}
列 'p' 不存在，对列 HospitalOwner 不过滤，直接选择所有非无效值。
Block processing time: 0.017376 seconds
Computing Block 29 out of 45
Processing Block size=25
begin cleaner{left: ("[FunctionalDependency:(s: {HospitalName}, t: {HospitalOwner})]", 0.0), operator: *, right: (1.0, 1.0), result: 0.0}
列 'p' 不存在，对列 HospitalOwner 不过滤，直接选择所有非无效值。
Block processing time: 0.017216 seconds
Computing Block 30 out of 45
Processing Block size=25
begin cleaner{left: ("[FunctionalDependency:(s: {HospitalName}, t: {HospitalOwner})]", 0.0), operator: *, right: (1.0, 1.0), result: 0.0}
列 'p' 不存在，对列 HospitalOwner 不过滤，直接选择所有非无效值。
Block processing time: 0.017276 seconds
Computing Block 31 out of 45
Processing Block size=25
begin cleaner{left: ("[FunctionalDependency:(s: {HospitalName}, t: {HospitalOwner})]", 0.0), operator: *, right: (1.0, 1.0), result: 0.0}
列 'p' 不存在，对列 HospitalOwner 不过滤，直接选择所有非无效值。
Block processing time: 0.017469 seconds
Computing Block 32 out of 45
Processing Block size=25
begin cleaner{left: ("[FunctionalDependency:(s: {HospitalName}, t: {HospitalOwner})]", 0.0), operator: *, right: (1.0, 1.0), result: 0.0}
列 'p' 不存在，对列 HospitalOwner 不过滤，直接选择所有非无效值。
Block processing time: 0.017439 seconds
Computing Block 33 out of 45
Processing Block size=25
begin cleaner{left: ("[FunctionalDependency:(s: {HospitalName}, t: {HospitalOwner})]", 0.0), operator: *, right: (1.0, 1.0), result: 0.0}
列 'p' 不存在，对列 HospitalOwner 不过滤，直接选择所有非无效值。
Block processing time: 0.017146 seconds
Computing Block 34 out of 45
Processing Block size=25
begin cleaner{left: ("[FunctionalDependency:(s: {HospitalName}, t: {HospitalOwner})]", 0.0), operator: *, right: (1.0, 1.0), result: 0.0}
列 'p' 不存在，对列 HospitalOwner 不过滤，直接选择所有非无效值。
Block processing time: 0.01761 seconds
Computing Block 35 out of 45
Processing Block size=25
begin cleaner{left: ("[FunctionalDependency:(s: {HospitalName}, t: {HospitalOwner})]", 0.0), operator: *, right: (1.0, 1.0), result: 0.0}
列 'p' 不存在，对列 HospitalOwner 不过滤，直接选择所有非无效值。
Block processing time: 0.0171 seconds
Computing Block 36 out of 45
Processing Block size=25
begin cleaner{left: ("[FunctionalDependency:(s: {HospitalName}, t: {HospitalOwner})]", 0.0), operator: *, right: (1.0, 1.0), result: 0.0}
列 'p' 不存在，对列 HospitalOwner 不过滤，直接选择所有非无效值。
Block processing time: 0.017035 seconds
Computing Block 37 out of 45
Processing Block size=25
begin cleaner{left: ("[FunctionalDependency:(s: {HospitalName}, t: {HospitalOwner})]", 0.0), operator: *, right: (1.0, 1.0), result: 0.0}
列 'p' 不存在，对列 HospitalOwner 不过滤，直接选择所有非无效值。
Block processing time: 0.01701 seconds
Computing Block 38 out of 45
Processing Block size=28
begin cleaner{left: ("[FunctionalDependency:(s: {HospitalName}, t: {HospitalOwner})]", 0.0), operator: *, right: (1.0, 1.0), result: 0.0}
列 'p' 不存在，对列 HospitalOwner 不过滤，直接选择所有非无效值。
Block processing time: 0.019092 seconds
Computing Block 39 out of 45
Processing Block size=25
begin cleaner{left: ("[FunctionalDependency:(s: {HospitalName}, t: {HospitalOwner})]", 0.0), operator: *, right: (1.0, 1.0), result: 0.0}
列 'p' 不存在，对列 HospitalOwner 不过滤，直接选择所有非无效值。
Block processing time: 0.017231 seconds
Computing Block 40 out of 45
Processing Block size=20
begin cleaner{left: ("[FunctionalDependency:(s: {HospitalName}, t: {HospitalOwner})]", 0.0), operator: *, right: (1.0, 1.0), result: 0.0}
列 'p' 不存在，对列 HospitalOwner 不过滤，直接选择所有非无效值。
Block processing time: 0.014297 seconds
Computing Block 41 out of 45
Processing Block size=18
begin cleaner{left: ("[FunctionalDependency:(s: {HospitalName}, t: {HospitalOwner})]", 0.0), operator: *, right: (1.0, 1.0), result: 0.0}
列 'p' 不存在，对列 HospitalOwner 不过滤，直接选择所有非无效值。
Block processing time: 0.013674 seconds
Computing Block 42 out of 45
Processing Block size=25
begin cleaner{left: ("[FunctionalDependency:(s: {HospitalName}, t: {HospitalOwner})]", 0.0), operator: *, right: (1.0, 1.0), result: 0.0}
列 'p' 不存在，对列 HospitalOwner 不过滤，直接选择所有非无效值。
Block processing time: 0.017153 seconds
Computing Block 43 out of 45
Processing Block size=25
begin cleaner{left: ("[FunctionalDependency:(s: {HospitalName}, t: {HospitalOwner})]", 0.0), operator: *, right: (1.0, 1.0), result: 0.0}
列 'p' 不存在，对列 HospitalOwner 不过滤，直接选择所有非无效值。
Block processing time: 0.016974 seconds
Computing Block 44 out of 45
Processing Block size=25
begin cleaner{left: ("[FunctionalDependency:(s: {HospitalName}, t: {HospitalOwner})]", 0.0), operator: *, right: (1.0, 1.0), result: 0.0}
列 'p' 不存在，对列 HospitalOwner 不过滤，直接选择所有非无效值。
Block processing time: 0.017002 seconds
Computing Block 45 out of 45
Processing Block size=25
begin cleaner{left: ("[FunctionalDependency:(s: {HospitalName}, t: {HospitalOwner})]", 0.0), operator: *, right: (1.0, 1.0), result: 0.0}
列 'p' 不存在，对列 HospitalOwner 不过滤，直接选择所有非无效值。
Block processing time: 0.016972 seconds
  当前节点: HospitalOwner 无清洗操作
  当前节点: City 存在可用清洗信号
数据块大小: 1000
分块属性:
[['HospitalName']]
Starting initial block mapping...
Initial number of blocks: 45
Final number of blocks after further splitting: 45
Computing Block 1 out of 45
Processing Block size=25
begin cleaner[FunctionalDependency:(s: {'HospitalName'}, t: {'City'})]*1.0
列 'p' 不存在，对列 City 不过滤，直接选择所有非无效值。
Block processing time: 0.017524 seconds
Computing Block 2 out of 45
Processing Block size=25
begin cleaner{left: ("[FunctionalDependency:(s: {HospitalName}, t: {City})]", 0.0), operator: *, right: (1.0, 1.0), result: 0.0}
列 'p' 不存在，对列 City 不过滤，直接选择所有非无效值。
Block processing time: 0.017438 seconds
Computing Block 3 out of 45
Processing Block size=25
begin cleaner{left: ("[FunctionalDependency:(s: {HospitalName}, t: {City})]", 0.0), operator: *, right: (1.0, 1.0), result: 0.0}
列 'p' 不存在，对列 City 不过滤，直接选择所有非无效值。
Block processing time: 0.017112 seconds
Computing Block 4 out of 45
Processing Block size=17
begin cleaner{left: ("[FunctionalDependency:(s: {HospitalName}, t: {City})]", 0.0), operator: *, right: (1.0, 1.0), result: 0.0}
列 'p' 不存在，对列 City 不过滤，直接选择所有非无效值。
Block processing time: 0.011645 seconds
Computing Block 5 out of 45
Processing Block size=2
begin cleaner{left: ("[FunctionalDependency:(s: {HospitalName}, t: {City})]", 0.0), operator: *, right: (1.0, 1.0), result: 0.0}
列 'p' 不存在，对列 City 不过滤，直接选择所有非无效值。
Block processing time: 0.001477 seconds
Computing Block 6 out of 45
Processing Block size=13
begin cleaner{left: ("[FunctionalDependency:(s: {HospitalName}, t: {City})]", 0.0), operator: *, right: (1.0, 1.0), result: 0.0}
列 'p' 不存在，对列 City 不过滤，直接选择所有非无效值。
Block processing time: 0.009049 seconds
Computing Block 7 out of 45
Processing Block size=20
begin cleaner{left: ("[FunctionalDependency:(s: {HospitalName}, t: {City})]", 0.0), operator: *, right: (1.0, 1.0), result: 0.0}
列 'p' 不存在，对列 City 不过滤，直接选择所有非无效值。
Block processing time: 0.013537 seconds
Computing Block 8 out of 45
Processing Block size=25
begin cleaner{left: ("[FunctionalDependency:(s: {HospitalName}, t: {City})]", 0.0), operator: *, right: (1.0, 1.0), result: 0.0}
列 'p' 不存在，对列 City 不过滤，直接选择所有非无效值。
Block processing time: 0.018047 seconds
Computing Block 9 out of 45
Processing Block size=25
begin cleaner{left: ("[FunctionalDependency:(s: {HospitalName}, t: {City})]", 0.0), operator: *, right: (1.0, 1.0), result: 0.0}
列 'p' 不存在，对列 City 不过滤，直接选择所有非无效值。
Block processing time: 0.019226 seconds
Computing Block 10 out of 45
Processing Block size=25
begin cleaner{left: ("[FunctionalDependency:(s: {HospitalName}, t: {City})]", 0.0), operator: *, right: (1.0, 1.0), result: 0.0}
列 'p' 不存在，对列 City 不过滤，直接选择所有非无效值。
Block processing time: 0.019198 seconds
Computing Block 11 out of 45
Processing Block size=25
begin cleaner{left: ("[FunctionalDependency:(s: {HospitalName}, t: {City})]", 0.0), operator: *, right: (1.0, 1.0), result: 0.0}
列 'p' 不存在，对列 City 不过滤，直接选择所有非无效值。
Block processing time: 0.017187 seconds
Computing Block 13 out of 45
Processing Block size=18
begin cleaner{left: ("[FunctionalDependency:(s: {HospitalName}, t: {City})]", 0.0), operator: *, right: (1.0, 1.0), result: 0.0}
列 'p' 不存在，对列 City 不过滤，直接选择所有非无效值。
Block processing time: 0.013257 seconds
Computing Block 14 out of 45
Processing Block size=25
begin cleaner{left: ("[FunctionalDependency:(s: {HospitalName}, t: {City})]", 0.0), operator: *, right: (1.0, 1.0), result: 0.0}
列 'p' 不存在，对列 City 不过滤，直接选择所有非无效值。
Block processing time: 0.017177 seconds
Computing Block 15 out of 45
Processing Block size=28
begin cleaner{left: ("[FunctionalDependency:(s: {HospitalName}, t: {City})]", 0.0), operator: *, right: (1.0, 1.0), result: 0.0}
列 'p' 不存在，对列 City 不过滤，直接选择所有非无效值。
Block processing time: 0.01921 seconds
Computing Block 16 out of 45
Processing Block size=25
begin cleaner{left: ("[FunctionalDependency:(s: {HospitalName}, t: {City})]", 0.0), operator: *, right: (1.0, 1.0), result: 0.0}
列 'p' 不存在，对列 City 不过滤，直接选择所有非无效值。
Block processing time: 0.016952 seconds
Computing Block 17 out of 45
Processing Block size=2
begin cleaner{left: ("[FunctionalDependency:(s: {HospitalName}, t: {City})]", 0.0), operator: *, right: (1.0, 1.0), result: 0.0}
列 'p' 不存在，对列 City 不过滤，直接选择所有非无效值。
Block processing time: 0.001483 seconds
Computing Block 18 out of 45
Processing Block size=28
begin cleaner{left: ("[FunctionalDependency:(s: {HospitalName}, t: {City})]", 0.0), operator: *, right: (1.0, 1.0), result: 0.0}
列 'p' 不存在，对列 City 不过滤，直接选择所有非无效值。
Block processing time: 0.019331 seconds
Computing Block 19 out of 45
Processing Block size=25
begin cleaner{left: ("[FunctionalDependency:(s: {HospitalName}, t: {City})]", 0.0), operator: *, right: (1.0, 1.0), result: 0.0}
列 'p' 不存在，对列 City 不过滤，直接选择所有非无效值。
Block processing time: 0.017209 seconds
Computing Block 20 out of 45
Processing Block size=25
begin cleaner{left: ("[FunctionalDependency:(s: {HospitalName}, t: {City})]", 0.0), operator: *, right: (1.0, 1.0), result: 0.0}
列 'p' 不存在，对列 City 不过滤，直接选择所有非无效值。
Block processing time: 0.017092 seconds
Computing Block 21 out of 45
Processing Block size=25
begin cleaner{left: ("[FunctionalDependency:(s: {HospitalName}, t: {City})]", 0.0), operator: *, right: (1.0, 1.0), result: 0.0}
列 'p' 不存在，对列 City 不过滤，直接选择所有非无效值。
Block processing time: 0.016906 seconds
Computing Block 22 out of 45
Processing Block size=25
begin cleaner{left: ("[FunctionalDependency:(s: {HospitalName}, t: {City})]", 0.0), operator: *, right: (1.0, 1.0), result: 0.0}
列 'p' 不存在，对列 City 不过滤，直接选择所有非无效值。
Block processing time: 0.017085 seconds
Computing Block 23 out of 45
Processing Block size=25
begin cleaner{left: ("[FunctionalDependency:(s: {HospitalName}, t: {City})]", 0.0), operator: *, right: (1.0, 1.0), result: 0.0}
列 'p' 不存在，对列 City 不过滤，直接选择所有非无效值。
Block processing time: 0.017277 seconds
Computing Block 24 out of 45
Processing Block size=25
begin cleaner{left: ("[FunctionalDependency:(s: {HospitalName}, t: {City})]", 0.0), operator: *, right: (1.0, 1.0), result: 0.0}
列 'p' 不存在，对列 City 不过滤，直接选择所有非无效值。
Block processing time: 0.017004 seconds
Computing Block 25 out of 45
Processing Block size=5
begin cleaner{left: ("[FunctionalDependency:(s: {HospitalName}, t: {City})]", 0.0), operator: *, right: (1.0, 1.0), result: 0.0}
列 'p' 不存在，对列 City 不过滤，直接选择所有非无效值。
Block processing time: 0.003568 seconds
Computing Block 26 out of 45
Processing Block size=25
begin cleaner{left: ("[FunctionalDependency:(s: {HospitalName}, t: {City})]", 0.0), operator: *, right: (1.0, 1.0), result: 0.0}
列 'p' 不存在，对列 City 不过滤，直接选择所有非无效值。
Block processing time: 0.017703 seconds
Computing Block 27 out of 45
Processing Block size=25
begin cleaner{left: ("[FunctionalDependency:(s: {HospitalName}, t: {City})]", 0.0), operator: *, right: (1.0, 1.0), result: 0.0}
列 'p' 不存在，对列 City 不过滤，直接选择所有非无效值。
Block processing time: 0.017564 seconds
Computing Block 28 out of 45
Processing Block size=25
begin cleaner{left: ("[FunctionalDependency:(s: {HospitalName}, t: {City})]", 0.0), operator: *, right: (1.0, 1.0), result: 0.0}
列 'p' 不存在，对列 City 不过滤，直接选择所有非无效值。
Block processing time: 0.018408 seconds
Computing Block 29 out of 45
Processing Block size=25
begin cleaner{left: ("[FunctionalDependency:(s: {HospitalName}, t: {City})]", 0.0), operator: *, right: (1.0, 1.0), result: 0.0}
列 'p' 不存在，对列 City 不过滤，直接选择所有非无效值。
Block processing time: 0.017482 seconds
Computing Block 30 out of 45
Processing Block size=25
begin cleaner{left: ("[FunctionalDependency:(s: {HospitalName}, t: {City})]", 0.0), operator: *, right: (1.0, 1.0), result: 0.0}
列 'p' 不存在，对列 City 不过滤，直接选择所有非无效值。
Block processing time: 0.017192 seconds
Computing Block 31 out of 45
Processing Block size=25
begin cleaner{left: ("[FunctionalDependency:(s: {HospitalName}, t: {City})]", 0.0), operator: *, right: (1.0, 1.0), result: 0.0}
列 'p' 不存在，对列 City 不过滤，直接选择所有非无效值。
Block processing time: 0.017203 seconds
Computing Block 32 out of 45
Processing Block size=25
begin cleaner{left: ("[FunctionalDependency:(s: {HospitalName}, t: {City})]", 0.0), operator: *, right: (1.0, 1.0), result: 0.0}
列 'p' 不存在，对列 City 不过滤，直接选择所有非无效值。
Block processing time: 0.017426 seconds
Computing Block 33 out of 45
Processing Block size=25
begin cleaner{left: ("[FunctionalDependency:(s: {HospitalName}, t: {City})]", 0.0), operator: *, right: (1.0, 1.0), result: 0.0}
列 'p' 不存在，对列 City 不过滤，直接选择所有非无效值。
Block processing time: 0.017284 seconds
Computing Block 34 out of 45
Processing Block size=25
begin cleaner{left: ("[FunctionalDependency:(s: {HospitalName}, t: {City})]", 0.0), operator: *, right: (1.0, 1.0), result: 0.0}
列 'p' 不存在，对列 City 不过滤，直接选择所有非无效值。
Block processing time: 0.017532 seconds
Computing Block 35 out of 45
Processing Block size=25
begin cleaner{left: ("[FunctionalDependency:(s: {HospitalName}, t: {City})]", 0.0), operator: *, right: (1.0, 1.0), result: 0.0}
列 'p' 不存在，对列 City 不过滤，直接选择所有非无效值。
Block processing time: 0.017022 seconds
Computing Block 36 out of 45
Processing Block size=25
begin cleaner{left: ("[FunctionalDependency:(s: {HospitalName}, t: {City})]", 0.0), operator: *, right: (1.0, 1.0), result: 0.0}
列 'p' 不存在，对列 City 不过滤，直接选择所有非无效值。
Block processing time: 0.017114 seconds
Computing Block 37 out of 45
Processing Block size=25
begin cleaner{left: ("[FunctionalDependency:(s: {HospitalName}, t: {City})]", 0.0), operator: *, right: (1.0, 1.0), result: 0.0}
列 'p' 不存在，对列 City 不过滤，直接选择所有非无效值。
Block processing time: 0.017053 seconds
Computing Block 38 out of 45
Processing Block size=28
begin cleaner{left: ("[FunctionalDependency:(s: {HospitalName}, t: {City})]", 0.0), operator: *, right: (1.0, 1.0), result: 0.0}
列 'p' 不存在，对列 City 不过滤，直接选择所有非无效值。
Block processing time: 0.019614 seconds
Computing Block 39 out of 45
Processing Block size=25
begin cleaner{left: ("[FunctionalDependency:(s: {HospitalName}, t: {City})]", 0.0), operator: *, right: (1.0, 1.0), result: 0.0}
列 'p' 不存在，对列 City 不过滤，直接选择所有非无效值。
Block processing time: 0.017206 seconds
Computing Block 40 out of 45
Processing Block size=20
begin cleaner{left: ("[FunctionalDependency:(s: {HospitalName}, t: {City})]", 0.0), operator: *, right: (1.0, 1.0), result: 0.0}
列 'p' 不存在，对列 City 不过滤，直接选择所有非无效值。
Block processing time: 0.013959 seconds
Computing Block 41 out of 45
Processing Block size=18
begin cleaner{left: ("[FunctionalDependency:(s: {HospitalName}, t: {City})]", 0.0), operator: *, right: (1.0, 1.0), result: 0.0}
列 'p' 不存在，对列 City 不过滤，直接选择所有非无效值。
Block processing time: 0.012434 seconds
Computing Block 42 out of 45
Processing Block size=25
begin cleaner{left: ("[FunctionalDependency:(s: {HospitalName}, t: {City})]", 0.0), operator: *, right: (1.0, 1.0), result: 0.0}
列 'p' 不存在，对列 City 不过滤，直接选择所有非无效值。
Block processing time: 0.017481 seconds
Computing Block 43 out of 45
Processing Block size=25
begin cleaner{left: ("[FunctionalDependency:(s: {HospitalName}, t: {City})]", 0.0), operator: *, right: (1.0, 1.0), result: 0.0}
列 'p' 不存在，对列 City 不过滤，直接选择所有非无效值。
Block processing time: 0.017648 seconds
Computing Block 44 out of 45
Processing Block size=25
begin cleaner{left: ("[FunctionalDependency:(s: {HospitalName}, t: {City})]", 0.0), operator: *, right: (1.0, 1.0), result: 0.0}
列 'p' 不存在，对列 City 不过滤，直接选择所有非无效值。
Block processing time: 0.017264 seconds
Computing Block 45 out of 45
Processing Block size=25
begin cleaner{left: ("[FunctionalDependency:(s: {HospitalName}, t: {City})]", 0.0), operator: *, right: (1.0, 1.0), result: 0.0}
列 'p' 不存在，对列 City 不过滤，直接选择所有非无效值。
Block processing time: 0.017358 seconds
  当前节点: City 无清洗操作
  当前节点: MeasureName 存在可用清洗信号
数据块大小: 1000
分块属性:
[['MeasureCode']]
Starting initial block mapping...
Initial number of blocks: 54
Final number of blocks after further splitting: 54
Computing Block 1 out of 54
Processing Block size=39
begin cleaner[FunctionalDependency:(s: {'MeasureCode'}, t: {'MeasureName'})]*1.0
列 'p' 不存在，对列 MeasureName 不过滤，直接选择所有非无效值。
Block processing time: 0.026898 seconds
Computing Block 2 out of 54
Processing Block size=39
begin cleaner{left: ("[FunctionalDependency:(s: {MeasureCode}, t: {MeasureName})]", 0.0), operator: *, right: (1.0, 1.0), result: 0.0}
列 'p' 不存在，对列 MeasureName 不过滤，直接选择所有非无效值。
Block processing time: 0.026847 seconds
Computing Block 3 out of 54
Processing Block size=36
begin cleaner{left: ("[FunctionalDependency:(s: {MeasureCode}, t: {MeasureName})]", 0.0), operator: *, right: (1.0, 1.0), result: 0.0}
列 'p' 不存在，对列 MeasureName 不过滤，直接选择所有非无效值。
Block processing time: 0.024702 seconds
Computing Block 10 out of 54
Processing Block size=2
begin cleaner{left: ("[FunctionalDependency:(s: {MeasureCode}, t: {MeasureName})]", 0.0), operator: *, right: (1.0, 1.0), result: 0.0}
列 'p' 不存在，对列 MeasureName 不过滤，直接选择所有非无效值。
Block processing time: 0.001491 seconds
Computing Block 11 out of 54
Processing Block size=36
begin cleaner{left: ("[FunctionalDependency:(s: {MeasureCode}, t: {MeasureName})]", 0.0), operator: *, right: (1.0, 1.0), result: 0.0}
列 'p' 不存在，对列 MeasureName 不过滤，直接选择所有非无效值。
Block processing time: 0.02453 seconds
Computing Block 12 out of 54
Processing Block size=2
begin cleaner{left: ("[FunctionalDependency:(s: {MeasureCode}, t: {MeasureName})]", 0.0), operator: *, right: (1.0, 1.0), result: 0.0}
列 'p' 不存在，对列 MeasureName 不过滤，直接选择所有非无效值。
Block processing time: 0.001467 seconds
Computing Block 18 out of 54
Processing Block size=3
begin cleaner{left: ("[FunctionalDependency:(s: {MeasureCode}, t: {MeasureName})]", 0.0), operator: *, right: (1.0, 1.0), result: 0.0}
列 'p' 不存在，对列 MeasureName 不过滤，直接选择所有非无效值。
Block processing time: 0.002172 seconds
Computing Block 19 out of 54
Processing Block size=37
begin cleaner{left: ("[FunctionalDependency:(s: {MeasureCode}, t: {MeasureName})]", 0.0), operator: *, right: (1.0, 1.0), result: 0.0}
列 'p' 不存在，对列 MeasureName 不过滤，直接选择所有非无效值。
Block processing time: 0.025338 seconds
Computing Block 21 out of 54
Processing Block size=3
begin cleaner{left: ("[FunctionalDependency:(s: {MeasureCode}, t: {MeasureName})]", 0.0), operator: *, right: (1.0, 1.0), result: 0.0}
列 'p' 不存在，对列 MeasureName 不过滤，直接选择所有非无效值。
Block processing time: 0.002261 seconds
Computing Block 22 out of 54
Processing Block size=38
begin cleaner{left: ("[FunctionalDependency:(s: {MeasureCode}, t: {MeasureName})]", 0.0), operator: *, right: (1.0, 1.0), result: 0.0}
列 'p' 不存在，对列 MeasureName 不过滤，直接选择所有非无效值。
Block processing time: 0.026093 seconds
Computing Block 25 out of 54
Processing Block size=39
begin cleaner{left: ("[FunctionalDependency:(s: {MeasureCode}, t: {MeasureName})]", 0.0), operator: *, right: (1.0, 1.0), result: 0.0}
列 'p' 不存在，对列 MeasureName 不过滤，直接选择所有非无效值。
Block processing time: 0.029059 seconds
Computing Block 27 out of 54
Processing Block size=40
begin cleaner{left: ("[FunctionalDependency:(s: {MeasureCode}, t: {MeasureName})]", 0.0), operator: *, right: (1.0, 1.0), result: 0.0}
列 'p' 不存在，对列 MeasureName 不过滤，直接选择所有非无效值。
Block processing time: 0.02783 seconds
Computing Block 28 out of 54
Processing Block size=39
begin cleaner{left: ("[FunctionalDependency:(s: {MeasureCode}, t: {MeasureName})]", 0.0), operator: *, right: (1.0, 1.0), result: 0.0}
列 'p' 不存在，对列 MeasureName 不过滤，直接选择所有非无效值。
Block processing time: 0.026787 seconds
Computing Block 29 out of 54
Processing Block size=40
begin cleaner{left: ("[FunctionalDependency:(s: {MeasureCode}, t: {MeasureName})]", 0.0), operator: *, right: (1.0, 1.0), result: 0.0}
列 'p' 不存在，对列 MeasureName 不过滤，直接选择所有非无效值。
Block processing time: 0.027407 seconds
Computing Block 30 out of 54
Processing Block size=36
begin cleaner{left: ("[FunctionalDependency:(s: {MeasureCode}, t: {MeasureName})]", 0.0), operator: *, right: (1.0, 1.0), result: 0.0}
列 'p' 不存在，对列 MeasureName 不过滤，直接选择所有非无效值。
Block processing time: 0.024683 seconds
Computing Block 32 out of 54
Processing Block size=39
begin cleaner{left: ("[FunctionalDependency:(s: {MeasureCode}, t: {MeasureName})]", 0.0), operator: *, right: (1.0, 1.0), result: 0.0}
列 'p' 不存在，对列 MeasureName 不过滤，直接选择所有非无效值。
Block processing time: 0.02655 seconds
Computing Block 34 out of 54
Processing Block size=40
begin cleaner{left: ("[FunctionalDependency:(s: {MeasureCode}, t: {MeasureName})]", 0.0), operator: *, right: (1.0, 1.0), result: 0.0}
列 'p' 不存在，对列 MeasureName 不过滤，直接选择所有非无效值。
Block processing time: 0.028085 seconds
Computing Block 35 out of 54
Processing Block size=38
begin cleaner{left: ("[FunctionalDependency:(s: {MeasureCode}, t: {MeasureName})]", 0.0), operator: *, right: (1.0, 1.0), result: 0.0}
列 'p' 不存在，对列 MeasureName 不过滤，直接选择所有非无效值。
Block processing time: 0.025996 seconds
Computing Block 36 out of 54
Processing Block size=2
begin cleaner{left: ("[FunctionalDependency:(s: {MeasureCode}, t: {MeasureName})]", 0.0), operator: *, right: (1.0, 1.0), result: 0.0}
列 'p' 不存在，对列 MeasureName 不过滤，直接选择所有非无效值。
Block processing time: 0.0015 seconds
Computing Block 38 out of 54
Processing Block size=37
begin cleaner{left: ("[FunctionalDependency:(s: {MeasureCode}, t: {MeasureName})]", 0.0), operator: *, right: (1.0, 1.0), result: 0.0}
列 'p' 不存在，对列 MeasureName 不过滤，直接选择所有非无效值。
Block processing time: 0.025044 seconds
Computing Block 39 out of 54
Processing Block size=39
begin cleaner{left: ("[FunctionalDependency:(s: {MeasureCode}, t: {MeasureName})]", 0.0), operator: *, right: (1.0, 1.0), result: 0.0}
列 'p' 不存在，对列 MeasureName 不过滤，直接选择所有非无效值。
Block processing time: 0.02683 seconds
Computing Block 40 out of 54
Processing Block size=40
begin cleaner{left: ("[FunctionalDependency:(s: {MeasureCode}, t: {MeasureName})]", 0.0), operator: *, right: (1.0, 1.0), result: 0.0}
列 'p' 不存在，对列 MeasureName 不过滤，直接选择所有非无效值。
Block processing time: 0.027845 seconds
Computing Block 41 out of 54
Processing Block size=38
begin cleaner{left: ("[FunctionalDependency:(s: {MeasureCode}, t: {MeasureName})]", 0.0), operator: *, right: (1.0, 1.0), result: 0.0}
列 'p' 不存在，对列 MeasureName 不过滤，直接选择所有非无效值。
Block processing time: 0.026077 seconds
Computing Block 43 out of 54
Processing Block size=39
begin cleaner{left: ("[FunctionalDependency:(s: {MeasureCode}, t: {MeasureName})]", 0.0), operator: *, right: (1.0, 1.0), result: 0.0}
列 'p' 不存在，对列 MeasureName 不过滤，直接选择所有非无效值。
Block processing time: 0.026555 seconds
Computing Block 44 out of 54
Processing Block size=39
begin cleaner{left: ("[FunctionalDependency:(s: {MeasureCode}, t: {MeasureName})]", 0.0), operator: *, right: (1.0, 1.0), result: 0.0}
列 'p' 不存在，对列 MeasureName 不过滤，直接选择所有非无效值。
Block processing time: 0.026695 seconds
Computing Block 45 out of 54
Processing Block size=41
begin cleaner{left: ("[FunctionalDependency:(s: {MeasureCode}, t: {MeasureName})]", 0.0), operator: *, right: (1.0, 1.0), result: 0.0}
列 'p' 不存在，对列 MeasureName 不过滤，直接选择所有非无效值。
Block processing time: 0.028065 seconds
Computing Block 46 out of 54
Processing Block size=2
begin cleaner{left: ("[FunctionalDependency:(s: {MeasureCode}, t: {MeasureName})]", 0.0), operator: *, right: (1.0, 1.0), result: 0.0}
列 'p' 不存在，对列 MeasureName 不过滤，直接选择所有非无效值。
Block processing time: 0.001464 seconds
Computing Block 47 out of 54
Processing Block size=38
begin cleaner{left: ("[FunctionalDependency:(s: {MeasureCode}, t: {MeasureName})]", 0.0), operator: *, right: (1.0, 1.0), result: 0.0}
列 'p' 不存在，对列 MeasureName 不过滤，直接选择所有非无效值。
Block processing time: 0.026149 seconds
Computing Block 49 out of 54
Processing Block size=40
begin cleaner{left: ("[FunctionalDependency:(s: {MeasureCode}, t: {MeasureName})]", 0.0), operator: *, right: (1.0, 1.0), result: 0.0}
列 'p' 不存在，对列 MeasureName 不过滤，直接选择所有非无效值。
Block processing time: 0.027545 seconds
Computing Block 51 out of 54
Processing Block size=38
begin cleaner{left: ("[FunctionalDependency:(s: {MeasureCode}, t: {MeasureName})]", 0.0), operator: *, right: (1.0, 1.0), result: 0.0}
列 'p' 不存在，对列 MeasureName 不过滤，直接选择所有非无效值。
Block processing time: 0.026977 seconds
Computing Block 53 out of 54
Processing Block size=38
begin cleaner{left: ("[FunctionalDependency:(s: {MeasureCode}, t: {MeasureName})]", 0.0), operator: *, right: (1.0, 1.0), result: 0.0}
列 'p' 不存在，对列 MeasureName 不过滤，直接选择所有非无效值。
Block processing time: 0.026555 seconds
  当前节点: MeasureName 无清洗操作
  当前节点: Stateavg 存在可用清洗信号
数据块大小: 1000
分块属性:
[['MeasureCode']]
Starting initial block mapping...
Initial number of blocks: 54
Final number of blocks after further splitting: 54
Computing Block 1 out of 54
Processing Block size=39
begin cleaner[FunctionalDependency:(s: {'MeasureCode'}, t: {'Stateavg'})]*1.0
列 'p' 不存在，对列 Stateavg 不过滤，直接选择所有非无效值。
Block processing time: 0.027239 seconds
Computing Block 2 out of 54
Processing Block size=39
begin cleaner{left: ("[FunctionalDependency:(s: {MeasureCode}, t: {Stateavg})]", 0.0), operator: *, right: (1.0, 1.0), result: 0.0}
列 'p' 不存在，对列 Stateavg 不过滤，直接选择所有非无效值。
Block processing time: 0.026513 seconds
Computing Block 3 out of 54
Processing Block size=36
begin cleaner{left: ("[FunctionalDependency:(s: {MeasureCode}, t: {Stateavg})]", 0.0), operator: *, right: (1.0, 1.0), result: 0.0}
列 'p' 不存在，对列 Stateavg 不过滤，直接选择所有非无效值。
Block processing time: 0.024636 seconds
Computing Block 10 out of 54
Processing Block size=2
begin cleaner{left: ("[FunctionalDependency:(s: {MeasureCode}, t: {Stateavg})]", 0.0), operator: *, right: (1.0, 1.0), result: 0.0}
列 'p' 不存在，对列 Stateavg 不过滤，直接选择所有非无效值。
Block processing time: 0.001484 seconds
Computing Block 11 out of 54
Processing Block size=36
begin cleaner{left: ("[FunctionalDependency:(s: {MeasureCode}, t: {Stateavg})]", 0.0), operator: *, right: (1.0, 1.0), result: 0.0}
列 'p' 不存在，对列 Stateavg 不过滤，直接选择所有非无效值。
Block processing time: 0.024844 seconds
Computing Block 12 out of 54
Processing Block size=2
begin cleaner{left: ("[FunctionalDependency:(s: {MeasureCode}, t: {Stateavg})]", 0.0), operator: *, right: (1.0, 1.0), result: 0.0}
列 'p' 不存在，对列 Stateavg 不过滤，直接选择所有非无效值。
Block processing time: 0.001469 seconds
Computing Block 18 out of 54
Processing Block size=3
begin cleaner{left: ("[FunctionalDependency:(s: {MeasureCode}, t: {Stateavg})]", 0.0), operator: *, right: (1.0, 1.0), result: 0.0}
列 'p' 不存在，对列 Stateavg 不过滤，直接选择所有非无效值。
Block processing time: 0.002165 seconds
Computing Block 19 out of 54
Processing Block size=37
begin cleaner{left: ("[FunctionalDependency:(s: {MeasureCode}, t: {Stateavg})]", 0.0), operator: *, right: (1.0, 1.0), result: 0.0}
列 'p' 不存在，对列 Stateavg 不过滤，直接选择所有非无效值。
Block processing time: 0.025415 seconds
Computing Block 21 out of 54
Processing Block size=3
begin cleaner{left: ("[FunctionalDependency:(s: {MeasureCode}, t: {Stateavg})]", 0.0), operator: *, right: (1.0, 1.0), result: 0.0}
列 'p' 不存在，对列 Stateavg 不过滤，直接选择所有非无效值。
Block processing time: 0.002162 seconds
Computing Block 22 out of 54
Processing Block size=38
begin cleaner{left: ("[FunctionalDependency:(s: {MeasureCode}, t: {Stateavg})]", 0.0), operator: *, right: (1.0, 1.0), result: 0.0}
列 'p' 不存在，对列 Stateavg 不过滤，直接选择所有非无效值。
Block processing time: 0.025891 seconds
Computing Block 25 out of 54
Processing Block size=39
begin cleaner{left: ("[FunctionalDependency:(s: {MeasureCode}, t: {Stateavg})]", 0.0), operator: *, right: (1.0, 1.0), result: 0.0}
列 'p' 不存在，对列 Stateavg 不过滤，直接选择所有非无效值。
Block processing time: 0.02688 seconds
Computing Block 27 out of 54
Processing Block size=40
begin cleaner{left: ("[FunctionalDependency:(s: {MeasureCode}, t: {Stateavg})]", 0.0), operator: *, right: (1.0, 1.0), result: 0.0}
列 'p' 不存在，对列 Stateavg 不过滤，直接选择所有非无效值。
Block processing time: 0.027963 seconds
Computing Block 28 out of 54
Processing Block size=39
begin cleaner{left: ("[FunctionalDependency:(s: {MeasureCode}, t: {Stateavg})]", 0.0), operator: *, right: (1.0, 1.0), result: 0.0}
列 'p' 不存在，对列 Stateavg 不过滤，直接选择所有非无效值。
Block processing time: 0.026672 seconds
Computing Block 29 out of 54
Processing Block size=40
begin cleaner{left: ("[FunctionalDependency:(s: {MeasureCode}, t: {Stateavg})]", 0.0), operator: *, right: (1.0, 1.0), result: 0.0}
列 'p' 不存在，对列 Stateavg 不过滤，直接选择所有非无效值。
Block processing time: 0.027138 seconds
Computing Block 30 out of 54
Processing Block size=36
begin cleaner{left: ("[FunctionalDependency:(s: {MeasureCode}, t: {Stateavg})]", 0.0), operator: *, right: (1.0, 1.0), result: 0.0}
列 'p' 不存在，对列 Stateavg 不过滤，直接选择所有非无效值。
Block processing time: 0.024547 seconds
Computing Block 32 out of 54
Processing Block size=39
begin cleaner{left: ("[FunctionalDependency:(s: {MeasureCode}, t: {Stateavg})]", 0.0), operator: *, right: (1.0, 1.0), result: 0.0}
列 'p' 不存在，对列 Stateavg 不过滤，直接选择所有非无效值。
Block processing time: 0.027124 seconds
Computing Block 34 out of 54
Processing Block size=40
begin cleaner{left: ("[FunctionalDependency:(s: {MeasureCode}, t: {Stateavg})]", 0.0), operator: *, right: (1.0, 1.0), result: 0.0}
列 'p' 不存在，对列 Stateavg 不过滤，直接选择所有非无效值。
Block processing time: 0.027653 seconds
Computing Block 35 out of 54
Processing Block size=38
begin cleaner{left: ("[FunctionalDependency:(s: {MeasureCode}, t: {Stateavg})]", 0.0), operator: *, right: (1.0, 1.0), result: 0.0}
列 'p' 不存在，对列 Stateavg 不过滤，直接选择所有非无效值。
Block processing time: 0.026232 seconds
Computing Block 36 out of 54
Processing Block size=2
begin cleaner{left: ("[FunctionalDependency:(s: {MeasureCode}, t: {Stateavg})]", 0.0), operator: *, right: (1.0, 1.0), result: 0.0}
列 'p' 不存在，对列 Stateavg 不过滤，直接选择所有非无效值。
Block processing time: 0.001576 seconds
Computing Block 38 out of 54
Processing Block size=37
begin cleaner{left: ("[FunctionalDependency:(s: {MeasureCode}, t: {Stateavg})]", 0.0), operator: *, right: (1.0, 1.0), result: 0.0}
列 'p' 不存在，对列 Stateavg 不过滤，直接选择所有非无效值。
Block processing time: 0.025243 seconds
Computing Block 39 out of 54
Processing Block size=39
begin cleaner{left: ("[FunctionalDependency:(s: {MeasureCode}, t: {Stateavg})]", 0.0), operator: *, right: (1.0, 1.0), result: 0.0}
列 'p' 不存在，对列 Stateavg 不过滤，直接选择所有非无效值。
Block processing time: 0.026509 seconds
Computing Block 40 out of 54
Processing Block size=40
begin cleaner{left: ("[FunctionalDependency:(s: {MeasureCode}, t: {Stateavg})]", 0.0), operator: *, right: (1.0, 1.0), result: 0.0}
列 'p' 不存在，对列 Stateavg 不过滤，直接选择所有非无效值。
Block processing time: 0.027274 seconds
Computing Block 41 out of 54
Processing Block size=38
begin cleaner{left: ("[FunctionalDependency:(s: {MeasureCode}, t: {Stateavg})]", 0.0), operator: *, right: (1.0, 1.0), result: 0.0}
列 'p' 不存在，对列 Stateavg 不过滤，直接选择所有非无效值。
Block processing time: 0.026949 seconds
Computing Block 43 out of 54
Processing Block size=39
begin cleaner{left: ("[FunctionalDependency:(s: {MeasureCode}, t: {Stateavg})]", 0.0), operator: *, right: (1.0, 1.0), result: 0.0}
列 'p' 不存在，对列 Stateavg 不过滤，直接选择所有非无效值。
Block processing time: 0.026839 seconds
Computing Block 44 out of 54
Processing Block size=39
begin cleaner{left: ("[FunctionalDependency:(s: {MeasureCode}, t: {Stateavg})]", 0.0), operator: *, right: (1.0, 1.0), result: 0.0}
列 'p' 不存在，对列 Stateavg 不过滤，直接选择所有非无效值。
Block processing time: 0.026495 seconds
Computing Block 45 out of 54
Processing Block size=41
begin cleaner{left: ("[FunctionalDependency:(s: {MeasureCode}, t: {Stateavg})]", 0.0), operator: *, right: (1.0, 1.0), result: 0.0}
列 'p' 不存在，对列 Stateavg 不过滤，直接选择所有非无效值。
Block processing time: 0.028459 seconds
Computing Block 46 out of 54
Processing Block size=2
begin cleaner{left: ("[FunctionalDependency:(s: {MeasureCode}, t: {Stateavg})]", 0.0), operator: *, right: (1.0, 1.0), result: 0.0}
列 'p' 不存在，对列 Stateavg 不过滤，直接选择所有非无效值。
Block processing time: 0.00149 seconds
Computing Block 47 out of 54
Processing Block size=38
begin cleaner{left: ("[FunctionalDependency:(s: {MeasureCode}, t: {Stateavg})]", 0.0), operator: *, right: (1.0, 1.0), result: 0.0}
列 'p' 不存在，对列 Stateavg 不过滤，直接选择所有非无效值。
Block processing time: 0.02575 seconds
Computing Block 49 out of 54
Processing Block size=40
begin cleaner{left: ("[FunctionalDependency:(s: {MeasureCode}, t: {Stateavg})]", 0.0), operator: *, right: (1.0, 1.0), result: 0.0}
列 'p' 不存在，对列 Stateavg 不过滤，直接选择所有非无效值。
Block processing time: 0.027421 seconds
Computing Block 51 out of 54
Processing Block size=38
begin cleaner{left: ("[FunctionalDependency:(s: {MeasureCode}, t: {Stateavg})]", 0.0), operator: *, right: (1.0, 1.0), result: 0.0}
列 'p' 不存在，对列 Stateavg 不过滤，直接选择所有非无效值。
Block processing time: 0.025774 seconds
Computing Block 53 out of 54
Processing Block size=38
begin cleaner{left: ("[FunctionalDependency:(s: {MeasureCode}, t: {Stateavg})]", 0.0), operator: *, right: (1.0, 1.0), result: 0.0}
列 'p' 不存在，对列 Stateavg 不过滤，直接选择所有非无效值。
Block processing time: 0.026047 seconds
  当前节点: Stateavg 无清洗操作
  当前节点: Condition 存在可用清洗信号
数据块大小: 1000
分块属性:
[['MeasureCode']]
Starting initial block mapping...
Initial number of blocks: 54
Final number of blocks after further splitting: 54
Computing Block 1 out of 54
Processing Block size=39
begin cleaner[FunctionalDependency:(s: {'MeasureCode'}, t: {'Condition'})]*1.0
列 'p' 不存在，对列 Condition 不过滤，直接选择所有非无效值。
Block processing time: 0.027381 seconds
Computing Block 2 out of 54
Processing Block size=39
begin cleaner{left: ("[FunctionalDependency:(s: {MeasureCode}, t: {Condition})]", 0.0), operator: *, right: (1.0, 1.0), result: 0.0}
列 'p' 不存在，对列 Condition 不过滤，直接选择所有非无效值。
Block processing time: 0.026776 seconds
Computing Block 3 out of 54
Processing Block size=36
begin cleaner{left: ("[FunctionalDependency:(s: {MeasureCode}, t: {Condition})]", 0.0), operator: *, right: (1.0, 1.0), result: 0.0}
列 'p' 不存在，对列 Condition 不过滤，直接选择所有非无效值。
Block processing time: 0.024466 seconds
Computing Block 10 out of 54
Processing Block size=2
begin cleaner{left: ("[FunctionalDependency:(s: {MeasureCode}, t: {Condition})]", 0.0), operator: *, right: (1.0, 1.0), result: 0.0}
列 'p' 不存在，对列 Condition 不过滤，直接选择所有非无效值。
Block processing time: 0.001476 seconds
Computing Block 11 out of 54
Processing Block size=36
begin cleaner{left: ("[FunctionalDependency:(s: {MeasureCode}, t: {Condition})]", 0.0), operator: *, right: (1.0, 1.0), result: 0.0}
列 'p' 不存在，对列 Condition 不过滤，直接选择所有非无效值。
Block processing time: 0.024562 seconds
Computing Block 12 out of 54
Processing Block size=2
begin cleaner{left: ("[FunctionalDependency:(s: {MeasureCode}, t: {Condition})]", 0.0), operator: *, right: (1.0, 1.0), result: 0.0}
列 'p' 不存在，对列 Condition 不过滤，直接选择所有非无效值。
Block processing time: 0.001496 seconds
Computing Block 18 out of 54
Processing Block size=3
begin cleaner{left: ("[FunctionalDependency:(s: {MeasureCode}, t: {Condition})]", 0.0), operator: *, right: (1.0, 1.0), result: 0.0}
列 'p' 不存在，对列 Condition 不过滤，直接选择所有非无效值。
Block processing time: 0.002135 seconds
Computing Block 19 out of 54
Processing Block size=37
begin cleaner{left: ("[FunctionalDependency:(s: {MeasureCode}, t: {Condition})]", 0.0), operator: *, right: (1.0, 1.0), result: 0.0}
列 'p' 不存在，对列 Condition 不过滤，直接选择所有非无效值。
Block processing time: 0.025234 seconds
Computing Block 21 out of 54
Processing Block size=3
begin cleaner{left: ("[FunctionalDependency:(s: {MeasureCode}, t: {Condition})]", 0.0), operator: *, right: (1.0, 1.0), result: 0.0}
列 'p' 不存在，对列 Condition 不过滤，直接选择所有非无效值。
Block processing time: 0.002143 seconds
Computing Block 22 out of 54
Processing Block size=38
begin cleaner{left: ("[FunctionalDependency:(s: {MeasureCode}, t: {Condition})]", 0.0), operator: *, right: (1.0, 1.0), result: 0.0}
列 'p' 不存在，对列 Condition 不过滤，直接选择所有非无效值。
Block processing time: 0.025932 seconds
Computing Block 25 out of 54
Processing Block size=39
begin cleaner{left: ("[FunctionalDependency:(s: {MeasureCode}, t: {Condition})]", 0.0), operator: *, right: (1.0, 1.0), result: 0.0}
列 'p' 不存在，对列 Condition 不过滤，直接选择所有非无效值。
Block processing time: 0.026521 seconds
Computing Block 27 out of 54
Processing Block size=40
begin cleaner{left: ("[FunctionalDependency:(s: {MeasureCode}, t: {Condition})]", 0.0), operator: *, right: (1.0, 1.0), result: 0.0}
列 'p' 不存在，对列 Condition 不过滤，直接选择所有非无效值。
Block processing time: 0.027835 seconds
Computing Block 28 out of 54
Processing Block size=39
begin cleaner{left: ("[FunctionalDependency:(s: {MeasureCode}, t: {Condition})]", 0.0), operator: *, right: (1.0, 1.0), result: 0.0}
列 'p' 不存在，对列 Condition 不过滤，直接选择所有非无效值。
Block processing time: 0.02687 seconds
Computing Block 29 out of 54
Processing Block size=40
begin cleaner{left: ("[FunctionalDependency:(s: {MeasureCode}, t: {Condition})]", 0.0), operator: *, right: (1.0, 1.0), result: 0.0}
列 'p' 不存在，对列 Condition 不过滤，直接选择所有非无效值。
Block processing time: 0.027169 seconds
Computing Block 30 out of 54
Processing Block size=36
begin cleaner{left: ("[FunctionalDependency:(s: {MeasureCode}, t: {Condition})]", 0.0), operator: *, right: (1.0, 1.0), result: 0.0}
列 'p' 不存在，对列 Condition 不过滤，直接选择所有非无效值。
Block processing time: 0.026546 seconds
Computing Block 32 out of 54
Processing Block size=39
begin cleaner{left: ("[FunctionalDependency:(s: {MeasureCode}, t: {Condition})]", 0.0), operator: *, right: (1.0, 1.0), result: 0.0}
列 'p' 不存在，对列 Condition 不过滤，直接选择所有非无效值。
Block processing time: 0.029439 seconds
Computing Block 34 out of 54
Processing Block size=40
begin cleaner{left: ("[FunctionalDependency:(s: {MeasureCode}, t: {Condition})]", 0.0), operator: *, right: (1.0, 1.0), result: 0.0}
列 'p' 不存在，对列 Condition 不过滤，直接选择所有非无效值。
Block processing time: 0.027784 seconds
Computing Block 35 out of 54
Processing Block size=38
begin cleaner{left: ("[FunctionalDependency:(s: {MeasureCode}, t: {Condition})]", 0.0), operator: *, right: (1.0, 1.0), result: 0.0}
列 'p' 不存在，对列 Condition 不过滤，直接选择所有非无效值。
Block processing time: 0.025909 seconds
Computing Block 36 out of 54
Processing Block size=2
begin cleaner{left: ("[FunctionalDependency:(s: {MeasureCode}, t: {Condition})]", 0.0), operator: *, right: (1.0, 1.0), result: 0.0}
列 'p' 不存在，对列 Condition 不过滤，直接选择所有非无效值。
Block processing time: 0.001491 seconds
Computing Block 38 out of 54
Processing Block size=37
begin cleaner{left: ("[FunctionalDependency:(s: {MeasureCode}, t: {Condition})]", 0.0), operator: *, right: (1.0, 1.0), result: 0.0}
列 'p' 不存在，对列 Condition 不过滤，直接选择所有非无效值。
Block processing time: 0.02522 seconds
Computing Block 39 out of 54
Processing Block size=39
begin cleaner{left: ("[FunctionalDependency:(s: {MeasureCode}, t: {Condition})]", 0.0), operator: *, right: (1.0, 1.0), result: 0.0}
列 'p' 不存在，对列 Condition 不过滤，直接选择所有非无效值。
Block processing time: 0.026775 seconds
Computing Block 40 out of 54
Processing Block size=40
begin cleaner{left: ("[FunctionalDependency:(s: {MeasureCode}, t: {Condition})]", 0.0), operator: *, right: (1.0, 1.0), result: 0.0}
列 'p' 不存在，对列 Condition 不过滤，直接选择所有非无效值。
Block processing time: 0.02842 seconds
Computing Block 41 out of 54
Processing Block size=38
begin cleaner{left: ("[FunctionalDependency:(s: {MeasureCode}, t: {Condition})]", 0.0), operator: *, right: (1.0, 1.0), result: 0.0}
列 'p' 不存在，对列 Condition 不过滤，直接选择所有非无效值。
Block processing time: 0.026426 seconds
Computing Block 43 out of 54
Processing Block size=39
begin cleaner{left: ("[FunctionalDependency:(s: {MeasureCode}, t: {Condition})]", 0.0), operator: *, right: (1.0, 1.0), result: 0.0}
列 'p' 不存在，对列 Condition 不过滤，直接选择所有非无效值。
Block processing time: 0.026885 seconds
Computing Block 44 out of 54
Processing Block size=39
begin cleaner{left: ("[FunctionalDependency:(s: {MeasureCode}, t: {Condition})]", 0.0), operator: *, right: (1.0, 1.0), result: 0.0}
列 'p' 不存在，对列 Condition 不过滤，直接选择所有非无效值。
Block processing time: 0.026583 seconds
Computing Block 45 out of 54
Processing Block size=41
begin cleaner{left: ("[FunctionalDependency:(s: {MeasureCode}, t: {Condition})]", 0.0), operator: *, right: (1.0, 1.0), result: 0.0}
列 'p' 不存在，对列 Condition 不过滤，直接选择所有非无效值。
Block processing time: 0.027863 seconds
Computing Block 46 out of 54
Processing Block size=2
begin cleaner{left: ("[FunctionalDependency:(s: {MeasureCode}, t: {Condition})]", 0.0), operator: *, right: (1.0, 1.0), result: 0.0}
列 'p' 不存在，对列 Condition 不过滤，直接选择所有非无效值。
Block processing time: 0.001555 seconds
Computing Block 47 out of 54
Processing Block size=38
begin cleaner{left: ("[FunctionalDependency:(s: {MeasureCode}, t: {Condition})]", 0.0), operator: *, right: (1.0, 1.0), result: 0.0}
列 'p' 不存在，对列 Condition 不过滤，直接选择所有非无效值。
Block processing time: 0.025963 seconds
Computing Block 49 out of 54
Processing Block size=40
begin cleaner{left: ("[FunctionalDependency:(s: {MeasureCode}, t: {Condition})]", 0.0), operator: *, right: (1.0, 1.0), result: 0.0}
列 'p' 不存在，对列 Condition 不过滤，直接选择所有非无效值。
Block processing time: 0.028124 seconds
Computing Block 51 out of 54
Processing Block size=38
begin cleaner{left: ("[FunctionalDependency:(s: {MeasureCode}, t: {Condition})]", 0.0), operator: *, right: (1.0, 1.0), result: 0.0}
列 'p' 不存在，对列 Condition 不过滤，直接选择所有非无效值。
Block processing time: 0.025973 seconds
Computing Block 53 out of 54
Processing Block size=38
begin cleaner{left: ("[FunctionalDependency:(s: {MeasureCode}, t: {Condition})]", 0.0), operator: *, right: (1.0, 1.0), result: 0.0}
列 'p' 不存在，对列 Condition 不过滤，直接选择所有非无效值。
Block processing time: 0.02601 seconds
  当前节点: Condition 无清洗操作
['ZipCode', 'PhoneNumber', 'Address1', 'HospitalOwner', 'City', 'MeasureName', 'Stateavg', 'Condition']的清洗完成

本层累积的编辑规则数: 0
本层没有可以进行的清洗操作，进行下一层

处理第 3 层级, 包含节点: ['EmergencyService', 'State', 'CountyName', 'HospitalType']
  当前节点: EmergencyService 存在可用清洗信号
数据块大小: 1000
分块属性:
[['ZipCode']]
Starting initial block mapping...
Initial number of blocks: 44
Final number of blocks after further splitting: 44
Computing Block 1 out of 44
Processing Block size=25
begin cleaner[FunctionalDependency:(s: {'ZipCode'}, t: {'EmergencyService'})]*1.0
列 'p' 不存在，对列 EmergencyService 不过滤，直接选择所有非无效值。
Block processing time: 0.017386 seconds
Computing Block 2 out of 44
Processing Block size=25
begin cleaner{left: ("[FunctionalDependency:(s: {ZipCode}, t: {EmergencyService})]", 0.0), operator: *, right: (1.0, 1.0), result: 0.0}
列 'p' 不存在，对列 EmergencyService 不过滤，直接选择所有非无效值。
clean_bool length:4
newest best op: Uniop(df,'EmergencyService','yxs',(['ZipCode'], {('36302',)}),{left: ("[FunctionalDependency:(s: {ZipCode}, t: {EmergencyService})]", 0.0), operator: *, right: (1.0, 1.0), result: 0.0})
now error: 0.0
newest best op: Uniop(df,'EmergencyService','yes',(['ZipCode'], {('36302',)}),{left: ("[FunctionalDependency:(s: {ZipCode}, t: {EmergencyService})]", 0.0), operator: *, right: (1.0, 1.0), result: 0.0})
now error: 0.0
Block processing time: 0.064263 seconds
Computing Block 3 out of 44
Processing Block size=25
begin cleaner{left: ("[FunctionalDependency:(s: {ZipCode}, t: {EmergencyService})]", 0.0), operator: *, right: (1.0, 1.0), result: 0.0}
列 'p' 不存在，对列 EmergencyService 不过滤，直接选择所有非无效值。
Block processing time: 0.017088 seconds
Computing Block 4 out of 44
Processing Block size=17
begin cleaner{left: ("[FunctionalDependency:(s: {ZipCode}, t: {EmergencyService})]", 0.0), operator: *, right: (1.0, 1.0), result: 0.0}
列 'p' 不存在，对列 EmergencyService 不过滤，直接选择所有非无效值。
clean_bool length:3
newest best op: Uniop(df,'EmergencyService','yex',(['ZipCode'], {('36305',)}),{left: ("[FunctionalDependency:(s: {ZipCode}, t: {EmergencyService})]", 0.0), operator: *, right: (1.0, 1.0), result: 0.0})
now error: 0.0
newest best op: Uniop(df,'EmergencyService','yes',(['ZipCode'], {('36305',)}),{left: ("[FunctionalDependency:(s: {ZipCode}, t: {EmergencyService})]", 0.0), operator: *, right: (1.0, 1.0), result: 0.0})
now error: 0.0
Block processing time: 0.035107 seconds
Computing Block 5 out of 44
Processing Block size=2
begin cleaner{left: ("[FunctionalDependency:(s: {ZipCode}, t: {EmergencyService})]", 0.0), operator: *, right: (1.0, 1.0), result: 0.0}
列 'p' 不存在，对列 EmergencyService 不过滤，直接选择所有非无效值。
Block processing time: 0.00153 seconds
Computing Block 6 out of 44
Processing Block size=13
begin cleaner{left: ("[FunctionalDependency:(s: {ZipCode}, t: {EmergencyService})]", 0.0), operator: *, right: (1.0, 1.0), result: 0.0}
列 'p' 不存在，对列 EmergencyService 不过滤，直接选择所有非无效值。
clean_bool length:3
newest best op: Uniop(df,'EmergencyService','yxs',(['ZipCode'], {('36617',)}),{left: ("[FunctionalDependency:(s: {ZipCode}, t: {EmergencyService})]", 0.0), operator: *, right: (1.0, 1.0), result: 0.0})
now error: 0.0
newest best op: Uniop(df,'EmergencyService','yes',(['ZipCode'], {('36617',)}),{left: ("[FunctionalDependency:(s: {ZipCode}, t: {EmergencyService})]", 0.0), operator: *, right: (1.0, 1.0), result: 0.0})
now error: 0.0
Block processing time: 0.025349 seconds
Computing Block 7 out of 44
Processing Block size=20
begin cleaner{left: ("[FunctionalDependency:(s: {ZipCode}, t: {EmergencyService})]", 0.0), operator: *, right: (1.0, 1.0), result: 0.0}
列 'p' 不存在，对列 EmergencyService 不过滤，直接选择所有非无效值。
clean_bool length:3
newest best op: Uniop(df,'EmergencyService','yxs',(['ZipCode'], {('36067',)}),{left: ("[FunctionalDependency:(s: {ZipCode}, t: {EmergencyService})]", 0.0), operator: *, right: (1.0, 1.0), result: 0.0})
now error: 0.0
newest best op: Uniop(df,'EmergencyService','yes',(['ZipCode'], {('36067',)}),{left: ("[FunctionalDependency:(s: {ZipCode}, t: {EmergencyService})]", 0.0), operator: *, right: (1.0, 1.0), result: 0.0})
now error: 0.0
Block processing time: 0.038525 seconds
Computing Block 8 out of 44
Processing Block size=25
begin cleaner{left: ("[FunctionalDependency:(s: {ZipCode}, t: {EmergencyService})]", 0.0), operator: *, right: (1.0, 1.0), result: 0.0}
列 'p' 不存在，对列 EmergencyService 不过滤，直接选择所有非无效值。
Block processing time: 0.016975 seconds
Computing Block 9 out of 44
Processing Block size=25
begin cleaner{left: ("[FunctionalDependency:(s: {ZipCode}, t: {EmergencyService})]", 0.0), operator: *, right: (1.0, 1.0), result: 0.0}
列 'p' 不存在，对列 EmergencyService 不过滤，直接选择所有非无效值。
Block processing time: 0.016933 seconds
Computing Block 10 out of 44
Processing Block size=25
begin cleaner{left: ("[FunctionalDependency:(s: {ZipCode}, t: {EmergencyService})]", 0.0), operator: *, right: (1.0, 1.0), result: 0.0}
列 'p' 不存在，对列 EmergencyService 不过滤，直接选择所有非无效值。
clean_bool length:3
newest best op: Uniop(df,'EmergencyService','xes',(['ZipCode'], {('35903',)}),{left: ("[FunctionalDependency:(s: {ZipCode}, t: {EmergencyService})]", 0.0), operator: *, right: (1.0, 1.0), result: 0.0})
now error: 0.0
newest best op: Uniop(df,'EmergencyService','yes',(['ZipCode'], {('35903',)}),{left: ("[FunctionalDependency:(s: {ZipCode}, t: {EmergencyService})]", 0.0), operator: *, right: (1.0, 1.0), result: 0.0})
now error: 0.0
Block processing time: 0.048163 seconds
Computing Block 12 out of 44
Processing Block size=18
begin cleaner{left: ("[FunctionalDependency:(s: {ZipCode}, t: {EmergencyService})]", 0.0), operator: *, right: (1.0, 1.0), result: 0.0}
列 'p' 不存在，对列 EmergencyService 不过滤，直接选择所有非无效值。
Block processing time: 0.012527 seconds
Computing Block 13 out of 44
Processing Block size=50
begin cleaner{left: ("[FunctionalDependency:(s: {ZipCode}, t: {EmergencyService})]", 0.0), operator: *, right: (1.0, 1.0), result: 0.0}
列 'p' 不存在，对列 EmergencyService 不过滤，直接选择所有非无效值。
clean_bool length:3
newest best op: Uniop(df,'EmergencyService','yex',(['ZipCode'], {('35233',)}),{left: ("[FunctionalDependency:(s: {ZipCode}, t: {EmergencyService})]", 0.0), operator: *, right: (1.0, 1.0), result: 0.0})
now error: 0.0
newest best op: Uniop(df,'EmergencyService','yes',(['ZipCode'], {('35233',)}),{left: ("[FunctionalDependency:(s: {ZipCode}, t: {EmergencyService})]", 0.0), operator: *, right: (1.0, 1.0), result: 0.0})
now error: 0.0
Block processing time: 0.097339 seconds
Computing Block 14 out of 44
Processing Block size=25
begin cleaner{left: ("[FunctionalDependency:(s: {ZipCode}, t: {EmergencyService})]", 0.0), operator: *, right: (1.0, 1.0), result: 0.0}
列 'p' 不存在，对列 EmergencyService 不过滤，直接选择所有非无效值。
clean_bool length:3
newest best op: Uniop(df,'EmergencyService','yex',(['ZipCode'], {('35594',)}),{left: ("[FunctionalDependency:(s: {ZipCode}, t: {EmergencyService})]", 0.0), operator: *, right: (1.0, 1.0), result: 0.0})
now error: 0.0
newest best op: Uniop(df,'EmergencyService','yes',(['ZipCode'], {('35594',)}),{left: ("[FunctionalDependency:(s: {ZipCode}, t: {EmergencyService})]", 0.0), operator: *, right: (1.0, 1.0), result: 0.0})
now error: 0.0
Block processing time: 0.048244 seconds
Computing Block 15 out of 44
Processing Block size=28
begin cleaner{left: ("[FunctionalDependency:(s: {ZipCode}, t: {EmergencyService})]", 0.0), operator: *, right: (1.0, 1.0), result: 0.0}
列 'p' 不存在，对列 EmergencyService 不过滤，直接选择所有非无效值。
clean_bool length:3
newest best op: Uniop(df,'EmergencyService','yxs',(['ZipCode'], {('35801',)}),{left: ("[FunctionalDependency:(s: {ZipCode}, t: {EmergencyService})]", 0.0), operator: *, right: (1.0, 1.0), result: 0.0})
now error: 0.0
newest best op: Uniop(df,'EmergencyService','yes',(['ZipCode'], {('35801',)}),{left: ("[FunctionalDependency:(s: {ZipCode}, t: {EmergencyService})]", 0.0), operator: *, right: (1.0, 1.0), result: 0.0})
now error: 0.0
Block processing time: 0.055013 seconds
Computing Block 16 out of 44
Processing Block size=25
begin cleaner{left: ("[FunctionalDependency:(s: {ZipCode}, t: {EmergencyService})]", 0.0), operator: *, right: (1.0, 1.0), result: 0.0}
列 'p' 不存在，对列 EmergencyService 不过滤，直接选择所有非无效值。
clean_bool length:3
newest best op: Uniop(df,'EmergencyService','yex',(['ZipCode'], {('35555',)}),{left: ("[FunctionalDependency:(s: {ZipCode}, t: {EmergencyService})]", 0.0), operator: *, right: (1.0, 1.0), result: 0.0})
now error: 0.0
newest best op: Uniop(df,'EmergencyService','yes',(['ZipCode'], {('35555',)}),{left: ("[FunctionalDependency:(s: {ZipCode}, t: {EmergencyService})]", 0.0), operator: *, right: (1.0, 1.0), result: 0.0})
now error: 0.0
Block processing time: 0.049427 seconds
Computing Block 17 out of 44
Processing Block size=2
begin cleaner{left: ("[FunctionalDependency:(s: {ZipCode}, t: {EmergencyService})]", 0.0), operator: *, right: (1.0, 1.0), result: 0.0}
列 'p' 不存在，对列 EmergencyService 不过滤，直接选择所有非无效值。
Block processing time: 0.001628 seconds
Computing Block 18 out of 44
Processing Block size=28
begin cleaner{left: ("[FunctionalDependency:(s: {ZipCode}, t: {EmergencyService})]", 0.0), operator: *, right: (1.0, 1.0), result: 0.0}
列 'p' 不存在，对列 EmergencyService 不过滤，直接选择所有非无效值。
clean_bool length:4
newest best op: Uniop(df,'EmergencyService','xes',(['ZipCode'], {('36201',)}),{left: ("[FunctionalDependency:(s: {ZipCode}, t: {EmergencyService})]", 0.0), operator: *, right: (1.0, 1.0), result: 0.0})
now error: 0.0
newest best op: Uniop(df,'EmergencyService','yes',(['ZipCode'], {('36201',)}),{left: ("[FunctionalDependency:(s: {ZipCode}, t: {EmergencyService})]", 0.0), operator: *, right: (1.0, 1.0), result: 0.0})
now error: 0.0
Block processing time: 0.072027 seconds
Computing Block 19 out of 44
Processing Block size=25
begin cleaner{left: ("[FunctionalDependency:(s: {ZipCode}, t: {EmergencyService})]", 0.0), operator: *, right: (1.0, 1.0), result: 0.0}
列 'p' 不存在，对列 EmergencyService 不过滤，直接选择所有非无效值。
Block processing time: 0.017201 seconds
Computing Block 20 out of 44
Processing Block size=25
begin cleaner{left: ("[FunctionalDependency:(s: {ZipCode}, t: {EmergencyService})]", 0.0), operator: *, right: (1.0, 1.0), result: 0.0}
列 'p' 不存在，对列 EmergencyService 不过滤，直接选择所有非无效值。
Block processing time: 0.017051 seconds
Computing Block 21 out of 44
Processing Block size=25
begin cleaner{left: ("[FunctionalDependency:(s: {ZipCode}, t: {EmergencyService})]", 0.0), operator: *, right: (1.0, 1.0), result: 0.0}
列 'p' 不存在，对列 EmergencyService 不过滤，直接选择所有非无效值。
Block processing time: 0.017022 seconds
Computing Block 22 out of 44
Processing Block size=25
begin cleaner{left: ("[FunctionalDependency:(s: {ZipCode}, t: {EmergencyService})]", 0.0), operator: *, right: (1.0, 1.0), result: 0.0}
列 'p' 不存在，对列 EmergencyService 不过滤，直接选择所有非无效值。
clean_bool length:4
newest best op: Uniop(df,'EmergencyService','yxs',(['ZipCode'], {('36116',)}),{left: ("[FunctionalDependency:(s: {ZipCode}, t: {EmergencyService})]", 0.0), operator: *, right: (1.0, 1.0), result: 0.0})
now error: 0.0
newest best op: Uniop(df,'EmergencyService','yes',(['ZipCode'], {('36116',)}),{left: ("[FunctionalDependency:(s: {ZipCode}, t: {EmergencyService})]", 0.0), operator: *, right: (1.0, 1.0), result: 0.0})
now error: 0.0
Block processing time: 0.064331 seconds
Computing Block 23 out of 44
Processing Block size=25
begin cleaner{left: ("[FunctionalDependency:(s: {ZipCode}, t: {EmergencyService})]", 0.0), operator: *, right: (1.0, 1.0), result: 0.0}
列 'p' 不存在，对列 EmergencyService 不过滤，直接选择所有非无效值。
Block processing time: 0.01758 seconds
Computing Block 24 out of 44
Processing Block size=25
begin cleaner{left: ("[FunctionalDependency:(s: {ZipCode}, t: {EmergencyService})]", 0.0), operator: *, right: (1.0, 1.0), result: 0.0}
列 'p' 不存在，对列 EmergencyService 不过滤，直接选择所有非无效值。
clean_bool length:3
newest best op: Uniop(df,'EmergencyService','yxs',(['ZipCode'], {('35957',)}),{left: ("[FunctionalDependency:(s: {ZipCode}, t: {EmergencyService})]", 0.0), operator: *, right: (1.0, 1.0), result: 0.0})
now error: 0.0
newest best op: Uniop(df,'EmergencyService','yes',(['ZipCode'], {('35957',)}),{left: ("[FunctionalDependency:(s: {ZipCode}, t: {EmergencyService})]", 0.0), operator: *, right: (1.0, 1.0), result: 0.0})
now error: 0.0
Block processing time: 0.049394 seconds
Computing Block 25 out of 44
Processing Block size=5
begin cleaner{left: ("[FunctionalDependency:(s: {ZipCode}, t: {EmergencyService})]", 0.0), operator: *, right: (1.0, 1.0), result: 0.0}
列 'p' 不存在，对列 EmergencyService 不过滤，直接选择所有非无效值。
clean_bool length:3
newest best op: Uniop(df,'EmergencyService','yxs',(['ZipCode'], {('35205',)}),{left: ("[FunctionalDependency:(s: {ZipCode}, t: {EmergencyService})]", 0.0), operator: *, right: (1.0, 1.0), result: 0.0})
now error: 0.0
newest best op: Uniop(df,'EmergencyService','yes',(['ZipCode'], {('35205',)}),{left: ("[FunctionalDependency:(s: {ZipCode}, t: {EmergencyService})]", 0.0), operator: *, right: (1.0, 1.0), result: 0.0})
now error: 0.0
Block processing time: 0.010462 seconds
Computing Block 26 out of 44
Processing Block size=25
begin cleaner{left: ("[FunctionalDependency:(s: {ZipCode}, t: {EmergencyService})]", 0.0), operator: *, right: (1.0, 1.0), result: 0.0}
列 'p' 不存在，对列 EmergencyService 不过滤，直接选择所有非无效值。
clean_bool length:3
newest best op: Uniop(df,'EmergencyService','yxs',(['ZipCode'], {('35960',)}),{left: ("[FunctionalDependency:(s: {ZipCode}, t: {EmergencyService})]", 0.0), operator: *, right: (1.0, 1.0), result: 0.0})
now error: 0.0
newest best op: Uniop(df,'EmergencyService','yes',(['ZipCode'], {('35960',)}),{left: ("[FunctionalDependency:(s: {ZipCode}, t: {EmergencyService})]", 0.0), operator: *, right: (1.0, 1.0), result: 0.0})
now error: 0.0
Block processing time: 0.048273 seconds
Computing Block 27 out of 44
Processing Block size=25
begin cleaner{left: ("[FunctionalDependency:(s: {ZipCode}, t: {EmergencyService})]", 0.0), operator: *, right: (1.0, 1.0), result: 0.0}
列 'p' 不存在，对列 EmergencyService 不过滤，直接选择所有非无效值。
Block processing time: 0.017121 seconds
Computing Block 28 out of 44
Processing Block size=25
begin cleaner{left: ("[FunctionalDependency:(s: {ZipCode}, t: {EmergencyService})]", 0.0), operator: *, right: (1.0, 1.0), result: 0.0}
列 'p' 不存在，对列 EmergencyService 不过滤，直接选择所有非无效值。
clean_bool length:3
newest best op: Uniop(df,'EmergencyService','xes',(['ZipCode'], {('36106',)}),{left: ("[FunctionalDependency:(s: {ZipCode}, t: {EmergencyService})]", 0.0), operator: *, right: (1.0, 1.0), result: 0.0})
now error: 0.0
newest best op: Uniop(df,'EmergencyService','yes',(['ZipCode'], {('36106',)}),{left: ("[FunctionalDependency:(s: {ZipCode}, t: {EmergencyService})]", 0.0), operator: *, right: (1.0, 1.0), result: 0.0})
now error: 0.0
Block processing time: 0.048384 seconds
Computing Block 29 out of 44
Processing Block size=25
begin cleaner{left: ("[FunctionalDependency:(s: {ZipCode}, t: {EmergencyService})]", 0.0), operator: *, right: (1.0, 1.0), result: 0.0}
列 'p' 不存在，对列 EmergencyService 不过滤，直接选择所有非无效值。
Block processing time: 0.017166 seconds
Computing Block 30 out of 44
Processing Block size=25
begin cleaner{left: ("[FunctionalDependency:(s: {ZipCode}, t: {EmergencyService})]", 0.0), operator: *, right: (1.0, 1.0), result: 0.0}
列 'p' 不存在，对列 EmergencyService 不过滤，直接选择所有非无效值。
Block processing time: 0.017032 seconds
Computing Block 31 out of 44
Processing Block size=25
begin cleaner{left: ("[FunctionalDependency:(s: {ZipCode}, t: {EmergencyService})]", 0.0), operator: *, right: (1.0, 1.0), result: 0.0}
列 'p' 不存在，对列 EmergencyService 不过滤，直接选择所有非无效值。
clean_bool length:3
newest best op: Uniop(df,'EmergencyService','yxs',(['ZipCode'], {('35640',)}),{left: ("[FunctionalDependency:(s: {ZipCode}, t: {EmergencyService})]", 0.0), operator: *, right: (1.0, 1.0), result: 0.0})
now error: 0.0
newest best op: Uniop(df,'EmergencyService','yes',(['ZipCode'], {('35640',)}),{left: ("[FunctionalDependency:(s: {ZipCode}, t: {EmergencyService})]", 0.0), operator: *, right: (1.0, 1.0), result: 0.0})
now error: 0.0
Block processing time: 0.047953 seconds
Computing Block 32 out of 44
Processing Block size=25
begin cleaner{left: ("[FunctionalDependency:(s: {ZipCode}, t: {EmergencyService})]", 0.0), operator: *, right: (1.0, 1.0), result: 0.0}
列 'p' 不存在，对列 EmergencyService 不过滤，直接选择所有非无效值。
Block processing time: 0.016879 seconds
Computing Block 33 out of 44
Processing Block size=25
begin cleaner{left: ("[FunctionalDependency:(s: {ZipCode}, t: {EmergencyService})]", 0.0), operator: *, right: (1.0, 1.0), result: 0.0}
列 'p' 不存在，对列 EmergencyService 不过滤，直接选择所有非无效值。
Block processing time: 0.017096 seconds
Computing Block 34 out of 44
Processing Block size=25
begin cleaner{left: ("[FunctionalDependency:(s: {ZipCode}, t: {EmergencyService})]", 0.0), operator: *, right: (1.0, 1.0), result: 0.0}
列 'p' 不存在，对列 EmergencyService 不过滤，直接选择所有非无效值。
clean_bool length:3
newest best op: Uniop(df,'EmergencyService','xes',(['ZipCode'], {('36854',)}),{left: ("[FunctionalDependency:(s: {ZipCode}, t: {EmergencyService})]", 0.0), operator: *, right: (1.0, 1.0), result: 0.0})
now error: 0.0
newest best op: Uniop(df,'EmergencyService','yes',(['ZipCode'], {('36854',)}),{left: ("[FunctionalDependency:(s: {ZipCode}, t: {EmergencyService})]", 0.0), operator: *, right: (1.0, 1.0), result: 0.0})
now error: 0.0
Block processing time: 0.048949 seconds
Computing Block 35 out of 44
Processing Block size=25
begin cleaner{left: ("[FunctionalDependency:(s: {ZipCode}, t: {EmergencyService})]", 0.0), operator: *, right: (1.0, 1.0), result: 0.0}
列 'p' 不存在，对列 EmergencyService 不过滤，直接选择所有非无效值。
clean_bool length:3
newest best op: Uniop(df,'EmergencyService','yxs',(['ZipCode'], {('35570',)}),{left: ("[FunctionalDependency:(s: {ZipCode}, t: {EmergencyService})]", 0.0), operator: *, right: (1.0, 1.0), result: 0.0})
now error: 0.0
newest best op: Uniop(df,'EmergencyService','yes',(['ZipCode'], {('35570',)}),{left: ("[FunctionalDependency:(s: {ZipCode}, t: {EmergencyService})]", 0.0), operator: *, right: (1.0, 1.0), result: 0.0})
now error: 0.0
Block processing time: 0.048865 seconds
Computing Block 36 out of 44
Processing Block size=25
begin cleaner{left: ("[FunctionalDependency:(s: {ZipCode}, t: {EmergencyService})]", 0.0), operator: *, right: (1.0, 1.0), result: 0.0}
列 'p' 不存在，对列 EmergencyService 不过滤，直接选择所有非无效值。
Block processing time: 0.017157 seconds
Computing Block 37 out of 44
Processing Block size=25
begin cleaner{left: ("[FunctionalDependency:(s: {ZipCode}, t: {EmergencyService})]", 0.0), operator: *, right: (1.0, 1.0), result: 0.0}
列 'p' 不存在，对列 EmergencyService 不过滤，直接选择所有非无效值。
clean_bool length:3
newest best op: Uniop(df,'EmergencyService','yex',(['ZipCode'], {('36801',)}),{left: ("[FunctionalDependency:(s: {ZipCode}, t: {EmergencyService})]", 0.0), operator: *, right: (1.0, 1.0), result: 0.0})
now error: 0.0
newest best op: Uniop(df,'EmergencyService','yes',(['ZipCode'], {('36801',)}),{left: ("[FunctionalDependency:(s: {ZipCode}, t: {EmergencyService})]", 0.0), operator: *, right: (1.0, 1.0), result: 0.0})
now error: 0.0
Block processing time: 0.048462 seconds
Computing Block 38 out of 44
Processing Block size=28
begin cleaner{left: ("[FunctionalDependency:(s: {ZipCode}, t: {EmergencyService})]", 0.0), operator: *, right: (1.0, 1.0), result: 0.0}
列 'p' 不存在，对列 EmergencyService 不过滤，直接选择所有非无效值。
clean_bool length:4
newest best op: Uniop(df,'EmergencyService','yxs',(['ZipCode'], {('35901',)}),{left: ("[FunctionalDependency:(s: {ZipCode}, t: {EmergencyService})]", 0.0), operator: *, right: (1.0, 1.0), result: 0.0})
now error: 0.0
newest best op: Uniop(df,'EmergencyService','yes',(['ZipCode'], {('35901',)}),{left: ("[FunctionalDependency:(s: {ZipCode}, t: {EmergencyService})]", 0.0), operator: *, right: (1.0, 1.0), result: 0.0})
now error: 0.0
Block processing time: 0.071166 seconds
Computing Block 39 out of 44
Processing Block size=25
begin cleaner{left: ("[FunctionalDependency:(s: {ZipCode}, t: {EmergencyService})]", 0.0), operator: *, right: (1.0, 1.0), result: 0.0}
列 'p' 不存在，对列 EmergencyService 不过滤，直接选择所有非无效值。
Block processing time: 0.017063 seconds
Computing Block 40 out of 44
Processing Block size=20
begin cleaner{left: ("[FunctionalDependency:(s: {ZipCode}, t: {EmergencyService})]", 0.0), operator: *, right: (1.0, 1.0), result: 0.0}
列 'p' 不存在，对列 EmergencyService 不过滤，直接选择所有非无效值。
Block processing time: 0.013896 seconds
Computing Block 41 out of 44
Processing Block size=18
begin cleaner{left: ("[FunctionalDependency:(s: {ZipCode}, t: {EmergencyService})]", 0.0), operator: *, right: (1.0, 1.0), result: 0.0}
列 'p' 不存在，对列 EmergencyService 不过滤，直接选择所有非无效值。
clean_bool length:3
newest best op: Uniop(df,'EmergencyService','no',(['ZipCode'], {('35150',)}),{left: ("[FunctionalDependency:(s: {ZipCode}, t: {EmergencyService})]", 0.0), operator: *, right: (1.0, 1.0), result: 0.0})
now error: 0.0
Block processing time: 0.035159 seconds
Computing Block 42 out of 44
Processing Block size=25
begin cleaner{left: ("[FunctionalDependency:(s: {ZipCode}, t: {EmergencyService})]", 0.0), operator: *, right: (1.0, 1.0), result: 0.0}
列 'p' 不存在，对列 EmergencyService 不过滤，直接选择所有非无效值。
Block processing time: 0.017034 seconds
Computing Block 43 out of 44
Processing Block size=25
begin cleaner{left: ("[FunctionalDependency:(s: {ZipCode}, t: {EmergencyService})]", 0.0), operator: *, right: (1.0, 1.0), result: 0.0}
列 'p' 不存在，对列 EmergencyService 不过滤，直接选择所有非无效值。
Block processing time: 0.017049 seconds
Computing Block 44 out of 44
Processing Block size=25
begin cleaner{left: ("[FunctionalDependency:(s: {ZipCode}, t: {EmergencyService})]", 0.0), operator: *, right: (1.0, 1.0), result: 0.0}
列 'p' 不存在，对列 EmergencyService 不过滤，直接选择所有非无效值。
clean_bool length:3
newest best op: Uniop(df,'EmergencyService','no',(['ZipCode'], {('36278',)}),{left: ("[FunctionalDependency:(s: {ZipCode}, t: {EmergencyService})]", 0.0), operator: *, right: (1.0, 1.0), result: 0.0})
now error: 0.0
Block processing time: 0.048505 seconds
  当前节点: EmergencyService 有 22 个清洗操作
  当前节点: State 存在可用清洗信号
数据块大小: 1000
分块属性:
[['HospitalName', 'HospitalOwner', 'PhoneNumber']]
Starting initial block mapping...
Initial number of blocks: 45
Final number of blocks after further splitting: 45
Computing Block 1 out of 45
Processing Block size=25
begin cleaner[FunctionalDependency:(s: {'HospitalName', 'HospitalOwner', 'PhoneNumber'}, t: {'State'})]*1.0
列 'p' 不存在，对列 State 不过滤，直接选择所有非无效值。
Block processing time: 0.018057 seconds
Computing Block 2 out of 45
Processing Block size=25
begin cleaner{left: ("[FunctionalDependency:(s: {HospitalName, HospitalOwner, PhoneNumber}, t: {State})]", 0.0), operator: *, right: (1.0, 1.0), result: 0.0}
列 'p' 不存在，对列 State 不过滤，直接选择所有非无效值。
clean_bool length:3
newest best op: Uniop(df,'State','al',(['HospitalName', 'HospitalOwner', 'PhoneNumber'], {('southeast alabama medical center', 'government - hospital district or authority', '3347938701')}),{left: ("[FunctionalDependency:(s: {HospitalName, HospitalOwner, PhoneNumber}, t: {State})]", 0.0), operator: *, right: (1.0, 1.0), result: 0.0})
now error: 0.0
Block processing time: 0.052936 seconds
Computing Block 3 out of 45
Processing Block size=25
begin cleaner{left: ("[FunctionalDependency:(s: {HospitalName, HospitalOwner, PhoneNumber}, t: {State})]", 0.0), operator: *, right: (1.0, 1.0), result: 0.0}
列 'p' 不存在，对列 State 不过滤，直接选择所有非无效值。
clean_bool length:3
newest best op: Uniop(df,'State','al',(['HospitalName', 'HospitalOwner', 'PhoneNumber'], {('mizell memorial hospital', 'voluntary non-profit - private', '3344933541')}),{left: ("[FunctionalDependency:(s: {HospitalName, HospitalOwner, PhoneNumber}, t: {State})]", 0.0), operator: *, right: (1.0, 1.0), result: 0.0})
now error: 0.0
Block processing time: 0.052904 seconds
Computing Block 4 out of 45
Processing Block size=17
begin cleaner{left: ("[FunctionalDependency:(s: {HospitalName, HospitalOwner, PhoneNumber}, t: {State})]", 0.0), operator: *, right: (1.0, 1.0), result: 0.0}
列 'p' 不存在，对列 State 不过滤，直接选择所有非无效值。
Block processing time: 0.012207 seconds
Computing Block 5 out of 45
Processing Block size=2
begin cleaner{left: ("[FunctionalDependency:(s: {HospitalName, HospitalOwner, PhoneNumber}, t: {State})]", 0.0), operator: *, right: (1.0, 1.0), result: 0.0}
列 'p' 不存在，对列 State 不过滤，直接选择所有非无效值。
Block processing time: 0.001588 seconds
Computing Block 6 out of 45
Processing Block size=13
begin cleaner{left: ("[FunctionalDependency:(s: {HospitalName, HospitalOwner, PhoneNumber}, t: {State})]", 0.0), operator: *, right: (1.0, 1.0), result: 0.0}
列 'p' 不存在，对列 State 不过滤，直接选择所有非无效值。
clean_bool length:3
newest best op: Uniop(df,'State','al',(['HospitalName', 'HospitalOwner', 'PhoneNumber'], {('univ of south alabama medical center', 'government - state', '2514717110')}),{left: ("[FunctionalDependency:(s: {HospitalName, HospitalOwner, PhoneNumber}, t: {State})]", 0.0), operator: *, right: (1.0, 1.0), result: 0.0})
now error: 0.0
Block processing time: 0.028037 seconds
Computing Block 7 out of 45
Processing Block size=20
begin cleaner{left: ("[FunctionalDependency:(s: {HospitalName, HospitalOwner, PhoneNumber}, t: {State})]", 0.0), operator: *, right: (1.0, 1.0), result: 0.0}
列 'p' 不存在，对列 State 不过滤，直接选择所有非无效值。
clean_bool length:3
newest best op: Uniop(df,'State','al',(['HospitalName', 'HospitalOwner', 'PhoneNumber'], {('prattville baptist hospital', 'voluntary non-profit - private', '3343614267')}),{left: ("[FunctionalDependency:(s: {HospitalName, HospitalOwner, PhoneNumber}, t: {State})]", 0.0), operator: *, right: (1.0, 1.0), result: 0.0})
now error: 0.0
Block processing time: 0.042603 seconds
Computing Block 8 out of 45
Processing Block size=25
begin cleaner{left: ("[FunctionalDependency:(s: {HospitalName, HospitalOwner, PhoneNumber}, t: {State})]", 0.0), operator: *, right: (1.0, 1.0), result: 0.0}
列 'p' 不存在，对列 State 不过滤，直接选择所有非无效值。
Block processing time: 0.017896 seconds
Computing Block 9 out of 45
Processing Block size=25
begin cleaner{left: ("[FunctionalDependency:(s: {HospitalName, HospitalOwner, PhoneNumber}, t: {State})]", 0.0), operator: *, right: (1.0, 1.0), result: 0.0}
列 'p' 不存在，对列 State 不过滤，直接选择所有非无效值。
clean_bool length:3
newest best op: Uniop(df,'State','al',(['HospitalName', 'HospitalOwner', 'PhoneNumber'], {('andalusia regional hospital', 'proprietary', '3342228466')}),{left: ("[FunctionalDependency:(s: {HospitalName, HospitalOwner, PhoneNumber}, t: {State})]", 0.0), operator: *, right: (1.0, 1.0), result: 0.0})
now error: 0.0
Block processing time: 0.053045 seconds
Computing Block 10 out of 45
Processing Block size=25
begin cleaner{left: ("[FunctionalDependency:(s: {HospitalName, HospitalOwner, PhoneNumber}, t: {State})]", 0.0), operator: *, right: (1.0, 1.0), result: 0.0}
列 'p' 不存在，对列 State 不过滤，直接选择所有非无效值。
Block processing time: 0.018119 seconds
Computing Block 11 out of 45
Processing Block size=25
begin cleaner{left: ("[FunctionalDependency:(s: {HospitalName, HospitalOwner, PhoneNumber}, t: {State})]", 0.0), operator: *, right: (1.0, 1.0), result: 0.0}
列 'p' 不存在，对列 State 不过滤，直接选择所有非无效值。
Block processing time: 0.01811 seconds
Computing Block 13 out of 45
Processing Block size=18
begin cleaner{left: ("[FunctionalDependency:(s: {HospitalName, HospitalOwner, PhoneNumber}, t: {State})]", 0.0), operator: *, right: (1.0, 1.0), result: 0.0}
列 'p' 不存在，对列 State 不过滤，直接选择所有非无效值。
Block processing time: 0.013383 seconds
Computing Block 14 out of 45
Processing Block size=25
begin cleaner{left: ("[FunctionalDependency:(s: {HospitalName, HospitalOwner, PhoneNumber}, t: {State})]", 0.0), operator: *, right: (1.0, 1.0), result: 0.0}
列 'p' 不存在，对列 State 不过滤，直接选择所有非无效值。
clean_bool length:3
newest best op: Uniop(df,'State','al',(['HospitalName', 'HospitalOwner', 'PhoneNumber'], {('northwest medical center', 'proprietary', '2054877736')}),{left: ("[FunctionalDependency:(s: {HospitalName, HospitalOwner, PhoneNumber}, t: {State})]", 0.0), operator: *, right: (1.0, 1.0), result: 0.0})
now error: 0.0
Block processing time: 0.052159 seconds
Computing Block 15 out of 45
Processing Block size=28
begin cleaner{left: ("[FunctionalDependency:(s: {HospitalName, HospitalOwner, PhoneNumber}, t: {State})]", 0.0), operator: *, right: (1.0, 1.0), result: 0.0}
列 'p' 不存在，对列 State 不过滤，直接选择所有非无效值。
clean_bool length:3
newest best op: Uniop(df,'State','al',(['HospitalName', 'HospitalOwner', 'PhoneNumber'], {('huntsville hospital', 'government - hospital district or authority', '2562651000')}),{left: ("[FunctionalDependency:(s: {HospitalName, HospitalOwner, PhoneNumber}, t: {State})]", 0.0), operator: *, right: (1.0, 1.0), result: 0.0})
now error: 0.0
Block processing time: 0.058879 seconds
Computing Block 16 out of 45
Processing Block size=25
begin cleaner{left: ("[FunctionalDependency:(s: {HospitalName, HospitalOwner, PhoneNumber}, t: {State})]", 0.0), operator: *, right: (1.0, 1.0), result: 0.0}
列 'p' 不存在，对列 State 不过滤，直接选择所有非无效值。
clean_bool length:3
newest best op: Uniop(df,'State','al',(['HospitalName', 'HospitalOwner', 'PhoneNumber'], {('fayette medical center', 'voluntary non-profit - other', '2059325966')}),{left: ("[FunctionalDependency:(s: {HospitalName, HospitalOwner, PhoneNumber}, t: {State})]", 0.0), operator: *, right: (1.0, 1.0), result: 0.0})
now error: 0.0
Block processing time: 0.052122 seconds
Computing Block 17 out of 45
Processing Block size=2
begin cleaner{left: ("[FunctionalDependency:(s: {HospitalName, HospitalOwner, PhoneNumber}, t: {State})]", 0.0), operator: *, right: (1.0, 1.0), result: 0.0}
列 'p' 不存在，对列 State 不过滤，直接选择所有非无效值。
Block processing time: 0.001542 seconds
Computing Block 18 out of 45
Processing Block size=28
begin cleaner{left: ("[FunctionalDependency:(s: {HospitalName, HospitalOwner, PhoneNumber}, t: {State})]", 0.0), operator: *, right: (1.0, 1.0), result: 0.0}
列 'p' 不存在，对列 State 不过滤，直接选择所有非无效值。
Block processing time: 0.019889 seconds
Computing Block 19 out of 45
Processing Block size=25
begin cleaner{left: ("[FunctionalDependency:(s: {HospitalName, HospitalOwner, PhoneNumber}, t: {State})]", 0.0), operator: *, right: (1.0, 1.0), result: 0.0}
列 'p' 不存在，对列 State 不过滤，直接选择所有非无效值。
Block processing time: 0.017647 seconds
Computing Block 20 out of 45
Processing Block size=25
begin cleaner{left: ("[FunctionalDependency:(s: {HospitalName, HospitalOwner, PhoneNumber}, t: {State})]", 0.0), operator: *, right: (1.0, 1.0), result: 0.0}
列 'p' 不存在，对列 State 不过滤，直接选择所有非无效值。
clean_bool length:3
newest best op: Uniop(df,'State','al',(['HospitalName', 'HospitalOwner', 'PhoneNumber'], {('elba general hospital', 'voluntary non-profit - other', '3348972257')}),{left: ("[FunctionalDependency:(s: {HospitalName, HospitalOwner, PhoneNumber}, t: {State})]", 0.0), operator: *, right: (1.0, 1.0), result: 0.0})
now error: 0.0
Block processing time: 0.05194 seconds
Computing Block 21 out of 45
Processing Block size=25
begin cleaner{left: ("[FunctionalDependency:(s: {HospitalName, HospitalOwner, PhoneNumber}, t: {State})]", 0.0), operator: *, right: (1.0, 1.0), result: 0.0}
列 'p' 不存在，对列 State 不过滤，直接选择所有非无效值。
clean_bool length:3
newest best op: Uniop(df,'State','al',(['HospitalName', 'HospitalOwner', 'PhoneNumber'], {('shelby baptist medical center', 'voluntary non-profit - church', '2056208100')}),{left: ("[FunctionalDependency:(s: {HospitalName, HospitalOwner, PhoneNumber}, t: {State})]", 0.0), operator: *, right: (1.0, 1.0), result: 0.0})
now error: 0.0
Block processing time: 0.051841 seconds
Computing Block 22 out of 45
Processing Block size=25
begin cleaner{left: ("[FunctionalDependency:(s: {HospitalName, HospitalOwner, PhoneNumber}, t: {State})]", 0.0), operator: *, right: (1.0, 1.0), result: 0.0}
列 'p' 不存在，对列 State 不过滤，直接选择所有非无效值。
Block processing time: 0.017689 seconds
Computing Block 23 out of 45
Processing Block size=25
begin cleaner{left: ("[FunctionalDependency:(s: {HospitalName, HospitalOwner, PhoneNumber}, t: {State})]", 0.0), operator: *, right: (1.0, 1.0), result: 0.0}
列 'p' 不存在，对列 State 不过滤，直接选择所有非无效值。
Block processing time: 0.018174 seconds
Computing Block 24 out of 45
Processing Block size=25
begin cleaner{left: ("[FunctionalDependency:(s: {HospitalName, HospitalOwner, PhoneNumber}, t: {State})]", 0.0), operator: *, right: (1.0, 1.0), result: 0.0}
列 'p' 不存在，对列 State 不过滤，直接选择所有非无效值。
clean_bool length:3
newest best op: Uniop(df,'State','al',(['HospitalName', 'HospitalOwner', 'PhoneNumber'], {('marshall medical center south', 'government - hospital district or authority', '2565938310')}),{left: ("[FunctionalDependency:(s: {HospitalName, HospitalOwner, PhoneNumber}, t: {State})]", 0.0), operator: *, right: (1.0, 1.0), result: 0.0})
now error: 0.0
Block processing time: 0.052731 seconds
Computing Block 25 out of 45
Processing Block size=5
begin cleaner{left: ("[FunctionalDependency:(s: {HospitalName, HospitalOwner, PhoneNumber}, t: {State})]", 0.0), operator: *, right: (1.0, 1.0), result: 0.0}
列 'p' 不存在，对列 State 不过滤，直接选择所有非无效值。
Block processing time: 0.003649 seconds
Computing Block 26 out of 45
Processing Block size=25
begin cleaner{left: ("[FunctionalDependency:(s: {HospitalName, HospitalOwner, PhoneNumber}, t: {State})]", 0.0), operator: *, right: (1.0, 1.0), result: 0.0}
列 'p' 不存在，对列 State 不过滤，直接选择所有非无效值。
clean_bool length:3
newest best op: Uniop(df,'State','al',(['HospitalName', 'HospitalOwner', 'PhoneNumber'], {('cherokee medical center', 'voluntary non-profit - private', '2569275531')}),{left: ("[FunctionalDependency:(s: {HospitalName, HospitalOwner, PhoneNumber}, t: {State})]", 0.0), operator: *, right: (1.0, 1.0), result: 0.0})
now error: 0.0
Block processing time: 0.052256 seconds
Computing Block 27 out of 45
Processing Block size=25
begin cleaner{left: ("[FunctionalDependency:(s: {HospitalName, HospitalOwner, PhoneNumber}, t: {State})]", 0.0), operator: *, right: (1.0, 1.0), result: 0.0}
列 'p' 不存在，对列 State 不过滤，直接选择所有非无效值。
clean_bool length:3
newest best op: Uniop(df,'State','al',(['HospitalName', 'HospitalOwner', 'PhoneNumber'], {('crenshaw community hospital', 'government - federal', '3343353374')}),{left: ("[FunctionalDependency:(s: {HospitalName, HospitalOwner, PhoneNumber}, t: {State})]", 0.0), operator: *, right: (1.0, 1.0), result: 0.0})
now error: 0.0
Block processing time: 0.053213 seconds
Computing Block 28 out of 45
Processing Block size=25
begin cleaner{left: ("[FunctionalDependency:(s: {HospitalName, HospitalOwner, PhoneNumber}, t: {State})]", 0.0), operator: *, right: (1.0, 1.0), result: 0.0}
列 'p' 不存在，对列 State 不过滤，直接选择所有非无效值。
clean_bool length:3
newest best op: Uniop(df,'State','al',(['HospitalName', 'HospitalOwner', 'PhoneNumber'], {('jackson hospital & clinic inc', 'voluntary non-profit - private', '3342938000')}),{left: ("[FunctionalDependency:(s: {HospitalName, HospitalOwner, PhoneNumber}, t: {State})]", 0.0), operator: *, right: (1.0, 1.0), result: 0.0})
now error: 0.0
Block processing time: 0.052558 seconds
Computing Block 29 out of 45
Processing Block size=25
begin cleaner{left: ("[FunctionalDependency:(s: {HospitalName, HospitalOwner, PhoneNumber}, t: {State})]", 0.0), operator: *, right: (1.0, 1.0), result: 0.0}
列 'p' 不存在，对列 State 不过滤，直接选择所有非无效值。
Block processing time: 0.01769 seconds
Computing Block 30 out of 45
Processing Block size=25
begin cleaner{left: ("[FunctionalDependency:(s: {HospitalName, HospitalOwner, PhoneNumber}, t: {State})]", 0.0), operator: *, right: (1.0, 1.0), result: 0.0}
列 'p' 不存在，对列 State 不过滤，直接选择所有非无效值。
Block processing time: 0.017789 seconds
Computing Block 31 out of 45
Processing Block size=25
begin cleaner{left: ("[FunctionalDependency:(s: {HospitalName, HospitalOwner, PhoneNumber}, t: {State})]", 0.0), operator: *, right: (1.0, 1.0), result: 0.0}
列 'p' 不存在，对列 State 不过滤，直接选择所有非无效值。
clean_bool length:3
newest best op: Uniop(df,'State','al',(['HospitalName', 'HospitalOwner', 'PhoneNumber'], {('hartselle medical center', 'proprietary', '2567736511')}),{left: ("[FunctionalDependency:(s: {HospitalName, HospitalOwner, PhoneNumber}, t: {State})]", 0.0), operator: *, right: (1.0, 1.0), result: 0.0})
now error: 0.0
Block processing time: 0.051768 seconds
Computing Block 32 out of 45
Processing Block size=25
begin cleaner{left: ("[FunctionalDependency:(s: {HospitalName, HospitalOwner, PhoneNumber}, t: {State})]", 0.0), operator: *, right: (1.0, 1.0), result: 0.0}
列 'p' 不存在，对列 State 不过滤，直接选择所有非无效值。
clean_bool length:3
newest best op: Uniop(df,'State','al',(['HospitalName', 'HospitalOwner', 'PhoneNumber'], {('community hospital inc', 'voluntary non-profit - private', '3342836541')}),{left: ("[FunctionalDependency:(s: {HospitalName, HospitalOwner, PhoneNumber}, t: {State})]", 0.0), operator: *, right: (1.0, 1.0), result: 0.0})
now error: 0.0
Block processing time: 0.05251 seconds
Computing Block 33 out of 45
Processing Block size=25
begin cleaner{left: ("[FunctionalDependency:(s: {HospitalName, HospitalOwner, PhoneNumber}, t: {State})]", 0.0), operator: *, right: (1.0, 1.0), result: 0.0}
列 'p' 不存在，对列 State 不过滤，直接选择所有非无效值。
clean_bool length:3
newest best op: Uniop(df,'State','al',(['HospitalName', 'HospitalOwner', 'PhoneNumber'], {('g h lanier memorial hospital', 'voluntary non-profit - other', '3347561400')}),{left: ("[FunctionalDependency:(s: {HospitalName, HospitalOwner, PhoneNumber}, t: {State})]", 0.0), operator: *, right: (1.0, 1.0), result: 0.0})
now error: 0.0
Block processing time: 0.052302 seconds
Computing Block 34 out of 45
Processing Block size=25
begin cleaner{left: ("[FunctionalDependency:(s: {HospitalName, HospitalOwner, PhoneNumber}, t: {State})]", 0.0), operator: *, right: (1.0, 1.0), result: 0.0}
列 'p' 不存在，对列 State 不过滤，直接选择所有非无效值。
clean_bool length:3
newest best op: Uniop(df,'State','al',(['HospitalName', 'HospitalOwner', 'PhoneNumber'], {('marshall medical center north', 'government - hospital district or authority', '2565718000')}),{left: ("[FunctionalDependency:(s: {HospitalName, HospitalOwner, PhoneNumber}, t: {State})]", 0.0), operator: *, right: (1.0, 1.0), result: 0.0})
now error: 0.0
Block processing time: 0.051869 seconds
Computing Block 35 out of 45
Processing Block size=25
begin cleaner{left: ("[FunctionalDependency:(s: {HospitalName, HospitalOwner, PhoneNumber}, t: {State})]", 0.0), operator: *, right: (1.0, 1.0), result: 0.0}
列 'p' 不存在，对列 State 不过滤，直接选择所有非无效值。
Block processing time: 0.017779 seconds
Computing Block 36 out of 45
Processing Block size=25
begin cleaner{left: ("[FunctionalDependency:(s: {HospitalName, HospitalOwner, PhoneNumber}, t: {State})]", 0.0), operator: *, right: (1.0, 1.0), result: 0.0}
列 'p' 不存在，对列 State 不过滤，直接选择所有非无效值。
Block processing time: 0.017864 seconds
Computing Block 37 out of 45
Processing Block size=25
begin cleaner{left: ("[FunctionalDependency:(s: {HospitalName, HospitalOwner, PhoneNumber}, t: {State})]", 0.0), operator: *, right: (1.0, 1.0), result: 0.0}
列 'p' 不存在，对列 State 不过滤，直接选择所有非无效值。
Block processing time: 0.019155 seconds
Computing Block 38 out of 45
Processing Block size=28
begin cleaner{left: ("[FunctionalDependency:(s: {HospitalName, HospitalOwner, PhoneNumber}, t: {State})]", 0.0), operator: *, right: (1.0, 1.0), result: 0.0}
列 'p' 不存在，对列 State 不过滤，直接选择所有非无效值。
clean_bool length:3
newest best op: Uniop(df,'State','al',(['HospitalName', 'HospitalOwner', 'PhoneNumber'], {('riverview regional medical center', 'proprietary', '2565435200')}),{left: ("[FunctionalDependency:(s: {HospitalName, HospitalOwner, PhoneNumber}, t: {State})]", 0.0), operator: *, right: (1.0, 1.0), result: 0.0})
now error: 0.0
Block processing time: 0.058542 seconds
Computing Block 39 out of 45
Processing Block size=25
begin cleaner{left: ("[FunctionalDependency:(s: {HospitalName, HospitalOwner, PhoneNumber}, t: {State})]", 0.0), operator: *, right: (1.0, 1.0), result: 0.0}
列 'p' 不存在，对列 State 不过滤，直接选择所有非无效值。
clean_bool length:3
newest best op: Uniop(df,'State','al',(['HospitalName', 'HospitalOwner', 'PhoneNumber'], {('eliza coffee memorial hospital', 'voluntary non-profit - other', '2567688400')}),{left: ("[FunctionalDependency:(s: {HospitalName, HospitalOwner, PhoneNumber}, t: {State})]", 0.0), operator: *, right: (1.0, 1.0), result: 0.0})
now error: 0.0
Block processing time: 0.053171 seconds
Computing Block 40 out of 45
Processing Block size=20
begin cleaner{left: ("[FunctionalDependency:(s: {HospitalName, HospitalOwner, PhoneNumber}, t: {State})]", 0.0), operator: *, right: (1.0, 1.0), result: 0.0}
列 'p' 不存在，对列 State 不过滤，直接选择所有非无效值。
Block processing time: 0.014172 seconds
Computing Block 41 out of 45
Processing Block size=18
begin cleaner{left: ("[FunctionalDependency:(s: {HospitalName, HospitalOwner, PhoneNumber}, t: {State})]", 0.0), operator: *, right: (1.0, 1.0), result: 0.0}
列 'p' 不存在，对列 State 不过滤，直接选择所有非无效值。
Block processing time: 0.012831 seconds
Computing Block 42 out of 45
Processing Block size=25
begin cleaner{left: ("[FunctionalDependency:(s: {HospitalName, HospitalOwner, PhoneNumber}, t: {State})]", 0.0), operator: *, right: (1.0, 1.0), result: 0.0}
列 'p' 不存在，对列 State 不过滤，直接选择所有非无效值。
Block processing time: 0.017914 seconds
Computing Block 43 out of 45
Processing Block size=25
begin cleaner{left: ("[FunctionalDependency:(s: {HospitalName, HospitalOwner, PhoneNumber}, t: {State})]", 0.0), operator: *, right: (1.0, 1.0), result: 0.0}
列 'p' 不存在，对列 State 不过滤，直接选择所有非无效值。
clean_bool length:3
newest best op: Uniop(df,'State','al',(['HospitalName', 'HospitalOwner', 'PhoneNumber'], {('dale medical center', 'government - hospital district or authority', '3347742601')}),{left: ("[FunctionalDependency:(s: {HospitalName, HospitalOwner, PhoneNumber}, t: {State})]", 0.0), operator: *, right: (1.0, 1.0), result: 0.0})
now error: 0.0
Block processing time: 0.052677 seconds
Computing Block 44 out of 45
Processing Block size=25
begin cleaner{left: ("[FunctionalDependency:(s: {HospitalName, HospitalOwner, PhoneNumber}, t: {State})]", 0.0), operator: *, right: (1.0, 1.0), result: 0.0}
列 'p' 不存在，对列 State 不过滤，直接选择所有非无效值。
clean_bool length:3
newest best op: Uniop(df,'State','al',(['HospitalName', 'HospitalOwner', 'PhoneNumber'], {('dekalb regional medical center', 'voluntary non-profit - church', '2568453150')}),{left: ("[FunctionalDependency:(s: {HospitalName, HospitalOwner, PhoneNumber}, t: {State})]", 0.0), operator: *, right: (1.0, 1.0), result: 0.0})
now error: 0.0
Block processing time: 0.052783 seconds
Computing Block 45 out of 45
Processing Block size=25
begin cleaner{left: ("[FunctionalDependency:(s: {HospitalName, HospitalOwner, PhoneNumber}, t: {State})]", 0.0), operator: *, right: (1.0, 1.0), result: 0.0}
列 'p' 不存在，对列 State 不过滤，直接选择所有非无效值。
Block processing time: 0.017954 seconds
  当前节点: State 有 22 个清洗操作
  当前节点: CountyName 存在可用清洗信号
数据块大小: 1000
分块属性:
[['City']]
Starting initial block mapping...
Initial number of blocks: 39
Final number of blocks after further splitting: 39
Computing Block 1 out of 39
Processing Block size=2
begin cleaner[FunctionalDependency:(s: {'City'}, t: {'CountyName'})]*1.0
列 'p' 不存在，对列 CountyName 不过滤，直接选择所有非无效值。
Block processing time: 0.001724 seconds
Computing Block 2 out of 39
Processing Block size=25
begin cleaner{left: ("[FunctionalDependency:(s: {City}, t: {CountyName})]", 0.0), operator: *, right: (1.0, 1.0), result: 0.0}
列 'p' 不存在，对列 CountyName 不过滤，直接选择所有非无效值。
clean_bool length:3
newest best op: Uniop(df,'CountyName','cxllman',(['City'], {('cullman',)}),{left: ("[FunctionalDependency:(s: {City}, t: {CountyName})]", 0.0), operator: *, right: (1.0, 1.0), result: 0.0})
now error: 0.0
newest best op: Uniop(df,'CountyName','cullman',(['City'], {('cullman',)}),{left: ("[FunctionalDependency:(s: {City}, t: {CountyName})]", 0.0), operator: *, right: (1.0, 1.0), result: 0.0})
now error: 0.0
Block processing time: 0.048442 seconds
Computing Block 3 out of 39
Processing Block size=25
begin cleaner{left: ("[FunctionalDependency:(s: {City}, t: {CountyName})]", 0.0), operator: *, right: (1.0, 1.0), result: 0.0}
列 'p' 不存在，对列 CountyName 不过滤，直接选择所有非无效值。
Block processing time: 0.017049 seconds
Computing Block 4 out of 39
Processing Block size=13
begin cleaner{left: ("[FunctionalDependency:(s: {City}, t: {CountyName})]", 0.0), operator: *, right: (1.0, 1.0), result: 0.0}
列 'p' 不存在，对列 CountyName 不过滤，直接选择所有非无效值。
Block processing time: 0.008921 seconds
Computing Block 5 out of 39
Processing Block size=20
begin cleaner{left: ("[FunctionalDependency:(s: {City}, t: {CountyName})]", 0.0), operator: *, right: (1.0, 1.0), result: 0.0}
列 'p' 不存在，对列 CountyName 不过滤，直接选择所有非无效值。
Block processing time: 0.013634 seconds
Computing Block 6 out of 39
Processing Block size=25
begin cleaner{left: ("[FunctionalDependency:(s: {City}, t: {CountyName})]", 0.0), operator: *, right: (1.0, 1.0), result: 0.0}
列 'p' 不存在，对列 CountyName 不过滤，直接选择所有非无效值。
clean_bool length:3
newest best op: Uniop(df,'CountyName','xlarke',(['City'], {('thomasville',)}),{left: ("[FunctionalDependency:(s: {City}, t: {CountyName})]", 0.0), operator: *, right: (1.0, 1.0), result: 0.0})
now error: 0.0
newest best op: Uniop(df,'CountyName','clarke',(['City'], {('thomasville',)}),{left: ("[FunctionalDependency:(s: {City}, t: {CountyName})]", 0.0), operator: *, right: (1.0, 1.0), result: 0.0})
now error: 0.0
Block processing time: 0.048291 seconds
Computing Block 7 out of 39
Processing Block size=25
begin cleaner{left: ("[FunctionalDependency:(s: {City}, t: {CountyName})]", 0.0), operator: *, right: (1.0, 1.0), result: 0.0}
列 'p' 不存在，对列 CountyName 不过滤，直接选择所有非无效值。
clean_bool length:3
newest best op: Uniop(df,'CountyName','coxington',(['City'], {('andalusia',)}),{left: ("[FunctionalDependency:(s: {City}, t: {CountyName})]", 0.0), operator: *, right: (1.0, 1.0), result: 0.0})
now error: 0.0
newest best op: Uniop(df,'CountyName','covington',(['City'], {('andalusia',)}),{left: ("[FunctionalDependency:(s: {City}, t: {CountyName})]", 0.0), operator: *, right: (1.0, 1.0), result: 0.0})
now error: 0.0
Block processing time: 0.04878 seconds
Computing Block 9 out of 39
Processing Block size=18
begin cleaner{left: ("[FunctionalDependency:(s: {City}, t: {CountyName})]", 0.0), operator: *, right: (1.0, 1.0), result: 0.0}
列 'p' 不存在，对列 CountyName 不过滤，直接选择所有非无效值。
Block processing time: 0.012476 seconds
Computing Block 10 out of 39
Processing Block size=25
begin cleaner{left: ("[FunctionalDependency:(s: {City}, t: {CountyName})]", 0.0), operator: *, right: (1.0, 1.0), result: 0.0}
列 'p' 不存在，对列 CountyName 不过滤，直接选择所有非无效值。
Block processing time: 0.017141 seconds
Computing Block 11 out of 39
Processing Block size=28
begin cleaner{left: ("[FunctionalDependency:(s: {City}, t: {CountyName})]", 0.0), operator: *, right: (1.0, 1.0), result: 0.0}
列 'p' 不存在，对列 CountyName 不过滤，直接选择所有非无效值。
clean_bool length:4
newest best op: Uniop(df,'CountyName','madison',(['City'], {('huntsville',)}),{left: ("[FunctionalDependency:(s: {City}, t: {CountyName})]", 0.0), operator: *, right: (1.0, 1.0), result: 0.0})
now error: 0.0
Block processing time: 0.07293 seconds
Computing Block 12 out of 39
Processing Block size=25
begin cleaner{left: ("[FunctionalDependency:(s: {City}, t: {CountyName})]", 0.0), operator: *, right: (1.0, 1.0), result: 0.0}
列 'p' 不存在，对列 CountyName 不过滤，直接选择所有非无效值。
clean_bool length:3
newest best op: Uniop(df,'CountyName','fayexxe',(['City'], {('fayette',)}),{left: ("[FunctionalDependency:(s: {City}, t: {CountyName})]", 0.0), operator: *, right: (1.0, 1.0), result: 0.0})
now error: 0.0
newest best op: Uniop(df,'CountyName','fayette',(['City'], {('fayette',)}),{left: ("[FunctionalDependency:(s: {City}, t: {CountyName})]", 0.0), operator: *, right: (1.0, 1.0), result: 0.0})
now error: 0.0
Block processing time: 0.049223 seconds
Computing Block 13 out of 39
Processing Block size=28
begin cleaner{left: ("[FunctionalDependency:(s: {City}, t: {CountyName})]", 0.0), operator: *, right: (1.0, 1.0), result: 0.0}
列 'p' 不存在，对列 CountyName 不过滤，直接选择所有非无效值。
clean_bool length:4
newest best op: Uniop(df,'CountyName','calhoxn',(['City'], {('anniston',)}),{left: ("[FunctionalDependency:(s: {City}, t: {CountyName})]", 0.0), operator: *, right: (1.0, 1.0), result: 0.0})
now error: 0.0
newest best op: Uniop(df,'CountyName','calhoun',(['City'], {('anniston',)}),{left: ("[FunctionalDependency:(s: {City}, t: {CountyName})]", 0.0), operator: *, right: (1.0, 1.0), result: 0.0})
now error: 0.0
Block processing time: 0.072567 seconds
Computing Block 14 out of 39
Processing Block size=50
begin cleaner{left: ("[FunctionalDependency:(s: {City}, t: {CountyName})]", 0.0), operator: *, right: (1.0, 1.0), result: 0.0}
列 'p' 不存在，对列 CountyName 不过滤，直接选择所有非无效值。
clean_bool length:4
newest best op: Uniop(df,'CountyName','montgomery',(['City'], {('montgomery',)}),{left: ("[FunctionalDependency:(s: {City}, t: {CountyName})]", 0.0), operator: *, right: (1.0, 1.0), result: 0.0})
now error: 0.0
Block processing time: 0.132117 seconds
Computing Block 15 out of 39
Processing Block size=2
begin cleaner{left: ("[FunctionalDependency:(s: {City}, t: {CountyName})]", 0.0), operator: *, right: (1.0, 1.0), result: 0.0}
列 'p' 不存在，对列 CountyName 不过滤，直接选择所有非无效值。
Block processing time: 0.001511 seconds
Computing Block 16 out of 39
Processing Block size=25
begin cleaner{left: ("[FunctionalDependency:(s: {City}, t: {CountyName})]", 0.0), operator: *, right: (1.0, 1.0), result: 0.0}
列 'p' 不存在，对列 CountyName 不过滤，直接选择所有非无效值。
clean_bool length:3
newest best op: Uniop(df,'CountyName','coffxx',(['City'], {('elba',)}),{left: ("[FunctionalDependency:(s: {City}, t: {CountyName})]", 0.0), operator: *, right: (1.0, 1.0), result: 0.0})
now error: 0.0
newest best op: Uniop(df,'CountyName','coffee',(['City'], {('elba',)}),{left: ("[FunctionalDependency:(s: {City}, t: {CountyName})]", 0.0), operator: *, right: (1.0, 1.0), result: 0.0})
now error: 0.0
Block processing time: 0.048876 seconds
Computing Block 17 out of 39
Processing Block size=53
begin cleaner{left: ("[FunctionalDependency:(s: {City}, t: {CountyName})]", 0.0), operator: *, right: (1.0, 1.0), result: 0.0}
列 'p' 不存在，对列 CountyName 不过滤，直接选择所有非无效值。
clean_bool length:3
newest best op: Uniop(df,'CountyName','etowah',(['City'], {('gadsden',)}),{left: ("[FunctionalDependency:(s: {City}, t: {CountyName})]", 0.0), operator: *, right: (1.0, 1.0), result: 0.0})
now error: 0.0
Block processing time: 0.102323 seconds
Computing Block 18 out of 39
Processing Block size=25
begin cleaner{left: ("[FunctionalDependency:(s: {City}, t: {CountyName})]", 0.0), operator: *, right: (1.0, 1.0), result: 0.0}
列 'p' 不存在，对列 CountyName 不过滤，直接选择所有非无效值。
Block processing time: 0.017127 seconds
Computing Block 19 out of 39
Processing Block size=25
begin cleaner{left: ("[FunctionalDependency:(s: {City}, t: {CountyName})]", 0.0), operator: *, right: (1.0, 1.0), result: 0.0}
列 'p' 不存在，对列 CountyName 不过滤，直接选择所有非无效值。
clean_bool length:5
newest best op: Uniop(df,'CountyName','jxffxrson',(['City'], {('sheffield',)}),{left: ("[FunctionalDependency:(s: {City}, t: {CountyName})]", 0.0), operator: *, right: (1.0, 1.0), result: 0.0})
now error: 0.0
newest best op: Uniop(df,'CountyName','jefferson',(['City'], {('sheffield',)}),{left: ("[FunctionalDependency:(s: {City}, t: {CountyName})]", 0.0), operator: *, right: (1.0, 1.0), result: 0.0})
now error: 0.0
Block processing time: 0.0827 seconds
Computing Block 20 out of 39
Processing Block size=25
begin cleaner{left: ("[FunctionalDependency:(s: {City}, t: {CountyName})]", 0.0), operator: *, right: (1.0, 1.0), result: 0.0}
列 'p' 不存在，对列 CountyName 不过滤，直接选择所有非无效值。
clean_bool length:3
newest best op: Uniop(df,'CountyName','marshall',(['City'], {('boaz',)}),{left: ("[FunctionalDependency:(s: {City}, t: {CountyName})]", 0.0), operator: *, right: (1.0, 1.0), result: 0.0})
now error: 0.0
Block processing time: 0.049313 seconds
Computing Block 21 out of 39
Processing Block size=25
begin cleaner{left: ("[FunctionalDependency:(s: {City}, t: {CountyName})]", 0.0), operator: *, right: (1.0, 1.0), result: 0.0}
列 'p' 不存在，对列 CountyName 不过滤，直接选择所有非无效值。
clean_bool length:3
newest best op: Uniop(df,'CountyName','chxrokxx',(['City'], {('centre',)}),{left: ("[FunctionalDependency:(s: {City}, t: {CountyName})]", 0.0), operator: *, right: (1.0, 1.0), result: 0.0})
now error: 0.0
newest best op: Uniop(df,'CountyName','cherokee',(['City'], {('centre',)}),{left: ("[FunctionalDependency:(s: {City}, t: {CountyName})]", 0.0), operator: *, right: (1.0, 1.0), result: 0.0})
now error: 0.0
Block processing time: 0.048378 seconds
Computing Block 22 out of 39
Processing Block size=42
begin cleaner{left: ("[FunctionalDependency:(s: {City}, t: {CountyName})]", 0.0), operator: *, right: (1.0, 1.0), result: 0.0}
列 'p' 不存在，对列 CountyName 不过滤，直接选择所有非无效值。
clean_bool length:3
newest best op: Uniop(df,'CountyName','houston',(['City'], {('dothan',)}),{left: ("[FunctionalDependency:(s: {City}, t: {CountyName})]", 0.0), operator: *, right: (1.0, 1.0), result: 0.0})
now error: 0.0
Block processing time: 0.081595 seconds
Computing Block 23 out of 39
Processing Block size=25
begin cleaner{left: ("[FunctionalDependency:(s: {City}, t: {CountyName})]", 0.0), operator: *, right: (1.0, 1.0), result: 0.0}
列 'p' 不存在，对列 CountyName 不过滤，直接选择所有非无效值。
clean_bool length:3
newest best op: Uniop(df,'CountyName','crenshaw',(['City'], {('luverne',)}),{left: ("[FunctionalDependency:(s: {City}, t: {CountyName})]", 0.0), operator: *, right: (1.0, 1.0), result: 0.0})
now error: 0.0
Block processing time: 0.048502 seconds
Computing Block 24 out of 39
Processing Block size=25
begin cleaner{left: ("[FunctionalDependency:(s: {City}, t: {CountyName})]", 0.0), operator: *, right: (1.0, 1.0), result: 0.0}
列 'p' 不存在，对列 CountyName 不过滤，直接选择所有非无效值。
Block processing time: 0.017092 seconds
Computing Block 25 out of 39
Processing Block size=25
begin cleaner{left: ("[FunctionalDependency:(s: {City}, t: {CountyName})]", 0.0), operator: *, right: (1.0, 1.0), result: 0.0}
列 'p' 不存在，对列 CountyName 不过滤，直接选择所有非无效值。
clean_bool length:3
newest best op: Uniop(df,'CountyName','cxffee',(['City'], {('enterprise',)}),{left: ("[FunctionalDependency:(s: {City}, t: {CountyName})]", 0.0), operator: *, right: (1.0, 1.0), result: 0.0})
now error: 0.0
newest best op: Uniop(df,'CountyName','coffee',(['City'], {('enterprise',)}),{left: ("[FunctionalDependency:(s: {City}, t: {CountyName})]", 0.0), operator: *, right: (1.0, 1.0), result: 0.0})
now error: 0.0
Block processing time: 0.048158 seconds
Computing Block 26 out of 39
Processing Block size=25
begin cleaner{left: ("[FunctionalDependency:(s: {City}, t: {CountyName})]", 0.0), operator: *, right: (1.0, 1.0), result: 0.0}
列 'p' 不存在，对列 CountyName 不过滤，直接选择所有非无效值。
Block processing time: 0.017122 seconds
Computing Block 27 out of 39
Processing Block size=25
begin cleaner{left: ("[FunctionalDependency:(s: {City}, t: {CountyName})]", 0.0), operator: *, right: (1.0, 1.0), result: 0.0}
列 'p' 不存在，对列 CountyName 不过滤，直接选择所有非无效值。
Block processing time: 0.017236 seconds
Computing Block 28 out of 39
Processing Block size=25
begin cleaner{left: ("[FunctionalDependency:(s: {City}, t: {CountyName})]", 0.0), operator: *, right: (1.0, 1.0), result: 0.0}
列 'p' 不存在，对列 CountyName 不过滤，直接选择所有非无效值。
clean_bool length:4
newest best op: Uniop(df,'CountyName','elmoxe',(['City'], {('tallassee',)}),{left: ("[FunctionalDependency:(s: {City}, t: {CountyName})]", 0.0), operator: *, right: (1.0, 1.0), result: 0.0})
now error: 0.0
newest best op: Uniop(df,'CountyName','elmore',(['City'], {('tallassee',)}),{left: ("[FunctionalDependency:(s: {City}, t: {CountyName})]", 0.0), operator: *, right: (1.0, 1.0), result: 0.0})
now error: 0.0
Block processing time: 0.065949 seconds
Computing Block 29 out of 39
Processing Block size=25
begin cleaner{left: ("[FunctionalDependency:(s: {City}, t: {CountyName})]", 0.0), operator: *, right: (1.0, 1.0), result: 0.0}
列 'p' 不存在，对列 CountyName 不过滤，直接选择所有非无效值。
clean_bool length:4
newest best op: Uniop(df,'CountyName','chambers',(['City'], {('valley',)}),{left: ("[FunctionalDependency:(s: {City}, t: {CountyName})]", 0.0), operator: *, right: (1.0, 1.0), result: 0.0})
now error: 0.0
Block processing time: 0.069568 seconds
Computing Block 30 out of 39
Processing Block size=25
begin cleaner{left: ("[FunctionalDependency:(s: {City}, t: {CountyName})]", 0.0), operator: *, right: (1.0, 1.0), result: 0.0}
列 'p' 不存在，对列 CountyName 不过滤，直接选择所有非无效值。
clean_bool length:3
newest best op: Uniop(df,'CountyName','butler',(['City'], {('georgiana',)}),{left: ("[FunctionalDependency:(s: {City}, t: {CountyName})]", 0.0), operator: *, right: (1.0, 1.0), result: 0.0})
now error: 0.0
Block processing time: 0.048757 seconds
Computing Block 31 out of 39
Processing Block size=25
begin cleaner{left: ("[FunctionalDependency:(s: {City}, t: {CountyName})]", 0.0), operator: *, right: (1.0, 1.0), result: 0.0}
列 'p' 不存在，对列 CountyName 不过滤，直接选择所有非无效值。
Block processing time: 0.01722 seconds
Computing Block 32 out of 39
Processing Block size=25
begin cleaner{left: ("[FunctionalDependency:(s: {City}, t: {CountyName})]", 0.0), operator: *, right: (1.0, 1.0), result: 0.0}
列 'p' 不存在，对列 CountyName 不过滤，直接选择所有非无效值。
clean_bool length:3
newest best op: Uniop(df,'CountyName','lee',(['City'], {('opelika',)}),{left: ("[FunctionalDependency:(s: {City}, t: {CountyName})]", 0.0), operator: *, right: (1.0, 1.0), result: 0.0})
now error: 0.0
Block processing time: 0.0486 seconds
Computing Block 33 out of 39
Processing Block size=25
begin cleaner{left: ("[FunctionalDependency:(s: {City}, t: {CountyName})]", 0.0), operator: *, right: (1.0, 1.0), result: 0.0}
列 'p' 不存在，对列 CountyName 不过滤，直接选择所有非无效值。
clean_bool length:4
newest best op: Uniop(df,'CountyName','lauderdale',(['City'], {('florence',)}),{left: ("[FunctionalDependency:(s: {City}, t: {CountyName})]", 0.0), operator: *, right: (1.0, 1.0), result: 0.0})
now error: 0.0
Block processing time: 0.065443 seconds
Computing Block 34 out of 39
Processing Block size=20
begin cleaner{left: ("[FunctionalDependency:(s: {City}, t: {CountyName})]", 0.0), operator: *, right: (1.0, 1.0), result: 0.0}
列 'p' 不存在，对列 CountyName 不过滤，直接选择所有非无效值。
Block processing time: 0.013821 seconds
Computing Block 35 out of 39
Processing Block size=18
begin cleaner{left: ("[FunctionalDependency:(s: {City}, t: {CountyName})]", 0.0), operator: *, right: (1.0, 1.0), result: 0.0}
列 'p' 不存在，对列 CountyName 不过滤，直接选择所有非无效值。
clean_bool length:3
newest best op: Uniop(df,'CountyName','talladega',(['City'], {('sylacauga',)}),{left: ("[FunctionalDependency:(s: {City}, t: {CountyName})]", 0.0), operator: *, right: (1.0, 1.0), result: 0.0})
now error: 0.0
Block processing time: 0.035504 seconds
Computing Block 36 out of 39
Processing Block size=80
begin cleaner{left: ("[FunctionalDependency:(s: {City}, t: {CountyName})]", 0.0), operator: *, right: (1.0, 1.0), result: 0.0}
列 'p' 不存在，对列 CountyName 不过滤，直接选择所有非无效值。
clean_bool length:5
newest best op: Uniop(df,'CountyName','jxffxrson',(['City'], {('birmingham',)}),{left: ("[FunctionalDependency:(s: {City}, t: {CountyName})]", 0.0), operator: *, right: (1.0, 1.0), result: 0.0})
now error: 0.0
newest best op: Uniop(df,'CountyName','jefferson',(['City'], {('birmingham',)}),{left: ("[FunctionalDependency:(s: {City}, t: {CountyName})]", 0.0), operator: *, right: (1.0, 1.0), result: 0.0})
now error: 0.0
Block processing time: 0.259577 seconds
Computing Block 37 out of 39
Processing Block size=25
begin cleaner{left: ("[FunctionalDependency:(s: {City}, t: {CountyName})]", 0.0), operator: *, right: (1.0, 1.0), result: 0.0}
列 'p' 不存在，对列 CountyName 不过滤，直接选择所有非无效值。
Block processing time: 0.018449 seconds
Computing Block 38 out of 39
Processing Block size=25
begin cleaner{left: ("[FunctionalDependency:(s: {City}, t: {CountyName})]", 0.0), operator: *, right: (1.0, 1.0), result: 0.0}
列 'p' 不存在，对列 CountyName 不过滤，直接选择所有非无效值。
clean_bool length:4
newest best op: Uniop(df,'CountyName','de kalb',(['City'], {('fort payne',)}),{left: ("[FunctionalDependency:(s: {City}, t: {CountyName})]", 0.0), operator: *, right: (1.0, 1.0), result: 0.0})
now error: 0.0
Block processing time: 0.065023 seconds
Computing Block 39 out of 39
Processing Block size=25
begin cleaner{left: ("[FunctionalDependency:(s: {City}, t: {CountyName})]", 0.0), operator: *, right: (1.0, 1.0), result: 0.0}
列 'p' 不存在，对列 CountyName 不过滤，直接选择所有非无效值。
Block processing time: 0.017482 seconds
  当前节点: CountyName 有 23 个清洗操作
  当前节点: HospitalType 存在可用清洗信号
数据块大小: 1000
分块属性:
[['Condition', 'MeasureName']]
Starting initial block mapping...
Initial number of blocks: 29
Final number of blocks after further splitting: 29
Computing Block 1 out of 29
Processing Block size=41
begin cleaner[FunctionalDependency:(s: {'Condition', 'MeasureName'}, t: {'HospitalType'})]*1.0
列 'p' 不存在，对列 HospitalType 不过滤，直接选择所有非无效值。
clean_bool length:3
newest best op: Uniop(df,'HospitalType','acute care hospitals',(['Condition', 'MeasureName'], {('heart failure', 'heart failure patients given an evaluation of left ventricular systolic (lvs) function')}),{left: ("[FunctionalDependency:(s: {Condition, MeasureName}, t: {HospitalType})]", 0.0), operator: *, right: (1.0, 1.0), result: 0.0})
now error: 0.0
Block processing time: 0.085598 seconds
Computing Block 2 out of 29
Processing Block size=39
begin cleaner{left: ("[FunctionalDependency:(s: {Condition, MeasureName}, t: {HospitalType})]", 0.0), operator: *, right: (1.0, 1.0), result: 0.0}
列 'p' 不存在，对列 HospitalType 不过滤，直接选择所有非无效值。
clean_bool length:3
newest best op: Uniop(df,'HospitalType','acute care hospitals',(['Condition', 'MeasureName'], {('heart attack', 'heart attack patients given pci within 90 minutes of arrival')}),{left: ("[FunctionalDependency:(s: {Condition, MeasureName}, t: {HospitalType})]", 0.0), operator: *, right: (1.0, 1.0), result: 0.0})
now error: 0.0
Block processing time: 0.081553 seconds
Computing Block 3 out of 29
Processing Block size=40
begin cleaner{left: ("[FunctionalDependency:(s: {Condition, MeasureName}, t: {HospitalType})]", 0.0), operator: *, right: (1.0, 1.0), result: 0.0}
列 'p' 不存在，对列 HospitalType 不过滤，直接选择所有非无效值。
Block processing time: 0.027866 seconds
Computing Block 4 out of 29
Processing Block size=41
begin cleaner{left: ("[FunctionalDependency:(s: {Condition, MeasureName}, t: {HospitalType})]", 0.0), operator: *, right: (1.0, 1.0), result: 0.0}
列 'p' 不存在，对列 HospitalType 不过滤，直接选择所有非无效值。
clean_bool length:3
newest best op: Uniop(df,'HospitalType','acutexcarexhospitals',(['Condition', 'MeasureName'], {('pneumonia', 'pneumonia patients assessed and given pneumococcal vaccination')}),{left: ("[FunctionalDependency:(s: {Condition, MeasureName}, t: {HospitalType})]", 0.0), operator: *, right: (1.0, 1.0), result: 0.0})
now error: 0.0
newest best op: Uniop(df,'HospitalType','acute care hospitals',(['Condition', 'MeasureName'], {('pneumonia', 'pneumonia patients assessed and given pneumococcal vaccination')}),{left: ("[FunctionalDependency:(s: {Condition, MeasureName}, t: {HospitalType})]", 0.0), operator: *, right: (1.0, 1.0), result: 0.0})
now error: 0.0
Block processing time: 0.08583 seconds
Computing Block 5 out of 29
Processing Block size=2
begin cleaner{left: ("[FunctionalDependency:(s: {Condition, MeasureName}, t: {HospitalType})]", 0.0), operator: *, right: (1.0, 1.0), result: 0.0}
列 'p' 不存在，对列 HospitalType 不过滤，直接选择所有非无效值。
clean_bool length:3
newest best op: Uniop(df,'HospitalType','acutexcarexhospitals',(['Condition', 'MeasureName'], {('children s asthma care', 'childrenxwhoxreceivedxrelieverxmedicationxwhilexhospitalizedxforxasthma')}),{left: ("[FunctionalDependency:(s: {Condition, MeasureName}, t: {HospitalType})]", 0.0), operator: *, right: (1.0, 1.0), result: 0.0})
now error: 0.0
Block processing time: 0.005102 seconds
Computing Block 6 out of 29
Processing Block size=40
begin cleaner{left: ("[FunctionalDependency:(s: {Condition, MeasureName}, t: {HospitalType})]", 0.0), operator: *, right: (1.0, 1.0), result: 0.0}
列 'p' 不存在，对列 HospitalType 不过滤，直接选择所有非无效值。
Block processing time: 0.027827 seconds
Computing Block 7 out of 29
Processing Block size=40
begin cleaner{left: ("[FunctionalDependency:(s: {Condition, MeasureName}, t: {HospitalType})]", 0.0), operator: *, right: (1.0, 1.0), result: 0.0}
列 'p' 不存在，对列 HospitalType 不过滤，直接选择所有非无效值。
clean_bool length:3
newest best op: Uniop(df,'HospitalType','acutexcarexhospitals',(['Condition', 'MeasureName'], {('pneumonia', 'pneumonia patients given initial antibiotic(s) within 6 hours after arrival')}),{left: ("[FunctionalDependency:(s: {Condition, MeasureName}, t: {HospitalType})]", 0.0), operator: *, right: (1.0, 1.0), result: 0.0})
now error: 0.0
newest best op: Uniop(df,'HospitalType','acute care hospitals',(['Condition', 'MeasureName'], {('pneumonia', 'pneumonia patients given initial antibiotic(s) within 6 hours after arrival')}),{left: ("[FunctionalDependency:(s: {Condition, MeasureName}, t: {HospitalType})]", 0.0), operator: *, right: (1.0, 1.0), result: 0.0})
now error: 0.0
Block processing time: 0.084674 seconds
Computing Block 8 out of 29
Processing Block size=37
begin cleaner{left: ("[FunctionalDependency:(s: {Condition, MeasureName}, t: {HospitalType})]", 0.0), operator: *, right: (1.0, 1.0), result: 0.0}
列 'p' 不存在，对列 HospitalType 不过滤，直接选择所有非无效值。
clean_bool length:3
newest best op: Uniop(df,'HospitalType','acute care hospitals',(['Condition', 'MeasureName'], {('surgical infection prevention', 'surgery patients needing hair removed from the surgical area before surgery who had hair removed using a safer method (electric clippers or hair removal cream c not a razor)')}),{left: ("[FunctionalDependency:(s: {Condition, MeasureName}, t: {HospitalType})]", 0.0), operator: *, right: (1.0, 1.0), result: 0.0})
now error: 0.0
Block processing time: 0.077609 seconds
Computing Block 9 out of 29
Processing Block size=40
begin cleaner{left: ("[FunctionalDependency:(s: {Condition, MeasureName}, t: {HospitalType})]", 0.0), operator: *, right: (1.0, 1.0), result: 0.0}
列 'p' 不存在，对列 HospitalType 不过滤，直接选择所有非无效值。
clean_bool length:4
newest best op: Uniop(df,'HospitalType','acute care hosxitals',(['Condition', 'MeasureName'], {('heart attack', 'heart attack patients given beta blocker at discharge')}),{left: ("[FunctionalDependency:(s: {Condition, MeasureName}, t: {HospitalType})]", 0.0), operator: *, right: (1.0, 1.0), result: 0.0})
now error: 0.0
newest best op: Uniop(df,'HospitalType','acute care hospitals',(['Condition', 'MeasureName'], {('heart attack', 'heart attack patients given beta blocker at discharge')}),{left: ("[FunctionalDependency:(s: {Condition, MeasureName}, t: {HospitalType})]", 0.0), operator: *, right: (1.0, 1.0), result: 0.0})
now error: 0.0
Block processing time: 0.113238 seconds
Computing Block 10 out of 29
Processing Block size=41
begin cleaner{left: ("[FunctionalDependency:(s: {Condition, MeasureName}, t: {HospitalType})]", 0.0), operator: *, right: (1.0, 1.0), result: 0.0}
列 'p' 不存在，对列 HospitalType 不过滤，直接选择所有非无效值。
clean_bool length:4
newest best op: Uniop(df,'HospitalType','axute care hospitals',(['Condition', 'MeasureName'], {('pneumonia', 'pneumonia patients whose initial emergency room blood culture was performed prior to the administration of the first hospital dose of antibiotics')}),{left: ("[FunctionalDependency:(s: {Condition, MeasureName}, t: {HospitalType})]", 0.0), operator: *, right: (1.0, 1.0), result: 0.0})
now error: 0.0
newest best op: Uniop(df,'HospitalType','acute care hospitals',(['Condition', 'MeasureName'], {('pneumonia', 'pneumonia patients whose initial emergency room blood culture was performed prior to the administration of the first hospital dose of antibiotics')}),{left: ("[FunctionalDependency:(s: {Condition, MeasureName}, t: {HospitalType})]", 0.0), operator: *, right: (1.0, 1.0), result: 0.0})
now error: 0.0
Block processing time: 0.115884 seconds
Computing Block 11 out of 29
Processing Block size=3
begin cleaner{left: ("[FunctionalDependency:(s: {Condition, MeasureName}, t: {HospitalType})]", 0.0), operator: *, right: (1.0, 1.0), result: 0.0}
列 'p' 不存在，对列 HospitalType 不过滤，直接选择所有非无效值。
Block processing time: 0.002235 seconds
Computing Block 12 out of 29
Processing Block size=38
begin cleaner{left: ("[FunctionalDependency:(s: {Condition, MeasureName}, t: {HospitalType})]", 0.0), operator: *, right: (1.0, 1.0), result: 0.0}
列 'p' 不存在，对列 HospitalType 不过滤，直接选择所有非无效值。
Block processing time: 0.026567 seconds
Computing Block 13 out of 29
Processing Block size=38
begin cleaner{left: ("[FunctionalDependency:(s: {Condition, MeasureName}, t: {HospitalType})]", 0.0), operator: *, right: (1.0, 1.0), result: 0.0}
列 'p' 不存在，对列 HospitalType 不过滤，直接选择所有非无效值。
clean_bool length:5
newest best op: Uniop(df,'HospitalType','acute care hosxitals',(['Condition', 'MeasureName'], {('surgical infection prevention', 'surgery patients whose preventive antibiotics were stopped at the right time (within 24 hours after surgery)')}),{left: ("[FunctionalDependency:(s: {Condition, MeasureName}, t: {HospitalType})]", 0.0), operator: *, right: (1.0, 1.0), result: 0.0})
now error: 0.0
newest best op: Uniop(df,'HospitalType','acute care hospitals',(['Condition', 'MeasureName'], {('surgical infection prevention', 'surgery patients whose preventive antibiotics were stopped at the right time (within 24 hours after surgery)')}),{left: ("[FunctionalDependency:(s: {Condition, MeasureName}, t: {HospitalType})]", 0.0), operator: *, right: (1.0, 1.0), result: 0.0})
now error: 0.0
Block processing time: 0.13544 seconds
Computing Block 14 out of 29
Processing Block size=37
begin cleaner{left: ("[FunctionalDependency:(s: {Condition, MeasureName}, t: {HospitalType})]", 0.0), operator: *, right: (1.0, 1.0), result: 0.0}
列 'p' 不存在，对列 HospitalType 不过滤，直接选择所有非无效值。
clean_bool length:5
newest best op: Uniop(df,'HospitalType','acutexcarexhospitals',(['Condition', 'MeasureName'], {('surgical infection prevention', 'all heart surgery patients whose blood sugar (blood glucose) is kept under good control in the days right after surgery')}),{left: ("[FunctionalDependency:(s: {Condition, MeasureName}, t: {HospitalType})]", 0.0), operator: *, right: (1.0, 1.0), result: 0.0})
now error: 0.0
newest best op: Uniop(df,'HospitalType','acute caxe hospitals',(['Condition', 'MeasureName'], {('surgical infection prevention', 'all heart surgery patients whose blood sugar (blood glucose) is kept under good control in the days right after surgery')}),{left: ("[FunctionalDependency:(s: {Condition, MeasureName}, t: {HospitalType})]", 0.0), operator: *, right: (1.0, 1.0), result: 0.0})
now error: 0.0
newest best op: Uniop(df,'HospitalType','acute care hospitals',(['Condition', 'MeasureName'], {('surgical infection prevention', 'all heart surgery patients whose blood sugar (blood glucose) is kept under good control in the days right after surgery')}),{left: ("[FunctionalDependency:(s: {Condition, MeasureName}, t: {HospitalType})]", 0.0), operator: *, right: (1.0, 1.0), result: 0.0})
now error: 0.0
Block processing time: 0.134703 seconds
Computing Block 15 out of 29
Processing Block size=41
begin cleaner{left: ("[FunctionalDependency:(s: {Condition, MeasureName}, t: {HospitalType})]", 0.0), operator: *, right: (1.0, 1.0), result: 0.0}
列 'p' 不存在，对列 HospitalType 不过滤，直接选择所有非无效值。
Block processing time: 0.029042 seconds
Computing Block 17 out of 29
Processing Block size=3
begin cleaner{left: ("[FunctionalDependency:(s: {Condition, MeasureName}, t: {HospitalType})]", 0.0), operator: *, right: (1.0, 1.0), result: 0.0}
列 'p' 不存在，对列 HospitalType 不过滤，直接选择所有非无效值。
Block processing time: 0.002248 seconds
Computing Block 18 out of 29
Processing Block size=40
begin cleaner{left: ("[FunctionalDependency:(s: {Condition, MeasureName}, t: {HospitalType})]", 0.0), operator: *, right: (1.0, 1.0), result: 0.0}
列 'p' 不存在，对列 HospitalType 不过滤，直接选择所有非无效值。
clean_bool length:3
newest best op: Uniop(df,'HospitalType','acute care hoxpitalx',(['Condition', 'MeasureName'], {('heart attack', 'heart attack patients given aspirin at arrival')}),{left: ("[FunctionalDependency:(s: {Condition, MeasureName}, t: {HospitalType})]", 0.0), operator: *, right: (1.0, 1.0), result: 0.0})
now error: 0.0
newest best op: Uniop(df,'HospitalType','acute care hospitals',(['Condition', 'MeasureName'], {('heart attack', 'heart attack patients given aspirin at arrival')}),{left: ("[FunctionalDependency:(s: {Condition, MeasureName}, t: {HospitalType})]", 0.0), operator: *, right: (1.0, 1.0), result: 0.0})
now error: 0.0
Block processing time: 0.084042 seconds
Computing Block 19 out of 29
Processing Block size=39
begin cleaner{left: ("[FunctionalDependency:(s: {Condition, MeasureName}, t: {HospitalType})]", 0.0), operator: *, right: (1.0, 1.0), result: 0.0}
列 'p' 不存在，对列 HospitalType 不过滤，直接选择所有非无效值。
clean_bool length:4
newest best op: Uniop(df,'HospitalType','acute care hosxitals',(['Condition', 'MeasureName'], {('heart attack', 'heart attack patients given fibrinolytic medication within 30 minutes of arrival')}),{left: ("[FunctionalDependency:(s: {Condition, MeasureName}, t: {HospitalType})]", 0.0), operator: *, right: (1.0, 1.0), result: 0.0})
now error: 0.0
newest best op: Uniop(df,'HospitalType','acute care hospitals',(['Condition', 'MeasureName'], {('heart attack', 'heart attack patients given fibrinolytic medication within 30 minutes of arrival')}),{left: ("[FunctionalDependency:(s: {Condition, MeasureName}, t: {HospitalType})]", 0.0), operator: *, right: (1.0, 1.0), result: 0.0})
now error: 0.0
Block processing time: 0.110442 seconds
Computing Block 20 out of 29
Processing Block size=41
begin cleaner{left: ("[FunctionalDependency:(s: {Condition, MeasureName}, t: {HospitalType})]", 0.0), operator: *, right: (1.0, 1.0), result: 0.0}
列 'p' 不存在，对列 HospitalType 不过滤，直接选择所有非无效值。
clean_bool length:3
newest best op: Uniop(df,'HospitalType','acute care hospitals',(['Condition', 'MeasureName'], {('heart attack', 'heart attack patients given aspirin at discharge')}),{left: ("[FunctionalDependency:(s: {Condition, MeasureName}, t: {HospitalType})]", 0.0), operator: *, right: (1.0, 1.0), result: 0.0})
now error: 0.0
Block processing time: 0.085305 seconds
Computing Block 21 out of 29
Processing Block size=40
begin cleaner{left: ("[FunctionalDependency:(s: {Condition, MeasureName}, t: {HospitalType})]", 0.0), operator: *, right: (1.0, 1.0), result: 0.0}
列 'p' 不存在，对列 HospitalType 不过滤，直接选择所有非无效值。
Block processing time: 0.028314 seconds
Computing Block 22 out of 29
Processing Block size=40
begin cleaner{left: ("[FunctionalDependency:(s: {Condition, MeasureName}, t: {HospitalType})]", 0.0), operator: *, right: (1.0, 1.0), result: 0.0}
列 'p' 不存在，对列 HospitalType 不过滤，直接选择所有非无效值。
Block processing time: 0.028178 seconds
Computing Block 23 out of 29
Processing Block size=39
begin cleaner{left: ("[FunctionalDependency:(s: {Condition, MeasureName}, t: {HospitalType})]", 0.0), operator: *, right: (1.0, 1.0), result: 0.0}
列 'p' 不存在，对列 HospitalType 不过滤，直接选择所有非无效值。
clean_bool length:4
newest best op: Uniop(df,'HospitalType','acute care hosxitals',(['Condition', 'MeasureName'], {('surgical infection prevention', 'surgery patients who were given the  right kind  of antibiotic to help prevent infection')}),{left: ("[FunctionalDependency:(s: {Condition, MeasureName}, t: {HospitalType})]", 0.0), operator: *, right: (1.0, 1.0), result: 0.0})
now error: 0.0
newest best op: Uniop(df,'HospitalType','acute care hospitals',(['Condition', 'MeasureName'], {('surgical infection prevention', 'surgery patients who were given the  right kind  of antibiotic to help prevent infection')}),{left: ("[FunctionalDependency:(s: {Condition, MeasureName}, t: {HospitalType})]", 0.0), operator: *, right: (1.0, 1.0), result: 0.0})
now error: 0.0
Block processing time: 0.113505 seconds
Computing Block 24 out of 29
Processing Block size=39
begin cleaner{left: ("[FunctionalDependency:(s: {Condition, MeasureName}, t: {HospitalType})]", 0.0), operator: *, right: (1.0, 1.0), result: 0.0}
列 'p' 不存在，对列 HospitalType 不过滤，直接选择所有非无效值。
clean_bool length:4
newest best op: Uniop(df,'HospitalType','acute caxe hospitals',(['Condition', 'MeasureName'], {('surgical infection prevention', 'patients who got treatment  at the right time (within 24 hours before or after their surgery) to help prevent blood clots after certain types of surgery')}),{left: ("[FunctionalDependency:(s: {Condition, MeasureName}, t: {HospitalType})]", 0.0), operator: *, right: (1.0, 1.0), result: 0.0})
now error: 0.0
newest best op: Uniop(df,'HospitalType','acute care hospitals',(['Condition', 'MeasureName'], {('surgical infection prevention', 'patients who got treatment  at the right time (within 24 hours before or after their surgery) to help prevent blood clots after certain types of surgery')}),{left: ("[FunctionalDependency:(s: {Condition, MeasureName}, t: {HospitalType})]", 0.0), operator: *, right: (1.0, 1.0), result: 0.0})
now error: 0.0
Block processing time: 0.110208 seconds
Computing Block 25 out of 29
Processing Block size=41
begin cleaner{left: ("[FunctionalDependency:(s: {Condition, MeasureName}, t: {HospitalType})]", 0.0), operator: *, right: (1.0, 1.0), result: 0.0}
列 'p' 不存在，对列 HospitalType 不过滤，直接选择所有非无效值。
clean_bool length:3
newest best op: Uniop(df,'HospitalType','acutexcarexhospitals',(['Condition', 'MeasureName'], {('heart failure', 'heart failure patients given ace inhibitor or arb for left ventricular systolic dysfunction (lvsd)')}),{left: ("[FunctionalDependency:(s: {Condition, MeasureName}, t: {HospitalType})]", 0.0), operator: *, right: (1.0, 1.0), result: 0.0})
now error: 0.0
newest best op: Uniop(df,'HospitalType','acute care hospitals',(['Condition', 'MeasureName'], {('heart failure', 'heart failure patients given ace inhibitor or arb for left ventricular systolic dysfunction (lvsd)')}),{left: ("[FunctionalDependency:(s: {Condition, MeasureName}, t: {HospitalType})]", 0.0), operator: *, right: (1.0, 1.0), result: 0.0})
now error: 0.0
Block processing time: 0.086082 seconds
Computing Block 26 out of 29
Processing Block size=39
begin cleaner{left: ("[FunctionalDependency:(s: {Condition, MeasureName}, t: {HospitalType})]", 0.0), operator: *, right: (1.0, 1.0), result: 0.0}
列 'p' 不存在，对列 HospitalType 不过滤，直接选择所有非无效值。
clean_bool length:3
newest best op: Uniop(df,'HospitalType','acute care hospitals',(['Condition', 'MeasureName'], {('surgical infection prevention', 'surgery patients who were given an antibiotic at the right time (within one hour before surgery) to help prevent infection')}),{left: ("[FunctionalDependency:(s: {Condition, MeasureName}, t: {HospitalType})]", 0.0), operator: *, right: (1.0, 1.0), result: 0.0})
now error: 0.0
Block processing time: 0.081046 seconds
Computing Block 27 out of 29
Processing Block size=40
begin cleaner{left: ("[FunctionalDependency:(s: {Condition, MeasureName}, t: {HospitalType})]", 0.0), operator: *, right: (1.0, 1.0), result: 0.0}
列 'p' 不存在，对列 HospitalType 不过滤，直接选择所有非无效值。
clean_bool length:3
newest best op: Uniop(df,'HospitalType','acute care hosxitals',(['Condition', 'MeasureName'], {('pneumonia', 'pneumonia patients assessed and given influenza vaccination')}),{left: ("[FunctionalDependency:(s: {Condition, MeasureName}, t: {HospitalType})]", 0.0), operator: *, right: (1.0, 1.0), result: 0.0})
now error: 0.0
newest best op: Uniop(df,'HospitalType','acute care hospitals',(['Condition', 'MeasureName'], {('pneumonia', 'pneumonia patients assessed and given influenza vaccination')}),{left: ("[FunctionalDependency:(s: {Condition, MeasureName}, t: {HospitalType})]", 0.0), operator: *, right: (1.0, 1.0), result: 0.0})
now error: 0.0
Block processing time: 0.082938 seconds
Computing Block 28 out of 29
Processing Block size=40
begin cleaner{left: ("[FunctionalDependency:(s: {Condition, MeasureName}, t: {HospitalType})]", 0.0), operator: *, right: (1.0, 1.0), result: 0.0}
列 'p' 不存在，对列 HospitalType 不过滤，直接选择所有非无效值。
clean_bool length:3
newest best op: Uniop(df,'HospitalType','acutexcarexhospitals',(['Condition', 'MeasureName'], {('pneumonia', 'pneumonia patients given smoking cessation advice/counseling')}),{left: ("[FunctionalDependency:(s: {Condition, MeasureName}, t: {HospitalType})]", 0.0), operator: *, right: (1.0, 1.0), result: 0.0})
now error: 0.0
newest best op: Uniop(df,'HospitalType','acute care hospitals',(['Condition', 'MeasureName'], {('pneumonia', 'pneumonia patients given smoking cessation advice/counseling')}),{left: ("[FunctionalDependency:(s: {Condition, MeasureName}, t: {HospitalType})]", 0.0), operator: *, right: (1.0, 1.0), result: 0.0})
now error: 0.0
Block processing time: 0.084024 seconds
Computing Block 29 out of 29
Processing Block size=40
begin cleaner{left: ("[FunctionalDependency:(s: {Condition, MeasureName}, t: {HospitalType})]", 0.0), operator: *, right: (1.0, 1.0), result: 0.0}
列 'p' 不存在，对列 HospitalType 不过滤，直接选择所有非无效值。
clean_bool length:4
newest best op: Uniop(df,'HospitalType','acutexcarexhospitals',(['Condition', 'MeasureName'], {('heart attack', 'heart attack patients given ace inhibitor or arb for left ventricular systolic dysfunction (lvsd)')}),{left: ("[FunctionalDependency:(s: {Condition, MeasureName}, t: {HospitalType})]", 0.0), operator: *, right: (1.0, 1.0), result: 0.0})
now error: 0.0
newest best op: Uniop(df,'HospitalType','acute care hospitals',(['Condition', 'MeasureName'], {('heart attack', 'heart attack patients given ace inhibitor or arb for left ventricular systolic dysfunction (lvsd)')}),{left: ("[FunctionalDependency:(s: {Condition, MeasureName}, t: {HospitalType})]", 0.0), operator: *, right: (1.0, 1.0), result: 0.0})
now error: 0.0
Block processing time: 0.114463 seconds
  当前节点: HospitalType 有 20 个清洗操作
['EmergencyService', 'State', 'CountyName', 'HospitalType']的清洗完成

本层累积的编辑规则数: 87
读入数据大小：1000
处理了 87 条规则，更新数据...
所有编辑规则已更新完成

处理第 1 层级, 包含节点: ['HospitalName,ProviderNumber', 'MeasureCode']
  跳过已清洗结束的节点: HospitalName,ProviderNumber
  跳过已清洗结束的节点: MeasureCode
['HospitalName,ProviderNumber', 'MeasureCode']的清洗完成

本层累积的编辑规则数: 0
本层没有可以进行的清洗操作，进行下一层

处理第 2 层级, 包含节点: ['ZipCode', 'PhoneNumber', 'Address1', 'HospitalOwner', 'City', 'MeasureName', 'Stateavg', 'Condition']
  跳过已清洗结束的节点: ZipCode
  跳过已清洗结束的节点: PhoneNumber
  跳过已清洗结束的节点: Address1
  跳过已清洗结束的节点: HospitalOwner
  跳过已清洗结束的节点: City
  跳过已清洗结束的节点: MeasureName
  跳过已清洗结束的节点: Stateavg
  跳过已清洗结束的节点: Condition
['ZipCode', 'PhoneNumber', 'Address1', 'HospitalOwner', 'City', 'MeasureName', 'Stateavg', 'Condition']的清洗完成

本层累积的编辑规则数: 0
本层没有可以进行的清洗操作，进行下一层

处理第 3 层级, 包含节点: ['EmergencyService', 'State', 'CountyName', 'HospitalType']
  当前节点: EmergencyService 存在可用清洗信号
数据块大小: 1000
分块属性:
[['ZipCode']]
Starting initial block mapping...
Initial number of blocks: 44
Final number of blocks after further splitting: 44
Computing Block 1 out of 44
Processing Block size=25
begin cleaner[FunctionalDependency:(s: {'ZipCode'}, t: {'EmergencyService'})]*1.0
列 'p' 不存在，对列 EmergencyService 不过滤，直接选择所有非无效值。
Block processing time: 0.018289 seconds
Computing Block 2 out of 44
Processing Block size=25
begin cleaner{left: ("[FunctionalDependency:(s: {ZipCode}, t: {EmergencyService})]", 0.0), operator: *, right: (1.0, 1.0), result: 0.0}
列 'p' 不存在，对列 EmergencyService 不过滤，直接选择所有非无效值。
Block processing time: 0.018102 seconds
Computing Block 3 out of 44
Processing Block size=25
begin cleaner{left: ("[FunctionalDependency:(s: {ZipCode}, t: {EmergencyService})]", 0.0), operator: *, right: (1.0, 1.0), result: 0.0}
列 'p' 不存在，对列 EmergencyService 不过滤，直接选择所有非无效值。
Block processing time: 0.018136 seconds
Computing Block 4 out of 44
Processing Block size=17
begin cleaner{left: ("[FunctionalDependency:(s: {ZipCode}, t: {EmergencyService})]", 0.0), operator: *, right: (1.0, 1.0), result: 0.0}
列 'p' 不存在，对列 EmergencyService 不过滤，直接选择所有非无效值。
Block processing time: 0.012398 seconds
Computing Block 5 out of 44
Processing Block size=2
begin cleaner{left: ("[FunctionalDependency:(s: {ZipCode}, t: {EmergencyService})]", 0.0), operator: *, right: (1.0, 1.0), result: 0.0}
列 'p' 不存在，对列 EmergencyService 不过滤，直接选择所有非无效值。
Block processing time: 0.001634 seconds
Computing Block 6 out of 44
Processing Block size=13
begin cleaner{left: ("[FunctionalDependency:(s: {ZipCode}, t: {EmergencyService})]", 0.0), operator: *, right: (1.0, 1.0), result: 0.0}
列 'p' 不存在，对列 EmergencyService 不过滤，直接选择所有非无效值。
Block processing time: 0.009336 seconds
Computing Block 7 out of 44
Processing Block size=20
begin cleaner{left: ("[FunctionalDependency:(s: {ZipCode}, t: {EmergencyService})]", 0.0), operator: *, right: (1.0, 1.0), result: 0.0}
列 'p' 不存在，对列 EmergencyService 不过滤，直接选择所有非无效值。
Block processing time: 0.013898 seconds
Computing Block 8 out of 44
Processing Block size=25
begin cleaner{left: ("[FunctionalDependency:(s: {ZipCode}, t: {EmergencyService})]", 0.0), operator: *, right: (1.0, 1.0), result: 0.0}
列 'p' 不存在，对列 EmergencyService 不过滤，直接选择所有非无效值。
Block processing time: 0.017275 seconds
Computing Block 9 out of 44
Processing Block size=25
begin cleaner{left: ("[FunctionalDependency:(s: {ZipCode}, t: {EmergencyService})]", 0.0), operator: *, right: (1.0, 1.0), result: 0.0}
列 'p' 不存在，对列 EmergencyService 不过滤，直接选择所有非无效值。
Block processing time: 0.017748 seconds
Computing Block 10 out of 44
Processing Block size=25
begin cleaner{left: ("[FunctionalDependency:(s: {ZipCode}, t: {EmergencyService})]", 0.0), operator: *, right: (1.0, 1.0), result: 0.0}
列 'p' 不存在，对列 EmergencyService 不过滤，直接选择所有非无效值。
Block processing time: 0.017434 seconds
Computing Block 12 out of 44
Processing Block size=18
begin cleaner{left: ("[FunctionalDependency:(s: {ZipCode}, t: {EmergencyService})]", 0.0), operator: *, right: (1.0, 1.0), result: 0.0}
列 'p' 不存在，对列 EmergencyService 不过滤，直接选择所有非无效值。
Block processing time: 0.012725 seconds
Computing Block 13 out of 44
Processing Block size=50
begin cleaner{left: ("[FunctionalDependency:(s: {ZipCode}, t: {EmergencyService})]", 0.0), operator: *, right: (1.0, 1.0), result: 0.0}
列 'p' 不存在，对列 EmergencyService 不过滤，直接选择所有非无效值。
Block processing time: 0.034819 seconds
Computing Block 14 out of 44
Processing Block size=25
begin cleaner{left: ("[FunctionalDependency:(s: {ZipCode}, t: {EmergencyService})]", 0.0), operator: *, right: (1.0, 1.0), result: 0.0}
列 'p' 不存在，对列 EmergencyService 不过滤，直接选择所有非无效值。
Block processing time: 0.017054 seconds
Computing Block 15 out of 44
Processing Block size=28
begin cleaner{left: ("[FunctionalDependency:(s: {ZipCode}, t: {EmergencyService})]", 0.0), operator: *, right: (1.0, 1.0), result: 0.0}
列 'p' 不存在，对列 EmergencyService 不过滤，直接选择所有非无效值。
Block processing time: 0.019392 seconds
Computing Block 16 out of 44
Processing Block size=25
begin cleaner{left: ("[FunctionalDependency:(s: {ZipCode}, t: {EmergencyService})]", 0.0), operator: *, right: (1.0, 1.0), result: 0.0}
列 'p' 不存在，对列 EmergencyService 不过滤，直接选择所有非无效值。
Block processing time: 0.017675 seconds
Computing Block 17 out of 44
Processing Block size=2
begin cleaner{left: ("[FunctionalDependency:(s: {ZipCode}, t: {EmergencyService})]", 0.0), operator: *, right: (1.0, 1.0), result: 0.0}
列 'p' 不存在，对列 EmergencyService 不过滤，直接选择所有非无效值。
Block processing time: 0.001524 seconds
Computing Block 18 out of 44
Processing Block size=28
begin cleaner{left: ("[FunctionalDependency:(s: {ZipCode}, t: {EmergencyService})]", 0.0), operator: *, right: (1.0, 1.0), result: 0.0}
列 'p' 不存在，对列 EmergencyService 不过滤，直接选择所有非无效值。
Block processing time: 0.019673 seconds
Computing Block 19 out of 44
Processing Block size=25
begin cleaner{left: ("[FunctionalDependency:(s: {ZipCode}, t: {EmergencyService})]", 0.0), operator: *, right: (1.0, 1.0), result: 0.0}
列 'p' 不存在，对列 EmergencyService 不过滤，直接选择所有非无效值。
Block processing time: 0.017907 seconds
Computing Block 20 out of 44
Processing Block size=25
begin cleaner{left: ("[FunctionalDependency:(s: {ZipCode}, t: {EmergencyService})]", 0.0), operator: *, right: (1.0, 1.0), result: 0.0}
列 'p' 不存在，对列 EmergencyService 不过滤，直接选择所有非无效值。
Block processing time: 0.017712 seconds
Computing Block 21 out of 44
Processing Block size=25
begin cleaner{left: ("[FunctionalDependency:(s: {ZipCode}, t: {EmergencyService})]", 0.0), operator: *, right: (1.0, 1.0), result: 0.0}
列 'p' 不存在，对列 EmergencyService 不过滤，直接选择所有非无效值。
Block processing time: 0.017202 seconds
Computing Block 22 out of 44
Processing Block size=25
begin cleaner{left: ("[FunctionalDependency:(s: {ZipCode}, t: {EmergencyService})]", 0.0), operator: *, right: (1.0, 1.0), result: 0.0}
列 'p' 不存在，对列 EmergencyService 不过滤，直接选择所有非无效值。
Block processing time: 0.017455 seconds
Computing Block 23 out of 44
Processing Block size=25
begin cleaner{left: ("[FunctionalDependency:(s: {ZipCode}, t: {EmergencyService})]", 0.0), operator: *, right: (1.0, 1.0), result: 0.0}
列 'p' 不存在，对列 EmergencyService 不过滤，直接选择所有非无效值。
Block processing time: 0.017359 seconds
Computing Block 24 out of 44
Processing Block size=25
begin cleaner{left: ("[FunctionalDependency:(s: {ZipCode}, t: {EmergencyService})]", 0.0), operator: *, right: (1.0, 1.0), result: 0.0}
列 'p' 不存在，对列 EmergencyService 不过滤，直接选择所有非无效值。
Block processing time: 0.017069 seconds
Computing Block 25 out of 44
Processing Block size=5
begin cleaner{left: ("[FunctionalDependency:(s: {ZipCode}, t: {EmergencyService})]", 0.0), operator: *, right: (1.0, 1.0), result: 0.0}
列 'p' 不存在，对列 EmergencyService 不过滤，直接选择所有非无效值。
Block processing time: 0.003558 seconds
Computing Block 26 out of 44
Processing Block size=25
begin cleaner{left: ("[FunctionalDependency:(s: {ZipCode}, t: {EmergencyService})]", 0.0), operator: *, right: (1.0, 1.0), result: 0.0}
列 'p' 不存在，对列 EmergencyService 不过滤，直接选择所有非无效值。
Block processing time: 0.017098 seconds
Computing Block 27 out of 44
Processing Block size=25
begin cleaner{left: ("[FunctionalDependency:(s: {ZipCode}, t: {EmergencyService})]", 0.0), operator: *, right: (1.0, 1.0), result: 0.0}
列 'p' 不存在，对列 EmergencyService 不过滤，直接选择所有非无效值。
Block processing time: 0.017022 seconds
Computing Block 28 out of 44
Processing Block size=25
begin cleaner{left: ("[FunctionalDependency:(s: {ZipCode}, t: {EmergencyService})]", 0.0), operator: *, right: (1.0, 1.0), result: 0.0}
列 'p' 不存在，对列 EmergencyService 不过滤，直接选择所有非无效值。
Block processing time: 0.016912 seconds
Computing Block 29 out of 44
Processing Block size=25
begin cleaner{left: ("[FunctionalDependency:(s: {ZipCode}, t: {EmergencyService})]", 0.0), operator: *, right: (1.0, 1.0), result: 0.0}
列 'p' 不存在，对列 EmergencyService 不过滤，直接选择所有非无效值。
Block processing time: 0.017084 seconds
Computing Block 30 out of 44
Processing Block size=25
begin cleaner{left: ("[FunctionalDependency:(s: {ZipCode}, t: {EmergencyService})]", 0.0), operator: *, right: (1.0, 1.0), result: 0.0}
列 'p' 不存在，对列 EmergencyService 不过滤，直接选择所有非无效值。
Block processing time: 0.017124 seconds
Computing Block 31 out of 44
Processing Block size=25
begin cleaner{left: ("[FunctionalDependency:(s: {ZipCode}, t: {EmergencyService})]", 0.0), operator: *, right: (1.0, 1.0), result: 0.0}
列 'p' 不存在，对列 EmergencyService 不过滤，直接选择所有非无效值。
Block processing time: 0.017011 seconds
Computing Block 32 out of 44
Processing Block size=25
begin cleaner{left: ("[FunctionalDependency:(s: {ZipCode}, t: {EmergencyService})]", 0.0), operator: *, right: (1.0, 1.0), result: 0.0}
列 'p' 不存在，对列 EmergencyService 不过滤，直接选择所有非无效值。
Block processing time: 0.017043 seconds
Computing Block 33 out of 44
Processing Block size=25
begin cleaner{left: ("[FunctionalDependency:(s: {ZipCode}, t: {EmergencyService})]", 0.0), operator: *, right: (1.0, 1.0), result: 0.0}
列 'p' 不存在，对列 EmergencyService 不过滤，直接选择所有非无效值。
Block processing time: 0.017026 seconds
Computing Block 34 out of 44
Processing Block size=25
begin cleaner{left: ("[FunctionalDependency:(s: {ZipCode}, t: {EmergencyService})]", 0.0), operator: *, right: (1.0, 1.0), result: 0.0}
列 'p' 不存在，对列 EmergencyService 不过滤，直接选择所有非无效值。
Block processing time: 0.017193 seconds
Computing Block 35 out of 44
Processing Block size=25
begin cleaner{left: ("[FunctionalDependency:(s: {ZipCode}, t: {EmergencyService})]", 0.0), operator: *, right: (1.0, 1.0), result: 0.0}
列 'p' 不存在，对列 EmergencyService 不过滤，直接选择所有非无效值。
Block processing time: 0.017215 seconds
Computing Block 36 out of 44
Processing Block size=25
begin cleaner{left: ("[FunctionalDependency:(s: {ZipCode}, t: {EmergencyService})]", 0.0), operator: *, right: (1.0, 1.0), result: 0.0}
列 'p' 不存在，对列 EmergencyService 不过滤，直接选择所有非无效值。
Block processing time: 0.017221 seconds
Computing Block 37 out of 44
Processing Block size=25
begin cleaner{left: ("[FunctionalDependency:(s: {ZipCode}, t: {EmergencyService})]", 0.0), operator: *, right: (1.0, 1.0), result: 0.0}
列 'p' 不存在，对列 EmergencyService 不过滤，直接选择所有非无效值。
Block processing time: 0.017073 seconds
Computing Block 38 out of 44
Processing Block size=28
begin cleaner{left: ("[FunctionalDependency:(s: {ZipCode}, t: {EmergencyService})]", 0.0), operator: *, right: (1.0, 1.0), result: 0.0}
列 'p' 不存在，对列 EmergencyService 不过滤，直接选择所有非无效值。
Block processing time: 0.019076 seconds
Computing Block 39 out of 44
Processing Block size=25
begin cleaner{left: ("[FunctionalDependency:(s: {ZipCode}, t: {EmergencyService})]", 0.0), operator: *, right: (1.0, 1.0), result: 0.0}
列 'p' 不存在，对列 EmergencyService 不过滤，直接选择所有非无效值。
Block processing time: 0.016991 seconds
Computing Block 40 out of 44
Processing Block size=20
begin cleaner{left: ("[FunctionalDependency:(s: {ZipCode}, t: {EmergencyService})]", 0.0), operator: *, right: (1.0, 1.0), result: 0.0}
列 'p' 不存在，对列 EmergencyService 不过滤，直接选择所有非无效值。
Block processing time: 0.013623 seconds
Computing Block 41 out of 44
Processing Block size=18
begin cleaner{left: ("[FunctionalDependency:(s: {ZipCode}, t: {EmergencyService})]", 0.0), operator: *, right: (1.0, 1.0), result: 0.0}
列 'p' 不存在，对列 EmergencyService 不过滤，直接选择所有非无效值。
Block processing time: 0.012284 seconds
Computing Block 42 out of 44
Processing Block size=25
begin cleaner{left: ("[FunctionalDependency:(s: {ZipCode}, t: {EmergencyService})]", 0.0), operator: *, right: (1.0, 1.0), result: 0.0}
列 'p' 不存在，对列 EmergencyService 不过滤，直接选择所有非无效值。
Block processing time: 0.016955 seconds
Computing Block 43 out of 44
Processing Block size=25
begin cleaner{left: ("[FunctionalDependency:(s: {ZipCode}, t: {EmergencyService})]", 0.0), operator: *, right: (1.0, 1.0), result: 0.0}
列 'p' 不存在，对列 EmergencyService 不过滤，直接选择所有非无效值。
Block processing time: 0.0169 seconds
Computing Block 44 out of 44
Processing Block size=25
begin cleaner{left: ("[FunctionalDependency:(s: {ZipCode}, t: {EmergencyService})]", 0.0), operator: *, right: (1.0, 1.0), result: 0.0}
列 'p' 不存在，对列 EmergencyService 不过滤，直接选择所有非无效值。
Block processing time: 0.016948 seconds
  当前节点: EmergencyService 无清洗操作
  当前节点: State 存在可用清洗信号
数据块大小: 1000
分块属性:
[['HospitalName', 'HospitalOwner', 'PhoneNumber']]
Starting initial block mapping...
Initial number of blocks: 45
Final number of blocks after further splitting: 45
Computing Block 1 out of 45
Processing Block size=25
begin cleaner[FunctionalDependency:(s: {'HospitalName', 'HospitalOwner', 'PhoneNumber'}, t: {'State'})]*1.0
列 'p' 不存在，对列 State 不过滤，直接选择所有非无效值。
Block processing time: 0.018191 seconds
Computing Block 2 out of 45
Processing Block size=25
begin cleaner{left: ("[FunctionalDependency:(s: {HospitalName, HospitalOwner, PhoneNumber}, t: {State})]", 0.0), operator: *, right: (1.0, 1.0), result: 0.0}
列 'p' 不存在，对列 State 不过滤，直接选择所有非无效值。
Block processing time: 0.018157 seconds
Computing Block 3 out of 45
Processing Block size=25
begin cleaner{left: ("[FunctionalDependency:(s: {HospitalName, HospitalOwner, PhoneNumber}, t: {State})]", 0.0), operator: *, right: (1.0, 1.0), result: 0.0}
列 'p' 不存在，对列 State 不过滤，直接选择所有非无效值。
Block processing time: 0.018191 seconds
Computing Block 4 out of 45
Processing Block size=17
begin cleaner{left: ("[FunctionalDependency:(s: {HospitalName, HospitalOwner, PhoneNumber}, t: {State})]", 0.0), operator: *, right: (1.0, 1.0), result: 0.0}
列 'p' 不存在，对列 State 不过滤，直接选择所有非无效值。
Block processing time: 0.01212 seconds
Computing Block 5 out of 45
Processing Block size=2
begin cleaner{left: ("[FunctionalDependency:(s: {HospitalName, HospitalOwner, PhoneNumber}, t: {State})]", 0.0), operator: *, right: (1.0, 1.0), result: 0.0}
列 'p' 不存在，对列 State 不过滤，直接选择所有非无效值。
Block processing time: 0.001559 seconds
Computing Block 6 out of 45
Processing Block size=13
begin cleaner{left: ("[FunctionalDependency:(s: {HospitalName, HospitalOwner, PhoneNumber}, t: {State})]", 0.0), operator: *, right: (1.0, 1.0), result: 0.0}
列 'p' 不存在，对列 State 不过滤，直接选择所有非无效值。
Block processing time: 0.00945 seconds
Computing Block 7 out of 45
Processing Block size=20
begin cleaner{left: ("[FunctionalDependency:(s: {HospitalName, HospitalOwner, PhoneNumber}, t: {State})]", 0.0), operator: *, right: (1.0, 1.0), result: 0.0}
列 'p' 不存在，对列 State 不过滤，直接选择所有非无效值。
Block processing time: 0.014086 seconds
Computing Block 8 out of 45
Processing Block size=25
begin cleaner{left: ("[FunctionalDependency:(s: {HospitalName, HospitalOwner, PhoneNumber}, t: {State})]", 0.0), operator: *, right: (1.0, 1.0), result: 0.0}
列 'p' 不存在，对列 State 不过滤，直接选择所有非无效值。
Block processing time: 0.018835 seconds
Computing Block 9 out of 45
Processing Block size=25
begin cleaner{left: ("[FunctionalDependency:(s: {HospitalName, HospitalOwner, PhoneNumber}, t: {State})]", 0.0), operator: *, right: (1.0, 1.0), result: 0.0}
列 'p' 不存在，对列 State 不过滤，直接选择所有非无效值。
Block processing time: 0.017859 seconds
Computing Block 10 out of 45
Processing Block size=25
begin cleaner{left: ("[FunctionalDependency:(s: {HospitalName, HospitalOwner, PhoneNumber}, t: {State})]", 0.0), operator: *, right: (1.0, 1.0), result: 0.0}
列 'p' 不存在，对列 State 不过滤，直接选择所有非无效值。
Block processing time: 0.017974 seconds
Computing Block 11 out of 45
Processing Block size=25
begin cleaner{left: ("[FunctionalDependency:(s: {HospitalName, HospitalOwner, PhoneNumber}, t: {State})]", 0.0), operator: *, right: (1.0, 1.0), result: 0.0}
列 'p' 不存在，对列 State 不过滤，直接选择所有非无效值。
Block processing time: 0.017643 seconds
Computing Block 13 out of 45
Processing Block size=18
begin cleaner{left: ("[FunctionalDependency:(s: {HospitalName, HospitalOwner, PhoneNumber}, t: {State})]", 0.0), operator: *, right: (1.0, 1.0), result: 0.0}
列 'p' 不存在，对列 State 不过滤，直接选择所有非无效值。
Block processing time: 0.012766 seconds
Computing Block 14 out of 45
Processing Block size=25
begin cleaner{left: ("[FunctionalDependency:(s: {HospitalName, HospitalOwner, PhoneNumber}, t: {State})]", 0.0), operator: *, right: (1.0, 1.0), result: 0.0}
列 'p' 不存在，对列 State 不过滤，直接选择所有非无效值。
Block processing time: 0.017692 seconds
Computing Block 15 out of 45
Processing Block size=28
begin cleaner{left: ("[FunctionalDependency:(s: {HospitalName, HospitalOwner, PhoneNumber}, t: {State})]", 0.0), operator: *, right: (1.0, 1.0), result: 0.0}
列 'p' 不存在，对列 State 不过滤，直接选择所有非无效值。
Block processing time: 0.019634 seconds
Computing Block 16 out of 45
Processing Block size=25
begin cleaner{left: ("[FunctionalDependency:(s: {HospitalName, HospitalOwner, PhoneNumber}, t: {State})]", 0.0), operator: *, right: (1.0, 1.0), result: 0.0}
列 'p' 不存在，对列 State 不过滤，直接选择所有非无效值。
Block processing time: 0.017705 seconds
Computing Block 17 out of 45
Processing Block size=2
begin cleaner{left: ("[FunctionalDependency:(s: {HospitalName, HospitalOwner, PhoneNumber}, t: {State})]", 0.0), operator: *, right: (1.0, 1.0), result: 0.0}
列 'p' 不存在，对列 State 不过滤，直接选择所有非无效值。
Block processing time: 0.001538 seconds
Computing Block 18 out of 45
Processing Block size=28
begin cleaner{left: ("[FunctionalDependency:(s: {HospitalName, HospitalOwner, PhoneNumber}, t: {State})]", 0.0), operator: *, right: (1.0, 1.0), result: 0.0}
列 'p' 不存在，对列 State 不过滤，直接选择所有非无效值。
Block processing time: 0.020188 seconds
Computing Block 19 out of 45
Processing Block size=25
begin cleaner{left: ("[FunctionalDependency:(s: {HospitalName, HospitalOwner, PhoneNumber}, t: {State})]", 0.0), operator: *, right: (1.0, 1.0), result: 0.0}
列 'p' 不存在，对列 State 不过滤，直接选择所有非无效值。
Block processing time: 0.017914 seconds
Computing Block 20 out of 45
Processing Block size=25
begin cleaner{left: ("[FunctionalDependency:(s: {HospitalName, HospitalOwner, PhoneNumber}, t: {State})]", 0.0), operator: *, right: (1.0, 1.0), result: 0.0}
列 'p' 不存在，对列 State 不过滤，直接选择所有非无效值。
Block processing time: 0.017952 seconds
Computing Block 21 out of 45
Processing Block size=25
begin cleaner{left: ("[FunctionalDependency:(s: {HospitalName, HospitalOwner, PhoneNumber}, t: {State})]", 0.0), operator: *, right: (1.0, 1.0), result: 0.0}
列 'p' 不存在，对列 State 不过滤，直接选择所有非无效值。
Block processing time: 0.017671 seconds
Computing Block 22 out of 45
Processing Block size=25
begin cleaner{left: ("[FunctionalDependency:(s: {HospitalName, HospitalOwner, PhoneNumber}, t: {State})]", 0.0), operator: *, right: (1.0, 1.0), result: 0.0}
列 'p' 不存在，对列 State 不过滤，直接选择所有非无效值。
Block processing time: 0.017557 seconds
Computing Block 23 out of 45
Processing Block size=25
begin cleaner{left: ("[FunctionalDependency:(s: {HospitalName, HospitalOwner, PhoneNumber}, t: {State})]", 0.0), operator: *, right: (1.0, 1.0), result: 0.0}
列 'p' 不存在，对列 State 不过滤，直接选择所有非无效值。
Block processing time: 0.017729 seconds
Computing Block 24 out of 45
Processing Block size=25
begin cleaner{left: ("[FunctionalDependency:(s: {HospitalName, HospitalOwner, PhoneNumber}, t: {State})]", 0.0), operator: *, right: (1.0, 1.0), result: 0.0}
列 'p' 不存在，对列 State 不过滤，直接选择所有非无效值。
Block processing time: 0.017795 seconds
Computing Block 25 out of 45
Processing Block size=5
begin cleaner{left: ("[FunctionalDependency:(s: {HospitalName, HospitalOwner, PhoneNumber}, t: {State})]", 0.0), operator: *, right: (1.0, 1.0), result: 0.0}
列 'p' 不存在，对列 State 不过滤，直接选择所有非无效值。
Block processing time: 0.003609 seconds
Computing Block 26 out of 45
Processing Block size=25
begin cleaner{left: ("[FunctionalDependency:(s: {HospitalName, HospitalOwner, PhoneNumber}, t: {State})]", 0.0), operator: *, right: (1.0, 1.0), result: 0.0}
列 'p' 不存在，对列 State 不过滤，直接选择所有非无效值。
Block processing time: 0.018077 seconds
Computing Block 27 out of 45
Processing Block size=25
begin cleaner{left: ("[FunctionalDependency:(s: {HospitalName, HospitalOwner, PhoneNumber}, t: {State})]", 0.0), operator: *, right: (1.0, 1.0), result: 0.0}
列 'p' 不存在，对列 State 不过滤，直接选择所有非无效值。
Block processing time: 0.01772 seconds
Computing Block 28 out of 45
Processing Block size=25
begin cleaner{left: ("[FunctionalDependency:(s: {HospitalName, HospitalOwner, PhoneNumber}, t: {State})]", 0.0), operator: *, right: (1.0, 1.0), result: 0.0}
列 'p' 不存在，对列 State 不过滤，直接选择所有非无效值。
Block processing time: 0.017536 seconds
Computing Block 29 out of 45
Processing Block size=25
begin cleaner{left: ("[FunctionalDependency:(s: {HospitalName, HospitalOwner, PhoneNumber}, t: {State})]", 0.0), operator: *, right: (1.0, 1.0), result: 0.0}
列 'p' 不存在，对列 State 不过滤，直接选择所有非无效值。
Block processing time: 0.017638 seconds
Computing Block 30 out of 45
Processing Block size=25
begin cleaner{left: ("[FunctionalDependency:(s: {HospitalName, HospitalOwner, PhoneNumber}, t: {State})]", 0.0), operator: *, right: (1.0, 1.0), result: 0.0}
列 'p' 不存在，对列 State 不过滤，直接选择所有非无效值。
Block processing time: 0.018257 seconds
Computing Block 31 out of 45
Processing Block size=25
begin cleaner{left: ("[FunctionalDependency:(s: {HospitalName, HospitalOwner, PhoneNumber}, t: {State})]", 0.0), operator: *, right: (1.0, 1.0), result: 0.0}
列 'p' 不存在，对列 State 不过滤，直接选择所有非无效值。
Block processing time: 0.017842 seconds
Computing Block 32 out of 45
Processing Block size=25
begin cleaner{left: ("[FunctionalDependency:(s: {HospitalName, HospitalOwner, PhoneNumber}, t: {State})]", 0.0), operator: *, right: (1.0, 1.0), result: 0.0}
列 'p' 不存在，对列 State 不过滤，直接选择所有非无效值。
Block processing time: 0.018049 seconds
Computing Block 33 out of 45
Processing Block size=25
begin cleaner{left: ("[FunctionalDependency:(s: {HospitalName, HospitalOwner, PhoneNumber}, t: {State})]", 0.0), operator: *, right: (1.0, 1.0), result: 0.0}
列 'p' 不存在，对列 State 不过滤，直接选择所有非无效值。
Block processing time: 0.017929 seconds
Computing Block 34 out of 45
Processing Block size=25
begin cleaner{left: ("[FunctionalDependency:(s: {HospitalName, HospitalOwner, PhoneNumber}, t: {State})]", 0.0), operator: *, right: (1.0, 1.0), result: 0.0}
列 'p' 不存在，对列 State 不过滤，直接选择所有非无效值。
Block processing time: 0.018046 seconds
Computing Block 35 out of 45
Processing Block size=25
begin cleaner{left: ("[FunctionalDependency:(s: {HospitalName, HospitalOwner, PhoneNumber}, t: {State})]", 0.0), operator: *, right: (1.0, 1.0), result: 0.0}
列 'p' 不存在，对列 State 不过滤，直接选择所有非无效值。
Block processing time: 0.017787 seconds
Computing Block 36 out of 45
Processing Block size=25
begin cleaner{left: ("[FunctionalDependency:(s: {HospitalName, HospitalOwner, PhoneNumber}, t: {State})]", 0.0), operator: *, right: (1.0, 1.0), result: 0.0}
列 'p' 不存在，对列 State 不过滤，直接选择所有非无效值。
Block processing time: 0.018114 seconds
Computing Block 37 out of 45
Processing Block size=25
begin cleaner{left: ("[FunctionalDependency:(s: {HospitalName, HospitalOwner, PhoneNumber}, t: {State})]", 0.0), operator: *, right: (1.0, 1.0), result: 0.0}
列 'p' 不存在，对列 State 不过滤，直接选择所有非无效值。
Block processing time: 0.017854 seconds
Computing Block 38 out of 45
Processing Block size=28
begin cleaner{left: ("[FunctionalDependency:(s: {HospitalName, HospitalOwner, PhoneNumber}, t: {State})]", 0.0), operator: *, right: (1.0, 1.0), result: 0.0}
列 'p' 不存在，对列 State 不过滤，直接选择所有非无效值。
Block processing time: 0.019911 seconds
Computing Block 39 out of 45
Processing Block size=25
begin cleaner{left: ("[FunctionalDependency:(s: {HospitalName, HospitalOwner, PhoneNumber}, t: {State})]", 0.0), operator: *, right: (1.0, 1.0), result: 0.0}
列 'p' 不存在，对列 State 不过滤，直接选择所有非无效值。
Block processing time: 0.018642 seconds
Computing Block 40 out of 45
Processing Block size=20
begin cleaner{left: ("[FunctionalDependency:(s: {HospitalName, HospitalOwner, PhoneNumber}, t: {State})]", 0.0), operator: *, right: (1.0, 1.0), result: 0.0}
列 'p' 不存在，对列 State 不过滤，直接选择所有非无效值。
Block processing time: 0.014241 seconds
Computing Block 41 out of 45
Processing Block size=18
begin cleaner{left: ("[FunctionalDependency:(s: {HospitalName, HospitalOwner, PhoneNumber}, t: {State})]", 0.0), operator: *, right: (1.0, 1.0), result: 0.0}
列 'p' 不存在，对列 State 不过滤，直接选择所有非无效值。
Block processing time: 0.012874 seconds
Computing Block 42 out of 45
Processing Block size=25
begin cleaner{left: ("[FunctionalDependency:(s: {HospitalName, HospitalOwner, PhoneNumber}, t: {State})]", 0.0), operator: *, right: (1.0, 1.0), result: 0.0}
列 'p' 不存在，对列 State 不过滤，直接选择所有非无效值。
Block processing time: 0.01774 seconds
Computing Block 43 out of 45
Processing Block size=25
begin cleaner{left: ("[FunctionalDependency:(s: {HospitalName, HospitalOwner, PhoneNumber}, t: {State})]", 0.0), operator: *, right: (1.0, 1.0), result: 0.0}
列 'p' 不存在，对列 State 不过滤，直接选择所有非无效值。
Block processing time: 0.017555 seconds
Computing Block 44 out of 45
Processing Block size=25
begin cleaner{left: ("[FunctionalDependency:(s: {HospitalName, HospitalOwner, PhoneNumber}, t: {State})]", 0.0), operator: *, right: (1.0, 1.0), result: 0.0}
列 'p' 不存在，对列 State 不过滤，直接选择所有非无效值。
Block processing time: 0.017667 seconds
Computing Block 45 out of 45
Processing Block size=25
begin cleaner{left: ("[FunctionalDependency:(s: {HospitalName, HospitalOwner, PhoneNumber}, t: {State})]", 0.0), operator: *, right: (1.0, 1.0), result: 0.0}
列 'p' 不存在，对列 State 不过滤，直接选择所有非无效值。
Block processing time: 0.018112 seconds
  当前节点: State 无清洗操作
  当前节点: CountyName 存在可用清洗信号
数据块大小: 1000
分块属性:
[['City']]
Starting initial block mapping...
Initial number of blocks: 39
Final number of blocks after further splitting: 39
Computing Block 1 out of 39
Processing Block size=2
begin cleaner[FunctionalDependency:(s: {'City'}, t: {'CountyName'})]*1.0
列 'p' 不存在，对列 CountyName 不过滤，直接选择所有非无效值。
Block processing time: 0.001697 seconds
Computing Block 2 out of 39
Processing Block size=25
begin cleaner{left: ("[FunctionalDependency:(s: {City}, t: {CountyName})]", 0.0), operator: *, right: (1.0, 1.0), result: 0.0}
列 'p' 不存在，对列 CountyName 不过滤，直接选择所有非无效值。
Block processing time: 0.017559 seconds
Computing Block 3 out of 39
Processing Block size=25
begin cleaner{left: ("[FunctionalDependency:(s: {City}, t: {CountyName})]", 0.0), operator: *, right: (1.0, 1.0), result: 0.0}
列 'p' 不存在，对列 CountyName 不过滤，直接选择所有非无效值。
Block processing time: 0.017144 seconds
Computing Block 4 out of 39
Processing Block size=13
begin cleaner{left: ("[FunctionalDependency:(s: {City}, t: {CountyName})]", 0.0), operator: *, right: (1.0, 1.0), result: 0.0}
列 'p' 不存在，对列 CountyName 不过滤，直接选择所有非无效值。
Block processing time: 0.008949 seconds
Computing Block 5 out of 39
Processing Block size=20
begin cleaner{left: ("[FunctionalDependency:(s: {City}, t: {CountyName})]", 0.0), operator: *, right: (1.0, 1.0), result: 0.0}
列 'p' 不存在，对列 CountyName 不过滤，直接选择所有非无效值。
Block processing time: 0.013758 seconds
Computing Block 6 out of 39
Processing Block size=25
begin cleaner{left: ("[FunctionalDependency:(s: {City}, t: {CountyName})]", 0.0), operator: *, right: (1.0, 1.0), result: 0.0}
列 'p' 不存在，对列 CountyName 不过滤，直接选择所有非无效值。
Block processing time: 0.017179 seconds
Computing Block 7 out of 39
Processing Block size=25
begin cleaner{left: ("[FunctionalDependency:(s: {City}, t: {CountyName})]", 0.0), operator: *, right: (1.0, 1.0), result: 0.0}
列 'p' 不存在，对列 CountyName 不过滤，直接选择所有非无效值。
Block processing time: 0.017048 seconds
Computing Block 9 out of 39
Processing Block size=18
begin cleaner{left: ("[FunctionalDependency:(s: {City}, t: {CountyName})]", 0.0), operator: *, right: (1.0, 1.0), result: 0.0}
列 'p' 不存在，对列 CountyName 不过滤，直接选择所有非无效值。
Block processing time: 0.012573 seconds
Computing Block 10 out of 39
Processing Block size=25
begin cleaner{left: ("[FunctionalDependency:(s: {City}, t: {CountyName})]", 0.0), operator: *, right: (1.0, 1.0), result: 0.0}
列 'p' 不存在，对列 CountyName 不过滤，直接选择所有非无效值。
Block processing time: 0.01718 seconds
Computing Block 11 out of 39
Processing Block size=28
begin cleaner{left: ("[FunctionalDependency:(s: {City}, t: {CountyName})]", 0.0), operator: *, right: (1.0, 1.0), result: 0.0}
列 'p' 不存在，对列 CountyName 不过滤，直接选择所有非无效值。
Block processing time: 0.019117 seconds
Computing Block 12 out of 39
Processing Block size=25
begin cleaner{left: ("[FunctionalDependency:(s: {City}, t: {CountyName})]", 0.0), operator: *, right: (1.0, 1.0), result: 0.0}
列 'p' 不存在，对列 CountyName 不过滤，直接选择所有非无效值。
Block processing time: 0.017057 seconds
Computing Block 13 out of 39
Processing Block size=28
begin cleaner{left: ("[FunctionalDependency:(s: {City}, t: {CountyName})]", 0.0), operator: *, right: (1.0, 1.0), result: 0.0}
列 'p' 不存在，对列 CountyName 不过滤，直接选择所有非无效值。
Block processing time: 0.019689 seconds
Computing Block 14 out of 39
Processing Block size=50
begin cleaner{left: ("[FunctionalDependency:(s: {City}, t: {CountyName})]", 0.0), operator: *, right: (1.0, 1.0), result: 0.0}
列 'p' 不存在，对列 CountyName 不过滤，直接选择所有非无效值。
Block processing time: 0.034455 seconds
Computing Block 15 out of 39
Processing Block size=2
begin cleaner{left: ("[FunctionalDependency:(s: {City}, t: {CountyName})]", 0.0), operator: *, right: (1.0, 1.0), result: 0.0}
列 'p' 不存在，对列 CountyName 不过滤，直接选择所有非无效值。
Block processing time: 0.001515 seconds
Computing Block 16 out of 39
Processing Block size=25
begin cleaner{left: ("[FunctionalDependency:(s: {City}, t: {CountyName})]", 0.0), operator: *, right: (1.0, 1.0), result: 0.0}
列 'p' 不存在，对列 CountyName 不过滤，直接选择所有非无效值。
Block processing time: 0.017046 seconds
Computing Block 17 out of 39
Processing Block size=53
begin cleaner{left: ("[FunctionalDependency:(s: {City}, t: {CountyName})]", 0.0), operator: *, right: (1.0, 1.0), result: 0.0}
列 'p' 不存在，对列 CountyName 不过滤，直接选择所有非无效值。
Block processing time: 0.036588 seconds
Computing Block 18 out of 39
Processing Block size=25
begin cleaner{left: ("[FunctionalDependency:(s: {City}, t: {CountyName})]", 0.0), operator: *, right: (1.0, 1.0), result: 0.0}
列 'p' 不存在，对列 CountyName 不过滤，直接选择所有非无效值。
Block processing time: 0.017171 seconds
Computing Block 19 out of 39
Processing Block size=25
begin cleaner{left: ("[FunctionalDependency:(s: {City}, t: {CountyName})]", 0.0), operator: *, right: (1.0, 1.0), result: 0.0}
列 'p' 不存在，对列 CountyName 不过滤，直接选择所有非无效值。
Block processing time: 0.017247 seconds
Computing Block 20 out of 39
Processing Block size=25
begin cleaner{left: ("[FunctionalDependency:(s: {City}, t: {CountyName})]", 0.0), operator: *, right: (1.0, 1.0), result: 0.0}
列 'p' 不存在，对列 CountyName 不过滤，直接选择所有非无效值。
Block processing time: 0.017202 seconds
Computing Block 21 out of 39
Processing Block size=25
begin cleaner{left: ("[FunctionalDependency:(s: {City}, t: {CountyName})]", 0.0), operator: *, right: (1.0, 1.0), result: 0.0}
列 'p' 不存在，对列 CountyName 不过滤，直接选择所有非无效值。
Block processing time: 0.017119 seconds
Computing Block 22 out of 39
Processing Block size=42
begin cleaner{left: ("[FunctionalDependency:(s: {City}, t: {CountyName})]", 0.0), operator: *, right: (1.0, 1.0), result: 0.0}
列 'p' 不存在，对列 CountyName 不过滤，直接选择所有非无效值。
Block processing time: 0.029608 seconds
Computing Block 23 out of 39
Processing Block size=25
begin cleaner{left: ("[FunctionalDependency:(s: {City}, t: {CountyName})]", 0.0), operator: *, right: (1.0, 1.0), result: 0.0}
列 'p' 不存在，对列 CountyName 不过滤，直接选择所有非无效值。
Block processing time: 0.017197 seconds
Computing Block 24 out of 39
Processing Block size=25
begin cleaner{left: ("[FunctionalDependency:(s: {City}, t: {CountyName})]", 0.0), operator: *, right: (1.0, 1.0), result: 0.0}
列 'p' 不存在，对列 CountyName 不过滤，直接选择所有非无效值。
Block processing time: 0.017094 seconds
Computing Block 25 out of 39
Processing Block size=25
begin cleaner{left: ("[FunctionalDependency:(s: {City}, t: {CountyName})]", 0.0), operator: *, right: (1.0, 1.0), result: 0.0}
列 'p' 不存在，对列 CountyName 不过滤，直接选择所有非无效值。
Block processing time: 0.01703 seconds
Computing Block 26 out of 39
Processing Block size=25
begin cleaner{left: ("[FunctionalDependency:(s: {City}, t: {CountyName})]", 0.0), operator: *, right: (1.0, 1.0), result: 0.0}
列 'p' 不存在，对列 CountyName 不过滤，直接选择所有非无效值。
Block processing time: 0.016975 seconds
Computing Block 27 out of 39
Processing Block size=25
begin cleaner{left: ("[FunctionalDependency:(s: {City}, t: {CountyName})]", 0.0), operator: *, right: (1.0, 1.0), result: 0.0}
列 'p' 不存在，对列 CountyName 不过滤，直接选择所有非无效值。
Block processing time: 0.01708 seconds
Computing Block 28 out of 39
Processing Block size=25
begin cleaner{left: ("[FunctionalDependency:(s: {City}, t: {CountyName})]", 0.0), operator: *, right: (1.0, 1.0), result: 0.0}
列 'p' 不存在，对列 CountyName 不过滤，直接选择所有非无效值。
Block processing time: 0.017318 seconds
Computing Block 29 out of 39
Processing Block size=25
begin cleaner{left: ("[FunctionalDependency:(s: {City}, t: {CountyName})]", 0.0), operator: *, right: (1.0, 1.0), result: 0.0}
列 'p' 不存在，对列 CountyName 不过滤，直接选择所有非无效值。
Block processing time: 0.017101 seconds
Computing Block 30 out of 39
Processing Block size=25
begin cleaner{left: ("[FunctionalDependency:(s: {City}, t: {CountyName})]", 0.0), operator: *, right: (1.0, 1.0), result: 0.0}
列 'p' 不存在，对列 CountyName 不过滤，直接选择所有非无效值。
Block processing time: 0.017153 seconds
Computing Block 31 out of 39
Processing Block size=25
begin cleaner{left: ("[FunctionalDependency:(s: {City}, t: {CountyName})]", 0.0), operator: *, right: (1.0, 1.0), result: 0.0}
列 'p' 不存在，对列 CountyName 不过滤，直接选择所有非无效值。
Block processing time: 0.017006 seconds
Computing Block 32 out of 39
Processing Block size=25
begin cleaner{left: ("[FunctionalDependency:(s: {City}, t: {CountyName})]", 0.0), operator: *, right: (1.0, 1.0), result: 0.0}
列 'p' 不存在，对列 CountyName 不过滤，直接选择所有非无效值。
Block processing time: 0.017148 seconds
Computing Block 33 out of 39
Processing Block size=25
begin cleaner{left: ("[FunctionalDependency:(s: {City}, t: {CountyName})]", 0.0), operator: *, right: (1.0, 1.0), result: 0.0}
列 'p' 不存在，对列 CountyName 不过滤，直接选择所有非无效值。
Block processing time: 0.017546 seconds
Computing Block 34 out of 39
Processing Block size=20
begin cleaner{left: ("[FunctionalDependency:(s: {City}, t: {CountyName})]", 0.0), operator: *, right: (1.0, 1.0), result: 0.0}
列 'p' 不存在，对列 CountyName 不过滤，直接选择所有非无效值。
Block processing time: 0.014036 seconds
Computing Block 35 out of 39
Processing Block size=18
begin cleaner{left: ("[FunctionalDependency:(s: {City}, t: {CountyName})]", 0.0), operator: *, right: (1.0, 1.0), result: 0.0}
列 'p' 不存在，对列 CountyName 不过滤，直接选择所有非无效值。
Block processing time: 0.012788 seconds
Computing Block 36 out of 39
Processing Block size=80
begin cleaner{left: ("[FunctionalDependency:(s: {City}, t: {CountyName})]", 0.0), operator: *, right: (1.0, 1.0), result: 0.0}
列 'p' 不存在，对列 CountyName 不过滤，直接选择所有非无效值。
Block processing time: 0.055029 seconds
Computing Block 37 out of 39
Processing Block size=25
begin cleaner{left: ("[FunctionalDependency:(s: {City}, t: {CountyName})]", 0.0), operator: *, right: (1.0, 1.0), result: 0.0}
列 'p' 不存在，对列 CountyName 不过滤，直接选择所有非无效值。
Block processing time: 0.017426 seconds
Computing Block 38 out of 39
Processing Block size=25
begin cleaner{left: ("[FunctionalDependency:(s: {City}, t: {CountyName})]", 0.0), operator: *, right: (1.0, 1.0), result: 0.0}
列 'p' 不存在，对列 CountyName 不过滤，直接选择所有非无效值。
Block processing time: 0.017296 seconds
Computing Block 39 out of 39
Processing Block size=25
begin cleaner{left: ("[FunctionalDependency:(s: {City}, t: {CountyName})]", 0.0), operator: *, right: (1.0, 1.0), result: 0.0}
列 'p' 不存在，对列 CountyName 不过滤，直接选择所有非无效值。
Block processing time: 0.017249 seconds
  当前节点: CountyName 无清洗操作
  当前节点: HospitalType 存在可用清洗信号
数据块大小: 1000
分块属性:
[['Condition', 'MeasureName']]
Starting initial block mapping...
Initial number of blocks: 29
Final number of blocks after further splitting: 29
Computing Block 1 out of 29
Processing Block size=41
begin cleaner[FunctionalDependency:(s: {'Condition', 'MeasureName'}, t: {'HospitalType'})]*1.0
列 'p' 不存在，对列 HospitalType 不过滤，直接选择所有非无效值。
Block processing time: 0.029546 seconds
Computing Block 2 out of 29
Processing Block size=39
begin cleaner{left: ("[FunctionalDependency:(s: {Condition, MeasureName}, t: {HospitalType})]", 0.0), operator: *, right: (1.0, 1.0), result: 0.0}
列 'p' 不存在，对列 HospitalType 不过滤，直接选择所有非无效值。
Block processing time: 0.027508 seconds
Computing Block 3 out of 29
Processing Block size=40
begin cleaner{left: ("[FunctionalDependency:(s: {Condition, MeasureName}, t: {HospitalType})]", 0.0), operator: *, right: (1.0, 1.0), result: 0.0}
列 'p' 不存在，对列 HospitalType 不过滤，直接选择所有非无效值。
Block processing time: 0.027909 seconds
Computing Block 4 out of 29
Processing Block size=41
begin cleaner{left: ("[FunctionalDependency:(s: {Condition, MeasureName}, t: {HospitalType})]", 0.0), operator: *, right: (1.0, 1.0), result: 0.0}
列 'p' 不存在，对列 HospitalType 不过滤，直接选择所有非无效值。
Block processing time: 0.028516 seconds
Computing Block 5 out of 29
Processing Block size=2
begin cleaner{left: ("[FunctionalDependency:(s: {Condition, MeasureName}, t: {HospitalType})]", 0.0), operator: *, right: (1.0, 1.0), result: 0.0}
列 'p' 不存在，对列 HospitalType 不过滤，直接选择所有非无效值。
Block processing time: 0.001507 seconds
Computing Block 6 out of 29
Processing Block size=40
begin cleaner{left: ("[FunctionalDependency:(s: {Condition, MeasureName}, t: {HospitalType})]", 0.0), operator: *, right: (1.0, 1.0), result: 0.0}
列 'p' 不存在，对列 HospitalType 不过滤，直接选择所有非无效值。
Block processing time: 0.02932 seconds
Computing Block 7 out of 29
Processing Block size=40
begin cleaner{left: ("[FunctionalDependency:(s: {Condition, MeasureName}, t: {HospitalType})]", 0.0), operator: *, right: (1.0, 1.0), result: 0.0}
列 'p' 不存在，对列 HospitalType 不过滤，直接选择所有非无效值。
Block processing time: 0.028003 seconds
Computing Block 8 out of 29
Processing Block size=37
begin cleaner{left: ("[FunctionalDependency:(s: {Condition, MeasureName}, t: {HospitalType})]", 0.0), operator: *, right: (1.0, 1.0), result: 0.0}
列 'p' 不存在，对列 HospitalType 不过滤，直接选择所有非无效值。
Block processing time: 0.026059 seconds
Computing Block 9 out of 29
Processing Block size=40
begin cleaner{left: ("[FunctionalDependency:(s: {Condition, MeasureName}, t: {HospitalType})]", 0.0), operator: *, right: (1.0, 1.0), result: 0.0}
列 'p' 不存在，对列 HospitalType 不过滤，直接选择所有非无效值。
Block processing time: 0.028307 seconds
Computing Block 10 out of 29
Processing Block size=41
begin cleaner{left: ("[FunctionalDependency:(s: {Condition, MeasureName}, t: {HospitalType})]", 0.0), operator: *, right: (1.0, 1.0), result: 0.0}
列 'p' 不存在，对列 HospitalType 不过滤，直接选择所有非无效值。
Block processing time: 0.028457 seconds
Computing Block 11 out of 29
Processing Block size=3
begin cleaner{left: ("[FunctionalDependency:(s: {Condition, MeasureName}, t: {HospitalType})]", 0.0), operator: *, right: (1.0, 1.0), result: 0.0}
列 'p' 不存在，对列 HospitalType 不过滤，直接选择所有非无效值。
Block processing time: 0.002222 seconds
Computing Block 12 out of 29
Processing Block size=38
begin cleaner{left: ("[FunctionalDependency:(s: {Condition, MeasureName}, t: {HospitalType})]", 0.0), operator: *, right: (1.0, 1.0), result: 0.0}
列 'p' 不存在，对列 HospitalType 不过滤，直接选择所有非无效值。
Block processing time: 0.026395 seconds
Computing Block 13 out of 29
Processing Block size=38
begin cleaner{left: ("[FunctionalDependency:(s: {Condition, MeasureName}, t: {HospitalType})]", 0.0), operator: *, right: (1.0, 1.0), result: 0.0}
列 'p' 不存在，对列 HospitalType 不过滤，直接选择所有非无效值。
Block processing time: 0.026764 seconds
Computing Block 14 out of 29
Processing Block size=37
begin cleaner{left: ("[FunctionalDependency:(s: {Condition, MeasureName}, t: {HospitalType})]", 0.0), operator: *, right: (1.0, 1.0), result: 0.0}
列 'p' 不存在，对列 HospitalType 不过滤，直接选择所有非无效值。
Block processing time: 0.026006 seconds
Computing Block 15 out of 29
Processing Block size=41
begin cleaner{left: ("[FunctionalDependency:(s: {Condition, MeasureName}, t: {HospitalType})]", 0.0), operator: *, right: (1.0, 1.0), result: 0.0}
列 'p' 不存在，对列 HospitalType 不过滤，直接选择所有非无效值。
Block processing time: 0.028386 seconds
Computing Block 17 out of 29
Processing Block size=3
begin cleaner{left: ("[FunctionalDependency:(s: {Condition, MeasureName}, t: {HospitalType})]", 0.0), operator: *, right: (1.0, 1.0), result: 0.0}
列 'p' 不存在，对列 HospitalType 不过滤，直接选择所有非无效值。
Block processing time: 0.002185 seconds
Computing Block 18 out of 29
Processing Block size=40
begin cleaner{left: ("[FunctionalDependency:(s: {Condition, MeasureName}, t: {HospitalType})]", 0.0), operator: *, right: (1.0, 1.0), result: 0.0}
列 'p' 不存在，对列 HospitalType 不过滤，直接选择所有非无效值。
Block processing time: 0.028108 seconds
Computing Block 19 out of 29
Processing Block size=39
begin cleaner{left: ("[FunctionalDependency:(s: {Condition, MeasureName}, t: {HospitalType})]", 0.0), operator: *, right: (1.0, 1.0), result: 0.0}
列 'p' 不存在，对列 HospitalType 不过滤，直接选择所有非无效值。
Block processing time: 0.027341 seconds
Computing Block 20 out of 29
Processing Block size=41
begin cleaner{left: ("[FunctionalDependency:(s: {Condition, MeasureName}, t: {HospitalType})]", 0.0), operator: *, right: (1.0, 1.0), result: 0.0}
列 'p' 不存在，对列 HospitalType 不过滤，直接选择所有非无效值。
Block processing time: 0.029032 seconds
Computing Block 21 out of 29
Processing Block size=40
begin cleaner{left: ("[FunctionalDependency:(s: {Condition, MeasureName}, t: {HospitalType})]", 0.0), operator: *, right: (1.0, 1.0), result: 0.0}
列 'p' 不存在，对列 HospitalType 不过滤，直接选择所有非无效值。
Block processing time: 0.027978 seconds
Computing Block 22 out of 29
Processing Block size=40
begin cleaner{left: ("[FunctionalDependency:(s: {Condition, MeasureName}, t: {HospitalType})]", 0.0), operator: *, right: (1.0, 1.0), result: 0.0}
列 'p' 不存在，对列 HospitalType 不过滤，直接选择所有非无效值。
Block processing time: 0.027972 seconds
Computing Block 23 out of 29
Processing Block size=39
begin cleaner{left: ("[FunctionalDependency:(s: {Condition, MeasureName}, t: {HospitalType})]", 0.0), operator: *, right: (1.0, 1.0), result: 0.0}
列 'p' 不存在，对列 HospitalType 不过滤，直接选择所有非无效值。
Block processing time: 0.027378 seconds
Computing Block 24 out of 29
Processing Block size=39
begin cleaner{left: ("[FunctionalDependency:(s: {Condition, MeasureName}, t: {HospitalType})]", 0.0), operator: *, right: (1.0, 1.0), result: 0.0}
列 'p' 不存在，对列 HospitalType 不过滤，直接选择所有非无效值。
Block processing time: 0.027444 seconds
Computing Block 25 out of 29
Processing Block size=41
begin cleaner{left: ("[FunctionalDependency:(s: {Condition, MeasureName}, t: {HospitalType})]", 0.0), operator: *, right: (1.0, 1.0), result: 0.0}
列 'p' 不存在，对列 HospitalType 不过滤，直接选择所有非无效值。
Block processing time: 0.028555 seconds
Computing Block 26 out of 29
Processing Block size=39
begin cleaner{left: ("[FunctionalDependency:(s: {Condition, MeasureName}, t: {HospitalType})]", 0.0), operator: *, right: (1.0, 1.0), result: 0.0}
列 'p' 不存在，对列 HospitalType 不过滤，直接选择所有非无效值。
Block processing time: 0.026962 seconds
Computing Block 27 out of 29
Processing Block size=40
begin cleaner{left: ("[FunctionalDependency:(s: {Condition, MeasureName}, t: {HospitalType})]", 0.0), operator: *, right: (1.0, 1.0), result: 0.0}
列 'p' 不存在，对列 HospitalType 不过滤，直接选择所有非无效值。
Block processing time: 0.028183 seconds
Computing Block 28 out of 29
Processing Block size=40
begin cleaner{left: ("[FunctionalDependency:(s: {Condition, MeasureName}, t: {HospitalType})]", 0.0), operator: *, right: (1.0, 1.0), result: 0.0}
列 'p' 不存在，对列 HospitalType 不过滤，直接选择所有非无效值。
Block processing time: 0.028259 seconds
Computing Block 29 out of 29
Processing Block size=40
begin cleaner{left: ("[FunctionalDependency:(s: {Condition, MeasureName}, t: {HospitalType})]", 0.0), operator: *, right: (1.0, 1.0), result: 0.0}
列 'p' 不存在，对列 HospitalType 不过滤，直接选择所有非无效值。
Block processing time: 0.028098 seconds
  当前节点: HospitalType 无清洗操作
['EmergencyService', 'State', 'CountyName', 'HospitalType']的清洗完成

本层累积的编辑规则数: 0
本层没有可以进行的清洗操作，进行下一层

清洗规则溯源分析:

处理第 1 层级, 包含节点: ['HospitalName,ProviderNumber', 'MeasureCode']

处理第 2 层级, 包含节点: ['ZipCode', 'PhoneNumber', 'Address1', 'HospitalOwner', 'City', 'MeasureName', 'Stateavg', 'Condition']

处理第 3 层级, 包含节点: ['EmergencyService', 'State', 'CountyName', 'HospitalType']

清洗流程展示:
关联图存储到: Uniclean_cleaned_data/original_error_cleaned_data/1_hospital_runtime/acplt.png
当前清洗总执行时间: 69.7360 秒
清洗结果已保存到: Uniclean_cleaned_data/original_error_cleaned_data/1_hospital_runtime/1_hospital_runtimeCleaned.csv
测评性能开始：
没有指定错误比例，仅进行原数据集的空值替换，不添加错误
已将注入错误的文件保存到: Uniclean_cleaned_data/original_error_cleaned_data/1_hospital_runtime/1_hospital_runtimeCleaned.csv
差异文件已保存到:
Uniclean_cleaned_data/original_error_cleaned_data/1_hospital_runtime/1_hospital_runtime_clean_vs_dirty.csv
Uniclean_cleaned_data/original_error_cleaned_data/1_hospital_runtime/1_hospital_runtime_dirty_vs_cleaned.csv
Uniclean_cleaned_data/original_error_cleaned_data/1_hospital_runtime/1_hospital_runtime_clean_vs_cleaned.csv
修复错误数据文件已保存到: Uniclean_cleaned_data/original_error_cleaned_data/1_hospital_runtime/1_hospital_runtime_repair_errors.csv
未修复但是应该修复数据文件已保存到: Uniclean_cleaned_data/original_error_cleaned_data/1_hospital_runtime/1_hospital_runtime_unrepaired.csv
修复准确率: 0.950561797752809, 修复召回率: 0.831041257367387, F1值: 0.8867924527804137
========================================
EDR 结果已保存到: Uniclean_cleaned_data/original_error_cleaned_data/1_hospital_runtime/1_hospital_runtime_edr_evaluation.txt
错误减少率 (EDR): 0.787819253438114
========================================
混合距离结果已保存到: Uniclean_cleaned_data/original_error_cleaned_data/1_hospital_runtime/1_hospital_runtime_hybrid_distance_evaluation.txt
混合距离 (Hybrid Distance): 0.05383480087373484
========================================
R-EDR 结果已保存到: Uniclean_cleaned_data/original_error_cleaned_data/1_hospital_runtime/1_hospital_runtime_record_based_edr_evaluation.txt
基于条目的错误减少率 (R-EDR): 0.7542997542997543
========================================
测试结果:
Accuracy: 0.950561797752809
Recall: 0.831041257367387
F1 Score: 0.8867924527804137
EDR: 0.787819253438114
Hybrid Distance: 0.05383480087373484
R-EDR: 0.7542997542997543
time(s): 69.736002167
speed: 6.9736002166999995 seconds/100num
测评结束，详细测评日志见：Uniclean_cleaned_data/original_error_cleaned_data/1_hospital_runtime
